season,gw,fpl_id,name,pos,team,price,proj_pts
2022-23,1,281,Alisson,GK,LIV,5.5,4.170292202
2022-23,1,307,Ederson,GK,MCI,5.5,3.841130765
2022-23,1,15,Ramsdale,GK,ARS,5.0,4.10332954
2022-23,1,31,E Martinez,GK,AVL,5.0,4.333821157
2022-23,1,147,E Mendy,GK,CHE,5.0,4.116576828
2022-23,1,425,Lloris,GK,TOT,5.5,4.365447465
2022-23,1,113,R Sanchez,GK,BHA,4.5,3.101979436
2022-23,1,238,Meslier,GK,LEE,4.5,4.13642467
2022-23,1,81,Raya,GK,BRE,4.5,3.353209003
2022-23,1,376,Pope,GK,NEW,5.0,4.115096931
2022-23,1,327,de Gea,GK,MUN,5.0,3.956990136
2022-23,1,182,Pickford,GK,EVE,4.5,3.192747891
2022-23,1,478,Sa,GK,WOL,5.0,2.87418497
2022-23,1,398,D Henderson,GK,NFO,4.5,3.123521509
2022-23,1,2,Leno,GK,FUL,4.5,1.413633338
2022-23,1,152,Guaita,GK,CRY,4.5,2.801984828
2022-23,1,455,Fabianski,GK,WHU,5.0,1.678341853
2022-23,1,401,McCarthy,GK,SOU,4.5,1.805023673
2022-23,1,254,D Ward,GK,LEI,4.0,2.226588593
2022-23,1,473,Areola,GK,WHU,4.5,0.680432557
2022-23,1,548,Iversen,GK,LEI,4.0,1.28682469
2022-23,1,175,Johnstone,GK,CRY,4.5,0.78694625
2022-23,1,72,Travers,GK,BOU,4.5,3.170157243
2022-23,1,355,Dubravka,GK,NEW,4.5,0.658754392
2022-23,1,422,Bazunu,GK,SOU,4.5,0.344059482
2022-23,1,492,Sarkic,GK,WOL,4.0,0.889784797
2022-23,1,324,Ortega,GK,MCI,4.0,0.126580621
2022-23,1,133,Kepa,GK,CHE,4.5,0.139244894
2022-23,1,24,Turner,GK,ARS,4.0,0.129375166
2022-23,1,497,Adrian,GK,LIV,4.0,0.368224689
2022-23,1,289,Kelleher,GK,LIV,4.0,0.0
2022-23,1,517,Strakosha,GK,BRE,4.5,0.098308252
2022-23,1,213,Rodak,GK,FUL,4.5,0.76721112
2022-23,1,426,Forster,GK,TOT,4.0,0.086284261
2022-23,1,35,Olsen,GK,AVL,4.0,0.078151299
2022-23,1,176,Begovic,GK,EVE,4.0,0.076611921
2022-23,1,348,Heaton,GK,MUN,4.0,0.077425746
2022-23,1,236,Klaesson,GK,LEE,4.0,0.075129661
2022-23,1,518,Hennessey,GK,NFO,4.0,0.062030959
2022-23,1,542,Scherpen,GK,BHA,4.0,0.029902805
2022-23,1,102,Steele,GK,BHA,4.0,0.0297357
2022-23,1,502,Carson,GK,MCI,4.0,0.00783251
2022-23,1,451,Austin,GK,TOT,4.0,0.008364073
2022-23,1,162,Butland,GK,CRY,4.5,0.007218766
2022-23,1,207,Gazzaniga,GK,FUL,4.0,0.004737354
2022-23,1,421,Lis,GK,SOU,4.0,0.004550336
2022-23,1,77,Dennis,GK,BOU,4.0,0.006885367
2022-23,1,353,Darlow,GK,NEW,4.0,0.000932676
2022-23,1,424,Caballero,GK,SOU,4.0,0.000413628
2022-23,1,557,Jackson Smith,GK,WOL,4.0,0.003603755
2022-23,1,285,Trent,DEF,LIV,7.5,5.818561855
2022-23,1,306,Cancelo,DEF,MCI,7.0,4.757312681
2022-23,1,284,Robertson,DEF,LIV,7.0,4.872153359
2022-23,1,276,Matip,DEF,LIV,6.0,4.595779875
2022-23,1,280,van Dijk,DEF,LIV,6.5,4.36550193
2022-23,1,312,Dias,DEF,MCI,6.0,3.892094776
2022-23,1,146,R James,DEF,CHE,6.0,4.510775856
2022-23,1,33,Digne,DEF,AVL,5.0,3.952523197
2022-23,1,520,Koulibaly,DEF,CHE,5.5,3.800309006
2022-23,1,128,T Silva,DEF,CHE,5.5,3.83884814
2022-23,1,16,Gabriel,DEF,ARS,5.0,3.5273041
2022-23,1,106,Dunk,DEF,BHA,4.5,2.797986623
2022-23,1,443,Romero,DEF,TOT,5.0,4.049703115
2022-23,1,139,Chilwell,DEF,CHE,6.0,1.71849435
2022-23,1,299,Walker,DEF,MCI,5.0,3.441068859
2022-23,1,43,Cash,DEF,AVL,5.0,3.667441771
2022-23,1,367,Targett,DEF,NEW,5.0,4.224767257
2022-23,1,457,Cresswell,DEF,WHU,5.0,2.651353706
2022-23,1,313,Zinchenko,DEF,ARS,5.0,3.395500113
2022-23,1,10,B White,DEF,ARS,4.5,3.437576095
2022-23,1,109,Veltman,DEF,BHA,4.5,2.560533742
2022-23,1,112,Cucurella,DEF,CHE,5.0,0.251398841
2022-23,1,377,Botman,DEF,NEW,4.5,3.958307537
2022-23,1,78,Jansson,DEF,BRE,4.5,2.778482031
2022-23,1,309,Laporte,DEF,MCI,6.0,0.573108626
2022-23,1,108,Webster,DEF,BHA,4.5,2.50701925
2022-23,1,50,Carlos,DEF,AVL,5.0,3.342470361
2022-23,1,165,Andersen,DEF,CRY,4.5,3.385838657
2022-23,1,429,Doherty,DEF,TOT,5.0,2.49341222
2022-23,1,448,Perisic,DEF,TOT,5.5,2.318652604
2022-23,1,430,Dier,DEF,TOT,5.0,3.640430296
2022-23,1,513,Lenglet,DEF,TOT,5.0,3.726801803
2022-23,1,308,Ake,DEF,MCI,5.0,3.662708342
2022-23,1,357,Trippier,DEF,NEW,5.0,3.75971931
2022-23,1,244,Kristensen,DEF,LEE,5.0,3.618394403
2022-23,1,526,Mee,DEF,BRE,4.5,2.497104578
2022-23,1,459,Dawson,DEF,WHU,5.0,2.145511508
2022-23,1,487,Ait-Nouri,DEF,WOL,4.5,3.033098659
2022-23,1,461,Zouma,DEF,WHU,4.5,2.255591904
2022-23,1,127,Azpilicueta,DEF,CHE,5.0,3.856350801
2022-23,1,167,Guehi,DEF,CRY,4.5,3.121052012
2022-23,1,14,Tomiyasu,DEF,ARS,4.5,1.548792786
2022-23,1,268,Justin,DEF,LEI,4.5,3.329146805
2022-23,1,258,Castagne,DEF,LEI,4.5,3.346585547
2022-23,1,249,Evans,DEF,LEI,4.5,3.321426343
2022-23,1,330,Maguire,DEF,MUN,5.0,3.034196791
2022-23,1,533,L Martinez,DEF,MUN,4.5,2.868290214
2022-23,1,44,Konsa,DEF,AVL,4.5,2.51298165
2022-23,1,228,Llorente,DEF,LEE,4.5,3.420942099
2022-23,1,523,Toffolo,DEF,NFO,4.5,2.642811787
2022-23,1,272,Fofana,DEF,LEI,4.5,3.354722875
2022-23,1,180,Keane,DEF,EVE,4.5,2.451031352
2022-23,1,209,Adarabioyo,DEF,FUL,4.5,2.105976099
2022-23,1,358,Burn,DEF,NEW,4.5,3.237246583
2022-23,1,409,Walker-Peters,DEF,SOU,4.5,1.923746975
2022-23,1,332,Shaw,DEF,MUN,5.0,2.380543174
2022-23,1,26,Saliba,DEF,ARS,4.5,2.141828511
2022-23,1,366,Schar,DEF,NEW,4.5,2.558723897
2022-23,1,463,Coufal,DEF,WHU,4.5,2.102031354
2022-23,1,8,Tierney,DEF,ARS,5.0,1.196430919
2022-23,1,170,Mitchell,DEF,CRY,4.5,2.813604638
2022-23,1,342,Dalot,DEF,MUN,4.5,2.562618104
2022-23,1,477,Jonny,DEF,WOL,4.5,2.822287945
2022-23,1,436,Sessegnon,DEF,TOT,4.5,3.820754667
2022-23,1,193,Godfrey,DEF,EVE,4.5,2.568075726
2022-23,1,516,Collins,DEF,WOL,4.5,2.145771824
2022-23,1,410,Bednarek,DEF,SOU,4.5,1.807417181
2022-23,1,199,Tarkowski,DEF,EVE,4.5,2.158078301
2022-23,1,432,Ben T Davies,DEF,TOT,5.0,0.950593689
2022-23,1,302,Stones,DEF,MCI,5.5,1.738602576
2022-23,1,217,Robinson,DEF,FUL,4.5,1.878463099
2022-23,1,73,Kelly,DEF,BOU,4.5,2.577985458
2022-23,1,295,N Williams,DEF,NFO,4.0,2.413936231
2022-23,1,92,Pinnock,DEF,BRE,4.5,0.0
2022-23,1,388,Worrall,DEF,NFO,4.5,2.467666865
2022-23,1,385,McKenna,DEF,NFO,4.5,2.46633099
2022-23,1,114,Lamptey,DEF,BHA,4.5,1.997557416
2022-23,1,141,T Chalobah,DEF,CHE,5.0,2.577214774
2022-23,1,235,Struijk,DEF,LEE,4.5,3.177863387
2022-23,1,157,Clyne,DEF,CRY,4.5,2.253282307
2022-23,1,474,Boly,DEF,WOL,4.5,1.664490965
2022-23,1,57,A Smith,DEF,BOU,4.5,3.022197083
2022-23,1,510,Hickey,DEF,BRE,5.0,2.062237186
2022-23,1,71,Mepham,DEF,BOU,4.5,2.979300931
2022-23,1,329,Varane,DEF,MUN,5.0,1.677799088
2022-23,1,482,Semedo,DEF,WOL,5.0,0.25613227
2022-23,1,532,Mbabu,DEF,FUL,4.5,1.102847898
2022-23,1,197,Patterson,DEF,EVE,4.0,2.523445861
2022-23,1,105,Duffy,DEF,FUL,4.5,0.567442145
2022-23,1,91,Sorensen,DEF,BRE,4.5,2.285504891
2022-23,1,484,Kilman,DEF,WOL,4.5,1.766519163
2022-23,1,194,Mykolenko,DEF,EVE,4.5,2.384691756
2022-23,1,76,Zemura,DEF,BOU,4.5,3.113404551
2022-23,1,39,Mings,DEF,AVL,4.5,1.253645932
2022-23,1,82,Canos,DEF,BRE,5.0,0.0
2022-23,1,201,Ream,DEF,FUL,4.5,1.718566684
2022-23,1,399,Biancone,DEF,NFO,4.5,2.014259902
2022-23,1,221,Cooper,DEF,LEE,4.5,1.244533359
2022-23,1,445,Emerson R,DEF,TOT,5.0,2.024834084
2022-23,1,504,Malacia,DEF,MUN,4.5,1.846821485
2022-23,1,341,Wan-Bissaka,DEF,MUN,4.5,1.366295654
2022-23,1,417,Perraud,DEF,SOU,4.5,1.505001933
2022-23,1,420,Salisu,DEF,SOU,4.5,1.442569813
2022-23,1,475,Coady,DEF,WOL,5.0,1.021671278
2022-23,1,267,Soyuncu,DEF,LEI,4.5,1.230765426
2022-23,1,379,S Cook,DEF,NFO,4.5,1.498917453
2022-23,1,270,Thomas,DEF,LEI,4.5,1.574857977
2022-23,1,286,Gomez,DEF,LIV,4.5,0.547666003
2022-23,1,59,Fredericks,DEF,BOU,4.5,0.516855148
2022-23,1,230,Koch,DEF,LEE,4.5,2.68911426
2022-23,1,85,Henry,DEF,BRE,4.5,2.108123781
2022-23,1,456,Ogbonna,DEF,WHU,4.5,0.0
2022-23,1,337,Lindelof,DEF,MUN,4.5,0.689820438
2022-23,1,292,Tsimikas,DEF,LIV,4.5,0.0
2022-23,1,156,J Ward,DEF,CRY,4.5,1.184326326
2022-23,1,257,Amartey,DEF,LEI,4.5,1.210885234
2022-23,1,471,Ben Johnson,DEF,WHU,4.5,1.30124543
2022-23,1,531,Vinagre,DEF,EVE,4.5,0.421671584
2022-23,1,215,Tete,DEF,FUL,4.5,1.661271839
2022-23,1,423,Bella-Kotchap,DEF,SOU,4.5,1.193306376
2022-23,1,84,Ajer,DEF,BRE,4.5,0.0
2022-23,1,32,Chambers,DEF,AVL,4.5,0.570495571
2022-23,1,239,Firpo,DEF,LEE,4.5,0.0
2022-23,1,290,Konate,DEF,LIV,5.0,0.0
2022-23,1,298,Ramsay,DEF,LIV,4.0,0.186363333
2022-23,1,507,Niakhate,DEF,NFO,4.5,0.579360321
2022-23,1,360,Lascelles,DEF,NEW,4.5,0.358395444
2022-23,1,438,Reguilon,DEF,TOT,4.5,0.325537937
2022-23,1,1,Cedric,DEF,ARS,4.5,0.850065607
2022-23,1,435,D Sanchez,DEF,TOT,4.5,0.189683079
2022-23,1,90,Roerslev,DEF,BRE,4.5,1.362993369
2022-23,1,65,Stacey,DEF,BOU,4.5,0.949977797
2022-23,1,539,Hill,DEF,BOU,4.5,0.301827686
2022-23,1,188,Mina,DEF,EVE,4.5,0.455199203
2022-23,1,372,Lewis,DEF,NEW,4.5,0.0
2022-23,1,501,N Phillips,DEF,LIV,4.0,0.08451392
2022-23,1,530,C Richards,DEF,CRY,4.5,0.145156078
2022-23,1,525,Augustinsson,DEF,AVL,4.5,0.079637473
2022-23,1,56,Guilbert,DEF,AVL,4.0,0.079221407
2022-23,1,96,Goode,DEF,BRE,4.0,0.28024262
2022-23,1,5,Holding,DEF,ARS,4.5,0.464027618
2022-23,1,362,Dummett,DEF,NEW,4.0,0.084527942
2022-23,1,253,Vestergaard,DEF,LEI,4.0,0.077532387
2022-23,1,20,Mari,DEF,ARS,4.5,0.038861606
2022-23,1,350,Ritchie,DEF,NEW,4.5,0.510386302
2022-23,1,192,Holgate,DEF,EVE,4.5,0.312816868
2022-23,1,208,Kongolo,DEF,FUL,4.0,0.045609297
2022-23,1,153,Tomkins,DEF,CRY,4.0,0.0622183
2022-23,1,151,Ampadu,DEF,CHE,4.5,0.222254571
2022-23,1,489,Toti,DEF,WOL,4.0,0.045825406
2022-23,1,243,Hjelde,DEF,LEE,4.0,0.262146548
2022-23,1,439,Tanganga,DEF,TOT,4.0,0.007688732
2022-23,1,339,Bailly,DEF,MUN,4.0,0.007158518
2022-23,1,351,Fernandez,DEF,NEW,4.5,0.0
2022-23,1,328,P Jones,DEF,MUN,4.0,0.00620244
2022-23,1,250,Bertrand,DEF,LEI,4.0,0.0
2022-23,1,256,R Pereira,DEF,LEI,4.5,0.0
2022-23,1,419,Livramento,DEF,SOU,4.5,0.0
2022-23,1,222,Ayling,DEF,LEE,4.5,0.0
2022-23,1,38,Hause,DEF,AVL,4.5,0.0
2022-23,1,511,O Richards,DEF,NFO,4.5,0.0
2022-23,1,472,Aguerd,DEF,WHU,5.0,0.0
2022-23,1,226,Dallas,DEF,LEE,5.0,0.0
2022-23,1,198,Nkounkou,DEF,EVE,4.0,0.050506507
2022-23,1,470,Diop,DEF,WHU,4.5,0.003956447
2022-23,1,322,Wilson-Esbrand,DEF,MCI,4.0,0.004177991
2022-23,1,320,Mbete,DEF,MCI,4.0,0.003990085
2022-23,1,500,van den Berg,DEF,LIV,4.0,0.004146454
2022-23,1,543,Clarke,DEF,BHA,4.0,0.003540879
2022-23,1,540,Stevens,DEF,BRE,4.0,0.003577868
2022-23,1,544,van Hecke,DEF,BHA,4.0,0.00339968
2022-23,1,386,Drager,DEF,NFO,4.0,0.003633739
2022-23,1,555,Ashby,DEF,WHU,4.0,0.003164041
2022-23,1,273,Brunt,DEF,LEI,4.0,0.003736814
2022-23,1,558,Bueno,DEF,WOL,4.0,0.208684441
2022-23,1,138,Kenedy,DEF,CHE,4.0,0.051082997
2022-23,1,522,Spence,DEF,TOT,4.5,0.053280658
2022-23,1,545,Emerson P,DEF,CHE,4.0,0.048403842
2022-23,1,393,Mbe Soh,DEF,NFO,4.5,0.041334735
2022-23,1,364,Krafth,DEF,NEW,4.5,0.109832281
2022-23,1,343,B Williams,DEF,MUN,4.0,0.104484363
2022-23,1,547,Drameh,DEF,LEE,4.0,0.107986285
2022-23,1,494,Mosquera,DEF,WOL,4.0,0.082953432
2022-23,1,392,Laryea,DEF,NFO,4.5,0.081799941
2022-23,1,363,Manquillo,DEF,NEW,4.5,0.0
2022-23,1,206,Bryan,DEF,FUL,4.5,0.400986818
2022-23,1,178,Coleman,DEF,EVE,4.5,0.0
2022-23,1,174,N Ferguson,DEF,CRY,4.0,0.7288263
2022-23,1,414,Valery,DEF,SOU,4.0,0.199061423
2022-23,1,404,Stephens,DEF,SOU,4.5,0.270609307
2022-23,1,538,Young,DEF,AVL,4.5,0.596298029
2022-23,1,413,Lyanco,DEF,SOU,4.5,0.665719831
2022-23,1,283,Salah,MID,LIV,13.0,6.701898146
2022-23,1,428,Son,MID,TOT,12.0,7.018674007
2022-23,1,301,De Bruyne,MID,MCI,12.0,4.575213348
2022-23,1,304,Sterling,MID,CHE,10.0,4.617352176
2022-23,1,333,Fernandes,MID,MUN,10.0,4.768850623
2022-23,1,261,Maddison,MID,LEI,8.0,5.205567881
2022-23,1,13,Saka,MID,ARS,8.0,4.002233402
2022-23,1,142,Mount,MID,CHE,8.0,4.22414513
2022-23,1,303,Mahrez,MID,MCI,8.0,4.070840103
2022-23,1,293,Diaz,MID,LIV,8.0,4.520738148
2022-23,1,465,Bowen,MID,WHU,8.5,3.485285543
2022-23,1,314,Foden,MID,MCI,8.0,2.940225564
2022-23,1,111,Trossard,MID,BHA,6.5,3.373303899
2022-23,1,340,Sancho,MID,MUN,7.5,4.033355396
2022-23,1,19,Martinelli,MID,ARS,6.0,3.930510775
2022-23,1,407,Ward-Prowse,MID,SOU,6.5,3.089715436
2022-23,1,160,Zaha,MID,CRY,7.0,3.821009587
2022-23,1,486,P Neto,MID,WOL,5.5,4.020049747
2022-23,1,7,Odegaard,MID,ARS,6.5,3.4496983
2022-23,1,311,B Silva,MID,MCI,7.0,3.370093647
2022-23,1,335,Rashford,MID,MUN,6.5,3.81377352
2022-23,1,368,Saint-Maximin,MID,NEW,6.5,4.066126016
2022-23,1,374,Guimaraes,MID,NEW,6.0,4.153345424
2022-23,1,468,Soucek,MID,WHU,5.5,2.881969093
2022-23,1,29,Coutinho,MID,AVL,7.0,3.539983775
2022-23,1,527,Lingard,MID,NFO,6.0,2.98003163
2022-23,1,225,Rodrigo,MID,LEE,6.0,4.040482037
2022-23,1,305,Grealish,MID,MCI,7.0,3.201811573
2022-23,1,493,Gibbs-White,MID,WOL,5.5,3.767732684
2022-23,1,446,Kulusevski,MID,TOT,8.0,4.625595045
2022-23,1,483,Podence,MID,WOL,5.5,3.550628518
2022-23,1,259,Tielemans,MID,LEI,6.5,3.541997655
2022-23,1,45,Bailey,MID,AVL,5.0,3.304859875
2022-23,1,37,McGinn,MID,AVL,5.5,3.250114105
2022-23,1,315,Rodri,MID,MCI,6.0,2.797035636
2022-23,1,116,Mac Allister,MID,BHA,5.5,1.848694609
2022-23,1,75,Anthony,MID,BOU,5.5,3.402096018
2022-23,1,195,Gordon,MID,EVE,5.5,2.99875732
2022-23,1,480,Neves,MID,WOL,5.5,2.986601569
2022-23,1,371,Joelinton,MID,NEW,6.0,3.543159544
2022-23,1,338,McTominay,MID,MUN,5.0,3.007652926
2022-23,1,79,Norgaard,MID,BRE,5.5,2.722053654
2022-23,1,331,Fred,MID,MUN,5.5,2.932449302
2022-23,1,169,Eze,MID,CRY,5.5,2.983871104
2022-23,1,6,Partey,MID,ARS,5.0,2.593257264
2022-23,1,282,Fabinho,MID,LIV,5.5,2.854382584
2022-23,1,69,Christie,MID,BOU,5.5,3.02085731
2022-23,1,233,Harrison,MID,LEE,6.0,3.668415059
2022-23,1,70,Billing,MID,BOU,5.5,2.997635815
2022-23,1,503,Moutinho,MID,WOL,5.0,2.835966763
2022-23,1,275,J Henderson,MID,LIV,5.5,2.936090267
2022-23,1,469,Fornals,MID,WHU,5.5,2.634624801
2022-23,1,264,Barnes,MID,LEI,7.0,0.0
2022-23,1,481,Hwang,MID,WOL,6.0,1.865437104
2022-23,1,120,Caicedo,MID,BHA,5.0,2.435945068
2022-23,1,185,A Doucoure,MID,EVE,5.5,2.649411861
2022-23,1,373,Willock,MID,NEW,5.0,3.208581329
2022-23,1,246,Aaronson,MID,LEE,5.5,2.916768864
2022-23,1,3,Xhaka,MID,ARS,5.0,2.547635225
2022-23,1,467,Rice,MID,WHU,5.0,2.397260343
2022-23,1,189,D Gray,MID,EVE,5.5,1.69509966
2022-23,1,433,Hojbjerg,MID,TOT,5.5,3.1043666
2022-23,1,47,Ramsey,MID,AVL,5.5,2.624069924
2022-23,1,205,Reid,MID,FUL,5.5,2.27557408
2022-23,1,479,Dendoncker,MID,WOL,5.0,2.709317457
2022-23,1,405,S Armstrong,MID,SOU,5.0,2.167232006
2022-23,1,346,A Pereira,MID,FUL,4.5,2.248864138
2022-23,1,161,Schlupp,MID,CRY,5.0,2.741847337
2022-23,1,266,Dewsbury-Hall,MID,LEI,5.0,2.789788704
2022-23,1,440,Bentancur,MID,TOT,5.5,2.904038539
2022-23,1,140,Pulisic,MID,CHE,6.0,2.087290174
2022-23,1,265,Ndidi,MID,LEI,5.0,2.655569926
2022-23,1,464,Benrahma,MID,WHU,6.0,2.602338888
2022-23,1,159,Ayew,MID,CRY,5.5,2.624262616
2022-23,1,300,Gundogan,MID,MCI,7.5,1.868749275
2022-23,1,406,Elyounoussi,MID,SOU,5.5,1.995675586
2022-23,1,86,Janelt,MID,BRE,5.5,2.520458662
2022-23,1,245,Roca,MID,LEE,5.0,2.644839471
2022-23,1,132,Kovacic,MID,CHE,5.0,2.351314226
2022-23,1,349,Shelvey,MID,NEW,5.0,0.996245818
2022-23,1,534,McNeil,MID,EVE,5.5,1.541697577
2022-23,1,277,Thiago,MID,LIV,5.5,2.613790858
2022-23,1,204,Kebano,MID,FUL,5.5,2.104938532
2022-23,1,104,Gross,MID,BHA,5.5,1.682811407
2022-23,1,508,Sinisterra,MID,LEE,6.5,0.0
2022-23,1,88,Jensen,MID,BRE,5.0,2.596480436
2022-23,1,220,Palhinha,MID,FUL,5.0,2.139933757
2022-23,1,134,Kante,MID,CHE,5.0,2.251551531
2022-23,1,186,Iwobi,MID,EVE,5.5,2.726760371
2022-23,1,64,Lerma,MID,BOU,5.0,2.488541438
2022-23,1,200,Cairney,MID,FUL,5.0,2.082690541
2022-23,1,53,Kamara,MID,AVL,5.0,2.312248855
2022-23,1,514,C Doucoure,MID,CRY,5.0,2.466168909
2022-23,1,212,H Wilson,MID,FUL,6.0,0.0
2022-23,1,460,Lanzini,MID,WHU,5.5,2.464509611
2022-23,1,359,Fraser,MID,NEW,5.5,2.335872107
2022-23,1,130,Jorginho,MID,CHE,6.0,1.85039786
2022-23,1,524,O'Brien,MID,NFO,5.0,1.99470828
2022-23,1,211,Reed,MID,FUL,4.5,2.0246261
2022-23,1,107,March,MID,BHA,5.0,1.717808124
2022-23,1,506,T Adams,MID,LEE,5.0,2.405694069
2022-23,1,89,Wissa,MID,BRE,5.5,2.25780347
2022-23,1,42,Buendia,MID,AVL,6.0,2.058966579
2022-23,1,536,Mangala,MID,NFO,5.0,1.837934458
2022-23,1,118,Mwepu,MID,BHA,5.5,1.768123105
2022-23,1,46,Douglas Luiz,MID,AVL,5.0,1.996423822
2022-23,1,67,L Cook,MID,BOU,5.0,2.271006926
2022-23,1,387,Yates,MID,NFO,5.0,0.0
2022-23,1,135,Ziyech,MID,CHE,6.0,1.290612115
2022-23,1,402,Romeu,MID,SOU,5.0,1.579481012
2022-23,1,344,Elanga,MID,MUN,5.0,2.419213738
2022-23,1,519,Eriksen,MID,MUN,6.5,1.89514845
2022-23,1,431,Lucas Moura,MID,TOT,6.0,2.807617889
2022-23,1,287,Keita,MID,LIV,5.0,1.273246024
2022-23,1,231,D James,MID,LEE,6.0,0.0
2022-23,1,403,Redmond,MID,SOU,5.5,1.622528953
2022-23,1,12,Smith Rowe,MID,ARS,6.0,0.0
2022-23,1,25,Vieira,MID,ARS,6.0,0.276110756
2022-23,1,171,Olise,MID,CRY,5.5,0.0
2022-23,1,181,Alli,MID,EVE,5.5,1.69595264
2022-23,1,444,Bissouma,MID,TOT,5.0,1.135001898
2022-23,1,154,McArthur,MID,CRY,5.0,0.0
2022-23,1,296,Carvalho,MID,LIV,5.5,1.064870493
2022-23,1,58,Stanislas,MID,BOU,5.0,0.0
2022-23,1,251,Albrighton,MID,LEI,5.0,1.228154953
2022-23,1,124,Mitoma,MID,BHA,5.0,0.299174309
2022-23,1,60,Brooks,MID,BOU,5.5,0.0
2022-23,1,549,Praet,MID,LEI,5.0,0.233194461
2022-23,1,190,T Davies,MID,EVE,5.0,2.144180924
2022-23,1,144,Hudson-Odoi,MID,CHE,5.5,0.733580436
2022-23,1,117,Moder,MID,BHA,4.5,0.0
2022-23,1,203,N Chalobah,MID,FUL,4.5,0.0
2022-23,1,490,Chiquinho,MID,WOL,5.0,0.0
2022-23,1,278,Chamberlain,MID,LIV,5.0,0.0
2022-23,1,179,Townsend,MID,EVE,5.5,0.0
2022-23,1,316,Palmer,MID,MCI,4.5,0.004395545
2022-23,1,546,Harris,MID,FUL,4.5,0.003768339
2022-23,1,552,Anderson,MID,NEW,4.5,0.004342115
2022-23,1,452,Devine,MID,TOT,4.5,0.004116922
2022-23,1,449,H White,MID,TOT,4.5,0.004099092
2022-23,1,553,Hammond,MID,NFO,4.5,0.003530114
2022-23,1,551,Iqbal,MID,MUN,4.5,0.003654452
2022-23,1,509,Downes,MID,WHU,4.5,0.003265111
2022-23,1,556,Coventry,MID,WHU,4.5,0.00324253
2022-23,1,148,Gallagher,MID,CHE,6.0,0.836511681
2022-23,1,27,Marquinhos,MID,ARS,5.0,0.047682875
2022-23,1,23,Nelson,MID,ARS,5.0,0.046499818
2022-23,1,554,Bryan Gil,MID,TOT,5.0,0.053857504
2022-23,1,347,Pellistri,MID,MUN,4.5,0.083784498
2022-23,1,49,Iroegbunam,MID,AVL,4.5,0.016790201
2022-23,1,4,Elneny,MID,ARS,4.5,0.09274133
2022-23,1,99,Bidstrup,MID,BRE,4.5,0.041509916
2022-23,1,119,Sarmiento,MID,BHA,4.5,0.039735591
2022-23,1,126,Kozlowski,MID,BHA,4.5,0.039215522
2022-23,1,202,Knockaert,MID,FUL,5.0,0.038459058
2022-23,1,240,Summerville,MID,LEE,4.5,0.292988874
2022-23,1,263,Choudhury,MID,LEI,4.5,0.042094543
2022-23,1,172,Rak-Sakyi,MID,CRY,4.5,0.040641398
2022-23,1,247,Gyabi,MID,LEE,4.5,0.040741426
2022-23,1,384,Lolley,MID,NFO,5.0,0.086480668
2022-23,1,36,Sanson,MID,AVL,4.5,0.093039582
2022-23,1,521,Francois,MID,FUL,4.5,0.035090691
2022-23,1,34,B Traore,MID,AVL,5.0,0.092472971
2022-23,1,260,Perez,MID,LEI,5.0,0.43534733
2022-23,1,51,El Ghazi,MID,AVL,5.0,0.091319805
2022-23,1,21,Maitland-Niles,MID,ARS,5.0,0.084730985
2022-23,1,187,Gbamin,MID,EVE,4.5,0.079513137
2022-23,1,48,Chukwuemeka,MID,CHE,4.5,0.080877934
2022-23,1,131,Barkley,MID,CHE,5.0,0.181819658
2022-23,1,294,Elliott,MID,LIV,5.0,1.064708273
2022-23,1,491,A Traore,MID,WOL,5.5,1.987916728
2022-23,1,370,S Longstaff,MID,NEW,4.5,1.323964073
2022-23,1,115,Alzate,MID,BHA,4.5,0.161808464
2022-23,1,512,Aribo,MID,SOU,5.5,1.393309844
2022-23,1,184,Gomes,MID,EVE,4.5,0.315088636
2022-23,1,369,Almiron,MID,NEW,5.0,1.442178208
2022-23,1,434,Winks,MID,TOT,4.5,0.420973798
2022-23,1,505,Rothwell,MID,BOU,5.0,0.0
2022-23,1,63,Marcondes,MID,BOU,5.0,0.391770642
2022-23,1,291,C Jones,MID,LIV,5.0,0.0
2022-23,1,87,Ghoddos,MID,BRE,5.0,0.251607197
2022-23,1,269,Soumare,MID,LEI,4.5,0.377596161
2022-23,1,9,Pepe,MID,ARS,5.5,1.128635206
2022-23,1,214,Cavaleiro,MID,FUL,5.0,0.602268594
2022-23,1,136,Loftus-Cheek,MID,CHE,5.0,0.561894572
2022-23,1,365,Murphy,MID,NEW,4.5,1.34616211
2022-23,1,400,Walcott,MID,SOU,5.0,0.0
2022-23,1,18,Lokonga,MID,ARS,4.5,0.237808359
2022-23,1,241,Bate,MID,LEE,4.5,0.35392212
2022-23,1,252,N Mendy,MID,LEI,4.5,0.354704963
2022-23,1,94,Baptiste,MID,BRE,4.5,0.319006106
2022-23,1,216,Onomah,MID,FUL,4.5,0.382945616
2022-23,1,395,Mighten,MID,NFO,5.0,0.220557901
2022-23,1,68,Pearson,MID,BOU,4.5,0.225945222
2022-23,1,378,Arter,MID,NFO,4.5,0.14556593
2022-23,1,158,Milivojevic,MID,CRY,4.5,1.033851667
2022-23,1,412,Tella,MID,SOU,5.0,0.0
2022-23,1,381,Colback,MID,NFO,4.5,1.864273024
2022-23,1,450,P Sarr,MID,TOT,4.5,0.233443102
2022-23,1,485,Cundle,MID,WOL,4.5,0.877508453
2022-23,1,74,Dembele,MID,BOU,3.0,0.76484658
2022-23,1,336,van de Beek,MID,MUN,5.5,1.015711716
2022-23,1,149,Gilmour,MID,CHE,4.5,0.405893039
2022-23,1,183,Allan,MID,EVE,5.0,1.824196752
2022-23,1,164,Riedewald,MID,CRY,4.5,0.408226884
2022-23,1,325,K Phillips,MID,MCI,5.0,0.995644025
2022-23,1,101,Lallana,MID,BHA,5.0,1.356213778
2022-23,1,223,Klich,MID,LEE,5.0,0.992196512
2022-23,1,83,Dasilva,MID,BRE,4.5,0.943184051
2022-23,1,173,Ebiowei,MID,CRY,4.5,0.496880622
2022-23,1,163,W Hughes,MID,CRY,5.0,0.978404909
2022-23,1,418,Djenepo,MID,SOU,5.0,1.035888802
2022-23,1,61,Lowe,MID,BOU,5.5,1.676050883
2022-23,1,41,Nakamba,MID,AVL,4.5,0.3888287
2022-23,1,93,Onyeka,MID,BRE,5.0,0.639982659
2022-23,1,383,Cafu,MID,NFO,4.5,1.498106165
2022-23,1,441,Skipp,MID,TOT,4.5,0.0
2022-23,1,321,Lavia,MID,SOU,4.5,1.00911827
2022-23,1,274,Milner,MID,LIV,4.5,0.984445004
2022-23,1,416,I Diallo,MID,SOU,4.5,0.842531282
2022-23,1,224,Forshaw,MID,LEE,4.5,0.0
2022-23,1,466,Vlasic,MID,WHU,5.0,0.518618284
2022-23,1,427,Kane,FWD,TOT,11.5,6.770913212
2022-23,1,318,Haaland,FWD,MCI,11.5,4.598989481
2022-23,1,28,Jesus,FWD,ARS,8.0,4.233552918
2022-23,1,227,Bamford,FWD,LEE,7.5,4.813076541
2022-23,1,80,Toney,FWD,BRE,7.0,3.867738584
2022-23,1,255,Vardy,FWD,LEI,9.5,4.405235868
2022-23,1,40,Watkins,FWD,AVL,7.5,4.047533002
2022-23,1,210,Mitrovic,FWD,FUL,6.5,3.276147441
2022-23,1,326,Ronaldo,FWD,MUN,10.5,4.585172807
2022-23,1,356,C Wilson,FWD,NEW,7.5,4.558914551
2022-23,1,297,Nunez,FWD,LIV,9.0,3.660592422
2022-23,1,66,Solanke,FWD,BOU,6.0,3.974416838
2022-23,1,145,Havertz,FWD,CHE,8.0,3.482543626
2022-23,1,397,Awoniyi,FWD,NFO,6.0,3.10879168
2022-23,1,411,C Adams,FWD,SOU,6.5,2.857948062
2022-23,1,394,Brennan Johnson,FWD,NFO,6.0,2.9362529
2022-23,1,103,Welbeck,FWD,BHA,6.5,2.88454704
2022-23,1,95,Mbeumo,FWD,BRE,6.0,2.958086234
2022-23,1,458,Antonio,FWD,WHU,7.5,3.023232378
2022-23,1,262,Iheanacho,FWD,LEI,6.5,3.230841055
2022-23,1,529,Scamacca,FWD,WHU,7.0,0.186244394
2022-23,1,30,Ings,FWD,AVL,7.0,2.828447681
2022-23,1,354,Wood,FWD,NEW,6.0,3.487195795
2022-23,1,279,Firmino,FWD,LIV,8.0,3.094274074
2022-23,1,123,Undav,FWD,BHA,5.5,2.54623865
2022-23,1,110,Maupay,FWD,BHA,6.5,2.423836546
2022-23,1,345,Martial,FWD,MUN,7.0,0.0
2022-23,1,177,Rondon,FWD,EVE,5.0,0.0
2022-23,1,408,A Armstrong,FWD,SOU,5.5,2.306432116
2022-23,1,166,Edouard,FWD,CRY,5.5,2.6674558
2022-23,1,168,Mateta,FWD,CRY,5.5,2.47157721
2022-23,1,454,Richarlison,FWD,TOT,8.5,0.0
2022-23,1,191,Calvert-Lewin,FWD,EVE,8.0,0.0
2022-23,1,271,Daka,FWD,LEI,6.0,2.386634823
2022-23,1,137,Werner,FWD,CHE,8.0,1.114220567
2022-23,1,11,Nketiah,FWD,ARS,7.0,1.950206703
2022-23,1,242,Gelhardt,FWD,LEE,5.5,2.437715806
2022-23,1,476,Jimenez,FWD,WOL,7.0,0.0
2022-23,1,288,Jota,FWD,LIV,9.0,0.0
2022-23,1,319,Alvarez,FWD,MCI,6.5,1.738891735
2022-23,1,125,Enciso,FWD,BHA,5.0,0.541874047
2022-23,1,150,Broja,FWD,CHE,5.5,0.093475853
2022-23,1,323,Delap,FWD,MCI,4.5,0.001935599
2022-23,1,515,Lewis-Potter,FWD,BRE,5.5,1.632431761
2022-23,1,528,Mara,FWD,SOU,5.5,0.003791586
2022-23,1,541,Dervisoglu,FWD,BRE,4.5,0.003839707
2022-23,1,219,Stansfield,FWD,FUL,4.5,0.003498084
2022-23,1,447,Scarlett,FWD,TOT,4.5,0.003569714
2022-23,1,550,A Diallo,FWD,MUN,4.5,0.091004552
2022-23,1,52,K Davis,FWD,AVL,5.5,0.0
2022-23,1,54,Archer,FWD,AVL,4.5,0.193945393
2022-23,1,218,Muniz,FWD,FUL,5.5,0.625703397
2022-23,1,155,Benteke,FWD,CRY,5.5,0.693660524
2022-23,1,496,Plange,FWD,CRY,4.5,0.254281885
2022-23,1,237,Greenwood,FWD,LEE,4.5,0.957325838
2022-23,1,62,Kieffer Moore,FWD,BOU,5.5,1.574700111
2022-23,1,391,Surridge,FWD,NFO,5.0,0.200962975
2022-23,1,380,Taylor,FWD,NFO,4.5,1.334225159
2022-23,10,376,Pope,GK,NEW,5.3,4.332445702
2022-23,10,31,E Martinez,GK,AVL,4.9,4.434865854
2022-23,10,425,Lloris,GK,TOT,5.5,3.732164696
2022-23,10,113,R Sanchez,GK,BHA,4.7,3.234665292
2022-23,10,152,Guaita,GK,CRY,4.5,3.814083368
2022-23,10,478,Sa,GK,WOL,5.0,2.899376609
2022-23,10,2,Leno,GK,FUL,4.5,3.115467082
2022-23,10,281,Alisson,GK,LIV,5.4,3.600890147
2022-23,10,327,de Gea,GK,MUN,4.9,3.74669762
2022-23,10,398,D Henderson,GK,NFO,4.7,3.726207569
2022-23,10,81,Raya,GK,BRE,4.5,3.531682222
2022-23,10,254,D Ward,GK,LEI,4.1,3.290265736
2022-23,10,238,Meslier,GK,LEE,4.5,3.718916657
2022-23,10,574,N Neto,GK,BOU,4.5,3.039887439
2022-23,10,455,Fabianski,GK,WHU,5.0,3.781576797
2022-23,10,133,Kepa,GK,CHE,4.4,3.17904965
2022-23,10,307,Ederson,GK,MCI,5.5,4.408315416
2022-23,10,182,Pickford,GK,EVE,4.5,3.300054197
2022-23,10,15,Ramsdale,GK,ARS,4.9,2.888014086
2022-23,10,147,E Mendy,GK,CHE,4.9,1.260365771
2022-23,10,422,Bazunu,GK,SOU,4.5,1.331060532
2022-23,10,548,Iversen,GK,LEI,3.9,0.598317387
2022-23,10,175,Johnstone,GK,CRY,4.4,0.381915609
2022-23,10,72,Travers,GK,BOU,4.4,0.374822964
2022-23,10,473,Areola,GK,WHU,4.4,0.335823415
2022-23,10,355,Dubravka,GK,MUN,4.2,0.329698887
2022-23,10,289,Kelleher,GK,LIV,4.0,0.091230206
2022-23,10,213,Rodak,GK,FUL,4.4,0.089441811
2022-23,10,426,Forster,GK,TOT,3.9,0.074154941
2022-23,10,626,Karius,GK,NEW,4.0,0.087887841
2022-23,10,35,Olsen,GK,AVL,4.0,0.079517128
2022-23,10,102,Steele,GK,BHA,4.0,0.063715364
2022-23,10,492,Sarkic,GK,WOL,4.0,0.056239566
2022-23,10,324,Ortega,GK,MCI,3.9,0.089655944
2022-23,10,24,Turner,GK,ARS,3.9,0.073750836
2022-23,10,517,Strakosha,GK,BRE,4.4,0.065592968
2022-23,10,401,McCarthy,GK,SOU,4.3,0.051760865
2022-23,10,518,Hennessey,GK,NFO,3.9,0.068975682
2022-23,10,348,Heaton,GK,MUN,4.0,0.007408111
2022-23,10,236,Klaesson,GK,LEE,4.0,0.065847531
2022-23,10,353,Darlow,GK,NEW,4.0,0.0
2022-23,10,176,Begovic,GK,EVE,4.0,0.059954265
2022-23,10,635,Bettinelli,GK,CHE,4.0,0.008944491
2022-23,10,162,Butland,GK,CRY,4.4,0.008270275
2022-23,10,451,Austin,GK,TOT,4.0,0.007237134
2022-23,10,581,Smithies,GK,LEI,4.0,0.007476939
2022-23,10,497,Adrian,GK,LIV,3.9,0.007071621
2022-23,10,502,Carson,GK,MCI,3.9,0.008811548
2022-23,10,571,Randolph,GK,WHU,4.0,0.007767681
2022-23,10,633,Cox,GK,BRE,4.0,0.006244991
2022-23,10,578,Robles,GK,LEE,4.0,0.006486018
2022-23,10,627,Jakupovic,GK,EVE,4.0,0.00574812
2022-23,10,424,Caballero,GK,SOU,4.0,0.000296753
2022-23,10,590,Whitworth,GK,CRY,4.0,0.003968513
2022-23,10,592,H Davies,GK,LIV,4.0,0.00379483
2022-23,10,557,Jackson Smith,GK,WOL,4.0,0.003383876
2022-23,10,285,Trent,DEF,LIV,7.3,4.380556956
2022-23,10,146,R James,DEF,CHE,6.1,5.213776271
2022-23,10,306,Cancelo,DEF,MCI,7.2,5.73813922
2022-23,10,128,T Silva,DEF,CHE,5.4,4.226318425
2022-23,10,520,Koulibaly,DEF,CHE,5.5,4.272224158
2022-23,10,165,Andersen,DEF,CRY,4.5,3.68765054
2022-23,10,357,Trippier,DEF,NEW,5.5,3.911322229
2022-23,10,268,Justin,DEF,LEI,4.3,3.544506305
2022-23,10,106,Dunk,DEF,BHA,4.6,3.142381128
2022-23,10,280,van Dijk,DEF,LIV,6.4,3.31791385
2022-23,10,112,Cucurella,DEF,CHE,5.1,3.232564247
2022-23,10,448,Perisic,DEF,TOT,5.6,3.27771152
2022-23,10,436,Sessegnon,DEF,TOT,4.5,3.237905744
2022-23,10,139,Chilwell,DEF,CHE,5.8,4.105196866
2022-23,10,249,Evans,DEF,LEI,4.4,3.383237112
2022-23,10,167,Guehi,DEF,CRY,4.3,3.54697845
2022-23,10,258,Castagne,DEF,LEI,4.4,3.237039092
2022-23,10,108,Webster,DEF,BHA,4.5,2.888922295
2022-23,10,43,Cash,DEF,AVL,4.6,3.481516005
2022-23,10,443,Romero,DEF,TOT,4.9,3.153117428
2022-23,10,366,Schar,DEF,NEW,4.7,3.532425345
2022-23,10,430,Dier,DEF,TOT,5.1,3.073306103
2022-23,10,109,Veltman,DEF,BHA,4.6,2.812563678
2022-23,10,367,Targett,DEF,NEW,4.9,3.354741624
2022-23,10,377,Botman,DEF,NEW,4.4,3.224971101
2022-23,10,276,Matip,DEF,LIV,5.9,2.351307559
2022-23,10,612,Faes,DEF,LEI,4.5,3.0021284
2022-23,10,39,Mings,DEF,AVL,4.3,3.339091067
2022-23,10,342,Dalot,DEF,MUN,4.5,3.387688444
2022-23,10,533,L Martinez,DEF,MUN,4.5,3.233142522
2022-23,10,484,Kilman,DEF,WOL,4.5,2.341401319
2022-23,10,209,Adarabioyo,DEF,FUL,4.5,2.349596894
2022-23,10,44,Konsa,DEF,AVL,4.4,3.280575231
2022-23,10,156,J Ward,DEF,CRY,4.5,3.152931741
2022-23,10,477,Jonny,DEF,WOL,4.4,2.243267562
2022-23,10,312,Dias,DEF,MCI,5.9,4.047752872
2022-23,10,170,Mitchell,DEF,CRY,4.5,3.108571425
2022-23,10,284,Robertson,DEF,LIV,6.7,0.951099604
2022-23,10,85,Henry,DEF,BRE,4.5,2.771331496
2022-23,10,457,Cresswell,DEF,WHU,4.8,3.193999106
2022-23,10,538,Young,DEF,AVL,4.4,3.208064328
2022-23,10,461,Zouma,DEF,WHU,4.5,3.601532951
2022-23,10,487,Ait-Nouri,DEF,WOL,4.3,2.238912192
2022-23,10,329,Varane,DEF,MUN,4.8,2.056851972
2022-23,10,16,Gabriel,DEF,ARS,5.1,2.910318275
2022-23,10,602,Lodi,DEF,NFO,4.5,3.134607946
2022-23,10,576,Senesi,DEF,BOU,4.5,2.853041749
2022-23,10,587,S Gomez,DEF,MCI,4.5,3.411722339
2022-23,10,586,Estupinan,DEF,BHA,4.5,2.644442523
2022-23,10,92,Pinnock,DEF,BRE,4.4,1.78794129
2022-23,10,526,Mee,DEF,BRE,4.5,2.537610525
2022-23,10,504,Malacia,DEF,MUN,4.5,2.694618259
2022-23,10,309,Laporte,DEF,MCI,5.8,2.906614144
2022-23,10,71,Mepham,DEF,BOU,4.4,2.691134578
2022-23,10,482,Semedo,DEF,WOL,5.0,2.137238647
2022-23,10,201,Ream,DEF,FUL,4.5,2.039220898
2022-23,10,295,N Williams,DEF,NFO,4.1,2.885311199
2022-23,10,313,Zinchenko,DEF,ARS,5.1,2.632689188
2022-23,10,308,Ake,DEF,MCI,5.0,3.064459081
2022-23,10,84,Ajer,DEF,BRE,4.5,2.406616403
2022-23,10,588,Kehrer,DEF,WHU,4.5,3.265613117
2022-23,10,429,Doherty,DEF,TOT,4.6,1.753955271
2022-23,10,57,A Smith,DEF,BOU,4.4,2.662741129
2022-23,10,26,Saliba,DEF,ARS,5.0,2.617321256
2022-23,10,459,Dawson,DEF,WHU,4.8,2.695886307
2022-23,10,432,Ben T Davies,DEF,TOT,4.9,1.676187515
2022-23,10,292,Tsimikas,DEF,LIV,4.5,2.845478716
2022-23,10,332,Shaw,DEF,MUN,4.7,1.703414062
2022-23,10,513,Lenglet,DEF,TOT,4.8,1.640657975
2022-23,10,388,Worrall,DEF,NFO,4.3,2.64556583
2022-23,10,76,Zemura,DEF,BOU,4.4,2.546318347
2022-23,10,358,Burn,DEF,NEW,4.5,2.253547614
2022-23,10,463,Coufal,DEF,WHU,4.4,2.49894435
2022-23,10,199,Tarkowski,DEF,EVE,4.4,2.852745841
2022-23,10,409,Walker-Peters,DEF,SOU,4.5,1.25354468
2022-23,10,385,McKenna,DEF,NFO,4.4,2.769669574
2022-23,10,244,Kristensen,DEF,LEE,4.8,2.652805561
2022-23,10,510,Hickey,DEF,BRE,5.0,2.302129256
2022-23,10,475,Coady,DEF,EVE,4.9,2.715022656
2022-23,10,10,B White,DEF,ARS,4.5,2.335926104
2022-23,10,153,Tomkins,DEF,CRY,3.9,2.278753554
2022-23,10,228,Llorente,DEF,LEE,4.5,2.572072957
2022-23,10,217,Robinson,DEF,FUL,4.4,1.110466083
2022-23,10,194,Mykolenko,DEF,EVE,4.5,2.632582712
2022-23,10,180,Keane,DEF,EVE,4.2,2.210994568
2022-23,10,290,Konate,DEF,LIV,4.8,0.972798802
2022-23,10,532,Mbabu,DEF,FUL,4.4,1.941632331
2022-23,10,516,Collins,DEF,WOL,4.5,0.0
2022-23,10,270,Thomas,DEF,LEI,4.3,0.957510136
2022-23,10,215,Tete,DEF,FUL,4.5,1.382021088
2022-23,10,127,Azpilicueta,DEF,CHE,4.8,1.91557744
2022-23,10,239,Firpo,DEF,LEE,4.5,2.180335007
2022-23,10,302,Stones,DEF,MCI,5.4,1.069494433
2022-23,10,435,D Sanchez,DEF,TOT,4.4,0.789305369
2022-23,10,474,Boly,DEF,NFO,4.2,1.360047194
2022-23,10,489,Toti,DEF,WOL,3.9,1.173352745
2022-23,10,337,Lindelof,DEF,MUN,4.3,1.114712966
2022-23,10,623,Caleta-Car,DEF,SOU,4.5,0.97604282
2022-23,10,157,Clyne,DEF,CRY,4.5,0.395549719
2022-23,10,178,Coleman,DEF,EVE,4.5,2.16669309
2022-23,10,73,Kelly,DEF,BOU,4.4,0.0
2022-23,10,610,Akanji,DEF,MCI,5.0,1.028518286
2022-23,10,613,Kurzawa,DEF,FUL,4.5,0.25621726
2022-23,10,235,Struijk,DEF,LEE,4.5,2.174922856
2022-23,10,141,T Chalobah,DEF,CHE,4.7,0.660261389
2022-23,10,82,Canos,DEF,BRE,5.0,1.570549335
2022-23,10,286,J Gomez,DEF,LIV,4.5,0.593469427
2022-23,10,410,Bednarek,DEF,AVL,4.3,0.834689295
2022-23,10,330,Maguire,DEF,MUN,4.7,0.0
2022-23,10,417,Perraud,DEF,SOU,4.5,1.082174902
2022-23,10,32,C Chambers,DEF,AVL,4.3,0.470856372
2022-23,10,621,Bade,DEF,NFO,4.5,1.170048956
2022-23,10,341,Wan-Bissaka,DEF,MUN,4.3,0.0
2022-23,10,545,Emerson P,DEF,WHU,4.0,1.163250267
2022-23,10,59,Fredericks,DEF,BOU,4.4,1.330583772
2022-23,10,523,Toffolo,DEF,NFO,4.4,0.551650755
2022-23,10,423,Bella-Kotchap,DEF,SOU,4.5,0.839686995
2022-23,10,257,Amartey,DEF,LEI,4.3,0.27957251
2022-23,10,192,Holgate,DEF,EVE,4.4,0.37196974
2022-23,10,470,Diop,DEF,FUL,4.3,0.907700153
2022-23,10,267,Soyuncu,DEF,LEI,4.2,0.157213811
2022-23,10,360,Lascelles,DEF,NEW,4.3,0.35728083
2022-23,10,105,Duffy,DEF,FUL,4.4,0.728484414
2022-23,10,628,Aurier,DEF,NFO,4.5,0.832657646
2022-23,10,33,Digne,DEF,AVL,4.7,0.0
2022-23,10,221,Cooper,DEF,LEE,4.4,0.486273091
2022-23,10,78,Jansson,DEF,BRE,4.4,0.0
2022-23,10,379,S Cook,DEF,NFO,4.4,0.477315543
2022-23,10,494,Mosquera,DEF,WOL,3.9,0.334394072
2022-23,10,501,N Phillips,DEF,LIV,4.0,0.033380267
2022-23,10,253,Vestergaard,DEF,LEI,3.9,0.033924408
2022-23,10,65,Stacey,DEF,BOU,4.3,0.476761993
2022-23,10,539,Hill,DEF,BOU,4.4,0.030357579
2022-23,10,420,Salisu,DEF,SOU,4.4,0.483066605
2022-23,10,544,van Hecke,DEF,BHA,4.0,0.023897993
2022-23,10,445,Emerson R,DEF,TOT,5.0,0.0
2022-23,10,272,Fofana,DEF,CHE,4.4,0.0
2022-23,10,299,Walker,DEF,MCI,5.0,0.0
2022-23,10,525,Augustinsson,DEF,AVL,4.3,0.0
2022-23,10,298,Ramsay,DEF,LIV,3.9,0.0
2022-23,10,250,Bertrand,DEF,LEI,4.0,0.0
2022-23,10,193,Godfrey,DEF,EVE,4.3,0.0
2022-23,10,419,Livramento,DEF,SOU,4.4,0.0
2022-23,10,511,O Richards,DEF,NFO,4.4,0.0
2022-23,10,50,Carlos,DEF,AVL,4.8,0.0
2022-23,10,472,Aguerd,DEF,WHU,4.8,0.0
2022-23,10,226,Dallas,DEF,LEE,4.9,0.0
2022-23,10,230,Koch,DEF,LEE,4.5,1.553651316
2022-23,10,322,Wilson-Esbrand,DEF,MCI,3.9,0.0045491
2022-23,10,573,R Lewis,DEF,MCI,3.9,0.004559671
2022-23,10,393,Mbe Soh,DEF,NFO,4.3,0.004600726
2022-23,10,362,Dummett,DEF,NEW,3.9,0.004330995
2022-23,10,243,Hjelde,DEF,LEE,3.9,0.0
2022-23,10,563,L Chambers,DEF,LIV,4.0,0.003801044
2022-23,10,636,Parkes,DEF,FUL,4.0,0.003472348
2022-23,10,439,Tanganga,DEF,TOT,3.9,0.003767133
2022-23,10,598,Bevan,DEF,BOU,4.0,0.003804494
2022-23,10,386,Drager,DEF,NFO,4.0,0.003968858
2022-23,10,540,Stevens,DEF,BRE,4.0,0.003656095
2022-23,10,273,Brunt,DEF,LEI,3.9,0.003711701
2022-23,10,555,Ashby,DEF,WHU,4.0,0.004085145
2022-23,10,96,Goode,DEF,BRE,3.9,0.003512813
2022-23,10,638,Bogarde,DEF,AVL,4.0,0.003727848
2022-23,10,605,Welch,DEF,EVE,4.0,0.003396696
2022-23,10,637,John,DEF,EVE,4.0,0.003347183
2022-23,10,595,Zanka,DEF,BRE,4.0,0.022823924
2022-23,10,507,Niakhate,DEF,NFO,4.3,0.162914453
2022-23,10,558,Bueno,DEF,WOL,4.0,0.036640153
2022-23,10,343,B Williams,DEF,MUN,3.9,0.019351951
2022-23,10,363,Manquillo,DEF,NEW,4.3,0.043258299
2022-23,10,350,Ritchie,DEF,NEW,4.3,0.098880954
2022-23,10,631,Sousa,DEF,ARS,4.0,0.032319822
2022-23,10,404,Stephens,DEF,BOU,4.3,0.405591807
2022-23,10,1,Cedric,DEF,ARS,4.2,0.075770493
2022-23,10,547,Drameh,DEF,LEE,4.0,0.089454818
2022-23,10,197,Patterson,DEF,EVE,4.1,0.0
2022-23,10,56,Guilbert,DEF,AVL,3.9,0.412528188
2022-23,10,559,Colwill,DEF,BHA,4.4,0.643403394
2022-23,10,90,Roerslev,DEF,BRE,4.3,0.269068189
2022-23,10,522,Spence,DEF,TOT,4.2,0.16990929
2022-23,10,114,Lamptey,DEF,BHA,4.3,1.412379128
2022-23,10,530,C Richards,DEF,CRY,4.4,0.092019676
2022-23,10,372,J Lewis,DEF,NEW,4.4,0.175047956
2022-23,10,222,Ayling,DEF,LEE,4.5,0.287549157
2022-23,10,188,Mina,DEF,EVE,4.3,0.295970579
2022-23,10,174,N Ferguson,DEF,CRY,3.9,0.071598519
2022-23,10,399,Biancone,DEF,NFO,4.3,0.617710043
2022-23,10,471,Ben Johnson,DEF,WHU,4.4,0.428118719
2022-23,10,5,Holding,DEF,ARS,4.2,0.265412825
2022-23,10,413,Lyanco,DEF,SOU,4.4,0.154805538
2022-23,10,622,Larios,DEF,SOU,4.0,0.182589653
2022-23,10,531,Vinagre,DEF,EVE,4.3,0.647666176
2022-23,10,456,Ogbonna,DEF,WHU,4.4,0.623907134
2022-23,10,8,Tierney,DEF,ARS,4.8,1.184722862
2022-23,10,14,Tomiyasu,DEF,ARS,4.2,1.354030568
2022-23,10,283,Salah,MID,LIV,12.8,5.036317831
2022-23,10,428,Son,MID,TOT,11.7,4.699506265
2022-23,10,261,Maddison,MID,LEI,8.1,5.032180685
2022-23,10,333,Fernandes,MID,MUN,9.8,4.989527796
2022-23,10,304,Sterling,MID,CHE,10.0,5.272125003
2022-23,10,465,Bowen,MID,WHU,8.1,5.64142871
2022-23,10,160,Zaha,MID,CRY,7.3,4.955586212
2022-23,10,264,Barnes,MID,LEI,6.9,4.209755711
2022-23,10,301,De Bruyne,MID,MCI,12.4,6.35549329
2022-23,10,111,Trossard,MID,BHA,6.7,3.826832503
2022-23,10,142,Mount,MID,CHE,7.6,4.094761301
2022-23,10,374,Guimaraes,MID,NEW,5.6,4.020932177
2022-23,10,116,Mac Allister,MID,BHA,5.7,3.496531273
2022-23,10,603,Paqueta,MID,WHU,6.0,4.305607515
2022-23,10,314,Foden,MID,MCI,8.1,5.185667595
2022-23,10,407,Ward-Prowse,MID,SOU,6.4,2.758312165
2022-23,10,104,Gross,MID,BHA,5.9,3.238931179
2022-23,10,19,Martinelli,MID,ARS,6.6,3.619455634
2022-23,10,13,Saka,MID,ARS,7.8,3.638502872
2022-23,10,468,Soucek,MID,WHU,5.4,4.117375192
2022-23,10,259,Tielemans,MID,LEI,6.3,3.509772462
2022-23,10,169,Eze,MID,CRY,5.5,3.838234057
2022-23,10,340,Sancho,MID,MUN,7.3,3.517781081
2022-23,10,293,Diaz,MID,LIV,8.1,3.264104867
2022-23,10,371,Joelinton,MID,NEW,6.0,3.612039313
2022-23,10,368,Saint-Maximin,MID,NEW,6.4,2.270664451
2022-23,10,300,Gundogan,MID,MCI,7.5,4.570633386
2022-23,10,161,Schlupp,MID,CRY,4.9,3.555557911
2022-23,10,335,Rashford,MID,MUN,6.5,3.221414351
2022-23,10,311,B Silva,MID,MCI,7.0,4.471760843
2022-23,10,373,Willock,MID,NEW,4.9,3.581241856
2022-23,10,535,Tavernier,MID,BOU,4.9,3.208096029
2022-23,10,7,Odegaard,MID,ARS,6.5,3.163899889
2022-23,10,266,Dewsbury-Hall,MID,LEI,5.0,3.120370263
2022-23,10,233,Harrison,MID,LEE,6.1,3.244722043
2022-23,10,225,Rodrigo,MID,LEE,6.3,3.36582162
2022-23,10,483,Podence,MID,WOL,5.5,2.752029136
2022-23,10,469,Fornals,MID,WHU,5.3,3.674812691
2022-23,10,205,Reid,MID,FUL,5.5,2.852842887
2022-23,10,29,Coutinho,MID,AVL,6.7,3.386358857
2022-23,10,120,Caicedo,MID,BHA,5.0,2.777099274
2022-23,10,107,March,MID,BHA,5.0,2.79652815
2022-23,10,47,Ramsey,MID,AVL,5.2,3.176237646
2022-23,10,493,Gibbs-White,MID,NFO,5.5,3.102149738
2022-23,10,37,McGinn,MID,AVL,5.2,3.110482367
2022-23,10,346,A Pereira,MID,FUL,4.6,2.583656717
2022-23,10,514,C Doucoure,MID,CRY,5.0,3.135911886
2022-23,10,159,Ayew,MID,CRY,5.4,3.109091974
2022-23,10,519,Eriksen,MID,MUN,6.3,2.951533654
2022-23,10,433,Hojbjerg,MID,TOT,5.5,2.680312999
2022-23,10,579,Guedes,MID,WOL,6.0,2.567417205
2022-23,10,64,Lerma,MID,BOU,5.0,2.815376932
2022-23,10,130,Jorginho,MID,CHE,5.9,3.07921923
2022-23,10,88,Jensen,MID,BRE,5.1,2.699863941
2022-23,10,589,Nunes,MID,WOL,5.0,2.410820389
2022-23,10,467,Rice,MID,WHU,4.9,3.087392141
2022-23,10,480,Neves,MID,WOL,5.5,0.0
2022-23,10,70,Billing,MID,BOU,5.3,2.861396892
2022-23,10,315,Rodri,MID,MCI,5.8,3.513330216
2022-23,10,503,Moutinho,MID,WOL,4.8,2.459390407
2022-23,10,512,Aribo,MID,SOU,5.4,2.222166068
2022-23,10,132,Kovacic,MID,CHE,4.9,2.892874749
2022-23,10,406,Elyounoussi,MID,SOU,5.3,1.952368214
2022-23,10,609,Antony,MID,MUN,7.5,2.6535817
2022-23,10,46,Douglas Luiz,MID,AVL,4.8,2.765917064
2022-23,10,189,D Gray,MID,EVE,5.5,2.736510604
2022-23,10,440,Bentancur,MID,TOT,5.4,2.385462149
2022-23,10,42,Buendia,MID,AVL,5.8,2.868805987
2022-23,10,246,Aaronson,MID,LEE,5.5,2.61662144
2022-23,10,6,Partey,MID,ARS,4.8,2.176877253
2022-23,10,303,Mahrez,MID,MCI,7.5,3.010750927
2022-23,10,220,Palhinha,MID,FUL,5.0,2.21607902
2022-23,10,446,Kulusevski,MID,TOT,8.0,1.305868647
2022-23,10,195,A Gordon,MID,EVE,5.6,2.682962249
2022-23,10,204,Kebano,MID,FUL,5.4,2.437772134
2022-23,10,231,D James,MID,FUL,6.0,2.385314433
2022-23,10,359,Fraser,MID,NEW,5.3,2.903241331
2022-23,10,275,J Henderson,MID,LIV,5.3,2.454075481
2022-23,10,45,Bailey,MID,AVL,4.7,1.508131526
2022-23,10,527,Lingard,MID,NFO,5.6,2.286330142
2022-23,10,3,Xhaka,MID,ARS,5.1,2.472592599
2022-23,10,69,Christie,MID,BOU,5.3,2.573132643
2022-23,10,211,Reed,MID,FUL,4.5,2.189197114
2022-23,10,185,A Doucoure,MID,EVE,5.3,2.471159795
2022-23,10,186,Iwobi,MID,EVE,5.5,2.75555217
2022-23,10,508,Sinisterra,MID,LEE,6.5,0.0
2022-23,10,86,Janelt,MID,BRE,5.5,2.365035872
2022-23,10,369,Almiron,MID,NEW,5.1,2.729039214
2022-23,10,387,Yates,MID,NFO,5.0,2.30552372
2022-23,10,305,Grealish,MID,MCI,6.8,2.780815231
2022-23,10,282,Fabinho,MID,LIV,5.4,2.159520554
2022-23,10,464,Benrahma,MID,WHU,5.7,2.675494899
2022-23,10,245,Roca,MID,LEE,4.9,2.25043772
2022-23,10,269,Soumare,MID,LEI,4.4,2.174187819
2022-23,10,614,Willian,MID,FUL,5.5,0.219239012
2022-23,10,506,T Adams,MID,LEE,5.0,2.217164961
2022-23,10,577,Onana,MID,EVE,4.9,2.330308509
2022-23,10,593,Casemiro,MID,MUN,4.9,2.104589045
2022-23,10,338,McTominay,MID,MUN,4.9,2.165115867
2022-23,10,534,McNeil,MID,EVE,5.2,2.118428265
2022-23,10,89,Wissa,MID,BRE,5.4,2.062524612
2022-23,10,260,Perez,MID,LEI,4.8,1.011370516
2022-23,10,582,Freuler,MID,NFO,5.0,1.753399913
2022-23,10,491,A Traore,MID,WOL,5.5,2.288897173
2022-23,10,277,Thiago,MID,LIV,5.2,1.986377339
2022-23,10,580,Damsgaard,MID,BRE,5.3,2.049946071
2022-23,10,67,L Cook,MID,BOU,4.9,2.137042265
2022-23,10,101,Lallana,MID,BHA,4.9,1.49835711
2022-23,10,171,Olise,MID,CRY,5.4,1.862696823
2022-23,10,75,Anthony,MID,BOU,5.3,1.750423971
2022-23,10,524,O'Brien,MID,NFO,4.9,1.638733499
2022-23,10,416,I Diallo,MID,SOU,4.4,1.591523175
2022-23,10,134,Kante,MID,CHE,4.8,0.0
2022-23,10,18,Lokonga,MID,ARS,4.4,0.783157654
2022-23,10,294,Elliott,MID,LIV,5.0,1.437356888
2022-23,10,611,Gueye,MID,EVE,5.0,1.361035755
2022-23,10,60,Brooks,MID,BOU,5.3,0.275365279
2022-23,10,265,Ndidi,MID,LEI,4.8,0.0
2022-23,10,136,Loftus-Cheek,MID,CHE,5.0,1.511019261
2022-23,10,79,Norgaard,MID,BRE,5.4,0.288238747
2022-23,10,486,P Neto,MID,WOL,5.1,0.0
2022-23,10,53,Kamara,MID,AVL,4.8,0.0
2022-23,10,321,Lavia,MID,SOU,4.5,0.0
2022-23,10,12,Smith Rowe,MID,ARS,5.6,0.0
2022-23,10,4,Elneny,MID,ARS,4.3,0.0
2022-23,10,117,Moder,MID,BHA,4.4,0.0
2022-23,10,349,Shelvey,MID,NEW,4.8,0.0
2022-23,10,278,Chamberlain,MID,LIV,4.9,0.0
2022-23,10,562,Solomon,MID,FUL,4.9,0.0
2022-23,10,490,Chiquinho,MID,WOL,5.0,0.0
2022-23,10,179,Townsend,MID,EVE,5.5,0.0
2022-23,10,203,N Chalobah,MID,FUL,4.4,0.0
2022-23,10,316,Palmer,MID,MCI,4.4,0.004998313
2022-23,10,600,Knight,MID,MCI,4.5,0.004226335
2022-23,10,546,Harris,MID,FUL,4.4,0.004017867
2022-23,10,27,Marquinhos,MID,ARS,4.7,0.003672426
2022-23,10,119,Sarmiento,MID,BHA,4.5,0.003787461
2022-23,10,607,M Smith,MID,ARS,4.5,0.003332009
2022-23,10,632,Trevitt,MID,BRE,4.5,0.003770017
2022-23,10,569,Garnacho,MID,MUN,4.4,0.003855541
2022-23,10,347,Pellistri,MID,MUN,4.4,0.003842252
2022-23,10,452,Devine,MID,TOT,4.4,0.00369059
2022-23,10,449,H White,MID,TOT,4.4,0.003678333
2022-23,10,566,Hodge,MID,WOL,4.4,0.003500088
2022-23,10,604,Killian Phillips,MID,CRY,4.5,0.003812114
2022-23,10,553,Hammond,MID,NFO,4.4,0.003720521
2022-23,10,551,Iqbal,MID,MUN,4.3,0.003609397
2022-23,10,560,Mills,MID,EVE,4.4,0.003671077
2022-23,10,584,B Clark,MID,LIV,4.5,0.003488855
2022-23,10,601,Rodney,MID,CRY,4.5,0.003509989
2022-23,10,564,Bajcetic,MID,LIV,4.5,0.003398241
2022-23,10,212,H Wilson,MID,FUL,5.7,0.0
2022-23,10,405,S Armstrong,MID,SOU,4.9,1.600337624
2022-23,10,565,A Gray,MID,LEE,4.5,0.0
2022-23,10,23,Nelson,MID,ARS,4.8,0.018956722
2022-23,10,36,Sanson,MID,AVL,4.4,0.01981072
2022-23,10,247,Gyabi,MID,LEE,4.3,0.019157849
2022-23,10,74,Dembele,MID,BOU,4.8,0.044908516
2022-23,10,224,Forshaw,MID,LEE,4.5,0.0
2022-23,10,630,Nwaneri,MID,ARS,4.5,0.034193231
2022-23,10,552,Anderson,MID,NEW,4.5,0.094204336
2022-23,10,164,Riedewald,MID,CRY,4.4,0.03857348
2022-23,10,140,Pulisic,MID,CHE,5.7,0.752411343
2022-23,10,509,Downes,MID,WHU,4.4,0.033562145
2022-23,10,556,Coventry,MID,WHU,4.4,0.033470517
2022-23,10,481,Hwang,MID,WOL,5.7,1.268844625
2022-23,10,135,Ziyech,MID,CHE,5.7,0.632299862
2022-23,10,570,Garner,MID,EVE,4.5,0.082446439
2022-23,10,63,Marcondes,MID,BOU,4.8,0.281106168
2022-23,10,25,Vieira,MID,ARS,5.7,1.380486502
2022-23,10,567,Ronan,MID,WOL,4.4,0.069770566
2022-23,10,450,P Sarr,MID,TOT,4.4,0.071131596
2022-23,10,441,Skipp,MID,TOT,4.4,0.069089842
2022-23,10,583,Kouyate,MID,NFO,4.5,1.659816967
2022-23,10,41,Nakamba,MID,AVL,4.4,0.069543574
2022-23,10,61,Lowe,MID,BOU,5.2,0.169766455
2022-23,10,154,McArthur,MID,CRY,4.8,0.0
2022-23,10,554,Gil,MID,TOT,5.0,0.328035886
2022-23,10,173,Ebiowei,MID,CRY,4.3,0.169851128
2022-23,10,549,Praet,MID,LEI,4.9,1.049031308
2022-23,10,287,Keita,MID,LIV,4.8,0.0
2022-23,10,291,C Jones,MID,LIV,4.9,0.079159229
2022-23,10,252,N Mendy,MID,LEI,4.3,0.159993576
2022-23,10,118,Mwepu,MID,BHA,5.3,0.802283902
2022-23,10,536,Mangala,MID,NFO,4.9,0.938912514
2022-23,10,58,Stanislas,MID,BOU,4.8,0.174701509
2022-23,10,365,Murphy,MID,NEW,4.3,1.940998266
2022-23,10,400,Walcott,MID,SOU,4.9,0.211413857
2022-23,10,240,Summerville,MID,LEE,4.4,0.523251589
2022-23,10,148,Gallagher,MID,CHE,5.7,0.913009136
2022-23,10,296,Carvalho,MID,LIV,5.4,0.525930831
2022-23,10,620,Arthur,MID,LIV,4.9,0.0
2022-23,10,336,van de Beek,MID,MUN,5.1,0.0
2022-23,10,251,Albrighton,MID,LEI,4.8,0.605992937
2022-23,10,83,Dasilva,MID,BRE,4.5,1.780387515
2022-23,10,616,Zakaria,MID,CHE,5.0,0.508528109
2022-23,10,216,Onomah,MID,FUL,4.4,0.48803046
2022-23,10,190,T Davies,MID,EVE,4.9,0.312333761
2022-23,10,460,Lanzini,MID,WHU,5.2,0.891375832
2022-23,10,575,Cornet,MID,WHU,5.9,0.0
2022-23,10,87,Ghoddos,MID,BRE,4.8,0.374892741
2022-23,10,381,Colback,MID,NFO,4.3,0.281666033
2022-23,10,568,Campbell,MID,WOL,4.4,1.292904159
2022-23,10,431,Lucas Moura,MID,TOT,5.8,1.046588928
2022-23,10,325,Kalvin Phillips,MID,MCI,4.8,0.381148888
2022-23,10,68,Pearson,MID,BOU,4.5,1.060145378
2022-23,10,200,Cairney,MID,FUL,4.8,1.691092834
2022-23,10,505,Rothwell,MID,BOU,4.9,0.550177196
2022-23,10,479,Dendoncker,MID,AVL,4.8,1.667175254
2022-23,10,274,Milner,MID,LIV,4.5,0.871599621
2022-23,10,94,Baptiste,MID,BRE,4.5,1.638832451
2022-23,10,124,Mitoma,MID,BHA,4.9,1.107915331
2022-23,10,370,S Longstaff,MID,NEW,4.4,1.632496677
2022-23,10,418,Djenepo,MID,SOU,5.0,1.32580661
2022-23,10,158,Milivojevic,MID,CRY,4.4,1.192602264
2022-23,10,629,Boubacar Traore,MID,WOL,4.5,1.14457676
2022-23,10,344,Elanga,MID,MUN,4.9,1.402035286
2022-23,10,331,Fred,MID,MUN,5.2,1.569735301
2022-23,10,624,Edozie,MID,SOU,4.9,0.791090624
2022-23,10,163,W Hughes,MID,CRY,4.8,1.134885296
2022-23,10,93,Onyeka,MID,BRE,4.8,0.976917659
2022-23,10,21,Maitland-Niles,MID,SOU,4.8,1.240019598
2022-23,10,149,Gilmour,MID,BHA,4.4,0.909875315
2022-23,10,444,Bissouma,MID,TOT,4.7,1.320717014
2022-23,10,223,Klich,MID,LEE,4.7,1.411420771
2022-23,10,427,Kane,FWD,TOT,11.4,4.69316467
2022-23,10,318,Haaland,FWD,MCI,12.2,7.441536994
2022-23,10,66,Solanke,FWD,BOU,5.7,4.104256423
2022-23,10,356,C Wilson,FWD,NEW,7.2,4.548094728
2022-23,10,210,Mitrovic,FWD,FUL,6.8,1.783207872
2022-23,10,40,Watkins,FWD,AVL,7.2,4.120929028
2022-23,10,80,Toney,FWD,BRE,7.3,3.610671463
2022-23,10,28,Jesus,FWD,ARS,8.0,3.861931419
2022-23,10,227,Bamford,FWD,LEE,7.3,3.753075462
2022-23,10,255,Vardy,FWD,LEI,9.2,3.560712066
2022-23,10,103,Welbeck,FWD,BHA,6.5,3.294639699
2022-23,10,617,Aubameyang,FWD,CHE,9.0,3.729072123
2022-23,10,411,C Adams,FWD,SOU,6.4,2.73950354
2022-23,10,297,Nunez,FWD,LIV,8.8,3.035834275
2022-23,10,145,Havertz,FWD,CHE,7.7,3.208908955
2022-23,10,30,Ings,FWD,AVL,6.7,3.546521135
2022-23,10,95,Mbeumo,FWD,BRE,5.9,2.867974447
2022-23,10,345,Martial,FWD,MUN,6.9,2.55669973
2022-23,10,191,Calvert-Lewin,FWD,EVE,7.9,2.229867193
2022-23,10,529,Scamacca,FWD,WHU,6.7,3.329943099
2022-23,10,394,Brennan Johnson,FWD,NFO,5.9,3.05578427
2022-23,10,271,Daka,FWD,LEI,5.7,2.643663856
2022-23,10,625,Costa,FWD,WOL,5.5,2.451013279
2022-23,10,262,Iheanacho,FWD,LEI,6.2,2.562152527
2022-23,10,594,Isak,FWD,NEW,6.9,0.0
2022-23,10,288,Jota,FWD,LIV,8.9,2.573360619
2022-23,10,408,A Armstrong,FWD,SOU,5.5,1.939606711
2022-23,10,454,Richarlison,FWD,TOT,8.5,2.661144944
2022-23,10,458,Antonio,FWD,WHU,7.1,2.792050903
2022-23,10,166,Edouard,FWD,CRY,5.3,2.72493639
2022-23,10,476,Jimenez,FWD,WOL,6.8,0.492005066
2022-23,10,168,Mateta,FWD,CRY,5.3,2.505673037
2022-23,10,618,Vinicius,FWD,FUL,5.5,2.731475394
2022-23,10,110,Maupay,FWD,EVE,6.1,2.673878372
2022-23,10,397,Awoniyi,FWD,NFO,5.8,2.445943979
2022-23,10,279,Firmino,FWD,LIV,7.9,2.170457353
2022-23,10,326,Ronaldo,FWD,MUN,10.2,2.086155716
2022-23,10,319,Alvarez,FWD,MCI,6.1,2.329527257
2022-23,10,62,Kieffer Moore,FWD,BOU,5.5,2.141028869
2022-23,10,354,Wood,FWD,NEW,5.6,1.933732306
2022-23,10,608,Kalajdzic,FWD,WOL,5.4,0.0
2022-23,10,634,J Gordon,FWD,CRY,4.5,0.004009489
2022-23,10,596,E Ferguson,FWD,BHA,4.5,0.003573256
2022-23,10,447,Scarlett,FWD,TOT,4.5,0.003364375
2022-23,10,591,Ablade,FWD,FUL,4.5,0.038535262
2022-23,10,177,Rondon,FWD,EVE,5.0,0.092562669
2022-23,10,125,Enciso,FWD,BHA,4.8,0.164837288
2022-23,10,54,Archer,FWD,AVL,4.3,0.356234757
2022-23,10,150,Broja,FWD,CHE,5.3,1.539456771
2022-23,10,528,Mara,FWD,SOU,5.4,1.192442024
2022-23,10,11,Nketiah,FWD,ARS,6.6,1.445682483
2022-23,10,515,Lewis-Potter,FWD,BRE,5.3,0.0
2022-23,10,391,Surridge,FWD,NFO,4.8,0.617987726
2022-23,10,619,Gnonto,FWD,LEE,5.0,0.360612386
2022-23,10,237,Greenwood,FWD,LEE,4.3,0.67634579
2022-23,10,242,Gelhardt,FWD,LEE,5.2,1.522239947
2022-23,10,123,Undav,FWD,BHA,5.1,0.953818278
2022-23,10,585,E Dennis,FWD,NFO,5.8,1.591750509
2022-23,11,478,Sa,GK,WOL,5.0,4.585360896
2022-23,11,113,R Sanchez,GK,BHA,4.7,3.81580517
2022-23,11,2,Leno,GK,FUL,4.5,4.363449278
2022-23,11,376,Pope,GK,NEW,5.3,3.352597285
2022-23,11,425,Lloris,GK,TOT,5.5,4.431453339
2022-23,11,31,E Martinez,GK,AVL,4.9,3.409320855
2022-23,11,152,Guaita,GK,CRY,4.5,3.236955735
2022-23,11,281,Alisson,GK,LIV,5.4,3.092965272
2022-23,11,574,N Neto,GK,BOU,4.5,3.308545721
2022-23,11,398,D Henderson,GK,NFO,4.7,3.745054238
2022-23,11,327,de Gea,GK,MUN,4.9,3.793063894
2022-23,11,81,Raya,GK,BRE,4.5,3.718139864
2022-23,11,422,Bazunu,GK,SOU,4.5,3.104483038
2022-23,11,254,D Ward,GK,LEI,4.1,2.924065564
2022-23,11,133,Kepa,GK,CHE,4.4,2.578988537
2022-23,11,238,Meslier,GK,LEE,4.5,3.089010199
2022-23,11,15,Ramsdale,GK,ARS,4.9,4.125414282
2022-23,11,182,Pickford,GK,EVE,4.5,2.62132275
2022-23,11,455,Fabianski,GK,WHU,5.0,3.479691577
2022-23,11,147,E Mendy,GK,CHE,4.9,1.330132351
2022-23,11,307,Ederson,GK,MCI,5.5,2.824481151
2022-23,11,548,Iversen,GK,LEI,3.9,0.778218105
2022-23,11,175,Johnstone,GK,CRY,4.4,0.329130298
2022-23,11,72,Travers,GK,BOU,4.4,0.397177844
2022-23,11,473,Areola,GK,WHU,4.4,0.297528209
2022-23,11,355,Dubravka,GK,MUN,4.2,0.141960681
2022-23,11,213,Rodak,GK,FUL,4.4,0.128746364
2022-23,11,401,McCarthy,GK,SOU,4.3,0.108420834
2022-23,11,289,Kelleher,GK,LIV,4.0,0.079153569
2022-23,11,492,Sarkic,GK,WOL,4.0,0.085868821
2022-23,11,102,Steele,GK,BHA,4.0,0.071097217
2022-23,11,626,Karius,GK,NEW,4.0,0.073901598
2022-23,11,426,Forster,GK,TOT,3.9,0.087156298
2022-23,11,24,Turner,GK,ARS,3.9,0.103298087
2022-23,11,35,Olsen,GK,AVL,4.0,0.065634189
2022-23,11,633,Cox,GK,BRE,4.0,0.069925177
2022-23,11,518,Hennessey,GK,NFO,3.9,0.06801543
2022-23,11,324,Ortega,GK,MCI,3.9,0.061472575
2022-23,11,236,Klaesson,GK,LEE,4.0,0.056025041
2022-23,11,162,Butland,GK,CRY,4.4,0.007074017
2022-23,11,635,Bettinelli,GK,CHE,4.0,0.00784506
2022-23,11,451,Austin,GK,TOT,4.0,0.008523662
2022-23,11,581,Smithies,GK,LEI,4.0,0.00748062
2022-23,11,497,Adrian,GK,LIV,3.9,0.006237928
2022-23,11,176,Begovic,GK,EVE,4.0,0.046208375
2022-23,11,348,Heaton,GK,MUN,4.0,0.007527585
2022-23,11,571,Randolph,GK,WHU,4.0,0.006945342
2022-23,11,502,Carson,GK,MCI,3.9,0.006064009
2022-23,11,578,Robles,GK,LEE,4.0,0.005527884
2022-23,11,424,Caballero,GK,SOU,4.0,0.000627747
2022-23,11,353,Darlow,GK,NEW,4.0,0.0
2022-23,11,517,Strakosha,GK,BRE,4.4,0.0
2022-23,11,627,Jakupovic,GK,EVE,4.0,0.004387384
2022-23,11,557,Jackson Smith,GK,WOL,4.0,0.004146717
2022-23,11,592,H Davies,GK,LIV,4.0,0.003614105
2022-23,11,590,Whitworth,GK,CRY,4.0,0.003623149
2022-23,11,106,Dunk,DEF,BHA,4.6,3.368181103
2022-23,11,280,van Dijk,DEF,LIV,6.4,3.148397701
2022-23,11,284,Robertson,DEF,LIV,6.7,2.78963877
2022-23,11,448,Perisic,DEF,TOT,5.6,4.23465792
2022-23,11,484,Kilman,DEF,WOL,4.5,4.00923744
2022-23,11,108,Webster,DEF,BHA,4.5,3.147255814
2022-23,11,209,Adarabioyo,DEF,FUL,4.5,3.900767729
2022-23,11,128,T Silva,DEF,CHE,5.4,3.594800554
2022-23,11,268,Justin,DEF,LEI,4.3,3.577297969
2022-23,11,520,Koulibaly,DEF,CHE,5.5,3.561306072
2022-23,11,109,Veltman,DEF,BHA,4.6,3.108541546
2022-23,11,436,Sessegnon,DEF,TOT,4.5,4.127058939
2022-23,11,165,Andersen,DEF,CRY,4.5,3.01075816
2022-23,11,477,Jonny,DEF,WOL,4.4,3.914558541
2022-23,11,357,Trippier,DEF,NEW,5.5,2.750069235
2022-23,11,443,Romero,DEF,TOT,4.9,4.020171943
2022-23,11,258,Castagne,DEF,LEI,4.4,3.245991489
2022-23,11,217,Robinson,DEF,FUL,4.4,3.620371719
2022-23,11,201,Ream,DEF,FUL,4.5,3.601926413
2022-23,11,112,Cucurella,DEF,CHE,5.1,3.207851112
2022-23,11,409,Walker-Peters,DEF,SOU,4.5,3.136364804
2022-23,11,286,J Gomez,DEF,LIV,4.5,2.780189909
2022-23,11,430,Dier,DEF,TOT,5.1,3.864991233
2022-23,11,612,Faes,DEF,LEI,4.5,3.372196457
2022-23,11,487,Ait-Nouri,DEF,WOL,4.3,3.737199629
2022-23,11,167,Guehi,DEF,CRY,4.3,2.759198115
2022-23,11,342,Dalot,DEF,MUN,4.5,3.620644302
2022-23,11,43,Cash,DEF,AVL,4.6,3.090826025
2022-23,11,366,Schar,DEF,NEW,4.7,2.430173235
2022-23,11,586,Estupinan,DEF,BHA,4.5,2.708869547
2022-23,11,249,Evans,DEF,LEI,4.4,2.394259535
2022-23,11,377,Botman,DEF,NEW,4.4,2.318331965
2022-23,11,127,Azpilicueta,DEF,CHE,4.8,3.035956992
2022-23,11,39,Mings,DEF,AVL,4.3,2.875599006
2022-23,11,482,Semedo,DEF,WOL,5.0,3.316941576
2022-23,11,533,L Martinez,DEF,MUN,4.5,3.26216739
2022-23,11,290,Konate,DEF,LIV,4.8,2.141121263
2022-23,11,156,J Ward,DEF,CRY,4.5,2.532401909
2022-23,11,139,Chilwell,DEF,CHE,5.8,2.891602216
2022-23,11,85,Henry,DEF,BRE,4.5,3.217304478
2022-23,11,92,Pinnock,DEF,BRE,4.4,2.947520155
2022-23,11,504,Malacia,DEF,MUN,4.5,3.131192297
2022-23,11,170,Mitchell,DEF,CRY,4.5,2.535707519
2022-23,11,44,Konsa,DEF,AVL,4.4,2.735152149
2022-23,11,215,Tete,DEF,FUL,4.5,2.515045887
2022-23,11,329,Varane,DEF,MUN,4.8,2.563490527
2022-23,11,538,Young,DEF,AVL,4.4,2.742937143
2022-23,11,623,Caleta-Car,DEF,SOU,4.5,2.565287394
2022-23,11,306,Cancelo,DEF,MCI,7.2,3.579236826
2022-23,11,16,Gabriel,DEF,ARS,5.1,3.576321224
2022-23,11,526,Mee,DEF,BRE,4.5,2.735492491
2022-23,11,71,Mepham,DEF,BOU,4.4,2.486916655
2022-23,11,576,Senesi,DEF,BOU,4.5,2.137296338
2022-23,11,429,Doherty,DEF,TOT,4.6,2.19021768
2022-23,11,84,Ajer,DEF,BRE,4.5,2.571064145
2022-23,11,417,Perraud,DEF,SOU,4.5,2.430738006
2022-23,11,367,Targett,DEF,NEW,4.9,1.960312938
2022-23,11,57,A Smith,DEF,BOU,4.4,2.484596145
2022-23,11,423,Bella-Kotchap,DEF,SOU,4.5,2.351473347
2022-23,11,358,Burn,DEF,NEW,4.5,1.851838804
2022-23,11,141,T Chalobah,DEF,CHE,4.7,1.730359057
2022-23,11,432,Ben T Davies,DEF,TOT,4.9,2.108458288
2022-23,11,26,Saliba,DEF,ARS,5.0,3.118295007
2022-23,11,513,Lenglet,DEF,TOT,4.8,2.078139061
2022-23,11,510,Hickey,DEF,BRE,5.0,2.785072526
2022-23,11,457,Cresswell,DEF,WHU,4.8,2.631962164
2022-23,11,10,B White,DEF,ARS,4.5,2.901478227
2022-23,11,516,Collins,DEF,WOL,4.5,0.0
2022-23,11,385,McKenna,DEF,NFO,4.4,2.640121988
2022-23,11,489,Toti,DEF,WOL,3.9,2.214382036
2022-23,11,461,Zouma,DEF,WHU,4.5,2.974444815
2022-23,11,523,Toffolo,DEF,NFO,4.4,1.683574056
2022-23,11,76,Zemura,DEF,BOU,4.4,1.879893463
2022-23,11,337,Lindelof,DEF,MUN,4.3,1.578638135
2022-23,11,313,Zinchenko,DEF,ARS,5.1,2.002342515
2022-23,11,73,Kelly,DEF,BOU,4.4,0.796690026
2022-23,11,257,Amartey,DEF,LEI,4.3,1.703453911
2022-23,11,602,Lodi,DEF,NFO,4.5,1.589669824
2022-23,11,312,Dias,DEF,MCI,5.9,2.559534195
2022-23,11,379,S Cook,DEF,NFO,4.4,2.327470072
2022-23,11,244,Kristensen,DEF,LEE,4.8,2.335695119
2022-23,11,199,Tarkowski,DEF,EVE,4.4,1.977146366
2022-23,11,420,Salisu,DEF,SOU,4.4,1.332033267
2022-23,11,157,Clyne,DEF,CRY,4.5,0.81062149
2022-23,11,270,Thomas,DEF,LEI,4.3,1.126466168
2022-23,11,628,Aurier,DEF,NFO,4.5,1.831467771
2022-23,11,435,D Sanchez,DEF,TOT,4.4,0.986817308
2022-23,11,459,Dawson,DEF,WHU,4.8,2.246720155
2022-23,11,475,Coady,DEF,EVE,4.9,1.734197844
2022-23,11,332,Shaw,DEF,MUN,4.7,0.876123118
2022-23,11,463,Coufal,DEF,WHU,4.4,2.08556314
2022-23,11,309,Laporte,DEF,MCI,5.8,1.788775254
2022-23,11,588,Kehrer,DEF,WHU,4.5,2.675107361
2022-23,11,194,Mykolenko,DEF,EVE,4.5,1.871175197
2022-23,11,146,R James,DEF,CHE,6.1,0.0
2022-23,11,610,Akanji,DEF,MCI,5.0,1.782071955
2022-23,11,295,N Williams,DEF,NFO,4.1,1.809078447
2022-23,11,292,Tsimikas,DEF,LIV,4.5,1.185350712
2022-23,11,308,Ake,DEF,MCI,5.0,1.839077164
2022-23,11,388,Worrall,DEF,NFO,4.3,0.990614538
2022-23,11,82,Canos,DEF,BRE,5.0,1.432374003
2022-23,11,501,N Phillips,DEF,LIV,4.0,0.79373433
2022-23,11,470,Diop,DEF,FUL,4.3,1.212211521
2022-23,11,180,Keane,DEF,EVE,4.2,1.009215515
2022-23,11,235,Struijk,DEF,LEE,4.5,2.112316592
2022-23,11,410,Bednarek,DEF,AVL,4.3,0.495816058
2022-23,11,178,Coleman,DEF,EVE,4.5,1.62458281
2022-23,11,587,S Gomez,DEF,MCI,4.5,1.076127776
2022-23,11,59,Fredericks,DEF,BOU,4.4,1.671594455
2022-23,11,14,Tomiyasu,DEF,ARS,4.2,2.115340925
2022-23,11,32,C Chambers,DEF,AVL,4.3,0.46579784
2022-23,11,228,Llorente,DEF,LEE,4.5,0.848779293
2022-23,11,192,Holgate,DEF,EVE,4.4,0.975157598
2022-23,11,494,Mosquera,DEF,WOL,3.9,0.566511108
2022-23,11,153,Tomkins,DEF,CRY,3.9,0.711369949
2022-23,11,302,Stones,DEF,MCI,5.4,0.426444925
2022-23,11,239,Firpo,DEF,LEE,4.5,1.097700656
2022-23,11,474,Boly,DEF,NFO,4.2,0.468028232
2022-23,11,114,Lamptey,DEF,BHA,4.3,1.579951475
2022-23,11,78,Jansson,DEF,BRE,4.4,0.0
2022-23,11,341,Wan-Bissaka,DEF,MUN,4.3,0.0
2022-23,11,267,Soyuncu,DEF,LEI,4.2,0.137614583
2022-23,11,105,Duffy,DEF,FUL,4.4,0.614164319
2022-23,11,221,Cooper,DEF,LEE,4.4,1.764476688
2022-23,11,532,Mbabu,DEF,FUL,4.4,1.358234637
2022-23,11,65,Stacey,DEF,BOU,4.3,0.403697242
2022-23,11,559,Colwill,DEF,BHA,4.4,0.682406058
2022-23,11,330,Maguire,DEF,MUN,4.7,0.0
2022-23,11,539,Hill,DEF,BOU,4.4,0.029047073
2022-23,11,544,van Hecke,DEF,BHA,4.0,0.025458495
2022-23,11,253,Vestergaard,DEF,LEI,3.9,0.006839702
2022-23,11,360,Lascelles,DEF,NEW,4.3,0.267276521
2022-23,11,285,Trent,DEF,LIV,7.3,0.0
2022-23,11,445,Emerson R,DEF,TOT,5.0,0.0
2022-23,11,276,Matip,DEF,LIV,5.9,0.0
2022-23,11,33,Digne,DEF,AVL,4.7,0.0
2022-23,11,272,Fofana,DEF,CHE,4.4,0.0
2022-23,11,299,Walker,DEF,MCI,5.0,0.0
2022-23,11,197,Patterson,DEF,EVE,4.1,0.0
2022-23,11,525,Augustinsson,DEF,AVL,4.3,0.0
2022-23,11,250,Bertrand,DEF,LEI,4.0,0.0
2022-23,11,193,Godfrey,DEF,EVE,4.3,0.0
2022-23,11,419,Livramento,DEF,SOU,4.4,0.0
2022-23,11,511,O Richards,DEF,NFO,4.4,0.0
2022-23,11,50,Carlos,DEF,AVL,4.8,0.0
2022-23,11,472,Aguerd,DEF,WHU,4.8,0.0
2022-23,11,226,Dallas,DEF,LEE,4.9,0.0
2022-23,11,621,Bade,DEF,NFO,4.5,0.054826767
2022-23,11,322,Wilson-Esbrand,DEF,MCI,3.9,0.003600956
2022-23,11,573,R Lewis,DEF,MCI,3.9,0.003527761
2022-23,11,636,Parkes,DEF,FUL,4.0,0.004346897
2022-23,11,362,Dummett,DEF,NEW,3.9,0.003554248
2022-23,11,563,L Chambers,DEF,LIV,4.0,0.003667552
2022-23,11,439,Tanganga,DEF,TOT,3.9,0.004265661
2022-23,11,640,Turns,DEF,BHA,4.0,0.003658792
2022-23,11,598,Bevan,DEF,BOU,4.0,0.003709356
2022-23,11,540,Stevens,DEF,BRE,4.0,0.003974465
2022-23,11,386,Drager,DEF,NFO,4.0,0.003813644
2022-23,11,393,Mbe Soh,DEF,NFO,4.3,0.003808961
2022-23,11,273,Brunt,DEF,LEI,3.9,0.003738907
2022-23,11,96,Goode,DEF,BRE,3.9,0.003790697
2022-23,11,638,Bogarde,DEF,AVL,4.0,0.003431433
2022-23,11,555,Ashby,DEF,WHU,4.0,0.003714924
2022-23,11,605,Welch,DEF,EVE,4.0,0.002996088
2022-23,11,637,John,DEF,EVE,4.0,0.002958302
2022-23,11,243,Hjelde,DEF,LEE,3.9,0.003155685
2022-23,11,595,Zanka,DEF,BRE,4.0,0.02586195
2022-23,11,507,Niakhate,DEF,NFO,4.3,0.00418067
2022-23,11,558,Bueno,DEF,WOL,4.0,0.052120157
2022-23,11,350,Ritchie,DEF,NEW,4.3,0.018503927
2022-23,11,363,Manquillo,DEF,NEW,4.3,0.016770375
2022-23,11,298,Ramsay,DEF,LIV,3.9,0.36826109
2022-23,11,631,Sousa,DEF,ARS,4.0,0.035875935
2022-23,11,613,Kurzawa,DEF,FUL,4.5,0.209415509
2022-23,11,1,Cedric,DEF,ARS,4.2,0.08653016
2022-23,11,343,B Williams,DEF,MUN,3.9,0.043418915
2022-23,11,404,Stephens,DEF,BOU,4.3,0.340590613
2022-23,11,8,Tierney,DEF,ARS,4.8,1.656033859
2022-23,11,545,Emerson P,DEF,WHU,4.0,0.989270856
2022-23,11,399,Biancone,DEF,NFO,4.3,0.0857216
2022-23,11,372,J Lewis,DEF,NEW,4.4,0.071525768
2022-23,11,547,Drameh,DEF,LEE,4.0,0.081475788
2022-23,11,90,Roerslev,DEF,BRE,4.3,0.302367777
2022-23,11,522,Spence,DEF,TOT,4.2,0.194788754
2022-23,11,56,Guilbert,DEF,AVL,3.9,0.319054199
2022-23,11,530,C Richards,DEF,CRY,4.4,0.160637745
2022-23,11,622,Larios,DEF,SOU,4.0,0.442248755
2022-23,11,188,Mina,DEF,EVE,4.3,0.588563408
2022-23,11,174,N Ferguson,DEF,CRY,3.9,0.131581965
2022-23,11,5,Holding,DEF,ARS,4.2,0.28458256
2022-23,11,230,Koch,DEF,LEE,4.5,1.816071166
2022-23,11,413,Lyanco,DEF,SOU,4.4,0.214561596
2022-23,11,471,Ben Johnson,DEF,WHU,4.4,0.376556869
2022-23,11,531,Vinagre,DEF,EVE,4.3,0.516941684
2022-23,11,456,Ogbonna,DEF,WHU,4.4,0.562954736
2022-23,11,222,Ayling,DEF,LEE,4.5,0.50833063
2022-23,11,283,Salah,MID,LIV,12.8,4.630693022
2022-23,11,428,Son,MID,TOT,11.7,6.165894007
2022-23,11,333,Fernandes,MID,MUN,9.8,4.868338538
2022-23,11,261,Maddison,MID,LEI,8.1,4.274431516
2022-23,11,304,Sterling,MID,CHE,10.0,4.365708982
2022-23,11,111,Trossard,MID,BHA,6.7,4.176689019
2022-23,11,465,Bowen,MID,WHU,8.1,4.962534578
2022-23,11,160,Zaha,MID,CRY,7.3,3.958067748
2022-23,11,264,Barnes,MID,LEI,6.9,3.631213815
2022-23,11,407,Ward-Prowse,MID,SOU,6.4,4.037236501
2022-23,11,116,Mac Allister,MID,BHA,5.7,3.674326531
2022-23,11,104,Gross,MID,BHA,5.9,3.511813672
2022-23,11,142,Mount,MID,CHE,7.6,3.597370413
2022-23,11,259,Tielemans,MID,LEI,6.3,3.469009885
2022-23,11,374,Guimaraes,MID,NEW,5.6,3.230870724
2022-23,11,13,Saka,MID,ARS,7.8,4.999024018
2022-23,11,19,Martinelli,MID,ARS,6.6,4.993644221
2022-23,11,368,Saint-Maximin,MID,NEW,6.4,3.226893112
2022-23,11,519,Eriksen,MID,MUN,6.3,3.679293349
2022-23,11,335,Rashford,MID,MUN,6.5,3.709327392
2022-23,11,169,Eze,MID,CRY,5.5,3.247462823
2022-23,11,340,Sancho,MID,MUN,7.3,3.415237795
2022-23,11,107,March,MID,BHA,5.0,3.138755737
2022-23,11,493,Gibbs-White,MID,NFO,5.5,3.457645104
2022-23,11,603,Paqueta,MID,WHU,6.0,3.842654072
2022-23,11,483,Podence,MID,WOL,5.5,3.624684869
2022-23,11,266,Dewsbury-Hall,MID,LEI,5.0,3.017198239
2022-23,11,480,Neves,MID,WOL,5.5,3.562841282
2022-23,11,7,Odegaard,MID,ARS,6.5,4.230800992
2022-23,11,468,Soucek,MID,WHU,5.4,3.625420298
2022-23,11,535,Tavernier,MID,BOU,4.9,3.023519316
2022-23,11,205,Reid,MID,FUL,5.5,3.601965588
2022-23,11,346,A Pereira,MID,FUL,4.6,3.359706831
2022-23,11,29,Coutinho,MID,AVL,6.7,2.907706065
2022-23,11,120,Caicedo,MID,BHA,5.0,2.924550075
2022-23,11,371,Joelinton,MID,NEW,6.0,2.771640114
2022-23,11,161,Schlupp,MID,CRY,4.9,3.036706223
2022-23,11,233,Harrison,MID,LEE,6.1,2.991000257
2022-23,11,373,Willock,MID,NEW,4.9,2.681110553
2022-23,11,512,Aribo,MID,SOU,5.4,2.973776889
2022-23,11,225,Rodrigo,MID,LEE,6.3,2.862209871
2022-23,11,589,Nunes,MID,WOL,5.0,3.232171287
2022-23,11,406,Elyounoussi,MID,SOU,5.3,2.725476637
2022-23,11,231,D James,MID,FUL,6.0,3.076093031
2022-23,11,433,Hojbjerg,MID,TOT,5.5,3.168174104
2022-23,11,301,De Bruyne,MID,MCI,12.4,3.732564286
2022-23,11,503,Moutinho,MID,WOL,4.8,3.124622646
2022-23,11,88,Jensen,MID,BRE,5.1,3.025490139
2022-23,11,37,McGinn,MID,AVL,5.2,2.656743986
2022-23,11,64,Lerma,MID,BOU,5.0,2.696597172
2022-23,11,469,Fornals,MID,WHU,5.3,3.232304396
2022-23,11,220,Palhinha,MID,FUL,5.0,2.937630133
2022-23,11,579,Guedes,MID,WOL,6.0,2.974774549
2022-23,11,446,Kulusevski,MID,TOT,8.0,2.518682664
2022-23,11,514,C Doucoure,MID,CRY,5.0,2.667470214
2022-23,11,47,Ramsey,MID,AVL,5.2,2.613925744
2022-23,11,70,Billing,MID,BOU,5.3,2.675384116
2022-23,11,42,Buendia,MID,AVL,5.8,2.609705617
2022-23,11,609,Antony,MID,MUN,7.5,2.800884404
2022-23,11,159,Ayew,MID,CRY,5.4,2.527959975
2022-23,11,440,Bentancur,MID,TOT,5.4,2.850108033
2022-23,11,314,Foden,MID,MCI,8.1,3.349406259
2022-23,11,508,Sinisterra,MID,LEE,6.5,2.605301552
2022-23,11,211,Reed,MID,FUL,4.5,2.855898072
2022-23,11,212,H Wilson,MID,FUL,5.7,2.41757733
2022-23,11,130,Jorginho,MID,CHE,5.9,2.645782867
2022-23,11,6,Partey,MID,ARS,4.8,3.199362444
2022-23,11,46,Douglas Luiz,MID,AVL,4.8,2.41843622
2022-23,11,132,Kovacic,MID,CHE,4.9,2.548239191
2022-23,11,189,D Gray,MID,EVE,5.5,2.623830881
2022-23,11,467,Rice,MID,WHU,4.9,2.805170023
2022-23,11,275,J Henderson,MID,LIV,5.3,2.277839876
2022-23,11,246,Aaronson,MID,LEE,5.5,2.489712016
2022-23,11,387,Yates,MID,NFO,5.0,2.566989298
2022-23,11,86,Janelt,MID,BRE,5.5,2.630296372
2022-23,11,3,Xhaka,MID,ARS,5.1,2.98651862
2022-23,11,69,Christie,MID,BOU,5.3,2.377141835
2022-23,11,311,B Silva,MID,MCI,7.0,2.940004607
2022-23,11,593,Casemiro,MID,MUN,4.9,2.791941573
2022-23,11,369,Almiron,MID,NEW,5.1,2.207379183
2022-23,11,186,Iwobi,MID,EVE,5.5,2.639191355
2022-23,11,300,Gundogan,MID,MCI,7.5,2.730393996
2022-23,11,171,Olise,MID,CRY,5.4,2.315504741
2022-23,11,269,Soumare,MID,LEI,4.4,2.172418553
2022-23,11,282,Fabinho,MID,LIV,5.4,2.062294118
2022-23,11,185,A Doucoure,MID,EVE,5.3,2.122847371
2022-23,11,245,Roca,MID,LEE,4.9,2.25497402
2022-23,11,359,Fraser,MID,NEW,5.3,1.995903031
2022-23,11,527,Lingard,MID,NFO,5.6,1.687410246
2022-23,11,506,T Adams,MID,LEE,5.0,2.233518885
2022-23,11,315,Rodri,MID,MCI,5.8,2.485826791
2022-23,11,481,Hwang,MID,WOL,5.7,2.419838418
2022-23,11,582,Freuler,MID,NFO,5.0,2.103924346
2022-23,11,195,A Gordon,MID,EVE,5.6,0.0
2022-23,11,260,Perez,MID,LEI,4.8,1.094152844
2022-23,11,277,Thiago,MID,LIV,5.2,1.844225848
2022-23,11,534,McNeil,MID,EVE,5.2,2.198440251
2022-23,11,416,I Diallo,MID,SOU,4.4,1.966006942
2022-23,11,89,Wissa,MID,BRE,5.4,2.213375006
2022-23,11,580,Damsgaard,MID,BRE,5.3,2.237558529
2022-23,11,405,S Armstrong,MID,SOU,4.9,2.036311671
2022-23,11,45,Bailey,MID,AVL,4.7,0.911804732
2022-23,11,136,Loftus-Cheek,MID,CHE,5.0,1.89750035
2022-23,11,303,Mahrez,MID,MCI,7.5,1.925051381
2022-23,11,577,Onana,MID,EVE,4.9,1.978084019
2022-23,11,101,Lallana,MID,BHA,4.9,1.928717244
2022-23,11,464,Benrahma,MID,WHU,5.7,2.01784077
2022-23,11,294,Elliott,MID,LIV,5.0,1.526617211
2022-23,11,67,L Cook,MID,BOU,4.9,1.941714294
2022-23,11,25,Vieira,MID,ARS,5.7,1.730045548
2022-23,11,583,Kouyate,MID,NFO,4.5,1.884220379
2022-23,11,134,Kante,MID,CHE,4.8,0.721468379
2022-23,11,614,Willian,MID,FUL,5.5,0.252595059
2022-23,11,305,Grealish,MID,MCI,6.8,1.90340985
2022-23,11,60,Brooks,MID,BOU,5.3,0.771915009
2022-23,11,75,Anthony,MID,BOU,5.3,1.438837185
2022-23,11,18,Lokonga,MID,ARS,4.4,0.373063071
2022-23,11,296,Carvalho,MID,LIV,5.4,1.020289809
2022-23,11,549,Praet,MID,LEI,4.9,0.917150555
2022-23,11,293,Diaz,MID,LIV,8.1,0.0
2022-23,11,486,P Neto,MID,WOL,5.1,0.0
2022-23,11,265,Ndidi,MID,LEI,4.8,0.0
2022-23,11,53,Kamara,MID,AVL,4.8,0.0
2022-23,11,321,Lavia,MID,SOU,4.5,0.0
2022-23,11,12,Smith Rowe,MID,ARS,5.6,0.0
2022-23,11,4,Elneny,MID,ARS,4.3,0.0
2022-23,11,117,Moder,MID,BHA,4.4,0.0
2022-23,11,562,Solomon,MID,FUL,4.9,0.0
2022-23,11,620,Arthur,MID,LIV,4.9,0.0
2022-23,11,490,Chiquinho,MID,WOL,5.0,0.0
2022-23,11,179,Townsend,MID,EVE,5.5,0.0
2022-23,11,287,Keita,MID,LIV,4.8,0.0
2022-23,11,325,Kalvin Phillips,MID,MCI,4.8,0.0
2022-23,11,336,van de Beek,MID,MUN,5.1,0.0
2022-23,11,203,N Chalobah,MID,FUL,4.4,0.0
2022-23,11,27,Marquinhos,MID,ARS,4.7,0.004086881
2022-23,11,316,Palmer,MID,MCI,4.4,0.00392484
2022-23,11,546,Harris,MID,FUL,4.4,0.004621268
2022-23,11,600,Knight,MID,MCI,4.5,0.003607442
2022-23,11,607,M Smith,MID,ARS,4.5,0.0034806
2022-23,11,119,Sarmiento,MID,BHA,4.5,0.003898784
2022-23,11,632,Trevitt,MID,BRE,4.5,0.003963462
2022-23,11,452,Devine,MID,TOT,4.4,0.004012322
2022-23,11,449,H White,MID,TOT,4.4,0.003995154
2022-23,11,566,Hodge,MID,WOL,4.4,0.003957453
2022-23,11,641,Godo,MID,FUL,4.5,0.003910496
2022-23,11,569,Garnacho,MID,MUN,4.4,0.003843769
2022-23,11,347,Pellistri,MID,MUN,4.4,0.003822095
2022-23,11,604,Killian Phillips,MID,CRY,4.5,0.003589157
2022-23,11,639,Braybrooke,MID,LEI,4.5,0.003569997
2022-23,11,553,Hammond,MID,NFO,4.4,0.003625312
2022-23,11,551,Iqbal,MID,MUN,4.3,0.003612446
2022-23,11,584,B Clark,MID,LIV,4.5,0.00343063
2022-23,11,560,Mills,MID,EVE,4.4,0.003461778
2022-23,11,564,Bajcetic,MID,LIV,4.5,0.003356685
2022-23,11,601,Rodney,MID,CRY,4.5,0.00339083
2022-23,11,23,Nelson,MID,ARS,4.8,0.021387424
2022-23,11,565,A Gray,MID,LEE,4.5,0.003489339
2022-23,11,381,Colback,MID,NFO,4.3,0.003241958
2022-23,11,204,Kebano,MID,FUL,5.4,1.334101592
2022-23,11,247,Gyabi,MID,LEE,4.3,0.019097702
2022-23,11,36,Sanson,MID,AVL,4.4,0.018420376
2022-23,11,74,Dembele,MID,BOU,4.8,0.043810586
2022-23,11,630,Nwaneri,MID,ARS,4.5,0.03734902
2022-23,11,554,Gil,MID,TOT,5.0,0.083645697
2022-23,11,164,Riedewald,MID,CRY,4.4,0.03615644
2022-23,11,552,Anderson,MID,NEW,4.5,0.083942497
2022-23,11,491,A Traore,MID,WOL,5.5,1.645239973
2022-23,11,79,Norgaard,MID,BRE,5.4,0.0
2022-23,11,224,Forshaw,MID,LEE,4.5,0.0
2022-23,11,509,Downes,MID,WHU,4.4,0.032502094
2022-23,11,556,Coventry,MID,WHU,4.4,0.032303517
2022-23,11,63,Marcondes,MID,BOU,4.8,0.18141493
2022-23,11,611,Gueye,MID,EVE,5.0,1.211930245
2022-23,11,570,Garner,MID,EVE,4.5,0.076253509
2022-23,11,567,Ronan,MID,WOL,4.4,0.079796745
2022-23,11,450,P Sarr,MID,TOT,4.4,0.076467761
2022-23,11,338,McTominay,MID,MUN,4.9,0.0
2022-23,11,140,Pulisic,MID,CHE,5.7,0.689666088
2022-23,11,349,Shelvey,MID,NEW,4.8,0.0
2022-23,11,252,N Mendy,MID,LEI,4.3,0.072200435
2022-23,11,441,Skipp,MID,TOT,4.4,0.073080098
2022-23,11,41,Nakamba,MID,AVL,4.4,0.067126366
2022-23,11,135,Ziyech,MID,CHE,5.7,0.578140839
2022-23,11,61,Lowe,MID,BOU,5.2,0.165410911
2022-23,11,83,Dasilva,MID,BRE,4.5,1.916741502
2022-23,11,365,Murphy,MID,NEW,4.3,1.425504829
2022-23,11,251,Albrighton,MID,LEI,4.8,0.15718762
2022-23,11,370,S Longstaff,MID,NEW,4.4,1.636962828
2022-23,11,173,Ebiowei,MID,CRY,4.3,0.155294938
2022-23,11,240,Summerville,MID,LEE,4.4,0.245487857
2022-23,11,154,McArthur,MID,CRY,4.8,0.248993615
2022-23,11,400,Walcott,MID,SOU,4.9,0.244826281
2022-23,11,568,Campbell,MID,WOL,4.4,0.370296582
2022-23,11,278,Chamberlain,MID,LIV,4.9,0.137614208
2022-23,11,291,C Jones,MID,LIV,4.9,0.308074647
2022-23,11,58,Stanislas,MID,BOU,4.8,0.340347778
2022-23,11,616,Zakaria,MID,CHE,5.0,0.3601845
2022-23,11,216,Onomah,MID,FUL,4.4,0.426889969
2022-23,11,148,Gallagher,MID,CHE,5.7,0.607264584
2022-23,11,431,Lucas Moura,MID,TOT,5.8,1.470424379
2022-23,11,190,T Davies,MID,EVE,4.9,0.29048691
2022-23,11,68,Pearson,MID,BOU,4.5,1.372947241
2022-23,11,87,Ghoddos,MID,BRE,4.8,0.393626785
2022-23,11,94,Baptiste,MID,BRE,4.5,1.750703934
2022-23,11,418,Djenepo,MID,SOU,5.0,1.62494639
2022-23,11,200,Cairney,MID,FUL,4.8,1.645121483
2022-23,11,479,Dendoncker,MID,AVL,4.8,1.505006809
2022-23,11,274,Milner,MID,LIV,4.5,1.07143783
2022-23,11,505,Rothwell,MID,BOU,4.9,0.749364953
2022-23,11,460,Lanzini,MID,WHU,5.2,0.819466713
2022-23,11,536,Mangala,MID,NFO,4.9,0.93903681
2022-23,11,629,Boubacar Traore,MID,WOL,4.5,0.568246125
2022-23,11,158,Milivojevic,MID,CRY,4.4,0.521683851
2022-23,11,575,Cornet,MID,WHU,5.9,0.813231592
2022-23,11,163,W Hughes,MID,CRY,4.8,0.505854769
2022-23,11,524,O'Brien,MID,NFO,4.9,1.363132625
2022-23,11,331,Fred,MID,MUN,5.2,1.624819654
2022-23,11,624,Edozie,MID,SOU,4.9,0.890060997
2022-23,11,124,Mitoma,MID,BHA,4.9,1.359413355
2022-23,11,21,Maitland-Niles,MID,SOU,4.8,1.375018463
2022-23,11,93,Onyeka,MID,BRE,4.8,1.026870069
2022-23,11,344,Elanga,MID,MUN,4.9,1.122183591
2022-23,11,149,Gilmour,MID,BHA,4.4,1.041425058
2022-23,11,444,Bissouma,MID,TOT,4.7,1.439284133
2022-23,11,223,Klich,MID,LEE,4.7,1.419258161
2022-23,11,427,Kane,FWD,TOT,11.4,6.167737787
2022-23,11,210,Mitrovic,FWD,FUL,6.8,4.406763741
2022-23,11,66,Solanke,FWD,BOU,5.7,3.903686939
2022-23,11,356,C Wilson,FWD,NEW,7.2,3.662871218
2022-23,11,103,Welbeck,FWD,BHA,6.5,3.649703081
2022-23,11,28,Jesus,FWD,ARS,8.0,5.531651688
2022-23,11,288,Jota,FWD,LIV,8.9,3.292814451
2022-23,11,80,Toney,FWD,BRE,7.3,4.075329311
2022-23,11,411,C Adams,FWD,SOU,6.4,3.73082252
2022-23,11,40,Watkins,FWD,AVL,7.2,3.390552103
2022-23,11,227,Bamford,FWD,LEE,7.3,3.533810631
2022-23,11,297,Nunez,FWD,LIV,8.8,3.147112732
2022-23,11,617,Aubameyang,FWD,CHE,9.0,3.286350632
2022-23,11,255,Vardy,FWD,LEI,9.2,3.131028634
2022-23,11,318,Haaland,FWD,MCI,12.2,4.742832055
2022-23,11,271,Daka,FWD,LEI,5.7,2.872423252
2022-23,11,408,A Armstrong,FWD,SOU,5.5,2.933905364
2022-23,11,145,Havertz,FWD,CHE,7.7,2.863475063
2022-23,11,95,Mbeumo,FWD,BRE,5.9,3.124050952
2022-23,11,394,Brennan Johnson,FWD,NFO,5.9,3.038309845
2022-23,11,279,Firmino,FWD,LIV,7.9,2.462562042
2022-23,11,625,Costa,FWD,WOL,5.5,3.30715991
2022-23,11,326,Ronaldo,FWD,MUN,10.2,2.998711751
2022-23,11,30,Ings,FWD,AVL,6.7,2.508727053
2022-23,11,476,Jimenez,FWD,WOL,6.8,1.763731944
2022-23,11,529,Scamacca,FWD,WHU,6.7,3.048798312
2022-23,11,262,Iheanacho,FWD,LEI,6.2,2.345866449
2022-23,11,166,Edouard,FWD,CRY,5.3,2.543854094
2022-23,11,454,Richarlison,FWD,TOT,8.5,2.863803906
2022-23,11,191,Calvert-Lewin,FWD,EVE,7.9,1.920647696
2022-23,11,110,Maupay,FWD,EVE,6.1,2.661719978
2022-23,11,458,Antonio,FWD,WHU,7.1,2.556892496
2022-23,11,345,Martial,FWD,MUN,6.9,1.241640482
2022-23,11,397,Awoniyi,FWD,NFO,5.8,2.136841326
2022-23,11,168,Mateta,FWD,CRY,5.3,1.868273318
2022-23,11,62,Kieffer Moore,FWD,BOU,5.5,1.945459787
2022-23,11,618,Vinicius,FWD,FUL,5.5,1.981867817
2022-23,11,594,Isak,FWD,NEW,6.9,0.0
2022-23,11,528,Mara,FWD,SOU,5.4,1.484672739
2022-23,11,608,Kalajdzic,FWD,WOL,5.4,0.0
2022-23,11,591,Ablade,FWD,FUL,4.5,0.003928769
2022-23,11,634,J Gordon,FWD,CRY,4.5,0.003737264
2022-23,11,596,E Ferguson,FWD,BHA,4.5,0.003640623
2022-23,11,447,Scarlett,FWD,TOT,4.5,0.003521795
2022-23,11,585,E Dennis,FWD,NFO,5.8,1.888140008
2022-23,11,319,Alvarez,FWD,MCI,6.1,1.64874281
2022-23,11,177,Rondon,FWD,EVE,5.0,0.083372346
2022-23,11,125,Enciso,FWD,BHA,4.8,0.170779053
2022-23,11,11,Nketiah,FWD,ARS,6.6,1.729150878
2022-23,11,150,Broja,FWD,CHE,5.3,1.438952567
2022-23,11,391,Surridge,FWD,NFO,4.8,0.635804129
2022-23,11,54,Archer,FWD,AVL,4.3,0.692883869
2022-23,11,619,Gnonto,FWD,LEE,5.0,0.365042715
2022-23,11,123,Undav,FWD,BHA,5.1,0.6548678
2022-23,11,237,Greenwood,FWD,LEE,4.3,0.35682865
2022-23,11,515,Lewis-Potter,FWD,BRE,5.3,0.587191146
2022-23,11,354,Wood,FWD,NEW,5.6,1.513547718
2022-23,11,242,Gelhardt,FWD,LEE,5.2,0.864103457
2022-23,12,113,R Sanchez,GK,BHA,4.7,4.670345936
2022-23,12,376,Pope,GK,NEW,5.3,4.644053419
2022-23,12,281,Alisson,GK,LIV,5.4,4.344656447
2022-23,12,31,E Martinez,GK,AVL,4.9,4.176848481
2022-23,12,152,Guaita,GK,CRY,4.5,4.009659933
2022-23,12,478,Sa,GK,WOL,5.0,3.935427233
2022-23,12,422,Bazunu,GK,SOU,4.5,3.718463264
2022-23,12,133,Kepa,GK,CHE,4.4,3.421021808
2022-23,12,2,Leno,GK,FUL,4.5,3.617051312
2022-23,12,574,N Neto,GK,BOU,4.5,3.432195206
2022-23,12,182,Pickford,GK,EVE,4.5,3.500404856
2022-23,12,238,Meslier,GK,LEE,4.5,3.476864149
2022-23,12,254,D Ward,GK,LEI,4.1,3.119629127
2022-23,12,398,D Henderson,GK,NFO,4.7,3.324298251
2022-23,12,425,Lloris,GK,TOT,5.5,3.213017918
2022-23,12,81,Raya,GK,BRE,4.5,3.109065169
2022-23,12,327,de Gea,GK,MUN,4.9,2.9161857
2022-23,12,147,E Mendy,GK,CHE,4.9,0.634596168
2022-23,12,175,Johnstone,GK,CRY,4.4,0.394719298
2022-23,12,548,Iversen,GK,LEI,3.9,0.474647665
2022-23,12,72,Travers,GK,BOU,4.4,0.419256436
2022-23,12,455,Fabianski,GK,WHU,5.0,1.984730247
2022-23,12,401,McCarthy,GK,SOU,4.3,0.127427055
2022-23,12,355,Dubravka,GK,MUN,4.2,0.190331583
2022-23,12,289,Kelleher,GK,LIV,4.0,0.10895944
2022-23,12,626,Karius,GK,NEW,4.0,0.103633322
2022-23,12,102,Steele,GK,BHA,4.0,0.089056158
2022-23,12,213,Rodak,GK,FUL,4.4,0.108012344
2022-23,12,35,Olsen,GK,AVL,4.0,0.074809802
2022-23,12,492,Sarkic,GK,WOL,4.0,0.073357004
2022-23,12,176,Begovic,GK,EVE,4.0,0.077942594
2022-23,12,426,Forster,GK,TOT,3.9,0.06338894
2022-23,12,518,Hennessey,GK,NFO,3.9,0.062059212
2022-23,12,236,Klaesson,GK,LEE,4.0,0.059429903
2022-23,12,633,Cox,GK,BRE,4.0,0.059288618
2022-23,12,162,Butland,GK,CRY,4.4,0.008712102
2022-23,12,497,Adrian,GK,LIV,3.9,0.008461181
2022-23,12,635,Bettinelli,GK,CHE,4.0,0.007706729
2022-23,12,581,Smithies,GK,LEI,4.0,0.007022628
2022-23,12,451,Austin,GK,TOT,4.0,0.006124271
2022-23,12,348,Heaton,GK,MUN,4.0,0.006046903
2022-23,12,627,Jakupovic,GK,EVE,4.0,0.005937144
2022-23,12,578,Robles,GK,LEE,4.0,0.005832948
2022-23,12,424,Caballero,GK,SOU,4.0,0.00072045
2022-23,12,307,Ederson,GK,MCI,5.5,0.0
2022-23,12,15,Ramsdale,GK,ARS,4.9,0.0
2022-23,12,24,Turner,GK,ARS,3.9,0.0
2022-23,12,324,Ortega,GK,MCI,3.9,0.0
2022-23,12,353,Darlow,GK,NEW,4.0,0.0
2022-23,12,502,Carson,GK,MCI,3.9,0.0
2022-23,12,517,Strakosha,GK,BRE,4.4,0.0
2022-23,12,571,Randolph,GK,WHU,4.0,0.004297354
2022-23,12,592,H Davies,GK,LIV,4.0,0.004188933
2022-23,12,590,Whitworth,GK,CRY,4.0,0.004155272
2022-23,12,557,Jackson Smith,GK,WOL,4.0,0.003809215
2022-23,12,473,Areola,GK,WHU,4.4,0.178703566
2022-23,12,285,Trent,DEF,LIV,7.3,5.030541827
2022-23,12,284,Robertson,DEF,LIV,6.7,4.604154562
2022-23,12,106,Dunk,DEF,BHA,4.6,4.482096231
2022-23,12,280,van Dijk,DEF,LIV,6.4,4.398895241
2022-23,12,357,Trippier,DEF,NEW,5.5,4.219135331
2022-23,12,108,Webster,DEF,BHA,4.5,4.179247775
2022-23,12,109,Veltman,DEF,BHA,4.6,4.122336606
2022-23,12,165,Andersen,DEF,CRY,4.5,4.130835095
2022-23,12,377,Botman,DEF,NEW,4.4,3.771144784
2022-23,12,167,Guehi,DEF,CRY,4.3,3.844219339
2022-23,12,286,J Gomez,DEF,LIV,4.5,3.817407973
2022-23,12,156,J Ward,DEF,CRY,4.5,3.649565444
2022-23,12,586,Estupinan,DEF,BHA,4.5,3.553152086
2022-23,12,520,Koulibaly,DEF,CHE,5.5,3.477066358
2022-23,12,268,Justin,DEF,LEI,4.3,3.458971246
2022-23,12,112,Cucurella,DEF,CHE,5.1,3.402915417
2022-23,12,409,Walker-Peters,DEF,SOU,4.5,3.439845591
2022-23,12,258,Castagne,DEF,LEI,4.4,3.357025361
2022-23,12,139,Chilwell,DEF,CHE,5.8,3.378982479
2022-23,12,358,Burn,DEF,NEW,4.5,3.132512469
2022-23,12,43,Cash,DEF,AVL,4.6,3.374211894
2022-23,12,170,Mitchell,DEF,CRY,4.5,3.260535564
2022-23,12,367,Targett,DEF,NEW,4.9,2.94309225
2022-23,12,612,Faes,DEF,LEI,4.5,3.159479836
2022-23,12,576,Senesi,DEF,BOU,4.5,3.101937365
2022-23,12,484,Kilman,DEF,WOL,4.5,3.150060507
2022-23,12,39,Mings,DEF,AVL,4.3,3.089113207
2022-23,12,429,Doherty,DEF,TOT,4.6,3.088227395
2022-23,12,127,Azpilicueta,DEF,CHE,4.8,3.031740596
2022-23,12,516,Collins,DEF,WOL,4.5,3.116566846
2022-23,12,623,Caleta-Car,DEF,SOU,4.5,3.051329656
2022-23,12,448,Perisic,DEF,TOT,5.6,3.08601862
2022-23,12,44,Konsa,DEF,AVL,4.4,3.023459122
2022-23,12,71,Mepham,DEF,BOU,4.4,3.069731205
2022-23,12,57,A Smith,DEF,BOU,4.4,3.011663855
2022-23,12,217,Robinson,DEF,FUL,4.4,3.024187588
2022-23,12,538,Young,DEF,AVL,4.4,3.003367506
2022-23,12,477,Jonny,DEF,WOL,4.4,2.99183154
2022-23,12,342,Dalot,DEF,MUN,4.5,3.013477999
2022-23,12,360,Lascelles,DEF,NEW,4.3,2.37191733
2022-23,12,141,T Chalobah,DEF,CHE,4.7,2.317804244
2022-23,12,128,T Silva,DEF,CHE,5.4,2.290099996
2022-23,12,209,Adarabioyo,DEF,FUL,4.5,2.535110204
2022-23,12,201,Ream,DEF,FUL,4.5,2.818388291
2022-23,12,257,Amartey,DEF,LEI,4.3,2.829856906
2022-23,12,417,Perraud,DEF,SOU,4.5,2.679075662
2022-23,12,329,Varane,DEF,MUN,4.8,2.71409628
2022-23,12,199,Tarkowski,DEF,EVE,4.4,2.733860815
2022-23,12,533,L Martinez,DEF,MUN,4.5,2.7330158
2022-23,12,76,Zemura,DEF,BOU,4.4,2.297870474
2022-23,12,523,Toffolo,DEF,NFO,4.4,2.697307779
2022-23,12,92,Pinnock,DEF,BRE,4.4,2.656129278
2022-23,12,475,Coady,DEF,EVE,4.9,2.664580321
2022-23,12,423,Bella-Kotchap,DEF,SOU,4.5,2.302205866
2022-23,12,504,Malacia,DEF,MUN,4.5,2.555605356
2022-23,12,443,Romero,DEF,TOT,4.9,2.638763064
2022-23,12,85,Henry,DEF,BRE,4.5,2.635109089
2022-23,12,487,Ait-Nouri,DEF,WOL,4.3,2.342812252
2022-23,12,526,Mee,DEF,BRE,4.5,2.389509698
2022-23,12,194,Mykolenko,DEF,EVE,4.5,2.571490086
2022-23,12,430,Dier,DEF,TOT,5.1,2.541118484
2022-23,12,366,Schar,DEF,NEW,4.7,1.232487017
2022-23,12,470,Diop,DEF,FUL,4.3,1.826370665
2022-23,12,59,Fredericks,DEF,BOU,4.4,2.33598386
2022-23,12,436,Sessegnon,DEF,TOT,4.5,2.244612433
2022-23,12,432,Ben T Davies,DEF,TOT,4.9,2.12297672
2022-23,12,420,Salisu,DEF,SOU,4.4,1.645457004
2022-23,12,295,N Williams,DEF,NFO,4.1,2.327866938
2022-23,12,84,Ajer,DEF,BRE,4.5,2.214427321
2022-23,12,482,Semedo,DEF,WOL,5.0,2.05377187
2022-23,12,244,Kristensen,DEF,LEE,4.8,2.324669147
2022-23,12,292,Tsimikas,DEF,LIV,4.5,1.33749236
2022-23,12,385,McKenna,DEF,NFO,4.4,2.298873908
2022-23,12,379,S Cook,DEF,NFO,4.4,2.237584908
2022-23,12,178,Coleman,DEF,EVE,4.5,2.120273011
2022-23,12,270,Thomas,DEF,LEI,4.3,0.923730462
2022-23,12,532,Mbabu,DEF,FUL,4.4,1.969977948
2022-23,12,114,Lamptey,DEF,BHA,4.3,1.92057653
2022-23,12,332,Shaw,DEF,MUN,4.7,0.736202356
2022-23,12,235,Struijk,DEF,LEE,4.5,2.009160772
2022-23,12,249,Evans,DEF,LEI,4.4,0.481383876
2022-23,12,388,Worrall,DEF,NFO,4.3,1.007095485
2022-23,12,267,Soyuncu,DEF,LEI,4.2,0.476036397
2022-23,12,192,Holgate,DEF,EVE,4.4,0.896563529
2022-23,12,410,Bednarek,DEF,AVL,4.3,0.520555744
2022-23,12,32,C Chambers,DEF,AVL,4.3,0.51362321
2022-23,12,180,Keane,DEF,EVE,4.2,0.444802231
2022-23,12,82,Canos,DEF,BRE,5.0,1.548145596
2022-23,12,276,Matip,DEF,LIV,5.9,0.230675249
2022-23,12,157,Clyne,DEF,CRY,4.5,0.430916463
2022-23,12,239,Firpo,DEF,LEE,4.5,1.416992248
2022-23,12,457,Cresswell,DEF,WHU,4.8,2.010939487
2022-23,12,290,Konate,DEF,LIV,4.8,0.190450186
2022-23,12,513,Lenglet,DEF,TOT,4.8,0.708465581
2022-23,12,228,Llorente,DEF,LEE,4.5,0.757135079
2022-23,12,337,Lindelof,DEF,MUN,4.3,0.440853222
2022-23,12,153,Tomkins,DEF,CRY,3.9,0.387134416
2022-23,12,435,D Sanchez,DEF,TOT,4.4,0.385343685
2022-23,12,78,Jansson,DEF,BRE,4.4,0.376736684
2022-23,12,65,Stacey,DEF,BOU,4.3,0.575612475
2022-23,12,330,Maguire,DEF,MUN,4.7,0.130385749
2022-23,12,474,Boly,DEF,NFO,4.2,0.498022939
2022-23,12,501,N Phillips,DEF,LIV,4.0,0.042619482
2022-23,12,489,Toti,DEF,WOL,3.9,0.328887541
2022-23,12,221,Cooper,DEF,LEE,4.4,1.695887088
2022-23,12,559,Colwill,DEF,BHA,4.4,0.21881611
2022-23,12,539,Hill,DEF,BOU,4.4,0.033654078
2022-23,12,215,Tete,DEF,FUL,4.5,0.214903026
2022-23,12,253,Vestergaard,DEF,LEI,3.9,0.006641747
2022-23,12,306,Cancelo,DEF,MCI,7.2,0.0
2022-23,12,16,Gabriel,DEF,ARS,5.1,0.0
2022-23,12,312,Dias,DEF,MCI,5.9,0.0
2022-23,12,313,Zinchenko,DEF,ARS,5.1,0.0
2022-23,12,26,Saliba,DEF,ARS,5.0,0.0
2022-23,12,146,R James,DEF,CHE,6.1,0.0
2022-23,12,10,B White,DEF,ARS,4.5,0.0
2022-23,12,308,Ake,DEF,MCI,5.0,0.0
2022-23,12,33,Digne,DEF,AVL,4.7,0.0
2022-23,12,610,Akanji,DEF,MCI,5.0,0.0
2022-23,12,272,Fofana,DEF,CHE,4.4,0.0
2022-23,12,299,Walker,DEF,MCI,5.0,0.0
2022-23,12,445,Emerson R,DEF,TOT,5.0,0.0
2022-23,12,309,Laporte,DEF,MCI,5.8,0.0
2022-23,12,302,Stones,DEF,MCI,5.4,0.0
2022-23,12,587,S Gomez,DEF,MCI,4.5,0.0
2022-23,12,73,Kelly,DEF,BOU,4.4,0.0
2022-23,12,197,Patterson,DEF,EVE,4.1,0.0
2022-23,12,602,Lodi,DEF,NFO,4.5,0.0
2022-23,12,188,Mina,DEF,EVE,4.3,0.0
2022-23,12,525,Augustinsson,DEF,AVL,4.3,0.0
2022-23,12,507,Niakhate,DEF,NFO,4.3,0.0
2022-23,12,250,Bertrand,DEF,LEI,4.0,0.0
2022-23,12,193,Godfrey,DEF,EVE,4.3,0.0
2022-23,12,350,Ritchie,DEF,NEW,4.3,0.0
2022-23,12,419,Livramento,DEF,SOU,4.4,0.0
2022-23,12,511,O Richards,DEF,NFO,4.4,0.0
2022-23,12,50,Carlos,DEF,AVL,4.8,0.0
2022-23,12,472,Aguerd,DEF,WHU,4.8,0.0
2022-23,12,226,Dallas,DEF,LEE,4.9,0.0
2022-23,12,322,Wilson-Esbrand,DEF,MCI,3.9,0.0
2022-23,12,573,R Lewis,DEF,MCI,3.9,0.0
2022-23,12,1,Cedric,DEF,ARS,4.2,0.0
2022-23,12,631,Sousa,DEF,ARS,4.0,0.0
2022-23,12,174,N Ferguson,DEF,CRY,3.9,0.0
2022-23,12,14,Tomiyasu,DEF,ARS,4.2,0.0
2022-23,12,404,Stephens,DEF,BOU,4.3,0.0
2022-23,12,530,C Richards,DEF,CRY,4.4,0.0
2022-23,12,613,Kurzawa,DEF,FUL,4.5,0.0
2022-23,12,5,Holding,DEF,ARS,4.2,0.0
2022-23,12,8,Tierney,DEF,ARS,4.8,0.0
2022-23,12,544,van Hecke,DEF,BHA,4.0,0.005156785
2022-23,12,362,Dummett,DEF,NEW,3.9,0.004514125
2022-23,12,563,L Chambers,DEF,LIV,4.0,0.004333663
2022-23,12,640,Turns,DEF,BHA,4.0,0.004213352
2022-23,12,598,Bevan,DEF,BOU,4.0,0.004008771
2022-23,12,636,Parkes,DEF,FUL,4.0,0.003937182
2022-23,12,298,Ramsay,DEF,LIV,3.9,0.024899068
2022-23,12,642,Balmer,DEF,CRY,4.0,0.003685874
2022-23,12,386,Drager,DEF,NFO,4.0,0.003635846
2022-23,12,540,Stevens,DEF,BRE,4.0,0.003626008
2022-23,12,393,Mbe Soh,DEF,NFO,4.3,0.003624302
2022-23,12,273,Brunt,DEF,LEI,3.9,0.003599655
2022-23,12,638,Bogarde,DEF,AVL,4.0,0.003587655
2022-23,12,439,Tanganga,DEF,TOT,3.9,0.00347027
2022-23,12,96,Goode,DEF,BRE,3.9,0.003421147
2022-23,12,605,Welch,DEF,EVE,4.0,0.003406919
2022-23,12,637,John,DEF,EVE,4.0,0.003369265
2022-23,12,243,Hjelde,DEF,LEE,3.9,0.00312122
2022-23,12,555,Ashby,DEF,WHU,4.0,0.002835459
2022-23,12,621,Bade,DEF,NFO,4.5,0.049751285
2022-23,12,595,Zanka,DEF,BRE,4.0,0.021866818
2022-23,12,363,Manquillo,DEF,NEW,4.3,0.020670199
2022-23,12,510,Hickey,DEF,BRE,5.0,0.308296773
2022-23,12,341,Wan-Bissaka,DEF,MUN,4.3,0.097746465
2022-23,12,558,Bueno,DEF,WOL,4.0,0.044414985
2022-23,12,494,Mosquera,DEF,WOL,3.9,0.145227521
2022-23,12,372,J Lewis,DEF,NEW,4.4,0.09121309
2022-23,12,343,B Williams,DEF,MUN,3.9,0.038529246
2022-23,12,547,Drameh,DEF,LEE,4.0,0.080612488
2022-23,12,56,Guilbert,DEF,AVL,3.9,0.343453566
2022-23,12,522,Spence,DEF,TOT,4.2,0.077447998
2022-23,12,105,Duffy,DEF,FUL,4.4,0.494448407
2022-23,12,622,Larios,DEF,SOU,4.0,0.485381687
2022-23,12,628,Aurier,DEF,NFO,4.5,0.361542341
2022-23,12,399,Biancone,DEF,NFO,4.3,0.254145935
2022-23,12,531,Vinagre,DEF,EVE,4.3,0.228918532
2022-23,12,230,Koch,DEF,LEE,4.5,1.649557355
2022-23,12,413,Lyanco,DEF,SOU,4.4,0.2254375
2022-23,12,90,Roerslev,DEF,BRE,4.3,0.84138031
2022-23,12,459,Dawson,DEF,WHU,4.8,0.419793461
2022-23,12,461,Zouma,DEF,WHU,4.5,1.24699543
2022-23,12,463,Coufal,DEF,WHU,4.4,1.596936001
2022-23,12,222,Ayling,DEF,LEE,4.5,0.504052761
2022-23,12,456,Ogbonna,DEF,WHU,4.4,0.383243532
2022-23,12,588,Kehrer,DEF,WHU,4.5,1.658634302
2022-23,12,545,Emerson P,DEF,WHU,4.0,1.11798679
2022-23,12,471,Ben Johnson,DEF,WHU,4.4,0.877642005
2022-23,12,283,Salah,MID,LIV,12.8,5.788336965
2022-23,12,304,Sterling,MID,CHE,10.0,4.960412824
2022-23,12,428,Son,MID,TOT,11.7,4.882123542
2022-23,12,111,Trossard,MID,BHA,6.7,4.856304931
2022-23,12,264,Barnes,MID,LEI,6.9,4.720955037
2022-23,12,333,Fernandes,MID,MUN,9.8,4.635068977
2022-23,12,160,Zaha,MID,CRY,7.3,4.331360711
2022-23,12,142,Mount,MID,CHE,7.6,4.328674992
2022-23,12,374,Guimaraes,MID,NEW,5.6,4.221120941
2022-23,12,116,Mac Allister,MID,BHA,5.7,4.187388513
2022-23,12,407,Ward-Prowse,MID,SOU,6.4,4.167444228
2022-23,12,104,Gross,MID,BHA,5.9,3.907313085
2022-23,12,259,Tielemans,MID,LEI,6.3,3.913880057
2022-23,12,169,Eze,MID,CRY,5.5,3.722258412
2022-23,12,107,March,MID,BHA,5.0,3.631223461
2022-23,12,371,Joelinton,MID,NEW,6.0,3.605224177
2022-23,12,369,Almiron,MID,NEW,5.1,3.517822657
2022-23,12,335,Rashford,MID,MUN,6.5,3.495194314
2022-23,12,266,Dewsbury-Hall,MID,LEI,5.0,3.464243817
2022-23,12,225,Rodrigo,MID,LEE,6.3,3.393294577
2022-23,12,535,Tavernier,MID,BOU,4.9,3.369937065
2022-23,12,161,Schlupp,MID,CRY,4.9,3.363757185
2022-23,12,29,Coutinho,MID,AVL,6.7,3.323493017
2022-23,12,340,Sancho,MID,MUN,7.3,3.267634758
2022-23,12,120,Caicedo,MID,BHA,5.0,3.317018876
2022-23,12,465,Bowen,MID,WHU,8.1,3.279582489
2022-23,12,233,Harrison,MID,LEE,6.1,3.205580451
2022-23,12,493,Gibbs-White,MID,NFO,5.5,3.17689671
2022-23,12,159,Ayew,MID,CRY,5.4,3.120526659
2022-23,12,373,Willock,MID,NEW,4.9,3.130094966
2022-23,12,346,A Pereira,MID,FUL,4.6,3.092112925
2022-23,12,37,McGinn,MID,AVL,5.2,3.081907806
2022-23,12,47,Ramsey,MID,AVL,5.2,3.050949011
2022-23,12,512,Aribo,MID,SOU,5.4,3.052734338
2022-23,12,205,Reid,MID,FUL,5.5,3.023073661
2022-23,12,64,Lerma,MID,BOU,5.0,3.022544542
2022-23,12,296,Carvalho,MID,LIV,5.4,2.825598214
2022-23,12,406,Elyounoussi,MID,SOU,5.3,2.788437636
2022-23,12,275,J Henderson,MID,LIV,5.3,2.969074504
2022-23,12,514,C Doucoure,MID,CRY,5.0,2.903047791
2022-23,12,42,Buendia,MID,AVL,5.8,2.886085495
2022-23,12,69,Christie,MID,BOU,5.3,2.835958899
2022-23,12,101,Lallana,MID,BHA,4.9,2.909677075
2022-23,12,480,Neves,MID,WOL,5.5,2.878129542
2022-23,12,359,Fraser,MID,NEW,5.3,2.848289148
2022-23,12,483,Podence,MID,WOL,5.5,2.837895166
2022-23,12,70,Billing,MID,BOU,5.3,2.814298816
2022-23,12,508,Sinisterra,MID,LEE,6.5,2.762405921
2022-23,12,212,H Wilson,MID,FUL,5.7,2.606294037
2022-23,12,294,Elliott,MID,LIV,5.0,2.590714401
2022-23,12,136,Loftus-Cheek,MID,CHE,5.0,2.71221901
2022-23,12,603,Paqueta,MID,WHU,6.0,2.708913496
2022-23,12,46,Douglas Luiz,MID,AVL,4.8,2.692948008
2022-23,12,519,Eriksen,MID,MUN,6.3,2.321410597
2022-23,12,433,Hojbjerg,MID,TOT,5.5,2.686614421
2022-23,12,132,Kovacic,MID,CHE,4.9,2.669625467
2022-23,12,589,Nunes,MID,WOL,5.0,2.659310327
2022-23,12,282,Fabinho,MID,LIV,5.4,2.621658748
2022-23,12,186,Iwobi,MID,EVE,5.5,2.643956063
2022-23,12,88,Jensen,MID,BRE,5.1,2.644001064
2022-23,12,609,Antony,MID,MUN,7.5,2.592747703
2022-23,12,503,Moutinho,MID,WOL,4.8,2.610179858
2022-23,12,246,Aaronson,MID,LEE,5.5,2.607111212
2022-23,12,365,Murphy,MID,NEW,4.3,2.57190097
2022-23,12,468,Soucek,MID,WHU,5.4,2.571726589
2022-23,12,260,Perez,MID,LEI,4.8,2.046714863
2022-23,12,220,Palhinha,MID,FUL,5.0,2.536980024
2022-23,12,269,Soumare,MID,LEI,4.4,2.492338037
2022-23,12,370,S Longstaff,MID,NEW,4.4,2.518559
2022-23,12,189,D Gray,MID,EVE,5.5,2.480310112
2022-23,12,387,Yates,MID,NFO,5.0,2.507978528
2022-23,12,195,A Gordon,MID,EVE,5.6,2.405485537
2022-23,12,277,Thiago,MID,LIV,5.2,2.345430557
2022-23,12,440,Bentancur,MID,TOT,5.4,2.420999501
2022-23,12,130,Jorginho,MID,CHE,5.9,2.234257144
2022-23,12,211,Reed,MID,FUL,4.5,2.390530604
2022-23,12,593,Casemiro,MID,MUN,4.9,2.366900712
2022-23,12,171,Olise,MID,CRY,5.4,2.308660655
2022-23,12,45,Bailey,MID,AVL,4.7,1.835224595
2022-23,12,577,Onana,MID,EVE,4.9,2.328340605
2022-23,12,579,Guedes,MID,WOL,6.0,2.337469344
2022-23,12,86,Janelt,MID,BRE,5.5,2.318791964
2022-23,12,245,Roca,MID,LEE,4.9,2.310469585
2022-23,12,614,Willian,MID,FUL,5.5,2.073522158
2022-23,12,506,T Adams,MID,LEE,5.0,2.260727485
2022-23,12,467,Rice,MID,WHU,4.9,2.265595626
2022-23,12,89,Wissa,MID,BRE,5.4,2.231414822
2022-23,12,527,Lingard,MID,NFO,5.6,1.881351463
2022-23,12,185,A Doucoure,MID,EVE,5.3,1.862557082
2022-23,12,469,Fornals,MID,WHU,5.3,2.168542239
2022-23,12,582,Freuler,MID,NFO,5.0,2.075440127
2022-23,12,416,I Diallo,MID,SOU,4.4,2.019892819
2022-23,12,549,Praet,MID,LEI,4.9,1.620625672
2022-23,12,405,S Armstrong,MID,SOU,4.9,2.088387482
2022-23,12,611,Gueye,MID,EVE,5.0,2.086701253
2022-23,12,491,A Traore,MID,WOL,5.5,1.971932694
2022-23,12,534,McNeil,MID,EVE,5.2,2.02300796
2022-23,12,231,D James,MID,FUL,6.0,2.010550937
2022-23,12,446,Kulusevski,MID,TOT,8.0,0.978726625
2022-23,12,60,Brooks,MID,BOU,5.3,0.732922623
2022-23,12,75,Anthony,MID,BOU,5.3,1.521964057
2022-23,12,583,Kouyate,MID,NFO,4.5,1.941382281
2022-23,12,67,L Cook,MID,BOU,4.9,1.883117678
2022-23,12,368,Saint-Maximin,MID,NEW,6.4,0.302996875
2022-23,12,274,Milner,MID,LIV,4.5,1.745290555
2022-23,12,580,Damsgaard,MID,BRE,5.3,1.931087762
2022-23,12,301,De Bruyne,MID,MCI,12.4,0.0
2022-23,12,314,Foden,MID,MCI,8.1,0.0
2022-23,12,13,Saka,MID,ARS,7.8,0.0
2022-23,12,19,Martinelli,MID,ARS,6.6,0.0
2022-23,12,311,B Silva,MID,MCI,7.0,0.0
2022-23,12,7,Odegaard,MID,ARS,6.5,0.0
2022-23,12,261,Maddison,MID,LEI,8.1,0.0
2022-23,12,300,Gundogan,MID,MCI,7.5,0.0
2022-23,12,315,Rodri,MID,MCI,5.8,0.0
2022-23,12,6,Partey,MID,ARS,4.8,0.0
2022-23,12,293,Diaz,MID,LIV,8.1,0.0
2022-23,12,3,Xhaka,MID,ARS,5.1,0.0
2022-23,12,303,Mahrez,MID,MCI,7.5,0.0
2022-23,12,305,Grealish,MID,MCI,6.8,0.0
2022-23,12,486,P Neto,MID,WOL,5.1,0.0
2022-23,12,134,Kante,MID,CHE,4.8,0.0
2022-23,12,265,Ndidi,MID,LEI,4.8,0.0
2022-23,12,53,Kamara,MID,AVL,4.8,0.0
2022-23,12,321,Lavia,MID,SOU,4.5,0.0
2022-23,12,154,McArthur,MID,CRY,4.8,0.0
2022-23,12,18,Lokonga,MID,ARS,4.4,0.0
2022-23,12,12,Smith Rowe,MID,ARS,5.6,0.0
2022-23,12,4,Elneny,MID,ARS,4.3,0.0
2022-23,12,117,Moder,MID,BHA,4.4,0.0
2022-23,12,562,Solomon,MID,FUL,4.9,0.0
2022-23,12,620,Arthur,MID,LIV,4.9,0.0
2022-23,12,490,Chiquinho,MID,WOL,5.0,0.0
2022-23,12,179,Townsend,MID,EVE,5.5,0.0
2022-23,12,316,Palmer,MID,MCI,4.4,0.0
2022-23,12,600,Knight,MID,MCI,4.5,0.0
2022-23,12,27,Marquinhos,MID,ARS,4.7,0.0
2022-23,12,607,M Smith,MID,ARS,4.5,0.0
2022-23,12,23,Nelson,MID,ARS,4.8,0.0
2022-23,12,25,Vieira,MID,ARS,5.7,0.0
2022-23,12,287,Keita,MID,LIV,4.8,0.0
2022-23,12,630,Nwaneri,MID,ARS,4.5,0.0
2022-23,12,325,Kalvin Phillips,MID,MCI,4.8,0.0
2022-23,12,163,W Hughes,MID,CRY,4.8,0.0
2022-23,12,203,N Chalobah,MID,FUL,4.4,0.0
2022-23,12,124,Mitoma,MID,BHA,4.9,0.0
2022-23,12,546,Harris,MID,FUL,4.4,0.004248589
2022-23,12,119,Sarmiento,MID,BHA,4.5,0.004190782
2022-23,12,632,Trevitt,MID,BRE,4.5,0.003762782
2022-23,12,569,Garnacho,MID,MUN,4.4,0.003761765
2022-23,12,347,Pellistri,MID,MUN,4.4,0.003733934
2022-23,12,604,Killian Phillips,MID,CRY,4.5,0.003724355
2022-23,12,641,Godo,MID,FUL,4.5,0.003709659
2022-23,12,584,B Clark,MID,LIV,4.5,0.003682552
2022-23,12,452,Devine,MID,TOT,4.4,0.003669312
2022-23,12,639,Braybrooke,MID,LEI,4.5,0.003661121
2022-23,12,449,H White,MID,TOT,4.4,0.003658438
2022-23,12,566,Hodge,MID,WOL,4.4,0.003631994
2022-23,12,564,Bajcetic,MID,LIV,4.5,0.003592934
2022-23,12,553,Hammond,MID,NFO,4.4,0.003543653
2022-23,12,551,Iqbal,MID,MUN,4.3,0.003534354
2022-23,12,560,Mills,MID,EVE,4.4,0.003530454
2022-23,12,601,Rodney,MID,CRY,4.5,0.003506562
2022-23,12,643,Mainoo,MID,MUN,4.5,0.003434386
2022-23,12,509,Downes,MID,WHU,4.4,0.003064915
2022-23,12,556,Coventry,MID,WHU,4.4,0.003036513
2022-23,12,565,A Gray,MID,LEE,4.5,0.020922768
2022-23,12,74,Dembele,MID,BOU,4.8,0.046781396
2022-23,12,36,Sanson,MID,AVL,4.4,0.019644989
2022-23,12,247,Gyabi,MID,LEE,4.3,0.019494788
2022-23,12,552,Anderson,MID,NEW,4.5,0.095530912
2022-23,12,140,Pulisic,MID,CHE,5.7,0.726069001
2022-23,12,135,Ziyech,MID,CHE,5.7,0.407245573
2022-23,12,63,Marcondes,MID,BOU,4.8,0.195856836
2022-23,12,336,van de Beek,MID,MUN,5.1,0.079989639
2022-23,12,158,Milivojevic,MID,CRY,4.4,1.446798548
2022-23,12,278,Chamberlain,MID,LIV,4.9,0.182702479
2022-23,12,567,Ronan,MID,WOL,4.4,0.073492776
2022-23,12,251,Albrighton,MID,LEI,4.8,0.493350206
2022-23,12,61,Lowe,MID,BOU,5.2,0.176305832
2022-23,12,349,Shelvey,MID,NEW,4.8,0.176262649
2022-23,12,450,P Sarr,MID,TOT,4.4,0.070617466
2022-23,12,41,Nakamba,MID,AVL,4.4,0.069018921
2022-23,12,381,Colback,MID,NFO,4.3,0.067602973
2022-23,12,79,Norgaard,MID,BRE,5.4,0.172335717
2022-23,12,224,Forshaw,MID,LEE,4.5,0.064549209
2022-23,12,173,Ebiowei,MID,CRY,4.3,0.16177685
2022-23,12,68,Pearson,MID,BOU,4.5,1.632098941
2022-23,12,575,Cornet,MID,WHU,5.9,0.15077376
2022-23,12,240,Summerville,MID,LEE,4.4,0.254646129
2022-23,12,190,T Davies,MID,EVE,4.9,0.148934071
2022-23,12,252,N Mendy,MID,LEI,4.3,0.145960959
2022-23,12,400,Walcott,MID,SOU,4.9,0.248661112
2022-23,12,338,McTominay,MID,MUN,4.9,1.774847525
2022-23,12,291,C Jones,MID,LIV,4.9,0.562387805
2022-23,12,444,Bissouma,MID,TOT,4.7,1.815435481
2022-23,12,568,Campbell,MID,WOL,4.4,0.329279399
2022-23,12,216,Onomah,MID,FUL,4.4,0.317064617
2022-23,12,616,Zakaria,MID,CHE,5.0,0.36948807
2022-23,12,204,Kebano,MID,FUL,5.4,0.731913077
2022-23,12,58,Stanislas,MID,BOU,4.8,0.728071687
2022-23,12,83,Dasilva,MID,BRE,4.5,1.772786059
2022-23,12,554,Gil,MID,TOT,5.0,0.490667126
2022-23,12,418,Djenepo,MID,SOU,5.0,1.646658403
2022-23,12,479,Dendoncker,MID,AVL,4.8,1.6462738
2022-23,12,164,Riedewald,MID,CRY,4.4,0.483897287
2022-23,12,431,Lucas Moura,MID,TOT,5.8,1.272018976
2022-23,12,505,Rothwell,MID,BOU,4.9,0.796172196
2022-23,12,87,Ghoddos,MID,BRE,4.8,0.373854824
2022-23,12,481,Hwang,MID,WOL,5.7,1.527268872
2022-23,12,200,Cairney,MID,FUL,4.8,1.622146029
2022-23,12,148,Gallagher,MID,CHE,5.7,1.08349295
2022-23,12,536,Mangala,MID,NFO,4.9,1.274773205
2022-23,12,331,Fred,MID,MUN,5.2,1.583613655
2022-23,12,524,O'Brien,MID,NFO,4.9,0.520871505
2022-23,12,570,Garner,MID,EVE,4.5,0.625334085
2022-23,12,629,Boubacar Traore,MID,WOL,4.5,0.515831376
2022-23,12,94,Baptiste,MID,BRE,4.5,1.620685155
2022-23,12,460,Lanzini,MID,WHU,5.2,0.698660891
2022-23,12,624,Edozie,MID,SOU,4.9,0.905147269
2022-23,12,441,Skipp,MID,TOT,4.4,0.57865011
2022-23,12,21,Maitland-Niles,MID,SOU,4.8,1.393560502
2022-23,12,464,Benrahma,MID,WHU,5.7,1.483556076
2022-23,12,149,Gilmour,MID,BHA,4.4,1.368711724
2022-23,12,344,Elanga,MID,MUN,4.9,0.941179064
2022-23,12,93,Onyeka,MID,BRE,4.8,0.921442065
2022-23,12,223,Klich,MID,LEE,4.7,1.453294053
2022-23,12,427,Kane,FWD,TOT,11.4,4.82708633
2022-23,12,356,C Wilson,FWD,NEW,7.2,4.591864268
2022-23,12,66,Solanke,FWD,BOU,5.7,4.542546642
2022-23,12,210,Mitrovic,FWD,FUL,6.8,4.329238298
2022-23,12,271,Daka,FWD,LEI,5.7,4.152705858
2022-23,12,40,Watkins,FWD,AVL,7.2,4.139557491
2022-23,12,255,Vardy,FWD,LEI,9.2,4.089505375
2022-23,12,103,Welbeck,FWD,BHA,6.5,4.101603196
2022-23,12,297,Nunez,FWD,LIV,8.8,4.074891543
2022-23,12,279,Firmino,FWD,LIV,7.9,4.062007563
2022-23,12,411,C Adams,FWD,SOU,6.4,3.870630786
2022-23,12,617,Aubameyang,FWD,CHE,9.0,3.627207637
2022-23,12,80,Toney,FWD,BRE,7.3,3.634208078
2022-23,12,227,Bamford,FWD,LEE,7.3,3.34195436
2022-23,12,262,Iheanacho,FWD,LEI,6.2,3.370280836
2022-23,12,145,Havertz,FWD,CHE,7.7,3.053017307
2022-23,12,30,Ings,FWD,AVL,6.7,2.981384746
2022-23,12,408,A Armstrong,FWD,SOU,5.5,2.981017013
2022-23,12,394,Brennan Johnson,FWD,NFO,5.9,2.818814893
2022-23,12,166,Edouard,FWD,CRY,5.3,2.764037958
2022-23,12,95,Mbeumo,FWD,BRE,5.9,2.769187046
2022-23,12,191,Calvert-Lewin,FWD,EVE,7.9,2.418067175
2022-23,12,625,Costa,FWD,WOL,5.5,2.519077968
2022-23,12,326,Ronaldo,FWD,MUN,10.2,2.335967703
2022-23,12,529,Scamacca,FWD,WHU,6.7,2.452609911
2022-23,12,345,Martial,FWD,MUN,6.9,2.020541099
2022-23,12,476,Jimenez,FWD,WOL,6.8,1.678850144
2022-23,12,110,Maupay,FWD,EVE,6.1,2.007331418
2022-23,12,168,Mateta,FWD,CRY,5.3,2.057085263
2022-23,12,397,Awoniyi,FWD,NFO,5.8,2.000304565
2022-23,12,62,Kieffer Moore,FWD,BOU,5.5,1.992823732
2022-23,12,528,Mara,FWD,SOU,5.4,1.503559284
2022-23,12,318,Haaland,FWD,MCI,12.2,0.0
2022-23,12,28,Jesus,FWD,ARS,8.0,0.0
2022-23,12,594,Isak,FWD,NEW,6.9,0.0
2022-23,12,288,Jota,FWD,LIV,8.9,0.0
2022-23,12,319,Alvarez,FWD,MCI,6.1,0.0
2022-23,12,454,Richarlison,FWD,TOT,8.5,0.0
2022-23,12,608,Kalajdzic,FWD,WOL,5.4,0.0
2022-23,12,11,Nketiah,FWD,ARS,6.6,0.0
2022-23,12,634,J Gordon,FWD,CRY,4.5,0.003788394
2022-23,12,596,E Ferguson,FWD,BHA,4.5,0.003787905
2022-23,12,591,Ablade,FWD,FUL,4.5,0.003717478
2022-23,12,447,Scarlett,FWD,TOT,4.5,0.003386901
2022-23,12,177,Rondon,FWD,EVE,5.0,0.084482096
2022-23,12,125,Enciso,FWD,BHA,4.8,0.184175799
2022-23,12,150,Broja,FWD,CHE,5.3,1.520089232
2022-23,12,354,Wood,FWD,NEW,5.6,1.83253305
2022-23,12,585,E Dennis,FWD,NFO,5.8,1.755408913
2022-23,12,54,Archer,FWD,AVL,4.3,0.641886671
2022-23,12,123,Undav,FWD,BHA,5.1,1.158369341
2022-23,12,391,Surridge,FWD,NFO,4.8,0.60643775
2022-23,12,619,Gnonto,FWD,LEE,5.0,0.374114011
2022-23,12,237,Greenwood,FWD,LEE,4.3,0.364388142
2022-23,12,458,Antonio,FWD,WHU,7.1,1.575090904
2022-23,12,515,Lewis-Potter,FWD,BRE,5.3,1.183238931
2022-23,12,242,Gelhardt,FWD,LEE,5.2,1.02408144
2022-23,12,618,Vinicius,FWD,FUL,5.5,1.225572194
2022-23,13,281,Alisson,GK,LIV,5.4,4.925320953
2022-23,13,307,Ederson,GK,MCI,5.5,4.253998854
2022-23,13,15,Ramsdale,GK,ARS,4.9,4.124014951
2022-23,13,182,Pickford,GK,EVE,4.5,4.120282013
2022-23,13,152,Guaita,GK,CRY,4.5,3.997544248
2022-23,13,425,Lloris,GK,TOT,5.5,4.114899964
2022-23,13,31,E Martinez,GK,AVL,4.9,4.152594833
2022-23,13,376,Pope,GK,NEW,5.3,3.055605897
2022-23,13,81,Raya,GK,BRE,4.5,3.779114165
2022-23,13,478,Sa,GK,WOL,5.0,3.857272279
2022-23,13,133,Kepa,GK,CHE,4.4,3.481246793
2022-23,13,455,Fabianski,GK,WHU,5.0,4.214332526
2022-23,13,327,de Gea,GK,MUN,4.9,2.8097795
2022-23,13,238,Meslier,GK,LEE,4.5,4.177399675
2022-23,13,113,R Sanchez,GK,BHA,4.7,2.053197105
2022-23,13,2,Leno,GK,FUL,4.5,3.722689104
2022-23,13,574,N Neto,GK,BOU,4.5,3.06848057
2022-23,13,398,D Henderson,GK,NFO,4.7,2.457610925
2022-23,13,254,D Ward,GK,LEI,4.1,3.09563631
2022-23,13,422,Bazunu,GK,SOU,4.5,2.654066134
2022-23,13,147,E Mendy,GK,CHE,4.9,0.403964671
2022-23,13,473,Areola,GK,WHU,4.4,0.373118835
2022-23,13,548,Iversen,GK,LEI,3.9,0.459162163
2022-23,13,289,Kelleher,GK,LIV,4.0,0.120651624
2022-23,13,175,Johnstone,GK,CRY,4.4,0.109404318
2022-23,13,24,Turner,GK,ARS,3.9,0.103178682
2022-23,13,324,Ortega,GK,MCI,3.9,0.088902781
2022-23,13,355,Dubravka,GK,MUN,4.2,0.075256256
2022-23,13,426,Forster,GK,TOT,3.9,0.081471778
2022-23,13,626,Karius,GK,NEW,4.0,0.068897216
2022-23,13,176,Begovic,GK,EVE,4.0,0.076494124
2022-23,13,492,Sarkic,GK,WOL,4.0,0.072164588
2022-23,13,35,Olsen,GK,AVL,4.0,0.077274061
2022-23,13,72,Travers,GK,BOU,4.4,0.063233603
2022-23,13,102,Steele,GK,BHA,4.0,0.042502526
2022-23,13,633,Cox,GK,BRE,4.0,0.062906867
2022-23,13,213,Rodak,GK,FUL,4.4,0.097461075
2022-23,13,236,Klaesson,GK,LEE,4.0,0.074857746
2022-23,13,401,McCarthy,GK,SOU,4.3,0.05931266
2022-23,13,518,Hennessey,GK,NFO,3.9,0.046372911
2022-23,13,502,Carson,GK,MCI,3.9,0.008802018
2022-23,13,497,Adrian,GK,LIV,3.9,0.009247264
2022-23,13,451,Austin,GK,TOT,4.0,0.008017865
2022-23,13,635,Bettinelli,GK,CHE,4.0,0.007432168
2022-23,13,571,Randolph,GK,WHU,4.0,0.0086793
2022-23,13,162,Butland,GK,CRY,4.4,0.0
2022-23,13,627,Jakupovic,GK,EVE,4.0,0.007355263
2022-23,13,348,Heaton,GK,MUN,4.0,0.005599545
2022-23,13,590,Whitworth,GK,CRY,4.0,0.007703437
2022-23,13,578,Robles,GK,LEE,4.0,0.007390822
2022-23,13,581,Smithies,GK,LEI,4.0,0.00680947
2022-23,13,424,Caballero,GK,SOU,4.0,0.00054365
2022-23,13,353,Darlow,GK,NEW,4.0,0.0
2022-23,13,517,Strakosha,GK,BRE,4.4,0.0
2022-23,13,592,H Davies,GK,LIV,4.0,0.004336801
2022-23,13,557,Jackson Smith,GK,WOL,4.0,0.003777474
2022-23,13,306,Cancelo,DEF,MCI,7.2,5.376571995
2022-23,13,285,Trent,DEF,LIV,7.3,3.251611288
2022-23,13,284,Robertson,DEF,LIV,6.7,4.525360664
2022-23,13,280,van Dijk,DEF,LIV,6.4,4.591129122
2022-23,13,312,Dias,DEF,MCI,5.9,3.976050385
2022-23,13,16,Gabriel,DEF,ARS,5.1,3.738759569
2022-23,13,457,Cresswell,DEF,WHU,4.8,4.567472048
2022-23,13,309,Laporte,DEF,MCI,5.8,3.248492311
2022-23,13,443,Romero,DEF,TOT,4.9,3.719883452
2022-23,13,165,Andersen,DEF,CRY,4.5,3.509248406
2022-23,13,357,Trippier,DEF,NEW,5.5,2.735496964
2022-23,13,430,Dier,DEF,TOT,5.1,3.536071643
2022-23,13,610,Akanji,DEF,MCI,5.0,2.928743259
2022-23,13,141,T Chalobah,DEF,CHE,4.7,3.200212458
2022-23,13,286,J Gomez,DEF,LIV,4.5,4.119990567
2022-23,13,199,Tarkowski,DEF,EVE,4.4,3.584969529
2022-23,13,448,Perisic,DEF,TOT,5.6,2.344860021
2022-23,13,26,Saliba,DEF,ARS,5.0,3.227605282
2022-23,13,475,Coady,DEF,EVE,4.9,3.535610135
2022-23,13,461,Zouma,DEF,WHU,4.5,3.794387273
2022-23,13,167,Guehi,DEF,CRY,4.3,3.226427048
2022-23,13,10,B White,DEF,ARS,4.5,3.102628806
2022-23,13,588,Kehrer,DEF,WHU,4.5,4.064391562
2022-23,13,377,Botman,DEF,NEW,4.4,2.417489082
2022-23,13,43,Cash,DEF,AVL,4.6,3.668074178
2022-23,13,484,Kilman,DEF,WOL,4.5,3.275522844
2022-23,13,39,Mings,DEF,AVL,4.3,3.583474025
2022-23,13,127,Azpilicueta,DEF,CHE,4.8,3.101411741
2022-23,13,516,Collins,DEF,WOL,4.5,3.282058351
2022-23,13,308,Ake,DEF,MCI,5.0,2.366252289
2022-23,13,139,Chilwell,DEF,CHE,5.8,2.831321785
2022-23,13,112,Cucurella,DEF,CHE,5.1,3.127579835
2022-23,13,463,Coufal,DEF,WHU,4.4,3.744274475
2022-23,13,432,Ben T Davies,DEF,TOT,4.9,2.837047494
2022-23,13,194,Mykolenko,DEF,EVE,4.5,3.229817492
2022-23,13,520,Koulibaly,DEF,CHE,5.5,2.897481149
2022-23,13,106,Dunk,DEF,BHA,4.6,1.872094523
2022-23,13,156,J Ward,DEF,CRY,4.5,3.001262062
2022-23,13,44,Konsa,DEF,AVL,4.4,3.479291785
2022-23,13,445,Emerson R,DEF,TOT,5.0,3.441456449
2022-23,13,477,Jonny,DEF,WOL,4.4,3.133559945
2022-23,13,92,Pinnock,DEF,BRE,4.4,2.927227127
2022-23,13,526,Mee,DEF,BRE,4.5,2.879088371
2022-23,13,85,Henry,DEF,BRE,4.5,2.844814341
2022-23,13,342,Dalot,DEF,MUN,4.5,2.531048946
2022-23,13,366,Schar,DEF,NEW,4.7,2.362171937
2022-23,13,109,Veltman,DEF,BHA,4.6,1.760493172
2022-23,13,358,Burn,DEF,NEW,4.5,2.153603964
2022-23,13,108,Webster,DEF,BHA,4.5,1.675371568
2022-23,13,170,Mitchell,DEF,CRY,4.5,2.854432953
2022-23,13,329,Varane,DEF,MUN,4.8,2.304624908
2022-23,13,533,L Martinez,DEF,MUN,4.5,2.107549609
2022-23,13,128,T Silva,DEF,CHE,5.4,1.751772322
2022-23,13,429,Doherty,DEF,TOT,4.6,1.414306939
2022-23,13,459,Dawson,DEF,WHU,4.8,1.996417249
2022-23,13,504,Malacia,DEF,MUN,4.5,2.00647947
2022-23,13,313,Zinchenko,DEF,ARS,5.1,0.840344931
2022-23,13,268,Justin,DEF,LEI,4.3,3.113689881
2022-23,13,258,Castagne,DEF,LEI,4.4,2.962429207
2022-23,13,33,Digne,DEF,AVL,4.7,0.546334222
2022-23,13,487,Ait-Nouri,DEF,WOL,4.3,2.476297298
2022-23,13,244,Kristensen,DEF,LEE,4.8,3.330666844
2022-23,13,197,Patterson,DEF,EVE,4.1,0.282884709
2022-23,13,545,Emerson P,DEF,WHU,4.0,2.483691616
2022-23,13,436,Sessegnon,DEF,TOT,4.5,3.049854709
2022-23,13,576,Senesi,DEF,BOU,4.5,2.321885057
2022-23,13,602,Lodi,DEF,NFO,4.5,1.36925191
2022-23,13,417,Perraud,DEF,SOU,4.5,2.519290391
2022-23,13,623,Caleta-Car,DEF,SOU,4.5,2.491437882
2022-23,13,612,Faes,DEF,LEI,4.5,2.951044859
2022-23,13,587,S Gomez,DEF,MCI,4.5,1.156629745
2022-23,13,538,Young,DEF,AVL,4.4,3.177324092
2022-23,13,482,Semedo,DEF,WOL,5.0,2.16250414
2022-23,13,302,Stones,DEF,MCI,5.4,0.965526233
2022-23,13,57,A Smith,DEF,BOU,4.4,2.237308329
2022-23,13,178,Coleman,DEF,EVE,4.5,3.150719513
2022-23,13,71,Mepham,DEF,BOU,4.4,2.196827221
2022-23,13,276,Matip,DEF,LIV,5.9,0.0
2022-23,13,59,Fredericks,DEF,BOU,4.4,2.017140208
2022-23,13,90,Roerslev,DEF,BRE,4.3,1.89820506
2022-23,13,217,Robinson,DEF,FUL,4.4,2.444379128
2022-23,13,586,Estupinan,DEF,BHA,4.5,1.406547285
2022-23,13,235,Struijk,DEF,LEE,4.5,2.146488491
2022-23,13,470,Diop,DEF,FUL,4.3,2.349849334
2022-23,13,513,Lenglet,DEF,TOT,4.8,0.982514553
2022-23,13,201,Ream,DEF,FUL,4.5,2.29901236
2022-23,13,221,Cooper,DEF,LEE,4.4,2.763354927
2022-23,13,84,Ajer,DEF,BRE,4.5,1.107519594
2022-23,13,249,Evans,DEF,LEI,4.4,0.910945883
2022-23,13,420,Salisu,DEF,SOU,4.4,2.229943588
2022-23,13,290,Konate,DEF,LIV,4.8,0.0
2022-23,13,239,Firpo,DEF,LEE,4.5,1.97451706
2022-23,13,471,Ben Johnson,DEF,WHU,4.4,1.720132554
2022-23,13,385,McKenna,DEF,NFO,4.4,1.667205648
2022-23,13,628,Aurier,DEF,NFO,4.5,1.372470056
2022-23,13,332,Shaw,DEF,MUN,4.7,0.614442982
2022-23,13,379,S Cook,DEF,NFO,4.4,1.554260846
2022-23,13,257,Amartey,DEF,LEI,4.3,2.457595126
2022-23,13,14,Tomiyasu,DEF,ARS,4.2,2.487914254
2022-23,13,330,Maguire,DEF,MUN,4.7,0.334770279
2022-23,13,341,Wan-Bissaka,DEF,MUN,4.3,0.283511269
2022-23,13,76,Zemura,DEF,BOU,4.4,1.004249749
2022-23,13,209,Adarabioyo,DEF,FUL,4.5,1.082949285
2022-23,13,292,Tsimikas,DEF,LIV,4.5,1.070888836
2022-23,13,295,N Williams,DEF,NFO,4.1,1.641788556
2022-23,13,435,D Sanchez,DEF,TOT,4.4,0.513673361
2022-23,13,388,Worrall,DEF,NFO,4.3,0.706313623
2022-23,13,228,Llorente,DEF,LEE,4.5,1.006031583
2022-23,13,410,Bednarek,DEF,AVL,4.3,0.834335542
2022-23,13,73,Kelly,DEF,BOU,4.4,0.0
2022-23,13,230,Koch,DEF,LEE,4.5,2.642238917
2022-23,13,413,Lyanco,DEF,SOU,4.4,1.937036784
2022-23,13,270,Thomas,DEF,LEI,4.3,0.854925298
2022-23,13,192,Holgate,DEF,EVE,4.4,0.826721357
2022-23,13,153,Tomkins,DEF,CRY,3.9,0.535511092
2022-23,13,157,Clyne,DEF,CRY,4.5,0.0
2022-23,13,501,N Phillips,DEF,LIV,4.0,0.380731489
2022-23,13,32,C Chambers,DEF,AVL,4.3,0.292062517
2022-23,13,337,Lindelof,DEF,MUN,4.3,0.209261964
2022-23,13,180,Keane,DEF,EVE,4.2,0.49075868
2022-23,13,595,Zanka,DEF,BRE,4.0,0.647924635
2022-23,13,215,Tete,DEF,FUL,4.5,0.5035448
2022-23,13,559,Colwill,DEF,BHA,4.4,0.129006495
2022-23,13,367,Targett,DEF,NEW,4.9,1.165581611
2022-23,13,489,Toti,DEF,WOL,3.9,0.338822776
2022-23,13,507,Niakhate,DEF,NFO,4.3,0.0
2022-23,13,253,Vestergaard,DEF,LEI,3.9,0.006138538
2022-23,13,146,R James,DEF,CHE,6.1,0.0
2022-23,13,299,Walker,DEF,MCI,5.0,0.0
2022-23,13,272,Fofana,DEF,CHE,4.4,0.0
2022-23,13,423,Bella-Kotchap,DEF,SOU,4.5,0.0
2022-23,13,78,Jansson,DEF,BRE,4.4,0.0
2022-23,13,193,Godfrey,DEF,EVE,4.3,0.0
2022-23,13,523,Toffolo,DEF,NFO,4.4,0.0
2022-23,13,510,Hickey,DEF,BRE,5.0,0.0
2022-23,13,250,Bertrand,DEF,LEI,4.0,0.0
2022-23,13,419,Livramento,DEF,SOU,4.4,0.0
2022-23,13,511,O Richards,DEF,NFO,4.4,0.0
2022-23,13,409,Walker-Peters,DEF,SOU,4.5,0.0
2022-23,13,50,Carlos,DEF,AVL,4.8,0.0
2022-23,13,472,Aguerd,DEF,WHU,4.8,0.0
2022-23,13,362,Dummett,DEF,NEW,3.9,0.0
2022-23,13,350,Ritchie,DEF,NEW,4.3,0.0
2022-23,13,226,Dallas,DEF,LEE,4.9,0.0
2022-23,13,322,Wilson-Esbrand,DEF,MCI,3.9,0.004482755
2022-23,13,573,R Lewis,DEF,MCI,3.9,0.004435747
2022-23,13,563,L Chambers,DEF,LIV,4.0,0.004460065
2022-23,13,525,Augustinsson,DEF,AVL,4.3,0.030159685
2022-23,13,267,Soyuncu,DEF,LEI,4.2,0.026057625
2022-23,13,631,Sousa,DEF,ARS,4.0,0.003936483
2022-23,13,439,Tanganga,DEF,TOT,3.9,0.004058627
2022-23,13,540,Stevens,DEF,BRE,4.0,0.003713519
2022-23,13,298,Ramsay,DEF,LIV,3.9,0.025681172
2022-23,13,598,Bevan,DEF,BOU,4.0,0.003499661
2022-23,13,386,Drager,DEF,NFO,4.0,0.003313692
2022-23,13,555,Ashby,DEF,WHU,4.0,0.003950949
2022-23,13,96,Goode,DEF,BRE,3.9,0.00356207
2022-23,13,393,Mbe Soh,DEF,NFO,4.3,0.003258741
2022-23,13,638,Bogarde,DEF,AVL,4.0,0.003776035
2022-23,13,636,Parkes,DEF,FUL,4.0,0.003577065
2022-23,13,640,Turns,DEF,BHA,4.0,0.002849702
2022-23,13,642,Balmer,DEF,CRY,4.0,0.003436058
2022-23,13,539,Hill,DEF,BOU,4.4,0.003322701
2022-23,13,605,Welch,DEF,EVE,4.0,0.003524346
2022-23,13,637,John,DEF,EVE,4.0,0.003487059
2022-23,13,273,Brunt,DEF,LEI,3.9,0.003548158
2022-23,13,243,Hjelde,DEF,LEE,3.9,0.003639768
2022-23,13,621,Bade,DEF,NFO,4.5,0.039718401
2022-23,13,474,Boly,DEF,NFO,4.2,0.343916158
2022-23,13,363,Manquillo,DEF,NEW,4.3,0.003111277
2022-23,13,56,Guilbert,DEF,AVL,3.9,0.099049363
2022-23,13,558,Bueno,DEF,WOL,4.0,0.046938575
2022-23,13,188,Mina,DEF,EVE,4.3,0.0
2022-23,13,360,Lascelles,DEF,NEW,4.3,0.325724952
2022-23,13,494,Mosquera,DEF,WOL,3.9,0.152214306
2022-23,13,343,B Williams,DEF,MUN,3.9,0.077462083
2022-23,13,1,Cedric,DEF,ARS,4.2,0.087268108
2022-23,13,522,Spence,DEF,TOT,4.2,0.402033543
2022-23,13,547,Drameh,DEF,LEE,4.0,0.105581585
2022-23,13,531,Vinagre,DEF,EVE,4.3,0.265056102
2022-23,13,530,C Richards,DEF,CRY,4.4,0.0
2022-23,13,372,J Lewis,DEF,NEW,4.4,0.208325333
2022-23,13,174,N Ferguson,DEF,CRY,3.9,0.080858543
2022-23,13,399,Biancone,DEF,NFO,4.3,0.390162789
2022-23,13,456,Ogbonna,DEF,WHU,4.4,0.509334573
2022-23,13,544,van Hecke,DEF,BHA,4.0,0.252247682
2022-23,13,105,Duffy,DEF,FUL,4.4,0.348399559
2022-23,13,404,Stephens,DEF,BOU,4.3,0.205483218
2022-23,13,613,Kurzawa,DEF,FUL,4.5,0.076448277
2022-23,13,82,Canos,DEF,BRE,5.0,0.619666953
2022-23,13,8,Tierney,DEF,ARS,4.8,1.698914749
2022-23,13,532,Mbabu,DEF,FUL,4.4,1.673975216
2022-23,13,222,Ayling,DEF,LEE,4.5,0.61137805
2022-23,13,5,Holding,DEF,ARS,4.2,0.501924019
2022-23,13,65,Stacey,DEF,BOU,4.3,0.939486328
2022-23,13,622,Larios,DEF,SOU,4.0,0.924816195
2022-23,13,114,Lamptey,DEF,BHA,4.3,1.053829938
2022-23,13,283,Salah,MID,LIV,12.8,6.361037403
2022-23,13,301,De Bruyne,MID,MCI,12.4,5.246584094
2022-23,13,428,Son,MID,TOT,11.7,5.199277084
2022-23,13,465,Bowen,MID,WHU,8.1,5.779132044
2022-23,13,314,Foden,MID,MCI,8.1,4.613833288
2022-23,13,19,Martinelli,MID,ARS,6.6,5.145355567
2022-23,13,13,Saka,MID,ARS,7.8,4.485639486
2022-23,13,333,Fernandes,MID,MUN,9.8,3.9130712
2022-23,13,160,Zaha,MID,CRY,7.3,4.1651742
2022-23,13,311,B Silva,MID,MCI,7.0,3.905375048
2022-23,13,335,Rashford,MID,MUN,6.5,3.401688221
2022-23,13,7,Odegaard,MID,ARS,6.5,4.153959784
2022-23,13,304,Sterling,MID,CHE,10.0,4.072403119
2022-23,13,169,Eze,MID,CRY,5.5,3.670149287
2022-23,13,189,D Gray,MID,EVE,5.5,3.687281118
2022-23,13,142,Mount,MID,CHE,7.6,4.081598735
2022-23,13,261,Maddison,MID,LEI,8.1,3.85426389
2022-23,13,468,Soucek,MID,WHU,5.4,4.121000194
2022-23,13,340,Sancho,MID,MUN,7.3,3.091034104
2022-23,13,111,Trossard,MID,BHA,6.7,2.838974473
2022-23,13,407,Ward-Prowse,MID,SOU,6.4,3.530022248
2022-23,13,374,Guimaraes,MID,NEW,5.6,3.001339298
2022-23,13,469,Fornals,MID,WHU,5.3,3.936025843
2022-23,13,493,Gibbs-White,MID,NFO,5.5,2.950556111
2022-23,13,305,Grealish,MID,MCI,6.8,3.367397581
2022-23,13,233,Harrison,MID,LEE,6.1,3.870239264
2022-23,13,300,Gundogan,MID,MCI,7.5,2.408960816
2022-23,13,369,Almiron,MID,NEW,5.1,2.976055872
2022-23,13,483,Podence,MID,WOL,5.5,3.610681157
2022-23,13,315,Rodri,MID,MCI,5.8,3.124378063
2022-23,13,225,Rodrigo,MID,LEE,6.3,3.793970611
2022-23,13,186,Iwobi,MID,EVE,5.5,3.136790412
2022-23,13,104,Gross,MID,BHA,5.9,2.583474862
2022-23,13,264,Barnes,MID,LEI,6.9,3.295356985
2022-23,13,116,Mac Allister,MID,BHA,5.7,2.638086111
2022-23,13,480,Neves,MID,WOL,5.5,3.378076111
2022-23,13,519,Eriksen,MID,MUN,6.3,2.577838166
2022-23,13,609,Antony,MID,MUN,7.5,2.746387055
2022-23,13,373,Willock,MID,NEW,4.9,2.91858405
2022-23,13,6,Partey,MID,ARS,4.8,3.178195086
2022-23,13,433,Hojbjerg,MID,TOT,5.5,2.923797698
2022-23,13,161,Schlupp,MID,CRY,4.9,3.036378144
2022-23,13,296,Carvalho,MID,LIV,5.4,3.134831697
2022-23,13,45,Bailey,MID,AVL,4.7,3.355597267
2022-23,13,3,Xhaka,MID,ARS,5.1,3.058443086
2022-23,13,107,March,MID,BHA,5.0,2.449426677
2022-23,13,535,Tavernier,MID,BOU,4.9,2.749422584
2022-23,13,294,Elliott,MID,LIV,5.0,3.038110986
2022-23,13,467,Rice,MID,WHU,4.9,3.241388569
2022-23,13,37,McGinn,MID,AVL,5.2,3.276520326
2022-23,13,259,Tielemans,MID,LEI,6.3,3.12814687
2022-23,13,88,Jensen,MID,BRE,5.1,2.837968896
2022-23,13,303,Mahrez,MID,MCI,7.5,2.460795516
2022-23,13,589,Nunes,MID,WOL,5.0,3.054598039
2022-23,13,508,Sinisterra,MID,LEE,6.5,3.259459665
2022-23,13,577,Onana,MID,EVE,4.9,2.77252268
2022-23,13,159,Ayew,MID,CRY,5.4,2.922154647
2022-23,13,70,Billing,MID,BOU,5.3,2.597005834
2022-23,13,275,J Henderson,MID,LIV,5.3,2.45737614
2022-23,13,47,Ramsey,MID,AVL,5.2,3.18029501
2022-23,13,503,Moutinho,MID,WOL,4.8,2.934208676
2022-23,13,195,A Gordon,MID,EVE,5.6,2.657391927
2022-23,13,346,A Pereira,MID,FUL,4.6,2.936619112
2022-23,13,29,Coutinho,MID,AVL,6.7,3.026051168
2022-23,13,212,H Wilson,MID,FUL,5.7,2.349508074
2022-23,13,365,Murphy,MID,NEW,4.3,2.657560474
2022-23,13,246,Aaronson,MID,LEE,5.5,3.032366203
2022-23,13,86,Janelt,MID,BRE,5.5,2.682507923
2022-23,13,440,Bentancur,MID,TOT,5.4,2.768602316
2022-23,13,136,Loftus-Cheek,MID,CHE,5.0,2.771419887
2022-23,13,69,Christie,MID,BOU,5.3,2.501158497
2022-23,13,171,Olise,MID,CRY,5.4,2.874983629
2022-23,13,282,Fabinho,MID,LIV,5.4,2.81114348
2022-23,13,614,Willian,MID,FUL,5.5,3.049539691
2022-23,13,579,Guedes,MID,WOL,6.0,2.855869697
2022-23,13,64,Lerma,MID,BOU,5.0,2.499867293
2022-23,13,46,Douglas Luiz,MID,AVL,4.8,2.850959912
2022-23,13,266,Dewsbury-Hall,MID,LEI,5.0,2.793511085
2022-23,13,130,Jorginho,MID,CHE,5.9,2.654210558
2022-23,13,120,Caicedo,MID,BHA,5.0,2.173174854
2022-23,13,611,Gueye,MID,EVE,5.0,2.481320379
2022-23,13,512,Aribo,MID,SOU,5.4,2.650841518
2022-23,13,406,Elyounoussi,MID,SOU,5.3,2.376596639
2022-23,13,370,S Longstaff,MID,NEW,4.4,2.405877915
2022-23,13,387,Yates,MID,NFO,5.0,2.286312298
2022-23,13,89,Wissa,MID,BRE,5.4,2.488255555
2022-23,13,593,Casemiro,MID,MUN,4.9,2.114113853
2022-23,13,277,Thiago,MID,LIV,5.2,2.587054773
2022-23,13,42,Buendia,MID,AVL,5.8,2.670663106
2022-23,13,514,C Doucoure,MID,CRY,5.0,0.0
2022-23,13,220,Palhinha,MID,FUL,5.0,2.448736227
2022-23,13,245,Roca,MID,LEE,4.9,2.666304028
2022-23,13,205,Reid,MID,FUL,5.5,2.945423974
2022-23,13,211,Reed,MID,FUL,4.5,2.382240056
2022-23,13,481,Hwang,MID,WOL,5.7,2.495912157
2022-23,13,506,T Adams,MID,LEE,5.0,2.544070533
2022-23,13,132,Kovacic,MID,CHE,4.9,2.367870826
2022-23,13,446,Kulusevski,MID,TOT,8.0,0.0
2022-23,13,527,Lingard,MID,NFO,5.6,1.709812587
2022-23,13,603,Paqueta,MID,WHU,6.0,0.0
2022-23,13,491,A Traore,MID,WOL,5.5,2.364272295
2022-23,13,67,L Cook,MID,BOU,4.9,2.081088325
2022-23,13,444,Bissouma,MID,TOT,4.7,2.356832006
2022-23,13,371,Joelinton,MID,NEW,6.0,0.0
2022-23,13,140,Pulisic,MID,CHE,5.7,1.496787756
2022-23,13,582,Freuler,MID,NFO,5.0,1.832157007
2022-23,13,534,McNeil,MID,EVE,5.2,2.083368344
2022-23,13,464,Benrahma,MID,WHU,5.7,2.440261432
2022-23,13,274,Milner,MID,LIV,4.5,2.530008945
2022-23,13,101,Lallana,MID,BHA,4.9,1.905754361
2022-23,13,265,Ndidi,MID,LEI,4.8,0.233276421
2022-23,13,368,Saint-Maximin,MID,NEW,6.4,0.0
2022-23,13,185,A Doucoure,MID,EVE,5.3,0.996491193
2022-23,13,583,Kouyate,MID,NFO,4.5,1.693135955
2022-23,13,79,Norgaard,MID,BRE,5.4,0.0
2022-23,13,359,Fraser,MID,NEW,5.3,1.830605327
2022-23,13,331,Fred,MID,MUN,5.2,1.69135885
2022-23,13,260,Perez,MID,LEI,4.8,0.912654492
2022-23,13,148,Gallagher,MID,CHE,5.7,1.915228647
2022-23,13,18,Lokonga,MID,ARS,4.4,0.381983671
2022-23,13,287,Keita,MID,LIV,4.8,0.0
2022-23,13,269,Soumare,MID,LEI,4.4,1.949395433
2022-23,13,293,Diaz,MID,LIV,8.1,0.0
2022-23,13,486,P Neto,MID,WOL,5.1,0.0
2022-23,13,53,Kamara,MID,AVL,4.8,0.0
2022-23,13,12,Smith Rowe,MID,ARS,5.6,0.0
2022-23,13,179,Townsend,MID,EVE,5.5,0.0
2022-23,13,4,Elneny,MID,ARS,4.3,0.0
2022-23,13,117,Moder,MID,BHA,4.4,0.0
2022-23,13,134,Kante,MID,CHE,4.8,0.0
2022-23,13,562,Solomon,MID,FUL,4.9,0.0
2022-23,13,620,Arthur,MID,LIV,4.9,0.0
2022-23,13,490,Chiquinho,MID,WOL,5.0,0.0
2022-23,13,325,Kalvin Phillips,MID,MCI,4.8,0.0
2022-23,13,316,Palmer,MID,MCI,4.4,0.004522244
2022-23,13,23,Nelson,MID,ARS,4.8,0.004229714
2022-23,13,546,Harris,MID,FUL,4.4,0.004262682
2022-23,13,600,Knight,MID,MCI,4.5,0.004003006
2022-23,13,632,Trevitt,MID,BRE,4.5,0.003858504
2022-23,13,452,Devine,MID,TOT,4.4,0.003819628
2022-23,13,449,H White,MID,TOT,4.4,0.003809196
2022-23,13,36,Sanson,MID,AVL,4.4,0.004050452
2022-23,13,569,Garnacho,MID,MUN,4.4,0.003563803
2022-23,13,560,Mills,MID,EVE,4.4,0.003749144
2022-23,13,347,Pellistri,MID,MUN,4.4,0.003554371
2022-23,13,566,Hodge,MID,WOL,4.4,0.003840211
2022-23,13,119,Sarmiento,MID,BHA,4.5,0.00345187
2022-23,13,584,B Clark,MID,LIV,4.5,0.0037313
2022-23,13,604,Killian Phillips,MID,CRY,4.5,0.00362716
2022-23,13,641,Godo,MID,FUL,4.5,0.003689985
2022-23,13,564,Bajcetic,MID,LIV,4.5,0.003613126
2022-23,13,553,Hammond,MID,NFO,4.4,0.003468221
2022-23,13,551,Iqbal,MID,MUN,4.3,0.003406623
2022-23,13,607,M Smith,MID,ARS,4.5,0.003477656
2022-23,13,601,Rodney,MID,CRY,4.5,0.003439058
2022-23,13,643,Mainoo,MID,MUN,4.5,0.00330742
2022-23,13,639,Braybrooke,MID,LEI,4.5,0.003491456
2022-23,13,509,Downes,MID,WHU,4.4,0.003405239
2022-23,13,556,Coventry,MID,WHU,4.4,0.003394419
2022-23,13,565,A Gray,MID,LEE,4.5,0.022938809
2022-23,13,630,Nwaneri,MID,ARS,4.5,0.020300642
2022-23,13,27,Marquinhos,MID,ARS,4.7,0.020243529
2022-23,13,247,Gyabi,MID,LEE,4.3,0.020853795
2022-23,13,60,Brooks,MID,BOU,5.3,0.0
2022-23,13,25,Vieira,MID,ARS,5.7,1.844579204
2022-23,13,61,Lowe,MID,BOU,5.2,0.035853224
2022-23,13,158,Milivojevic,MID,CRY,4.4,2.057045216
2022-23,13,321,Lavia,MID,SOU,4.5,0.09480089
2022-23,13,567,Ronan,MID,WOL,4.4,0.078159553
2022-23,13,450,P Sarr,MID,TOT,4.4,0.073571938
2022-23,13,173,Ebiowei,MID,CRY,4.3,0.071859954
2022-23,13,154,McArthur,MID,CRY,4.8,0.0
2022-23,13,381,Colback,MID,NFO,4.3,0.066403947
2022-23,13,416,I Diallo,MID,SOU,4.4,1.814995951
2022-23,13,552,Anderson,MID,NEW,4.5,0.856467429
2022-23,13,405,S Armstrong,MID,SOU,4.9,1.819802301
2022-23,13,63,Marcondes,MID,BOU,4.8,0.156635119
2022-23,13,190,T Davies,MID,EVE,4.9,0.159577914
2022-23,13,74,Dembele,MID,BOU,4.8,0.152754901
2022-23,13,240,Summerville,MID,LEE,4.4,0.279122074
2022-23,13,204,Kebano,MID,FUL,5.4,1.382682899
2022-23,13,575,Cornet,MID,WHU,5.9,0.830409011
2022-23,13,251,Albrighton,MID,LEI,4.8,0.15228727
2022-23,13,616,Zakaria,MID,CHE,5.0,0.152321432
2022-23,13,278,Chamberlain,MID,LIV,4.9,0.276000337
2022-23,13,41,Nakamba,MID,AVL,4.4,0.14988298
2022-23,13,135,Ziyech,MID,CHE,5.7,0.704112387
2022-23,13,554,Gil,MID,TOT,5.0,0.428971572
2022-23,13,568,Campbell,MID,WOL,4.4,0.361334721
2022-23,13,231,D James,MID,FUL,6.0,0.0
2022-23,13,291,C Jones,MID,LIV,4.9,0.851025277
2022-23,13,252,N Mendy,MID,LEI,4.3,0.222671503
2022-23,13,400,Walcott,MID,SOU,4.9,0.232170471
2022-23,13,349,Shelvey,MID,NEW,4.8,0.459206934
2022-23,13,336,van de Beek,MID,MUN,5.1,0.39859477
2022-23,13,83,Dasilva,MID,BRE,4.5,1.82237852
2022-23,13,124,Mitoma,MID,BHA,4.9,0.0
2022-23,13,460,Lanzini,MID,WHU,5.2,1.208393161
2022-23,13,216,Onomah,MID,FUL,4.4,0.31650271
2022-23,13,431,Lucas Moura,MID,TOT,5.8,1.300000094
2022-23,13,549,Praet,MID,LEI,4.9,1.019583792
2022-23,13,94,Baptiste,MID,BRE,4.5,1.762303901
2022-23,13,75,Anthony,MID,BOU,5.3,0.565949016
2022-23,13,580,Damsgaard,MID,BRE,5.3,0.926804805
2022-23,13,536,Mangala,MID,NFO,4.9,0.871704735
2022-23,13,93,Onyeka,MID,BRE,4.8,1.600064667
2022-23,13,505,Rothwell,MID,BOU,4.9,0.513658992
2022-23,13,629,Boubacar Traore,MID,WOL,4.5,0.541566148
2022-23,13,224,Forshaw,MID,LEE,4.5,0.202416179
2022-23,13,203,N Chalobah,MID,FUL,4.4,0.626089221
2022-23,13,441,Skipp,MID,TOT,4.4,0.680621751
2022-23,13,164,Riedewald,MID,CRY,4.4,1.054925942
2022-23,13,524,O'Brien,MID,NFO,4.9,1.269382743
2022-23,13,344,Elanga,MID,MUN,4.9,0.828795312
2022-23,13,58,Stanislas,MID,BOU,4.8,0.838079341
2022-23,13,570,Garner,MID,EVE,4.5,1.010991525
2022-23,13,87,Ghoddos,MID,BRE,4.8,0.987676435
2022-23,13,163,W Hughes,MID,CRY,4.8,0.943622531
2022-23,13,624,Edozie,MID,SOU,4.9,0.853087099
2022-23,13,200,Cairney,MID,FUL,4.8,1.332089491
2022-23,13,479,Dendoncker,MID,AVL,4.8,1.465911551
2022-23,13,21,Maitland-Niles,MID,SOU,4.8,1.583760878
2022-23,13,418,Djenepo,MID,SOU,5.0,1.492357291
2022-23,13,338,McTominay,MID,MUN,4.9,0.98137303
2022-23,13,149,Gilmour,MID,BHA,4.4,0.811223421
2022-23,13,68,Pearson,MID,BOU,4.5,1.260214453
2022-23,13,223,Klich,MID,LEE,4.7,1.573507292
2022-23,13,318,Haaland,FWD,MCI,12.2,6.538602779
2022-23,13,427,Kane,FWD,TOT,11.4,5.133760688
2022-23,13,28,Jesus,FWD,ARS,8.0,5.412672683
2022-23,13,279,Firmino,FWD,LIV,7.9,4.300768681
2022-23,13,210,Mitrovic,FWD,FUL,6.8,4.452722234
2022-23,13,356,C Wilson,FWD,NEW,7.2,3.66439513
2022-23,13,297,Nunez,FWD,LIV,8.8,3.007037998
2022-23,13,227,Bamford,FWD,LEE,7.3,4.616945372
2022-23,13,40,Watkins,FWD,AVL,7.2,4.486463869
2022-23,13,66,Solanke,FWD,BOU,5.7,3.510177877
2022-23,13,191,Calvert-Lewin,FWD,EVE,7.9,3.452075107
2022-23,13,80,Toney,FWD,BRE,7.3,3.825059442
2022-23,13,529,Scamacca,FWD,WHU,6.7,3.928961995
2022-23,13,103,Welbeck,FWD,BHA,6.5,2.71049312
2022-23,13,411,C Adams,FWD,SOU,6.4,3.253378824
2022-23,13,625,Costa,FWD,WOL,5.5,3.507990033
2022-23,13,166,Edouard,FWD,CRY,5.3,3.066031351
2022-23,13,95,Mbeumo,FWD,BRE,5.9,2.798743088
2022-23,13,145,Havertz,FWD,CHE,7.7,3.254802753
2022-23,13,394,Brennan Johnson,FWD,NFO,5.9,2.731788246
2022-23,13,271,Daka,FWD,LEI,5.7,2.809437468
2022-23,13,255,Vardy,FWD,LEI,9.2,2.741007558
2022-23,13,617,Aubameyang,FWD,CHE,9.0,2.607407304
2022-23,13,30,Ings,FWD,AVL,6.7,2.845913
2022-23,13,408,A Armstrong,FWD,SOU,5.5,2.590436162
2022-23,13,345,Martial,FWD,MUN,6.9,0.0
2022-23,13,319,Alvarez,FWD,MCI,6.1,2.114956054
2022-23,13,397,Awoniyi,FWD,NFO,5.8,1.920474946
2022-23,13,262,Iheanacho,FWD,LEI,6.2,2.17718372
2022-23,13,458,Antonio,FWD,WHU,7.1,2.235891383
2022-23,13,476,Jimenez,FWD,WOL,6.8,0.0
2022-23,13,454,Richarlison,FWD,TOT,8.5,0.0
2022-23,13,326,Ronaldo,FWD,MUN,10.2,0.780356634
2022-23,13,110,Maupay,FWD,EVE,6.1,1.703852808
2022-23,13,515,Lewis-Potter,FWD,BRE,5.3,1.341835173
2022-23,13,585,E Dennis,FWD,NFO,5.8,1.706157386
2022-23,13,594,Isak,FWD,NEW,6.9,0.0
2022-23,13,288,Jota,FWD,LIV,8.9,0.0
2022-23,13,608,Kalajdzic,FWD,WOL,5.4,0.0
2022-23,13,634,J Gordon,FWD,CRY,4.5,0.003726711
2022-23,13,591,Ablade,FWD,FUL,4.5,0.003752859
2022-23,13,596,E Ferguson,FWD,BHA,4.5,0.003380446
2022-23,13,447,Scarlett,FWD,TOT,4.5,0.00342687
2022-23,13,168,Mateta,FWD,CRY,5.3,1.910533278
2022-23,13,125,Enciso,FWD,BHA,4.8,0.068228016
2022-23,13,391,Surridge,FWD,NFO,4.8,0.59344966
2022-23,13,11,Nketiah,FWD,ARS,6.6,1.757274665
2022-23,13,528,Mara,FWD,SOU,5.4,1.354905413
2022-23,13,619,Gnonto,FWD,LEE,5.0,0.398534401
2022-23,13,237,Greenwood,FWD,LEE,4.3,0.384080454
2022-23,13,242,Gelhardt,FWD,LEE,5.2,0.976498852
2022-23,13,177,Rondon,FWD,EVE,5.0,0.613212132
2022-23,13,354,Wood,FWD,NEW,5.6,1.456740583
2022-23,13,618,Vinicius,FWD,FUL,5.5,1.241652948
2022-23,13,150,Broja,FWD,CHE,5.3,1.596836268
2022-23,13,123,Undav,FWD,BHA,5.1,0.915269246
2022-23,13,54,Archer,FWD,AVL,4.3,0.681030248
2022-23,13,62,Kieffer Moore,FWD,BOU,5.5,1.560782856
2022-23,14,281,Alisson,GK,LIV,5.4,4.695484048
2022-23,14,307,Ederson,GK,MCI,5.4,3.879594629
2022-23,14,15,Ramsdale,GK,ARS,4.9,4.780625329
2022-23,14,376,Pope,GK,NEW,5.3,4.291868417
2022-23,14,182,Pickford,GK,EVE,4.5,3.960985776
2022-23,14,152,Guaita,GK,CRY,4.5,4.171756162
2022-23,14,425,Lloris,GK,TOT,5.5,4.633305479
2022-23,14,133,Kepa,GK,CHE,4.5,3.674439565
2022-23,14,113,R Sanchez,GK,BHA,4.7,3.389441527
2022-23,14,81,Raya,GK,BRE,4.6,4.372790805
2022-23,14,327,de Gea,GK,MUN,4.9,3.69403245
2022-23,14,478,Sa,GK,WOL,5.1,3.738540151
2022-23,14,31,E Martinez,GK,AVL,4.9,3.686962621
2022-23,14,398,D Henderson,GK,NFO,4.7,2.864838801
2022-23,14,455,Fabianski,GK,WHU,5.0,2.681869375
2022-23,14,72,Travers,GK,BOU,4.3,2.676306824
2022-23,14,238,Meslier,GK,LEE,4.5,2.008585691
2022-23,14,2,Leno,GK,FUL,4.5,4.020375026
2022-23,14,422,Bazunu,GK,SOU,4.5,3.195534232
2022-23,14,254,D Ward,GK,LEI,4.1,1.771414551
2022-23,14,147,E Mendy,GK,CHE,4.8,0.423155753
2022-23,14,473,Areola,GK,WHU,4.3,0.226597281
2022-23,14,548,Iversen,GK,LEI,3.9,0.266148355
2022-23,14,175,Johnstone,GK,CRY,4.4,0.113252465
2022-23,14,289,Kelleher,GK,LIV,4.0,0.115030492
2022-23,14,24,Turner,GK,ARS,3.9,0.120079276
2022-23,14,355,Dubravka,GK,MUN,4.2,0.096909461
2022-23,14,324,Ortega,GK,MCI,3.8,0.078693205
2022-23,14,626,Karius,GK,NEW,4.0,0.097932047
2022-23,14,426,Forster,GK,TOT,3.9,0.089117127
2022-23,14,102,Steele,GK,BHA,4.0,0.068325604
2022-23,14,492,Sarkic,GK,WOL,3.9,0.06871571
2022-23,14,176,Begovic,GK,EVE,4.0,0.065741206
2022-23,14,35,Olsen,GK,AVL,4.0,0.068237957
2022-23,14,518,Hennessey,GK,NFO,3.9,0.050221163
2022-23,14,633,Cox,GK,BRE,4.0,0.076073973
2022-23,14,401,McCarthy,GK,SOU,4.3,0.069660036
2022-23,14,213,Rodak,GK,FUL,4.4,0.115542828
2022-23,14,502,Carson,GK,MCI,3.9,0.007681841
2022-23,14,497,Adrian,GK,LIV,3.9,0.008863308
2022-23,14,162,Butland,GK,CRY,4.4,0.008379739
2022-23,14,635,Bettinelli,GK,CHE,4.0,0.00768801
2022-23,14,451,Austin,GK,TOT,4.0,0.008622694
2022-23,14,236,Klaesson,GK,LEE,3.9,0.036387624
2022-23,14,348,Heaton,GK,MUN,3.9,0.007234814
2022-23,14,571,Randolph,GK,WHU,4.0,0.005456934
2022-23,14,627,Jakupovic,GK,EVE,4.0,0.006119328
2022-23,14,581,Smithies,GK,LEI,4.0,0.004197642
2022-23,14,644,Goodman,GK,CRY,4.0,0.000717399
2022-23,14,578,Robles,GK,LEE,4.0,0.003571482
2022-23,14,590,Whitworth,GK,CRY,4.0,0.000588784
2022-23,14,424,Caballero,GK,SOU,3.9,0.000631773
2022-23,14,353,Darlow,GK,NEW,3.9,0.0
2022-23,14,517,Strakosha,GK,BRE,4.3,0.0
2022-23,14,574,N Neto,GK,BOU,4.5,0.0
2022-23,14,592,H Davies,GK,LIV,4.0,0.004261377
2022-23,14,557,Jackson Smith,GK,WOL,4.0,0.003637952
2022-23,14,285,Trent,DEF,LIV,7.2,6.109865241
2022-23,14,306,Cancelo,DEF,MCI,7.4,4.616867237
2022-23,14,284,Robertson,DEF,LIV,6.7,4.711559889
2022-23,14,280,van Dijk,DEF,LIV,6.5,4.664030394
2022-23,14,312,Dias,DEF,MCI,5.9,3.426621375
2022-23,14,357,Trippier,DEF,NEW,5.8,4.184948875
2022-23,14,448,Perisic,DEF,TOT,5.5,4.0470461
2022-23,14,309,Laporte,DEF,MCI,5.8,2.835442879
2022-23,14,106,Dunk,DEF,BHA,4.7,3.326950785
2022-23,14,610,Akanji,DEF,MCI,5.0,2.48253811
2022-23,14,165,Andersen,DEF,CRY,4.5,3.903068197
2022-23,14,377,Botman,DEF,NEW,4.4,3.822461314
2022-23,14,443,Romero,DEF,TOT,4.9,3.936250654
2022-23,14,332,Shaw,DEF,MUN,4.7,3.608962963
2022-23,14,26,Saliba,DEF,ARS,5.2,4.292714415
2022-23,14,141,T Chalobah,DEF,CHE,4.7,3.518183512
2022-23,14,10,B White,DEF,ARS,4.6,4.284123301
2022-23,14,108,Webster,DEF,BHA,4.5,3.047601736
2022-23,14,366,Schar,DEF,NEW,4.9,3.862142321
2022-23,14,430,Dier,DEF,TOT,5.3,3.814627914
2022-23,14,457,Cresswell,DEF,WHU,4.8,2.570871281
2022-23,14,342,Dalot,DEF,MUN,4.7,3.599705944
2022-23,14,109,Veltman,DEF,BHA,4.7,2.680351455
2022-23,14,16,Gabriel,DEF,ARS,5.1,2.301647901
2022-23,14,199,Tarkowski,DEF,EVE,4.4,2.9527181
2022-23,14,167,Guehi,DEF,CRY,4.4,3.57652868
2022-23,14,358,Burn,DEF,NEW,4.5,3.486521574
2022-23,14,475,Coady,DEF,EVE,4.9,2.908187733
2022-23,14,139,Chilwell,DEF,CHE,5.9,2.977943338
2022-23,14,127,Azpilicueta,DEF,CHE,4.8,3.013739668
2022-23,14,286,J Gomez,DEF,LIV,4.6,3.564073589
2022-23,14,484,Kilman,DEF,WOL,4.6,2.94698882
2022-23,14,156,J Ward,DEF,CRY,4.5,3.362134364
2022-23,14,461,Zouma,DEF,WHU,4.5,2.398197305
2022-23,14,112,Cucurella,DEF,CHE,5.1,3.055940813
2022-23,14,194,Mykolenko,DEF,EVE,4.5,2.770626611
2022-23,14,533,L Martinez,DEF,MUN,4.5,3.222919676
2022-23,14,432,Ben T Davies,DEF,TOT,4.9,3.058840463
2022-23,14,516,Collins,DEF,WOL,4.5,2.889700407
2022-23,14,92,Pinnock,DEF,BRE,4.4,3.747232133
2022-23,14,526,Mee,DEF,BRE,4.5,3.718267291
2022-23,14,520,Koulibaly,DEF,CHE,5.5,2.340436746
2022-23,14,429,Doherty,DEF,TOT,4.6,2.663570785
2022-23,14,39,Mings,DEF,AVL,4.3,2.892744833
2022-23,14,43,Cash,DEF,AVL,4.6,2.881019662
2022-23,14,85,Henry,DEF,BRE,4.5,3.640297838
2022-23,14,477,Jonny,DEF,WOL,4.4,2.760651382
2022-23,14,308,Ake,DEF,MCI,5.0,2.066955399
2022-23,14,588,Kehrer,DEF,WHU,4.5,2.183502617
2022-23,14,197,Patterson,DEF,EVE,4.0,1.965178453
2022-23,14,33,Digne,DEF,AVL,4.6,1.254736722
2022-23,14,44,Konsa,DEF,AVL,4.4,2.765035507
2022-23,14,445,Emerson R,DEF,TOT,4.9,2.527431279
2022-23,14,170,Mitchell,DEF,CRY,4.5,2.965955836
2022-23,14,128,T Silva,DEF,CHE,5.4,1.729576775
2022-23,14,463,Coufal,DEF,WHU,4.2,1.92671919
2022-23,14,330,Maguire,DEF,MUN,4.7,2.128038051
2022-23,14,602,Lodi,DEF,NFO,4.3,1.426338849
2022-23,14,576,Senesi,DEF,BOU,4.5,2.311592748
2022-23,14,586,Estupinan,DEF,BHA,4.5,2.383256982
2022-23,14,14,Tomiyasu,DEF,ARS,4.2,3.614262361
2022-23,14,417,Perraud,DEF,SOU,4.4,2.900199498
2022-23,14,487,Ait-Nouri,DEF,WOL,4.3,2.210483756
2022-23,14,258,Castagne,DEF,LEI,4.5,1.953808514
2022-23,14,313,Zinchenko,DEF,ARS,5.0,1.042708726
2022-23,14,57,A Smith,DEF,BOU,4.4,2.274755048
2022-23,14,459,Dawson,DEF,WHU,4.8,0.562115192
2022-23,14,337,Lindelof,DEF,MUN,4.3,1.585543723
2022-23,14,268,Justin,DEF,LEI,4.3,1.875025599
2022-23,14,71,Mepham,DEF,BOU,4.4,2.221037025
2022-23,14,623,Caleta-Car,DEF,SOU,4.5,2.716938096
2022-23,14,385,McKenna,DEF,NFO,4.4,1.65521338
2022-23,14,59,Fredericks,DEF,BOU,4.4,1.935231311
2022-23,14,302,Stones,DEF,MCI,5.4,0.835077299
2022-23,14,545,Emerson P,DEF,WHU,4.0,1.448620825
2022-23,14,379,S Cook,DEF,NFO,4.4,1.542319196
2022-23,14,482,Semedo,DEF,WOL,5.0,1.921203802
2022-23,14,276,Matip,DEF,LIV,5.9,0.242413687
2022-23,14,290,Konate,DEF,LIV,4.8,0.768976353
2022-23,14,628,Aurier,DEF,NFO,4.5,1.376857414
2022-23,14,90,Roerslev,DEF,BRE,4.3,2.359418371
2022-23,14,436,Sessegnon,DEF,TOT,4.5,1.853485208
2022-23,14,513,Lenglet,DEF,TOT,4.8,1.068342252
2022-23,14,244,Kristensen,DEF,LEE,4.8,1.219225705
2022-23,14,209,Adarabioyo,DEF,FUL,4.5,2.510769722
2022-23,14,249,Evans,DEF,LEI,4.4,0.951272269
2022-23,14,84,Ajer,DEF,BRE,4.5,1.408524585
2022-23,14,420,Salisu,DEF,SOU,4.4,2.526957751
2022-23,14,295,N Williams,DEF,NFO,4.1,1.265681176
2022-23,14,388,Worrall,DEF,NFO,4.3,0.631465191
2022-23,14,76,Zemura,DEF,BOU,4.4,1.180930573
2022-23,14,612,Faes,DEF,LEI,4.5,1.631179649
2022-23,14,587,S Gomez,DEF,MCI,4.5,0.511000821
2022-23,14,217,Robinson,DEF,FUL,4.4,3.165704803
2022-23,14,201,Ream,DEF,FUL,4.5,3.032898449
2022-23,14,73,Kelly,DEF,BOU,4.4,0.112958968
2022-23,14,435,D Sanchez,DEF,TOT,4.4,0.548028004
2022-23,14,413,Lyanco,DEF,SOU,4.4,2.315203378
2022-23,14,292,Tsimikas,DEF,LIV,4.5,1.101838716
2022-23,14,504,Malacia,DEF,MUN,4.3,0.604109854
2022-23,14,341,Wan-Bissaka,DEF,MUN,4.3,0.474294282
2022-23,14,538,Young,DEF,AVL,4.4,2.093072249
2022-23,14,235,Struijk,DEF,LEE,4.5,1.162453581
2022-23,14,367,Targett,DEF,NEW,4.9,1.575829701
2022-23,14,157,Clyne,DEF,CRY,4.5,0.530569889
2022-23,14,471,Ben Johnson,DEF,WHU,4.4,1.036914659
2022-23,14,470,Diop,DEF,FUL,4.3,1.442039154
2022-23,14,153,Tomkins,DEF,CRY,3.9,0.388641445
2022-23,14,5,Holding,DEF,ARS,4.2,1.488186119
2022-23,14,178,Coleman,DEF,EVE,4.5,1.159769568
2022-23,14,559,Colwill,DEF,BHA,4.4,0.0
2022-23,14,228,Llorente,DEF,LEE,4.4,0.412803285
2022-23,14,410,Bednarek,DEF,AVL,4.3,0.428708057
2022-23,14,239,Firpo,DEF,LEE,4.5,0.834235835
2022-23,14,221,Cooper,DEF,LEE,4.4,0.696181009
2022-23,14,32,C Chambers,DEF,AVL,4.2,0.238636995
2022-23,14,595,Zanka,DEF,BRE,4.0,0.810264851
2022-23,14,180,Keane,DEF,EVE,4.2,0.421600049
2022-23,14,270,Thomas,DEF,LEI,4.3,0.486589176
2022-23,14,474,Boly,DEF,NFO,4.2,0.335346679
2022-23,14,192,Holgate,DEF,EVE,4.3,0.430856031
2022-23,14,360,Lascelles,DEF,NEW,4.3,0.453636952
2022-23,14,501,N Phillips,DEF,LIV,4.0,0.04495489
2022-23,14,507,Niakhate,DEF,NFO,4.3,0.0
2022-23,14,146,R James,DEF,CHE,5.9,0.0
2022-23,14,299,Walker,DEF,MCI,4.9,0.0
2022-23,14,272,Fofana,DEF,CHE,4.3,0.0
2022-23,14,329,Varane,DEF,MUN,4.8,0.0
2022-23,14,409,Walker-Peters,DEF,SOU,4.5,0.0
2022-23,14,78,Jansson,DEF,BRE,4.3,0.0
2022-23,14,193,Godfrey,DEF,EVE,4.3,0.0
2022-23,14,523,Toffolo,DEF,NFO,4.4,0.0
2022-23,14,510,Hickey,DEF,BRE,4.9,0.0
2022-23,14,419,Livramento,DEF,SOU,4.4,0.0
2022-23,14,250,Bertrand,DEF,LEI,3.9,0.0
2022-23,14,511,O Richards,DEF,NFO,4.4,0.0
2022-23,14,50,Carlos,DEF,AVL,4.7,0.0
2022-23,14,472,Aguerd,DEF,WHU,4.8,0.0
2022-23,14,362,Dummett,DEF,NEW,3.9,0.0
2022-23,14,343,B Williams,DEF,MUN,3.9,0.0
2022-23,14,350,Ritchie,DEF,NEW,4.3,0.0
2022-23,14,226,Dallas,DEF,LEE,4.9,0.0
2022-23,14,621,Bade,DEF,NFO,4.5,0.038480965
2022-23,14,253,Vestergaard,DEF,LEI,3.9,0.003852997
2022-23,14,322,Wilson-Esbrand,DEF,MCI,3.8,0.004133594
2022-23,14,573,R Lewis,DEF,MCI,3.9,0.004124327
2022-23,14,563,L Chambers,DEF,LIV,4.0,0.004460991
2022-23,14,243,Hjelde,DEF,LEE,3.9,0.0
2022-23,14,631,Sousa,DEF,ARS,4.0,0.004484013
2022-23,14,439,Tanganga,DEF,TOT,3.9,0.004224996
2022-23,14,267,Soyuncu,DEF,LEI,4.2,0.038074976
2022-23,14,640,Turns,DEF,BHA,4.0,0.003572679
2022-23,14,540,Stevens,DEF,BRE,4.0,0.004194071
2022-23,14,386,Drager,DEF,NFO,4.0,0.003243212
2022-23,14,598,Bevan,DEF,BOU,4.0,0.003533915
2022-23,14,393,Mbe Soh,DEF,NFO,4.3,0.003237631
2022-23,14,96,Goode,DEF,BRE,3.9,0.004015518
2022-23,14,539,Hill,DEF,BOU,4.4,0.003310493
2022-23,14,642,Balmer,DEF,CRY,4.0,0.003585595
2022-23,14,638,Bogarde,DEF,AVL,4.0,0.003478725
2022-23,14,636,Parkes,DEF,FUL,4.0,0.004049751
2022-23,14,555,Ashby,DEF,WHU,3.9,0.003114002
2022-23,14,605,Welch,DEF,EVE,4.0,0.003294397
2022-23,14,637,John,DEF,EVE,4.0,0.003253337
2022-23,14,298,Ramsay,DEF,LIV,3.9,0.026065016
2022-23,14,273,Brunt,DEF,LEI,3.9,0.002831203
2022-23,14,525,Augustinsson,DEF,AVL,4.3,0.10040037
2022-23,14,363,Manquillo,DEF,NEW,4.2,0.020196204
2022-23,14,56,Guilbert,DEF,AVL,3.9,0.018622771
2022-23,14,494,Mosquera,DEF,WOL,3.9,0.091848218
2022-23,14,188,Mina,DEF,EVE,4.3,0.040066149
2022-23,14,558,Bueno,DEF,WOL,3.9,0.092266289
2022-23,14,522,Spence,DEF,TOT,4.1,0.096909054
2022-23,14,1,Cedric,DEF,ARS,4.2,0.305515961
2022-23,14,646,Crama,DEF,BRE,4.0,0.037173597
2022-23,14,645,Wormleighton,DEF,LEI,4.0,0.028892519
2022-23,14,547,Drameh,DEF,LEE,4.0,0.054874017
2022-23,14,489,Toti,DEF,WOL,3.9,0.27717603
2022-23,14,544,van Hecke,DEF,BHA,4.0,0.375102269
2022-23,14,531,Vinagre,DEF,EVE,4.3,0.160501912
2022-23,14,257,Amartey,DEF,LEI,4.3,1.047341614
2022-23,14,399,Biancone,DEF,NFO,4.3,0.305438825
2022-23,14,372,J Lewis,DEF,NEW,4.4,0.08879132
2022-23,14,8,Tierney,DEF,ARS,4.8,2.192247231
2022-23,14,622,Larios,DEF,SOU,4.0,0.557206043
2022-23,14,215,Tete,DEF,FUL,4.4,0.386111877
2022-23,14,423,Bella-Kotchap,DEF,SOU,4.5,0.114727563
2022-23,14,530,C Richards,DEF,CRY,4.4,0.280000323
2022-23,14,404,Stephens,DEF,BOU,4.3,0.207360682
2022-23,14,174,N Ferguson,DEF,CRY,3.9,0.342552627
2022-23,14,456,Ogbonna,DEF,WHU,4.4,0.281264488
2022-23,14,82,Canos,DEF,BRE,5.0,0.722995127
2022-23,14,613,Kurzawa,DEF,FUL,4.4,0.095380011
2022-23,14,105,Duffy,DEF,FUL,4.3,0.77346405
2022-23,14,114,Lamptey,DEF,BHA,4.3,1.846219213
2022-23,14,532,Mbabu,DEF,FUL,4.4,0.922561896
2022-23,14,222,Ayling,DEF,LEE,4.5,0.404531255
2022-23,14,230,Koch,DEF,LEE,4.5,0.910827375
2022-23,14,65,Stacey,DEF,BOU,4.3,0.945627902
2022-23,14,283,Salah,MID,LIV,12.8,7.849380554
2022-23,14,301,De Bruyne,MID,MCI,12.3,5.378467223
2022-23,14,428,Son,MID,TOT,11.7,5.801994855
2022-23,14,314,Foden,MID,MCI,8.4,4.507204313
2022-23,14,333,Fernandes,MID,MUN,9.8,5.51477375
2022-23,14,13,Saka,MID,ARS,8.0,5.632758025
2022-23,14,19,Martinelli,MID,ARS,6.8,5.511941713
2022-23,14,335,Rashford,MID,MUN,6.6,4.696719233
2022-23,14,160,Zaha,MID,CRY,7.6,4.837777051
2022-23,14,311,B Silva,MID,MCI,6.9,3.908851837
2022-23,14,340,Sancho,MID,MUN,7.2,4.114238008
2022-23,14,111,Trossard,MID,BHA,6.8,3.594763234
2022-23,14,7,Odegaard,MID,ARS,6.4,4.707265809
2022-23,14,465,Bowen,MID,WHU,8.2,2.535593399
2022-23,14,169,Eze,MID,CRY,5.7,4.274800227
2022-23,14,189,D Gray,MID,EVE,5.4,3.692888822
2022-23,14,304,Sterling,MID,CHE,9.8,3.473241749
2022-23,14,261,Maddison,MID,LEI,8.2,3.005309583
2022-23,14,142,Mount,MID,CHE,7.7,3.54373583
2022-23,14,468,Soucek,MID,WHU,5.3,3.158305657
2022-23,14,369,Almiron,MID,NEW,5.4,3.683739634
2022-23,14,374,Guimaraes,MID,NEW,5.7,3.667980174
2022-23,14,305,Grealish,MID,MCI,6.8,3.315444606
2022-23,14,104,Gross,MID,BHA,5.6,3.23105342
2022-23,14,493,Gibbs-White,MID,NFO,5.5,2.886778645
2022-23,14,519,Eriksen,MID,MUN,6.3,3.456567141
2022-23,14,116,Mac Allister,MID,BHA,5.5,3.297256734
2022-23,14,407,Ward-Prowse,MID,SOU,6.3,3.479308998
2022-23,14,609,Antony,MID,MUN,7.6,3.561835956
2022-23,14,186,Iwobi,MID,EVE,5.5,3.221594088
2022-23,14,315,Rodri,MID,MCI,5.7,3.04882729
2022-23,14,303,Mahrez,MID,MCI,7.5,2.891030378
2022-23,14,107,March,MID,BHA,5.0,2.927810854
2022-23,14,483,Podence,MID,WOL,5.4,3.220777822
2022-23,14,264,Barnes,MID,LEI,6.9,2.664270151
2022-23,14,233,Harrison,MID,LEE,5.9,2.573416697
2022-23,14,300,Gundogan,MID,MCI,7.3,2.602252958
2022-23,14,433,Hojbjerg,MID,TOT,5.5,3.125855139
2022-23,14,535,Tavernier,MID,BOU,4.9,2.767228046
2022-23,14,469,Fornals,MID,WHU,5.2,2.896008295
2022-23,14,480,Neves,MID,WOL,5.5,3.035678055
2022-23,14,6,Partey,MID,ARS,4.8,3.459935262
2022-23,14,3,Xhaka,MID,ARS,5.1,3.478220468
2022-23,14,373,Willock,MID,NEW,4.9,3.045675245
2022-23,14,371,Joelinton,MID,NEW,5.9,3.140746859
2022-23,14,225,Rodrigo,MID,LEE,6.3,2.111205511
2022-23,14,212,H Wilson,MID,FUL,5.7,3.38544881
2022-23,14,88,Jensen,MID,BRE,4.9,3.203153298
2022-23,14,161,Schlupp,MID,CRY,4.8,3.20583948
2022-23,14,195,A Gordon,MID,EVE,5.4,2.757169351
2022-23,14,296,Carvalho,MID,LIV,5.4,3.074611145
2022-23,14,70,Billing,MID,BOU,5.3,2.625534066
2022-23,14,294,Elliott,MID,LIV,5.0,3.082251703
2022-23,14,275,J Henderson,MID,LIV,5.3,3.059704678
2022-23,14,577,Onana,MID,EVE,4.9,2.701593851
2022-23,14,45,Bailey,MID,AVL,4.6,2.635711091
2022-23,14,589,Nunes,MID,WOL,5.0,2.831737298
2022-23,14,346,A Pereira,MID,FUL,4.6,3.194825803
2022-23,14,614,Willian,MID,FUL,5.5,3.392366867
2022-23,14,159,Ayew,MID,CRY,5.4,3.001078295
2022-23,14,259,Tielemans,MID,LEI,6.3,2.542825023
2022-23,14,467,Rice,MID,WHU,4.8,2.504297245
2022-23,14,37,McGinn,MID,AVL,5.2,2.641935417
2022-23,14,69,Christie,MID,BOU,5.3,2.533686411
2022-23,14,64,Lerma,MID,BOU,4.9,2.533273013
2022-23,14,593,Casemiro,MID,MUN,4.9,2.762484188
2022-23,14,603,Paqueta,MID,WHU,5.9,0.964170455
2022-23,14,503,Moutinho,MID,WOL,4.8,2.712137725
2022-23,14,86,Janelt,MID,BRE,5.5,2.987965354
2022-23,14,120,Caicedo,MID,BHA,5.0,2.537888945
2022-23,14,440,Bentancur,MID,TOT,5.4,2.931131268
2022-23,14,205,Reid,MID,FUL,5.5,3.375256048
2022-23,14,136,Loftus-Cheek,MID,CHE,5.0,2.65982579
2022-23,14,387,Yates,MID,NFO,5.0,2.25927341
2022-23,14,514,C Doucoure,MID,CRY,5.0,2.837633269
2022-23,14,282,Fabinho,MID,LIV,5.3,2.772291585
2022-23,14,508,Sinisterra,MID,LEE,6.5,1.946116469
2022-23,14,491,A Traore,MID,WOL,5.5,2.546902148
2022-23,14,47,Ramsey,MID,AVL,5.2,2.520805462
2022-23,14,171,Olise,MID,CRY,5.4,2.975717332
2022-23,14,246,Aaronson,MID,LEE,5.5,2.263599117
2022-23,14,130,Jorginho,MID,CHE,5.9,2.621368546
2022-23,14,29,Coutinho,MID,AVL,6.6,2.353370166
2022-23,14,89,Wissa,MID,BRE,5.4,2.785664662
2022-23,14,266,Dewsbury-Hall,MID,LEI,5.0,2.363664223
2022-23,14,611,Gueye,MID,EVE,5.0,2.413383804
2022-23,14,46,Douglas Luiz,MID,AVL,4.8,2.384596803
2022-23,14,406,Elyounoussi,MID,SOU,5.2,2.357426663
2022-23,14,370,S Longstaff,MID,NEW,4.4,2.5317027
2022-23,14,446,Kulusevski,MID,TOT,8.0,0.263016023
2022-23,14,365,Murphy,MID,NEW,4.3,2.549537122
2022-23,14,527,Lingard,MID,NFO,5.5,1.802728317
2022-23,14,277,Thiago,MID,LIV,5.2,2.470865613
2022-23,14,211,Reed,MID,FUL,4.5,2.660236125
2022-23,14,512,Aribo,MID,SOU,5.3,2.45088602
2022-23,14,220,Palhinha,MID,FUL,5.0,2.678290475
2022-23,14,67,L Cook,MID,BOU,4.9,2.094100334
2022-23,14,464,Benrahma,MID,WHU,5.6,2.318198053
2022-23,14,42,Buendia,MID,AVL,5.7,2.113788622
2022-23,14,245,Roca,MID,LEE,4.9,1.932620555
2022-23,14,405,S Armstrong,MID,SOU,4.8,2.415995319
2022-23,14,582,Freuler,MID,NFO,5.0,1.916571886
2022-23,14,444,Bissouma,MID,TOT,4.7,2.470029912
2022-23,14,481,Hwang,MID,WOL,5.7,2.241240545
2022-23,14,534,McNeil,MID,EVE,5.2,2.096962861
2022-23,14,506,T Adams,MID,LEE,5.0,1.809129023
2022-23,14,132,Kovacic,MID,CHE,4.9,1.788219326
2022-23,14,579,Guedes,MID,WOL,6.0,1.999575316
2022-23,14,583,Kouyate,MID,NFO,4.5,1.966625064
2022-23,14,140,Pulisic,MID,CHE,5.7,1.349989348
2022-23,14,265,Ndidi,MID,LEI,4.8,0.85094772
2022-23,14,368,Saint-Maximin,MID,NEW,6.2,0.0
2022-23,14,331,Fred,MID,MUN,5.1,2.03790361
2022-23,14,79,Norgaard,MID,BRE,5.3,0.484324387
2022-23,14,185,A Doucoure,MID,EVE,5.3,0.997115599
2022-23,14,18,Lokonga,MID,ARS,4.4,0.407227268
2022-23,14,287,Keita,MID,LIV,4.7,0.212402295
2022-23,14,260,Perez,MID,LEI,4.7,0.780872813
2022-23,14,274,Milner,MID,LIV,4.4,1.429669278
2022-23,14,359,Fraser,MID,NEW,5.2,1.753628769
2022-23,14,293,Diaz,MID,LIV,7.9,0.0
2022-23,14,486,P Neto,MID,WOL,5.0,0.0
2022-23,14,53,Kamara,MID,AVL,4.8,0.0
2022-23,14,12,Smith Rowe,MID,ARS,5.6,0.0
2022-23,14,179,Townsend,MID,EVE,5.4,0.0
2022-23,14,4,Elneny,MID,ARS,4.2,0.0
2022-23,14,117,Moder,MID,BHA,4.4,0.0
2022-23,14,134,Kante,MID,CHE,4.8,0.0
2022-23,14,620,Arthur,MID,LIV,4.8,0.0
2022-23,14,562,Solomon,MID,FUL,4.9,0.0
2022-23,14,490,Chiquinho,MID,WOL,5.0,0.0
2022-23,14,325,Kalvin Phillips,MID,MCI,4.8,0.0
2022-23,14,316,Palmer,MID,MCI,4.3,0.00451174
2022-23,14,23,Nelson,MID,ARS,4.8,0.004508401
2022-23,14,600,Knight,MID,MCI,4.5,0.00397597
2022-23,14,546,Harris,MID,FUL,4.4,0.004389426
2022-23,14,632,Trevitt,MID,BRE,4.5,0.004137819
2022-23,14,452,Devine,MID,TOT,4.4,0.003948791
2022-23,14,569,Garnacho,MID,MUN,4.3,0.003933178
2022-23,14,449,H White,MID,TOT,4.4,0.00393312
2022-23,14,347,Pellistri,MID,MUN,4.4,0.003899875
2022-23,14,560,Mills,MID,EVE,4.4,0.003722442
2022-23,14,36,Sanson,MID,AVL,4.3,0.003658091
2022-23,14,584,B Clark,MID,LIV,4.5,0.003817768
2022-23,14,604,Killian Phillips,MID,CRY,4.5,0.003795676
2022-23,14,553,Hammond,MID,NFO,4.4,0.00344879
2022-23,14,551,Iqbal,MID,MUN,4.3,0.003657098
2022-23,14,641,Godo,MID,FUL,4.5,0.003786836
2022-23,14,564,Bajcetic,MID,LIV,4.4,0.003695963
2022-23,14,643,Mainoo,MID,MUN,4.5,0.003550843
2022-23,14,607,M Smith,MID,ARS,4.5,0.003619851
2022-23,14,601,Rodney,MID,CRY,4.5,0.003515955
2022-23,14,639,Braybrooke,MID,LEI,4.5,0.003318142
2022-23,14,509,Downes,MID,WHU,4.3,0.003151801
2022-23,14,556,Coventry,MID,WHU,4.4,0.003119212
2022-23,14,565,A Gray,MID,LEE,4.5,0.0
2022-23,14,321,Lavia,MID,SOU,4.5,0.826937312
2022-23,14,630,Nwaneri,MID,ARS,4.5,0.021540238
2022-23,14,27,Marquinhos,MID,ARS,4.7,0.021489043
2022-23,14,247,Gyabi,MID,LEE,4.3,0.017963444
2022-23,14,60,Brooks,MID,BOU,5.3,0.0
2022-23,14,148,Gallagher,MID,CHE,5.7,1.76786727
2022-23,14,61,Lowe,MID,BOU,5.2,0.035988623
2022-23,14,567,Ronan,MID,WOL,4.4,0.037354252
2022-23,14,566,Hodge,MID,WOL,4.4,0.036776529
2022-23,14,647,Payne,MID,SOU,4.5,0.033792823
2022-23,14,648,Finnigan,MID,SOU,4.5,0.033511416
2022-23,14,101,Lallana,MID,BHA,4.9,1.542653979
2022-23,14,552,Anderson,MID,NEW,4.4,0.388532155
2022-23,14,450,P Sarr,MID,TOT,4.3,0.075568595
2022-23,14,173,Ebiowei,MID,CRY,4.3,0.075931788
2022-23,14,381,Colback,MID,NFO,4.3,0.066029046
2022-23,14,25,Vieira,MID,ARS,5.7,1.941547197
2022-23,14,63,Marcondes,MID,BOU,4.7,0.15760051
2022-23,14,190,T Davies,MID,EVE,4.9,0.157965375
2022-23,14,74,Dembele,MID,BOU,4.7,0.15323283
2022-23,14,154,McArthur,MID,CRY,4.8,0.084149915
2022-23,14,269,Soumare,MID,LEI,4.4,1.384409881
2022-23,14,251,Albrighton,MID,LEI,4.7,0.140987322
2022-23,14,616,Zakaria,MID,CHE,5.0,0.147286277
2022-23,14,41,Nakamba,MID,AVL,4.3,0.141019714
2022-23,14,291,C Jones,MID,LIV,4.9,0.597676696
2022-23,14,336,van de Beek,MID,MUN,5.1,0.253143731
2022-23,14,431,Lucas Moura,MID,TOT,5.8,1.476419174
2022-23,14,278,Chamberlain,MID,LIV,4.9,0.586690681
2022-23,14,575,Cornet,MID,WHU,5.9,0.491442618
2022-23,14,554,Gil,MID,TOT,5.0,0.329652947
2022-23,14,252,N Mendy,MID,LEI,4.3,0.214549941
2022-23,14,135,Ziyech,MID,CHE,5.6,0.651056901
2022-23,14,568,Campbell,MID,WOL,4.4,0.332736735
2022-23,14,83,Dasilva,MID,BRE,4.3,1.950161967
2022-23,14,349,Shelvey,MID,NEW,4.8,0.823085734
2022-23,14,460,Lanzini,MID,WHU,5.1,1.651965099
2022-23,14,231,D James,MID,FUL,6.0,1.740431331
2022-23,14,158,Milivojevic,MID,CRY,4.3,1.345255192
2022-23,14,400,Walcott,MID,SOU,4.9,0.497397952
2022-23,14,216,Onomah,MID,FUL,4.3,0.326297616
2022-23,14,94,Baptiste,MID,BRE,4.5,1.942088311
2022-23,14,549,Praet,MID,LEI,4.8,0.666229882
2022-23,14,240,Summerville,MID,LEE,4.4,0.44904153
2022-23,14,119,Sarmiento,MID,BHA,4.5,0.521615979
2022-23,14,75,Anthony,MID,BOU,5.3,1.103895194
2022-23,14,164,Riedewald,MID,CRY,4.4,0.535971055
2022-23,14,536,Mangala,MID,NFO,4.9,0.905978649
2022-23,14,204,Kebano,MID,FUL,5.4,0.994146425
2022-23,14,580,Damsgaard,MID,BRE,5.2,0.979642467
2022-23,14,93,Onyeka,MID,BRE,4.8,1.698132349
2022-23,14,21,Maitland-Niles,MID,SOU,4.8,1.120966732
2022-23,14,344,Elanga,MID,MUN,4.8,0.950134465
2022-23,14,524,O'Brien,MID,NFO,4.9,0.957145812
2022-23,14,124,Mitoma,MID,BHA,4.9,0.69846818
2022-23,14,505,Rothwell,MID,BOU,4.9,0.516276942
2022-23,14,416,I Diallo,MID,SOU,4.3,1.227403189
2022-23,14,58,Stanislas,MID,BOU,4.8,0.848414355
2022-23,14,629,Boubacar Traore,MID,WOL,4.5,0.514703492
2022-23,14,441,Skipp,MID,TOT,4.4,0.614810122
2022-23,14,624,Edozie,MID,SOU,4.8,0.685072949
2022-23,14,203,N Chalobah,MID,FUL,4.4,0.649568688
2022-23,14,570,Garner,MID,EVE,4.5,0.999231892
2022-23,14,163,W Hughes,MID,CRY,4.8,0.500156368
2022-23,14,87,Ghoddos,MID,BRE,4.8,1.04921748
2022-23,14,224,Forshaw,MID,LEE,4.4,0.383457255
2022-23,14,418,Djenepo,MID,SOU,5.0,1.38408064
2022-23,14,200,Cairney,MID,FUL,4.7,1.383163445
2022-23,14,149,Gilmour,MID,BHA,4.4,0.862862962
2022-23,14,338,McTominay,MID,MUN,4.9,1.10110867
2022-23,14,479,Dendoncker,MID,AVL,4.7,1.317996322
2022-23,14,68,Pearson,MID,BOU,4.4,1.26992876
2022-23,14,223,Klich,MID,LEE,4.7,1.349832504
2022-23,14,318,Haaland,FWD,MCI,12.2,5.616193308
2022-23,14,427,Kane,FWD,TOT,11.5,5.844189624
2022-23,14,28,Jesus,FWD,ARS,8.0,6.034869773
2022-23,14,297,Nunez,FWD,LIV,8.8,4.923492667
2022-23,14,356,C Wilson,FWD,NEW,7.3,4.451292481
2022-23,14,279,Firmino,FWD,LIV,8.1,4.617362153
2022-23,14,210,Mitrovic,FWD,FUL,6.8,4.672130494
2022-23,14,191,Calvert-Lewin,FWD,EVE,7.9,3.623394049
2022-23,14,80,Toney,FWD,BRE,7.5,4.543124078
2022-23,14,227,Bamford,FWD,LEE,7.2,3.012667201
2022-23,14,40,Watkins,FWD,AVL,7.2,3.359004853
2022-23,14,103,Welbeck,FWD,BHA,6.5,3.210719692
2022-23,14,66,Solanke,FWD,BOU,5.8,1.946912
2022-23,14,529,Scamacca,FWD,WHU,6.8,2.83647015
2022-23,14,166,Edouard,FWD,CRY,5.4,3.459475723
2022-23,14,95,Mbeumo,FWD,BRE,5.8,3.178019633
2022-23,14,625,Costa,FWD,WOL,5.5,3.222744486
2022-23,14,411,C Adams,FWD,SOU,6.4,3.022108166
2022-23,14,394,Brennan Johnson,FWD,NFO,5.7,2.519271715
2022-23,14,145,Havertz,FWD,CHE,7.7,2.828458888
2022-23,14,271,Daka,FWD,LEI,5.7,2.340108278
2022-23,14,255,Vardy,FWD,LEI,9.1,2.334674524
2022-23,14,319,Alvarez,FWD,MCI,6.0,2.535540669
2022-23,14,397,Awoniyi,FWD,NFO,5.7,2.145280828
2022-23,14,617,Aubameyang,FWD,CHE,8.9,2.251981333
2022-23,14,408,A Armstrong,FWD,SOU,5.5,2.529663572
2022-23,14,30,Ings,FWD,AVL,6.6,2.221005299
2022-23,14,262,Iheanacho,FWD,LEI,6.1,1.841117775
2022-23,14,326,Ronaldo,FWD,MUN,10.2,0.977615685
2022-23,14,454,Richarlison,FWD,TOT,8.4,0.218476838
2022-23,14,476,Jimenez,FWD,WOL,6.8,0.0
2022-23,14,458,Antonio,FWD,WHU,7.0,1.761193702
2022-23,14,345,Martial,FWD,MUN,6.7,0.234390963
2022-23,14,110,Maupay,FWD,EVE,6.1,1.758012938
2022-23,14,585,E Dennis,FWD,NFO,5.8,1.670700524
2022-23,14,515,Lewis-Potter,FWD,BRE,5.2,1.460399315
2022-23,14,62,Kieffer Moore,FWD,BOU,5.4,2.244730325
2022-23,14,594,Isak,FWD,NEW,6.7,0.0
2022-23,14,288,Jota,FWD,LIV,8.9,0.0
2022-23,14,608,Kalajdzic,FWD,WOL,5.3,0.0
2022-23,14,634,J Gordon,FWD,CRY,4.5,0.003961398
2022-23,14,591,Ablade,FWD,FUL,4.5,0.003804117
2022-23,14,596,E Ferguson,FWD,BHA,4.5,0.003517249
2022-23,14,447,Scarlett,FWD,TOT,4.5,0.003490297
2022-23,14,125,Enciso,FWD,BHA,4.7,0.072887759
2022-23,14,168,Mateta,FWD,CRY,5.2,1.869506014
2022-23,14,619,Gnonto,FWD,LEE,5.0,0.137565594
2022-23,14,391,Surridge,FWD,NFO,4.8,0.582676685
2022-23,14,237,Greenwood,FWD,LEE,4.3,0.271606532
2022-23,14,528,Mara,FWD,SOU,5.3,0.938884163
2022-23,14,354,Wood,FWD,NEW,5.6,1.582060712
2022-23,14,177,Rondon,FWD,EVE,5.0,0.623911264
2022-23,14,11,Nketiah,FWD,ARS,6.5,1.779767242
2022-23,14,242,Gelhardt,FWD,LEE,5.2,0.796490475
2022-23,14,123,Undav,FWD,BHA,5.1,1.123120026
2022-23,14,150,Broja,FWD,CHE,5.3,1.493442463
2022-23,14,618,Vinicius,FWD,FUL,5.5,1.273668974
2022-23,14,54,Archer,FWD,AVL,4.3,0.620824031
2022-23,15,307,Ederson,GK,MCI,5.4,4.471227062
2022-23,15,182,Pickford,GK,EVE,4.5,3.851416449
2022-23,15,281,Alisson,GK,LIV,5.4,3.565649564
2022-23,15,113,R Sanchez,GK,BHA,4.7,4.07168879
2022-23,15,398,D Henderson,GK,NFO,4.7,3.9997682
2022-23,15,152,Guaita,GK,CRY,4.5,3.545014727
2022-23,15,376,Pope,GK,NEW,5.3,4.150511879
2022-23,15,238,Meslier,GK,LEE,4.5,4.686946073
2022-23,15,327,de Gea,GK,MUN,4.9,3.633233658
2022-23,15,15,Ramsdale,GK,ARS,4.9,3.171650115
2022-23,15,72,Travers,GK,BOU,4.3,3.435046806
2022-23,15,147,E Mendy,GK,CHE,4.8,3.63735772
2022-23,15,478,Sa,GK,WOL,5.1,3.862000465
2022-23,15,425,Lloris,GK,TOT,5.5,2.981556117
2022-23,15,455,Fabianski,GK,WHU,5.0,3.001634926
2022-23,15,31,E Martinez,GK,AVL,4.9,3.216256452
2022-23,15,81,Raya,GK,BRE,4.6,4.661920221
2022-23,15,254,D Ward,GK,LEI,4.1,3.186957118
2022-23,15,422,Bazunu,GK,SOU,4.5,3.247310685
2022-23,15,2,Leno,GK,FUL,4.5,1.652619183
2022-23,15,473,Areola,GK,WHU,4.3,1.013965724
2022-23,15,548,Iversen,GK,LEI,3.9,0.456799451
2022-23,15,133,Kepa,GK,CHE,4.5,0.0
2022-23,15,35,Olsen,GK,AVL,4.0,0.273978803
2022-23,15,175,Johnstone,GK,CRY,4.4,0.096954827
2022-23,15,289,Kelleher,GK,LIV,4.0,0.087808904
2022-23,15,324,Ortega,GK,MCI,3.8,0.090282194
2022-23,15,355,Dubravka,GK,MUN,4.2,0.093737337
2022-23,15,626,Karius,GK,NEW,4.0,0.094446525
2022-23,15,102,Steele,GK,BHA,4.0,0.077216186
2022-23,15,518,Hennessey,GK,NFO,3.9,0.070501167
2022-23,15,176,Begovic,GK,EVE,4.0,0.06755051
2022-23,15,426,Forster,GK,TOT,3.9,0.060749528
2022-23,15,492,Sarkic,GK,WOL,3.9,0.074596532
2022-23,15,236,Klaesson,GK,LEE,3.9,0.084343387
2022-23,15,635,Bettinelli,GK,CHE,4.0,0.075225205
2022-23,15,24,Turner,GK,ARS,3.9,0.031792314
2022-23,15,401,McCarthy,GK,SOU,4.3,0.071210432
2022-23,15,502,Carson,GK,MCI,3.9,0.008891139
2022-23,15,633,Cox,GK,BRE,4.0,0.074185342
2022-23,15,162,Butland,GK,CRY,4.4,0.007134459
2022-23,15,497,Adrian,GK,LIV,3.9,0.00681242
2022-23,15,571,Randolph,GK,WHU,4.0,0.007946488
2022-23,15,451,Austin,GK,TOT,4.0,0.006015884
2022-23,15,348,Heaton,GK,MUN,3.9,0.006889167
2022-23,15,627,Jakupovic,GK,EVE,4.0,0.006435419
2022-23,15,578,Robles,GK,LEE,4.0,0.008351143
2022-23,15,581,Smithies,GK,LEI,4.0,0.006750002
2022-23,15,644,Goodman,GK,CRY,4.0,0.000612841
2022-23,15,590,Whitworth,GK,CRY,4.0,0.000511801
2022-23,15,353,Darlow,GK,NEW,3.9,0.0
2022-23,15,517,Strakosha,GK,BRE,4.3,0.0
2022-23,15,574,N Neto,GK,BOU,4.5,0.0
2022-23,15,424,Caballero,GK,SOU,3.9,0.000657637
2022-23,15,592,H Davies,GK,LIV,4.0,0.003727434
2022-23,15,557,Jackson Smith,GK,WOL,4.0,0.003899755
2022-23,15,213,Rodak,GK,FUL,4.4,0.047348798
2022-23,15,306,Cancelo,DEF,MCI,7.4,5.641667376
2022-23,15,285,Trent,DEF,LIV,7.2,4.13131747
2022-23,15,312,Dias,DEF,MCI,5.9,4.001890225
2022-23,15,284,Robertson,DEF,LIV,6.7,3.403411049
2022-23,15,280,van Dijk,DEF,LIV,6.5,3.331537272
2022-23,15,106,Dunk,DEF,BHA,4.7,3.666231088
2022-23,15,457,Cresswell,DEF,WHU,4.8,3.839089715
2022-23,15,357,Trippier,DEF,NEW,5.8,3.784137776
2022-23,15,309,Laporte,DEF,MCI,5.8,3.026007296
2022-23,15,108,Webster,DEF,BHA,4.5,3.526922491
2022-23,15,610,Akanji,DEF,MCI,5.0,2.745980181
2022-23,15,448,Perisic,DEF,TOT,5.5,2.914217034
2022-23,15,461,Zouma,DEF,WHU,4.5,3.675877518
2022-23,15,141,T Chalobah,DEF,CHE,4.7,3.487535605
2022-23,15,109,Veltman,DEF,BHA,4.7,3.041464957
2022-23,15,199,Tarkowski,DEF,EVE,4.4,3.245833908
2022-23,15,165,Andersen,DEF,CRY,4.5,3.037845807
2022-23,15,16,Gabriel,DEF,ARS,5.1,2.9325828
2022-23,15,112,Cucurella,DEF,CHE,5.1,3.446603798
2022-23,15,377,Botman,DEF,NEW,4.4,3.442828613
2022-23,15,332,Shaw,DEF,MUN,4.7,3.158753665
2022-23,15,128,T Silva,DEF,CHE,5.4,3.171187813
2022-23,15,475,Coady,DEF,EVE,4.9,3.173137845
2022-23,15,588,Kehrer,DEF,WHU,4.5,3.423939877
2022-23,15,33,Digne,DEF,AVL,4.6,3.065532457
2022-23,15,520,Koulibaly,DEF,CHE,5.5,3.22397134
2022-23,15,628,Aurier,DEF,NFO,4.5,3.11503603
2022-23,15,194,Mykolenko,DEF,EVE,4.5,3.010439415
2022-23,15,484,Kilman,DEF,WOL,4.6,3.43576754
2022-23,15,342,Dalot,DEF,MUN,4.7,3.171140106
2022-23,15,516,Collins,DEF,WOL,4.5,3.371677464
2022-23,15,302,Stones,DEF,MCI,5.4,3.205662223
2022-23,15,430,Dier,DEF,TOT,5.3,2.506313446
2022-23,15,463,Coufal,DEF,WHU,4.2,2.806492313
2022-23,15,443,Romero,DEF,TOT,4.9,1.525338235
2022-23,15,167,Guehi,DEF,CRY,4.4,2.774485858
2022-23,15,366,Schar,DEF,NEW,4.9,2.475094619
2022-23,15,358,Burn,DEF,NEW,4.5,3.103733653
2022-23,15,156,J Ward,DEF,CRY,4.5,2.645350052
2022-23,15,477,Jonny,DEF,WOL,4.4,3.190219058
2022-23,15,244,Kristensen,DEF,LEE,4.8,3.869736935
2022-23,15,26,Saliba,DEF,ARS,5.2,2.648663598
2022-23,15,43,Cash,DEF,AVL,4.6,3.009765104
2022-23,15,576,Senesi,DEF,BOU,4.5,2.446213796
2022-23,15,39,Mings,DEF,AVL,4.3,2.963145561
2022-23,15,197,Patterson,DEF,EVE,4.0,2.559668876
2022-23,15,127,Azpilicueta,DEF,CHE,4.8,2.487029177
2022-23,15,385,McKenna,DEF,NFO,4.4,2.87296244
2022-23,15,586,Estupinan,DEF,BHA,4.5,2.812586709
2022-23,15,533,L Martinez,DEF,MUN,4.5,2.875004573
2022-23,15,445,Emerson R,DEF,TOT,4.9,2.383256337
2022-23,15,258,Castagne,DEF,LEI,4.5,2.967195083
2022-23,15,308,Ake,DEF,MCI,5.0,1.789378354
2022-23,15,268,Justin,DEF,LEI,4.3,3.020569568
2022-23,15,44,Konsa,DEF,AVL,4.4,2.825362703
2022-23,15,10,B White,DEF,ARS,4.6,2.402993082
2022-23,15,379,S Cook,DEF,NFO,4.4,2.582781255
2022-23,15,290,Konate,DEF,LIV,4.8,2.249577786
2022-23,15,459,Dawson,DEF,WHU,4.8,1.908592636
2022-23,15,602,Lodi,DEF,NFO,4.3,2.488557664
2022-23,15,313,Zinchenko,DEF,ARS,5.0,1.687402946
2022-23,15,432,Ben T Davies,DEF,TOT,4.9,1.832978052
2022-23,15,57,A Smith,DEF,BOU,4.4,2.519114188
2022-23,15,170,Mitchell,DEF,CRY,4.5,2.443404229
2022-23,15,235,Struijk,DEF,LEE,4.5,3.364766023
2022-23,15,545,Emerson P,DEF,WHU,4.0,2.167861929
2022-23,15,487,Ait-Nouri,DEF,WOL,4.3,2.542488583
2022-23,15,71,Mepham,DEF,BOU,4.4,2.335060044
2022-23,15,330,Maguire,DEF,MUN,4.7,2.090749567
2022-23,15,526,Mee,DEF,BRE,4.5,3.540269647
2022-23,15,612,Faes,DEF,LEI,4.5,2.74869048
2022-23,15,76,Zemura,DEF,BOU,4.4,1.552234374
2022-23,15,59,Fredericks,DEF,BOU,4.4,2.220308661
2022-23,15,92,Pinnock,DEF,BRE,4.4,3.498025976
2022-23,15,295,N Williams,DEF,NFO,4.1,2.043207208
2022-23,15,429,Doherty,DEF,TOT,4.6,1.164343553
2022-23,15,249,Evans,DEF,LEI,4.4,2.02167747
2022-23,15,85,Henry,DEF,BRE,4.5,3.417340953
2022-23,15,436,Sessegnon,DEF,TOT,4.5,2.112198996
2022-23,15,286,J Gomez,DEF,LIV,4.6,1.202240026
2022-23,15,513,Lenglet,DEF,TOT,4.8,1.904795923
2022-23,15,276,Matip,DEF,LIV,5.9,0.176202179
2022-23,15,482,Semedo,DEF,WOL,5.0,2.186795547
2022-23,15,221,Cooper,DEF,LEE,4.4,2.61110831
2022-23,15,388,Worrall,DEF,NFO,4.3,1.085930034
2022-23,15,239,Firpo,DEF,LEE,4.5,2.25746131
2022-23,15,337,Lindelof,DEF,MUN,4.3,1.286995041
2022-23,15,417,Perraud,DEF,SOU,4.4,3.067760215
2022-23,15,623,Caleta-Car,DEF,SOU,4.5,2.982625198
2022-23,15,230,Koch,DEF,LEE,4.5,2.688480267
2022-23,15,587,S Gomez,DEF,MCI,4.5,0.610420568
2022-23,15,228,Llorente,DEF,LEE,4.4,1.173265055
2022-23,15,471,Ben Johnson,DEF,WHU,4.4,1.105225561
2022-23,15,157,Clyne,DEF,CRY,4.5,1.065514077
2022-23,15,193,Godfrey,DEF,EVE,4.3,0.416469034
2022-23,15,341,Wan-Bissaka,DEF,MUN,4.3,0.485633994
2022-23,15,270,Thomas,DEF,LEI,4.3,0.828306315
2022-23,15,435,D Sanchez,DEF,TOT,4.4,0.384294058
2022-23,15,257,Amartey,DEF,LEI,4.3,1.269818019
2022-23,15,504,Malacia,DEF,MUN,4.3,0.541808449
2022-23,15,559,Colwill,DEF,BHA,4.4,0.733261989
2022-23,15,84,Ajer,DEF,BRE,4.5,1.317896366
2022-23,15,292,Tsimikas,DEF,LIV,4.5,0.83296767
2022-23,15,90,Roerslev,DEF,BRE,4.3,2.21830981
2022-23,15,474,Boly,DEF,NFO,4.2,0.510665935
2022-23,15,367,Targett,DEF,NEW,4.9,1.976969297
2022-23,15,420,Salisu,DEF,SOU,4.4,2.543450015
2022-23,15,410,Bednarek,DEF,AVL,4.3,0.443392306
2022-23,15,178,Coleman,DEF,EVE,4.5,1.000670656
2022-23,15,32,C Chambers,DEF,AVL,4.2,0.245809954
2022-23,15,8,Tierney,DEF,ARS,4.8,2.008764743
2022-23,15,192,Holgate,DEF,EVE,4.3,0.214736882
2022-23,15,153,Tomkins,DEF,CRY,3.9,0.30739513
2022-23,15,501,N Phillips,DEF,LIV,4.0,0.032991856
2022-23,15,558,Bueno,DEF,WOL,3.9,0.455746443
2022-23,15,621,Bade,DEF,NFO,4.5,0.060298575
2022-23,15,267,Soyuncu,DEF,LEI,4.2,0.11936849
2022-23,15,360,Lascelles,DEF,NEW,4.3,0.653330414
2022-23,15,507,Niakhate,DEF,NFO,4.3,0.048377349
2022-23,15,253,Vestergaard,DEF,LEI,3.9,0.00598809
2022-23,15,146,R James,DEF,CHE,5.9,0.0
2022-23,15,299,Walker,DEF,MCI,4.9,0.0
2022-23,15,272,Fofana,DEF,CHE,4.3,0.0
2022-23,15,139,Chilwell,DEF,CHE,5.9,0.0
2022-23,15,329,Varane,DEF,MUN,4.8,0.0
2022-23,15,409,Walker-Peters,DEF,SOU,4.5,0.0
2022-23,15,78,Jansson,DEF,BRE,4.3,0.0
2022-23,15,73,Kelly,DEF,BOU,4.4,0.0
2022-23,15,510,Hickey,DEF,BRE,4.9,0.0
2022-23,15,419,Livramento,DEF,SOU,4.4,0.0
2022-23,15,523,Toffolo,DEF,NFO,4.4,0.0
2022-23,15,250,Bertrand,DEF,LEI,3.9,0.0
2022-23,15,399,Biancone,DEF,NFO,4.3,0.0
2022-23,15,511,O Richards,DEF,NFO,4.4,0.0
2022-23,15,50,Carlos,DEF,AVL,4.7,0.0
2022-23,15,472,Aguerd,DEF,WHU,4.8,0.0
2022-23,15,362,Dummett,DEF,NEW,3.9,0.0
2022-23,15,343,B Williams,DEF,MUN,3.9,0.0
2022-23,15,350,Ritchie,DEF,NEW,4.3,0.0
2022-23,15,226,Dallas,DEF,LEE,4.9,0.0
2022-23,15,322,Wilson-Esbrand,DEF,MCI,3.8,0.004566785
2022-23,15,573,R Lewis,DEF,MCI,3.9,0.00456553
2022-23,15,563,L Chambers,DEF,LIV,4.0,0.003783305
2022-23,15,386,Drager,DEF,NFO,4.0,0.004033425
2022-23,15,393,Mbe Soh,DEF,NFO,4.3,0.004004522
2022-23,15,640,Turns,DEF,BHA,4.0,0.003842939
2022-23,15,598,Bevan,DEF,BOU,4.0,0.003635967
2022-23,15,439,Tanganga,DEF,TOT,3.9,0.003446482
2022-23,15,631,Sousa,DEF,ARS,4.0,0.003480847
2022-23,15,555,Ashby,DEF,WHU,3.9,0.003705007
2022-23,15,539,Hill,DEF,BOU,4.4,0.003440914
2022-23,15,188,Mina,DEF,EVE,4.3,0.0
2022-23,15,540,Stevens,DEF,BRE,4.0,0.004048668
2022-23,15,243,Hjelde,DEF,LEE,3.9,0.003944884
2022-23,15,605,Welch,DEF,EVE,4.0,0.003377446
2022-23,15,638,Bogarde,DEF,AVL,4.0,0.00344377
2022-23,15,642,Balmer,DEF,CRY,4.0,0.003283659
2022-23,15,637,John,DEF,EVE,4.0,0.003330778
2022-23,15,273,Brunt,DEF,LEI,3.9,0.003482625
2022-23,15,96,Goode,DEF,BRE,3.9,0.003886888
2022-23,15,636,Parkes,DEF,FUL,4.0,0.002732883
2022-23,15,298,Ramsay,DEF,LIV,3.9,0.021091036
2022-23,15,56,Guilbert,DEF,AVL,3.9,0.018975172
2022-23,15,363,Manquillo,DEF,NEW,4.2,0.018843236
2022-23,15,494,Mosquera,DEF,WOL,3.9,0.103798202
2022-23,15,525,Augustinsson,DEF,AVL,4.3,0.02023097
2022-23,15,547,Drameh,DEF,LEE,4.0,0.119306694
2022-23,15,180,Keane,DEF,EVE,4.2,0.198460045
2022-23,15,645,Wormleighton,DEF,LEI,4.0,0.035927787
2022-23,15,522,Spence,DEF,TOT,4.1,0.077171521
2022-23,15,646,Crama,DEF,BRE,4.0,0.035683707
2022-23,15,1,Cedric,DEF,ARS,4.2,0.076046845
2022-23,15,544,van Hecke,DEF,BHA,4.0,0.181609464
2022-23,15,531,Vinagre,DEF,EVE,4.3,0.077793867
2022-23,15,489,Toti,DEF,WOL,3.9,0.195950713
2022-23,15,622,Larios,DEF,SOU,4.0,0.083370804
2022-23,15,423,Bella-Kotchap,DEF,SOU,4.5,2.020578206
2022-23,15,413,Lyanco,DEF,SOU,4.4,2.017827169
2022-23,15,595,Zanka,DEF,BRE,4.0,0.76404377
2022-23,15,372,J Lewis,DEF,NEW,4.4,0.245855079
2022-23,15,538,Young,DEF,AVL,4.4,0.793485405
2022-23,15,456,Ogbonna,DEF,WHU,4.4,0.358573759
2022-23,15,404,Stephens,DEF,BOU,4.3,0.177383045
2022-23,15,14,Tomiyasu,DEF,ARS,4.2,0.585171007
2022-23,15,82,Canos,DEF,BRE,5.0,1.174630891
2022-23,15,174,N Ferguson,DEF,CRY,3.9,0.30301952
2022-23,15,530,C Richards,DEF,CRY,4.4,0.487574166
2022-23,15,65,Stacey,DEF,BOU,4.3,0.871962546
2022-23,15,222,Ayling,DEF,LEE,4.5,0.701405794
2022-23,15,209,Adarabioyo,DEF,FUL,4.5,0.863564832
2022-23,15,470,Diop,DEF,FUL,4.3,0.45538517
2022-23,15,613,Kurzawa,DEF,FUL,4.4,0.216671013
2022-23,15,105,Duffy,DEF,FUL,4.3,0.334224915
2022-23,15,5,Holding,DEF,ARS,4.2,0.465044998
2022-23,15,215,Tete,DEF,FUL,4.4,0.963777947
2022-23,15,532,Mbabu,DEF,FUL,4.4,0.472264912
2022-23,15,114,Lamptey,DEF,BHA,4.3,1.421653309
2022-23,15,201,Ream,DEF,FUL,4.5,0.964433354
2022-23,15,217,Robinson,DEF,FUL,4.4,0.934815371
2022-23,15,283,Salah,MID,LIV,12.8,5.038588365
2022-23,15,301,De Bruyne,MID,MCI,12.3,6.467914662
2022-23,15,314,Foden,MID,MCI,8.4,5.064929536
2022-23,15,465,Bowen,MID,WHU,8.2,4.285942655
2022-23,15,311,B Silva,MID,MCI,6.9,4.538431622
2022-23,15,111,Trossard,MID,BHA,6.8,4.152196621
2022-23,15,335,Rashford,MID,MUN,6.6,4.232564225
2022-23,15,13,Saka,MID,ARS,8.0,3.59088338
2022-23,15,261,Maddison,MID,LEI,8.2,4.053744027
2022-23,15,160,Zaha,MID,CRY,7.6,3.697986065
2022-23,15,304,Sterling,MID,CHE,9.8,4.18697299
2022-23,15,19,Martinelli,MID,ARS,6.8,3.497051115
2022-23,15,305,Grealish,MID,MCI,6.8,4.108479151
2022-23,15,189,D Gray,MID,EVE,5.4,4.056632578
2022-23,15,493,Gibbs-White,MID,NFO,5.5,3.963566776
2022-23,15,468,Soucek,MID,WHU,5.3,3.614837896
2022-23,15,233,Harrison,MID,LEE,5.9,4.330999232
2022-23,15,225,Rodrigo,MID,LEE,6.3,4.346089714
2022-23,15,104,Gross,MID,BHA,5.6,3.518547121
2022-23,15,142,Mount,MID,CHE,7.7,3.727490009
2022-23,15,116,Mac Allister,MID,BHA,5.5,3.551477962
2022-23,15,169,Eze,MID,CRY,5.7,3.336352836
2022-23,15,369,Almiron,MID,NEW,5.4,3.832222073
2022-23,15,315,Rodri,MID,MCI,5.7,3.512223353
2022-23,15,7,Odegaard,MID,ARS,6.4,3.0792124
2022-23,15,340,Sancho,MID,MUN,7.2,2.652400684
2022-23,15,333,Fernandes,MID,MUN,9.8,0.0
2022-23,15,374,Guimaraes,MID,NEW,5.7,3.687416962
2022-23,15,264,Barnes,MID,LEI,6.9,3.42695827
2022-23,15,186,Iwobi,MID,EVE,5.5,3.374214445
2022-23,15,407,Ward-Prowse,MID,SOU,6.3,3.726578594
2022-23,15,519,Eriksen,MID,MUN,6.3,3.485188605
2022-23,15,107,March,MID,BHA,5.0,3.185941182
2022-23,15,303,Mahrez,MID,MCI,7.5,3.15222365
2022-23,15,483,Podence,MID,WOL,5.4,3.380627773
2022-23,15,535,Tavernier,MID,BOU,4.9,3.032635466
2022-23,15,300,Gundogan,MID,MCI,7.3,2.884645624
2022-23,15,491,A Traore,MID,WOL,5.5,3.210421695
2022-23,15,373,Willock,MID,NEW,4.9,3.6704074
2022-23,15,480,Neves,MID,WOL,5.5,3.179193779
2022-23,15,603,Paqueta,MID,WHU,5.9,2.21296814
2022-23,15,70,Billing,MID,BOU,5.3,2.89445033
2022-23,15,246,Aaronson,MID,LEE,5.5,3.348872193
2022-23,15,45,Bailey,MID,AVL,4.6,3.120788141
2022-23,15,469,Fornals,MID,WHU,5.2,2.900954087
2022-23,15,433,Hojbjerg,MID,TOT,5.5,2.587036922
2022-23,15,431,Lucas Moura,MID,TOT,5.8,2.611779275
2022-23,15,467,Rice,MID,WHU,4.8,2.884277953
2022-23,15,259,Tielemans,MID,LEI,6.3,3.006655777
2022-23,15,609,Antony,MID,MUN,7.6,2.241696444
2022-23,15,195,A Gordon,MID,EVE,5.4,2.947588135
2022-23,15,64,Lerma,MID,BOU,4.9,2.721478505
2022-23,15,120,Caicedo,MID,BHA,5.0,2.746391857
2022-23,15,37,McGinn,MID,AVL,5.2,2.955952995
2022-23,15,387,Yates,MID,NFO,5.0,2.867206905
2022-23,15,577,Onana,MID,EVE,4.9,2.841403635
2022-23,15,275,J Henderson,MID,LIV,5.3,2.423417535
2022-23,15,69,Christie,MID,BOU,5.3,2.559133065
2022-23,15,6,Partey,MID,ARS,4.8,2.537064966
2022-23,15,161,Schlupp,MID,CRY,4.8,2.681902323
2022-23,15,503,Moutinho,MID,WOL,4.8,2.80719933
2022-23,15,47,Ramsey,MID,AVL,5.2,2.849380076
2022-23,15,3,Xhaka,MID,ARS,5.1,2.465817744
2022-23,15,89,Wissa,MID,BRE,5.4,3.246421037
2022-23,15,266,Dewsbury-Hall,MID,LEI,5.0,2.744337405
2022-23,15,88,Jensen,MID,BRE,4.9,2.929845688
2022-23,15,593,Casemiro,MID,MUN,4.9,2.558740713
2022-23,15,159,Ayew,MID,CRY,5.4,2.4527445
2022-23,15,130,Jorginho,MID,CHE,5.9,2.737263016
2022-23,15,346,A Pereira,MID,FUL,4.6,2.211079158
2022-23,15,440,Bentancur,MID,TOT,5.4,2.462467531
2022-23,15,46,Douglas Luiz,MID,AVL,4.8,2.677242372
2022-23,15,294,Elliott,MID,LIV,5.0,2.068424888
2022-23,15,296,Carvalho,MID,LIV,5.4,1.912283428
2022-23,15,446,Kulusevski,MID,TOT,8.0,0.482382214
2022-23,15,611,Gueye,MID,EVE,5.0,2.533175975
2022-23,15,86,Janelt,MID,BRE,5.5,2.949612956
2022-23,15,527,Lingard,MID,NFO,5.5,2.164623131
2022-23,15,406,Elyounoussi,MID,SOU,5.2,2.706221403
2022-23,15,212,H Wilson,MID,FUL,5.7,2.197853921
2022-23,15,136,Loftus-Cheek,MID,CHE,5.0,2.188787934
2022-23,15,512,Aribo,MID,SOU,5.3,2.778148988
2022-23,15,29,Coutinho,MID,AVL,6.6,2.509967537
2022-23,15,282,Fabinho,MID,LIV,5.3,2.279400919
2022-23,15,589,Nunes,MID,WOL,5.0,1.676015456
2022-23,15,614,Willian,MID,FUL,5.5,2.255105891
2022-23,15,42,Buendia,MID,AVL,5.7,2.528044436
2022-23,15,245,Roca,MID,LEE,4.9,2.710898203
2022-23,15,171,Olise,MID,CRY,5.4,2.529832513
2022-23,15,579,Guedes,MID,WOL,6.0,2.395174422
2022-23,15,370,S Longstaff,MID,NEW,4.4,2.72672407
2022-23,15,67,L Cook,MID,BOU,4.9,2.2830856
2022-23,15,506,T Adams,MID,LEE,5.0,2.626122883
2022-23,15,582,Freuler,MID,NFO,5.0,2.196896441
2022-23,15,514,C Doucoure,MID,CRY,5.0,1.738186483
2022-23,15,277,Thiago,MID,LIV,5.2,2.16102481
2022-23,15,240,Summerville,MID,LEE,4.4,2.460903812
2022-23,15,481,Hwang,MID,WOL,5.7,2.383949122
2022-23,15,371,Joelinton,MID,NEW,5.9,0.0
2022-23,15,444,Bissouma,MID,TOT,4.7,1.916745325
2022-23,15,132,Kovacic,MID,CHE,4.9,2.174166936
2022-23,15,365,Murphy,MID,NEW,4.3,2.416353731
2022-23,15,583,Kouyate,MID,NFO,4.5,2.208283428
2022-23,15,265,Ndidi,MID,LEI,4.8,1.709598789
2022-23,15,368,Saint-Maximin,MID,NEW,6.2,0.538969036
2022-23,15,534,McNeil,MID,EVE,5.2,2.202971498
2022-23,15,331,Fred,MID,MUN,5.1,2.168987632
2022-23,15,464,Benrahma,MID,WHU,5.6,1.960415642
2022-23,15,205,Reid,MID,FUL,5.5,0.0
2022-23,15,211,Reed,MID,FUL,4.5,1.883382882
2022-23,15,405,S Armstrong,MID,SOU,4.8,2.20286279
2022-23,15,220,Palhinha,MID,FUL,5.0,1.844944398
2022-23,15,140,Pulisic,MID,CHE,5.7,1.101181823
2022-23,15,185,A Doucoure,MID,EVE,5.3,1.043786112
2022-23,15,101,Lallana,MID,BHA,4.9,1.87436664
2022-23,15,260,Perez,MID,LEI,4.7,0.944717176
2022-23,15,79,Norgaard,MID,BRE,5.3,0.735204098
2022-23,15,359,Fraser,MID,NEW,5.2,2.039625632
2022-23,15,349,Shelvey,MID,NEW,4.8,1.653131002
2022-23,15,18,Lokonga,MID,ARS,4.4,0.322553339
2022-23,15,293,Diaz,MID,LIV,7.9,0.0
2022-23,15,486,P Neto,MID,WOL,5.0,0.0
2022-23,15,508,Sinisterra,MID,LEE,6.5,0.0
2022-23,15,53,Kamara,MID,AVL,4.8,0.0
2022-23,15,12,Smith Rowe,MID,ARS,5.6,0.0
2022-23,15,179,Townsend,MID,EVE,5.4,0.0
2022-23,15,204,Kebano,MID,FUL,5.4,0.0
2022-23,15,4,Elneny,MID,ARS,4.2,0.0
2022-23,15,117,Moder,MID,BHA,4.4,0.0
2022-23,15,134,Kante,MID,CHE,4.8,0.0
2022-23,15,620,Arthur,MID,LIV,4.8,0.0
2022-23,15,562,Solomon,MID,FUL,4.9,0.0
2022-23,15,490,Chiquinho,MID,WOL,5.0,0.0
2022-23,15,428,Son,MID,TOT,11.7,0.0
2022-23,15,325,Kalvin Phillips,MID,MCI,4.8,0.0
2022-23,15,316,Palmer,MID,MCI,4.3,0.004911063
2022-23,15,287,Keita,MID,LIV,4.7,0.686010178
2022-23,15,600,Knight,MID,MCI,4.5,0.004221834
2022-23,15,23,Nelson,MID,ARS,4.8,0.003867854
2022-23,15,546,Harris,MID,FUL,4.4,0.003600289
2022-23,15,632,Trevitt,MID,BRE,4.5,0.004116699
2022-23,15,452,Devine,MID,TOT,4.4,0.00360007
2022-23,15,560,Mills,MID,EVE,4.4,0.003833029
2022-23,15,449,H White,MID,TOT,4.4,0.003583971
2022-23,15,36,Sanson,MID,AVL,4.3,0.003860592
2022-23,15,553,Hammond,MID,NFO,4.4,0.003792087
2022-23,15,584,B Clark,MID,LIV,4.5,0.003496291
2022-23,15,604,Killian Phillips,MID,CRY,4.5,0.003552947
2022-23,15,564,Bajcetic,MID,LIV,4.4,0.003395137
2022-23,15,641,Godo,MID,FUL,4.5,0.003352844
2022-23,15,639,Braybrooke,MID,LEI,4.5,0.003506885
2022-23,15,601,Rodney,MID,CRY,4.5,0.003387106
2022-23,15,607,M Smith,MID,ARS,4.5,0.00332354
2022-23,15,509,Downes,MID,WHU,4.3,0.003298133
2022-23,15,556,Coventry,MID,WHU,4.4,0.003280762
2022-23,15,274,Milner,MID,LIV,4.4,0.0
2022-23,15,381,Colback,MID,NFO,4.3,0.0
2022-23,15,565,A Gray,MID,LEE,4.5,0.023264704
2022-23,15,247,Gyabi,MID,LEE,4.3,0.02117647
2022-23,15,60,Brooks,MID,BOU,5.3,0.0
2022-23,15,569,Garnacho,MID,MUN,4.3,0.040561797
2022-23,15,347,Pellistri,MID,MUN,4.4,0.040369117
2022-23,15,630,Nwaneri,MID,ARS,4.5,0.018176531
2022-23,15,27,Marquinhos,MID,ARS,4.7,0.018131991
2022-23,15,551,Iqbal,MID,MUN,4.3,0.037835006
2022-23,15,643,Mainoo,MID,MUN,4.5,0.037192731
2022-23,15,124,Mitoma,MID,BHA,4.9,1.88672491
2022-23,15,61,Lowe,MID,BOU,5.2,0.037729285
2022-23,15,567,Ronan,MID,WOL,4.4,0.037588186
2022-23,15,552,Anderson,MID,NEW,4.4,0.093532838
2022-23,15,566,Hodge,MID,WOL,4.4,0.037078487
2022-23,15,647,Payne,MID,SOU,4.5,0.034372386
2022-23,15,648,Finnigan,MID,SOU,4.5,0.034075188
2022-23,15,321,Lavia,MID,SOU,4.5,0.977820282
2022-23,15,63,Marcondes,MID,BOU,4.7,0.075788411
2022-23,15,74,Dembele,MID,BOU,4.7,0.073682263
2022-23,15,450,P Sarr,MID,TOT,4.3,0.069504918
2022-23,15,269,Soumare,MID,LEI,4.4,1.262073959
2022-23,15,173,Ebiowei,MID,CRY,4.3,0.07005366
2022-23,15,154,McArthur,MID,CRY,4.8,0.0
2022-23,15,575,Cornet,MID,WHU,5.9,1.03605885
2022-23,15,190,T Davies,MID,EVE,4.9,0.163567656
2022-23,15,251,Albrighton,MID,LEI,4.7,0.154414112
2022-23,15,616,Zakaria,MID,CHE,5.0,0.148410196
2022-23,15,336,van de Beek,MID,MUN,5.1,0.902435249
2022-23,15,252,N Mendy,MID,LEI,4.3,0.185387385
2022-23,15,148,Gallagher,MID,CHE,5.7,1.702157723
2022-23,15,41,Nakamba,MID,AVL,4.3,0.14472437
2022-23,15,460,Lanzini,MID,WHU,5.1,0.971214554
2022-23,15,629,Boubacar Traore,MID,WOL,4.5,1.921576794
2022-23,15,224,Forshaw,MID,LEE,4.4,0.068229916
2022-23,15,278,Chamberlain,MID,LIV,4.9,0.490982095
2022-23,15,400,Walcott,MID,SOU,4.9,0.425162694
2022-23,15,344,Elanga,MID,MUN,4.8,1.41308791
2022-23,15,119,Sarmiento,MID,BHA,4.5,0.312277311
2022-23,15,549,Praet,MID,LEI,4.8,0.69270862
2022-23,15,554,Gil,MID,TOT,5.0,0.473951126
2022-23,15,135,Ziyech,MID,CHE,5.6,0.516626808
2022-23,15,536,Mangala,MID,NFO,4.9,1.008683966
2022-23,15,291,C Jones,MID,LIV,4.9,0.674811916
2022-23,15,524,O'Brien,MID,NFO,4.9,1.476376703
2022-23,15,216,Onomah,MID,FUL,4.3,0.275335291
2022-23,15,568,Campbell,MID,WOL,4.4,0.807350261
2022-23,15,75,Anthony,MID,BOU,5.3,0.777309478
2022-23,15,83,Dasilva,MID,BRE,4.3,1.890875776
2022-23,15,580,Damsgaard,MID,BRE,5.2,1.591883879
2022-23,15,505,Rothwell,MID,BOU,4.9,0.539257657
2022-23,15,58,Stanislas,MID,BOU,4.8,0.896068796
2022-23,15,624,Edozie,MID,SOU,4.8,0.541688515
2022-23,15,158,Milivojevic,MID,CRY,4.3,1.237740363
2022-23,15,164,Riedewald,MID,CRY,4.4,0.570558985
2022-23,15,231,D James,MID,FUL,6.0,1.524924769
2022-23,15,25,Vieira,MID,ARS,5.7,1.442259748
2022-23,15,94,Baptiste,MID,BRE,4.5,1.798580294
2022-23,15,416,I Diallo,MID,SOU,4.3,1.406108259
2022-23,15,87,Ghoddos,MID,BRE,4.8,1.290853894
2022-23,15,570,Garner,MID,EVE,4.5,1.033941244
2022-23,15,21,Maitland-Niles,MID,SOU,4.8,0.736433776
2022-23,15,441,Skipp,MID,TOT,4.4,0.673249708
2022-23,15,203,N Chalobah,MID,FUL,4.4,0.553307187
2022-23,15,163,W Hughes,MID,CRY,4.8,0.467582205
2022-23,15,93,Onyeka,MID,BRE,4.8,1.629896194
2022-23,15,479,Dendoncker,MID,AVL,4.7,1.519462916
2022-23,15,149,Gilmour,MID,BHA,4.4,0.7800794
2022-23,15,338,McTominay,MID,MUN,4.9,1.579390387
2022-23,15,418,Djenepo,MID,SOU,5.0,1.22017969
2022-23,15,68,Pearson,MID,BOU,4.4,1.315024589
2022-23,15,200,Cairney,MID,FUL,4.7,1.390689327
2022-23,15,223,Klich,MID,LEE,4.7,1.59120378
2022-23,15,318,Haaland,FWD,MCI,12.2,6.983488295
2022-23,15,427,Kane,FWD,TOT,11.5,4.47899294
2022-23,15,356,C Wilson,FWD,NEW,7.3,4.855398587
2022-23,15,66,Solanke,FWD,BOU,5.8,4.036788787
2022-23,15,227,Bamford,FWD,LEE,7.2,4.783090588
2022-23,15,191,Calvert-Lewin,FWD,EVE,7.9,3.902659754
2022-23,15,28,Jesus,FWD,ARS,8.0,3.588903726
2022-23,15,297,Nunez,FWD,LIV,8.8,3.241116644
2022-23,15,279,Firmino,FWD,LIV,8.1,3.223469511
2022-23,15,40,Watkins,FWD,AVL,7.2,4.006089673
2022-23,15,529,Scamacca,FWD,WHU,6.8,3.216665072
2022-23,15,103,Welbeck,FWD,BHA,6.5,2.975754415
2022-23,15,210,Mitrovic,FWD,FUL,6.8,2.84020723
2022-23,15,394,Brennan Johnson,FWD,NFO,5.7,3.291766654
2022-23,15,95,Mbeumo,FWD,BRE,5.8,3.746203941
2022-23,15,145,Havertz,FWD,CHE,7.7,3.130020004
2022-23,15,411,C Adams,FWD,SOU,6.4,3.205978599
2022-23,15,271,Daka,FWD,LEI,5.7,2.934655929
2022-23,15,255,Vardy,FWD,LEI,9.1,2.922762592
2022-23,15,397,Awoniyi,FWD,NFO,5.7,2.865701812
2022-23,15,617,Aubameyang,FWD,CHE,8.9,2.915746503
2022-23,15,166,Edouard,FWD,CRY,5.4,2.318343782
2022-23,15,319,Alvarez,FWD,MCI,6.0,2.747717182
2022-23,15,326,Ronaldo,FWD,MUN,10.2,3.077012749
2022-23,15,30,Ings,FWD,AVL,6.6,2.581741387
2022-23,15,345,Martial,FWD,MUN,6.7,1.311903594
2022-23,15,408,A Armstrong,FWD,SOU,5.5,2.636673298
2022-23,15,80,Toney,FWD,BRE,7.5,0.0
2022-23,15,262,Iheanacho,FWD,LEI,6.1,2.30512971
2022-23,15,515,Lewis-Potter,FWD,BRE,5.2,2.723339965
2022-23,15,454,Richarlison,FWD,TOT,8.4,0.395826666
2022-23,15,458,Antonio,FWD,WHU,7.0,1.931525031
2022-23,15,585,E Dennis,FWD,NFO,5.8,2.15685336
2022-23,15,476,Jimenez,FWD,WOL,6.8,0.0
2022-23,15,110,Maupay,FWD,EVE,6.1,1.782852096
2022-23,15,594,Isak,FWD,NEW,6.7,0.0
2022-23,15,288,Jota,FWD,LIV,8.9,0.0
2022-23,15,625,Costa,FWD,WOL,5.5,0.0
2022-23,15,608,Kalajdzic,FWD,WOL,5.3,0.0
2022-23,15,634,J Gordon,FWD,CRY,4.5,0.003658729
2022-23,15,596,E Ferguson,FWD,BHA,4.5,0.003597508
2022-23,15,591,Ablade,FWD,FUL,4.5,0.003389264
2022-23,15,447,Scarlett,FWD,TOT,4.5,0.003344209
2022-23,15,391,Surridge,FWD,NFO,4.8,0.712495926
2022-23,15,125,Enciso,FWD,BHA,4.7,0.249984053
2022-23,15,168,Mateta,FWD,CRY,5.2,1.865270864
2022-23,15,619,Gnonto,FWD,LEE,5.0,0.159083978
2022-23,15,354,Wood,FWD,NEW,5.6,1.930528198
2022-23,15,528,Mara,FWD,SOU,5.3,0.967617025
2022-23,15,242,Gelhardt,FWD,LEE,5.2,1.306172764
2022-23,15,54,Archer,FWD,AVL,4.3,0.437654879
2022-23,15,177,Rondon,FWD,EVE,5.0,0.645676599
2022-23,15,62,Kieffer Moore,FWD,BOU,5.4,1.557286734
2022-23,15,237,Greenwood,FWD,LEE,4.3,0.535985821
2022-23,15,123,Undav,FWD,BHA,5.1,0.841304842
2022-23,15,618,Vinicius,FWD,FUL,5.5,1.016253552
2022-23,15,150,Broja,FWD,CHE,5.3,1.51857774
2022-23,15,11,Nketiah,FWD,ARS,6.5,1.337604492
2022-23,16,281,Alisson,GK,LIV,5.4,4.725822969
2022-23,16,182,Pickford,GK,EVE,4.5,4.497527054
2022-23,16,425,Lloris,GK,TOT,5.5,4.34257539
2022-23,16,152,Guaita,GK,CRY,4.5,4.327946331
2022-23,16,307,Ederson,GK,MCI,5.4,4.310000695
2022-23,16,15,Ramsdale,GK,ARS,4.9,4.199767062
2022-23,16,113,R Sanchez,GK,BHA,4.6,4.120944362
2022-23,16,398,D Henderson,GK,NFO,4.7,4.062501842
2022-23,16,72,Travers,GK,BOU,4.3,3.846558673
2022-23,16,327,de Gea,GK,MUN,4.9,3.835545501
2022-23,16,147,E Mendy,GK,CHE,4.8,3.790500868
2022-23,16,376,Pope,GK,NEW,5.3,3.622708765
2022-23,16,455,Fabianski,GK,WHU,5.0,3.461671391
2022-23,16,31,E Martinez,GK,AVL,4.9,3.591616926
2022-23,16,478,Sa,GK,WOL,5.1,3.285759444
2022-23,16,2,Leno,GK,FUL,4.5,3.17098326
2022-23,16,254,D Ward,GK,LEI,4.1,2.715522658
2022-23,16,238,Meslier,GK,LEE,4.5,2.750784067
2022-23,16,473,Areola,GK,WHU,4.3,0.296905604
2022-23,16,548,Iversen,GK,LEI,3.9,0.388767751
2022-23,16,175,Johnstone,GK,CRY,4.4,0.11712203
2022-23,16,289,Kelleher,GK,LIV,4.0,0.115010129
2022-23,16,324,Ortega,GK,MCI,3.8,0.087847528
2022-23,16,355,Dubravka,GK,MUN,4.2,0.097948661
2022-23,16,426,Forster,GK,TOT,3.9,0.084004093
2022-23,16,102,Steele,GK,BHA,3.9,0.080113949
2022-23,16,635,Bettinelli,GK,CHE,4.0,0.07598354
2022-23,16,176,Begovic,GK,EVE,4.0,0.075884471
2022-23,16,518,Hennessey,GK,NFO,3.9,0.07468714
2022-23,16,626,Karius,GK,NEW,4.0,0.0834896
2022-23,16,24,Turner,GK,ARS,3.9,0.041546406
2022-23,16,35,Olsen,GK,AVL,3.9,0.067607528
2022-23,16,213,Rodak,GK,FUL,4.3,0.091177808
2022-23,16,492,Sarkic,GK,WOL,3.9,0.063550125
2022-23,16,497,Adrian,GK,LIV,3.9,0.008870376
2022-23,16,502,Carson,GK,MCI,3.8,0.008671595
2022-23,16,162,Butland,GK,CRY,4.4,0.00860244
2022-23,16,451,Austin,GK,TOT,3.9,0.008146109
2022-23,16,627,Jakupovic,GK,EVE,4.0,0.007160582
2022-23,16,348,Heaton,GK,MUN,3.9,0.007068256
2022-23,16,571,Randolph,GK,WHU,4.0,0.007065583
2022-23,16,581,Smithies,GK,LEI,4.0,0.005815692
2022-23,16,644,Goodman,GK,CRY,4.0,0.000733624
2022-23,16,590,Whitworth,GK,CRY,4.0,0.000598738
2022-23,16,133,Kepa,GK,CHE,4.5,0.0
2022-23,16,353,Darlow,GK,NEW,3.9,0.0
2022-23,16,517,Strakosha,GK,BRE,4.3,0.0
2022-23,16,574,N Neto,GK,BOU,4.5,0.0
2022-23,16,424,Caballero,GK,SOU,3.9,0.000345774
2022-23,16,578,Robles,GK,LEE,4.0,0.004742361
2022-23,16,592,H Davies,GK,LIV,4.0,0.004276128
2022-23,16,655,Hein,GK,ARS,4.0,0.003651005
2022-23,16,649,Plain,GK,BOU,4.0,0.003613615
2022-23,16,557,Jackson Smith,GK,WOL,3.9,0.003598449
2022-23,16,656,Bishop,GK,MUN,4.0,0.003478688
2022-23,16,236,Klaesson,GK,LEE,3.9,0.048027041
2022-23,16,401,McCarthy,GK,SOU,4.3,0.039166404
2022-23,16,633,Cox,GK,BRE,4.0,0.034193457
2022-23,16,81,Raya,GK,BRE,4.6,1.950293292
2022-23,16,422,Bazunu,GK,SOU,4.5,1.597746913
2022-23,16,285,Trent,DEF,LIV,7.2,5.905288983
2022-23,16,306,Cancelo,DEF,MCI,7.4,5.451078813
2022-23,16,284,Robertson,DEF,LIV,6.7,4.750519124
2022-23,16,280,van Dijk,DEF,LIV,6.5,4.642574767
2022-23,16,448,Perisic,DEF,TOT,5.5,4.598130662
2022-23,16,16,Gabriel,DEF,ARS,5.1,4.084950502
2022-23,16,106,Dunk,DEF,BHA,4.7,3.977382996
2022-23,16,610,Akanji,DEF,MCI,5.0,3.695482314
2022-23,16,108,Webster,DEF,BHA,4.5,3.847949191
2022-23,16,357,Trippier,DEF,NEW,5.9,3.781192344
2022-23,16,513,Lenglet,DEF,TOT,4.8,3.7792091
2022-23,16,109,Veltman,DEF,BHA,4.6,3.763858487
2022-23,16,430,Dier,DEF,TOT,5.3,3.76054539
2022-23,16,432,Ben T Davies,DEF,TOT,4.9,3.740403127
2022-23,16,165,Andersen,DEF,CRY,4.5,3.730820571
2022-23,16,445,Emerson R,DEF,TOT,4.9,3.542398785
2022-23,16,457,Cresswell,DEF,WHU,4.8,3.415556962
2022-23,16,26,Saliba,DEF,ARS,5.3,3.573041932
2022-23,16,332,Shaw,DEF,MUN,4.7,3.543182765
2022-23,16,199,Tarkowski,DEF,EVE,4.4,3.511434055
2022-23,16,313,Zinchenko,DEF,ARS,5.0,3.481448249
2022-23,16,290,Konate,DEF,LIV,4.8,3.124226027
2022-23,16,429,Doherty,DEF,TOT,4.6,3.11506235
2022-23,16,167,Guehi,DEF,CRY,4.4,3.455330434
2022-23,16,576,Senesi,DEF,BOU,4.5,3.446809808
2022-23,16,302,Stones,DEF,MCI,5.4,2.747012772
2022-23,16,475,Coady,DEF,EVE,5.0,3.387829704
2022-23,16,141,T Chalobah,DEF,CHE,4.7,3.360656356
2022-23,16,194,Mykolenko,DEF,EVE,4.5,3.3682395
2022-23,16,312,Dias,DEF,MCI,5.9,2.724871317
2022-23,16,57,A Smith,DEF,BOU,4.4,3.343142813
2022-23,16,461,Zouma,DEF,WHU,4.5,3.305682872
2022-23,16,33,Digne,DEF,AVL,4.6,3.319383928
2022-23,16,10,B White,DEF,ARS,4.6,3.291535414
2022-23,16,156,J Ward,DEF,CRY,4.5,3.28366928
2022-23,16,309,Laporte,DEF,MCI,5.8,2.610441244
2022-23,16,76,Zemura,DEF,BOU,4.4,3.158272544
2022-23,16,628,Aurier,DEF,NFO,4.5,3.173831107
2022-23,16,366,Schar,DEF,NEW,4.9,3.169317576
2022-23,16,112,Cucurella,DEF,CHE,5.1,3.151352793
2022-23,16,377,Botman,DEF,NEW,4.4,3.109600502
2022-23,16,128,T Silva,DEF,CHE,5.4,2.731167774
2022-23,16,127,Azpilicueta,DEF,CHE,4.8,3.07570913
2022-23,16,308,Ake,DEF,MCI,5.0,2.284871802
2022-23,16,520,Koulibaly,DEF,CHE,5.5,3.009703699
2022-23,16,197,Patterson,DEF,EVE,4.0,2.902732774
2022-23,16,59,Fredericks,DEF,BOU,4.4,2.978211538
2022-23,16,588,Kehrer,DEF,WHU,4.5,2.845360636
2022-23,16,170,Mitchell,DEF,CRY,4.5,2.969986587
2022-23,16,533,L Martinez,DEF,MUN,4.5,2.983327273
2022-23,16,463,Coufal,DEF,WHU,4.2,2.494071949
2022-23,16,385,McKenna,DEF,NFO,4.4,2.645537151
2022-23,16,258,Castagne,DEF,LEI,4.7,2.873140441
2022-23,16,39,Mings,DEF,AVL,4.3,2.872808522
2022-23,16,43,Cash,DEF,AVL,4.6,2.888391183
2022-23,16,379,S Cook,DEF,NFO,4.4,2.724613819
2022-23,16,602,Lodi,DEF,NFO,4.3,2.576187526
2022-23,16,358,Burn,DEF,NEW,4.5,2.802184448
2022-23,16,484,Kilman,DEF,WOL,4.5,2.80994846
2022-23,16,459,Dawson,DEF,WHU,4.8,2.176475827
2022-23,16,44,Konsa,DEF,AVL,4.4,2.75983034
2022-23,16,586,Estupinan,DEF,BHA,4.5,2.561106699
2022-23,16,516,Collins,DEF,WOL,4.5,2.718380769
2022-23,16,330,Maguire,DEF,MUN,4.7,1.946736382
2022-23,16,341,Wan-Bissaka,DEF,MUN,4.3,1.902945867
2022-23,16,295,N Williams,DEF,NFO,4.1,2.094780224
2022-23,16,286,J Gomez,DEF,LIV,4.5,1.451092293
2022-23,16,388,Worrall,DEF,NFO,4.2,1.563241949
2022-23,16,504,Malacia,DEF,MUN,4.2,1.808019372
2022-23,16,249,Evans,DEF,LEI,4.4,2.473920305
2022-23,16,337,Lindelof,DEF,MUN,4.3,1.545601055
2022-23,16,217,Robinson,DEF,FUL,4.4,2.439224209
2022-23,16,65,Stacey,DEF,BOU,4.3,1.731598483
2022-23,16,477,Jonny,DEF,WOL,4.4,2.198061193
2022-23,16,201,Ream,DEF,FUL,4.5,2.332517434
2022-23,16,435,D Sanchez,DEF,TOT,4.3,0.94915458
2022-23,16,209,Adarabioyo,DEF,FUL,4.5,1.727372988
2022-23,16,612,Faes,DEF,LEI,4.5,2.328509365
2022-23,16,157,Clyne,DEF,CRY,4.5,1.863388703
2022-23,16,470,Diop,DEF,FUL,4.3,1.654375807
2022-23,16,270,Thomas,DEF,LEI,4.2,2.227362646
2022-23,16,545,Emerson P,DEF,WHU,4.0,1.241884821
2022-23,16,276,Matip,DEF,LIV,5.9,0.487441893
2022-23,16,587,S Gomez,DEF,MCI,4.5,0.591924893
2022-23,16,292,Tsimikas,DEF,LIV,4.5,1.101250392
2022-23,16,193,Godfrey,DEF,EVE,4.3,0.973855045
2022-23,16,472,Aguerd,DEF,WHU,4.8,0.638038081
2022-23,16,471,Ben Johnson,DEF,WHU,4.4,1.005818084
2022-23,16,559,Colwill,DEF,BHA,4.4,0.782038118
2022-23,16,487,Ait-Nouri,DEF,WOL,4.2,1.621710815
2022-23,16,482,Semedo,DEF,WOL,5.0,1.614356586
2022-23,16,558,Bueno,DEF,WOL,3.9,1.547448992
2022-23,16,474,Boly,DEF,NFO,4.2,0.53348074
2022-23,16,410,Bednarek,DEF,AVL,4.2,0.432265087
2022-23,16,439,Tanganga,DEF,TOT,3.9,0.148052197
2022-23,16,192,Holgate,DEF,EVE,4.3,0.354787491
2022-23,16,32,C Chambers,DEF,AVL,4.2,0.239963904
2022-23,16,501,N Phillips,DEF,LIV,3.9,0.045291261
2022-23,16,507,Niakhate,DEF,NFO,4.3,0.121381102
2022-23,16,621,Bade,DEF,NFO,4.5,0.063538125
2022-23,16,153,Tomkins,DEF,CRY,3.9,0.105503907
2022-23,16,146,R James,DEF,CHE,5.8,0.0
2022-23,16,342,Dalot,DEF,MUN,4.8,0.0
2022-23,16,299,Walker,DEF,MCI,4.8,0.0
2022-23,16,443,Romero,DEF,TOT,4.9,0.0
2022-23,16,272,Fofana,DEF,CHE,4.3,0.0
2022-23,16,139,Chilwell,DEF,CHE,5.8,0.0
2022-23,16,329,Varane,DEF,MUN,4.8,0.0
2022-23,16,409,Walker-Peters,DEF,SOU,4.4,0.0
2022-23,16,78,Jansson,DEF,BRE,4.2,0.0
2022-23,16,73,Kelly,DEF,BOU,4.3,0.0
2022-23,16,215,Tete,DEF,FUL,4.4,0.0
2022-23,16,71,Mepham,DEF,BOU,4.4,0.0
2022-23,16,510,Hickey,DEF,BRE,4.9,0.0
2022-23,16,419,Livramento,DEF,SOU,4.4,0.0
2022-23,16,523,Toffolo,DEF,NFO,4.3,0.0
2022-23,16,436,Sessegnon,DEF,TOT,4.5,0.0
2022-23,16,250,Bertrand,DEF,LEI,3.9,0.0
2022-23,16,399,Biancone,DEF,NFO,4.2,0.0
2022-23,16,268,Justin,DEF,LEI,4.3,0.0
2022-23,16,511,O Richards,DEF,NFO,4.4,0.0
2022-23,16,50,Carlos,DEF,AVL,4.7,0.0
2022-23,16,362,Dummett,DEF,NEW,3.9,0.0
2022-23,16,343,B Williams,DEF,MUN,3.8,0.0
2022-23,16,350,Ritchie,DEF,NEW,4.2,0.0
2022-23,16,226,Dallas,DEF,LEE,4.9,0.0
2022-23,16,530,C Richards,DEF,CRY,4.4,0.0
2022-23,16,253,Vestergaard,DEF,LEI,3.9,0.005246186
2022-23,16,267,Soyuncu,DEF,LEI,4.2,0.052416712
2022-23,16,298,Ramsay,DEF,LIV,3.9,0.026091253
2022-23,16,322,Wilson-Esbrand,DEF,MCI,3.8,0.004504212
2022-23,16,573,R Lewis,DEF,MCI,3.9,0.004484694
2022-23,16,563,L Chambers,DEF,LIV,4.0,0.004478938
2022-23,16,598,Bevan,DEF,BOU,4.0,0.004135077
2022-23,16,386,Drager,DEF,NFO,4.0,0.004113892
2022-23,16,393,Mbe Soh,DEF,NFO,4.2,0.004082029
2022-23,16,631,Sousa,DEF,ARS,4.0,0.004056618
2022-23,16,640,Turns,DEF,BHA,4.0,0.003977879
2022-23,16,539,Hill,DEF,BOU,4.4,0.003884927
2022-23,16,652,Furlong,DEF,BHA,4.0,0.003645838
2022-23,16,636,Parkes,DEF,FUL,4.0,0.003624137
2022-23,16,555,Ashby,DEF,WHU,3.9,0.003588289
2022-23,16,642,Balmer,DEF,CRY,4.0,0.003566306
2022-23,16,605,Welch,DEF,EVE,4.0,0.003520611
2022-23,16,637,John,DEF,EVE,4.0,0.003480082
2022-23,16,638,Bogarde,DEF,AVL,4.0,0.003473798
2022-23,16,273,Brunt,DEF,LEI,3.9,0.003260422
2022-23,16,243,Hjelde,DEF,LEE,3.9,0.002917659
2022-23,16,540,Stevens,DEF,BRE,4.0,0.002846415
2022-23,16,96,Goode,DEF,BRE,3.9,0.002695647
2022-23,16,525,Augustinsson,DEF,AVL,4.3,0.101025724
2022-23,16,188,Mina,DEF,EVE,4.3,0.204563861
2022-23,16,56,Guilbert,DEF,AVL,3.9,0.018710008
2022-23,16,363,Manquillo,DEF,NEW,4.2,0.018337397
2022-23,16,522,Spence,DEF,TOT,4.1,0.095965189
2022-23,16,180,Keane,DEF,EVE,4.2,0.090381001
2022-23,16,1,Cedric,DEF,ARS,4.2,0.090153228
2022-23,16,494,Mosquera,DEF,WOL,3.9,0.088916109
2022-23,16,645,Wormleighton,DEF,LEI,4.0,0.033544026
2022-23,16,544,van Hecke,DEF,BHA,4.0,0.191385077
2022-23,16,531,Vinagre,DEF,EVE,4.3,0.080935927
2022-23,16,257,Amartey,DEF,LEI,4.3,0.447827481
2022-23,16,360,Lascelles,DEF,NEW,4.3,0.393344263
2022-23,16,646,Crama,DEF,BRE,4.0,0.024620193
2022-23,16,547,Drameh,DEF,LEE,4.0,0.06991205
2022-23,16,456,Ogbonna,DEF,WHU,4.4,0.169239263
2022-23,16,489,Toti,DEF,WOL,3.9,0.266802057
2022-23,16,372,J Lewis,DEF,NEW,4.4,0.159120374
2022-23,16,228,Llorente,DEF,LEE,4.4,0.579931964
2022-23,16,622,Larios,DEF,SOU,4.0,0.051916757
2022-23,16,178,Coleman,DEF,EVE,4.5,0.574731463
2022-23,16,404,Stephens,DEF,BOU,4.3,0.351300658
2022-23,16,174,N Ferguson,DEF,CRY,3.9,0.34118142
2022-23,16,105,Duffy,DEF,FUL,4.3,0.438663557
2022-23,16,538,Young,DEF,AVL,4.4,0.436834702
2022-23,16,367,Targett,DEF,NEW,4.8,1.382839648
2022-23,16,613,Kurzawa,DEF,FUL,4.3,1.353741135
2022-23,16,8,Tierney,DEF,ARS,4.7,1.604376582
2022-23,16,244,Kristensen,DEF,LEE,4.8,1.783512675
2022-23,16,14,Tomiyasu,DEF,ARS,4.2,0.796875258
2022-23,16,235,Struijk,DEF,LEE,4.5,1.765419909
2022-23,16,239,Firpo,DEF,LEE,4.5,1.143817637
2022-23,16,532,Mbabu,DEF,FUL,4.3,1.470751902
2022-23,16,5,Holding,DEF,ARS,4.2,0.518561921
2022-23,16,222,Ayling,DEF,LEE,4.5,0.469705992
2022-23,16,221,Cooper,DEF,LEE,4.4,1.409380618
2022-23,16,595,Zanka,DEF,BRE,4.0,0.339546772
2022-23,16,114,Lamptey,DEF,BHA,4.2,1.49250105
2022-23,16,82,Canos,DEF,BRE,5.0,0.437138604
2022-23,16,84,Ajer,DEF,BRE,4.5,0.530213147
2022-23,16,417,Perraud,DEF,SOU,4.4,1.408447061
2022-23,16,230,Koch,DEF,LEE,4.5,1.387878949
2022-23,16,526,Mee,DEF,BRE,4.6,1.415884593
2022-23,16,92,Pinnock,DEF,BRE,4.4,1.393222003
2022-23,16,623,Caleta-Car,DEF,SOU,4.5,1.350323928
2022-23,16,85,Henry,DEF,BRE,4.5,1.312933659
2022-23,16,90,Roerslev,DEF,BRE,4.3,1.117975556
2022-23,16,413,Lyanco,DEF,SOU,4.4,0.774631742
2022-23,16,420,Salisu,DEF,SOU,4.4,0.987639225
2022-23,16,423,Bella-Kotchap,DEF,SOU,4.5,1.12169405
2022-23,16,283,Salah,MID,LIV,12.7,7.888091332
2022-23,16,301,De Bruyne,MID,MCI,12.6,6.067573718
2022-23,16,333,Fernandes,MID,MUN,9.8,5.088229308
2022-23,16,465,Bowen,MID,WHU,8.1,4.848919401
2022-23,16,111,Trossard,MID,BHA,7.1,4.467418853
2022-23,16,335,Rashford,MID,MUN,6.7,4.451406127
2022-23,16,13,Saka,MID,ARS,8.0,4.446270532
2022-23,16,19,Martinelli,MID,ARS,6.8,4.411774268
2022-23,16,311,B Silva,MID,MCI,6.9,4.233703954
2022-23,16,160,Zaha,MID,CRY,7.5,4.207736393
2022-23,16,305,Grealish,MID,MCI,6.8,3.938072805
2022-23,16,314,Foden,MID,MCI,8.3,3.870464284
2022-23,16,603,Paqueta,MID,WHU,5.9,3.880916189
2022-23,16,169,Eze,MID,CRY,5.7,3.87068791
2022-23,16,7,Odegaard,MID,ARS,6.4,3.856248878
2022-23,16,104,Gross,MID,BHA,5.6,3.86482149
2022-23,16,116,Mac Allister,MID,BHA,5.4,3.838145725
2022-23,16,261,Maddison,MID,LEI,8.2,3.775138685
2022-23,16,468,Soucek,MID,WHU,5.2,3.779027959
2022-23,16,493,Gibbs-White,MID,NFO,5.5,3.778422695
2022-23,16,304,Sterling,MID,CHE,9.7,3.600455205
2022-23,16,189,D Gray,MID,EVE,5.4,3.599281454
2022-23,16,446,Kulusevski,MID,TOT,8.0,3.496455659
2022-23,16,142,Mount,MID,CHE,7.6,3.442448127
2022-23,16,107,March,MID,BHA,5.0,3.437311465
2022-23,16,535,Tavernier,MID,BOU,4.9,3.409265976
2022-23,16,433,Hojbjerg,MID,TOT,5.5,3.41882238
2022-23,16,315,Rodri,MID,MCI,5.6,3.361081832
2022-23,16,186,Iwobi,MID,EVE,5.6,3.322060289
2022-23,16,340,Sancho,MID,MUN,7.1,2.92888967
2022-23,16,225,Rodrigo,MID,LEE,6.3,3.284931653
2022-23,16,264,Barnes,MID,LEI,6.9,3.229228336
2022-23,16,303,Mahrez,MID,MCI,7.5,3.155607484
2022-23,16,70,Billing,MID,BOU,5.3,3.221357956
2022-23,16,440,Bentancur,MID,TOT,5.4,3.187879221
2022-23,16,300,Gundogan,MID,MCI,7.3,2.963246473
2022-23,16,469,Fornals,MID,WHU,5.0,3.092144484
2022-23,16,346,A Pereira,MID,FUL,4.6,3.099397348
2022-23,16,519,Eriksen,MID,MUN,6.3,2.969795063
2022-23,16,6,Partey,MID,ARS,4.8,3.03749343
2022-23,16,205,Reid,MID,FUL,5.5,3.012987616
2022-23,16,369,Almiron,MID,NEW,5.8,2.98370502
2022-23,16,374,Guimaraes,MID,NEW,5.7,2.993148393
2022-23,16,483,Podence,MID,WOL,5.3,2.976908659
2022-23,16,480,Neves,MID,WOL,5.5,2.973404512
2022-23,16,467,Rice,MID,WHU,4.8,2.973374865
2022-23,16,159,Ayew,MID,CRY,5.3,2.939697074
2022-23,16,64,Lerma,MID,BOU,4.8,2.96526024
2022-23,16,212,H Wilson,MID,FUL,5.7,2.911104355
2022-23,16,42,Buendia,MID,AVL,5.7,2.929237906
2022-23,16,3,Xhaka,MID,ARS,5.1,2.933885982
2022-23,16,45,Bailey,MID,AVL,4.5,2.916362278
2022-23,16,120,Caicedo,MID,BHA,5.0,2.906777215
2022-23,16,275,J Henderson,MID,LIV,5.3,2.839632765
2022-23,16,407,Ward-Prowse,MID,SOU,6.2,2.866539234
2022-23,16,614,Willian,MID,FUL,5.5,2.81053951
2022-23,16,259,Tielemans,MID,LEI,6.3,2.811385534
2022-23,16,161,Schlupp,MID,CRY,4.8,2.780808857
2022-23,16,282,Fabinho,MID,LIV,5.3,2.773353758
2022-23,16,491,A Traore,MID,WOL,5.5,2.790354011
2022-23,16,609,Antony,MID,MUN,7.5,2.446070396
2022-23,16,294,Elliott,MID,LIV,5.0,2.704618489
2022-23,16,69,Christie,MID,BOU,5.3,2.58417144
2022-23,16,371,Joelinton,MID,NEW,5.9,2.769594147
2022-23,16,277,Thiago,MID,LIV,5.2,2.726644077
2022-23,16,195,A Gordon,MID,EVE,5.4,2.685993769
2022-23,16,593,Casemiro,MID,MUN,4.9,2.66057331
2022-23,16,387,Yates,MID,NFO,5.0,2.662178527
2022-23,16,171,Olise,MID,CRY,5.4,2.605808776
2022-23,16,503,Moutinho,MID,WOL,4.7,2.623944034
2022-23,16,481,Hwang,MID,WOL,5.7,2.595396369
2022-23,16,368,Saint-Maximin,MID,NEW,6.2,2.452026537
2022-23,16,579,Guedes,MID,WOL,5.9,2.583020749
2022-23,16,577,Onana,MID,EVE,4.9,2.345006388
2022-23,16,514,C Doucoure,MID,CRY,5.0,2.588242695
2022-23,16,431,Lucas Moura,MID,TOT,5.8,2.229760112
2022-23,16,240,Summerville,MID,LEE,4.4,2.576316509
2022-23,16,534,McNeil,MID,EVE,5.2,2.537024922
2022-23,16,136,Loftus-Cheek,MID,CHE,5.0,2.560163353
2022-23,16,233,Harrison,MID,LEE,5.8,2.192490955
2022-23,16,266,Dewsbury-Hall,MID,LEI,4.9,2.531882163
2022-23,16,37,McGinn,MID,AVL,5.1,2.537549926
2022-23,16,246,Aaronson,MID,LEE,5.5,2.552103398
2022-23,16,47,Ramsey,MID,AVL,5.2,2.526639094
2022-23,16,67,L Cook,MID,BOU,4.9,2.450666176
2022-23,16,220,Palhinha,MID,FUL,5.0,2.460039577
2022-23,16,296,Carvalho,MID,LIV,5.4,1.903423106
2022-23,16,373,Willock,MID,NEW,4.9,2.244775882
2022-23,16,611,Gueye,MID,EVE,5.0,2.12886352
2022-23,16,527,Lingard,MID,NFO,5.4,1.755523156
2022-23,16,130,Jorginho,MID,CHE,5.8,2.157167682
2022-23,16,582,Freuler,MID,NFO,4.9,2.09050793
2022-23,16,101,Lallana,MID,BHA,4.9,2.249937025
2022-23,16,88,Jensen,MID,BRE,4.8,2.250285611
2022-23,16,444,Bissouma,MID,TOT,4.7,2.212106203
2022-23,16,265,Ndidi,MID,LEI,4.8,2.144577992
2022-23,16,406,Elyounoussi,MID,SOU,5.2,2.000081754
2022-23,16,589,Nunes,MID,WOL,4.8,1.34894658
2022-23,16,245,Roca,MID,LEE,4.8,2.182038088
2022-23,16,132,Kovacic,MID,CHE,4.9,2.111433802
2022-23,16,124,Mitoma,MID,BHA,4.9,2.107060578
2022-23,16,524,O'Brien,MID,NFO,4.8,2.052340737
2022-23,16,464,Benrahma,MID,WHU,5.6,1.939841683
2022-23,16,203,N Chalobah,MID,FUL,4.4,1.760444043
2022-23,16,331,Fred,MID,MUN,5.1,2.020485576
2022-23,16,185,A Doucoure,MID,EVE,5.3,1.432906678
2022-23,16,583,Kouyate,MID,NFO,4.5,1.852103541
2022-23,16,506,T Adams,MID,LEE,4.9,2.10589435
2022-23,16,512,Aribo,MID,SOU,5.3,2.056889831
2022-23,16,140,Pulisic,MID,CHE,5.7,1.236301932
2022-23,16,89,Wissa,MID,BRE,5.4,2.058641696
2022-23,16,53,Kamara,MID,AVL,4.8,1.913707079
2022-23,16,365,Murphy,MID,NEW,4.3,1.854883862
2022-23,16,629,Boubacar Traore,MID,WOL,4.5,1.900471801
2022-23,16,370,S Longstaff,MID,NEW,4.4,1.843578096
2022-23,16,260,Perez,MID,LEI,4.7,0.89327895
2022-23,16,18,Lokonga,MID,ARS,4.3,0.363355078
2022-23,16,86,Janelt,MID,BRE,5.5,1.876209751
2022-23,16,349,Shelvey,MID,NEW,4.8,1.710505941
2022-23,16,291,C Jones,MID,LIV,4.9,1.280981208
2022-23,16,79,Norgaard,MID,BRE,5.3,1.795348081
2022-23,16,293,Diaz,MID,LIV,7.8,0.0
2022-23,16,486,P Neto,MID,WOL,4.9,0.0
2022-23,16,508,Sinisterra,MID,LEE,6.5,0.0
2022-23,16,29,Coutinho,MID,AVL,6.6,0.0
2022-23,16,211,Reed,MID,FUL,4.5,0.0
2022-23,16,60,Brooks,MID,BOU,5.3,0.0
2022-23,16,12,Smith Rowe,MID,ARS,5.6,0.0
2022-23,16,179,Townsend,MID,EVE,5.4,0.0
2022-23,16,204,Kebano,MID,FUL,5.4,0.0
2022-23,16,4,Elneny,MID,ARS,4.2,0.0
2022-23,16,117,Moder,MID,BHA,4.4,0.0
2022-23,16,134,Kante,MID,CHE,4.8,0.0
2022-23,16,620,Arthur,MID,LIV,4.8,0.0
2022-23,16,562,Solomon,MID,FUL,4.9,0.0
2022-23,16,490,Chiquinho,MID,WOL,5.0,0.0
2022-23,16,428,Son,MID,TOT,11.6,0.0
2022-23,16,575,Cornet,MID,WHU,5.9,0.0
2022-23,16,536,Mangala,MID,NFO,4.9,0.0
2022-23,16,325,Kalvin Phillips,MID,MCI,4.8,0.0
2022-23,16,223,Klich,MID,LEE,4.6,0.0
2022-23,16,224,Forshaw,MID,LEE,4.4,0.0
2022-23,16,94,Baptiste,MID,BRE,4.5,0.0
2022-23,16,316,Palmer,MID,MCI,4.3,0.004737455
2022-23,16,23,Nelson,MID,ARS,4.8,0.004302641
2022-23,16,546,Harris,MID,FUL,4.4,0.004153323
2022-23,16,600,Knight,MID,MCI,4.5,0.004138457
2022-23,16,452,Devine,MID,TOT,4.3,0.004102706
2022-23,16,449,H White,MID,TOT,4.4,0.004073121
2022-23,16,347,Pellistri,MID,MUN,4.3,0.003884452
2022-23,16,584,B Clark,MID,LIV,4.5,0.003848543
2022-23,16,560,Mills,MID,EVE,4.4,0.003774226
2022-23,16,553,Hammond,MID,NFO,4.3,0.003720363
2022-23,16,564,Bajcetic,MID,LIV,4.4,0.003703851
2022-23,16,36,Sanson,MID,AVL,4.3,0.003687515
2022-23,16,604,Killian Phillips,MID,CRY,4.5,0.003686845
2022-23,16,641,Godo,MID,FUL,4.5,0.003646878
2022-23,16,551,Iqbal,MID,MUN,4.3,0.003627886
2022-23,16,651,Moran,MID,BHA,4.5,0.003619759
2022-23,16,643,Mainoo,MID,MUN,4.5,0.003523631
2022-23,16,653,Hutchinson,MID,CHE,4.5,0.003513265
2022-23,16,601,Rodney,MID,CRY,4.5,0.003493272
2022-23,16,632,Trevitt,MID,BRE,4.5,0.003484147
2022-23,16,607,M Smith,MID,ARS,4.5,0.003472437
2022-23,16,639,Braybrooke,MID,LEI,4.5,0.00344178
2022-23,16,661,Hall,MID,CHE,4.5,0.003362967
2022-23,16,658,Griffiths,MID,WOL,4.5,0.003330399
2022-23,16,509,Downes,MID,WHU,4.3,0.003313309
2022-23,16,556,Coventry,MID,WHU,4.4,0.003305146
2022-23,16,654,Wells-Morrison,MID,CRY,4.5,0.003292835
2022-23,16,650,Yarmolyuk,MID,BRE,4.5,0.003266025
2022-23,16,231,D James,MID,FUL,6.0,1.733733231
2022-23,16,630,Nwaneri,MID,ARS,4.5,0.019702231
2022-23,16,27,Marquinhos,MID,ARS,4.6,0.01965524
2022-23,16,565,A Gray,MID,LEE,4.5,0.019507907
2022-23,16,247,Gyabi,MID,LEE,4.3,0.018598395
2022-23,16,381,Colback,MID,NFO,4.2,0.017664211
2022-23,16,61,Lowe,MID,BOU,5.2,0.038809763
2022-23,16,567,Ronan,MID,WOL,4.4,0.036596804
2022-23,16,566,Hodge,MID,WOL,4.4,0.03617756
2022-23,16,647,Payne,MID,SOU,4.5,0.0322742
2022-23,16,648,Finnigan,MID,SOU,4.5,0.032060022
2022-23,16,552,Anderson,MID,NEW,4.4,0.082904655
2022-23,16,554,Gil,MID,TOT,5.0,0.18808389
2022-23,16,154,McArthur,MID,CRY,4.8,0.183920254
2022-23,16,63,Marcondes,MID,BOU,4.7,0.078032829
2022-23,16,450,P Sarr,MID,TOT,4.3,0.077815469
2022-23,16,74,Dembele,MID,BOU,4.7,0.075717238
2022-23,16,119,Sarmiento,MID,BHA,4.5,0.073467674
2022-23,16,173,Ebiowei,MID,CRY,4.2,0.072908306
2022-23,16,287,Keita,MID,LIV,4.7,0.282932481
2022-23,16,278,Chamberlain,MID,LIV,4.9,0.38614664
2022-23,16,41,Nakamba,MID,AVL,4.3,0.067222185
2022-23,16,274,Milner,MID,LIV,4.4,1.214397714
2022-23,16,190,T Davies,MID,EVE,4.9,0.160796295
2022-23,16,252,N Mendy,MID,LEI,4.3,0.107146023
2022-23,16,616,Zakaria,MID,CHE,5.0,0.145892335
2022-23,16,321,Lavia,MID,SOU,4.5,1.852229324
2022-23,16,148,Gallagher,MID,CHE,5.7,1.772966257
2022-23,16,460,Lanzini,MID,WHU,5.1,0.667243924
2022-23,16,269,Soumare,MID,LEI,4.4,0.874392412
2022-23,16,46,Douglas Luiz,MID,AVL,4.8,1.711611705
2022-23,16,251,Albrighton,MID,LEI,4.7,0.971283412
2022-23,16,336,van de Beek,MID,MUN,5.1,0.330236935
2022-23,16,569,Garnacho,MID,MUN,4.3,0.636278841
2022-23,16,25,Vieira,MID,ARS,5.7,1.635772871
2022-23,16,135,Ziyech,MID,CHE,5.5,0.633993498
2022-23,16,400,Walcott,MID,SOU,4.8,0.212194719
2022-23,16,549,Praet,MID,LEI,4.8,0.622469523
2022-23,16,200,Cairney,MID,FUL,4.7,1.775802526
2022-23,16,216,Onomah,MID,FUL,4.3,0.722213285
2022-23,16,164,Riedewald,MID,CRY,4.3,0.297683859
2022-23,16,570,Garner,MID,EVE,4.5,1.545475467
2022-23,16,83,Dasilva,MID,BRE,4.2,1.78205296
2022-23,16,75,Anthony,MID,BOU,5.2,0.805406215
2022-23,16,568,Campbell,MID,WOL,4.4,0.484559316
2022-23,16,405,S Armstrong,MID,SOU,4.7,1.630582732
2022-23,16,158,Milivojevic,MID,CRY,4.3,0.885808225
2022-23,16,344,Elanga,MID,MUN,4.7,0.935458026
2022-23,16,441,Skipp,MID,TOT,4.3,0.551751204
2022-23,16,624,Edozie,MID,SOU,4.8,0.428415042
2022-23,16,359,R Fraser,MID,NEW,5.2,0.741329931
2022-23,16,149,Gilmour,MID,BHA,4.3,0.420728672
2022-23,16,505,Rothwell,MID,BOU,4.9,0.717931978
2022-23,16,58,Stanislas,MID,BOU,4.8,1.189716877
2022-23,16,21,Maitland-Niles,MID,SOU,4.8,0.489347231
2022-23,16,163,W Hughes,MID,CRY,4.8,0.484173649
2022-23,16,68,Pearson,MID,BOU,4.4,1.387449146
2022-23,16,87,Ghoddos,MID,BRE,4.8,0.541360306
2022-23,16,416,I Diallo,MID,SOU,4.3,1.112007839
2022-23,16,338,McTominay,MID,MUN,4.9,1.086784163
2022-23,16,580,Damsgaard,MID,BRE,5.1,0.900200877
2022-23,16,93,Onyeka,MID,BRE,4.8,1.03464451
2022-23,16,479,Dendoncker,MID,AVL,4.7,1.085985963
2022-23,16,418,Djenepo,MID,SOU,5.0,1.012835322
2022-23,16,427,Kane,FWD,TOT,11.6,7.201358358
2022-23,16,318,Haaland,FWD,MCI,12.2,7.02144092
2022-23,16,297,Nunez,FWD,LIV,8.9,4.848399863
2022-23,16,279,Firmino,FWD,LIV,8.1,4.617849042
2022-23,16,28,Jesus,FWD,ARS,8.0,4.561944957
2022-23,16,66,Solanke,FWD,BOU,5.8,4.231210336
2022-23,16,529,Scamacca,FWD,WHU,6.7,3.586086995
2022-23,16,618,Vinicius,FWD,FUL,5.5,3.520280259
2022-23,16,110,Maupay,FWD,EVE,6.1,3.516021303
2022-23,16,103,Welbeck,FWD,BHA,6.5,3.444151351
2022-23,16,40,Watkins,FWD,AVL,7.1,3.388046417
2022-23,16,345,Martial,FWD,MUN,6.7,3.003408898
2022-23,16,394,Brennan Johnson,FWD,NFO,5.6,2.978857715
2022-23,16,80,Toney,FWD,BRE,7.4,2.902740636
2022-23,16,356,C Wilson,FWD,NEW,7.5,2.200068303
2022-23,16,319,Alvarez,FWD,MCI,6.0,2.705005658
2022-23,16,271,Daka,FWD,LEI,5.7,2.765501329
2022-23,16,145,Havertz,FWD,CHE,7.7,2.762514561
2022-23,16,255,Vardy,FWD,LEI,9.1,2.71444892
2022-23,16,166,Edouard,FWD,CRY,5.4,2.464995236
2022-23,16,397,Awoniyi,FWD,NFO,5.7,2.568375111
2022-23,16,617,Aubameyang,FWD,CHE,8.7,2.555115444
2022-23,16,411,C Adams,FWD,SOU,6.4,2.569818048
2022-23,16,30,Ings,FWD,AVL,6.6,2.561226834
2022-23,16,454,Richarlison,FWD,TOT,8.4,2.023654309
2022-23,16,62,Kieffer Moore,FWD,BOU,5.4,2.230286151
2022-23,16,95,Mbeumo,FWD,BRE,5.8,2.302567805
2022-23,16,354,Wood,FWD,NEW,5.6,2.185947455
2022-23,16,262,Iheanacho,FWD,LEI,6.1,2.167200864
2022-23,16,408,A Armstrong,FWD,SOU,5.5,2.2152181
2022-23,16,458,Antonio,FWD,WHU,7.0,2.103999623
2022-23,16,326,Ronaldo,FWD,MUN,10.2,1.384183524
2022-23,16,585,E Dennis,FWD,NFO,5.8,2.113562727
2022-23,16,227,Bamford,FWD,LEE,7.2,0.0
2022-23,16,210,Mitrovic,FWD,FUL,6.8,0.0
2022-23,16,594,Isak,FWD,NEW,6.6,0.0
2022-23,16,191,Calvert-Lewin,FWD,EVE,7.9,0.0
2022-23,16,288,Jota,FWD,LIV,8.8,0.0
2022-23,16,625,Costa,FWD,WOL,5.5,0.0
2022-23,16,608,Kalajdzic,FWD,WOL,5.3,0.0
2022-23,16,634,J Gordon,FWD,CRY,4.5,0.003774163
2022-23,16,591,Ablade,FWD,FUL,4.5,0.003703687
2022-23,16,596,E Ferguson,FWD,BHA,4.5,0.003672845
2022-23,16,447,Scarlett,FWD,TOT,4.5,0.003613642
2022-23,16,660,Shoretire,FWD,MUN,4.5,0.003415917
2022-23,16,659,Mateo,FWD,LEE,4.5,0.003364021
2022-23,16,657,N Fraser,FWD,WOL,4.5,0.003141551
2022-23,16,476,Jimenez,FWD,WOL,6.8,0.18463973
2022-23,16,125,Enciso,FWD,BHA,4.7,0.078306222
2022-23,16,619,Gnonto,FWD,LEE,5.0,1.551759599
2022-23,16,391,Surridge,FWD,NFO,4.7,0.659763809
2022-23,16,168,Mateta,FWD,CRY,5.2,1.684615625
2022-23,16,123,Undav,FWD,BHA,5.1,0.665618297
2022-23,16,177,Rondon,FWD,EVE,5.0,0.906898722
2022-23,16,54,Archer,FWD,AVL,4.2,0.418092956
2022-23,16,242,Gelhardt,FWD,LEE,5.1,0.882318236
2022-23,16,528,Mara,FWD,SOU,5.3,0.863633209
2022-23,16,515,Lewis-Potter,FWD,BRE,5.2,1.178737294
2022-23,16,150,Broja,FWD,CHE,5.3,1.459825854
2022-23,16,11,Nketiah,FWD,ARS,6.5,1.557648445
2022-23,16,237,Greenwood,FWD,LEE,4.2,0.893598361
2022-23,17,307,Ederson,GK,MCI,5.4,4.21720145
2022-23,17,281,Alisson,GK,LIV,5.4,4.219296247
2022-23,17,133,Kepa,GK,CHE,4.5,3.736701351
2022-23,17,15,Ramsdale,GK,ARS,4.9,3.905711721
2022-23,17,113,R Sanchez,GK,BHA,4.6,3.98339012
2022-23,17,425,Lloris,GK,TOT,5.5,3.713556383
2022-23,17,2,Leno,GK,FUL,4.5,3.633866502
2022-23,17,376,Pope,GK,NEW,5.3,3.649291824
2022-23,17,152,Guaita,GK,CRY,4.5,4.029845014
2022-23,17,327,de Gea,GK,MUN,4.9,4.403104508
2022-23,17,81,Raya,GK,BRE,4.6,3.19761642
2022-23,17,182,Pickford,GK,EVE,4.5,4.16327666
2022-23,17,478,Sa,GK,WOL,5.1,3.931855858
2022-23,17,422,Bazunu,GK,SOU,4.5,3.382699032
2022-23,17,455,Fabianski,GK,WHU,5.0,2.628576683
2022-23,17,254,D Ward,GK,LEI,4.1,3.443083862
2022-23,17,31,E Martinez,GK,AVL,4.9,0.292105308
2022-23,17,238,Meslier,GK,LEE,4.5,1.771509875
2022-23,17,398,D Henderson,GK,NFO,4.7,0.0
2022-23,17,574,N Neto,GK,BOU,4.5,0.223003466
2022-23,17,147,E Mendy,GK,CHE,4.8,1.029323057
2022-23,17,72,Travers,GK,BOU,4.3,2.432435909
2022-23,17,473,Areola,GK,WHU,4.3,0.209533754
2022-23,17,35,Olsen,GK,AVL,3.9,1.652165904
2022-23,17,548,Iversen,GK,LEI,3.9,0.265677981
2022-23,17,289,Kelleher,GK,LIV,4.0,0.100567978
2022-23,17,518,Hennessey,GK,NFO,3.9,1.998772367
2022-23,17,324,Ortega,GK,MCI,3.8,0.080707231
2022-23,17,355,Dubravka,GK,MUN,4.2,0.107605915
2022-23,17,24,Turner,GK,ARS,3.9,0.074983312
2022-23,17,175,Johnstone,GK,CRY,4.4,0.0
2022-23,17,426,Forster,GK,TOT,3.9,0.069764159
2022-23,17,102,Steele,GK,BHA,3.9,0.070097059
2022-23,17,213,Rodak,GK,FUL,4.3,0.095946163
2022-23,17,401,McCarthy,GK,SOU,4.3,0.063273782
2022-23,17,353,Darlow,GK,NEW,3.9,0.03940016
2022-23,17,626,Karius,GK,NEW,4.0,0.037352913
2022-23,17,492,Sarkic,GK,WOL,3.9,0.069349588
2022-23,17,162,Butland,GK,CRY,4.4,0.078141253
2022-23,17,176,Begovic,GK,EVE,4.0,0.071847366
2022-23,17,633,Cox,GK,BRE,4.0,0.050964586
2022-23,17,502,Carson,GK,MCI,3.8,0.007840965
2022-23,17,635,Bettinelli,GK,CHE,4.0,0.008943544
2022-23,17,497,Adrian,GK,LIV,3.9,0.007780546
2022-23,17,451,Austin,GK,TOT,3.9,0.006721583
2022-23,17,348,Heaton,GK,MUN,3.9,0.008073497
2022-23,17,571,Randolph,GK,WHU,4.0,0.005202597
2022-23,17,649,Plain,GK,BOU,4.0,0.011471717
2022-23,17,581,Smithies,GK,LEI,4.0,0.00636243
2022-23,17,627,Jakupovic,GK,EVE,4.0,0.007022858
2022-23,17,578,Robles,GK,LEE,4.0,0.003323871
2022-23,17,644,Goodman,GK,CRY,4.0,0.00068172
2022-23,17,424,Caballero,GK,SOU,3.9,0.000598309
2022-23,17,517,Strakosha,GK,BRE,4.3,0.0
2022-23,17,590,Whitworth,GK,CRY,4.0,0.000563308
2022-23,17,592,H Davies,GK,LIV,4.0,0.003984532
2022-23,17,655,Hein,GK,ARS,4.0,0.003546209
2022-23,17,557,Jackson Smith,GK,WOL,3.9,0.003666502
2022-23,17,656,Bishop,GK,MUN,4.0,0.003711482
2022-23,17,236,Klaesson,GK,LEE,3.9,0.165188353
2022-23,17,306,Cancelo,DEF,MCI,7.4,4.659397646
2022-23,17,285,Trent,DEF,LIV,7.2,3.616565934
2022-23,17,141,T Chalobah,DEF,CHE,4.7,4.948886058
2022-23,17,16,Gabriel,DEF,ARS,5.1,4.1773632
2022-23,17,280,van Dijk,DEF,LIV,6.5,4.012862587
2022-23,17,284,Robertson,DEF,LIV,6.7,3.832077763
2022-23,17,146,R James,DEF,CHE,5.8,3.87541852
2022-23,17,357,Trippier,DEF,NEW,5.9,3.415553955
2022-23,17,26,Saliba,DEF,ARS,5.3,3.402015131
2022-23,17,128,T Silva,DEF,CHE,5.4,3.666195361
2022-23,17,313,Zinchenko,DEF,ARS,5.0,1.811689705
2022-23,17,106,Dunk,DEF,BHA,4.7,3.370460027
2022-23,17,332,Shaw,DEF,MUN,4.7,4.326608336
2022-23,17,10,B White,DEF,ARS,4.6,3.549471933
2022-23,17,165,Andersen,DEF,CRY,4.5,3.987311491
2022-23,17,377,Botman,DEF,NEW,4.4,3.163619774
2022-23,17,309,Laporte,DEF,MCI,5.8,3.660726522
2022-23,17,430,Dier,DEF,TOT,5.3,3.235519019
2022-23,17,448,Perisic,DEF,TOT,5.5,3.32349094
2022-23,17,299,Walker,DEF,MCI,4.8,3.147196044
2022-23,17,276,Matip,DEF,LIV,5.9,3.574782409
2022-23,17,112,Cucurella,DEF,CHE,5.1,3.998994073
2022-23,17,109,Veltman,DEF,BHA,4.6,3.311871824
2022-23,17,33,Digne,DEF,AVL,4.6,2.867171857
2022-23,17,366,Schar,DEF,NEW,4.9,3.027861312
2022-23,17,610,Akanji,DEF,MCI,5.0,2.661858019
2022-23,17,358,Burn,DEF,NEW,4.5,2.849930185
2022-23,17,432,Ben T Davies,DEF,TOT,4.9,2.831513764
2022-23,17,258,Castagne,DEF,LEI,4.7,3.541167072
2022-23,17,312,Dias,DEF,MCI,5.9,0.0
2022-23,17,43,Cash,DEF,AVL,4.6,2.75259578
2022-23,17,588,Kehrer,DEF,WHU,4.5,2.475437331
2022-23,17,484,Kilman,DEF,WOL,4.5,3.237611456
2022-23,17,85,Henry,DEF,BRE,4.5,2.841251514
2022-23,17,516,Collins,DEF,WOL,4.5,3.217766694
2022-23,17,533,L Martinez,DEF,MUN,4.5,1.671309909
2022-23,17,92,Pinnock,DEF,BRE,4.4,2.902154736
2022-23,17,44,Konsa,DEF,AVL,4.4,2.612658218
2022-23,17,586,Estupinan,DEF,BHA,4.5,3.09340804
2022-23,17,520,Koulibaly,DEF,CHE,5.5,2.421703291
2022-23,17,167,Guehi,DEF,CRY,4.4,0.0
2022-23,17,201,Ream,DEF,FUL,4.5,2.783550677
2022-23,17,457,Cresswell,DEF,WHU,4.8,1.984795187
2022-23,17,39,Mings,DEF,AVL,4.3,2.543672844
2022-23,17,199,Tarkowski,DEF,EVE,4.4,3.769647854
2022-23,17,270,Thomas,DEF,LEI,4.2,3.277674422
2022-23,17,108,Webster,DEF,BHA,4.5,0.0
2022-23,17,342,Dalot,DEF,MUN,4.8,2.084064727
2022-23,17,623,Caleta-Car,DEF,SOU,4.5,3.054823222
2022-23,17,302,Stones,DEF,MCI,5.4,2.798108832
2022-23,17,612,Faes,DEF,LEI,4.5,3.278534425
2022-23,17,156,J Ward,DEF,CRY,4.5,3.336879489
2022-23,17,445,Emerson R,DEF,TOT,4.9,2.472136297
2022-23,17,526,Mee,DEF,BRE,4.6,2.898796503
2022-23,17,429,Doherty,DEF,TOT,4.6,2.451606771
2022-23,17,197,Patterson,DEF,EVE,4.0,2.973021308
2022-23,17,409,Walker-Peters,DEF,SOU,4.4,2.88542877
2022-23,17,423,Bella-Kotchap,DEF,SOU,4.5,2.917420339
2022-23,17,217,Robinson,DEF,FUL,4.4,1.688367982
2022-23,17,628,Aurier,DEF,NFO,4.5,1.955858706
2022-23,17,194,Mykolenko,DEF,EVE,4.5,3.565275262
2022-23,17,170,Mitchell,DEF,CRY,4.5,3.411879973
2022-23,17,513,Lenglet,DEF,TOT,4.8,2.660348637
2022-23,17,443,Romero,DEF,TOT,4.9,0.0
2022-23,17,461,Zouma,DEF,WHU,4.5,0.443472726
2022-23,17,127,Azpilicueta,DEF,CHE,4.8,2.932243575
2022-23,17,244,Kristensen,DEF,LEE,4.8,1.829707807
2022-23,17,215,Tete,DEF,FUL,4.4,2.480592726
2022-23,17,157,Clyne,DEF,CRY,4.5,3.104089657
2022-23,17,235,Struijk,DEF,LEE,4.5,1.867576937
2022-23,17,558,Bueno,DEF,WOL,3.9,2.487392161
2022-23,17,420,Salisu,DEF,SOU,4.4,2.077001401
2022-23,17,57,A Smith,DEF,BOU,4.4,1.946541707
2022-23,17,329,Varane,DEF,MUN,4.8,0.733751081
2022-23,17,576,Senesi,DEF,BOU,4.5,1.968349742
2022-23,17,286,J Gomez,DEF,LIV,4.5,1.706438321
2022-23,17,470,Diop,DEF,FUL,4.3,1.879563643
2022-23,17,459,Dawson,DEF,WHU,4.8,1.840686426
2022-23,17,472,Aguerd,DEF,WHU,4.8,0.986552685
2022-23,17,559,Colwill,DEF,BHA,4.4,2.310837419
2022-23,17,419,Livramento,DEF,SOU,4.4,2.315600374
2022-23,17,602,Lodi,DEF,NFO,4.3,1.420915577
2022-23,17,308,Ake,DEF,MCI,5.0,0.854599182
2022-23,17,78,Jansson,DEF,BRE,4.2,1.130817684
2022-23,17,463,Coufal,DEF,WHU,4.2,1.775734681
2022-23,17,90,Roerslev,DEF,BRE,4.3,2.349009469
2022-23,17,249,Evans,DEF,LEI,4.4,1.787243949
2022-23,17,193,Godfrey,DEF,EVE,4.3,3.107484554
2022-23,17,209,Adarabioyo,DEF,FUL,4.5,1.693984477
2022-23,17,482,Semedo,DEF,WOL,5.0,2.508514917
2022-23,17,475,Coady,DEF,EVE,5.0,0.0
2022-23,17,139,Chilwell,DEF,CHE,5.8,0.0
2022-23,17,230,Koch,DEF,LEE,4.5,1.774559718
2022-23,17,221,Cooper,DEF,LEE,4.4,1.30290317
2022-23,17,337,Lindelof,DEF,MUN,4.3,3.557763675
2022-23,17,330,Maguire,DEF,MUN,4.7,2.183361069
2022-23,17,435,D Sanchez,DEF,TOT,4.3,1.744676828
2022-23,17,388,Worrall,DEF,NFO,4.2,0.786764079
2022-23,17,545,Emerson P,DEF,WHU,4.0,1.588076384
2022-23,17,73,Kelly,DEF,BOU,4.3,0.80000088
2022-23,17,272,Fofana,DEF,CHE,4.3,0.0
2022-23,17,504,Malacia,DEF,MUN,4.2,1.612730817
2022-23,17,436,Sessegnon,DEF,TOT,4.5,1.994031601
2022-23,17,290,Konate,DEF,LIV,4.8,0.0
2022-23,17,385,McKenna,DEF,NFO,4.4,1.619933723
2022-23,17,379,S Cook,DEF,NFO,4.4,1.504455862
2022-23,17,523,Toffolo,DEF,NFO,4.3,0.731228392
2022-23,17,477,Jonny,DEF,WOL,4.4,1.491216124
2022-23,17,76,Zemura,DEF,BOU,4.4,0.982954879
2022-23,17,587,S Gomez,DEF,MCI,4.5,0.354893704
2022-23,17,71,Mepham,DEF,BOU,4.4,1.430633817
2022-23,17,292,Tsimikas,DEF,LIV,4.5,1.099140479
2022-23,17,257,Amartey,DEF,LEI,4.3,1.612576853
2022-23,17,341,Wan-Bissaka,DEF,MUN,4.3,1.377994171
2022-23,17,84,Ajer,DEF,BRE,4.5,0.0
2022-23,17,417,Perraud,DEF,SOU,4.4,0.551949604
2022-23,17,59,Fredericks,DEF,BOU,4.4,1.387022478
2022-23,17,295,N Williams,DEF,NFO,4.1,1.232490943
2022-23,17,474,Boly,DEF,NFO,4.2,0.396802552
2022-23,17,228,Llorente,DEF,LEE,4.4,0.409162412
2022-23,17,510,Hickey,DEF,BRE,4.9,0.0
2022-23,17,153,Tomkins,DEF,CRY,3.9,1.115221602
2022-23,17,239,Firpo,DEF,LEE,4.5,0.851246138
2022-23,17,410,Bednarek,DEF,AVL,4.2,0.333859499
2022-23,17,192,Holgate,DEF,EVE,4.3,0.99825855
2022-23,17,595,Zanka,DEF,BRE,4.0,1.048523216
2022-23,17,360,Lascelles,DEF,NEW,4.3,0.37283757
2022-23,17,8,Tierney,DEF,ARS,4.7,2.562431278
2022-23,17,32,C Chambers,DEF,AVL,4.2,0.18979443
2022-23,17,501,N Phillips,DEF,LIV,3.9,0.038942119
2022-23,17,188,Mina,DEF,EVE,4.3,1.213223591
2022-23,17,471,Ben Johnson,DEF,WHU,4.4,0.624149826
2022-23,17,253,Vestergaard,DEF,LEI,3.9,0.005937033
2022-23,17,250,Bertrand,DEF,LEI,3.9,0.0
2022-23,17,399,Biancone,DEF,NFO,4.2,0.0
2022-23,17,268,Justin,DEF,LEI,4.3,0.0
2022-23,17,511,O Richards,DEF,NFO,4.4,0.0
2022-23,17,50,Carlos,DEF,AVL,4.7,0.0
2022-23,17,573,R Lewis,DEF,MCI,3.9,0.0042249
2022-23,17,322,Wilson-Esbrand,DEF,MCI,3.8,0.004177823
2022-23,17,563,L Chambers,DEF,LIV,4.0,0.004051432
2022-23,17,631,Sousa,DEF,ARS,4.0,0.004016427
2022-23,17,362,Dummett,DEF,NEW,3.9,0.003780486
2022-23,17,439,Tanganga,DEF,TOT,3.9,0.003742344
2022-23,17,540,Stevens,DEF,BRE,4.0,0.003402263
2022-23,17,636,Parkes,DEF,FUL,4.0,0.003535707
2022-23,17,393,Mbe Soh,DEF,NFO,4.2,0.00319762
2022-23,17,96,Goode,DEF,BRE,3.9,0.003334831
2022-23,17,386,Drager,DEF,NFO,4.0,0.003154519
2022-23,17,598,Bevan,DEF,BOU,4.0,0.003072247
2022-23,17,638,Bogarde,DEF,AVL,4.0,0.003124963
2022-23,17,539,Hill,DEF,BOU,4.4,0.002995686
2022-23,17,555,Ashby,DEF,WHU,3.9,0.003074061
2022-23,17,664,Lembikisa,DEF,WOL,4.0,0.003452947
2022-23,17,642,Balmer,DEF,CRY,4.0,0.003546501
2022-23,17,273,Brunt,DEF,LEI,3.9,0.003519562
2022-23,17,605,Welch,DEF,EVE,4.0,0.003553459
2022-23,17,243,Hjelde,DEF,LEE,3.9,0.002675889
2022-23,17,637,John,DEF,EVE,4.0,0.003511225
2022-23,17,525,Augustinsson,DEF,AVL,4.3,0.088705529
2022-23,17,298,Ramsay,DEF,LIV,3.9,0.022969616
2022-23,17,640,Turns,DEF,BHA,4.0,0.089284677
2022-23,17,652,Furlong,DEF,BHA,4.0,0.089628929
2022-23,17,267,Soyuncu,DEF,LEI,4.2,0.049473699
2022-23,17,621,Bade,DEF,NFO,4.5,0.036823964
2022-23,17,507,Niakhate,DEF,NFO,4.3,0.080935795
2022-23,17,363,Manquillo,DEF,NEW,4.2,0.017773577
2022-23,17,56,Guilbert,DEF,AVL,3.9,0.016668336
2022-23,17,343,B Williams,DEF,MUN,3.8,0.050280714
2022-23,17,350,Ritchie,DEF,NEW,4.2,0.084745363
2022-23,17,494,Mosquera,DEF,WOL,3.9,0.094576414
2022-23,17,489,Toti,DEF,WOL,3.9,0.202237002
2022-23,17,645,Wormleighton,DEF,LEI,4.0,0.036258191
2022-23,17,646,Crama,DEF,BRE,4.0,0.030773093
2022-23,17,522,Spence,DEF,TOT,4.1,0.083654386
2022-23,17,547,Drameh,DEF,LEE,4.0,0.058027341
2022-23,17,1,Cedric,DEF,ARS,4.2,0.176558061
2022-23,17,372,J Lewis,DEF,NEW,4.4,0.076325242
2022-23,17,544,van Hecke,DEF,BHA,4.0,0.447749681
2022-23,17,622,Larios,DEF,SOU,4.0,0.076377038
2022-23,17,180,Keane,DEF,EVE,4.2,0.086911405
2022-23,17,531,Vinagre,DEF,EVE,4.3,0.080777765
2022-23,17,487,Ait-Nouri,DEF,WOL,4.2,1.032004703
2022-23,17,456,Ogbonna,DEF,WHU,4.4,0.136249796
2022-23,17,404,Stephens,DEF,BOU,4.3,0.137194439
2022-23,17,413,Lyanco,DEF,SOU,4.4,0.257054512
2022-23,17,367,Targett,DEF,NEW,4.8,1.296117655
2022-23,17,613,Kurzawa,DEF,FUL,4.3,0.531570486
2022-23,17,538,Young,DEF,AVL,4.4,0.389997574
2022-23,17,105,Duffy,DEF,FUL,4.3,0.427477738
2022-23,17,222,Ayling,DEF,LEE,4.5,0.177171943
2022-23,17,178,Coleman,DEF,EVE,4.5,0.366493671
2022-23,17,174,N Ferguson,DEF,CRY,3.9,0.338533325
2022-23,17,82,Canos,DEF,BRE,5.0,0.572557882
2022-23,17,530,C Richards,DEF,CRY,4.4,0.54249033
2022-23,17,226,Dallas,DEF,LEE,4.9,0.440816429
2022-23,17,114,Lamptey,DEF,BHA,4.2,1.971329839
2022-23,17,14,Tomiyasu,DEF,ARS,4.2,1.048704855
2022-23,17,532,Mbabu,DEF,FUL,4.3,0.887745038
2022-23,17,5,Holding,DEF,ARS,4.2,0.819681955
2022-23,17,65,Stacey,DEF,BOU,4.3,0.432203931
2022-23,17,283,Salah,MID,LIV,12.7,5.466629335
2022-23,17,301,De Bruyne,MID,MCI,12.6,5.573479924
2022-23,17,19,Martinelli,MID,ARS,6.8,5.132075718
2022-23,17,304,Sterling,MID,CHE,9.7,5.415597928
2022-23,17,13,Saka,MID,ARS,8.0,4.895580708
2022-23,17,314,Foden,MID,MCI,8.3,4.746297937
2022-23,17,428,Son,MID,TOT,11.6,4.636515215
2022-23,17,333,Fernandes,MID,MUN,9.8,5.645722229
2022-23,17,142,Mount,MID,CHE,7.6,4.231813267
2022-23,17,111,Trossard,MID,BHA,7.1,4.708067194
2022-23,17,7,Odegaard,MID,ARS,6.4,4.382011115
2022-23,17,335,Rashford,MID,MUN,6.7,5.105639888
2022-23,17,160,Zaha,MID,CRY,7.5,4.622489339
2022-23,17,311,B Silva,MID,MCI,6.9,4.051035809
2022-23,17,465,Bowen,MID,WHU,8.1,3.559870596
2022-23,17,104,Gross,MID,BHA,5.6,4.179098386
2022-23,17,446,Kulusevski,MID,TOT,8.0,4.056688968
2022-23,17,107,March,MID,BHA,5.0,3.811644184
2022-23,17,493,Gibbs-White,MID,NFO,5.5,3.011111863
2022-23,17,189,D Gray,MID,EVE,5.4,4.152237561
2022-23,17,603,Paqueta,MID,WHU,5.9,3.060124126
2022-23,17,6,Partey,MID,ARS,4.8,3.449250347
2022-23,17,407,Ward-Prowse,MID,SOU,6.2,3.519594365
2022-23,17,315,Rodri,MID,MCI,5.6,3.426706538
2022-23,17,169,Eze,MID,CRY,5.7,3.928208933
2022-23,17,261,Maddison,MID,LEI,8.2,3.024517337
2022-23,17,374,Guimaraes,MID,NEW,5.7,3.394756028
2022-23,17,305,Grealish,MID,MCI,6.8,3.577183107
2022-23,17,264,Barnes,MID,LEI,6.9,3.653306366
2022-23,17,519,Eriksen,MID,MUN,6.3,4.35289536
2022-23,17,130,Jorginho,MID,CHE,5.8,3.460632022
2022-23,17,116,Mac Allister,MID,BHA,5.4,0.0
2022-23,17,346,A Pereira,MID,FUL,4.6,2.817595066
2022-23,17,368,Saint-Maximin,MID,NEW,6.2,3.287206618
2022-23,17,186,Iwobi,MID,EVE,5.6,3.443042293
2022-23,17,120,Caicedo,MID,BHA,5.0,3.272980328
2022-23,17,148,Gallagher,MID,CHE,5.7,3.856638701
2022-23,17,212,H Wilson,MID,FUL,5.7,2.591763378
2022-23,17,371,Joelinton,MID,NEW,5.9,3.055440077
2022-23,17,468,Soucek,MID,WHU,5.2,2.7545709
2022-23,17,303,Mahrez,MID,MCI,7.5,3.479317941
2022-23,17,140,Pulisic,MID,CHE,5.7,3.467960464
2022-23,17,433,Hojbjerg,MID,TOT,5.5,2.973052655
2022-23,17,3,Xhaka,MID,ARS,5.1,2.936344788
2022-23,17,609,Antony,MID,MUN,7.5,3.646401042
2022-23,17,225,Rodrigo,MID,LEE,6.3,2.616283019
2022-23,17,340,Sancho,MID,MUN,7.1,0.537708724
2022-23,17,577,Onana,MID,EVE,4.9,3.224476666
2022-23,17,300,Gundogan,MID,MCI,7.3,3.133637323
2022-23,17,88,Jensen,MID,BRE,4.8,3.010791976
2022-23,17,220,Palhinha,MID,FUL,5.0,2.507323691
2022-23,17,593,Casemiro,MID,MUN,4.9,3.388314371
2022-23,17,406,Elyounoussi,MID,SOU,5.2,2.659929711
2022-23,17,535,Tavernier,MID,BOU,4.9,1.384333278
2022-23,17,45,Bailey,MID,AVL,4.5,2.576901537
2022-23,17,294,Elliott,MID,LIV,5.0,2.842888495
2022-23,17,440,Bentancur,MID,TOT,5.4,0.0
2022-23,17,387,Yates,MID,NFO,5.0,2.62062089
2022-23,17,161,Schlupp,MID,CRY,4.8,3.446514877
2022-23,17,480,Neves,MID,WOL,5.5,2.915928693
2022-23,17,246,Aaronson,MID,LEE,5.5,2.543046299
2022-23,17,614,Willian,MID,FUL,5.5,2.327168615
2022-23,17,37,McGinn,MID,AVL,5.1,2.683571101
2022-23,17,483,Podence,MID,WOL,5.3,2.862285687
2022-23,17,53,Kamara,MID,AVL,4.8,2.571225902
2022-23,17,514,C Doucoure,MID,CRY,5.0,3.056470654
2022-23,17,259,Tielemans,MID,LEI,6.3,2.785284423
2022-23,17,467,Rice,MID,WHU,4.8,2.494793705
2022-23,17,277,Thiago,MID,LIV,5.2,2.703782252
2022-23,17,611,Gueye,MID,EVE,5.0,2.75971656
2022-23,17,70,Billing,MID,BOU,5.3,2.309709658
2022-23,17,159,Ayew,MID,CRY,5.3,2.888725563
2022-23,17,369,Almiron,MID,NEW,5.8,3.316919112
2022-23,17,589,Nunes,MID,WOL,4.8,2.728642513
2022-23,17,282,Fabinho,MID,LIV,5.3,2.592387246
2022-23,17,266,Dewsbury-Hall,MID,LEI,4.9,2.441479002
2022-23,17,64,Lerma,MID,BOU,4.8,2.097976679
2022-23,17,503,Moutinho,MID,WOL,4.7,2.692934055
2022-23,17,275,J Henderson,MID,LIV,5.3,2.67817555
2022-23,17,582,Freuler,MID,NFO,4.9,2.385070432
2022-23,17,79,Norgaard,MID,BRE,5.3,2.550355228
2022-23,17,47,Ramsey,MID,AVL,5.2,0.0
2022-23,17,124,Mitoma,MID,BHA,4.9,3.219494074
2022-23,17,245,Roca,MID,LEE,4.8,2.261617598
2022-23,17,195,A Gordon,MID,EVE,5.4,2.881913204
2022-23,17,205,Reid,MID,FUL,5.5,2.065574233
2022-23,17,506,T Adams,MID,LEE,4.9,0.0
2022-23,17,527,Lingard,MID,NFO,5.4,2.274352244
2022-23,17,491,A Traore,MID,WOL,5.5,2.383924193
2022-23,17,373,Willock,MID,NEW,4.9,2.197267038
2022-23,17,211,Reed,MID,FUL,4.5,2.109917416
2022-23,17,29,Coutinho,MID,AVL,6.6,2.270989584
2022-23,17,469,Fornals,MID,WHU,5.0,2.29013006
2022-23,17,101,Lallana,MID,BHA,4.9,2.63604392
2022-23,17,233,Harrison,MID,LEE,5.8,2.130374951
2022-23,17,132,Kovacic,MID,CHE,4.9,0.0
2022-23,17,42,Buendia,MID,AVL,5.7,2.226349458
2022-23,17,67,L Cook,MID,BOU,4.9,2.136578868
2022-23,17,86,Janelt,MID,BRE,5.5,2.324142549
2022-23,17,579,Guedes,MID,WOL,5.9,2.127780773
2022-23,17,321,Lavia,MID,SOU,4.5,2.086209831
2022-23,17,265,Ndidi,MID,LEI,4.8,2.389825044
2022-23,17,89,Wissa,MID,BRE,5.4,2.37483965
2022-23,17,349,Shelvey,MID,NEW,4.8,2.120010902
2022-23,17,508,Sinisterra,MID,LEE,6.5,0.0
2022-23,17,240,Summerville,MID,LEE,4.4,2.260145074
2022-23,17,296,Carvalho,MID,LIV,5.4,2.304310956
2022-23,17,512,Aribo,MID,SOU,5.3,2.390039503
2022-23,17,534,McNeil,MID,EVE,5.2,2.79839841
2022-23,17,171,Olise,MID,CRY,5.4,2.825326463
2022-23,17,136,Loftus-Cheek,MID,CHE,5.0,0.0
2022-23,17,25,Vieira,MID,ARS,5.7,2.376421146
2022-23,17,370,S Longstaff,MID,NEW,4.4,1.827101306
2022-23,17,12,Smith Rowe,MID,ARS,5.6,0.322383786
2022-23,17,231,D James,MID,FUL,6.0,1.580323906
2022-23,17,661,Hall,MID,CHE,4.5,1.438986352
2022-23,17,46,Douglas Luiz,MID,AVL,4.8,2.245377955
2022-23,17,405,S Armstrong,MID,SOU,4.7,1.626539315
2022-23,17,60,Brooks,MID,BOU,5.3,0.159545935
2022-23,17,331,Fred,MID,MUN,5.1,2.10618593
2022-23,17,269,Soumare,MID,LEI,4.4,1.257964283
2022-23,17,524,O'Brien,MID,NFO,4.8,1.734595911
2022-23,17,616,Zakaria,MID,CHE,5.0,1.384680219
2022-23,17,260,Perez,MID,LEI,4.7,0.881538055
2022-23,17,18,Lokonga,MID,ARS,4.3,0.328832437
2022-23,17,154,McArthur,MID,CRY,4.8,0.339552178
2022-23,17,204,Kebano,MID,FUL,5.4,0.0
2022-23,17,117,Moder,MID,BHA,4.4,0.0
2022-23,17,583,Kouyate,MID,NFO,4.5,0.0
2022-23,17,570,Garner,MID,EVE,4.5,0.0
2022-23,17,134,Kante,MID,CHE,4.8,0.0
2022-23,17,620,Arthur,MID,LIV,4.8,0.0
2022-23,17,486,P Neto,MID,WOL,4.9,0.0
2022-23,17,562,Solomon,MID,FUL,4.9,0.0
2022-23,17,490,Chiquinho,MID,WOL,5.0,0.0
2022-23,17,293,Diaz,MID,LIV,7.8,0.0
2022-23,17,464,Benrahma,MID,WHU,5.6,1.739606731
2022-23,17,316,Palmer,MID,MCI,4.3,0.004604521
2022-23,17,546,Harris,MID,FUL,4.4,0.003951393
2022-23,17,600,Knight,MID,MCI,4.5,0.004026443
2022-23,17,632,Trevitt,MID,BRE,4.5,0.003760683
2022-23,17,347,Pellistri,MID,MUN,4.3,0.003954425
2022-23,17,665,Doak,MID,LIV,4.5,0.0036831
2022-23,17,449,H White,MID,TOT,4.4,0.003735196
2022-23,17,36,Sanson,MID,AVL,4.3,0.003570497
2022-23,17,641,Godo,MID,FUL,4.5,0.003548076
2022-23,17,560,Mills,MID,EVE,4.4,0.003762762
2022-23,17,584,B Clark,MID,LIV,4.5,0.003586927
2022-23,17,551,Iqbal,MID,MUN,4.3,0.003740371
2022-23,17,651,Moran,MID,BHA,4.5,0.003580328
2022-23,17,553,Hammond,MID,NFO,4.3,0.003482679
2022-23,17,604,Killian Phillips,MID,CRY,4.5,0.003717828
2022-23,17,23,Nelson,MID,ARS,4.8,0.0
2022-23,17,650,Yarmolyuk,MID,BRE,4.5,0.003470652
2022-23,17,643,Mainoo,MID,MUN,4.5,0.003635202
2022-23,17,564,Bajcetic,MID,LIV,4.4,0.003469813
2022-23,17,607,M Smith,MID,ARS,4.5,0.003458864
2022-23,17,639,Braybrooke,MID,LEI,4.5,0.003467727
2022-23,17,601,Rodney,MID,CRY,4.5,0.003463458
2022-23,17,658,Griffiths,MID,WOL,4.5,0.003359867
2022-23,17,667,Sekularac,MID,FUL,4.5,0.003265014
2022-23,17,654,Wells-Morrison,MID,CRY,4.5,0.003286389
2022-23,17,509,Downes,MID,WHU,4.3,0.003093756
2022-23,17,556,Coventry,MID,WHU,4.4,0.003074561
2022-23,17,565,A Gray,MID,LEE,4.5,0.0
2022-23,17,554,Gil,MID,TOT,5.0,0.292722387
2022-23,17,452,Devine,MID,TOT,4.3,0.075048445
2022-23,17,247,Gyabi,MID,LEE,4.3,0.018055902
2022-23,17,653,Hutchinson,MID,CHE,4.5,0.190227684
2022-23,17,287,Keita,MID,LIV,4.7,1.468169378
2022-23,17,185,A Doucoure,MID,EVE,5.3,0.969226323
2022-23,17,567,Ronan,MID,WOL,4.4,0.036937028
2022-23,17,566,Hodge,MID,WOL,4.4,0.036541413
2022-23,17,61,Lowe,MID,BOU,5.2,0.033566626
2022-23,17,552,Anderson,MID,NEW,4.4,0.086358784
2022-23,17,647,Payne,MID,SOU,4.5,0.034004628
2022-23,17,648,Finnigan,MID,SOU,4.5,0.033673825
2022-23,17,630,Nwaneri,MID,ARS,4.5,0.171100347
2022-23,17,27,Marquinhos,MID,ARS,4.6,0.171121155
2022-23,17,63,Marcondes,MID,BOU,4.7,0.134446376
2022-23,17,135,Ziyech,MID,CHE,5.5,0.0
2022-23,17,74,Dembele,MID,BOU,4.7,0.132817411
2022-23,17,252,N Mendy,MID,LEI,4.3,0.073280829
2022-23,17,173,Ebiowei,MID,CRY,4.2,0.076076804
2022-23,17,450,P Sarr,MID,TOT,4.3,0.070961429
2022-23,17,381,Colback,MID,NFO,4.2,0.067337639
2022-23,17,179,Townsend,MID,EVE,5.4,0.0
2022-23,17,41,Nakamba,MID,AVL,4.3,0.065891463
2022-23,17,365,Murphy,MID,NEW,4.3,1.41510451
2022-23,17,200,Cairney,MID,FUL,4.7,1.351056135
2022-23,17,4,Elneny,MID,ARS,4.2,0.269451257
2022-23,17,190,T Davies,MID,EVE,4.9,0.159114127
2022-23,17,549,Praet,MID,LEI,4.8,0.66536797
2022-23,17,400,Walcott,MID,SOU,4.8,0.238440108
2022-23,17,119,Sarmiento,MID,BHA,4.5,0.81632291
2022-23,17,569,Garnacho,MID,MUN,4.3,1.048623132
2022-23,17,69,Christie,MID,BOU,5.3,1.980856029
2022-23,17,278,Chamberlain,MID,LIV,4.9,1.18960331
2022-23,17,336,van de Beek,MID,MUN,5.1,0.343992449
2022-23,17,83,Dasilva,MID,BRE,4.2,1.690104731
2022-23,17,274,Milner,MID,LIV,4.4,0.0
2022-23,17,536,Mangala,MID,NFO,4.9,1.39724885
2022-23,17,568,Campbell,MID,WOL,4.4,0.323554256
2022-23,17,164,Riedewald,MID,CRY,4.3,0.220993146
2022-23,17,251,Albrighton,MID,LEI,4.7,0.953186779
2022-23,17,441,Skipp,MID,TOT,4.3,0.206172358
2022-23,17,481,Hwang,MID,WOL,5.7,1.591263997
2022-23,17,216,Onomah,MID,FUL,4.3,0.296018977
2022-23,17,291,C Jones,MID,LIV,4.9,0.519300148
2022-23,17,431,Lucas Moura,MID,TOT,5.8,0.32462022
2022-23,17,444,Bissouma,MID,TOT,4.7,2.43141244
2022-23,17,460,Lanzini,MID,WHU,5.1,0.556097154
2022-23,17,325,Kalvin Phillips,MID,MCI,4.8,0.0
2022-23,17,344,Elanga,MID,MUN,4.7,0.709640155
2022-23,17,624,Edozie,MID,SOU,4.8,0.474000119
2022-23,17,93,Onyeka,MID,BRE,4.8,0.564273926
2022-23,17,629,Boubacar Traore,MID,WOL,4.5,0.586028719
2022-23,17,575,Cornet,MID,WHU,5.9,0.464627944
2022-23,17,75,Anthony,MID,BOU,5.2,0.856256011
2022-23,17,359,R Fraser,MID,NEW,5.2,1.382466479
2022-23,17,21,Maitland-Niles,MID,SOU,4.8,0.548786733
2022-23,17,149,Gilmour,MID,BHA,4.3,1.302793793
2022-23,17,416,I Diallo,MID,SOU,4.3,1.216082275
2022-23,17,87,Ghoddos,MID,BRE,4.8,0.417492802
2022-23,17,580,Damsgaard,MID,BRE,5.1,1.00410455
2022-23,17,203,N Chalobah,MID,FUL,4.4,0.5878368
2022-23,17,158,Milivojevic,MID,CRY,4.3,1.025359326
2022-23,17,505,Rothwell,MID,BOU,4.9,0.762805114
2022-23,17,163,W Hughes,MID,CRY,4.8,0.682077227
2022-23,17,58,Stanislas,MID,BOU,4.8,1.039503818
2022-23,17,418,Djenepo,MID,SOU,5.0,1.128804123
2022-23,17,338,McTominay,MID,MUN,4.9,1.181968915
2022-23,17,479,Dendoncker,MID,AVL,4.7,1.110358401
2022-23,17,224,Forshaw,MID,LEE,4.4,1.017428862
2022-23,17,223,Klich,MID,LEE,4.6,1.839823739
2022-23,17,94,Baptiste,MID,BRE,4.5,0.494553446
2022-23,17,68,Pearson,MID,BOU,4.4,0.974438734
2022-23,17,318,Haaland,FWD,MCI,12.2,6.984015035
2022-23,17,427,Kane,FWD,TOT,11.6,4.835162237
2022-23,17,297,Nunez,FWD,LIV,8.9,4.332290628
2022-23,17,80,Toney,FWD,BRE,7.4,3.894170588
2022-23,17,145,Havertz,FWD,CHE,7.7,3.74739785
2022-23,17,210,Mitrovic,FWD,FUL,6.8,1.868932063
2022-23,17,345,Martial,FWD,MUN,6.7,4.787543497
2022-23,17,66,Solanke,FWD,BOU,5.8,2.941312485
2022-23,17,411,C Adams,FWD,SOU,6.4,3.226442515
2022-23,17,40,Watkins,FWD,AVL,7.1,3.009328183
2022-23,17,529,Scamacca,FWD,WHU,6.7,2.427494058
2022-23,17,227,Bamford,FWD,LEE,7.2,2.361019615
2022-23,17,28,Jesus,FWD,ARS,8.0,0.0
2022-23,17,356,C Wilson,FWD,NEW,7.5,3.911028903
2022-23,17,617,Aubameyang,FWD,CHE,8.7,3.118191371
2022-23,17,394,Brennan Johnson,FWD,NFO,5.6,2.863893006
2022-23,17,279,Firmino,FWD,LIV,8.1,0.0
2022-23,17,476,Jimenez,FWD,WOL,6.8,3.023381232
2022-23,17,95,Mbeumo,FWD,BRE,5.8,2.908480112
2022-23,17,103,Welbeck,FWD,BHA,6.5,0.0
2022-23,17,11,Nketiah,FWD,ARS,6.5,3.682463513
2022-23,17,191,Calvert-Lewin,FWD,EVE,7.9,0.801996556
2022-23,17,271,Daka,FWD,LEI,5.7,2.79316047
2022-23,17,166,Edouard,FWD,CRY,5.4,3.106503359
2022-23,17,408,A Armstrong,FWD,SOU,5.5,2.674713927
2022-23,17,594,Isak,FWD,NEW,6.6,0.0
2022-23,17,110,Maupay,FWD,EVE,6.1,3.461617201
2022-23,17,255,Vardy,FWD,LEI,9.1,2.421809168
2022-23,17,30,Ings,FWD,AVL,6.6,2.105548084
2022-23,17,397,Awoniyi,FWD,NFO,5.7,2.115047752
2022-23,17,319,Alvarez,FWD,MCI,6.0,0.0
2022-23,17,618,Vinicius,FWD,FUL,5.5,2.416162104
2022-23,17,454,Richarlison,FWD,TOT,8.4,0.275512888
2022-23,17,262,Iheanacho,FWD,LEI,6.1,1.939600847
2022-23,17,625,Costa,FWD,WOL,5.5,1.5371426
2022-23,17,123,Undav,FWD,BHA,5.1,2.366716087
2022-23,17,150,Broja,FWD,CHE,5.3,0.0
2022-23,17,608,Kalajdzic,FWD,WOL,5.3,0.0
2022-23,17,288,Jota,FWD,LIV,8.8,0.0
2022-23,17,634,J Gordon,FWD,CRY,4.5,0.003825044
2022-23,17,596,E Ferguson,FWD,BHA,4.5,0.003627552
2022-23,17,591,Ablade,FWD,FUL,4.5,0.003505449
2022-23,17,659,Mateo,FWD,LEE,4.5,0.00329099
2022-23,17,660,Shoretire,FWD,MUN,4.5,0.00346079
2022-23,17,663,Perkins,FWD,LEE,4.5,0.003225954
2022-23,17,666,D Taylor,FWD,NFO,4.5,0.003198367
2022-23,17,657,N Fraser,FWD,WOL,4.5,0.003106095
2022-23,17,662,Cannon,FWD,EVE,4.5,0.07517097
2022-23,17,447,Scarlett,FWD,TOT,4.5,0.067468216
2022-23,17,458,Antonio,FWD,WHU,7.0,1.649473342
2022-23,17,125,Enciso,FWD,BHA,4.7,0.899422381
2022-23,17,619,Gnonto,FWD,LEE,5.0,0.141038992
2022-23,17,391,Surridge,FWD,NFO,4.7,0.603702647
2022-23,17,515,Lewis-Potter,FWD,BRE,5.2,1.289263543
2022-23,17,62,Kieffer Moore,FWD,BOU,5.4,2.203546259
2022-23,17,168,Mateta,FWD,CRY,5.2,1.78420553
2022-23,17,585,E Dennis,FWD,NFO,5.8,1.610789095
2022-23,17,528,Mara,FWD,SOU,5.3,0.924881882
2022-23,17,354,Wood,FWD,NEW,5.6,0.843517792
2022-23,17,237,Greenwood,FWD,LEE,4.2,0.932748757
2022-23,17,54,Archer,FWD,AVL,4.2,0.411405657
2022-23,17,242,Gelhardt,FWD,LEE,5.1,1.204729101
2022-23,18,307,Ederson,GK,MCI,5.4,4.588520175
2022-23,18,281,Alisson,GK,LIV,5.4,4.310545197
2022-23,18,133,Kepa,GK,CHE,4.5,4.152516566
2022-23,18,15,Ramsdale,GK,ARS,4.9,3.608998456
2022-23,18,113,R Sanchez,GK,BHA,4.6,3.466998857
2022-23,18,425,Lloris,GK,TOT,5.5,4.043537612
2022-23,18,2,Leno,GK,FUL,4.5,3.991518906
2022-23,18,327,de Gea,GK,MUN,4.9,3.961167889
2022-23,18,81,Raya,GK,BRE,4.6,3.681975664
2022-23,18,376,Pope,GK,NEW,5.3,4.20986412
2022-23,18,238,Meslier,GK,LEE,4.5,3.191476421
2022-23,18,152,Guaita,GK,CRY,4.5,4.203909878
2022-23,18,31,E Martinez,GK,AVL,4.9,1.781207016
2022-23,18,455,Fabianski,GK,WHU,5.0,3.468961927
2022-23,18,398,D Henderson,GK,NFO,4.7,2.969375614
2022-23,18,182,Pickford,GK,EVE,4.5,1.750180821
2022-23,18,422,Bazunu,GK,SOU,4.5,3.216979839
2022-23,18,478,Sa,GK,WOL,5.1,3.291033099
2022-23,18,254,D Ward,GK,LEI,4.1,2.034705286
2022-23,18,574,N Neto,GK,BOU,4.5,1.466785324
2022-23,18,147,E Mendy,GK,CHE,4.8,0.5012547
2022-23,18,72,Travers,GK,BOU,4.3,2.23201927
2022-23,18,473,Areola,GK,WHU,4.3,0.286827258
2022-23,18,289,Kelleher,GK,LIV,4.0,0.102966789
2022-23,18,548,Iversen,GK,LEI,3.9,0.138305101
2022-23,18,324,Ortega,GK,MCI,3.8,0.089560182
2022-23,18,175,Johnstone,GK,CRY,4.4,0.108966934
2022-23,18,355,Dubravka,GK,MUN,4.2,0.095582573
2022-23,18,24,Turner,GK,ARS,3.9,0.069175835
2022-23,18,35,Olsen,GK,AVL,3.9,0.675538831
2022-23,18,426,Forster,GK,TOT,3.9,0.077953528
2022-23,18,102,Steele,GK,BHA,3.9,0.064208288
2022-23,18,213,Rodak,GK,FUL,4.3,0.106412752
2022-23,18,401,McCarthy,GK,SOU,4.3,0.062336602
2022-23,18,353,Darlow,GK,NEW,3.9,0.045575567
2022-23,18,626,Karius,GK,NEW,4.0,0.043619147
2022-23,18,518,Hennessey,GK,NFO,3.9,0.052556341
2022-23,18,492,Sarkic,GK,WOL,3.9,0.058173568
2022-23,18,236,Klaesson,GK,LEE,3.9,0.05393573
2022-23,18,633,Cox,GK,BRE,4.0,0.054117183
2022-23,18,502,Carson,GK,MCI,3.8,0.008837786
2022-23,18,635,Bettinelli,GK,CHE,4.0,0.008230909
2022-23,18,497,Adrian,GK,LIV,3.9,0.007982416
2022-23,18,176,Begovic,GK,EVE,4.0,0.02979292
2022-23,18,451,Austin,GK,TOT,3.9,0.007620976
2022-23,18,348,Heaton,GK,MUN,3.9,0.007058676
2022-23,18,162,Butland,GK,CRY,4.4,0.008086965
2022-23,18,649,Plain,GK,BOU,4.0,0.017898534
2022-23,18,571,Randolph,GK,WHU,4.0,0.006918885
2022-23,18,578,Robles,GK,LEE,4.0,0.00534935
2022-23,18,675,Jordan Smith,GK,NFO,4.0,0.005158741
2022-23,18,581,Smithies,GK,LEI,4.0,0.003462765
2022-23,18,644,Goodman,GK,CRY,4.0,0.000700532
2022-23,18,627,Jakupovic,GK,EVE,4.0,0.002881833
2022-23,18,424,Caballero,GK,SOU,3.9,0.00055395
2022-23,18,517,Strakosha,GK,BRE,4.3,0.0
2022-23,18,590,Whitworth,GK,CRY,4.0,0.000575045
2022-23,18,592,H Davies,GK,LIV,4.0,0.00404639
2022-23,18,655,Hein,GK,ARS,4.0,0.003416636
2022-23,18,656,Bishop,GK,MUN,4.0,0.003489252
2022-23,18,557,Jackson Smith,GK,WOL,3.9,0.003432276
2022-23,18,670,Marschall,GK,AVL,4.0,0.168330819
2022-23,18,306,Cancelo,DEF,MCI,7.4,5.428849477
2022-23,18,285,Trent,DEF,LIV,7.2,5.221774638
2022-23,18,16,Gabriel,DEF,ARS,5.1,3.497321396
2022-23,18,280,van Dijk,DEF,LIV,6.5,4.33145372
2022-23,18,284,Robertson,DEF,LIV,6.7,4.307699633
2022-23,18,26,Saliba,DEF,ARS,5.3,3.246594202
2022-23,18,313,Zinchenko,DEF,ARS,5.0,2.50671815
2022-23,18,128,T Silva,DEF,CHE,5.4,3.781841209
2022-23,18,357,Trippier,DEF,NEW,5.9,4.37390254
2022-23,18,141,T Chalobah,DEF,CHE,4.7,3.162187528
2022-23,18,332,Shaw,DEF,MUN,4.7,3.493045728
2022-23,18,10,B White,DEF,ARS,4.6,3.057453694
2022-23,18,106,Dunk,DEF,BHA,4.7,3.24236493
2022-23,18,377,Botman,DEF,NEW,4.4,4.108082606
2022-23,18,430,Dier,DEF,TOT,5.3,3.906231272
2022-23,18,299,Walker,DEF,MCI,4.8,3.631145197
2022-23,18,448,Perisic,DEF,TOT,5.5,3.683114523
2022-23,18,309,Laporte,DEF,MCI,5.8,3.656849522
2022-23,18,520,Koulibaly,DEF,CHE,5.5,3.584001912
2022-23,18,165,Andersen,DEF,CRY,4.5,3.863774787
2022-23,18,276,Matip,DEF,LIV,5.9,3.08426122
2022-23,18,312,Dias,DEF,MCI,5.9,1.594670677
2022-23,18,33,Digne,DEF,AVL,4.6,2.573173691
2022-23,18,109,Veltman,DEF,BHA,4.6,3.134901475
2022-23,18,533,L Martinez,DEF,MUN,4.5,2.698894484
2022-23,18,112,Cucurella,DEF,CHE,5.1,3.459109133
2022-23,18,366,Schar,DEF,NEW,4.9,2.957180705
2022-23,18,358,Burn,DEF,NEW,4.5,3.708969786
2022-23,18,588,Kehrer,DEF,WHU,4.5,3.502643207
2022-23,18,610,Akanji,DEF,MCI,5.0,2.659047529
2022-23,18,43,Cash,DEF,AVL,4.6,2.40901556
2022-23,18,167,Guehi,DEF,CRY,4.4,3.61101028
2022-23,18,432,Ben T Davies,DEF,TOT,4.9,3.423703383
2022-23,18,342,Dalot,DEF,MUN,4.8,3.108322624
2022-23,18,457,Cresswell,DEF,WHU,4.8,3.232661202
2022-23,18,108,Webster,DEF,BHA,4.5,0.0
2022-23,18,201,Ream,DEF,FUL,4.5,3.280374605
2022-23,18,258,Castagne,DEF,LEI,4.7,2.015317596
2022-23,18,146,R James,DEF,CHE,5.8,0.0
2022-23,18,85,Henry,DEF,BRE,4.5,2.783762974
2022-23,18,44,Konsa,DEF,AVL,4.4,2.298814293
2022-23,18,92,Pinnock,DEF,BRE,4.4,2.829462378
2022-23,18,39,Mings,DEF,AVL,4.3,2.23605004
2022-23,18,586,Estupinan,DEF,BHA,4.5,3.431250121
2022-23,18,516,Collins,DEF,WOL,4.5,3.084341136
2022-23,18,484,Kilman,DEF,WOL,4.5,3.052334481
2022-23,18,127,Azpilicueta,DEF,CHE,4.8,3.454229502
2022-23,18,244,Kristensen,DEF,LEE,4.8,2.223907945
2022-23,18,217,Robinson,DEF,FUL,4.4,2.522285127
2022-23,18,623,Caleta-Car,DEF,SOU,4.5,2.583056477
2022-23,18,628,Aurier,DEF,NFO,4.5,2.786503898
2022-23,18,270,Thomas,DEF,LEI,4.2,1.902353908
2022-23,18,235,Struijk,DEF,LEE,4.5,2.357815584
2022-23,18,443,Romero,DEF,TOT,4.9,0.0
2022-23,18,199,Tarkowski,DEF,EVE,4.4,1.385607931
2022-23,18,302,Stones,DEF,MCI,5.4,2.522651714
2022-23,18,445,Emerson R,DEF,TOT,4.9,2.510678785
2022-23,18,461,Zouma,DEF,WHU,4.5,2.056799306
2022-23,18,429,Doherty,DEF,TOT,4.6,2.427553
2022-23,18,612,Faes,DEF,LEI,4.5,1.801709606
2022-23,18,156,J Ward,DEF,CRY,4.5,3.299106201
2022-23,18,526,Mee,DEF,BRE,4.6,2.812335634
2022-23,18,329,Varane,DEF,MUN,4.8,2.143384717
2022-23,18,409,Walker-Peters,DEF,SOU,4.4,2.513531587
2022-23,18,215,Tete,DEF,FUL,4.4,3.148906495
2022-23,18,423,Bella-Kotchap,DEF,SOU,4.5,1.37744347
2022-23,18,157,Clyne,DEF,CRY,4.5,3.613830592
2022-23,18,57,A Smith,DEF,BOU,4.4,2.749566106
2022-23,18,513,Lenglet,DEF,TOT,4.8,3.297721936
2022-23,18,197,Patterson,DEF,EVE,4.0,1.290920467
2022-23,18,576,Senesi,DEF,BOU,4.5,3.12366015
2022-23,18,194,Mykolenko,DEF,EVE,4.5,1.160994551
2022-23,18,459,Dawson,DEF,WHU,4.8,2.765666816
2022-23,18,558,Bueno,DEF,WOL,3.9,2.360072974
2022-23,18,420,Salisu,DEF,SOU,4.4,2.335811757
2022-23,18,470,Diop,DEF,FUL,4.3,1.683477435
2022-23,18,230,Koch,DEF,LEE,4.5,2.126956676
2022-23,18,221,Cooper,DEF,LEE,4.4,1.748325767
2022-23,18,602,Lodi,DEF,NFO,4.3,1.850577512
2022-23,18,472,Aguerd,DEF,WHU,4.8,1.417295235
2022-23,18,463,Coufal,DEF,WHU,4.2,2.177186402
2022-23,18,475,Coady,DEF,EVE,5.0,0.930845009
2022-23,18,286,J Gomez,DEF,LIV,4.5,1.342772037
2022-23,18,139,Chilwell,DEF,CHE,5.8,0.0
2022-23,18,209,Adarabioyo,DEF,FUL,4.5,2.026094421
2022-23,18,308,Ake,DEF,MCI,5.0,1.093843291
2022-23,18,419,Livramento,DEF,SOU,4.4,2.069124297
2022-23,18,249,Evans,DEF,LEI,4.4,1.288926895
2022-23,18,559,Colwill,DEF,BHA,4.4,3.027793737
2022-23,18,73,Kelly,DEF,BOU,4.3,2.008167438
2022-23,18,90,Roerslev,DEF,BRE,4.3,2.200533392
2022-23,18,545,Emerson P,DEF,WHU,4.0,2.027337971
2022-23,18,193,Godfrey,DEF,EVE,4.3,0.983566249
2022-23,18,388,Worrall,DEF,NFO,4.2,1.454424231
2022-23,18,170,Mitchell,DEF,CRY,4.5,0.0
2022-23,18,272,W Fofana,DEF,CHE,4.3,0.0
2022-23,18,482,Semedo,DEF,WOL,5.0,1.978065234
2022-23,18,385,McKenna,DEF,NFO,4.4,1.750447187
2022-23,18,290,Konate,DEF,LIV,4.8,0.524469848
2022-23,18,78,Jansson,DEF,BRE,4.2,1.15281652
2022-23,18,71,Mepham,DEF,BOU,4.4,2.822504643
2022-23,18,435,D Sanchez,DEF,TOT,4.3,2.078955851
2022-23,18,330,Maguire,DEF,MUN,4.7,1.483740786
2022-23,18,379,S Cook,DEF,NFO,4.4,1.801965852
2022-23,18,523,Toffolo,DEF,NFO,4.3,0.862124118
2022-23,18,436,Sessegnon,DEF,TOT,4.5,1.940439364
2022-23,18,595,Zanka,DEF,BRE,4.0,0.889637971
2022-23,18,76,Zemura,DEF,BOU,4.4,1.256499749
2022-23,18,59,Fredericks,DEF,BOU,4.4,2.449733288
2022-23,18,504,Malacia,DEF,MUN,4.2,0.62740399
2022-23,18,587,S Gomez,DEF,MCI,4.5,0.403856615
2022-23,18,239,Firpo,DEF,LEE,4.5,1.240254806
2022-23,18,477,Jonny,DEF,WOL,4.4,1.659571836
2022-23,18,292,Tsimikas,DEF,LIV,4.5,1.031467226
2022-23,18,84,Ajer,DEF,BRE,4.5,0.0
2022-23,18,295,N Williams,DEF,NFO,4.1,1.244035026
2022-23,18,337,Lindelof,DEF,MUN,4.3,0.660967798
2022-23,18,228,Llorente,DEF,LEE,4.4,0.634941586
2022-23,18,417,Perraud,DEF,SOU,4.4,0.477476037
2022-23,18,474,Boly,DEF,NFO,4.2,0.501822083
2022-23,18,510,Hickey,DEF,BRE,4.9,0.0
2022-23,18,341,Wan-Bissaka,DEF,MUN,4.3,0.485816002
2022-23,18,410,Bednarek,DEF,AVL,4.2,0.317729029
2022-23,18,360,Lascelles,DEF,NEW,4.3,0.860977815
2022-23,18,257,Amartey,DEF,LEI,4.3,0.325483489
2022-23,18,471,Ben Johnson,DEF,WHU,4.4,0.606221059
2022-23,18,32,C Chambers,DEF,AVL,4.2,0.181875918
2022-23,18,501,N Phillips,DEF,LIV,3.9,0.041572219
2022-23,18,250,Bertrand,DEF,LEI,3.9,0.0
2022-23,18,399,Biancone,DEF,NFO,4.2,0.0
2022-23,18,268,Justin,DEF,LEI,4.3,0.0
2022-23,18,511,O Richards,DEF,NFO,4.4,0.0
2022-23,18,50,Carlos,DEF,AVL,4.7,0.0
2022-23,18,253,Vestergaard,DEF,LEI,3.9,0.003212191
2022-23,18,525,Augustinsson,DEF,AVL,4.3,0.083302277
2022-23,18,573,R Lewis,DEF,MCI,3.9,0.004550768
2022-23,18,322,Wilson-Esbrand,DEF,MCI,3.8,0.004519833
2022-23,18,563,L Chambers,DEF,LIV,4.0,0.004208324
2022-23,18,362,Dummett,DEF,NEW,3.9,0.004299763
2022-23,18,631,Sousa,DEF,ARS,4.0,0.00373788
2022-23,18,439,Tanganga,DEF,TOT,3.9,0.004057979
2022-23,18,640,Turns,DEF,BHA,4.0,0.003572057
2022-23,18,540,Stevens,DEF,BRE,4.0,0.003430331
2022-23,18,673,Humphreys,DEF,CHE,4.5,0.003695851
2022-23,18,393,Mbe Soh,DEF,NFO,4.2,0.003404519
2022-23,18,598,Bevan,DEF,BOU,4.0,0.003885015
2022-23,18,636,Parkes,DEF,FUL,4.0,0.003860246
2022-23,18,386,Drager,DEF,NFO,4.0,0.003377181
2022-23,18,96,Goode,DEF,BRE,3.9,0.00336626
2022-23,18,652,Furlong,DEF,BHA,4.0,0.00334284
2022-23,18,539,Hill,DEF,BOU,4.4,0.003769755
2022-23,18,674,Bennett,DEF,MUN,4.0,0.003477874
2022-23,18,638,Bogarde,DEF,AVL,4.0,0.003065244
2022-23,18,555,Ashby,DEF,WHU,3.9,0.003609961
2022-23,18,664,Lembikisa,DEF,WOL,4.0,0.003320797
2022-23,18,642,Balmer,DEF,CRY,4.0,0.003551934
2022-23,18,273,Brunt,DEF,LEI,3.9,0.002679157
2022-23,18,243,Hjelde,DEF,LEE,3.9,0.003119034
2022-23,18,605,Welch,DEF,EVE,4.0,0.002597876
2022-23,18,637,John,DEF,EVE,4.0,0.002575805
2022-23,18,298,Ramsay,DEF,LIV,3.9,0.02435428
2022-23,18,621,Bade,DEF,NFO,4.5,0.044028983
2022-23,18,267,Soyuncu,DEF,LEI,4.2,0.062796373
2022-23,18,507,Niakhate,DEF,NFO,4.3,0.090208508
2022-23,18,363,Manquillo,DEF,NEW,4.2,0.019940534
2022-23,18,56,Guilbert,DEF,AVL,3.9,0.016340161
2022-23,18,343,B Williams,DEF,MUN,3.8,0.044248074
2022-23,18,153,Tomkins,DEF,CRY,3.9,0.0
2022-23,18,350,Ritchie,DEF,NEW,4.2,0.099511097
2022-23,18,645,Wormleighton,DEF,LEI,4.0,0.027238138
2022-23,18,494,Mosquera,DEF,WOL,3.9,0.086697613
2022-23,18,547,Drameh,DEF,LEE,4.0,0.078226238
2022-23,18,1,Cedric,DEF,ARS,4.2,0.080800634
2022-23,18,646,Crama,DEF,BRE,4.0,0.030888377
2022-23,18,522,Spence,DEF,TOT,4.1,0.091905421
2022-23,18,489,Toti,DEF,WOL,3.9,0.190726829
2022-23,18,372,J Lewis,DEF,NEW,4.4,0.087279379
2022-23,18,622,Larios,DEF,SOU,4.0,0.069355789
2022-23,18,180,Keane,DEF,EVE,4.2,0.0540577
2022-23,18,192,Holgate,DEF,EVE,4.3,0.104279852
2022-23,18,544,van Hecke,DEF,BHA,4.0,0.163846191
2022-23,18,531,Vinagre,DEF,EVE,4.3,0.053444292
2022-23,18,456,Ogbonna,DEF,WHU,4.4,0.168433024
2022-23,18,487,Ait-Nouri,DEF,WOL,4.2,0.956574955
2022-23,18,367,Targett,DEF,NEW,4.8,1.775171997
2022-23,18,404,Stephens,DEF,BOU,4.3,0.167709115
2022-23,18,613,Kurzawa,DEF,FUL,4.3,0.879658947
2022-23,18,188,Mina,DEF,EVE,4.3,0.218181784
2022-23,18,538,A Young,DEF,AVL,4.4,0.365938301
2022-23,18,413,Lyanco,DEF,SOU,4.4,0.475738351
2022-23,18,105,Duffy,DEF,FUL,4.3,0.491750476
2022-23,18,222,Ayling,DEF,LEE,4.5,0.209106471
2022-23,18,8,Tierney,DEF,ARS,4.7,1.730147306
2022-23,18,226,Dallas,DEF,LEE,4.9,0.285556333
2022-23,18,178,Coleman,DEF,EVE,4.5,0.233244128
2022-23,18,530,C Richards,DEF,CRY,4.4,1.004820526
2022-23,18,174,N Ferguson,DEF,CRY,3.9,0.340107536
2022-23,18,82,Canos,DEF,BRE,5.0,0.571856973
2022-23,18,532,Mbabu,DEF,FUL,4.3,0.731360251
2022-23,18,14,Tomiyasu,DEF,ARS,4.2,1.112028867
2022-23,18,114,Lamptey,DEF,BHA,4.2,1.989620708
2022-23,18,65,Stacey,DEF,BOU,4.3,0.549515117
2022-23,18,5,Holding,DEF,ARS,4.2,0.47569347
2022-23,18,283,Salah,MID,LIV,12.7,6.879686226
2022-23,18,301,De Bruyne,MID,MCI,12.6,5.831940317
2022-23,18,13,Saka,MID,ARS,8.0,4.030316022
2022-23,18,19,Martinelli,MID,ARS,6.8,4.076525687
2022-23,18,333,Fernandes,MID,MUN,9.8,4.554571408
2022-23,18,304,Sterling,MID,CHE,9.7,4.621687036
2022-23,18,314,Foden,MID,MCI,8.3,5.171777739
2022-23,18,428,Son,MID,TOT,11.6,4.922030182
2022-23,18,142,Mount,MID,CHE,7.6,4.025117699
2022-23,18,7,Odegaard,MID,ARS,6.4,3.610347312
2022-23,18,111,Trossard,MID,BHA,7.1,4.15523763
2022-23,18,335,Rashford,MID,MUN,6.7,4.02362848
2022-23,18,465,Bowen,MID,WHU,8.1,4.662908801
2022-23,18,311,B Silva,MID,MCI,6.9,4.285605193
2022-23,18,104,Gross,MID,BHA,5.6,3.817919024
2022-23,18,160,Zaha,MID,CRY,7.5,4.092890676
2022-23,18,107,March,MID,BHA,5.0,3.50579791
2022-23,18,603,Paqueta,MID,WHU,5.9,4.154653423
2022-23,18,446,Kulusevski,MID,TOT,8.0,4.026663304
2022-23,18,189,D Gray,MID,EVE,5.4,2.623242468
2022-23,18,315,Rodri,MID,MCI,5.6,3.687690665
2022-23,18,116,Mac Allister,MID,BHA,5.4,0.0
2022-23,18,6,Partey,MID,ARS,4.8,2.911172079
2022-23,18,407,Ward-Prowse,MID,SOU,6.2,3.576315368
2022-23,18,374,Guimaraes,MID,NEW,5.7,4.323329144
2022-23,18,305,Grealish,MID,MCI,6.8,3.799729281
2022-23,18,340,Sancho,MID,MUN,7.1,2.041463261
2022-23,18,346,A Pereira,MID,FUL,4.6,3.741922201
2022-23,18,493,Gibbs-White,MID,NFO,5.5,1.617305076
2022-23,18,519,Eriksen,MID,MUN,6.3,3.074100984
2022-23,18,264,Barnes,MID,LEI,6.9,2.924098856
2022-23,18,371,Joelinton,MID,NEW,5.9,4.223504609
2022-23,18,261,Maddison,MID,LEI,8.2,0.0
2022-23,18,130,Jorginho,MID,CHE,5.8,3.067838193
2022-23,18,225,Rodrigo,MID,LEE,6.3,2.657646225
2022-23,18,169,Eze,MID,CRY,5.7,3.534813671
2022-23,18,368,Saint-Maximin,MID,NEW,6.2,4.008276151
2022-23,18,609,Antony,MID,MUN,7.5,3.022533014
2022-23,18,212,H Wilson,MID,FUL,5.7,3.378232811
2022-23,18,186,Iwobi,MID,EVE,5.6,2.400078085
2022-23,18,468,Soucek,MID,WHU,5.2,3.543127285
2022-23,18,593,Casemiro,MID,MUN,4.9,2.900756085
2022-23,18,433,Hojbjerg,MID,TOT,5.5,3.150621983
2022-23,18,3,Xhaka,MID,ARS,5.1,2.561037527
2022-23,18,373,Willock,MID,NEW,4.9,4.07337627
2022-23,18,440,Bentancur,MID,TOT,5.4,3.116965815
2022-23,18,535,Tavernier,MID,BOU,4.9,2.793559737
2022-23,18,220,Palhinha,MID,FUL,5.0,3.249647951
2022-23,18,148,Gallagher,MID,CHE,5.7,3.366596148
2022-23,18,246,Aaronson,MID,LEE,5.5,2.725727047
2022-23,18,303,Mahrez,MID,MCI,7.5,3.482352351
2022-23,18,140,Pulisic,MID,CHE,5.7,3.058458736
2022-23,18,120,Caicedo,MID,BHA,5.0,0.0
2022-23,18,88,Jensen,MID,BRE,4.8,2.972429674
2022-23,18,45,Bailey,MID,AVL,4.5,2.22254292
2022-23,18,406,Elyounoussi,MID,SOU,5.2,2.768528732
2022-23,18,300,Gundogan,MID,MCI,7.3,3.129113332
2022-23,18,577,Onana,MID,EVE,4.9,1.848705793
2022-23,18,614,Willian,MID,FUL,5.5,2.962935225
2022-23,18,387,Yates,MID,NFO,5.0,2.623864393
2022-23,18,37,McGinn,MID,AVL,5.1,2.060288787
2022-23,18,369,Almiron,MID,NEW,5.8,4.254554107
2022-23,18,53,Kamara,MID,AVL,4.8,2.485575609
2022-23,18,467,Rice,MID,WHU,4.8,3.045249901
2022-23,18,480,Neves,MID,WOL,5.5,2.956259547
2022-23,18,506,T Adams,MID,LEE,4.9,2.368987877
2022-23,18,483,Podence,MID,WOL,5.3,2.922261862
2022-23,18,161,Schlupp,MID,CRY,4.8,3.251429783
2022-23,18,70,Billing,MID,BOU,5.3,2.974450119
2022-23,18,259,Tielemans,MID,LEI,6.3,2.495578142
2022-23,18,294,Elliott,MID,LIV,5.0,3.225242665
2022-23,18,277,Thiago,MID,LIV,5.2,2.967402586
2022-23,18,245,Roca,MID,LEE,4.8,2.294223797
2022-23,18,611,Gueye,MID,EVE,5.0,2.089595103
2022-23,18,47,Ramsey,MID,AVL,5.2,1.488280608
2022-23,18,64,Lerma,MID,BOU,4.8,2.957246361
2022-23,18,266,Dewsbury-Hall,MID,LEI,4.9,2.400243034
2022-23,18,282,Fabinho,MID,LIV,5.3,2.907227689
2022-23,18,514,C Doucoure,MID,CRY,5.0,2.771917267
2022-23,18,582,Freuler,MID,NFO,4.9,2.46152743
2022-23,18,589,Nunes,MID,WOL,4.8,2.731321667
2022-23,18,503,Moutinho,MID,WOL,4.7,2.714225131
2022-23,18,205,Reid,MID,FUL,5.5,2.656143486
2022-23,18,275,J Henderson,MID,LIV,5.3,2.966575324
2022-23,18,79,Norgaard,MID,BRE,5.3,2.584093807
2022-23,18,159,Ayew,MID,CRY,5.3,2.653581164
2022-23,18,233,Harrison,MID,LEE,5.8,2.045405389
2022-23,18,508,Sinisterra,MID,LEE,6.5,0.0
2022-23,18,211,Reed,MID,FUL,4.5,2.452437493
2022-23,18,29,Coutinho,MID,AVL,6.6,2.093490812
2022-23,18,132,Kovacic,MID,CHE,4.9,0.42617277
2022-23,18,195,A Gordon,MID,EVE,5.4,1.935795774
2022-23,18,491,A Traore,MID,WOL,5.5,2.411424709
2022-23,18,86,Janelt,MID,BRE,5.5,2.576459345
2022-23,18,469,Fornals,MID,WHU,5.0,2.553554886
2022-23,18,124,Mitoma,MID,BHA,4.9,3.166717732
2022-23,18,527,Lingard,MID,NFO,5.4,1.36162138
2022-23,18,67,L Cook,MID,BOU,4.9,2.488462589
2022-23,18,42,Buendia,MID,AVL,5.7,2.042180072
2022-23,18,101,Lallana,MID,BHA,4.9,2.625019885
2022-23,18,321,Lavia,MID,SOU,4.5,2.313858868
2022-23,18,240,Summerville,MID,LEE,4.4,1.935618665
2022-23,18,579,Guedes,MID,WOL,5.9,2.171916446
2022-23,18,265,Ndidi,MID,LEI,4.8,2.023518121
2022-23,18,89,Wissa,MID,BRE,5.4,2.320675071
2022-23,18,136,Loftus-Cheek,MID,CHE,5.0,0.0
2022-23,18,512,Aribo,MID,SOU,5.3,2.126224907
2022-23,18,331,Fred,MID,MUN,5.1,1.89859954
2022-23,18,296,Carvalho,MID,LIV,5.4,2.483869406
2022-23,18,370,S Longstaff,MID,NEW,4.4,2.317946415
2022-23,18,12,Smith Rowe,MID,ARS,5.6,0.803797677
2022-23,18,231,D James,MID,FUL,6.0,1.890739743
2022-23,18,534,McNeil,MID,EVE,5.2,1.910156647
2022-23,18,25,Vieira,MID,ARS,5.7,1.864410149
2022-23,18,60,Brooks,MID,BOU,5.3,0.6929469
2022-23,18,171,Olise,MID,CRY,5.4,2.130897746
2022-23,18,405,S Armstrong,MID,SOU,4.7,1.660175728
2022-23,18,464,Benrahma,MID,WHU,5.6,2.403707407
2022-23,18,661,Hall,MID,CHE,4.5,1.300919496
2022-23,18,46,Douglas Luiz,MID,AVL,4.8,2.18657364
2022-23,18,269,Soumare,MID,LEI,4.4,1.434998951
2022-23,18,260,Perez,MID,LEI,4.7,1.408924352
2022-23,18,349,Shelvey,MID,NEW,4.8,0.0
2022-23,18,18,Lokonga,MID,ARS,4.3,0.30408738
2022-23,18,154,McArthur,MID,CRY,4.8,1.171856616
2022-23,18,616,Zakaria,MID,CHE,5.0,0.911754861
2022-23,18,200,Cairney,MID,FUL,4.7,1.595095727
2022-23,18,204,Kebano,MID,FUL,5.4,0.0
2022-23,18,117,Moder,MID,BHA,4.4,0.0
2022-23,18,583,Kouyate,MID,NFO,4.5,0.0
2022-23,18,570,Garner,MID,EVE,4.5,0.0
2022-23,18,134,Kante,MID,CHE,4.8,0.0
2022-23,18,620,Arthur,MID,LIV,4.8,0.0
2022-23,18,486,P Neto,MID,WOL,4.9,0.0
2022-23,18,562,Solomon,MID,FUL,4.9,0.0
2022-23,18,490,Chiquinho,MID,WOL,5.0,0.0
2022-23,18,293,Diaz,MID,LIV,7.8,0.0
2022-23,18,316,Palmer,MID,MCI,4.3,0.004705892
2022-23,18,546,Harris,MID,FUL,4.4,0.004436293
2022-23,18,600,Knight,MID,MCI,4.5,0.004127117
2022-23,18,554,Gil,MID,TOT,5.0,0.004042944
2022-23,18,632,Trevitt,MID,BRE,4.5,0.003725366
2022-23,18,347,Pellistri,MID,MUN,4.3,0.003729567
2022-23,18,452,Devine,MID,TOT,4.3,0.003862904
2022-23,18,665,Doak,MID,LIV,4.5,0.003962394
2022-23,18,449,H White,MID,TOT,4.4,0.003843836
2022-23,18,36,Sanson,MID,AVL,4.3,0.003556964
2022-23,18,564,Bajcetic,MID,LIV,4.4,0.003783529
2022-23,18,641,Godo,MID,FUL,4.5,0.003767991
2022-23,18,551,Iqbal,MID,MUN,4.3,0.003567074
2022-23,18,672,K Young,MID,AVL,4.5,0.003460889
2022-23,18,668,Cozier-Duberry,MID,ARS,4.5,0.00345448
2022-23,18,584,B Clark,MID,LIV,4.5,0.003719045
2022-23,18,560,Mills,MID,EVE,4.4,0.003317605
2022-23,18,553,Hammond,MID,NFO,4.3,0.003505194
2022-23,18,651,Moran,MID,BHA,4.5,0.003475579
2022-23,18,643,Mainoo,MID,MUN,4.5,0.00346366
2022-23,18,604,Killian Phillips,MID,CRY,4.5,0.003649831
2022-23,18,650,Yarmolyuk,MID,BRE,4.5,0.003444623
2022-23,18,607,M Smith,MID,ARS,4.5,0.003366861
2022-23,18,639,Braybrooke,MID,LEI,4.5,0.003267242
2022-23,18,601,Rodney,MID,CRY,4.5,0.003449364
2022-23,18,667,Sekularac,MID,FUL,4.5,0.003395043
2022-23,18,658,Griffiths,MID,WOL,4.5,0.003348431
2022-23,18,23,Nelson,MID,ARS,4.8,0.0
2022-23,18,654,Wells-Morrison,MID,CRY,4.5,0.003263232
2022-23,18,509,Downes,MID,WHU,4.3,0.003247404
2022-23,18,556,Coventry,MID,WHU,4.4,0.003257944
2022-23,18,565,A Gray,MID,LEE,4.5,0.0
2022-23,18,653,Hutchinson,MID,CHE,4.5,0.081178967
2022-23,18,247,Gyabi,MID,LEE,4.3,0.018550374
2022-23,18,567,Ronan,MID,WOL,4.4,0.03689349
2022-23,18,536,Mangala,MID,NFO,4.9,1.822664914
2022-23,18,63,Marcondes,MID,BOU,4.7,0.036649191
2022-23,18,61,Lowe,MID,BOU,5.2,0.036458645
2022-23,18,566,Hodge,MID,WOL,4.4,0.036234019
2022-23,18,630,Nwaneri,MID,ARS,4.5,0.148179812
2022-23,18,27,Marquinhos,MID,ARS,4.6,0.148060867
2022-23,18,74,Dembele,MID,BOU,4.7,0.035832431
2022-23,18,552,Anderson,MID,NEW,4.4,0.096233934
2022-23,18,365,Murphy,MID,NEW,4.3,1.927426781
2022-23,18,647,Payne,MID,SOU,4.5,0.033687201
2022-23,18,648,Finnigan,MID,SOU,4.5,0.033316951
2022-23,18,185,A Doucoure,MID,EVE,5.3,0.831924233
2022-23,18,287,Keita,MID,LIV,4.7,1.369346181
2022-23,18,252,N Mendy,MID,LEI,4.3,0.068138892
2022-23,18,135,Ziyech,MID,CHE,5.5,0.0
2022-23,18,450,P Sarr,MID,TOT,4.3,0.072937477
2022-23,18,173,Ebiowei,MID,CRY,4.2,0.073662279
2022-23,18,381,Colback,MID,NFO,4.2,0.06799554
2022-23,18,41,Nakamba,MID,AVL,4.3,0.065426022
2022-23,18,179,Townsend,MID,EVE,5.4,0.140000715
2022-23,18,549,Praet,MID,LEI,4.8,0.0
2022-23,18,524,O'Brien,MID,NFO,4.8,1.444758869
2022-23,18,4,Elneny,MID,ARS,4.2,0.253866167
2022-23,18,190,T Davies,MID,EVE,4.9,0.137178739
2022-23,18,119,Sarmiento,MID,BHA,4.5,0.727671299
2022-23,18,400,Walcott,MID,SOU,4.8,0.242142566
2022-23,18,83,Dasilva,MID,BRE,4.2,1.808858056
2022-23,18,336,van de Beek,MID,MUN,5.1,0.316695992
2022-23,18,569,Garnacho,MID,MUN,4.3,0.613104121
2022-23,18,568,Campbell,MID,WOL,4.4,0.323623071
2022-23,18,278,Chamberlain,MID,LIV,4.9,0.902314696
2022-23,18,251,Albrighton,MID,LEI,4.7,0.843035964
2022-23,18,164,Riedewald,MID,CRY,4.3,0.216914295
2022-23,18,441,Skipp,MID,TOT,4.3,0.21165637
2022-23,18,216,Onomah,MID,FUL,4.3,0.32403427
2022-23,18,274,Milner,MID,LIV,4.4,0.247840987
2022-23,18,93,Onyeka,MID,BRE,4.8,0.0
2022-23,18,291,C Jones,MID,LIV,4.9,1.199947876
2022-23,18,481,Hwang,MID,WOL,5.7,1.587331023
2022-23,18,431,Lucas Moura,MID,TOT,5.8,0.732310361
2022-23,18,69,Christie,MID,BOU,5.3,2.042698595
2022-23,18,460,Lanzini,MID,WHU,5.1,0.627408234
2022-23,18,624,Edozie,MID,SOU,4.8,0.481134461
2022-23,18,344,Elanga,MID,MUN,4.7,0.549979309
2022-23,18,75,Anthony,MID,BOU,5.2,0.68833672
2022-23,18,629,Boubacar Traore,MID,WOL,4.5,0.602512738
2022-23,18,149,Gilmour,MID,BHA,4.3,1.847611117
2022-23,18,575,Cornet,MID,WHU,5.9,1.332735114
2022-23,18,359,R Fraser,MID,NEW,5.2,1.56885212
2022-23,18,21,Maitland-Niles,MID,SOU,4.8,0.554574808
2022-23,18,325,Kalvin Phillips,MID,MCI,4.8,0.402390543
2022-23,18,416,I Diallo,MID,SOU,4.3,1.204084582
2022-23,18,87,Ghoddos,MID,BRE,4.8,0.412893903
2022-23,18,505,Rothwell,MID,BOU,4.9,0.522925189
2022-23,18,203,N Chalobah,MID,FUL,4.4,0.631551818
2022-23,18,580,Damsgaard,MID,BRE,5.1,0.986980049
2022-23,18,158,Milivojevic,MID,CRY,4.3,0.701609675
2022-23,18,338,McTominay,MID,MUN,4.9,1.087814323
2022-23,18,58,Stanislas,MID,BOU,4.8,0.85098459
2022-23,18,163,W Hughes,MID,CRY,4.8,0.555903427
2022-23,18,418,Djenepo,MID,SOU,5.0,1.120155327
2022-23,18,444,Bissouma,MID,TOT,4.7,1.405352379
2022-23,18,224,Forshaw,MID,LEE,4.4,0.735286403
2022-23,18,479,Dendoncker,MID,AVL,4.7,1.185415021
2022-23,18,94,Baptiste,MID,BRE,4.5,0.0
2022-23,18,223,Klich,MID,LEE,4.6,1.343832955
2022-23,18,68,Pearson,MID,BOU,4.4,1.302126911
2022-23,18,318,Haaland,FWD,MCI,12.2,7.565245751
2022-23,18,427,Kane,FWD,TOT,11.6,4.920376322
2022-23,18,297,Nunez,FWD,LIV,8.9,5.607804856
2022-23,18,210,Mitrovic,FWD,FUL,6.8,4.569282688
2022-23,18,80,Toney,FWD,BRE,7.4,3.709013708
2022-23,18,145,Havertz,FWD,CHE,7.7,3.474121507
2022-23,18,345,Martial,FWD,MUN,6.7,3.635923185
2022-23,18,66,Solanke,FWD,BOU,5.8,3.818052088
2022-23,18,40,Watkins,FWD,AVL,7.1,3.04504406
2022-23,18,227,Bamford,FWD,LEE,7.2,2.783190257
2022-23,18,411,C Adams,FWD,SOU,6.4,3.434293909
2022-23,18,28,Jesus,FWD,ARS,8.0,0.0
2022-23,18,103,Welbeck,FWD,BHA,6.5,1.779477574
2022-23,18,191,Calvert-Lewin,FWD,EVE,7.9,1.200835724
2022-23,18,617,Aubameyang,FWD,CHE,8.7,2.883763641
2022-23,18,394,Brennan Johnson,FWD,NFO,5.6,3.013924721
2022-23,18,529,Scamacca,FWD,WHU,6.7,1.158418136
2022-23,18,279,Firmino,FWD,LIV,8.1,0.568117592
2022-23,18,476,Jimenez,FWD,WOL,6.8,3.134724072
2022-23,18,95,Mbeumo,FWD,BRE,5.8,2.789360331
2022-23,18,271,Daka,FWD,LEI,5.7,2.668863113
2022-23,18,594,Isak,FWD,NEW,6.6,0.326068048
2022-23,18,11,Nketiah,FWD,ARS,6.5,3.041812551
2022-23,18,408,A Armstrong,FWD,SOU,5.5,2.825536113
2022-23,18,166,Edouard,FWD,CRY,5.4,2.804073045
2022-23,18,356,C Wilson,FWD,NEW,7.5,1.88802221
2022-23,18,397,Awoniyi,FWD,NFO,5.7,2.830593639
2022-23,18,255,Vardy,FWD,LEI,9.1,2.084505252
2022-23,18,30,Ings,FWD,AVL,6.6,2.101700538
2022-23,18,110,Maupay,FWD,EVE,6.1,2.300000512
2022-23,18,319,Alvarez,FWD,MCI,6.0,0.0
2022-23,18,454,Richarlison,FWD,TOT,8.4,1.282971044
2022-23,18,458,Antonio,FWD,WHU,7.0,3.32330276
2022-23,18,262,Iheanacho,FWD,LEI,6.1,1.691579418
2022-23,18,618,Vinicius,FWD,FUL,5.5,1.307763668
2022-23,18,354,Wood,FWD,NEW,5.6,3.281780747
2022-23,18,625,Costa,FWD,WOL,5.5,1.524307726
2022-23,18,150,Broja,FWD,CHE,5.3,0.0
2022-23,18,608,Kalajdzic,FWD,WOL,5.3,0.0
2022-23,18,288,Jota,FWD,LIV,8.8,0.0
2022-23,18,591,Ablade,FWD,FUL,4.5,0.00375491
2022-23,18,634,J Gordon,FWD,CRY,4.5,0.003702157
2022-23,18,659,Mateo,FWD,LEE,4.5,0.003317173
2022-23,18,671,Morgan,FWD,SOU,4.5,0.003464528
2022-23,18,660,Shoretire,FWD,MUN,4.5,0.003308341
2022-23,18,662,Cannon,FWD,EVE,4.5,0.003205693
2022-23,18,447,Scarlett,FWD,TOT,4.5,0.003408017
2022-23,18,663,Perkins,FWD,LEE,4.5,0.003243835
2022-23,18,666,D Taylor,FWD,NFO,4.5,0.003190123
2022-23,18,669,Mubama,FWD,WHU,4.5,0.003206482
2022-23,18,657,N Fraser,FWD,WOL,4.5,0.003130665
2022-23,18,596,E Ferguson,FWD,BHA,4.5,0.225080993
2022-23,18,125,Enciso,FWD,BHA,4.7,0.506398455
2022-23,18,619,Gnonto,FWD,LEE,5.0,0.141193809
2022-23,18,585,E Dennis,FWD,NFO,5.8,1.973891892
2022-23,18,515,Lewis-Potter,FWD,BRE,5.2,1.267876572
2022-23,18,123,Undav,FWD,BHA,5.1,1.710254252
2022-23,18,391,Surridge,FWD,NFO,4.7,1.102702754
2022-23,18,168,Mateta,FWD,CRY,5.2,1.649948573
2022-23,18,528,Mara,FWD,SOU,5.3,0.944447375
2022-23,18,237,Greenwood,FWD,LEE,4.2,0.939184725
2022-23,18,242,Gelhardt,FWD,LEE,5.1,1.112259475
2022-23,18,54,Archer,FWD,AVL,4.2,0.412407501
2022-23,18,62,Kieffer Moore,FWD,BOU,5.4,2.18392077
2022-23,19,307,Ederson,GK,MCI,5.4,3.474921931
2022-23,19,15,Ramsdale,GK,ARS,4.9,3.933850028
2022-23,19,281,Alisson,GK,LIV,5.5,4.123211551
2022-23,19,133,Kepa,GK,CHE,4.6,6.37109732
2022-23,19,113,R Sanchez,GK,BHA,4.6,4.070915364
2022-23,19,425,Lloris,GK,TOT,5.5,3.97850767
2022-23,19,2,Leno,GK,FUL,4.5,6.454598225
2022-23,19,31,E Martinez,GK,AVL,4.9,4.353031003
2022-23,19,327,de Gea,GK,MUN,4.9,4.470761432
2022-23,19,81,Raya,GK,BRE,4.6,2.682146191
2022-23,19,182,Pickford,GK,EVE,4.5,3.566821859
2022-23,19,238,Meslier,GK,LEE,4.5,3.434097003
2022-23,19,376,Pope,GK,NEW,5.3,3.047023696
2022-23,19,398,D Henderson,GK,NFO,4.7,3.678612814
2022-23,19,254,D Ward,GK,LEI,4.1,3.633009399
2022-23,19,152,Guaita,GK,CRY,4.5,3.103569512
2022-23,19,455,Fabianski,GK,WHU,5.0,3.488795665
2022-23,19,478,Sa,GK,WOL,5.0,3.593661823
2022-23,19,422,Bazunu,GK,SOU,4.5,3.972707337
2022-23,19,574,N Neto,GK,BOU,4.5,0.625073433
2022-23,19,147,E Mendy,GK,CHE,4.8,0.593549882
2022-23,19,72,Travers,GK,BOU,4.3,2.071662397
2022-23,19,473,Areola,GK,WHU,4.3,0.266305045
2022-23,19,548,Iversen,GK,LEI,3.9,0.276802165
2022-23,19,289,Kelleher,GK,LIV,4.0,0.097238084
2022-23,19,324,Ortega,GK,MCI,3.8,0.06876178
2022-23,19,355,Dubravka,GK,NEW,4.2,0.076159338
2022-23,19,24,Turner,GK,ARS,3.9,0.075780388
2022-23,19,175,Johnstone,GK,CRY,4.4,0.078814782
2022-23,19,102,Steele,GK,BHA,3.9,0.073164019
2022-23,19,426,Forster,GK,TOT,3.9,0.0759897
2022-23,19,35,Olsen,GK,AVL,3.9,0.079650829
2022-23,19,213,Rodak,GK,FUL,4.3,0.170684795
2022-23,19,401,McCarthy,GK,SOU,4.3,0.077144175
2022-23,19,518,Hennessey,GK,NFO,3.9,0.065292129
2022-23,19,176,Begovic,GK,EVE,4.0,0.063556443
2022-23,19,492,Sarkic,GK,WOL,3.9,0.062991685
2022-23,19,236,Klaesson,GK,LEE,3.9,0.059137923
2022-23,19,517,Strakosha,GK,BRE,4.3,0.021923087
2022-23,19,633,Cox,GK,BRE,4.0,0.021538529
2022-23,19,502,Carson,GK,MCI,3.8,0.006791885
2022-23,19,635,Bettinelli,GK,CHE,4.0,0.018328355
2022-23,19,497,Adrian,GK,LIV,3.9,0.007477873
2022-23,19,353,Darlow,GK,NEW,3.9,0.006039897
2022-23,19,348,Heaton,GK,MUN,3.9,0.008175177
2022-23,19,451,Austin,GK,TOT,3.9,0.007354837
2022-23,19,162,Butland,GK,CRY,4.4,0.006020455
2022-23,19,571,Randolph,GK,WHU,4.0,0.006566799
2022-23,19,675,Jordan Smith,GK,NFO,4.0,0.006232198
2022-23,19,581,Smithies,GK,LEI,4.0,0.006565686
2022-23,19,578,Robles,GK,LEE,4.0,0.005877116
2022-23,19,670,Marschall,GK,AVL,4.0,0.003840819
2022-23,19,627,Jakupovic,GK,EVE,4.0,0.006238124
2022-23,19,649,Plain,GK,BOU,4.0,0.009631028
2022-23,19,424,Caballero,GK,SOU,3.9,0.000717308
2022-23,19,644,Goodman,GK,CRY,4.0,0.000536592
2022-23,19,590,Whitworth,GK,CRY,4.0,0.000459726
2022-23,19,592,H Davies,GK,LIV,4.0,0.003876336
2022-23,19,655,Hein,GK,ARS,4.0,0.003586652
2022-23,19,656,Bishop,GK,MUN,4.0,0.003735169
2022-23,19,557,Jackson Smith,GK,WOL,3.9,0.003531558
2022-23,19,306,Cancelo,DEF,MCI,7.3,3.06717833
2022-23,19,285,Trent,DEF,LIV,7.2,4.514102539
2022-23,19,16,Gabriel,DEF,ARS,5.2,4.092987443
2022-23,19,280,van Dijk,DEF,LIV,6.5,3.777670316
2022-23,19,26,Saliba,DEF,ARS,5.3,3.805266759
2022-23,19,128,T Silva,DEF,CHE,5.4,6.03976212
2022-23,19,284,Robertson,DEF,LIV,6.9,0.666718501
2022-23,19,10,B White,DEF,ARS,4.7,3.371140283
2022-23,19,313,Zinchenko,DEF,ARS,5.0,3.258705591
2022-23,19,332,Shaw,DEF,MUN,5.0,4.701188774
2022-23,19,357,Trippier,DEF,NEW,5.9,3.012182938
2022-23,19,106,Dunk,DEF,BHA,4.7,3.537084399
2022-23,19,141,T Chalobah,DEF,CHE,4.7,5.698962175
2022-23,19,520,Koulibaly,DEF,CHE,5.5,5.921170089
2022-23,19,33,Digne,DEF,AVL,4.6,4.337285161
2022-23,19,377,Botman,DEF,NEW,4.4,2.839280635
2022-23,19,448,Perisic,DEF,TOT,5.5,3.470158024
2022-23,19,430,Dier,DEF,TOT,5.2,3.485820019
2022-23,19,43,Cash,DEF,AVL,4.6,4.077859518
2022-23,19,312,Dias,DEF,MCI,5.9,0.85518724
2022-23,19,299,Walker,DEF,MCI,4.8,2.04071561
2022-23,19,309,Laporte,DEF,MCI,5.8,2.107036382
2022-23,19,366,Schar,DEF,NEW,4.9,2.646087567
2022-23,19,165,Andersen,DEF,CRY,4.5,3.203448986
2022-23,19,258,Castagne,DEF,LEI,4.7,3.767053186
2022-23,19,109,Veltman,DEF,BHA,4.6,3.165068687
2022-23,19,533,L Martinez,DEF,MUN,4.5,2.618912291
2022-23,19,44,Konsa,DEF,AVL,4.4,3.891415497
2022-23,19,610,Akanji,DEF,MCI,5.0,2.602462124
2022-23,19,358,Burn,DEF,NEW,4.5,2.56065678
2022-23,19,112,Cucurella,DEF,CHE,5.2,5.394360407
2022-23,19,276,Matip,DEF,LIV,5.9,0.830052597
2022-23,19,588,Kehrer,DEF,WHU,4.5,3.013894451
2022-23,19,39,Mings,DEF,AVL,4.3,3.862234782
2022-23,19,92,Pinnock,DEF,BRE,4.4,2.537199267
2022-23,19,85,Henry,DEF,BRE,4.5,2.424326504
2022-23,19,199,Tarkowski,DEF,EVE,4.4,3.158013787
2022-23,19,201,Ream,DEF,FUL,4.5,5.115117203
2022-23,19,167,Guehi,DEF,CRY,4.4,2.963343174
2022-23,19,108,Webster,DEF,BHA,4.5,0.0
2022-23,19,586,Estupinan,DEF,BHA,4.5,3.344128693
2022-23,19,457,Cresswell,DEF,WHU,4.8,2.71125164
2022-23,19,146,R James,DEF,CHE,5.7,0.0
2022-23,19,270,Thomas,DEF,LEI,4.2,3.347987292
2022-23,19,244,Kristensen,DEF,LEE,4.8,3.05244918
2022-23,19,443,Romero,DEF,TOT,4.9,2.47777056
2022-23,19,612,Faes,DEF,LEI,4.4,3.370969877
2022-23,19,342,Dalot,DEF,MUN,4.8,2.040614162
2022-23,19,516,Collins,DEF,WOL,4.4,3.02506495
2022-23,19,127,Azpilicueta,DEF,CHE,4.8,5.452860187
2022-23,19,484,Kilman,DEF,WOL,4.4,3.022381278
2022-23,19,302,Stones,DEF,MCI,5.4,2.476616054
2022-23,19,623,Caleta-Car,DEF,SOU,4.5,3.590526156
2022-23,19,628,Aurier,DEF,NFO,4.5,2.741828438
2022-23,19,217,Robinson,DEF,FUL,4.4,4.492514809
2022-23,19,235,Struijk,DEF,LEE,4.5,2.904117217
2022-23,19,429,Doherty,DEF,TOT,4.6,2.674956929
2022-23,19,194,Mykolenko,DEF,EVE,4.4,2.89827713
2022-23,19,329,Varane,DEF,MUN,4.8,3.70231755
2022-23,19,526,Mee,DEF,BRE,4.6,2.272105608
2022-23,19,197,Patterson,DEF,EVE,4.0,2.555638126
2022-23,19,445,Emerson R,DEF,TOT,4.9,2.253493716
2022-23,19,409,Walker-Peters,DEF,SOU,4.4,3.582932405
2022-23,19,215,Tete,DEF,FUL,4.4,4.38390882
2022-23,19,423,Bella-Kotchap,DEF,SOU,4.5,3.215621062
2022-23,19,513,Lenglet,DEF,TOT,4.8,2.177265679
2022-23,19,156,J Ward,DEF,CRY,4.5,2.539804659
2022-23,19,475,Coady,DEF,EVE,5.0,2.067015432
2022-23,19,249,Evans,DEF,LEI,4.4,3.031462325
2022-23,19,432,Ben T Davies,DEF,TOT,4.9,2.002574679
2022-23,19,420,Salisu,DEF,SOU,4.4,2.629868664
2022-23,19,459,Dawson,DEF,WHU,4.8,2.339333478
2022-23,19,193,Godfrey,DEF,EVE,4.3,2.490149538
2022-23,19,595,Zanka,DEF,BRE,4.0,2.082886774
2022-23,19,230,Koch,DEF,LEE,4.5,2.505294404
2022-23,19,558,Bueno,DEF,WOL,3.9,2.335897141
2022-23,19,139,Chilwell,DEF,CHE,5.8,0.101833664
2022-23,19,461,Zouma,DEF,WHU,4.5,0.553931227
2022-23,19,221,Cooper,DEF,LEE,4.4,2.147885847
2022-23,19,57,A Smith,DEF,BOU,4.4,1.96089885
2022-23,19,470,Diop,DEF,FUL,4.3,2.793783987
2022-23,19,157,Clyne,DEF,CRY,4.5,3.027360886
2022-23,19,559,Colwill,DEF,BHA,4.4,2.555084927
2022-23,19,308,Ake,DEF,MCI,5.0,1.261294299
2022-23,19,576,Senesi,DEF,BOU,4.5,1.858721665
2022-23,19,209,Adarabioyo,DEF,FUL,4.5,3.073601602
2022-23,19,419,Livramento,DEF,SOU,4.4,2.844251877
2022-23,19,602,Lodi,DEF,NFO,4.3,1.653152013
2022-23,19,290,Konate,DEF,LIV,4.8,2.749383018
2022-23,19,463,Coufal,DEF,WHU,4.1,1.893971937
2022-23,19,286,J Gomez,DEF,LIV,4.4,0.540196557
2022-23,19,292,Tsimikas,DEF,LIV,4.5,3.518029
2022-23,19,170,Mitchell,DEF,CRY,4.4,0.0
2022-23,19,474,Boly,DEF,NFO,4.2,1.446819103
2022-23,19,272,W Fofana,DEF,CHE,4.3,0.485834666
2022-23,19,90,Roerslev,DEF,BRE,4.3,2.134987809
2022-23,19,545,Emerson P,DEF,WHU,4.0,1.811357225
2022-23,19,73,Kelly,DEF,BOU,4.3,1.769511149
2022-23,19,472,Aguerd,DEF,WHU,4.8,0.919622891
2022-23,19,385,McKenna,DEF,NFO,4.4,1.974200757
2022-23,19,482,Semedo,DEF,WOL,5.0,1.935369021
2022-23,19,504,Malacia,DEF,MUN,4.2,1.90709897
2022-23,19,388,Worrall,DEF,NFO,4.2,0.940321715
2022-23,19,76,Zemura,DEF,BOU,4.4,1.375282508
2022-23,19,523,Toffolo,DEF,NFO,4.3,1.002715613
2022-23,19,436,Sessegnon,DEF,TOT,4.5,1.905457023
2022-23,19,379,S Cook,DEF,NFO,4.4,1.650057833
2022-23,19,330,Maguire,DEF,MUN,4.7,1.165556014
2022-23,19,456,Ogbonna,DEF,WHU,4.4,1.670529473
2022-23,19,239,Firpo,DEF,LEE,4.5,1.5807472
2022-23,19,477,Jonny,DEF,WOL,4.4,1.706549972
2022-23,19,295,N Williams,DEF,NFO,4.0,1.385370001
2022-23,19,8,Tierney,DEF,ARS,4.7,1.641747755
2022-23,19,78,Jansson,DEF,BRE,4.2,0.401517135
2022-23,19,435,D Sanchez,DEF,TOT,4.3,0.657778201
2022-23,19,341,Wan-Bissaka,DEF,MUN,4.3,1.48904861
2022-23,19,71,Mepham,DEF,BOU,4.4,0.758515621
2022-23,19,84,Ajer,DEF,BRE,4.5,0.08802536
2022-23,19,228,Llorente,DEF,LEE,4.4,0.793676274
2022-23,19,573,R Lewis,DEF,MCI,3.9,0.758279817
2022-23,19,337,Lindelof,DEF,MUN,4.2,0.665888185
2022-23,19,410,Bednarek,DEF,AVL,4.2,0.705668089
2022-23,19,417,Perraud,DEF,SOU,4.4,0.629888013
2022-23,19,32,C Chambers,DEF,AVL,4.2,0.562706962
2022-23,19,510,Hickey,DEF,BRE,4.9,0.0
2022-23,19,587,S Gomez,DEF,MCI,4.5,0.108878165
2022-23,19,257,Amartey,DEF,LEI,4.3,0.535050594
2022-23,19,360,Lascelles,DEF,NEW,4.3,0.327771207
2022-23,19,114,Lamptey,DEF,BHA,4.2,1.997679725
2022-23,19,471,Ben Johnson,DEF,WHU,4.4,0.537393537
2022-23,19,501,N Phillips,DEF,LIV,3.9,0.037553303
2022-23,19,59,Fredericks,DEF,BOU,4.4,1.082641497
2022-23,19,525,Augustinsson,DEF,AVL,4.3,0.126720046
2022-23,19,267,Soyuncu,DEF,LEI,4.2,0.121737305
2022-23,19,253,Vestergaard,DEF,LEI,3.9,0.006322546
2022-23,19,250,Bertrand,DEF,LEI,3.9,0.0
2022-23,19,399,Biancone,DEF,NFO,4.2,0.0
2022-23,19,268,Justin,DEF,LEI,4.3,0.0
2022-23,19,511,O Richards,DEF,NFO,4.4,0.0
2022-23,19,50,Carlos,DEF,AVL,4.7,0.0
2022-23,19,322,Wilson-Esbrand,DEF,MCI,3.8,0.003785173
2022-23,19,563,L Chambers,DEF,LIV,4.0,0.003978926
2022-23,19,631,Sousa,DEF,ARS,4.0,0.004000029
2022-23,19,362,Dummett,DEF,NEW,3.9,0.003476281
2022-23,19,640,Turns,DEF,BHA,4.0,0.003774065
2022-23,19,439,Tanganga,DEF,TOT,3.9,0.003849526
2022-23,19,540,Stevens,DEF,BRE,4.0,0.003127376
2022-23,19,393,Mbe Soh,DEF,NFO,4.2,0.003615952
2022-23,19,386,Drager,DEF,NFO,4.0,0.003566125
2022-23,19,96,Goode,DEF,BRE,3.9,0.003061174
2022-23,19,673,Humphreys,DEF,CHE,4.5,0.006639181
2022-23,19,638,Bogarde,DEF,AVL,4.0,0.0039215
2022-23,19,636,Parkes,DEF,FUL,4.0,0.006814988
2022-23,19,652,Furlong,DEF,BHA,4.0,0.003496707
2022-23,19,598,Bevan,DEF,BOU,4.0,0.003130132
2022-23,19,674,Bennett,DEF,MUN,4.0,0.003775492
2022-23,19,555,Ashby,DEF,WHU,3.9,0.003408576
2022-23,19,539,Hill,DEF,BOU,4.4,0.003038908
2022-23,19,273,Brunt,DEF,LEI,3.9,0.003570843
2022-23,19,664,Lembikisa,DEF,WOL,4.0,0.003359563
2022-23,19,243,Hjelde,DEF,LEE,3.9,0.003358565
2022-23,19,605,Welch,DEF,EVE,4.0,0.00335453
2022-23,19,642,Balmer,DEF,CRY,4.0,0.003211552
2022-23,19,637,John,DEF,EVE,4.0,0.003319091
2022-23,19,507,Niakhate,DEF,NFO,4.3,0.101173075
2022-23,19,621,Bade,DEF,NFO,4.5,0.048515538
2022-23,19,298,Ramsay,DEF,LIV,3.9,0.022666711
2022-23,19,56,Guilbert,DEF,AVL,3.9,0.021136531
2022-23,19,343,B Williams,DEF,MUN,3.8,0.051178054
2022-23,19,522,Spence,DEF,TOT,4.1,0.186916738
2022-23,19,363,Manquillo,DEF,NEW,4.2,0.069353958
2022-23,19,645,Wormleighton,DEF,LEI,4.0,0.037408595
2022-23,19,547,Drameh,DEF,LEE,4.0,0.091155036
2022-23,19,1,Cedric,DEF,ARS,4.2,0.087682471
2022-23,19,494,Mosquera,DEF,WOL,3.9,0.088606366
2022-23,19,153,Tomkins,DEF,CRY,3.9,0.085782304
2022-23,19,646,Crama,DEF,BRE,4.0,0.028354761
2022-23,19,350,Ritchie,DEF,NEW,4.2,0.160162977
2022-23,19,192,Holgate,DEF,EVE,4.3,0.201392126
2022-23,19,489,Toti,DEF,WOL,3.9,0.191502854
2022-23,19,544,van Hecke,DEF,BHA,4.0,0.187441315
2022-23,19,180,Keane,DEF,EVE,4.2,0.080000021
2022-23,19,622,Larios,DEF,SOU,4.0,0.086231489
2022-23,19,531,Vinagre,DEF,EVE,4.3,0.074909237
2022-23,19,188,Mina,DEF,EVE,4.3,0.409250938
2022-23,19,413,Lyanco,DEF,SOU,4.4,0.290473199
2022-23,19,487,Ait-Nouri,DEF,WOL,4.2,0.967024773
2022-23,19,367,Targett,DEF,NEW,4.8,0.0
2022-23,19,538,A Young,DEF,AVL,4.4,0.529748275
2022-23,19,404,Stephens,DEF,BOU,4.3,0.135167754
2022-23,19,613,Kurzawa,DEF,FUL,4.3,1.40401631
2022-23,19,372,J Lewis,DEF,NEW,4.4,0.439945034
2022-23,19,105,Duffy,DEF,FUL,4.3,0.811925224
2022-23,19,222,Ayling,DEF,LEE,4.5,0.23332369
2022-23,19,178,Coleman,DEF,EVE,4.5,0.338933311
2022-23,19,226,Dallas,DEF,LEE,4.9,0.324111313
2022-23,19,82,Canos,DEF,BRE,5.0,0.506736123
2022-23,19,174,N Ferguson,DEF,CRY,3.9,0.293340529
2022-23,19,14,Tomiyasu,DEF,ARS,4.2,1.375317139
2022-23,19,530,C Richards,DEF,CRY,4.4,0.576044611
2022-23,19,532,Mbabu,DEF,FUL,4.3,1.223285566
2022-23,19,5,Holding,DEF,ARS,4.2,0.503493056
2022-23,19,65,Stacey,DEF,BOU,4.3,0.442190358
2022-23,19,283,Salah,MID,LIV,12.9,5.963191761
2022-23,19,19,Martinelli,MID,ARS,6.8,4.461393416
2022-23,19,301,De Bruyne,MID,MCI,12.5,3.798286709
2022-23,19,13,Saka,MID,ARS,8.1,4.361411722
2022-23,19,333,Fernandes,MID,MUN,9.8,5.702344414
2022-23,19,304,Sterling,MID,CHE,9.7,7.646774156
2022-23,19,7,Odegaard,MID,ARS,6.6,3.984012101
2022-23,19,428,Son,MID,TOT,11.6,4.423548962
2022-23,19,142,Mount,MID,CHE,7.6,6.891320509
2022-23,19,111,Trossard,MID,BHA,6.9,4.256694188
2022-23,19,335,Rashford,MID,MUN,6.9,4.817964048
2022-23,19,314,Foden,MID,MCI,8.2,2.942224084
2022-23,19,465,Bowen,MID,WHU,8.0,4.433428694
2022-23,19,116,Mac Allister,MID,BHA,5.4,3.608026698
2022-23,19,311,B Silva,MID,MCI,6.9,2.901125163
2022-23,19,104,Gross,MID,BHA,5.6,3.696105502
2022-23,19,189,D Gray,MID,EVE,5.3,3.501504399
2022-23,19,107,March,MID,BHA,5.0,3.629728666
2022-23,19,6,Partey,MID,ARS,4.8,3.138494863
2022-23,19,160,Zaha,MID,CRY,7.4,3.735167906
2022-23,19,493,Gibbs-White,MID,NFO,5.5,3.963778617
2022-23,19,315,Rodri,MID,MCI,5.6,2.773499347
2022-23,19,446,Kulusevski,MID,TOT,8.0,2.681091844
2022-23,19,264,Barnes,MID,LEI,6.8,4.472819297
2022-23,19,407,Ward-Prowse,MID,SOU,6.2,4.132780732
2022-23,19,603,Paqueta,MID,WHU,5.9,3.873302966
2022-23,19,303,Mahrez,MID,MCI,7.5,2.529911437
2022-23,19,346,A Pereira,MID,FUL,4.6,5.96980499
2022-23,19,225,Rodrigo,MID,LEE,6.3,3.309091754
2022-23,19,519,Eriksen,MID,MUN,6.3,3.766335212
2022-23,19,305,Grealish,MID,MCI,6.8,2.538651791
2022-23,19,186,Iwobi,MID,EVE,5.5,3.225832595
2022-23,19,130,Jorginho,MID,CHE,5.8,5.521618593
2022-23,19,340,Sancho,MID,MUN,7.1,2.386028763
2022-23,19,374,Guimaraes,MID,NEW,5.7,2.875326305
2022-23,19,169,Eze,MID,CRY,5.6,3.22925337
2022-23,19,120,Caicedo,MID,BHA,5.0,3.087190306
2022-23,19,3,Xhaka,MID,ARS,5.1,2.75652145
2022-23,19,371,Joelinton,MID,NEW,5.9,2.866805618
2022-23,19,369,Almiron,MID,NEW,5.9,2.957656812
2022-23,19,212,H Wilson,MID,FUL,5.7,5.426069861
2022-23,19,593,Casemiro,MID,MUN,4.9,3.477468705
2022-23,19,433,Hojbjerg,MID,TOT,5.5,2.936418545
2022-23,19,609,Antony,MID,MUN,7.4,3.380957711
2022-23,19,246,Aaronson,MID,LEE,5.5,3.108788396
2022-23,19,468,Soucek,MID,WHU,5.2,3.371115922
2022-23,19,220,Palhinha,MID,FUL,5.0,5.334508868
2022-23,19,45,Bailey,MID,AVL,4.5,3.307664592
2022-23,19,535,Tavernier,MID,BOU,4.8,2.721755731
2022-23,19,140,Pulisic,MID,CHE,5.7,5.091248345
2022-23,19,88,Jensen,MID,BRE,4.8,2.611031699
2022-23,19,373,Willock,MID,NEW,4.9,2.764575345
2022-23,19,53,Kamara,MID,AVL,4.8,3.25657021
2022-23,19,261,Maddison,MID,LEI,8.1,0.0
2022-23,19,577,Onana,MID,EVE,4.8,0.0
2022-23,19,406,Elyounoussi,MID,SOU,5.2,3.12864705
2022-23,19,266,Dewsbury-Hall,MID,LEI,4.9,3.467687455
2022-23,19,37,McGinn,MID,AVL,5.1,2.586391221
2022-23,19,259,Tielemans,MID,LEI,6.3,3.395993762
2022-23,19,387,Yates,MID,NFO,5.0,2.958958688
2022-23,19,300,Gundogan,MID,MCI,7.3,1.855583774
2022-23,19,506,T Adams,MID,LEE,4.9,2.73498158
2022-23,19,614,Willian,MID,FUL,5.5,4.793247033
2022-23,19,611,Gueye,MID,EVE,4.9,2.698421037
2022-23,19,480,Neves,MID,WOL,5.5,2.732439246
2022-23,19,467,Rice,MID,WHU,4.8,2.89158727
2022-23,19,483,Podence,MID,WOL,5.3,2.673343272
2022-23,19,245,Roca,MID,LEE,4.8,2.672036932
2022-23,19,70,Billing,MID,BOU,5.3,2.346588606
2022-23,19,277,Thiago,MID,LIV,5.2,2.705314001
2022-23,19,582,Freuler,MID,NFO,4.9,2.660942347
2022-23,19,79,Norgaard,MID,BRE,5.3,2.444265053
2022-23,19,161,Schlupp,MID,CRY,4.7,2.961578693
2022-23,19,508,Sinisterra,MID,LEE,6.5,0.802614599
2022-23,19,64,Lerma,MID,BOU,4.8,2.557784258
2022-23,19,233,Harrison,MID,LEE,5.8,2.425178383
2022-23,19,42,Buendia,MID,AVL,5.7,2.945189054
2022-23,19,514,C Doucoure,MID,CRY,5.0,2.584053581
2022-23,19,282,Fabinho,MID,LIV,5.3,2.705994146
2022-23,19,205,Reid,MID,FUL,5.5,4.507384969
2022-23,19,195,A Gordon,MID,EVE,5.3,2.641449248
2022-23,19,294,Elliott,MID,LIV,5.0,2.957112584
2022-23,19,503,Moutinho,MID,WOL,4.7,2.574836659
2022-23,19,589,Nunes,MID,WOL,4.8,2.565962356
2022-23,19,159,Ayew,MID,CRY,5.3,2.467949217
2022-23,19,132,Kovacic,MID,CHE,4.9,2.28106446
2022-23,19,47,Ramsey,MID,AVL,5.2,0.460373771
2022-23,19,211,Reed,MID,FUL,4.5,4.253660908
2022-23,19,29,Coutinho,MID,AVL,6.6,2.691091141
2022-23,19,368,Saint-Maximin,MID,NEW,6.2,2.18234301
2022-23,19,440,Bentancur,MID,TOT,5.4,0.0
2022-23,19,275,J Henderson,MID,LIV,5.3,1.571098053
2022-23,19,86,Janelt,MID,BRE,5.5,2.140693683
2022-23,19,491,A Traore,MID,WOL,5.5,2.22321216
2022-23,19,469,Fornals,MID,WHU,5.0,2.462931739
2022-23,19,240,Summerville,MID,LEE,4.3,2.613986928
2022-23,19,265,Ndidi,MID,LEI,4.8,2.607121548
2022-23,19,527,Lingard,MID,NFO,5.4,1.15782916
2022-23,19,321,Lavia,MID,SOU,4.5,2.58957873
2022-23,19,680,Gakpo,MID,LIV,8.0,0.0
2022-23,19,67,L Cook,MID,BOU,4.9,2.210527035
2022-23,19,681,Scarpa,MID,NFO,5.0,0.0
2022-23,19,148,Gallagher,MID,CHE,5.7,2.962900084
2022-23,19,579,Guedes,MID,WOL,5.9,1.994491418
2022-23,19,101,Lallana,MID,BHA,4.9,2.167484362
2022-23,19,124,Mitoma,MID,BHA,4.9,2.40802408
2022-23,19,89,Wissa,MID,BRE,5.3,2.142419069
2022-23,19,136,Loftus-Cheek,MID,CHE,5.0,0.489550521
2022-23,19,260,Perez,MID,LEI,4.7,2.640332358
2022-23,19,534,McNeil,MID,EVE,5.2,2.402013844
2022-23,19,512,Aribo,MID,SOU,5.2,2.377012881
2022-23,19,331,Fred,MID,MUN,5.1,2.188396648
2022-23,19,12,Smith Rowe,MID,ARS,5.6,1.418053097
2022-23,19,616,Zakaria,MID,CHE,5.0,2.88568438
2022-23,19,25,Vieira,MID,ARS,5.7,1.802582694
2022-23,19,370,S Longstaff,MID,NEW,4.4,1.781534442
2022-23,19,231,D James,MID,FUL,6.0,3.227560121
2022-23,19,60,Brooks,MID,BOU,5.3,1.344247339
2022-23,19,46,Douglas Luiz,MID,AVL,4.8,2.083408695
2022-23,19,269,Soumare,MID,LEI,4.4,1.894419856
2022-23,19,296,Carvalho,MID,LIV,5.3,2.034571512
2022-23,19,464,Benrahma,MID,WHU,5.6,2.328644761
2022-23,19,405,S Armstrong,MID,SOU,4.7,1.844308383
2022-23,19,554,Gil,MID,TOT,5.0,2.281412212
2022-23,19,185,A Doucoure,MID,EVE,5.3,1.940373452
2022-23,19,171,Olise,MID,CRY,5.4,1.796919866
2022-23,19,444,Bissouma,MID,TOT,4.7,0.0
2022-23,19,661,Hall,MID,CHE,4.4,1.769570353
2022-23,19,83,Dasilva,MID,BRE,4.2,1.942495699
2022-23,19,154,McArthur,MID,CRY,4.8,1.639021212
2022-23,19,278,Chamberlain,MID,LIV,4.9,2.474013402
2022-23,19,18,Lokonga,MID,ARS,4.3,0.319610759
2022-23,19,569,Garnacho,MID,MUN,4.2,1.840948144
2022-23,19,200,Cairney,MID,FUL,4.7,2.77320469
2022-23,19,204,Kebano,MID,FUL,5.4,0.0
2022-23,19,117,Moder,MID,BHA,4.4,0.0
2022-23,19,583,Kouyate,MID,NFO,4.5,0.0
2022-23,19,570,Garner,MID,EVE,4.5,0.0
2022-23,19,134,Kante,MID,CHE,4.8,0.0
2022-23,19,620,Arthur,MID,LIV,4.8,0.0
2022-23,19,486,P Neto,MID,WOL,4.9,0.0
2022-23,19,562,Solomon,MID,FUL,4.9,0.0
2022-23,19,490,Chiquinho,MID,WOL,5.0,0.0
2022-23,19,293,Diaz,MID,LIV,7.8,0.0
2022-23,19,316,Palmer,MID,MCI,4.3,0.003942432
2022-23,19,546,Harris,MID,FUL,4.4,0.008004046
2022-23,19,600,Knight,MID,MCI,4.5,0.003673191
2022-23,19,683,Kuol,MID,NEW,4.5,0.003693523
2022-23,19,632,Trevitt,MID,BRE,4.5,0.003600198
2022-23,19,347,Pellistri,MID,MUN,4.3,0.003999051
2022-23,19,23,Nelson,MID,ARS,4.8,0.0
2022-23,19,36,Sanson,MID,AVL,4.3,0.003913148
2022-23,19,653,Hutchinson,MID,CHE,4.5,0.007034686
2022-23,19,665,Doak,MID,LIV,4.5,0.003762479
2022-23,19,668,Cozier-Duberry,MID,ARS,4.5,0.003543271
2022-23,19,672,K Young,MID,AVL,4.5,0.003792599
2022-23,19,551,Iqbal,MID,MUN,4.3,0.003772143
2022-23,19,560,Mills,MID,EVE,4.4,0.003634601
2022-23,19,630,Nwaneri,MID,ARS,4.5,0.003521734
2022-23,19,641,Godo,MID,FUL,4.5,0.007112752
2022-23,19,564,Bajcetic,MID,LIV,4.4,0.003632902
2022-23,19,584,B Clark,MID,LIV,4.5,0.003610835
2022-23,19,553,Hammond,MID,NFO,4.3,0.003635127
2022-23,19,651,Moran,MID,BHA,4.5,0.003539904
2022-23,19,643,Mainoo,MID,MUN,4.5,0.003667844
2022-23,19,650,Yarmolyuk,MID,BRE,4.5,0.00335212
2022-23,19,679,Buonanotte,MID,BHA,4.5,0.003461171
2022-23,19,604,Killian Phillips,MID,CRY,4.5,0.003525511
2022-23,19,639,Braybrooke,MID,LEI,4.5,0.003565553
2022-23,19,601,Rodney,MID,CRY,4.5,0.003355684
2022-23,19,678,Price,MID,EVE,4.5,0.003350206
2022-23,19,677,Hinshelwood,MID,BHA,4.5,0.00327733
2022-23,19,667,Sekularac,MID,FUL,4.5,0.006530121
2022-23,19,658,Griffiths,MID,WOL,4.5,0.00331416
2022-23,19,607,M Smith,MID,ARS,4.5,0.003234218
2022-23,19,654,Wells-Morrison,MID,CRY,4.5,0.00319049
2022-23,19,509,Downes,MID,WHU,4.3,0.003191728
2022-23,19,556,Coventry,MID,WHU,4.4,0.003191313
2022-23,19,676,Ozoh,MID,CRY,4.5,0.003153685
2022-23,19,565,A Gray,MID,LEE,4.5,0.0206873
2022-23,19,247,Gyabi,MID,LEE,4.3,0.019768478
2022-23,19,452,Devine,MID,TOT,4.3,0.159438433
2022-23,19,449,H White,MID,TOT,4.4,0.158750508
2022-23,19,567,Ronan,MID,WOL,4.4,0.036172026
2022-23,19,63,Marcondes,MID,BOU,4.7,0.034753572
2022-23,19,566,Hodge,MID,WOL,4.4,0.035582161
2022-23,19,61,Lowe,MID,BOU,5.2,0.034610832
2022-23,19,74,Dembele,MID,BOU,4.7,0.034187151
2022-23,19,647,Payne,MID,SOU,4.5,0.035279343
2022-23,19,648,Finnigan,MID,SOU,4.5,0.034837718
2022-23,19,524,O'Brien,MID,NFO,4.8,1.54037733
2022-23,19,552,Anderson,MID,NEW,4.4,0.079630556
2022-23,19,536,Mangala,MID,NFO,4.9,1.537842685
2022-23,19,27,Marquinhos,MID,ARS,4.6,0.003521004
2022-23,19,252,N Mendy,MID,LEI,4.3,0.075947789
2022-23,19,179,Townsend,MID,EVE,5.4,0.504284493
2022-23,19,119,Sarmiento,MID,BHA,4.5,0.069664177
2022-23,19,381,Colback,MID,NFO,4.2,0.069939751
2022-23,19,173,Ebiowei,MID,CRY,4.2,0.071051272
2022-23,19,41,Nakamba,MID,AVL,4.3,0.070034151
2022-23,19,349,Shelvey,MID,NEW,4.8,0.0
2022-23,19,135,Ziyech,MID,CHE,5.5,0.439375588
2022-23,19,4,Elneny,MID,ARS,4.2,0.351275831
2022-23,19,450,P Sarr,MID,TOT,4.3,0.768091431
2022-23,19,549,Praet,MID,LEI,4.8,0.0
2022-23,19,190,T Davies,MID,EVE,4.9,0.152717258
2022-23,19,287,Keita,MID,LIV,4.7,0.872869953
2022-23,19,441,Skipp,MID,TOT,4.3,1.503038195
2022-23,19,400,Walcott,MID,SOU,4.8,0.259154536
2022-23,19,365,Murphy,MID,NEW,4.3,1.483054596
2022-23,19,431,Lucas Moura,MID,TOT,5.8,0.300029349
2022-23,19,251,Albrighton,MID,LEI,4.7,1.030790832
2022-23,19,336,van de Beek,MID,MUN,5.1,0.348277278
2022-23,19,93,Onyeka,MID,BRE,4.8,0.0
2022-23,19,568,Campbell,MID,WOL,4.4,0.3150432
2022-23,19,164,Riedewald,MID,CRY,4.3,0.209860733
2022-23,19,216,Onomah,MID,FUL,4.3,0.597303851
2022-23,19,344,Elanga,MID,MUN,4.7,0.495819829
2022-23,19,274,Milner,MID,LIV,4.4,0.469650553
2022-23,19,481,Hwang,MID,WOL,5.7,1.499055866
2022-23,19,291,C Jones,MID,LIV,4.9,0.793708264
2022-23,19,460,Lanzini,MID,WHU,5.1,0.609468245
2022-23,19,624,Edozie,MID,SOU,4.7,0.511509645
2022-23,19,75,Anthony,MID,BOU,5.2,0.831892535
2022-23,19,629,Boubacar Traore,MID,WOL,4.4,0.564684769
2022-23,19,325,Kalvin Phillips,MID,MCI,4.8,0.61352359
2022-23,19,575,Cornet,MID,WHU,5.9,0.349625395
2022-23,19,21,Maitland-Niles,MID,SOU,4.8,0.590523345
2022-23,19,479,Dendoncker,MID,AVL,4.7,1.883756426
2022-23,19,416,I Diallo,MID,SOU,4.3,1.309235827
2022-23,19,359,R Fraser,MID,NEW,5.2,1.252982707
2022-23,19,580,Damsgaard,MID,BRE,5.1,0.949470522
2022-23,19,69,Christie,MID,BOU,5.3,1.357138307
2022-23,19,87,Ghoddos,MID,BRE,4.8,0.921947244
2022-23,19,203,N Chalobah,MID,FUL,4.4,1.180600452
2022-23,19,505,Rothwell,MID,BOU,4.9,0.493500756
2022-23,19,149,Gilmour,MID,BHA,4.3,0.589570515
2022-23,19,338,McTominay,MID,MUN,4.9,1.200582652
2022-23,19,158,Milivojevic,MID,CRY,4.3,0.494177309
2022-23,19,58,Stanislas,MID,BOU,4.8,0.684224752
2022-23,19,163,W Hughes,MID,CRY,4.8,0.466033846
2022-23,19,418,Djenepo,MID,SOU,5.0,1.219545716
2022-23,19,224,Forshaw,MID,LEE,4.4,0.67492946
2022-23,19,94,Baptiste,MID,BRE,4.5,0.13672078
2022-23,19,223,Klich,MID,LEE,4.6,1.459808301
2022-23,19,68,Pearson,MID,BOU,4.4,1.210338055
2022-23,19,318,Haaland,FWD,MCI,12.2,4.533029843
2022-23,19,427,Kane,FWD,TOT,11.6,4.445577445
2022-23,19,297,Nunez,FWD,LIV,9.0,4.776533285
2022-23,19,210,Mitrovic,FWD,FUL,7.1,6.930786203
2022-23,19,345,Martial,FWD,MUN,6.7,4.320838925
2022-23,19,145,Havertz,FWD,CHE,7.8,5.983879112
2022-23,19,80,Toney,FWD,BRE,7.5,1.312307682
2022-23,19,28,Jesus,FWD,ARS,8.0,0.0
2022-23,19,40,Watkins,FWD,AVL,7.1,3.714645214
2022-23,19,227,Bamford,FWD,LEE,7.2,2.241167076
2022-23,19,66,Solanke,FWD,BOU,5.7,3.433654902
2022-23,19,411,C Adams,FWD,SOU,6.3,3.841427432
2022-23,19,191,Calvert-Lewin,FWD,EVE,7.9,2.513774042
2022-23,19,103,Welbeck,FWD,BHA,6.5,2.601639768
2022-23,19,617,Aubameyang,FWD,CHE,8.6,5.139482608
2022-23,19,529,Scamacca,FWD,WHU,6.7,3.265245833
2022-23,19,394,Brennan Johnson,FWD,NFO,5.6,3.324399198
2022-23,19,95,Mbeumo,FWD,BRE,5.8,2.863743013
2022-23,19,279,Firmino,FWD,LIV,8.0,0.76005135
2022-23,19,476,Jimenez,FWD,WOL,6.7,2.883287023
2022-23,19,11,Nketiah,FWD,ARS,6.5,3.318221545
2022-23,19,594,Isak,FWD,NEW,6.6,0.231183508
2022-23,19,408,A Armstrong,FWD,SOU,5.5,3.109666382
2022-23,19,255,Vardy,FWD,LEI,9.1,3.51923002
2022-23,19,166,Edouard,FWD,CRY,5.2,2.675421779
2022-23,19,271,Daka,FWD,LEI,5.7,1.683520827
2022-23,19,356,C Wilson,FWD,NEW,7.2,2.231126523
2022-23,19,30,Ings,FWD,AVL,6.5,2.523527474
2022-23,19,397,Awoniyi,FWD,NFO,5.7,3.075294139
2022-23,19,319,Alvarez,FWD,MCI,6.0,1.742913459
2022-23,19,110,Maupay,FWD,EVE,6.0,2.78506917
2022-23,19,262,Iheanacho,FWD,LEI,6.1,2.684881178
2022-23,19,454,Richarlison,FWD,TOT,8.4,0.0
2022-23,19,625,Costa,FWD,WOL,5.5,1.410655928
2022-23,19,618,Vinicius,FWD,FUL,5.5,2.48051359
2022-23,19,150,Broja,FWD,CHE,5.3,0.0
2022-23,19,608,Kalajdzic,FWD,WOL,5.3,0.0
2022-23,19,288,Jota,FWD,LIV,8.8,0.0
2022-23,19,515,Lewis-Potter,FWD,BRE,5.2,1.592824392
2022-23,19,596,E Ferguson,FWD,BHA,4.5,0.0035975
2022-23,19,682,Cunha,FWD,WOL,5.5,0.003608364
2022-23,19,591,Ablade,FWD,FUL,4.5,0.007103042
2022-23,19,634,J Gordon,FWD,CRY,4.5,0.003620659
2022-23,19,659,Mateo,FWD,LEE,4.5,0.003505513
2022-23,19,660,Shoretire,FWD,MUN,4.5,0.003490912
2022-23,19,671,Morgan,FWD,SOU,4.5,0.003588627
2022-23,19,662,Cannon,FWD,EVE,4.5,0.00338889
2022-23,19,663,Perkins,FWD,LEE,4.5,0.003394627
2022-23,19,447,Scarlett,FWD,TOT,4.5,0.003341871
2022-23,19,666,D Taylor,FWD,NFO,4.5,0.003255231
2022-23,19,669,Mubama,FWD,WHU,4.5,0.00317531
2022-23,19,657,N Fraser,FWD,WOL,4.5,0.003086148
2022-23,19,354,Wood,FWD,NEW,5.6,2.431096784
2022-23,19,125,Enciso,FWD,BHA,4.7,0.078276822
2022-23,19,458,Antonio,FWD,WHU,7.0,1.843317452
2022-23,19,619,Gnonto,FWD,LEE,5.0,0.491155467
2022-23,19,391,Surridge,FWD,NFO,4.7,0.840273616
2022-23,19,237,Greenwood,FWD,LEE,4.2,1.31534642
2022-23,19,585,E Dennis,FWD,NFO,5.8,2.078444729
2022-23,19,242,Gelhardt,FWD,LEE,5.1,0.76872501
2022-23,19,123,Undav,FWD,BHA,5.1,0.655112504
2022-23,19,528,Mara,FWD,SOU,5.3,1.003986659
2022-23,19,168,Mateta,FWD,CRY,5.2,1.577391393
2022-23,19,54,Archer,FWD,AVL,4.2,0.439468243
2022-23,19,62,Kieffer Moore,FWD,BOU,5.4,1.852560173
2022-23,2,281,Alisson,GK,LIV,5.5,4.613978243
2022-23,2,307,Ederson,GK,MCI,5.5,4.633576888
2022-23,2,15,Ramsdale,GK,ARS,5.0,4.00924593
2022-23,2,31,E Martinez,GK,AVL,5.0,4.439429177
2022-23,2,113,R Sanchez,GK,BHA,4.5,3.988388175
2022-23,2,147,E Mendy,GK,CHE,5.0,3.329597895
2022-23,2,81,Raya,GK,BRE,4.5,3.232468693
2022-23,2,425,Lloris,GK,TOT,5.5,3.0701175
2022-23,2,182,Pickford,GK,EVE,4.5,3.501551853
2022-23,2,238,Meslier,GK,LEE,4.5,3.92050819
2022-23,2,327,de Gea,GK,MUN,5.0,3.796583973
2022-23,2,478,Sa,GK,WOL,5.0,4.191832186
2022-23,2,376,Pope,GK,NEW,5.0,3.342990944
2022-23,2,398,D Henderson,GK,NFO,4.5,3.356548586
2022-23,2,152,Guaita,GK,CRY,4.5,2.105941933
2022-23,2,2,Leno,GK,FUL,4.5,2.259619774
2022-23,2,455,Fabianski,GK,WHU,5.0,1.708122862
2022-23,2,422,Bazunu,GK,SOU,4.5,3.251009925
2022-23,2,254,D Ward,GK,LEI,4.0,2.100397871
2022-23,2,574,N Neto,GK,BOU,4.5,1.068516871
2022-23,2,473,Areola,GK,WHU,4.5,2.175364522
2022-23,2,355,Dubravka,GK,NEW,4.5,0.538697007
2022-23,2,548,Iversen,GK,LEI,4.0,0.415063928
2022-23,2,213,Rodak,GK,FUL,4.5,1.191230068
2022-23,2,175,Johnstone,GK,CRY,4.5,0.21437583
2022-23,2,401,McCarthy,GK,SOU,4.5,0.326394364
2022-23,2,324,Ortega,GK,MCI,4.0,0.152058659
2022-23,2,133,Kepa,GK,CHE,4.5,0.115625485
2022-23,2,72,Travers,GK,BOU,4.5,0.482527116
2022-23,2,289,Kelleher,GK,LIV,4.0,0.047144952
2022-23,2,24,Turner,GK,ARS,4.0,0.100669025
2022-23,2,517,Strakosha,GK,BRE,4.5,0.099843096
2022-23,2,426,Forster,GK,TOT,4.0,0.062688294
2022-23,2,176,Begovic,GK,EVE,4.0,0.078926542
2022-23,2,35,Olsen,GK,AVL,4.0,0.08263593
2022-23,2,492,Sarkic,GK,WOL,4.0,0.079371706
2022-23,2,348,Heaton,GK,MUN,4.0,0.070605586
2022-23,2,236,Klaesson,GK,LEE,4.0,0.067620305
2022-23,2,542,Scherpen,GK,BHA,4.0,0.039185106
2022-23,2,102,Steele,GK,BHA,4.0,0.038996004
2022-23,2,497,Adrian,GK,LIV,4.0,0.091060864
2022-23,2,518,Hennessey,GK,NFO,4.0,0.064138326
2022-23,2,502,Carson,GK,MCI,4.0,0.009435605
2022-23,2,451,Austin,GK,TOT,4.0,0.00614072
2022-23,2,571,Randolph,GK,WHU,4.0,0.007690074
2022-23,2,162,Butland,GK,CRY,4.5,0.004817308
2022-23,2,207,Gazzaniga,GK,FUL,4.0,0.007119369
2022-23,2,421,Lis,GK,SOU,4.0,0.007360163
2022-23,2,578,Robles,GK,LEE,4.0,0.006608869
2022-23,2,77,W Dennis,GK,BOU,4.0,0.003430719
2022-23,2,353,Darlow,GK,NEW,4.0,0.000767292
2022-23,2,424,Caballero,GK,SOU,4.0,0.000677633
2022-23,2,557,Jackson Smith,GK,WOL,4.0,0.003973827
2022-23,2,285,Trent,DEF,LIV,7.5,6.081759945
2022-23,2,306,Cancelo,DEF,MCI,7.0,6.233344017
2022-23,2,284,Robertson,DEF,LIV,7.0,5.201717748
2022-23,2,312,Dias,DEF,MCI,6.0,5.107243266
2022-23,2,280,van Dijk,DEF,LIV,6.5,4.705517666
2022-23,2,146,R James,DEF,CHE,6.0,3.965999224
2022-23,2,299,Walker,DEF,MCI,5.0,4.541597018
2022-23,2,276,Matip,DEF,LIV,6.0,1.792387068
2022-23,2,139,Chilwell,DEF,CHE,6.0,3.139759836
2022-23,2,16,Gabriel,DEF,ARS,5.0,3.768826454
2022-23,2,33,Digne,DEF,AVL,5.0,4.324382284
2022-23,2,106,Dunk,DEF,BHA,4.5,3.851740555
2022-23,2,457,Cresswell,DEF,WHU,5.0,3.769341766
2022-23,2,308,Ake,DEF,MCI,5.0,4.844278945
2022-23,2,520,Koulibaly,DEF,CHE,5.5,3.274946351
2022-23,2,128,T Silva,DEF,CHE,5.5,3.256863985
2022-23,2,313,Zinchenko,DEF,ARS,5.1,3.66634926
2022-23,2,112,Cucurella,DEF,CHE,5.0,2.567606415
2022-23,2,43,Cash,DEF,AVL,5.0,4.014588312
2022-23,2,108,Webster,DEF,BHA,4.5,3.552506069
2022-23,2,109,Veltman,DEF,BHA,4.5,3.568148273
2022-23,2,443,Romero,DEF,TOT,5.0,2.680304389
2022-23,2,78,Jansson,DEF,BRE,4.5,3.002644205
2022-23,2,10,B White,DEF,ARS,4.5,3.411490327
2022-23,2,367,Targett,DEF,NEW,5.0,3.177858221
2022-23,2,127,Azpilicueta,DEF,CHE,5.0,2.997731632
2022-23,2,50,Carlos,DEF,AVL,5.0,3.742602114
2022-23,2,461,Zouma,DEF,WHU,4.5,3.401119935
2022-23,2,459,Dawson,DEF,WHU,5.0,2.199254585
2022-23,2,165,Andersen,DEF,CRY,4.5,1.981422448
2022-23,2,430,Dier,DEF,TOT,5.0,2.527260515
2022-23,2,526,Mee,DEF,BRE,4.5,2.823063263
2022-23,2,199,Tarkowski,DEF,EVE,4.5,2.787527812
2022-23,2,44,Konsa,DEF,AVL,4.5,3.386374227
2022-23,2,429,Doherty,DEF,TOT,5.0,1.498496974
2022-23,2,448,Perisic,DEF,TOT,5.5,1.535618904
2022-23,2,357,Trippier,DEF,NEW,5.0,2.901987308
2022-23,2,377,Botman,DEF,NEW,4.5,2.631898536
2022-23,2,409,Walker-Peters,DEF,SOU,4.5,3.351526124
2022-23,2,463,Coufal,DEF,WHU,4.5,3.326503965
2022-23,2,209,Adarabioyo,DEF,FUL,4.5,3.075972581
2022-23,2,487,Ait-Nouri,DEF,WOL,4.5,3.777561774
2022-23,2,366,Schar,DEF,NEW,4.5,2.62919723
2022-23,2,432,Ben T Davies,DEF,TOT,5.0,2.520275721
2022-23,2,26,Saliba,DEF,ARS,4.5,2.921927033
2022-23,2,244,Kristensen,DEF,LEE,5.0,2.801611894
2022-23,2,523,Toffolo,DEF,NFO,4.5,3.157028996
2022-23,2,14,Tomiyasu,DEF,ARS,4.5,1.045905623
2022-23,2,167,Guehi,DEF,CRY,4.5,1.779970037
2022-23,2,410,Bednarek,DEF,SOU,4.5,3.147379543
2022-23,2,484,Kilman,DEF,WOL,4.5,3.392195146
2022-23,2,516,Collins,DEF,WOL,4.5,3.38451614
2022-23,2,8,Tierney,DEF,ARS,5.0,1.358199396
2022-23,2,302,Stones,DEF,MCI,5.5,1.894606242
2022-23,2,436,Sessegnon,DEF,TOT,4.5,2.38492108
2022-23,2,510,Hickey,DEF,BRE,5.0,2.562507528
2022-23,2,258,Castagne,DEF,LEI,4.5,2.159181301
2022-23,2,330,Maguire,DEF,MUN,5.0,2.594984936
2022-23,2,268,Justin,DEF,LEI,4.5,2.117872663
2022-23,2,192,Holgate,DEF,EVE,4.5,2.41725912
2022-23,2,194,Mykolenko,DEF,EVE,4.5,2.523396925
2022-23,2,533,L Martinez,DEF,MUN,4.5,2.462783096
2022-23,2,217,Robinson,DEF,FUL,4.5,2.73551326
2022-23,2,249,Evans,DEF,LEI,4.5,2.031569173
2022-23,2,228,Llorente,DEF,LEE,4.5,2.535443504
2022-23,2,309,Laporte,DEF,MCI,6.0,0.0
2022-23,2,477,Jonny,DEF,WOL,4.5,3.613773237
2022-23,2,92,Pinnock,DEF,BRE,4.5,0.0
2022-23,2,513,Lenglet,DEF,TOT,5.0,0.343985214
2022-23,2,332,Shaw,DEF,MUN,5.0,2.03606787
2022-23,2,85,Henry,DEF,BRE,4.5,2.750630292
2022-23,2,170,Mitchell,DEF,CRY,4.5,1.734497819
2022-23,2,272,Fofana,DEF,LEI,4.5,2.03847211
2022-23,2,286,J Gomez,DEF,LIV,4.5,3.206630538
2022-23,2,342,Dalot,DEF,MUN,4.5,2.234917422
2022-23,2,295,N Williams,DEF,NFO,4.0,2.89617543
2022-23,2,197,Patterson,DEF,EVE,4.0,2.381979685
2022-23,2,76,Zemura,DEF,BOU,4.5,1.325434509
2022-23,2,73,Kelly,DEF,BOU,4.5,1.30147223
2022-23,2,482,Semedo,DEF,WOL,5.0,0.982825434
2022-23,2,420,Salisu,DEF,SOU,4.5,2.813960225
2022-23,2,388,Worrall,DEF,NFO,4.5,2.691771002
2022-23,2,576,Senesi,DEF,BOU,4.5,0.571537023
2022-23,2,532,Mbabu,DEF,FUL,4.5,1.768243189
2022-23,2,358,Burn,DEF,NEW,4.5,1.969280187
2022-23,2,114,Lamptey,DEF,BHA,4.5,2.608282728
2022-23,2,507,Niakhate,DEF,NFO,4.5,3.083468777
2022-23,2,157,Clyne,DEF,CRY,4.5,1.473464282
2022-23,2,82,Canos,DEF,BRE,5.0,0.0
2022-23,2,329,Varane,DEF,MUN,5.0,1.441507457
2022-23,2,180,Keane,DEF,EVE,4.5,1.059943383
2022-23,2,399,Biancone,DEF,NFO,4.5,2.727099208
2022-23,2,475,Coady,DEF,EVE,5.0,1.253961638
2022-23,2,105,Duffy,DEF,FUL,4.5,1.073197848
2022-23,2,445,Emerson R,DEF,TOT,5.0,1.340478311
2022-23,2,201,Ream,DEF,FUL,4.5,1.943065201
2022-23,2,235,Struijk,DEF,LEE,4.5,2.408007904
2022-23,2,141,T Chalobah,DEF,CHE,4.9,0.858379059
2022-23,2,474,Boly,DEF,WOL,4.5,1.684588054
2022-23,2,385,McKenna,DEF,NFO,4.5,0.0
2022-23,2,341,Wan-Bissaka,DEF,MUN,4.5,1.177768015
2022-23,2,471,Ben Johnson,DEF,WHU,4.5,2.389777125
2022-23,2,39,Mings,DEF,AVL,4.5,0.884520929
2022-23,2,504,Malacia,DEF,MUN,4.5,1.618942784
2022-23,2,221,Cooper,DEF,LEE,4.5,1.063371506
2022-23,2,267,Soyuncu,DEF,LEI,4.5,0.773830748
2022-23,2,456,Ogbonna,DEF,WHU,4.5,0.0
2022-23,2,292,Tsimikas,DEF,LIV,4.5,0.071620294
2022-23,2,423,Bella-Kotchap,DEF,SOU,4.5,1.900747069
2022-23,2,215,Tete,DEF,FUL,4.5,2.145555958
2022-23,2,57,A Smith,DEF,BOU,4.5,1.041156817
2022-23,2,559,Colwill,DEF,BHA,4.5,0.485019906
2022-23,2,270,Thomas,DEF,LEI,4.5,1.010264101
2022-23,2,470,Diop,DEF,FUL,4.5,0.261826459
2022-23,2,337,Lindelof,DEF,MUN,4.5,0.594548807
2022-23,2,531,Vinagre,DEF,EVE,4.5,1.512036525
2022-23,2,230,Koch,DEF,LEE,4.5,2.095683342
2022-23,2,239,Firpo,DEF,LEE,4.5,0.0
2022-23,2,156,J Ward,DEF,CRY,4.5,0.783969919
2022-23,2,379,S Cook,DEF,NFO,4.5,0.0
2022-23,2,84,Ajer,DEF,BRE,4.5,0.0
2022-23,2,290,Konate,DEF,LIV,5.0,0.0
2022-23,2,91,Sorensen,DEF,BRE,4.5,1.11159855
2022-23,2,298,Ramsay,DEF,LIV,4.0,0.199510258
2022-23,2,71,Mepham,DEF,BOU,4.5,1.016993658
2022-23,2,257,Amartey,DEF,LEI,4.5,0.765449067
2022-23,2,435,D Sanchez,DEF,TOT,4.5,0.415451681
2022-23,2,360,Lascelles,DEF,NEW,4.5,0.272100144
2022-23,2,438,Reguilon,DEF,TOT,4.4,0.218969106
2022-23,2,32,C Chambers,DEF,AVL,4.5,0.308672138
2022-23,2,372,J Lewis,DEF,NEW,4.5,0.178339372
2022-23,2,226,Dallas,DEF,LEE,5.0,0.0
2022-23,2,501,N Phillips,DEF,LIV,4.0,0.0910766
2022-23,2,1,Cedric,DEF,ARS,4.5,0.240438255
2022-23,2,530,C Richards,DEF,CRY,4.5,0.088661311
2022-23,2,525,Augustinsson,DEF,AVL,4.5,0.086564795
2022-23,2,56,Guilbert,DEF,AVL,4.0,0.086143855
2022-23,2,393,Mbe Soh,DEF,NFO,4.5,0.746890528
2022-23,2,59,Fredericks,DEF,BOU,4.5,0.0
2022-23,2,188,Mina,DEF,EVE,4.5,0.0
2022-23,2,322,Wilson-Esbrand,DEF,MCI,4.0,0.090836627
2022-23,2,362,Dummett,DEF,NEW,4.0,0.064985841
2022-23,2,5,Holding,DEF,ARS,4.5,0.32566864
2022-23,2,253,Vestergaard,DEF,LEI,4.0,0.049440991
2022-23,2,208,Kongolo,DEF,FUL,4.0,0.063016071
2022-23,2,539,Hill,DEF,BOU,4.5,0.05814098
2022-23,2,439,Tanganga,DEF,TOT,4.0,0.005049381
2022-23,2,351,Fernandez,DEF,NEW,4.5,0.006228607
2022-23,2,96,Goode,DEF,BRE,4.0,0.108277135
2022-23,2,339,Bailly,DEF,MUN,4.0,0.006172143
2022-23,2,151,Ampadu,DEF,CHE,4.5,0.198864362
2022-23,2,558,Bueno,DEF,WOL,4.0,0.060950687
2022-23,2,540,Stevens,DEF,BRE,4.0,0.059100236
2022-23,2,153,Tomkins,DEF,CRY,4.0,0.0
2022-23,2,250,Bertrand,DEF,LEI,4.0,0.0
2022-23,2,256,R Pereira,DEF,LEI,4.5,0.0
2022-23,2,419,Livramento,DEF,SOU,4.5,0.0
2022-23,2,38,Hause,DEF,AVL,4.5,0.0
2022-23,2,511,O Richards,DEF,NFO,4.5,0.0
2022-23,2,193,Godfrey,DEF,EVE,4.5,0.0
2022-23,2,472,Aguerd,DEF,WHU,5.0,0.0
2022-23,2,198,Nkounkou,DEF,EVE,4.0,0.05014309
2022-23,2,328,P Jones,DEF,MUN,4.0,0.00546794
2022-23,2,489,Toti,DEF,WOL,4.0,0.128858244
2022-23,2,573,R Lewis,DEF,MCI,4.0,0.004751653
2022-23,2,563,L Chambers,DEF,LIV,4.0,0.004494813
2022-23,2,320,Mbete,DEF,MCI,4.0,0.004470409
2022-23,2,500,van den Berg,DEF,LIV,4.0,0.004334804
2022-23,2,543,Clarke,DEF,BHA,4.0,0.004102687
2022-23,2,544,van Hecke,DEF,BHA,4.0,0.003965364
2022-23,2,555,Ashby,DEF,WHU,4.0,0.003903411
2022-23,2,222,Ayling,DEF,LEE,4.5,0.0
2022-23,2,386,Drager,DEF,NFO,4.0,0.00382078
2022-23,2,273,Brunt,DEF,LEI,4.0,0.003063717
2022-23,2,138,Kenedy,DEF,CHE,4.0,0.046650112
2022-23,2,545,Emerson P,DEF,CHE,4.0,0.044125623
2022-23,2,522,Spence,DEF,TOT,4.5,0.040586052
2022-23,2,350,Ritchie,DEF,NEW,4.5,0.203279986
2022-23,2,547,Drameh,DEF,LEE,4.0,0.202799448
2022-23,2,243,Hjelde,DEF,LEE,4.0,0.081549855
2022-23,2,343,B Williams,DEF,MUN,4.0,0.093639484
2022-23,2,364,Krafth,DEF,NEW,4.5,0.089945093
2022-23,2,494,Mosquera,DEF,WOL,4.0,0.097190603
2022-23,2,174,N Ferguson,DEF,CRY,4.0,0.0
2022-23,2,65,Stacey,DEF,BOU,4.5,0.121091442
2022-23,2,206,Bryan,DEF,FUL,4.5,0.405523906
2022-23,2,90,Roerslev,DEF,BRE,4.5,0.721042801
2022-23,2,363,Manquillo,DEF,NEW,4.5,0.086110195
2022-23,2,404,Stephens,DEF,SOU,4.5,0.926678845
2022-23,2,178,Coleman,DEF,EVE,4.5,0.373193751
2022-23,2,417,Perraud,DEF,SOU,4.5,1.477748578
2022-23,2,413,Lyanco,DEF,SOU,4.5,0.0
2022-23,2,414,Valery,DEF,SOU,4.0,0.778893753
2022-23,2,538,Young,DEF,AVL,4.5,0.628020636
2022-23,2,283,Salah,MID,LIV,13.0,6.555405449
2022-23,2,301,De Bruyne,MID,MCI,12.0,6.120749754
2022-23,2,428,Son,MID,TOT,12.0,3.875714801
2022-23,2,304,Sterling,MID,CHE,10.0,4.185992606
2022-23,2,314,Foden,MID,MCI,8.0,5.511673328
2022-23,2,333,Fernandes,MID,MUN,10.0,4.548731311
2022-23,2,13,Saka,MID,ARS,8.0,4.846768677
2022-23,2,261,Maddison,MID,LEI,8.0,3.716519742
2022-23,2,465,Bowen,MID,WHU,8.5,4.585268526
2022-23,2,142,Mount,MID,CHE,8.0,3.79560691
2022-23,2,293,Diaz,MID,LIV,8.0,4.425202323
2022-23,2,111,Trossard,MID,BHA,6.5,3.732516155
2022-23,2,407,Ward-Prowse,MID,SOU,6.5,4.622747324
2022-23,2,303,Mahrez,MID,MCI,8.0,4.185453695
2022-23,2,19,Martinelli,MID,ARS,6.1,4.417838707
2022-23,2,160,Zaha,MID,CRY,7.0,2.955475642
2022-23,2,340,Sancho,MID,MUN,7.5,3.837305672
2022-23,2,7,Odegaard,MID,ARS,6.5,3.994600484
2022-23,2,468,Soucek,MID,WHU,5.5,3.684067901
2022-23,2,486,P Neto,MID,WOL,5.5,4.358457847
2022-23,2,527,Lingard,MID,NFO,6.0,3.571310285
2022-23,2,368,Saint-Maximin,MID,NEW,6.5,3.284261652
2022-23,2,335,Rashford,MID,MUN,6.5,3.634178381
2022-23,2,374,Guimaraes,MID,NEW,6.0,3.259118999
2022-23,2,305,Grealish,MID,MCI,7.0,3.817372443
2022-23,2,29,Coutinho,MID,AVL,7.0,3.657712694
2022-23,2,300,Gundogan,MID,MCI,7.5,3.817969923
2022-23,2,116,Mac Allister,MID,BHA,5.5,3.022309573
2022-23,2,315,Rodri,MID,MCI,6.0,3.657411715
2022-23,2,225,Rodrigo,MID,LEE,6.0,3.485663809
2022-23,2,493,Gibbs-White,MID,WOL,5.5,4.122503987
2022-23,2,195,Gordon,MID,EVE,5.5,2.907723681
2022-23,2,483,Podence,MID,WOL,5.5,3.975031712
2022-23,2,45,Bailey,MID,AVL,5.0,3.424895718
2022-23,2,446,Kulusevski,MID,TOT,8.1,2.478846135
2022-23,2,259,Tielemans,MID,LEI,6.5,2.747699404
2022-23,2,37,McGinn,MID,AVL,5.5,3.383608807
2022-23,2,311,B Silva,MID,MCI,7.0,3.480823147
2022-23,2,189,D Gray,MID,EVE,5.5,2.829731612
2022-23,2,373,Willock,MID,NEW,5.0,2.905205461
2022-23,2,480,Neves,MID,WOL,5.5,3.594057795
2022-23,2,371,Joelinton,MID,NEW,6.0,2.82495618
2022-23,2,481,Hwang,MID,WOL,6.0,3.967205554
2022-23,2,79,Norgaard,MID,BRE,5.5,2.742398887
2022-23,2,6,Partey,MID,ARS,5.0,2.991041813
2022-23,2,205,Reid,MID,FUL,5.5,2.913357651
2022-23,2,104,Gross,MID,BHA,5.5,2.936178073
2022-23,2,469,Fornals,MID,WHU,5.5,3.151608988
2022-23,2,120,Caicedo,MID,BHA,5.0,2.67731109
2022-23,2,508,Sinisterra,MID,LEE,6.5,1.066953741
2022-23,2,282,Fabinho,MID,LIV,5.5,2.835487376
2022-23,2,185,A Doucoure,MID,EVE,5.5,2.718743341
2022-23,2,331,Fred,MID,MUN,5.5,2.889461045
2022-23,2,467,Rice,MID,WHU,5.0,2.830372238
2022-23,2,275,J Henderson,MID,LIV,5.5,2.821668688
2022-23,2,169,Eze,MID,CRY,5.5,2.341586781
2022-23,2,534,McNeil,MID,EVE,5.5,2.520451602
2022-23,2,3,Xhaka,MID,ARS,5.0,2.785523855
2022-23,2,130,Jorginho,MID,CHE,6.0,2.84311907
2022-23,2,70,Billing,MID,BOU,5.5,2.093128506
2022-23,2,246,Aaronson,MID,LEE,5.5,2.768570239
2022-23,2,107,March,MID,BHA,5.0,2.697386375
2022-23,2,575,Cornet,MID,WHU,6.0,1.77783566
2022-23,2,86,Janelt,MID,BRE,5.5,2.684734772
2022-23,2,204,Kebano,MID,FUL,5.5,2.647754285
2022-23,2,287,Keita,MID,LIV,5.0,2.661191713
2022-23,2,535,Tavernier,MID,BOU,5.0,2.044855567
2022-23,2,346,A Pereira,MID,FUL,4.5,2.556044151
2022-23,2,47,Ramsey,MID,AVL,5.5,2.706750976
2022-23,2,479,Dendoncker,MID,WOL,5.0,3.235600461
2022-23,2,338,McTominay,MID,MUN,5.0,1.801821904
2022-23,2,264,Barnes,MID,LEI,7.0,0.0
2022-23,2,433,Hojbjerg,MID,TOT,5.5,2.145625052
2022-23,2,88,Jensen,MID,BRE,5.0,2.68582355
2022-23,2,89,Wissa,MID,BRE,5.5,2.933938344
2022-23,2,266,Dewsbury-Hall,MID,LEI,5.0,2.27802718
2022-23,2,140,Pulisic,MID,CHE,6.0,1.939228591
2022-23,2,220,Palhinha,MID,FUL,5.0,2.491748016
2022-23,2,512,Aribo,MID,SOU,5.5,2.648268636
2022-23,2,464,Benrahma,MID,WHU,6.0,2.809721334
2022-23,2,134,Kante,MID,CHE,5.0,2.347862759
2022-23,2,233,Harrison,MID,LEE,6.0,2.62387305
2022-23,2,519,Eriksen,MID,MUN,6.5,3.028078216
2022-23,2,186,Iwobi,MID,EVE,5.5,2.380182595
2022-23,2,245,Roca,MID,LEE,5.0,2.457354884
2022-23,2,161,Schlupp,MID,CRY,5.0,2.247906153
2022-23,2,64,Lerma,MID,BOU,5.0,1.935756204
2022-23,2,265,Ndidi,MID,LEI,5.0,2.183948132
2022-23,2,159,Ayew,MID,CRY,5.5,2.182913137
2022-23,2,369,Almiron,MID,NEW,5.0,2.199500226
2022-23,2,405,S Armstrong,MID,SOU,5.0,2.598340555
2022-23,2,440,Bentancur,MID,TOT,5.5,1.919645825
2022-23,2,403,Redmond,MID,SOU,5.5,2.51356339
2022-23,2,503,Moutinho,MID,WOL,5.0,0.0
2022-23,2,53,Kamara,MID,AVL,5.0,2.39274954
2022-23,2,460,Lanzini,MID,WHU,5.5,2.520305608
2022-23,2,536,Mangala,MID,NFO,5.0,2.192408846
2022-23,2,524,O'Brien,MID,NFO,5.0,2.277117139
2022-23,2,200,Cairney,MID,FUL,5.0,2.302001827
2022-23,2,514,C Doucoure,MID,CRY,5.0,2.016731449
2022-23,2,402,Romeu,MID,SOU,5.0,2.394485756
2022-23,2,212,H Wilson,MID,FUL,6.0,0.0
2022-23,2,42,Buendia,MID,AVL,6.0,2.129320228
2022-23,2,359,Fraser,MID,NEW,5.5,1.987037256
2022-23,2,118,Mwepu,MID,BHA,5.5,1.87968985
2022-23,2,506,T Adams,MID,LEE,5.0,2.192026031
2022-23,2,211,Reed,MID,FUL,4.5,2.133611603
2022-23,2,75,Anthony,MID,BOU,5.5,1.357088846
2022-23,2,46,Douglas Luiz,MID,AVL,5.0,2.066073673
2022-23,2,387,Yates,MID,NFO,5.0,0.0
2022-23,2,181,Alli,MID,EVE,5.5,1.967803076
2022-23,2,132,Kovacic,MID,CHE,5.0,0.0
2022-23,2,580,Damsgaard,MID,BRE,5.5,0.933989931
2022-23,2,579,Guedes,MID,WOL,6.0,0.759131843
2022-23,2,135,Ziyech,MID,CHE,5.9,1.192428866
2022-23,2,406,Elyounoussi,MID,SOU,5.5,1.635354166
2022-23,2,231,D James,MID,LEE,6.0,1.915633739
2022-23,2,294,Elliott,MID,LIV,5.0,1.938649043
2022-23,2,214,Cavaleiro,MID,FUL,5.0,1.619735866
2022-23,2,12,Smith Rowe,MID,ARS,5.9,0.769105104
2022-23,2,321,Lavia,MID,SOU,4.5,2.143130317
2022-23,2,25,Vieira,MID,ARS,5.9,0.877600436
2022-23,2,577,Onana,MID,EVE,5.0,0.338458538
2022-23,2,171,Olise,MID,CRY,5.5,0.492678086
2022-23,2,344,Elanga,MID,MUN,5.0,2.124722615
2022-23,2,154,McArthur,MID,CRY,5.0,0.0
2022-23,2,444,Bissouma,MID,TOT,5.0,1.609677121
2022-23,2,296,Carvalho,MID,LIV,5.5,1.058793153
2022-23,2,277,Thiago,MID,LIV,5.4,0.0
2022-23,2,60,Brooks,MID,BOU,5.5,0.0
2022-23,2,69,Christie,MID,BOU,5.5,1.219531176
2022-23,2,274,Milner,MID,LIV,4.5,1.62004284
2022-23,2,124,Mitoma,MID,BHA,5.0,0.32240606
2022-23,2,144,Hudson-Odoi,MID,CHE,5.5,0.694411173
2022-23,2,549,Praet,MID,LEI,5.0,0.193484883
2022-23,2,117,Moder,MID,BHA,4.5,0.0
2022-23,2,349,Shelvey,MID,NEW,5.0,0.0
2022-23,2,490,Chiquinho,MID,WOL,5.0,0.0
2022-23,2,278,Chamberlain,MID,LIV,5.0,0.0
2022-23,2,179,Townsend,MID,EVE,5.5,0.0
2022-23,2,316,Palmer,MID,MCI,4.5,0.0
2022-23,2,546,Harris,MID,FUL,4.5,0.004050272
2022-23,2,552,Anderson,MID,NEW,4.5,0.003865373
2022-23,2,570,Garner,MID,MUN,4.5,0.003848357
2022-23,2,452,Devine,MID,TOT,4.5,0.003548864
2022-23,2,569,Garnacho,MID,MUN,4.5,0.00381799
2022-23,2,347,Pellistri,MID,MUN,4.5,0.003807736
2022-23,2,449,H White,MID,TOT,4.5,0.003538425
2022-23,2,567,Ronan,MID,WOL,4.5,0.003952596
2022-23,2,566,Hodge,MID,WOL,4.5,0.003930833
2022-23,2,560,Mills,MID,EVE,4.5,0.003581
2022-23,2,553,Hammond,MID,NFO,4.5,0.003718898
2022-23,2,572,Oko-Flex,MID,WHU,4.5,0.003706981
2022-23,2,551,Iqbal,MID,MUN,4.5,0.003588483
2022-23,2,564,Bajcetic,MID,LIV,4.5,0.003601538
2022-23,2,27,Marquinhos,MID,ARS,5.0,0.052383901
2022-23,2,509,Downes,MID,WHU,4.5,0.003483247
2022-23,2,561,Warrington,MID,EVE,4.5,0.003382324
2022-23,2,556,Coventry,MID,WHU,4.5,0.003450924
2022-23,2,23,Nelson,MID,ARS,5.0,0.05147692
2022-23,2,101,Lallana,MID,BHA,5.0,1.559402487
2022-23,2,148,Gallagher,MID,CHE,6.0,0.786728765
2022-23,2,554,Bryan Gil,MID,TOT,5.0,0.04219088
2022-23,2,4,Elneny,MID,ARS,4.5,0.097734129
2022-23,2,240,Summerville,MID,LEE,4.5,0.044110402
2022-23,2,49,Iroegbunam,MID,AVL,4.5,0.017142501
2022-23,2,119,Sarmiento,MID,BHA,4.5,0.041976358
2022-23,2,565,A Gray,MID,LEE,4.5,0.043444805
2022-23,2,126,Kozlowski,MID,BHA,4.5,0.041412809
2022-23,2,505,Rothwell,MID,BOU,5.0,0.0
2022-23,2,202,Knockaert,MID,FUL,5.0,0.041543091
2022-23,2,384,Lolley,MID,NFO,5.0,0.09497137
2022-23,2,172,Rak-Sakyi,MID,CRY,4.5,0.036623717
2022-23,2,247,Gyabi,MID,LEE,4.5,0.039952196
2022-23,2,36,Sanson,MID,AVL,4.5,0.095611267
2022-23,2,521,Francois,MID,FUL,4.5,0.036866029
2022-23,2,21,Maitland-Niles,MID,ARS,5.0,0.090476915
2022-23,2,34,B Traore,MID,AVL,5.0,0.094651945
2022-23,2,51,El Ghazi,MID,AVL,5.0,0.093632033
2022-23,2,251,Albrighton,MID,LEI,5.0,1.022641231
2022-23,2,187,Gbamin,MID,EVE,4.5,0.080818117
2022-23,2,48,Chukwuemeka,MID,CHE,4.5,0.078127584
2022-23,2,184,Gomes,MID,EVE,4.5,0.077602102
2022-23,2,131,Barkley,MID,CHE,5.0,0.172546868
2022-23,2,260,Perez,MID,LEI,5.0,0.359557911
2022-23,2,562,Solomon,MID,FUL,5.0,0.0
2022-23,2,434,Winks,MID,TOT,4.5,0.068684539
2022-23,2,115,Alzate,MID,BHA,4.5,0.171072359
2022-23,2,63,Marcondes,MID,BOU,5.0,0.149832854
2022-23,2,136,Loftus-Cheek,MID,CHE,5.0,0.812150643
2022-23,2,291,C Jones,MID,LIV,5.0,0.0
2022-23,2,9,Pepe,MID,ARS,5.4,1.25530859
2022-23,2,74,Dembele,MID,BOU,5.0,0.147203828
2022-23,2,431,Lucas Moura,MID,TOT,6.0,1.358170496
2022-23,2,568,Campbell,MID,WOL,4.5,1.3963651
2022-23,2,87,Ghoddos,MID,BRE,5.0,0.254914748
2022-23,2,441,Skipp,MID,TOT,4.5,0.0
2022-23,2,450,P Sarr,MID,TOT,4.5,0.137397928
2022-23,2,378,Arter,MID,NFO,4.5,0.154534581
2022-23,2,395,Mighten,MID,NFO,5.0,0.234215578
2022-23,2,18,Lokonga,MID,ARS,4.5,0.248616463
2022-23,2,216,Onomah,MID,FUL,4.5,0.412748031
2022-23,2,241,Bate,MID,LEE,4.5,0.340815149
2022-23,2,269,Soumare,MID,LEI,4.5,0.41791876
2022-23,2,252,N Mendy,MID,LEI,4.5,0.321858423
2022-23,2,400,Walcott,MID,SOU,5.0,0.166647231
2022-23,2,418,Djenepo,MID,SOU,5.0,1.476242986
2022-23,2,158,Milivojevic,MID,CRY,4.5,0.885689272
2022-23,2,381,Colback,MID,NFO,4.5,2.238312307
2022-23,2,485,Cundle,MID,WOL,4.5,1.228116201
2022-23,2,83,Dasilva,MID,BRE,4.5,0.710866799
2022-23,2,149,Gilmour,MID,CHE,4.5,0.391774891
2022-23,2,325,K Phillips,MID,MCI,5.0,0.331915894
2022-23,2,223,Klich,MID,LEE,5.0,0.829692814
2022-23,2,365,Murphy,MID,NEW,4.5,1.276329107
2022-23,2,164,Riedewald,MID,CRY,4.5,0.370962003
2022-23,2,94,Baptiste,MID,BRE,4.5,0.57994487
2022-23,2,491,A Traore,MID,WOL,5.5,0.0
2022-23,2,93,Onyeka,MID,BRE,5.0,0.487541544
2022-23,2,336,van de Beek,MID,MUN,5.5,1.344973137
2022-23,2,383,Cafu,MID,NFO,4.5,1.812279312
2022-23,2,58,Stanislas,MID,BOU,5.0,0.972347643
2022-23,2,173,Ebiowei,MID,CRY,4.5,0.445497307
2022-23,2,41,Nakamba,MID,AVL,4.5,0.397860081
2022-23,2,203,N Chalobah,MID,FUL,4.5,0.381725769
2022-23,2,67,L Cook,MID,BOU,5.0,1.369679843
2022-23,2,163,W Hughes,MID,CRY,5.0,0.857031626
2022-23,2,190,T Davies,MID,EVE,5.0,0.90403157
2022-23,2,416,I Diallo,MID,SOU,4.5,0.997667773
2022-23,2,183,Allan,MID,EVE,5.0,0.853847687
2022-23,2,61,Lowe,MID,BOU,5.5,0.786714112
2022-23,2,370,S Longstaff,MID,NEW,4.5,0.701213221
2022-23,2,224,Forshaw,MID,LEE,4.5,0.634111004
2022-23,2,68,Pearson,MID,BOU,4.5,1.087595856
2022-23,2,318,Haaland,FWD,MCI,11.6,6.365108429
2022-23,2,427,Kane,FWD,TOT,11.4,3.973846409
2022-23,2,28,Jesus,FWD,ARS,8.0,5.158858043
2022-23,2,80,Toney,FWD,BRE,7.0,4.040295285
2022-23,2,227,Bamford,FWD,LEE,7.5,4.687905734
2022-23,2,297,Nunez,FWD,LIV,9.0,3.904332328
2022-23,2,210,Mitrovic,FWD,FUL,6.6,3.871594535
2022-23,2,255,Vardy,FWD,LEI,9.5,3.268955801
2022-23,2,356,C Wilson,FWD,NEW,7.5,3.507980614
2022-23,2,40,Watkins,FWD,AVL,7.4,3.991118877
2022-23,2,145,Havertz,FWD,CHE,8.0,3.19315848
2022-23,2,326,Ronaldo,FWD,MUN,10.5,4.251436965
2022-23,2,66,Solanke,FWD,BOU,6.0,2.737016931
2022-23,2,103,Welbeck,FWD,BHA,6.5,3.156544728
2022-23,2,394,Brennan Johnson,FWD,NFO,6.0,3.385490286
2022-23,2,529,Scamacca,FWD,WHU,7.0,2.506866945
2022-23,2,95,Mbeumo,FWD,BRE,6.0,3.011679959
2022-23,2,397,Awoniyi,FWD,NFO,6.0,3.023642679
2022-23,2,458,Antonio,FWD,WHU,7.5,3.782279582
2022-23,2,30,Ings,FWD,AVL,7.0,3.184930071
2022-23,2,262,Iheanacho,FWD,LEI,6.5,2.461103327
2022-23,2,411,C Adams,FWD,SOU,6.5,2.31683058
2022-23,2,123,Undav,FWD,BHA,5.5,2.395739559
2022-23,2,408,A Armstrong,FWD,SOU,5.5,2.924294195
2022-23,2,279,Firmino,FWD,LIV,8.0,2.749815383
2022-23,2,166,Edouard,FWD,CRY,5.5,2.29985862
2022-23,2,110,Maupay,FWD,BHA,6.5,2.075660755
2022-23,2,345,Martial,FWD,MUN,6.9,0.0
2022-23,2,354,Wood,FWD,NEW,6.0,2.230244581
2022-23,2,168,Mateta,FWD,CRY,5.5,1.99501936
2022-23,2,191,Calvert-Lewin,FWD,EVE,8.0,0.0
2022-23,2,454,Richarlison,FWD,TOT,8.5,1.880838282
2022-23,2,319,Alvarez,FWD,MCI,6.5,2.352420249
2022-23,2,271,Daka,FWD,LEI,6.0,1.898594475
2022-23,2,62,Kieffer Moore,FWD,BOU,5.5,1.91021488
2022-23,2,476,Jimenez,FWD,WOL,7.0,0.0
2022-23,2,11,Nketiah,FWD,ARS,6.9,2.161399096
2022-23,2,288,Jota,FWD,LIV,9.0,0.0
2022-23,2,125,Enciso,FWD,BHA,5.0,0.573140146
2022-23,2,177,Rondon,FWD,EVE,5.0,1.097065938
2022-23,2,515,Lewis-Potter,FWD,BRE,5.5,1.653591083
2022-23,2,150,Broja,FWD,CHE,5.5,0.20330586
2022-23,2,323,Delap,FWD,MCI,4.5,0.002176475
2022-23,2,528,Mara,FWD,SOU,5.5,0.004584349
2022-23,2,550,A Diallo,FWD,MUN,4.5,0.004103395
2022-23,2,219,Stansfield,FWD,FUL,4.5,0.003638133
2022-23,2,447,Scarlett,FWD,TOT,4.5,0.003304945
2022-23,2,52,K Davis,FWD,AVL,5.4,0.048214197
2022-23,2,242,Gelhardt,FWD,LEE,5.5,1.940407334
2022-23,2,54,Archer,FWD,AVL,4.5,0.143536239
2022-23,2,541,Dervisoglu,FWD,BRE,4.5,0.273458186
2022-23,2,218,Muniz,FWD,FUL,5.5,0.688349298
2022-23,2,496,Plange,FWD,CRY,4.5,0.229626352
2022-23,2,237,Greenwood,FWD,LEE,4.5,0.398680687
2022-23,2,391,Surridge,FWD,NFO,5.0,1.369892489
2022-23,2,380,Taylor,FWD,NFO,4.5,1.32846651
2022-23,20,307,Ederson,GK,MCI,5.4,7.200963961
2022-23,20,281,Alisson,GK,LIV,5.5,4.051484305
2022-23,20,327,de Gea,GK,MUN,4.9,6.145792902
2022-23,20,15,Ramsdale,GK,ARS,4.9,3.006636691
2022-23,20,425,Lloris,GK,TOT,5.5,5.625972608
2022-23,20,81,Raya,GK,BRE,4.6,4.753451866
2022-23,20,152,Guaita,GK,CRY,4.5,6.136944624
2022-23,20,133,Kepa,GK,CHE,4.6,4.357203229
2022-23,20,31,E Martinez,GK,AVL,4.9,4.197314318
2022-23,20,376,Pope,GK,NEW,5.4,4.153847413
2022-23,20,113,R Sanchez,GK,BHA,4.6,3.007354231
2022-23,20,238,Meslier,GK,LEE,4.5,3.307419846
2022-23,20,182,Pickford,GK,EVE,4.5,4.080987926
2022-23,20,398,D Henderson,GK,NFO,4.7,3.54274457
2022-23,20,455,Fabianski,GK,WHU,5.0,3.805758801
2022-23,20,478,Sa,GK,WOL,5.0,3.734852105
2022-23,20,2,Leno,GK,FUL,4.5,3.292106341
2022-23,20,254,D Ward,GK,LEI,4.1,3.711004937
2022-23,20,422,Bazunu,GK,SOU,4.5,3.448657292
2022-23,20,574,N Neto,GK,BOU,4.5,2.100795119
2022-23,20,147,E Mendy,GK,CHE,4.8,0.09380284
2022-23,20,72,Travers,GK,BOU,4.3,0.954023277
2022-23,20,473,Areola,GK,WHU,4.3,0.107226223
2022-23,20,548,Iversen,GK,LEI,3.9,0.285425903
2022-23,20,289,Kelleher,GK,LIV,4.0,0.095874287
2022-23,20,324,Ortega,GK,MCI,3.8,0.141375987
2022-23,20,355,Dubravka,GK,NEW,4.2,0.102530962
2022-23,20,175,Johnstone,GK,CRY,4.4,0.157113644
2022-23,20,24,Turner,GK,ARS,3.9,0.057023649
2022-23,20,426,Forster,GK,TOT,3.9,0.108466122
2022-23,20,35,Olsen,GK,AVL,3.9,0.076193232
2022-23,20,102,Steele,GK,BHA,3.9,0.053810466
2022-23,20,518,Hennessey,GK,NFO,3.9,0.065128246
2022-23,20,213,Rodak,GK,FUL,4.3,0.086152695
2022-23,20,401,McCarthy,GK,SOU,4.3,0.034004599
2022-23,20,236,Klaesson,GK,LEE,3.9,0.055945343
2022-23,20,517,Strakosha,GK,BRE,4.3,0.039079545
2022-23,20,492,Sarkic,GK,WOL,3.9,0.066705758
2022-23,20,176,Begovic,GK,EVE,4.0,0.067696541
2022-23,20,633,Cox,GK,BRE,4.0,0.037800097
2022-23,20,502,Carson,GK,MCI,3.8,0.013929062
2022-23,20,497,Adrian,GK,LIV,3.9,0.007450455
2022-23,20,635,Bettinelli,GK,CHE,4.0,0.008445622
2022-23,20,353,Darlow,GK,NEW,3.9,0.008103566
2022-23,20,162,Butland,GK,MUN,4.4,0.011633832
2022-23,20,348,Heaton,GK,MUN,3.9,0.011315083
2022-23,20,451,Austin,GK,TOT,3.9,0.010647534
2022-23,20,571,Randolph,GK,WHU,4.0,0.006977629
2022-23,20,424,Caballero,GK,SOU,3.9,0.030722372
2022-23,20,675,Jordan Smith,GK,NFO,4.0,0.006312607
2022-23,20,578,Robles,GK,LEE,4.0,0.005552658
2022-23,20,670,Marschall,GK,AVL,4.0,0.003600577
2022-23,20,649,Plain,GK,BOU,4.0,0.005791912
2022-23,20,581,Smithies,GK,LEI,4.0,0.006706569
2022-23,20,644,Goodman,GK,CRY,4.0,0.00106129
2022-23,20,590,Whitworth,GK,CRY,4.0,0.000909442
2022-23,20,592,H Davies,GK,LIV,4.0,0.003910248
2022-23,20,656,Bishop,GK,MUN,4.0,0.006461331
2022-23,20,655,Hein,GK,ARS,4.0,0.003167779
2022-23,20,557,Jackson Smith,GK,WOL,3.9,0.003666592
2022-23,20,285,Trent,DEF,LIV,7.3,4.305475429
2022-23,20,306,Cancelo,DEF,MCI,7.2,6.000149196
2022-23,20,16,Gabriel,DEF,ARS,5.2,2.993896502
2022-23,20,284,Robertson,DEF,LIV,6.9,3.680371648
2022-23,20,332,Shaw,DEF,MUN,5.1,6.311075833
2022-23,20,308,Ake,DEF,MCI,5.0,5.819136172
2022-23,20,610,Akanji,DEF,MCI,5.0,6.425239233
2022-23,20,357,Trippier,DEF,NEW,6.0,4.379045779
2022-23,20,26,Saliba,DEF,ARS,5.3,2.74879071
2022-23,20,533,L Martinez,DEF,MUN,4.5,5.761565114
2022-23,20,448,Perisic,DEF,TOT,5.5,5.641556784
2022-23,20,165,Andersen,DEF,CRY,4.5,5.987370271
2022-23,20,377,Botman,DEF,NEW,4.5,4.173347812
2022-23,20,430,Dier,DEF,TOT,5.2,5.216936844
2022-23,20,302,Stones,DEF,MCI,5.4,2.477272076
2022-23,20,128,T Silva,DEF,CHE,5.4,4.167029436
2022-23,20,276,Matip,DEF,LIV,5.9,3.307800423
2022-23,20,366,Schar,DEF,NEW,5.0,4.082339458
2022-23,20,10,B White,DEF,ARS,4.7,2.480867163
2022-23,20,520,Koulibaly,DEF,CHE,5.5,4.07309905
2022-23,20,586,Estupinan,DEF,BHA,4.5,3.225470933
2022-23,20,313,Zinchenko,DEF,ARS,5.0,2.503838365
2022-23,20,167,Guehi,DEF,CRY,4.4,5.544448101
2022-23,20,33,Digne,DEF,AVL,4.6,3.883955408
2022-23,20,106,Dunk,DEF,BHA,4.7,2.908929816
2022-23,20,358,Burn,DEF,NEW,4.5,3.841890631
2022-23,20,280,van Dijk,DEF,LIV,6.5,0.0
2022-23,20,92,Pinnock,DEF,BRE,4.4,4.148109578
2022-23,20,588,Kehrer,DEF,WHU,4.5,3.387493099
2022-23,20,85,Henry,DEF,BRE,4.5,4.128467444
2022-23,20,43,Cash,DEF,AVL,4.6,3.20190475
2022-23,20,44,Konsa,DEF,AVL,4.4,3.539517091
2022-23,20,429,Doherty,DEF,TOT,4.6,4.683709788
2022-23,20,258,Castagne,DEF,LEI,4.6,3.537555803
2022-23,20,39,Mings,DEF,AVL,4.3,3.530586239
2022-23,20,329,Varane,DEF,MUN,4.8,4.53667852
2022-23,20,443,Romero,DEF,TOT,4.9,4.265071875
2022-23,20,457,Cresswell,DEF,WHU,4.8,3.243719355
2022-23,20,109,Veltman,DEF,BHA,4.6,2.476031147
2022-23,20,573,R Lewis,DEF,MCI,3.9,4.074180995
2022-23,20,309,Laporte,DEF,MCI,5.7,3.680307989
2022-23,20,244,Kristensen,DEF,LEE,4.8,2.597172905
2022-23,20,516,Collins,DEF,WOL,4.4,3.458202446
2022-23,20,199,Tarkowski,DEF,EVE,4.3,3.568555251
2022-23,20,628,Aurier,DEF,NFO,4.5,3.079899924
2022-23,20,108,Webster,DEF,BHA,4.5,1.912356763
2022-23,20,484,Kilman,DEF,WOL,4.4,3.410918486
2022-23,20,270,Thomas,DEF,LEI,4.2,3.177781878
2022-23,20,235,Struijk,DEF,LEE,4.5,2.574738337
2022-23,20,612,Faes,DEF,LEI,4.4,3.252160966
2022-23,20,342,Dalot,DEF,MUN,4.7,0.984954031
2022-23,20,312,Dias,DEF,MCI,5.9,0.437854547
2022-23,20,156,J Ward,DEF,CRY,4.5,4.288141749
2022-23,20,112,Cucurella,DEF,CHE,5.2,3.666637561
2022-23,20,475,Coady,DEF,EVE,5.0,3.37216519
2022-23,20,146,R James,DEF,CHE,5.7,0.0
2022-23,20,526,Mee,DEF,BRE,4.6,2.962010364
2022-23,20,194,Mykolenko,DEF,EVE,4.4,3.341987708
2022-23,20,420,Salisu,DEF,SOU,4.4,2.89202394
2022-23,20,170,Mitchell,DEF,CRY,4.4,4.375196444
2022-23,20,513,Lenglet,DEF,TOT,4.8,3.142416339
2022-23,20,417,Perraud,DEF,SOU,4.3,3.071003155
2022-23,20,290,Konate,DEF,LIV,4.8,2.894244606
2022-23,20,230,Koch,DEF,LEE,4.5,2.406361575
2022-23,20,201,Ream,DEF,FUL,4.5,2.508429187
2022-23,20,558,Bueno,DEF,WOL,3.9,2.92510997
2022-23,20,461,Zouma,DEF,WHU,4.4,0.939291379
2022-23,20,576,Senesi,DEF,BOU,4.5,2.436766448
2022-23,20,299,Walker,DEF,MCI,4.8,3.26327827
2022-23,20,432,Ben T Davies,DEF,TOT,4.8,2.894307066
2022-23,20,286,J Gomez,DEF,LIV,4.4,1.703437779
2022-23,20,504,Malacia,DEF,MUN,4.2,4.500659905
2022-23,20,409,Walker-Peters,DEF,SOU,4.4,2.764513788
2022-23,20,141,T Chalobah,DEF,CHE,4.6,1.883864806
2022-23,20,595,Zanka,DEF,BRE,4.0,2.373327864
2022-23,20,157,Clyne,DEF,CRY,4.5,3.822656041
2022-23,20,459,Dawson,DEF,WHU,4.8,2.394179382
2022-23,20,482,Semedo,DEF,WOL,5.0,2.898631961
2022-23,20,127,Azpilicueta,DEF,CHE,4.8,3.485613508
2022-23,20,57,A Smith,DEF,BOU,4.4,0.0
2022-23,20,445,Emerson R,DEF,TOT,4.9,2.144381117
2022-23,20,602,Lodi,DEF,NFO,4.3,2.189181469
2022-23,20,217,Robinson,DEF,FUL,4.4,0.0
2022-23,20,139,Chilwell,DEF,CHE,5.8,0.0
2022-23,20,193,Godfrey,DEF,EVE,4.3,3.010329635
2022-23,20,272,W Fofana,DEF,CHE,4.3,0.753693922
2022-23,20,257,Amartey,DEF,LEI,4.2,3.050302539
2022-23,20,73,Kelly,DEF,BOU,4.3,2.29841719
2022-23,20,463,Coufal,DEF,WHU,4.1,1.730331366
2022-23,20,221,Cooper,DEF,LEE,4.4,1.981578834
2022-23,20,474,Boly,DEF,NFO,4.2,0.949043903
2022-23,20,76,Zemura,DEF,BOU,4.4,2.545036286
2022-23,20,623,Caleta-Car,DEF,SOU,4.5,2.018695087
2022-23,20,385,McKenna,DEF,NFO,4.4,2.44132594
2022-23,20,470,Diop,DEF,FUL,4.3,1.656542759
2022-23,20,215,Tete,DEF,FUL,4.4,2.162905958
2022-23,20,413,Lyanco,DEF,SOU,4.4,2.449345033
2022-23,20,545,Emerson P,DEF,WHU,4.0,1.890456549
2022-23,20,689,Badiashile,DEF,CHE,5.0,0.615100926
2022-23,20,472,Aguerd,DEF,WHU,4.8,1.008996835
2022-23,20,559,Colwill,DEF,BHA,4.4,1.205635752
2022-23,20,691,Wober,DEF,LEE,4.5,0.528116765
2022-23,20,436,Sessegnon,DEF,TOT,4.5,2.94293673
2022-23,20,388,Worrall,DEF,NFO,4.2,1.24110014
2022-23,20,379,S Cook,DEF,NFO,4.4,2.071401216
2022-23,20,523,Toffolo,DEF,NFO,4.3,1.114505304
2022-23,20,423,Bella-Kotchap,DEF,SOU,4.5,0.0
2022-23,20,197,Patterson,DEF,EVE,4.0,0.0
2022-23,20,510,Hickey,DEF,BRE,4.9,1.631583352
2022-23,20,84,Ajer,DEF,BRE,4.5,1.202286083
2022-23,20,209,Adarabioyo,DEF,FUL,4.5,1.427126639
2022-23,20,292,Tsimikas,DEF,LIV,4.5,0.944172206
2022-23,20,456,Ogbonna,DEF,WHU,4.4,1.565660596
2022-23,20,330,Maguire,DEF,MUN,4.7,1.077161319
2022-23,20,90,Roerslev,DEF,BRE,4.3,2.107495712
2022-23,20,78,Jansson,DEF,BRE,4.2,0.787282414
2022-23,20,249,Evans,DEF,LEI,4.4,0.0
2022-23,20,295,N Williams,DEF,NFO,4.0,1.264115945
2022-23,20,435,D Sanchez,DEF,TOT,4.3,0.71029517
2022-23,20,694,Moreno,DEF,AVL,4.5,0.735868409
2022-23,20,71,Mepham,DEF,BOU,4.4,1.915360537
2022-23,20,410,Bednarek,DEF,AVL,4.2,0.630222281
2022-23,20,337,Lindelof,DEF,MUN,4.2,0.505307087
2022-23,20,228,Llorente,DEF,LEE,4.4,0.554450992
2022-23,20,114,Lamptey,DEF,BHA,4.2,1.257113333
2022-23,20,360,Lascelles,DEF,NEW,4.3,0.709368949
2022-23,20,341,Wan-Bissaka,DEF,MUN,4.3,0.966452442
2022-23,20,32,C Chambers,DEF,AVL,4.2,0.394330085
2022-23,20,267,Soyuncu,DEF,LEI,4.2,0.926092109
2022-23,20,587,S Gomez,DEF,MCI,4.5,0.233035478
2022-23,20,8,Tierney,DEF,ARS,4.7,1.313004662
2022-23,20,471,Ben Johnson,DEF,WHU,4.4,0.584659437
2022-23,20,59,Fredericks,DEF,BOU,4.4,0.964459222
2022-23,20,525,Augustinsson,DEF,AVL,4.3,0.292770853
2022-23,20,501,N Phillips,DEF,LIV,3.9,0.037012507
2022-23,20,253,Vestergaard,DEF,LEI,3.9,0.006186208
2022-23,20,250,Bertrand,DEF,LEI,3.9,0.0
2022-23,20,399,Biancone,DEF,NFO,4.2,0.0
2022-23,20,268,Justin,DEF,LEI,4.2,0.0
2022-23,20,419,Livramento,DEF,SOU,4.4,0.0
2022-23,20,511,O Richards,DEF,NFO,4.4,0.0
2022-23,20,50,Carlos,DEF,AVL,4.7,0.0
2022-23,20,226,Dallas,DEF,LEE,4.9,0.0
2022-23,20,322,Wilson-Esbrand,DEF,MCI,3.8,0.007840641
2022-23,20,563,L Chambers,DEF,LIV,4.0,0.003939882
2022-23,20,362,Dummett,DEF,NEW,3.9,0.004294548
2022-23,20,631,Sousa,DEF,ARS,4.0,0.003421629
2022-23,20,540,Stevens,DEF,BRE,4.0,0.00417828
2022-23,20,96,Goode,DEF,BRE,3.9,0.004101903
2022-23,20,56,Guilbert,DEF,AVL,3.9,0.004141128
2022-23,20,439,Tanganga,DEF,TOT,3.9,0.006579701
2022-23,20,507,Niakhate,DEF,NFO,4.3,0.110163859
2022-23,20,393,Mbe Soh,DEF,NFO,4.2,0.003790873
2022-23,20,386,Drager,DEF,NFO,4.0,0.003747482
2022-23,20,652,Furlong,DEF,BHA,4.0,0.00313571
2022-23,20,640,Turns,DEF,BHA,4.0,0.00312809
2022-23,20,674,Bennett,DEF,MUN,4.0,0.006356562
2022-23,20,555,Ashby,DEF,WHU,3.9,0.003500002
2022-23,20,638,Bogarde,DEF,AVL,4.0,0.003742776
2022-23,20,636,Parkes,DEF,FUL,4.0,0.003357344
2022-23,20,621,Bade,DEF,NFO,4.5,0.053940359
2022-23,20,598,Bevan,DEF,BOU,4.0,0.003412907
2022-23,20,273,Brunt,DEF,LEI,3.9,0.003570254
2022-23,20,243,Hjelde,DEF,LEE,3.9,0.003193818
2022-23,20,664,Lembikisa,DEF,WOL,4.0,0.003507211
2022-23,20,642,Balmer,DEF,CRY,4.0,0.006312236
2022-23,20,605,Welch,DEF,EVE,4.0,0.003454992
2022-23,20,637,John,DEF,EVE,4.0,0.003404348
2022-23,20,298,Ramsay,DEF,LIV,3.9,0.0221718
2022-23,20,673,Humphreys,DEF,CHE,4.5,0.180288871
2022-23,20,547,Drameh,DEF,LEE,4.0,0.017280647
2022-23,20,343,B Williams,DEF,MUN,3.8,0.076253866
2022-23,20,350,Ritchie,DEF,NEW,4.2,0.212914993
2022-23,20,363,Manquillo,DEF,NEW,4.2,0.086252126
2022-23,20,544,van Hecke,DEF,BHA,4.0,0.033245672
2022-23,20,522,Spence,DEF,TOT,4.1,0.152481474
2022-23,20,646,Crama,DEF,BRE,4.0,0.037863757
2022-23,20,645,Wormleighton,DEF,LEI,4.0,0.036934748
2022-23,20,153,Tomkins,DEF,CRY,3.9,0.16512293
2022-23,20,494,Mosquera,DEF,WOL,3.9,0.098065119
2022-23,20,1,Cedric,DEF,ARS,4.2,0.072998733
2022-23,20,180,Keane,DEF,EVE,4.2,0.0
2022-23,20,192,Holgate,DEF,EVE,4.3,0.474634981
2022-23,20,622,Larios,DEF,SOU,4.0,0.074652469
2022-23,20,188,Mina,DEF,EVE,4.3,0.838974612
2022-23,20,372,J Lewis,DEF,NEW,4.4,0.375240506
2022-23,20,477,Jonny,DEF,WOL,4.4,1.048504087
2022-23,20,531,Vinagre,DEF,EVE,4.3,0.394310709
2022-23,20,222,Ayling,DEF,LEE,4.5,0.143350759
2022-23,20,404,Stephens,DEF,BOU,4.3,0.144038571
2022-23,20,367,Targett,DEF,NEW,4.8,0.0
2022-23,20,239,Firpo,DEF,LEE,4.5,0.890514093
2022-23,20,538,A Young,DEF,AVL,4.4,0.373297595
2022-23,20,82,Canos,DEF,BRE,5.0,0.740895869
2022-23,20,105,Duffy,DEF,FUL,4.3,0.225234646
2022-23,20,174,N Ferguson,DEF,CRY,3.9,0.572824491
2022-23,20,613,Kurzawa,DEF,FUL,4.3,0.909744858
2022-23,20,487,Ait-Nouri,DEF,WOL,4.2,1.088345748
2022-23,20,530,C Richards,DEF,CRY,4.4,0.9019815
2022-23,20,532,Mbabu,DEF,FUL,4.3,0.87040231
2022-23,20,178,Coleman,DEF,EVE,4.5,0.711236283
2022-23,20,65,Stacey,DEF,BOU,4.3,1.01035276
2022-23,20,5,Holding,DEF,ARS,4.2,0.442915533
2022-23,20,14,Tomiyasu,DEF,ARS,4.2,1.139870623
2022-23,20,489,Toti,DEF,WOL,3.9,0.862522399
2022-23,20,301,De Bruyne,MID,MCI,12.5,9.10532195
2022-23,20,283,Salah,MID,LIV,12.9,5.212073774
2022-23,20,333,Fernandes,MID,MUN,9.8,8.132431617
2022-23,20,19,Martinelli,MID,ARS,6.8,3.995713807
2022-23,20,428,Son,MID,TOT,11.6,7.787992074
2022-23,20,13,Saka,MID,ARS,8.1,3.534526774
2022-23,20,335,Rashford,MID,MUN,7.0,7.262798123
2022-23,20,7,Odegaard,MID,ARS,6.7,3.549978584
2022-23,20,311,B Silva,MID,MCI,6.8,6.737390008
2022-23,20,300,Gundogan,MID,MCI,7.3,6.250537944
2022-23,20,519,Eriksen,MID,MUN,6.3,6.556416859
2022-23,20,315,Rodri,MID,MCI,5.6,6.325305665
2022-23,20,160,Zaha,MID,CRY,7.3,7.011560427
2022-23,20,303,Mahrez,MID,MCI,7.5,6.21038547
2022-23,20,314,Foden,MID,MCI,8.2,6.162136856
2022-23,20,593,Casemiro,MID,MUN,4.9,5.813678077
2022-23,20,142,Mount,MID,CHE,7.6,4.063979713
2022-23,20,493,Gibbs-White,MID,NFO,5.5,4.34726986
2022-23,20,465,Bowen,MID,WHU,8.0,3.946632193
2022-23,20,446,Kulusevski,MID,TOT,7.9,5.35401669
2022-23,20,609,Antony,MID,MUN,7.4,5.639273969
2022-23,20,116,Mac Allister,MID,BHA,5.4,3.40286416
2022-23,20,225,Rodrigo,MID,LEE,6.3,3.512798872
2022-23,20,305,Grealish,MID,MCI,6.8,5.409549633
2022-23,20,169,Eze,MID,CRY,5.6,6.129601887
2022-23,20,6,Partey,MID,ARS,4.8,2.818623992
2022-23,20,189,D Gray,MID,EVE,5.3,4.150963441
2022-23,20,304,Sterling,MID,CHE,9.7,0.646623766
2022-23,20,264,Barnes,MID,LEI,6.8,3.994780098
2022-23,20,603,Paqueta,MID,WHU,5.9,3.577226253
2022-23,20,407,Ward-Prowse,MID,SOU,6.2,3.560611043
2022-23,20,104,Gross,MID,BHA,5.6,2.951938084
2022-23,20,374,Guimaraes,MID,NEW,5.7,4.017989244
2022-23,20,433,Hojbjerg,MID,TOT,5.5,5.286433989
2022-23,20,371,Joelinton,MID,NEW,5.9,4.044519719
2022-23,20,369,Almiron,MID,NEW,5.9,3.848860895
2022-23,20,45,Bailey,MID,AVL,4.5,3.863203339
2022-23,20,107,March,MID,BHA,5.0,2.945383181
2022-23,20,124,Mitoma,MID,BHA,4.9,2.912749576
2022-23,20,246,Aaronson,MID,LEE,5.5,2.831832895
2022-23,20,88,Jensen,MID,BRE,4.8,3.627739175
2022-23,20,3,Xhaka,MID,ARS,5.0,2.481303937
2022-23,20,468,Soucek,MID,WHU,5.2,3.122515733
2022-23,20,577,Onana,MID,EVE,4.8,3.695067569
2022-23,20,120,Caicedo,MID,BHA,5.0,2.70499824
2022-23,20,373,Willock,MID,NEW,4.8,3.781793464
2022-23,20,514,C Doucoure,MID,CRY,5.0,4.934171684
2022-23,20,680,Gakpo,MID,LIV,8.0,3.196612973
2022-23,20,37,McGinn,MID,AVL,5.1,2.700871286
2022-23,20,47,J Ramsey,MID,AVL,5.2,3.39344
2022-23,20,171,Olise,MID,CRY,5.4,4.808926219
2022-23,20,480,Neves,MID,WOL,5.5,3.124074119
2022-23,20,233,Harrison,MID,LEE,5.8,2.865906896
2022-23,20,346,A Pereira,MID,FUL,4.6,2.700763176
2022-23,20,406,Elyounoussi,MID,SOU,5.2,2.880759544
2022-23,20,53,Kamara,MID,AVL,4.8,3.312145317
2022-23,20,387,Yates,MID,NFO,5.0,3.132518332
2022-23,20,614,Willian,MID,FUL,5.5,2.752798132
2022-23,20,259,Tielemans,MID,LEI,6.2,3.193110187
2022-23,20,159,Ayew,MID,CRY,5.3,4.720542144
2022-23,20,506,T Adams,MID,LEE,4.9,2.451494998
2022-23,20,161,Schlupp,MID,CRY,4.7,4.346570387
2022-23,20,205,Reid,MID,FUL,5.5,2.675219035
2022-23,20,70,Billing,MID,BOU,5.2,2.83618205
2022-23,20,245,Roca,MID,LEE,4.8,2.395849882
2022-23,20,294,Elliott,MID,LIV,4.9,2.661160389
2022-23,20,467,Rice,MID,WHU,4.8,2.814792724
2022-23,20,79,Norgaard,MID,BRE,5.3,3.132964593
2022-23,20,261,Maddison,MID,LEI,8.0,0.0
2022-23,20,64,Lerma,MID,BOU,4.8,2.765045274
2022-23,20,535,Tavernier,MID,BOU,4.7,0.325773625
2022-23,20,440,Bentancur,MID,TOT,5.4,1.480148919
2022-23,20,277,Thiago,MID,LIV,5.2,2.410971989
2022-23,20,582,Freuler,MID,NFO,4.9,2.745808739
2022-23,20,611,Gueye,MID,EVE,4.9,3.082753491
2022-23,20,111,Trossard,MID,BHA,6.8,0.0
2022-23,20,483,Podence,MID,WOL,5.3,3.219263437
2022-23,20,589,Nunes,MID,WOL,4.8,2.769169733
2022-23,20,282,Fabinho,MID,LIV,5.3,2.411254754
2022-23,20,220,Palhinha,MID,FUL,5.0,2.366064093
2022-23,20,186,Iwobi,MID,EVE,5.4,0.0
2022-23,20,132,Kovacic,MID,CHE,4.9,2.635339089
2022-23,20,42,Buendia,MID,AVL,5.7,2.87693645
2022-23,20,130,Jorginho,MID,CHE,5.8,2.991423538
2022-23,20,368,Saint-Maximin,MID,NEW,6.2,2.85153181
2022-23,20,195,A Gordon,MID,EVE,5.2,2.968400186
2022-23,20,86,Janelt,MID,BRE,5.5,2.675352195
2022-23,20,681,Scarpa,MID,NFO,5.0,0.731947793
2022-23,20,275,J Henderson,MID,LIV,5.3,2.342595231
2022-23,20,29,Coutinho,MID,AVL,6.6,2.69321369
2022-23,20,508,Sinisterra,MID,LEE,6.5,0.0
2022-23,20,503,Moutinho,MID,WOL,4.7,2.557719907
2022-23,20,266,Dewsbury-Hall,MID,LEI,4.9,0.0
2022-23,20,67,L Cook,MID,BOU,4.9,2.504622023
2022-23,20,469,Fornals,MID,WHU,5.0,2.294038901
2022-23,20,340,Sancho,MID,MUN,7.1,0.927823617
2022-23,20,265,Ndidi,MID,LEI,4.8,2.549742562
2022-23,20,89,Wissa,MID,BRE,5.3,2.900557929
2022-23,20,579,Guedes,MID,WOL,5.9,2.054975021
2022-23,20,135,Ziyech,MID,CHE,5.5,3.078819525
2022-23,20,321,Lavia,MID,SOU,4.5,2.111989108
2022-23,20,212,H Wilson,MID,FUL,5.7,1.901637544
2022-23,20,491,A Traore,MID,WOL,5.5,2.428076726
2022-23,20,616,Zakaria,MID,CHE,5.0,2.412725706
2022-23,20,211,Reed,MID,FUL,4.5,2.002155203
2022-23,20,527,Lingard,MID,NFO,5.4,0.0
2022-23,20,154,McArthur,MID,CRY,4.8,3.29990059
2022-23,20,370,S Longstaff,MID,NEW,4.4,2.27552618
2022-23,20,569,Garnacho,MID,MUN,4.2,3.246000235
2022-23,20,260,Perez,MID,LEI,4.7,1.608438937
2022-23,20,101,Lallana,MID,BHA,4.9,2.147748471
2022-23,20,444,Bissouma,MID,TOT,4.7,4.036976192
2022-23,20,278,Chamberlain,MID,LIV,4.9,2.416451286
2022-23,20,331,Fred,MID,MUN,5.1,3.034031335
2022-23,20,624,Edozie,MID,SOU,4.7,1.787501577
2022-23,20,134,Kante,MID,CHE,4.8,0.0
2022-23,20,25,Vieira,MID,ARS,5.7,1.806904408
2022-23,20,534,McNeil,MID,EVE,5.2,2.347037402
2022-23,20,12,Smith Rowe,MID,ARS,5.6,1.497734443
2022-23,20,136,Loftus-Cheek,MID,CHE,5.0,0.08557546
2022-23,20,692,Orsic,MID,SOU,5.5,0.419588923
2022-23,20,240,Summerville,MID,LEE,4.3,0.0
2022-23,20,46,Douglas Luiz,MID,AVL,4.8,2.61400573
2022-23,20,481,Hwang,MID,WOL,5.7,2.096338329
2022-23,20,60,Brooks,MID,BOU,5.3,0.26632251
2022-23,20,140,Pulisic,MID,CHE,5.7,0.0
2022-23,20,296,Carvalho,MID,LIV,5.3,1.532196474
2022-23,20,185,A Doucoure,MID,EVE,5.3,2.068577609
2022-23,20,464,Benrahma,MID,WHU,5.6,2.306548616
2022-23,20,83,Dasilva,MID,BRE,4.2,2.186445937
2022-23,20,252,N Mendy,MID,LEI,4.3,2.191404459
2022-23,20,405,S Armstrong,MID,SOU,4.7,0.570765838
2022-23,20,18,Lokonga,MID,ARS,4.3,0.294752362
2022-23,20,661,Hall,MID,CHE,4.4,1.303430822
2022-23,20,204,Kebano,MID,FUL,5.4,0.0
2022-23,20,117,Moder,MID,BHA,4.4,0.0
2022-23,20,629,Boubacar Traore,MID,WOL,4.4,0.0
2022-23,20,583,Kouyate,MID,NFO,4.5,0.0
2022-23,20,570,Garner,MID,EVE,4.5,0.0
2022-23,20,620,Arthur,MID,LIV,4.8,0.0
2022-23,20,486,P Neto,MID,WOL,4.9,0.0
2022-23,20,562,Solomon,MID,FUL,4.9,0.0
2022-23,20,490,Chiquinho,MID,WOL,5.0,0.0
2022-23,20,293,Diaz,MID,LIV,7.8,0.0
2022-23,20,316,Palmer,MID,MCI,4.3,0.008435991
2022-23,20,600,Knight,MID,MCI,4.5,0.007648025
2022-23,20,347,Pellistri,MID,MUN,4.3,0.007183608
2022-23,20,632,Trevitt,MID,BRE,4.5,0.004131836
2022-23,20,546,Harris,MID,FUL,4.4,0.003800239
2022-23,20,23,Nelson,MID,ARS,4.7,0.003618696
2022-23,20,551,Iqbal,MID,MUN,4.3,0.006918547
2022-23,20,452,Devine,MID,TOT,4.3,0.007110648
2022-23,20,449,H White,MID,TOT,4.4,0.007087849
2022-23,20,665,Doak,MID,LIV,4.5,0.003606403
2022-23,20,36,Sanson,MID,AVL,4.3,0.004064054
2022-23,20,643,Mainoo,MID,MUN,4.5,0.006720305
2022-23,20,650,Yarmolyuk,MID,BRE,4.5,0.003745442
2022-23,20,651,Moran,MID,BHA,4.5,0.003373607
2022-23,20,564,Bajcetic,MID,LIV,4.4,0.003543643
2022-23,20,584,B Clark,MID,LIV,4.5,0.003547075
2022-23,20,672,K Young,MID,AVL,4.5,0.003972127
2022-23,20,653,Hutchinson,MID,CHE,4.5,0.003701505
2022-23,20,668,Cozier-Duberry,MID,ARS,4.5,0.003416135
2022-23,20,553,Hammond,MID,NFO,4.3,0.003731395
2022-23,20,560,Mills,MID,EVE,4.4,0.003840927
2022-23,20,630,Nwaneri,MID,ARS,4.5,0.003398797
2022-23,20,641,Godo,MID,FUL,4.5,0.003476077
2022-23,20,639,Braybrooke,MID,LEI,4.5,0.003502367
2022-23,20,601,Rodney,MID,CRY,4.5,0.006674738
2022-23,20,567,Ronan,MID,WOL,4.4,0.003486039
2022-23,20,658,Griffiths,MID,WOL,4.5,0.003401859
2022-23,20,667,Sekularac,MID,FUL,4.5,0.003220623
2022-23,20,687,McAteer,MID,LEI,4.5,0.003300292
2022-23,20,509,Downes,MID,WHU,4.3,0.003184056
2022-23,20,678,Price,MID,EVE,4.5,0.003394603
2022-23,20,556,Coventry,MID,WHU,4.4,0.003171908
2022-23,20,607,M Smith,MID,ARS,4.5,0.003144592
2022-23,20,654,Wells-Morrison,MID,CRY,4.5,0.006341324
2022-23,20,269,Soumare,MID,LEI,4.4,0.0
2022-23,20,676,Ozoh,MID,CRY,4.5,0.006248558
2022-23,20,549,Praet,MID,LEI,4.8,1.758710746
2022-23,20,565,A Gray,MID,LEE,4.5,0.0
2022-23,20,190,T Davies,MID,EVE,4.9,2.222687046
2022-23,20,679,Buonanotte,MID,BHA,4.5,0.033170083
2022-23,20,524,O'Brien,MID,NFO,4.8,1.760029098
2022-23,20,552,Anderson,MID,NEW,4.4,0.092871558
2022-23,20,554,Gil,MID,TOT,5.0,1.436850343
2022-23,20,677,Hinshelwood,MID,BHA,4.5,0.031821834
2022-23,20,647,Payne,MID,SOU,4.5,0.033853199
2022-23,20,74,Dembele,MID,BOU,4.7,0.035277725
2022-23,20,648,Finnigan,MID,SOU,4.5,0.033504588
2022-23,20,536,Mangala,MID,NFO,4.9,1.748610218
2022-23,20,381,Colback,MID,NFO,4.2,0.071345776
2022-23,20,27,Marquinhos,MID,ARS,4.6,0.312516054
2022-23,20,173,Ebiowei,MID,CRY,4.2,0.139666095
2022-23,20,41,Nakamba,MID,AVL,4.3,0.07059223
2022-23,20,75,Anthony,MID,BOU,5.2,1.945434256
2022-23,20,450,P Sarr,MID,TOT,4.3,0.548633801
2022-23,20,693,Alcaraz,MID,SOU,5.0,0.08019932
2022-23,20,349,Shelvey,MID,NEW,4.8,0.0
2022-23,20,4,Elneny,MID,ARS,4.2,0.24771831
2022-23,20,69,Christie,MID,BOU,5.3,2.23367201
2022-23,20,148,Gallagher,MID,CHE,5.7,0.839397132
2022-23,20,365,Murphy,MID,NEW,4.3,1.544549469
2022-23,20,287,Keita,MID,LIV,4.7,0.820364673
2022-23,20,400,Walcott,MID,SOU,4.8,0.080389692
2022-23,20,336,van de Beek,MID,MUN,5.1,0.0
2022-23,20,247,Gyabi,MID,LEE,4.3,0.284799806
2022-23,20,416,I Diallo,MID,SOU,4.3,0.138329423
2022-23,20,344,Elanga,MID,MUN,4.7,1.341442311
2022-23,20,512,Aribo,MID,SOU,5.2,2.027904167
2022-23,20,251,Albrighton,MID,LEI,4.7,1.434128348
2022-23,20,441,Skipp,MID,TOT,4.3,1.327887448
2022-23,20,149,Gilmour,MID,BHA,4.3,0.298314739
2022-23,20,568,Campbell,MID,WOL,4.4,0.332632114
2022-23,20,688,Schade,MID,BRE,5.0,0.368476402
2022-23,20,164,Riedewald,MID,CRY,4.3,0.414959271
2022-23,20,93,Onyeka,MID,BRE,4.8,0.167009364
2022-23,20,566,Hodge,MID,WOL,4.4,0.316558241
2022-23,20,119,Sarmiento,MID,BHA,4.5,0.733693304
2022-23,20,216,Onomah,MID,FUL,4.3,0.287703538
2022-23,20,274,Milner,MID,LIV,4.4,0.455580617
2022-23,20,431,Lucas Moura,MID,TOT,5.8,0.313354721
2022-23,20,179,Townsend,MID,EVE,5.4,0.0
2022-23,20,291,C Jones,MID,LIV,4.9,0.761084879
2022-23,20,460,Lanzini,MID,WHU,5.1,0.389559267
2022-23,20,325,Kalvin Phillips,MID,MCI,4.8,1.16610915
2022-23,20,231,D James,MID,FUL,6.0,1.68345396
2022-23,20,338,McTominay,MID,MUN,4.9,1.366592276
2022-23,20,21,Maitland-Niles,MID,SOU,4.8,0.940861029
2022-23,20,575,Cornet,MID,WHU,5.9,0.41362717
2022-23,20,359,R Fraser,MID,NEW,5.2,1.503277974
2022-23,20,580,Damsgaard,MID,BRE,5.1,1.132092753
2022-23,20,87,Ghoddos,MID,BRE,4.8,0.742012615
2022-23,20,200,Cairney,MID,FUL,4.7,1.418459537
2022-23,20,158,Milivojevic,MID,CRY,4.3,0.973297247
2022-23,20,505,Rothwell,MID,BOU,4.9,0.510365173
2022-23,20,418,Djenepo,MID,SOU,5.0,1.39443045
2022-23,20,203,N Chalobah,MID,FUL,4.4,0.574497816
2022-23,20,479,Dendoncker,MID,AVL,4.7,0.0
2022-23,20,163,W Hughes,MID,CRY,4.8,0.920189228
2022-23,20,58,Stanislas,MID,BOU,4.8,0.437065203
2022-23,20,224,Forshaw,MID,LEE,4.4,0.894394996
2022-23,20,223,Klich,MID,LEE,4.6,1.029966715
2022-23,20,94,Baptiste,MID,BRE,4.5,0.457919661
2022-23,20,68,Pearson,MID,BOU,4.4,1.533839712
2022-23,20,318,Haaland,FWD,MCI,12.2,11.29855003
2022-23,20,427,Kane,FWD,TOT,11.6,7.366899385
2022-23,20,80,Toney,FWD,BRE,7.4,4.719731721
2022-23,20,345,Martial,FWD,MUN,6.6,4.614514767
2022-23,20,28,Jesus,FWD,ARS,7.9,0.0
2022-23,20,40,Watkins,FWD,AVL,7.1,4.255353847
2022-23,20,66,Solanke,FWD,BOU,5.7,3.744453507
2022-23,20,297,Nunez,FWD,LIV,8.9,0.141895468
2022-23,20,227,Bamford,FWD,LEE,7.2,2.42674865
2022-23,20,210,Mitrovic,FWD,FUL,7.2,3.099438113
2022-23,20,145,Havertz,FWD,CHE,7.8,3.60785726
2022-23,20,411,C Adams,FWD,SOU,6.3,3.476139962
2022-23,20,191,Calvert-Lewin,FWD,EVE,7.9,3.603170662
2022-23,20,394,Brennan Johnson,FWD,NFO,5.6,3.615413221
2022-23,20,95,Mbeumo,FWD,BRE,5.9,3.731231094
2022-23,20,594,Isak,FWD,NEW,6.6,2.386864193
2022-23,20,529,Scamacca,FWD,WHU,6.6,2.670587307
2022-23,20,271,Daka,FWD,LEI,5.7,3.192933442
2022-23,20,279,Firmino,FWD,LIV,8.0,0.0
2022-23,20,682,Cunha,FWD,WOL,5.5,1.673641227
2022-23,20,11,Nketiah,FWD,ARS,6.6,3.088870652
2022-23,20,356,C Wilson,FWD,NEW,7.2,3.51313428
2022-23,20,30,Ings,FWD,AVL,6.4,2.871628968
2022-23,20,397,Awoniyi,FWD,NFO,5.7,2.74626519
2022-23,20,255,Vardy,FWD,LEI,9.1,2.678183763
2022-23,20,617,Aubameyang,FWD,CHE,8.6,3.094881331
2022-23,20,690,Felix,FWD,CHE,7.5,0.0
2022-23,20,103,Welbeck,FWD,BHA,6.5,0.949805069
2022-23,20,476,Jimenez,FWD,WOL,6.7,2.247936195
2022-23,20,166,Edouard,FWD,CRY,5.2,3.740370681
2022-23,20,319,Alvarez,FWD,MCI,6.0,2.412722195
2022-23,20,625,Costa,FWD,WOL,5.5,1.208367001
2022-23,20,110,Maupay,FWD,EVE,6.0,2.249797647
2022-23,20,408,A Armstrong,FWD,SOU,5.5,2.034562758
2022-23,20,262,Iheanacho,FWD,LEI,6.1,2.265415736
2022-23,20,454,Richarlison,FWD,TOT,8.4,1.219543877
2022-23,20,150,Broja,FWD,CHE,5.3,0.0
2022-23,20,608,Kalajdzic,FWD,WOL,5.3,0.0
2022-23,20,288,Jota,FWD,LIV,8.8,0.0
2022-23,20,634,J Gordon,FWD,CRY,4.5,0.007130917
2022-23,20,660,Shoretire,FWD,MUN,4.5,0.006499494
2022-23,20,591,Ablade,FWD,FUL,4.5,0.003442598
2022-23,20,671,Morgan,FWD,SOU,4.5,0.003437502
2022-23,20,447,Scarlett,FWD,TOT,4.5,0.006610193
2022-23,20,663,Perkins,FWD,LEE,4.5,0.003295449
2022-23,20,686,Simms,FWD,EVE,4.5,0.003645374
2022-23,20,685,Oyedeji,FWD,ARS,4.5,0.003278931
2022-23,20,662,Cannon,FWD,EVE,4.5,0.003587576
2022-23,20,666,D Taylor,FWD,NFO,4.5,0.003292156
2022-23,20,669,Mubama,FWD,WHU,4.5,0.003119201
2022-23,20,657,N Fraser,FWD,WOL,4.5,0.00314743
2022-23,20,596,E Ferguson,FWD,BHA,4.5,1.906010322
2022-23,20,62,Kieffer Moore,FWD,BOU,5.3,2.695088297
2022-23,20,168,Mateta,FWD,CRY,5.1,3.0283542
2022-23,20,585,E Dennis,FWD,NFO,5.7,2.588248087
2022-23,20,125,Enciso,FWD,BHA,4.7,0.073623523
2022-23,20,659,Mateo,FWD,LEE,4.5,0.072650118
2022-23,20,684,D Fofana,FWD,CHE,5.0,0.265617298
2022-23,20,123,Undav,FWD,BHA,5.1,0.141626036
2022-23,20,458,Antonio,FWD,WHU,7.0,1.980022262
2022-23,20,237,Greenwood,FWD,LEE,4.2,1.218749164
2022-23,20,619,Gnonto,FWD,LEE,5.0,0.73186564
2022-23,20,391,Surridge,FWD,NFO,4.7,0.876177912
2022-23,20,515,Lewis-Potter,FWD,BRE,5.2,0.792951903
2022-23,20,242,Gelhardt,FWD,LEE,5.1,0.555305106
2022-23,20,354,Wood,FWD,NEW,5.6,1.672325349
2022-23,20,618,Vinicius,FWD,FUL,5.4,1.037278697
2022-23,20,528,Mara,FWD,SOU,5.3,1.037381561
2022-23,21,307,Ederson,GK,MCI,5.4,4.596067123
2022-23,21,281,Alisson,GK,LIV,5.5,3.9597426
2022-23,21,15,Ramsdale,GK,ARS,4.9,3.561997514
2022-23,21,113,R Sanchez,GK,BHA,4.6,3.698495215
2022-23,21,81,Raya,GK,BRE,4.6,4.19331542
2022-23,21,327,de Gea,GK,MUN,4.9,2.879469145
2022-23,21,133,Kepa,GK,CHE,4.6,2.529555113
2022-23,21,238,Meslier,GK,LEE,4.5,3.554826125
2022-23,21,376,Pope,GK,NEW,5.4,3.987329713
2022-23,21,31,E Martinez,GK,AVL,4.9,3.952144231
2022-23,21,425,Lloris,GK,TOT,5.5,3.91804858
2022-23,21,398,D Henderson,GK,NFO,4.7,4.147982962
2022-23,21,182,Pickford,GK,EVE,4.5,3.393310582
2022-23,21,478,Sa,GK,WOL,5.0,1.94694986
2022-23,21,152,Guaita,GK,CRY,4.5,3.686143462
2022-23,21,2,Leno,GK,FUL,4.5,2.899719661
2022-23,21,455,Fabianski,GK,WHU,5.0,3.851025719
2022-23,21,254,D Ward,GK,LEI,4.1,3.304782531
2022-23,21,422,Bazunu,GK,SOU,4.5,3.48509534
2022-23,21,574,N Neto,GK,BOU,4.5,3.672441138
2022-23,21,147,E Mendy,GK,CHE,4.8,0.197621327
2022-23,21,473,Areola,GK,WHU,4.3,0.319557609
2022-23,21,289,Kelleher,GK,LIV,4.0,0.09349142
2022-23,21,324,Ortega,GK,MCI,3.8,0.09010189
2022-23,21,548,Iversen,GK,LEI,3.9,0.256832551
2022-23,21,355,Dubravka,GK,NEW,4.2,0.10011876
2022-23,21,24,Turner,GK,ARS,3.9,0.067028886
2022-23,21,175,Johnstone,GK,CRY,4.4,0.094284086
2022-23,21,102,Steele,GK,BHA,3.9,0.065966514
2022-23,21,72,Travers,GK,BOU,4.3,0.08645947
2022-23,21,426,Forster,GK,TOT,3.9,0.073268108
2022-23,21,35,Olsen,GK,AVL,3.9,0.070455045
2022-23,21,518,Hennessey,GK,NFO,3.9,0.075832015
2022-23,21,401,McCarthy,GK,SOU,4.3,0.066872484
2022-23,21,236,Klaesson,GK,LEE,3.9,0.061072117
2022-23,21,213,Rodak,GK,FUL,4.3,0.076630892
2022-23,21,517,Strakosha,GK,BRE,4.3,0.031622055
2022-23,21,492,Sarkic,GK,WOL,3.9,0.033578858
2022-23,21,633,Cox,GK,BRE,4.0,0.029251701
2022-23,21,502,Carson,GK,MCI,3.8,0.008905185
2022-23,21,497,Adrian,GK,LIV,3.9,0.007339691
2022-23,21,176,Begovic,GK,EVE,4.0,0.054821182
2022-23,21,353,Darlow,GK,NEW,3.9,0.007896026
2022-23,21,635,Bettinelli,GK,CHE,4.0,0.005211328
2022-23,21,162,Butland,GK,MUN,4.4,0.005399162
2022-23,21,348,Heaton,GK,MUN,3.9,0.005220262
2022-23,21,451,Austin,GK,TOT,3.9,0.006942461
2022-23,21,571,Randolph,GK,WHU,4.0,0.007644429
2022-23,21,675,Jordan Smith,GK,NFO,4.0,0.007310955
2022-23,21,578,Robles,GK,LEE,4.0,0.006072583
2022-23,21,649,Plain,GK,BOU,4.0,0.007432498
2022-23,21,670,Marschall,GK,AVL,4.0,0.003246413
2022-23,21,581,Smithies,GK,LEI,4.0,0.006176134
2022-23,21,644,Goodman,GK,CRY,4.0,0.000637977
2022-23,21,424,Caballero,GK,SOU,3.9,0.000627015
2022-23,21,590,Whitworth,GK,CRY,4.0,0.00053464
2022-23,21,592,H Davies,GK,LIV,4.0,0.003910542
2022-23,21,656,Bishop,GK,MUN,4.0,0.003131845
2022-23,21,655,Hein,GK,ARS,4.0,0.003392556
2022-23,21,557,Jackson Smith,GK,WOL,3.9,0.00277752
2022-23,21,285,Trent,DEF,LIV,7.3,4.668576211
2022-23,21,16,Gabriel,DEF,ARS,5.2,3.765419946
2022-23,21,284,Robertson,DEF,LIV,6.9,4.237563099
2022-23,21,26,Saliba,DEF,ARS,5.3,3.447714571
2022-23,21,306,Cancelo,DEF,MCI,7.2,3.628327549
2022-23,21,357,Trippier,DEF,NEW,6.0,3.836884782
2022-23,21,10,B White,DEF,ARS,4.7,3.090544939
2022-23,21,302,Stones,DEF,MCI,5.4,3.745869548
2022-23,21,280,van Dijk,DEF,LIV,6.5,0.0
2022-23,21,313,Zinchenko,DEF,ARS,5.0,3.03197537
2022-23,21,308,Ake,DEF,MCI,5.0,3.358001659
2022-23,21,332,Shaw,DEF,MUN,5.1,2.571495714
2022-23,21,377,Botman,DEF,NEW,4.5,3.79556453
2022-23,21,586,Estupinan,DEF,BHA,4.5,3.159478775
2022-23,21,276,Matip,DEF,LIV,5.9,3.341883336
2022-23,21,106,Dunk,DEF,BHA,4.7,3.160441508
2022-23,21,366,Schar,DEF,NEW,5.0,3.147635581
2022-23,21,610,Akanji,DEF,MCI,5.0,2.958843778
2022-23,21,128,T Silva,DEF,CHE,5.4,2.46931524
2022-23,21,533,L Martinez,DEF,MUN,4.5,2.38411889
2022-23,21,358,Burn,DEF,NEW,4.5,3.50914396
2022-23,21,448,Perisic,DEF,TOT,5.5,3.260062873
2022-23,21,520,Koulibaly,DEF,CHE,5.5,2.395443997
2022-23,21,430,Dier,DEF,TOT,5.2,3.239435993
2022-23,21,588,Kehrer,DEF,WHU,4.5,3.888406439
2022-23,21,109,Veltman,DEF,BHA,4.6,2.903423949
2022-23,21,108,Webster,DEF,BHA,4.5,2.014144945
2022-23,21,92,Pinnock,DEF,BRE,4.4,2.972893439
2022-23,21,146,R James,DEF,CHE,5.7,0.296595693
2022-23,21,312,Dias,DEF,MCI,5.9,1.329369298
2022-23,21,342,Dalot,DEF,MUN,4.7,2.04022856
2022-23,21,258,Castagne,DEF,LEI,4.6,3.456350347
2022-23,21,44,Konsa,DEF,AVL,4.4,3.007272866
2022-23,21,235,Struijk,DEF,LEE,4.5,3.223092505
2022-23,21,85,Henry,DEF,BRE,4.5,2.474079783
2022-23,21,39,Mings,DEF,AVL,4.3,2.986617044
2022-23,21,628,Aurier,DEF,NFO,4.5,3.37527608
2022-23,21,457,Cresswell,DEF,WHU,4.8,3.423689294
2022-23,21,43,Cash,DEF,AVL,4.6,2.64056435
2022-23,21,526,Mee,DEF,BRE,4.6,2.748276639
2022-23,21,167,Guehi,DEF,CRY,4.4,3.420013145
2022-23,21,516,Collins,DEF,WOL,4.4,1.710346736
2022-23,21,484,Kilman,DEF,WOL,4.4,1.716441983
2022-23,21,270,Thomas,DEF,LEI,4.2,3.202026791
2022-23,21,33,Digne,DEF,AVL,4.6,0.0
2022-23,21,461,Zouma,DEF,WHU,4.4,3.505075872
2022-23,21,165,Andersen,DEF,CRY,4.5,0.0
2022-23,21,612,Faes,DEF,LEI,4.4,3.257195662
2022-23,21,329,Varane,DEF,MUN,4.8,1.888631506
2022-23,21,199,Tarkowski,DEF,EVE,4.3,2.68178729
2022-23,21,429,Doherty,DEF,TOT,4.6,2.429967796
2022-23,21,443,Romero,DEF,TOT,4.9,2.814366136
2022-23,21,576,Senesi,DEF,BOU,4.5,3.578630533
2022-23,21,309,Laporte,DEF,MCI,5.7,1.829623116
2022-23,21,573,R Lewis,DEF,MCI,3.9,2.276151906
2022-23,21,420,Salisu,DEF,SOU,4.4,2.727235254
2022-23,21,475,Coady,DEF,EVE,5.0,2.586394861
2022-23,21,230,Koch,DEF,LEE,4.5,2.473607283
2022-23,21,417,Perraud,DEF,SOU,4.3,3.463666475
2022-23,21,57,A Smith,DEF,BOU,4.4,3.386578553
2022-23,21,201,Ream,DEF,FUL,4.5,2.445256275
2022-23,21,112,Cucurella,DEF,CHE,5.2,2.16505385
2022-23,21,290,Konate,DEF,LIV,4.8,2.921531309
2022-23,21,156,J Ward,DEF,CRY,4.5,3.085200354
2022-23,21,286,J Gomez,DEF,LIV,4.4,1.848100278
2022-23,21,194,Mykolenko,DEF,EVE,4.4,2.491402088
2022-23,21,558,Bueno,DEF,WOL,3.9,1.475514265
2022-23,21,139,Chilwell,DEF,CHE,5.8,0.074794363
2022-23,21,409,Walker-Peters,DEF,SOU,4.4,3.037333278
2022-23,21,513,Lenglet,DEF,TOT,4.8,1.840101603
2022-23,21,217,Robinson,DEF,FUL,4.4,2.291346353
2022-23,21,221,Cooper,DEF,LEE,4.4,1.808652446
2022-23,21,432,Ben T Davies,DEF,TOT,4.8,1.763560525
2022-23,21,445,Emerson R,DEF,TOT,4.9,1.588212889
2022-23,21,691,Wober,DEF,LEE,4.5,2.667913278
2022-23,21,482,Semedo,DEF,WOL,5.0,1.478104304
2022-23,21,170,Mitchell,DEF,CRY,4.4,3.213792174
2022-23,21,141,T Chalobah,DEF,CHE,4.6,0.983448587
2022-23,21,602,Lodi,DEF,NFO,4.3,2.006795988
2022-23,21,73,Kelly,DEF,BOU,4.3,3.357465992
2022-23,21,272,W Fofana,DEF,CHE,4.3,0.654849886
2022-23,21,299,Walker,DEF,MCI,4.8,1.474122909
2022-23,21,474,Boly,DEF,NFO,4.2,1.936314361
2022-23,21,463,Coufal,DEF,WHU,4.1,2.370686408
2022-23,21,157,Clyne,DEF,CRY,4.5,3.264277678
2022-23,21,694,Moreno,DEF,AVL,4.5,3.014361791
2022-23,21,244,Kristensen,DEF,LEE,4.8,1.746437015
2022-23,21,459,Dawson,DEF,WHU,4.8,1.415040745
2022-23,21,385,McKenna,DEF,NFO,4.4,2.303865283
2022-23,21,470,Diop,DEF,FUL,4.3,1.365333087
2022-23,21,215,Tete,DEF,FUL,4.4,2.044845989
2022-23,21,84,Ajer,DEF,BRE,4.5,1.481065135
2022-23,21,689,Badiashile,DEF,CHE,5.0,0.530965263
2022-23,21,193,Godfrey,DEF,EVE,4.3,2.323485653
2022-23,21,623,Caleta-Car,DEF,SOU,4.5,2.813369197
2022-23,21,423,Bella-Kotchap,DEF,SOU,4.5,0.0
2022-23,21,545,Emerson P,DEF,WHU,4.0,2.206311852
2022-23,21,197,Patterson,DEF,EVE,4.0,0.0
2022-23,21,127,Azpilicueta,DEF,CHE,4.8,2.099352263
2022-23,21,388,Worrall,DEF,NFO,4.2,1.478228452
2022-23,21,413,Lyanco,DEF,SOU,4.4,2.722666245
2022-23,21,257,Amartey,DEF,LEI,4.2,2.942692626
2022-23,21,559,Colwill,DEF,BHA,4.4,0.0
2022-23,21,379,S Cook,DEF,NFO,4.4,1.929197179
2022-23,21,523,Toffolo,DEF,NFO,4.3,1.212190339
2022-23,21,510,Hickey,DEF,BRE,4.9,1.459468185
2022-23,21,504,Malacia,DEF,MUN,4.2,0.582173221
2022-23,21,595,Zanka,DEF,BRE,4.0,0.796314879
2022-23,21,249,Evans,DEF,LEI,4.4,0.260614264
2022-23,21,71,Mepham,DEF,BOU,4.4,2.863368727
2022-23,21,209,Adarabioyo,DEF,FUL,4.5,1.274810912
2022-23,21,472,Aguerd,DEF,WHU,4.8,0.734577015
2022-23,21,292,Tsimikas,DEF,LIV,4.5,0.528180986
2022-23,21,330,Maguire,DEF,MUN,4.7,0.473643081
2022-23,21,222,Ayling,DEF,LEE,4.5,1.329897777
2022-23,21,456,Ogbonna,DEF,WHU,4.4,0.994649138
2022-23,21,295,N Williams,DEF,NFO,4.0,1.657875598
2022-23,21,436,Sessegnon,DEF,TOT,4.5,1.687187389
2022-23,21,114,Lamptey,DEF,BHA,4.2,1.408494528
2022-23,21,435,D Sanchez,DEF,TOT,4.3,0.447969903
2022-23,21,76,Zemura,DEF,BOU,4.4,1.422135948
2022-23,21,8,Tierney,DEF,ARS,4.7,1.524830412
2022-23,21,78,Jansson,DEF,BRE,4.2,0.0
2022-23,21,337,Lindelof,DEF,MUN,4.2,0.22276905
2022-23,21,90,Roerslev,DEF,BRE,4.3,1.494507046
2022-23,21,32,C Chambers,DEF,AVL,4.2,0.983085238
2022-23,21,228,Llorente,DEF,LEE,4.4,0.536235816
2022-23,21,153,Tomkins,DEF,CRY,3.9,1.090060402
2022-23,21,341,Wan-Bissaka,DEF,MUN,4.3,0.359968936
2022-23,21,360,Lascelles,DEF,NEW,4.3,1.011793553
2022-23,21,544,van Hecke,DEF,BHA,4.0,1.173443622
2022-23,21,410,Bednarek,DEF,AVL,4.2,0.0
2022-23,21,587,S Gomez,DEF,MCI,4.5,0.145176738
2022-23,21,501,N Phillips,DEF,LIV,3.9,0.037483246
2022-23,21,267,Soyuncu,DEF,LEI,4.2,0.622407969
2022-23,21,250,Bertrand,DEF,LEI,3.9,0.0
2022-23,21,399,Biancone,DEF,NFO,4.2,0.0
2022-23,21,268,Justin,DEF,LEI,4.2,0.0
2022-23,21,419,Livramento,DEF,SOU,4.4,0.0
2022-23,21,511,O Richards,DEF,NFO,4.4,0.0
2022-23,21,50,Carlos,DEF,AVL,4.7,0.0
2022-23,21,226,Dallas,DEF,LEE,4.9,0.0
2022-23,21,253,Vestergaard,DEF,LEI,3.9,0.005803226
2022-23,21,525,Augustinsson,DEF,AVL,4.3,0.0
2022-23,21,563,L Chambers,DEF,LIV,4.0,0.003961736
2022-23,21,362,Dummett,DEF,NEW,3.9,0.00412456
2022-23,21,631,Sousa,DEF,ARS,4.0,0.003781338
2022-23,21,540,Stevens,DEF,BRE,4.0,0.003574294
2022-23,21,96,Goode,DEF,BRE,3.9,0.003503934
2022-23,21,439,Tanganga,DEF,TOT,3.9,0.003753515
2022-23,21,652,Furlong,DEF,BHA,4.0,0.003352617
2022-23,21,393,Mbe Soh,DEF,NFO,4.2,0.003983809
2022-23,21,674,Bennett,DEF,MUN,4.0,0.003057562
2022-23,21,386,Drager,DEF,NFO,4.0,0.003937146
2022-23,21,555,Ashby,DEF,WHU,3.9,0.003745475
2022-23,21,636,Parkes,DEF,FUL,4.0,0.003339016
2022-23,21,598,Bevan,DEF,BOU,4.0,0.004013188
2022-23,21,673,Humphreys,DEF,CHE,4.5,0.003065593
2022-23,21,638,Bogarde,DEF,AVL,4.0,0.003500095
2022-23,21,273,Brunt,DEF,LEI,3.9,0.003475714
2022-23,21,664,Lembikisa,DEF,WOL,4.0,0.002750348
2022-23,21,642,Balmer,DEF,CRY,4.0,0.003439519
2022-23,21,621,Bade,DEF,NFO,4.5,0.05983745
2022-23,21,605,Welch,DEF,EVE,4.0,0.003142542
2022-23,21,637,John,DEF,EVE,4.0,0.003107672
2022-23,21,298,Ramsay,DEF,LIV,3.9,0.022309907
2022-23,21,507,Niakhate,DEF,NFO,4.3,0.117574782
2022-23,21,547,Drameh,DEF,LEE,4.0,0.018856801
2022-23,21,343,B Williams,DEF,MUN,3.8,0.035488957
2022-23,21,522,Spence,DEF,TOT,4.1,0.042244231
2022-23,21,363,Manquillo,DEF,NEW,4.2,0.082404758
2022-23,21,538,A Young,DEF,AVL,4.4,1.269251346
2022-23,21,350,Ritchie,DEF,NEW,4.2,0.194343575
2022-23,21,646,Crama,DEF,BRE,4.0,0.031797924
2022-23,21,645,Wormleighton,DEF,LEI,4.0,0.035806925
2022-23,21,471,Ben Johnson,DEF,WHU,4.4,0.345720078
2022-23,21,494,Mosquera,DEF,WOL,3.9,0.051171439
2022-23,21,1,Cedric,DEF,ARS,4.2,0.076478964
2022-23,21,404,Stephens,DEF,BOU,4.3,0.086178081
2022-23,21,180,Keane,DEF,EVE,4.2,0.035146845
2022-23,21,59,Fredericks,DEF,BOU,4.4,1.00637237
2022-23,21,622,Larios,DEF,SOU,4.0,0.078988998
2022-23,21,192,Holgate,DEF,EVE,4.3,0.370749743
2022-23,21,372,J Lewis,DEF,NEW,4.4,0.534351474
2022-23,21,531,Vinagre,DEF,EVE,4.3,0.325383394
2022-23,21,188,Mina,DEF,EVE,4.3,0.663391242
2022-23,21,477,Jonny,DEF,WOL,4.4,0.52359598
2022-23,21,367,Targett,DEF,NEW,4.8,0.0
2022-23,21,239,Firpo,DEF,LEE,4.5,0.255804373
2022-23,21,82,Canos,DEF,BRE,5.0,0.867296851
2022-23,21,5,Holding,DEF,ARS,4.2,0.205565678
2022-23,21,105,Duffy,DEF,FUL,4.3,0.394605686
2022-23,21,65,Stacey,DEF,BOU,4.3,0.61120869
2022-23,21,174,N Ferguson,DEF,CRY,3.9,0.505846967
2022-23,21,613,Kurzawa,DEF,FUL,4.3,0.560972697
2022-23,21,487,Ait-Nouri,DEF,WOL,4.2,0.619475236
2022-23,21,530,C Richards,DEF,CRY,4.4,0.616173496
2022-23,21,532,Mbabu,DEF,FUL,4.3,0.522360553
2022-23,21,14,Tomiyasu,DEF,ARS,4.2,1.287050468
2022-23,21,178,Coleman,DEF,EVE,4.5,0.612833653
2022-23,21,489,Toti,DEF,WOL,3.9,0.611394785
2022-23,21,283,Salah,MID,LIV,12.9,5.291271734
2022-23,21,301,De Bruyne,MID,MCI,12.5,5.416014906
2022-23,21,19,Martinelli,MID,ARS,6.8,4.603942031
2022-23,21,333,Fernandes,MID,MUN,9.8,3.90891937
2022-23,21,13,Saka,MID,ARS,8.1,4.535954443
2022-23,21,7,Odegaard,MID,ARS,6.7,4.188743651
2022-23,21,335,Rashford,MID,MUN,7.0,3.488142576
2022-23,21,428,Son,MID,TOT,11.6,4.906081466
2022-23,21,311,B Silva,MID,MCI,6.8,3.869431633
2022-23,21,519,Eriksen,MID,MUN,6.3,3.142078311
2022-23,21,300,Gundogan,MID,MCI,7.3,3.614636508
2022-23,21,116,Mac Allister,MID,BHA,5.4,3.870730563
2022-23,21,303,Mahrez,MID,MCI,7.5,3.640815934
2022-23,21,142,Mount,MID,CHE,7.6,2.916017497
2022-23,21,315,Rodri,MID,MCI,5.6,3.665061127
2022-23,21,304,Sterling,MID,CHE,9.7,0.0
2022-23,21,6,Partey,MID,ARS,4.8,3.294844385
2022-23,21,465,Bowen,MID,WHU,8.0,4.829351376
2022-23,21,314,Foden,MID,MCI,8.2,3.535435656
2022-23,21,493,Gibbs-White,MID,NFO,5.5,3.969371331
2022-23,21,104,Gross,MID,BHA,5.6,3.597239506
2022-23,21,45,Bailey,MID,AVL,4.5,3.933869814
2022-23,21,107,March,MID,BHA,5.0,3.555479401
2022-23,21,593,Casemiro,MID,MUN,4.9,0.0
2022-23,21,407,Ward-Prowse,MID,SOU,6.2,3.822404675
2022-23,21,160,Zaha,MID,CRY,7.3,3.62799425
2022-23,21,42,Buendia,MID,AVL,5.7,3.767376907
2022-23,21,225,Rodrigo,MID,LEE,6.3,3.458412104
2022-23,21,264,Barnes,MID,LEI,6.8,3.694727384
2022-23,21,446,Kulusevski,MID,TOT,7.9,3.886184287
2022-23,21,124,Mitoma,MID,BHA,4.9,3.419362445
2022-23,21,603,Paqueta,MID,WHU,5.9,4.373707753
2022-23,21,189,D Gray,MID,EVE,5.3,3.238391339
2022-23,21,609,Antony,MID,MUN,7.4,2.638815129
2022-23,21,305,Grealish,MID,MCI,6.8,3.102674199
2022-23,21,3,Xhaka,MID,ARS,5.0,2.848470727
2022-23,21,371,Joelinton,MID,NEW,5.9,3.355119846
2022-23,21,374,Guimaraes,MID,NEW,5.7,2.674394794
2022-23,21,369,Almiron,MID,NEW,5.9,3.100789432
2022-23,21,88,Jensen,MID,BRE,4.8,3.311847967
2022-23,21,120,Caicedo,MID,BHA,5.0,3.025926841
2022-23,21,169,Eze,MID,CRY,5.6,3.179805618
2022-23,21,468,Soucek,MID,WHU,5.2,3.635883967
2022-23,21,506,T Adams,MID,LEE,4.9,2.997315867
2022-23,21,346,A Pereira,MID,FUL,4.6,3.013117303
2022-23,21,47,J Ramsey,MID,AVL,5.2,3.146758394
2022-23,21,433,Hojbjerg,MID,TOT,5.5,3.055386664
2022-23,21,614,Willian,MID,FUL,5.5,2.940853607
2022-23,21,406,Elyounoussi,MID,SOU,5.2,2.98968651
2022-23,21,261,Maddison,MID,LEI,8.0,0.265039695
2022-23,21,480,Neves,MID,WOL,5.5,2.25008492
2022-23,21,246,Aaronson,MID,LEE,5.5,2.778252059
2022-23,21,387,Yates,MID,NFO,5.0,2.688517493
2022-23,21,245,Roca,MID,LEE,4.8,3.029221657
2022-23,21,79,Norgaard,MID,BRE,5.3,3.024129664
2022-23,21,577,Onana,MID,EVE,4.8,2.864935811
2022-23,21,440,Bentancur,MID,TOT,5.4,2.108135849
2022-23,21,70,Billing,MID,BOU,5.2,3.54714276
2022-23,21,680,Gakpo,MID,LIV,8.0,3.155692499
2022-23,21,373,Willock,MID,NEW,4.8,3.069716665
2022-23,21,205,Reid,MID,FUL,5.5,2.781880557
2022-23,21,259,Tielemans,MID,LEI,6.2,2.973258292
2022-23,21,53,Kamara,MID,AVL,4.8,2.936165424
2022-23,21,37,McGinn,MID,AVL,5.1,0.0
2022-23,21,467,Rice,MID,WHU,4.8,3.190331011
2022-23,21,64,Lerma,MID,BOU,4.8,3.27921751
2022-23,21,483,Podence,MID,WOL,5.3,2.060850873
2022-23,21,186,Iwobi,MID,EVE,5.4,0.367469619
2022-23,21,508,Sinisterra,MID,LEE,6.5,2.638642248
2022-23,21,294,Elliott,MID,LIV,4.9,2.629693296
2022-23,21,277,Thiago,MID,LIV,5.2,2.360511561
2022-23,21,535,Tavernier,MID,BOU,4.7,0.0
2022-23,21,220,Palhinha,MID,FUL,5.0,2.664607185
2022-23,21,582,Freuler,MID,NFO,4.9,2.800420169
2022-23,21,282,Fabinho,MID,LIV,5.3,2.288848703
2022-23,21,86,Janelt,MID,BRE,5.5,2.585816391
2022-23,21,681,Scarpa,MID,NFO,5.0,1.598678855
2022-23,21,266,Dewsbury-Hall,MID,LEI,4.9,1.147920668
2022-23,21,132,Kovacic,MID,CHE,4.9,2.048769313
2022-23,21,171,Olise,MID,CRY,5.4,2.489629178
2022-23,21,611,Gueye,MID,EVE,4.9,2.516166274
2022-23,21,368,Saint-Maximin,MID,NEW,6.2,2.387876546
2022-23,21,514,C Doucoure,MID,CRY,5.0,2.574957926
2022-23,21,161,Schlupp,MID,CRY,4.7,2.378913423
2022-23,21,589,Nunes,MID,WOL,4.8,1.965992044
2022-23,21,340,Sancho,MID,MUN,7.1,1.059586554
2022-23,21,275,J Henderson,MID,LIV,5.3,2.229086683
2022-23,21,159,Ayew,MID,CRY,5.3,2.434104857
2022-23,21,111,Trossard,MID,ARS,6.8,0.743101894
2022-23,21,195,A Gordon,MID,EVE,5.2,2.29308712
2022-23,21,130,Jorginho,MID,CHE,5.8,2.374245738
2022-23,21,233,Harrison,MID,LEE,5.8,2.050347648
2022-23,21,503,Moutinho,MID,WOL,4.7,1.936322816
2022-23,21,29,Coutinho,MID,AVL,6.6,2.378668586
2022-23,21,469,Fornals,MID,WHU,5.0,2.597800212
2022-23,21,491,A Traore,MID,WOL,5.5,1.756319374
2022-23,21,265,Ndidi,MID,LEI,4.8,2.418731907
2022-23,21,212,H Wilson,MID,FUL,5.7,2.152455176
2022-23,21,321,Lavia,MID,SOU,4.5,2.347276102
2022-23,21,89,Wissa,MID,BRE,5.3,2.315134064
2022-23,21,12,Smith Rowe,MID,ARS,5.6,1.730172646
2022-23,21,370,S Longstaff,MID,NEW,4.4,2.391272597
2022-23,21,211,Reed,MID,FUL,4.5,2.141029313
2022-23,21,25,Vieira,MID,ARS,5.7,1.536442328
2022-23,21,75,Anthony,MID,BOU,5.2,3.360561603
2022-23,21,527,Lingard,MID,NFO,5.4,0.0
2022-23,21,331,Fred,MID,MUN,5.1,2.217283077
2022-23,21,101,Lallana,MID,BHA,4.9,2.021463446
2022-23,21,616,Zakaria,MID,CHE,5.0,1.872051076
2022-23,21,134,Kante,MID,CHE,4.8,0.0
2022-23,21,260,Perez,MID,LEI,4.7,1.953047305
2022-23,21,481,Hwang,MID,WOL,5.7,1.627422064
2022-23,21,624,Edozie,MID,SOU,4.7,2.103257162
2022-23,21,135,Ziyech,MID,CHE,5.5,2.278838782
2022-23,21,136,Loftus-Cheek,MID,CHE,5.0,0.622121744
2022-23,21,69,Christie,MID,BOU,5.3,3.117719827
2022-23,21,692,Orsic,MID,SOU,5.5,0.927218263
2022-23,21,67,L Cook,MID,BOU,4.9,0.0
2022-23,21,46,Douglas Luiz,MID,AVL,4.8,2.94253917
2022-23,21,140,Pulisic,MID,CHE,5.7,0.079049322
2022-23,21,83,Dasilva,MID,BRE,4.2,2.205683893
2022-23,21,278,Chamberlain,MID,LIV,4.9,2.19817422
2022-23,21,405,S Armstrong,MID,SOU,4.7,0.180277416
2022-23,21,296,Carvalho,MID,LIV,5.3,1.248089294
2022-23,21,18,Lokonga,MID,ARS,4.3,0.318447646
2022-23,21,534,McNeil,MID,EVE,5.2,1.887325082
2022-23,21,204,Kebano,MID,FUL,5.4,0.0
2022-23,21,117,Moder,MID,BHA,4.4,0.0
2022-23,21,629,Boubacar Traore,MID,WOL,4.4,0.0
2022-23,21,583,Kouyate,MID,NFO,4.5,0.0
2022-23,21,570,Garner,MID,EVE,4.5,0.0
2022-23,21,620,Arthur,MID,LIV,4.8,0.0
2022-23,21,93,Onyeka,MID,BRE,4.8,0.0
2022-23,21,486,P Neto,MID,WOL,4.9,0.0
2022-23,21,562,Solomon,MID,FUL,4.9,0.0
2022-23,21,490,Chiquinho,MID,WOL,5.0,0.0
2022-23,21,293,Diaz,MID,LIV,7.8,0.0
2022-23,21,316,Palmer,MID,MCI,4.3,0.004566895
2022-23,21,23,Nelson,MID,ARS,4.7,0.0
2022-23,21,704,Sarabia,MID,WOL,5.5,0.003579467
2022-23,21,600,Knight,MID,MCI,4.5,0.00406
2022-23,21,347,Pellistri,MID,MUN,4.3,0.003545441
2022-23,21,632,Trevitt,MID,BRE,4.5,0.003937986
2022-23,21,546,Harris,MID,FUL,4.4,0.004033254
2022-23,21,699,Mudryk,MID,CHE,7.0,0.003501417
2022-23,21,551,Iqbal,MID,MUN,4.3,0.003416048
2022-23,21,665,Doak,MID,LIV,4.5,0.00362821
2022-23,21,651,Moran,MID,BHA,4.5,0.003547546
2022-23,21,452,Devine,MID,TOT,4.3,0.003783318
2022-23,21,643,Mainoo,MID,MUN,4.5,0.00332432
2022-23,21,449,H White,MID,TOT,4.4,0.003766271
2022-23,21,650,Yarmolyuk,MID,BRE,4.5,0.003601229
2022-23,21,564,Bajcetic,MID,LIV,4.4,0.003573866
2022-23,21,584,B Clark,MID,LIV,4.5,0.003561644
2022-23,21,668,Cozier-Duberry,MID,ARS,4.5,0.003580358
2022-23,21,630,Nwaneri,MID,ARS,4.5,0.003556055
2022-23,21,672,K Young,MID,AVL,4.5,0.003729301
2022-23,21,553,Hammond,MID,NFO,4.3,0.003693499
2022-23,21,653,Hutchinson,MID,CHE,4.5,0.003355706
2022-23,21,641,Godo,MID,FUL,4.5,0.003562464
2022-23,21,560,Mills,MID,EVE,4.4,0.003557497
2022-23,21,639,Braybrooke,MID,LEI,4.5,0.003460091
2022-23,21,269,Soumare,MID,LEI,4.4,0.0
2022-23,21,567,Ronan,MID,WOL,4.4,0.003192271
2022-23,21,696,Dacosta,MID,BOU,4.5,0.003662546
2022-23,21,658,Griffiths,MID,WOL,4.5,0.003164085
2022-23,21,601,Rodney,MID,CRY,4.5,0.003403145
2022-23,21,703,Danilo,MID,NFO,4.5,0.003389899
2022-23,21,667,Sekularac,MID,FUL,4.5,0.003266995
2022-23,21,509,Downes,MID,WHU,4.3,0.003277426
2022-23,21,556,Coventry,MID,WHU,4.4,0.003287665
2022-23,21,381,Colback,MID,NFO,4.2,0.003328175
2022-23,21,687,McAteer,MID,LEI,4.5,0.003264909
2022-23,21,607,M Smith,MID,ARS,4.5,0.003216441
2022-23,21,678,Price,MID,EVE,4.5,0.003253168
2022-23,21,654,Wells-Morrison,MID,CRY,4.5,0.003221073
2022-23,21,676,Ozoh,MID,CRY,4.5,0.003181725
2022-23,21,565,A Gray,MID,LEE,4.5,0.0
2022-23,21,569,Garnacho,MID,MUN,4.2,1.264642025
2022-23,21,36,Sanson,MID,AVL,4.3,0.152537991
2022-23,21,679,Buonanotte,MID,BHA,4.5,0.034646328
2022-23,21,702,Santos,MID,CHE,4.5,0.033368411
2022-23,21,677,Hinshelwood,MID,BHA,4.5,0.032661814
2022-23,21,647,Payne,MID,SOU,4.5,0.034384809
2022-23,21,648,Finnigan,MID,SOU,4.5,0.034022835
2022-23,21,552,Anderson,MID,NEW,4.4,0.08431632
2022-23,21,464,Benrahma,MID,WHU,5.6,2.063235152
2022-23,21,240,Summerville,MID,LEE,4.3,0.815689399
2022-23,21,247,Gyabi,MID,LEE,4.3,0.074659052
2022-23,21,450,P Sarr,MID,TOT,4.3,0.070508623
2022-23,21,524,O'Brien,MID,NFO,4.8,1.729746825
2022-23,21,41,Nakamba,MID,AVL,4.3,0.068217786
2022-23,21,27,Marquinhos,MID,ARS,4.6,0.15458722
2022-23,21,4,Elneny,MID,ARS,4.2,0.262879088
2022-23,21,661,Hall,MID,CHE,4.4,0.850906149
2022-23,21,252,N Mendy,MID,LEI,4.3,1.772620147
2022-23,21,693,Alcaraz,MID,SOU,5.0,0.268688234
2022-23,21,549,Praet,MID,LEI,4.8,1.507025576
2022-23,21,536,Mangala,MID,NFO,4.9,1.708002398
2022-23,21,554,Gil,MID,TOT,5.0,0.155127975
2022-23,21,349,Shelvey,MID,NEW,4.8,0.145662604
2022-23,21,568,Campbell,MID,WOL,4.4,0.136691971
2022-23,21,287,Keita,MID,LIV,4.7,0.828934634
2022-23,21,185,A Doucoure,MID,EVE,5.3,1.582583067
2022-23,21,566,Hodge,MID,WOL,4.4,0.133349848
2022-23,21,416,I Diallo,MID,SOU,4.3,0.139388659
2022-23,21,119,Sarmiento,MID,BHA,4.5,0.331901076
2022-23,21,400,Walcott,MID,SOU,4.8,0.245498745
2022-23,21,148,Gallagher,MID,CHE,5.7,0.5567772
2022-23,21,154,McArthur,MID,CRY,4.8,1.659874249
2022-23,21,512,Aribo,MID,SOU,5.2,1.985301271
2022-23,21,74,Dembele,MID,BOU,4.7,1.764850107
2022-23,21,149,Gilmour,MID,BHA,4.3,0.315878103
2022-23,21,365,Murphy,MID,NEW,4.3,1.349913215
2022-23,21,60,Brooks,MID,BOU,5.3,0.0
2022-23,21,251,Albrighton,MID,LEI,4.7,1.247299495
2022-23,21,344,Elanga,MID,MUN,4.7,0.280532801
2022-23,21,441,Skipp,MID,TOT,4.3,0.205831525
2022-23,21,164,Riedewald,MID,CRY,4.3,0.211522487
2022-23,21,216,Onomah,MID,FUL,4.3,0.300327876
2022-23,21,190,T Davies,MID,EVE,4.9,1.792622495
2022-23,21,87,Ghoddos,MID,BRE,4.8,0.288459377
2022-23,21,688,Schade,MID,BRE,5.0,0.605672446
2022-23,21,274,Milner,MID,LIV,4.4,0.783615798
2022-23,21,338,McTominay,MID,MUN,4.9,1.693001671
2022-23,21,291,C Jones,MID,LIV,4.9,0.767624459
2022-23,21,505,Rothwell,MID,BOU,4.9,1.992568508
2022-23,21,431,Lucas Moura,MID,TOT,5.8,0.678324082
2022-23,21,460,Lanzini,MID,WHU,5.1,0.620505337
2022-23,21,231,D James,MID,FUL,6.0,1.42423534
2022-23,21,325,Kalvin Phillips,MID,MCI,4.8,0.622252357
2022-23,21,179,Townsend,MID,EVE,5.4,0.305597049
2022-23,21,21,Maitland-Niles,MID,SOU,4.8,0.883446917
2022-23,21,58,Stanislas,MID,BOU,4.8,0.156304308
2022-23,21,575,Cornet,MID,WHU,5.9,0.361392885
2022-23,21,698,Lemina,MID,WOL,4.5,0.947730003
2022-23,21,580,Damsgaard,MID,BRE,5.1,0.623016843
2022-23,21,359,R Fraser,MID,NEW,5.2,1.335150581
2022-23,21,200,Cairney,MID,FUL,4.7,1.263632431
2022-23,21,224,Forshaw,MID,LEE,4.4,0.0
2022-23,21,203,N Chalobah,MID,FUL,4.4,0.592433548
2022-23,21,158,Milivojevic,MID,CRY,4.3,0.496812654
2022-23,21,418,Djenepo,MID,SOU,5.0,1.225541538
2022-23,21,68,Pearson,MID,BOU,4.4,1.397520733
2022-23,21,444,Bissouma,MID,TOT,4.7,2.070285399
2022-23,21,163,W Hughes,MID,CRY,4.8,0.464571199
2022-23,21,479,Dendoncker,MID,AVL,4.7,1.204114537
2022-23,21,94,Baptiste,MID,BRE,4.5,0.582988018
2022-23,21,318,Haaland,FWD,MCI,12.2,6.549022407
2022-23,21,427,Kane,FWD,TOT,11.6,4.153320914
2022-23,21,11,Nketiah,FWD,ARS,6.6,3.690665194
2022-23,21,80,Toney,FWD,BRE,7.4,4.342940804
2022-23,21,297,Nunez,FWD,LIV,8.9,1.699160072
2022-23,21,345,Martial,FWD,MUN,6.6,1.86311668
2022-23,21,210,Mitrovic,FWD,FUL,7.2,3.318549301
2022-23,21,40,Watkins,FWD,AVL,7.1,3.371161024
2022-23,21,145,Havertz,FWD,CHE,7.8,2.823534453
2022-23,21,594,Isak,FWD,NEW,6.6,3.185089122
2022-23,21,394,Brennan Johnson,FWD,NFO,5.6,3.373274934
2022-23,21,411,C Adams,FWD,SOU,6.3,3.316724374
2022-23,21,95,Mbeumo,FWD,BRE,5.9,3.295258057
2022-23,21,191,Calvert-Lewin,FWD,EVE,7.9,2.850191266
2022-23,21,227,Bamford,FWD,LEE,7.2,2.92594047
2022-23,21,103,Welbeck,FWD,BHA,6.5,2.913880086
2022-23,21,279,Firmino,FWD,LIV,8.0,0.440769465
2022-23,21,66,Solanke,FWD,BOU,5.7,0.0
2022-23,21,356,C Wilson,FWD,NEW,7.2,2.627874612
2022-23,21,271,Daka,FWD,LEI,5.7,2.761399613
2022-23,21,682,Cunha,FWD,WOL,5.5,2.194573055
2022-23,21,30,Ings,FWD,WHU,6.4,3.366968283
2022-23,21,62,Kieffer Moore,FWD,BOU,5.3,3.933102397
2022-23,21,690,Felix,FWD,CHE,7.5,0.0
2022-23,21,619,Gnonto,FWD,LEE,5.0,2.34879933
2022-23,21,255,Vardy,FWD,LEI,9.1,2.360194558
2022-23,21,476,Jimenez,FWD,WOL,6.7,1.617849335
2022-23,21,617,Aubameyang,FWD,CHE,8.6,2.425252508
2022-23,21,397,Awoniyi,FWD,NFO,5.7,2.962679302
2022-23,21,625,Costa,FWD,WOL,5.5,1.476559236
2022-23,21,701,Weghorst,FWD,MUN,6.0,1.9299444
2022-23,21,319,Alvarez,FWD,MCI,6.0,1.315603144
2022-23,21,529,Scamacca,FWD,WHU,6.6,0.0
2022-23,21,454,Richarlison,FWD,TOT,8.4,1.563923586
2022-23,21,408,A Armstrong,FWD,SOU,5.5,1.937240699
2022-23,21,110,Maupay,FWD,EVE,6.0,1.88358935
2022-23,21,262,Iheanacho,FWD,LEI,6.1,1.906915086
2022-23,21,166,Edouard,FWD,CRY,5.2,1.87040387
2022-23,21,150,Broja,FWD,CHE,5.3,0.0
2022-23,21,608,Kalajdzic,FWD,WOL,5.3,0.0
2022-23,21,28,Jesus,FWD,ARS,7.9,0.0
2022-23,21,288,Jota,FWD,LIV,8.8,0.0
2022-23,21,591,Ablade,FWD,FUL,4.5,0.003579407
2022-23,21,671,Morgan,FWD,SOU,4.5,0.003477318
2022-23,21,697,Sadi,FWD,BOU,4.5,0.003822759
2022-23,21,663,Perkins,FWD,LEE,4.5,0.003428717
2022-23,21,695,Adu-Adjei,FWD,BOU,4.5,0.003793822
2022-23,21,447,Scarlett,FWD,TOT,4.5,0.003396712
2022-23,21,685,Oyedeji,FWD,ARS,4.5,0.003372895
2022-23,21,686,Simms,FWD,EVE,4.5,0.003411321
2022-23,21,669,Mubama,FWD,WHU,4.5,0.003213887
2022-23,21,666,D Taylor,FWD,NFO,4.5,0.003254019
2022-23,21,657,N Fraser,FWD,WOL,4.5,0.00303743
2022-23,21,596,E Ferguson,FWD,BHA,4.5,1.361376743
2022-23,21,659,Mateo,FWD,LEE,4.5,0.077098186
2022-23,21,700,Rutter,FWD,LEE,5.5,0.809428593
2022-23,21,458,Antonio,FWD,WHU,7.0,2.699167893
2022-23,21,123,Undav,FWD,BHA,5.1,0.151379827
2022-23,21,684,D Fofana,FWD,CHE,5.0,0.58296858
2022-23,21,125,Enciso,FWD,BHA,4.7,0.530870524
2022-23,21,391,Surridge,FWD,NFO,4.7,0.595441597
2022-23,21,242,Gelhardt,FWD,LEE,5.1,0.240252066
2022-23,21,618,Vinicius,FWD,FUL,5.4,1.625648568
2022-23,21,237,Greenwood,FWD,LEE,4.2,0.708299231
2022-23,21,515,Lewis-Potter,FWD,BRE,5.2,0.584547489
2022-23,21,585,E Dennis,FWD,NFO,5.7,2.084321299
2022-23,21,354,Wood,FWD,NFO,5.6,0.588936215
2022-23,21,528,Mara,FWD,SOU,5.3,1.055303422
2022-23,21,168,Mateta,FWD,CRY,5.1,1.510081439
2022-23,22,15,Ramsdale,GK,ARS,4.9,4.272417812
2022-23,22,281,Alisson,GK,LIV,5.4,4.515048197
2022-23,22,307,Ederson,GK,MCI,5.4,3.341249563
2022-23,22,113,R Sanchez,GK,BHA,4.6,4.762328297
2022-23,22,327,de Gea,GK,MUN,5.0,8.172658114
2022-23,22,133,Kepa,GK,CHE,4.6,4.330934734
2022-23,22,238,Meslier,GK,LEE,4.5,6.569734614
2022-23,22,376,Pope,GK,NEW,5.5,3.877240136
2022-23,22,81,Raya,GK,BRE,4.7,4.441047127
2022-23,22,478,Sa,GK,WOL,5.0,2.643683529
2022-23,22,31,E Martinez,GK,AVL,4.9,3.872296292
2022-23,22,425,Lloris,GK,TOT,5.5,2.569490212
2022-23,22,152,Guaita,GK,CRY,4.4,2.975756073
2022-23,22,2,Leno,GK,FUL,4.5,2.72592057
2022-23,22,254,D Ward,GK,LEI,4.0,3.3474474
2022-23,22,455,Fabianski,GK,WHU,5.0,3.205597585
2022-23,22,182,Pickford,GK,EVE,4.4,3.001491017
2022-23,22,422,Bazunu,GK,SOU,4.5,3.067019385
2022-23,22,729,Navas,GK,NFO,4.5,3.389334676
2022-23,22,574,N Neto,GK,BOU,4.5,2.65724038
2022-23,22,147,E Mendy,GK,CHE,4.8,0.0
2022-23,22,398,D Henderson,GK,NFO,4.7,0.0
2022-23,22,289,Kelleher,GK,LIV,4.0,0.105770303
2022-23,22,324,Ortega,GK,MCI,3.8,0.065675903
2022-23,22,355,Dubravka,GK,NEW,4.1,0.097152786
2022-23,22,24,Turner,GK,ARS,3.9,0.080512932
2022-23,22,102,Steele,GK,BHA,3.9,0.086359184
2022-23,22,548,Iversen,GK,LEI,3.9,0.140552959
2022-23,22,175,Johnstone,GK,CRY,4.4,0.072200487
2022-23,22,426,Forster,GK,TOT,3.9,0.049041822
2022-23,22,72,Travers,GK,BOU,4.3,0.067063791
2022-23,22,162,Butland,GK,MUN,4.4,0.03770651
2022-23,22,35,Olsen,GK,AVL,3.9,0.070488445
2022-23,22,348,Heaton,GK,MUN,3.9,0.11309332
2022-23,22,236,Klaesson,GK,LEE,3.9,0.109010998
2022-23,22,473,Areola,GK,WHU,4.3,0.057688199
2022-23,22,635,Bettinelli,GK,CHE,4.0,0.080335689
2022-23,22,517,Strakosha,GK,BRE,4.3,0.035577205
2022-23,22,401,McCarthy,GK,SOU,4.3,0.059863975
2022-23,22,213,Rodak,GK,FUL,4.3,0.044832898
2022-23,22,633,Cox,GK,BRE,3.9,0.034099925
2022-23,22,518,Hennessey,GK,NFO,3.9,0.070238938
2022-23,22,502,Carson,GK,MCI,3.8,0.006460306
2022-23,22,497,Adrian,GK,LIV,3.9,0.008159996
2022-23,22,176,Begovic,GK,EVE,4.0,0.0527957
2022-23,22,656,Bishop,GK,MUN,4.0,0.013548158
2022-23,22,451,Austin,GK,TOT,3.9,0.004858264
2022-23,22,578,Robles,GK,LEE,4.0,0.010824427
2022-23,22,670,Marschall,GK,AVL,4.0,0.003360588
2022-23,22,581,Smithies,GK,LEI,4.0,0.005833998
2022-23,22,649,Plain,GK,BOU,4.0,0.00547463
2022-23,22,707,Sinisalo,GK,AVL,4.0,0.00067356
2022-23,22,644,Goodman,GK,CRY,4.0,0.000498586
2022-23,22,571,Randolph,GK,BOU,4.0,0.005346719
2022-23,22,424,Caballero,GK,SOU,3.9,0.000535753
2022-23,22,590,Whitworth,GK,CRY,4.0,0.000428542
2022-23,22,592,H Davies,GK,LIV,4.0,0.00407904
2022-23,22,655,Hein,GK,ARS,4.0,0.003592706
2022-23,22,717,Bentley,GK,WOL,4.0,0.003019395
2022-23,22,285,Trent,DEF,LIV,7.3,4.77916132
2022-23,22,16,Gabriel,DEF,ARS,5.2,4.014519761
2022-23,22,313,Zinchenko,DEF,ARS,5.0,3.884758278
2022-23,22,284,Robertson,DEF,LIV,6.8,4.013994069
2022-23,22,357,Trippier,DEF,NEW,6.1,4.507781996
2022-23,22,26,Saliba,DEF,ARS,5.3,3.657002916
2022-23,22,332,Shaw,DEF,MUN,5.3,8.341065304
2022-23,22,586,Estupinan,DEF,BHA,4.6,4.606283063
2022-23,22,106,Dunk,DEF,BHA,4.7,4.602657316
2022-23,22,533,L Martinez,DEF,MUN,4.5,7.627885754
2022-23,22,377,Botman,DEF,NEW,4.5,4.027093435
2022-23,22,308,Ake,DEF,MCI,5.0,2.772016521
2022-23,22,366,Schar,DEF,NEW,5.2,4.015551759
2022-23,22,276,Matip,DEF,LIV,5.9,3.936025375
2022-23,22,10,B White,DEF,ARS,4.7,3.217089958
2022-23,22,108,Webster,DEF,BHA,4.5,4.333078503
2022-23,22,358,Burn,DEF,NEW,4.6,3.697849486
2022-23,22,128,T Silva,DEF,CHE,5.5,4.037711582
2022-23,22,109,Veltman,DEF,BHA,4.6,3.538230133
2022-23,22,610,Akanji,DEF,MCI,5.0,2.891420549
2022-23,22,329,Varane,DEF,MUN,4.8,6.446107115
2022-23,22,286,J Gomez,DEF,LIV,4.3,3.745451975
2022-23,22,280,van Dijk,DEF,LIV,6.5,0.0
2022-23,22,302,Stones,DEF,MCI,5.4,0.800823459
2022-23,22,430,Dier,DEF,TOT,5.1,2.563805798
2022-23,22,573,R Lewis,DEF,MCI,3.9,2.248388901
2022-23,22,602,Lodi,DEF,NFO,4.3,3.682889586
2022-23,22,689,Badiashile,DEF,CHE,5.0,3.689155322
2022-23,22,448,Perisic,DEF,TOT,5.5,2.71286869
2022-23,22,92,Pinnock,DEF,BRE,4.4,3.767024946
2022-23,22,628,Aurier,DEF,NFO,4.6,3.697420991
2022-23,22,733,Porro,DEF,TOT,5.0,2.278005889
2022-23,22,472,Aguerd,DEF,WHU,4.8,2.953832494
2022-23,22,235,Struijk,DEF,LEE,4.5,4.386853767
2022-23,22,516,Collins,DEF,WOL,4.4,2.543373369
2022-23,22,85,Henry,DEF,BRE,4.5,3.707383093
2022-23,22,258,Castagne,DEF,LEI,4.5,3.104145452
2022-23,22,484,Kilman,DEF,WOL,4.3,2.514487412
2022-23,22,141,T Chalobah,DEF,CHE,4.6,3.221142379
2022-23,22,44,Konsa,DEF,AVL,4.4,3.385545848
2022-23,22,309,Laporte,DEF,MCI,5.7,2.132072336
2022-23,22,312,Dias,DEF,MCI,5.9,1.939119222
2022-23,22,39,Mings,DEF,AVL,4.3,3.372357433
2022-23,22,146,R James,DEF,CHE,5.7,1.075673896
2022-23,22,43,Cash,DEF,AVL,4.6,3.258841686
2022-23,22,526,Mee,DEF,BRE,4.8,3.554830893
2022-23,22,167,Guehi,DEF,CRY,4.4,2.39142131
2022-23,22,342,Dalot,DEF,MUN,4.7,3.399280673
2022-23,22,558,Bueno,DEF,WOL,3.9,2.197795918
2022-23,22,612,Faes,DEF,LEI,4.3,2.840465018
2022-23,22,165,Andersen,DEF,CRY,4.5,0.718575065
2022-23,22,691,Wober,DEF,LEE,4.5,4.43759279
2022-23,22,33,Digne,DEF,AVL,4.6,1.695095089
2022-23,22,199,Tarkowski,DEF,EVE,4.2,2.63032821
2022-23,22,482,Semedo,DEF,WOL,5.0,2.198329959
2022-23,22,443,Romero,DEF,TOT,4.9,1.918293331
2022-23,22,217,Robinson,DEF,FUL,4.4,2.108588778
2022-23,22,201,Ream,DEF,FUL,4.5,2.149265137
2022-23,22,270,Thomas,DEF,LEI,4.2,2.864359837
2022-23,22,420,Salisu,DEF,SOU,4.4,2.531826673
2022-23,22,170,Mitchell,DEF,CRY,4.4,2.34916034
2022-23,22,457,Cresswell,DEF,WHU,4.8,1.833973945
2022-23,22,475,Coady,DEF,EVE,4.9,2.117424412
2022-23,22,194,Mykolenko,DEF,EVE,4.3,2.411735279
2022-23,22,221,Cooper,DEF,LEE,4.4,3.349007151
2022-23,22,299,Walker,DEF,MCI,4.8,1.216168613
2022-23,22,513,Lenglet,DEF,TOT,4.8,1.585141928
2022-23,22,504,Malacia,DEF,MUN,4.2,3.631840213
2022-23,22,463,Coufal,DEF,WHU,4.1,2.26540437
2022-23,22,112,Cucurella,DEF,CHE,5.1,2.413662228
2022-23,22,470,Diop,DEF,FUL,4.3,1.759333909
2022-23,22,432,Ben T Davies,DEF,TOT,4.8,1.466337413
2022-23,22,461,Zouma,DEF,WHU,4.4,0.0
2022-23,22,423,Bella-Kotchap,DEF,SOU,4.5,2.429556432
2022-23,22,588,Kehrer,DEF,WHU,4.4,1.510905847
2022-23,22,156,J Ward,DEF,CRY,4.4,1.987142494
2022-23,22,230,Koch,DEF,LEE,4.5,1.665945218
2022-23,22,456,Ogbonna,DEF,WHU,4.4,2.441695906
2022-23,22,474,Boly,DEF,NFO,4.2,1.586941345
2022-23,22,730,Felipe,DEF,NFO,4.5,2.833882867
2022-23,22,520,Koulibaly,DEF,CHE,5.5,1.004854704
2022-23,22,694,Moreno,DEF,AVL,4.5,2.514901985
2022-23,22,84,Ajer,DEF,BRE,4.5,2.110214371
2022-23,22,139,Chilwell,DEF,CHE,5.8,0.451053692
2022-23,22,114,Lamptey,DEF,BHA,4.2,2.811020991
2022-23,22,222,Ayling,DEF,LEE,4.5,3.18260779
2022-23,22,57,A Smith,DEF,BOU,4.4,2.399721595
2022-23,22,272,W Fofana,DEF,CHE,4.3,0.347999593
2022-23,22,409,Walker-Peters,DEF,SOU,4.4,2.036960187
2022-23,22,576,Senesi,DEF,BOU,4.5,2.410612679
2022-23,22,417,Perraud,DEF,SOU,4.2,2.376122339
2022-23,22,510,Hickey,DEF,BRE,4.9,2.684469879
2022-23,22,388,Worrall,DEF,NFO,4.2,1.479546914
2022-23,22,249,Evans,DEF,LEI,4.4,0.0
2022-23,22,76,Zemura,DEF,BOU,4.4,1.968114589
2022-23,22,197,Patterson,DEF,EVE,3.9,0.0
2022-23,22,215,K Tete,DEF,FUL,4.4,1.235083639
2022-23,22,257,Amartey,DEF,LEI,4.2,2.678709138
2022-23,22,559,Colwill,DEF,BHA,4.4,0.094168561
2022-23,22,445,Emerson R,DEF,TOT,4.9,0.896303998
2022-23,22,341,Wan-Bissaka,DEF,MUN,4.3,2.310245011
2022-23,22,157,Clyne,DEF,CRY,4.5,1.830991956
2022-23,22,595,Zanka,DEF,BRE,4.0,0.999089859
2022-23,22,292,Tsimikas,DEF,LIV,4.4,1.023057248
2022-23,22,244,Kristensen,DEF,LEE,4.8,1.576365293
2022-23,22,90,Roerslev,DEF,BRE,4.3,1.05272641
2022-23,22,193,Godfrey,DEF,EVE,4.3,1.81131565
2022-23,22,73,Kelly,DEF,BOU,4.3,2.138382741
2022-23,22,127,Azpilicueta,DEF,CHE,4.8,1.35788883
2022-23,22,330,Maguire,DEF,MUN,4.7,1.028782779
2022-23,22,459,Dawson,DEF,WOL,4.8,0.65971082
2022-23,22,209,Adarabioyo,DEF,FUL,4.5,0.705419871
2022-23,22,290,Konate,DEF,LIV,4.8,0.0
2022-23,22,239,Firpo,DEF,LEE,4.5,2.912485732
2022-23,22,436,Sessegnon,DEF,TOT,4.4,1.116239323
2022-23,22,435,D Sanchez,DEF,TOT,4.3,0.346466052
2022-23,22,545,Emerson P,DEF,WHU,4.0,0.915209938
2022-23,22,256,R Pereira,DEF,LEI,4.3,0.0
2022-23,22,337,Lindelof,DEF,MUN,4.1,0.655897514
2022-23,22,530,C Richards,DEF,CRY,4.4,1.32882534
2022-23,22,623,Caleta-Car,DEF,SOU,4.5,0.813038693
2022-23,22,413,Lyanco,DEF,SOU,4.4,1.805062836
2022-23,22,587,S Gomez,DEF,MCI,4.5,0.324544249
2022-23,22,385,McKenna,DEF,NFO,4.4,0.716168516
2022-23,22,360,Lascelles,DEF,NEW,4.3,0.97798435
2022-23,22,501,N Phillips,DEF,LIV,3.9,0.344825601
2022-23,22,367,Targett,DEF,NEW,4.7,0.0
2022-23,22,477,Jonny,DEF,WOL,4.3,0.751412967
2022-23,22,253,Vestergaard,DEF,LEI,3.9,0.38131365
2022-23,22,267,Soyuncu,DEF,LEI,4.2,0.369841072
2022-23,22,544,van Hecke,DEF,BHA,4.0,0.501090114
2022-23,22,1,Cedric,DEF,FUL,4.2,0.727150972
2022-23,22,188,Mina,DEF,EVE,4.3,0.704889877
2022-23,22,250,Bertrand,DEF,LEI,3.9,0.0
2022-23,22,622,Larios,DEF,SOU,4.0,0.0
2022-23,22,78,Jansson,DEF,BRE,4.2,0.0
2022-23,22,363,Manquillo,DEF,NEW,4.2,0.0
2022-23,22,419,Livramento,DEF,SOU,4.4,0.0
2022-23,22,50,Carlos,DEF,AVL,4.7,0.0
2022-23,22,226,Dallas,DEF,LEE,4.9,0.0
2022-23,22,362,Dummett,DEF,NEW,3.9,0.004208526
2022-23,22,631,Sousa,DEF,ARS,4.0,0.00402885
2022-23,22,540,Stevens,DEF,BRE,4.0,0.003951836
2022-23,22,498,R Williams,DEF,LIV,4.0,0.003822439
2022-23,22,674,Bennett,DEF,MUN,4.0,0.007205332
2022-23,22,555,Ashby,DEF,NEW,3.9,0.003677922
2022-23,22,439,Tanganga,DEF,TOT,3.9,0.00319487
2022-23,22,673,Humphreys,DEF,CHE,4.5,0.003678089
2022-23,22,386,Drager,DEF,NFO,4.0,0.003873384
2022-23,22,636,Parkes,DEF,FUL,4.0,0.00308144
2022-23,22,664,Lembikisa,DEF,WOL,4.0,0.003091513
2022-23,22,716,Bree,DEF,SOU,4.5,0.003330103
2022-23,22,598,Bevan,DEF,BOU,4.0,0.00333095
2022-23,22,273,Brunt,DEF,LEI,3.9,0.003333552
2022-23,22,642,Balmer,DEF,CRY,4.0,0.003045556
2022-23,22,298,Ramsay,DEF,LIV,3.9,0.023727767
2022-23,22,605,Welch,DEF,EVE,4.0,0.00310733
2022-23,22,637,John,DEF,EVE,4.0,0.003075188
2022-23,22,613,Kurzawa,DEF,FUL,4.3,0.15091263
2022-23,22,343,B Williams,DEF,MUN,3.8,0.095087672
2022-23,22,722,Zabarnyi,DEF,BOU,4.5,0.30580043
2022-23,22,645,Wormleighton,DEF,LEI,4.0,0.221264186
2022-23,22,180,Keane,DEF,EVE,4.2,0.0
2022-23,22,350,Ritchie,DEF,NEW,4.2,0.094160189
2022-23,22,71,Mepham,DEF,BOU,4.4,1.075673905
2022-23,22,646,Crama,DEF,BRE,4.0,0.035559533
2022-23,22,192,Holgate,DEF,EVE,4.3,0.085334278
2022-23,22,32,C Chambers,DEF,AVL,4.2,0.445430058
2022-23,22,410,Bednarek,DEF,SOU,4.2,0.34843758
2022-23,22,153,Tomkins,DEF,CRY,3.9,0.077193483
2022-23,22,531,Vinagre,DEF,EVE,4.3,0.034019413
2022-23,22,531,Vinagre,DEF,EVE,4.3,0.034019413
2022-23,22,372,J Lewis,DEF,NEW,4.4,0.085042177
2022-23,22,507,Niakhate,DEF,NFO,4.3,0.044049475
2022-23,22,105,Duffy,DEF,FUL,4.3,0.064265319
2022-23,22,404,Stephens,DEF,BOU,4.3,0.073059871
2022-23,22,14,Tomiyasu,DEF,ARS,4.2,1.534630893
2022-23,22,709,Kristiansen,DEF,LEI,4.5,0.475114793
2022-23,22,65,Stacey,DEF,BOU,4.3,0.066390251
2022-23,22,471,Ben Johnson,DEF,WHU,4.4,0.161888481
2022-23,22,532,Mbabu,DEF,FUL,4.3,0.131512041
2022-23,22,174,N Ferguson,DEF,CRY,3.9,0.0
2022-23,22,487,Ait-Nouri,DEF,WOL,4.2,0.826880529
2022-23,22,727,Souttar,DEF,LEI,4.5,0.161650812
2022-23,22,523,Toffolo,DEF,NFO,4.3,0.264431491
2022-23,22,538,A Young,DEF,AVL,4.4,0.809216976
2022-23,22,8,Tierney,DEF,ARS,4.6,0.978251323
2022-23,22,178,Coleman,DEF,EVE,4.4,1.433089818
2022-23,22,710,Kiwior,DEF,ARS,4.0,0.21510451
2022-23,22,5,Holding,DEF,ARS,4.2,0.287743147
2022-23,22,59,Fredericks,DEF,BOU,4.4,0.320353785
2022-23,22,489,Toti,DEF,WOL,3.9,0.42555277
2022-23,22,295,N Williams,DEF,NFO,3.9,1.175637231
2022-23,22,283,Salah,MID,LIV,12.7,5.61834591
2022-23,22,333,Fernandes,MID,MUN,9.9,10.96110832
2022-23,22,301,De Bruyne,MID,MCI,12.4,4.209045987
2022-23,22,335,Rashford,MID,MUN,7.2,10.28544595
2022-23,22,13,Saka,MID,ARS,8.2,4.333450678
2022-23,22,19,Martinelli,MID,ARS,6.7,4.257191261
2022-23,22,7,Odegaard,MID,ARS,6.9,4.219682776
2022-23,22,593,Casemiro,MID,MUN,4.9,8.292267012
2022-23,22,142,Mount,MID,CHE,7.4,4.588708204
2022-23,22,104,Gross,MID,BHA,5.5,4.89966346
2022-23,22,465,Bowen,MID,WHU,8.0,3.620873666
2022-23,22,107,March,MID,BHA,5.2,4.49660944
2022-23,22,311,B Silva,MID,MCI,6.8,3.136208054
2022-23,22,428,Son,MID,TOT,11.6,3.529801759
2022-23,22,124,Mitoma,MID,BHA,5.1,4.365604519
2022-23,22,300,Gundogan,MID,MCI,7.3,2.905229227
2022-23,22,264,Barnes,MID,LEI,6.7,3.676841131
2022-23,22,116,Mac Allister,MID,BHA,5.4,0.0
2022-23,22,315,Rodri,MID,MCI,5.6,2.957166617
2022-23,22,303,Mahrez,MID,MCI,7.7,2.831861687
2022-23,22,609,Antony,MID,MUN,7.3,6.67464121
2022-23,22,603,Paqueta,MID,WHU,5.9,3.187265271
2022-23,22,314,Foden,MID,MCI,8.0,2.847812925
2022-23,22,371,Joelinton,MID,NEW,5.9,3.781093538
2022-23,22,261,Maddison,MID,LEI,8.0,3.526110054
2022-23,22,6,Partey,MID,ARS,4.7,2.250423004
2022-23,22,120,Caicedo,MID,BHA,5.0,3.838712331
2022-23,22,42,Buendia,MID,AVL,5.7,4.148839767
2022-23,22,189,D Gray,MID,EVE,5.3,3.222895892
2022-23,22,45,Bailey,MID,AVL,4.5,3.974935136
2022-23,22,407,Ward-Prowse,MID,SOU,6.2,3.529185257
2022-23,22,369,Almiron,MID,NEW,5.8,3.748191623
2022-23,22,3,Xhaka,MID,ARS,5.0,2.929349974
2022-23,22,724,E Fernandez,MID,CHE,5.0,3.218023282
2022-23,22,680,Gakpo,MID,LIV,7.8,3.553965386
2022-23,22,305,Grealish,MID,MCI,6.8,2.561763712
2022-23,22,464,Benrahma,MID,WHU,5.6,3.151598193
2022-23,22,506,T Adams,MID,LEE,4.9,5.015281082
2022-23,22,169,Eze,MID,CRY,5.5,3.033682172
2022-23,22,245,Roca,MID,LEE,4.8,5.335932977
2022-23,22,373,Willock,MID,NEW,4.7,3.755198231
2022-23,22,614,Willian,MID,FUL,5.5,2.775119571
2022-23,22,246,Aaronson,MID,LEE,5.4,5.140815445
2022-23,22,480,Neves,MID,WOL,5.4,2.582303584
2022-23,22,160,Zaha,MID,CRY,7.2,0.793030248
2022-23,22,704,Sarabia,MID,WOL,5.5,2.357534252
2022-23,22,304,Sterling,MID,CHE,9.7,0.836329648
2022-23,22,446,Kulusevski,MID,TOT,7.9,2.907228734
2022-23,22,346,A Pereira,MID,FUL,4.5,2.556704793
2022-23,22,88,Jensen,MID,BRE,4.8,3.700018324
2022-23,22,699,Mudryk,MID,CHE,7.0,2.521237627
2022-23,22,493,Gibbs-White,MID,NFO,5.5,0.475685564
2022-23,22,508,Sinisterra,MID,LEE,6.5,4.76889987
2022-23,22,111,Trossard,MID,ARS,6.7,2.368172321
2022-23,22,47,J Ramsey,MID,AVL,5.2,3.203410835
2022-23,22,577,Onana,MID,EVE,4.8,2.705396988
2022-23,22,368,Saint-Maximin,MID,NEW,6.1,3.044414991
2022-23,22,186,Iwobi,MID,EVE,5.4,2.894800046
2022-23,22,681,Scarpa,MID,NFO,5.0,4.062616806
2022-23,22,582,Freuler,MID,NFO,4.9,3.318766299
2022-23,22,483,Podence,MID,WOL,5.3,2.310267938
2022-23,22,433,Hojbjerg,MID,TOT,5.5,2.52262946
2022-23,22,205,Reid,MID,FUL,5.5,2.458868641
2022-23,22,331,Fred,MID,MUN,5.1,5.36659917
2022-23,22,79,Norgaard,MID,BRE,5.3,3.308772709
2022-23,22,277,Thiago,MID,LIV,5.2,2.817503849
2022-23,22,171,Olise,MID,CRY,5.4,2.779045552
2022-23,22,440,Bentancur,MID,TOT,5.4,2.426100339
2022-23,22,374,Guimaraes,MID,NEW,5.6,0.0
2022-23,22,259,Tielemans,MID,LEI,6.2,3.041920614
2022-23,22,53,Kamara,MID,AVL,4.8,2.973082355
2022-23,22,132,Kovacic,MID,CHE,4.9,3.048145027
2022-23,22,37,McGinn,MID,AVL,5.1,0.965319269
2022-23,22,467,Rice,MID,WHU,4.7,2.556781431
2022-23,22,266,Dewsbury-Hall,MID,LEI,4.9,2.76706293
2022-23,22,220,Palhinha,MID,FUL,5.0,2.373103928
2022-23,22,535,Tavernier,MID,BOU,4.7,1.384934665
2022-23,22,340,Sancho,MID,MUN,7.1,4.196488041
2022-23,22,406,Elyounoussi,MID,SOU,5.2,2.514297483
2022-23,22,233,Harrison,MID,LEE,5.8,4.694501351
2022-23,22,534,McNeil,MID,EVE,5.1,2.567094075
2022-23,22,64,Lerma,MID,BOU,4.8,2.511290867
2022-23,22,195,A Gordon,MID,NEW,5.2,1.407849019
2022-23,22,468,Soucek,MID,WHU,5.1,2.752075683
2022-23,22,589,Nunes,MID,WOL,4.8,2.204085643
2022-23,22,514,C Doucoure,MID,CRY,5.0,2.366824224
2022-23,22,370,S Longstaff,MID,NEW,4.3,3.163039181
2022-23,22,611,Gueye,MID,EVE,4.9,2.409617977
2022-23,22,282,Fabinho,MID,LIV,5.3,2.100683697
2022-23,22,720,McKennie,MID,LEE,5.0,3.475643543
2022-23,22,70,Billing,MID,BOU,5.1,2.185828542
2022-23,22,161,Schlupp,MID,CRY,4.7,2.527793896
2022-23,22,159,J Ayew,MID,CRY,5.3,2.497187656
2022-23,22,503,Moutinho,MID,WOL,4.7,2.150673473
2022-23,22,387,Yates,MID,NFO,5.0,2.309397741
2022-23,22,723,H Traore,MID,BOU,4.5,2.12417492
2022-23,22,86,Janelt,MID,BRE,5.5,2.90735945
2022-23,22,728,Sabitzer,MID,MUN,5.0,3.344297409
2022-23,22,705,Ouattara,MID,BOU,5.0,2.548583751
2022-23,22,148,Gallagher,MID,CHE,5.7,2.663252483
2022-23,22,294,Elliott,MID,LIV,4.9,2.375466251
2022-23,22,275,J Henderson,MID,LIV,5.3,2.096639302
2022-23,22,130,Jorginho,MID,ARS,5.8,1.634312376
2022-23,22,29,Coutinho,MID,AVL,6.6,2.415038236
2022-23,22,293,Diaz,MID,LIV,7.8,0.0
2022-23,22,135,Ziyech,MID,CHE,5.5,2.981034864
2022-23,22,265,Ndidi,MID,LEI,4.8,0.0
2022-23,22,67,L Cook,MID,BOU,4.9,1.026264583
2022-23,22,469,Fornals,MID,WHU,4.9,2.02891843
2022-23,22,89,Wissa,MID,BRE,5.3,2.496138115
2022-23,22,211,Reed,MID,FUL,4.4,1.98196726
2022-23,22,321,Lavia,MID,SOU,4.5,2.187573844
2022-23,22,101,Lallana,MID,BHA,4.9,0.274099258
2022-23,22,491,A Traore,MID,WOL,5.4,1.644869005
2022-23,22,564,Bajcetic,MID,LIV,4.4,1.508355276
2022-23,22,225,Rodrigo,MID,LEE,6.4,2.912967115
2022-23,22,136,Loftus-Cheek,MID,CHE,5.0,1.678733205
2022-23,22,661,Hall,MID,CHE,4.4,1.56218023
2022-23,22,527,Lingard,MID,NFO,5.4,0.952557351
2022-23,22,83,Dasilva,MID,BRE,4.2,2.306506399
2022-23,22,46,Douglas Luiz,MID,AVL,4.8,2.956604893
2022-23,22,134,Kante,MID,CHE,4.8,0.0
2022-23,22,713,Danjuma,MID,TOT,6.5,0.613287113
2022-23,22,12,Smith Rowe,MID,ARS,5.6,1.556494006
2022-23,22,692,Orsic,MID,SOU,5.5,1.234823681
2022-23,22,536,Mangala,MID,NFO,4.9,2.503226089
2022-23,22,287,Keita,MID,LIV,4.7,1.406335306
2022-23,22,708,Madueke,MID,CHE,5.5,0.30855674
2022-23,22,624,Edozie,MID,SOU,4.7,1.532966224
2022-23,22,149,Gilmour,MID,BHA,4.3,2.351172551
2022-23,22,212,H Wilson,MID,FUL,5.7,1.612798258
2022-23,22,703,Danilo,MID,NFO,4.5,2.323660946
2022-23,22,481,Hwang,MID,WOL,5.7,1.514245099
2022-23,22,616,Zakaria,MID,CHE,4.9,0.0
2022-23,22,365,Murphy,MID,NEW,4.2,1.87128126
2022-23,22,252,N Mendy,MID,LEI,4.3,2.187918484
2022-23,22,359,R Fraser,MID,NEW,5.2,1.925918425
2022-23,22,140,Pulisic,MID,CHE,5.7,0.0
2022-23,22,204,Kebano,MID,FUL,5.4,0.0
2022-23,22,4,Elneny,MID,ARS,4.1,0.0
2022-23,22,117,Moder,MID,BHA,4.4,0.0
2022-23,22,629,Boubacar Traore,MID,WOL,4.4,0.0
2022-23,22,583,Kouyate,MID,NFO,4.5,0.0
2022-23,22,570,Garner,MID,EVE,4.5,0.0
2022-23,22,639,Braybrooke,MID,LEI,4.5,0.0
2022-23,22,154,McArthur,MID,CRY,4.8,0.0
2022-23,22,93,Onyeka,MID,BRE,4.8,0.0
2022-23,22,486,P Neto,MID,WOL,4.9,0.0
2022-23,22,562,Solomon,MID,FUL,4.9,0.0
2022-23,22,490,Chiquinho,MID,WOL,5.0,0.0
2022-23,22,519,Eriksen,MID,MUN,6.3,0.0
2022-23,22,316,Palmer,MID,MCI,4.3,0.004045552
2022-23,22,347,Pellistri,MID,MUN,4.3,0.007835758
2022-23,22,600,Knight,MID,MCI,4.5,0.003729822
2022-23,22,632,Trevitt,MID,BRE,4.4,0.004116402
2022-23,22,23,Nelson,MID,ARS,4.7,0.003877015
2022-23,22,546,Harris,MID,FUL,4.4,0.003736688
2022-23,22,551,Iqbal,MID,MUN,4.3,0.007407746
2022-23,22,643,Mainoo,MID,MUN,4.5,0.007207725
2022-23,22,650,Yarmolyuk,MID,BRE,4.5,0.003733455
2022-23,22,452,Devine,MID,TOT,4.3,0.003515857
2022-23,22,449,H White,MID,TOT,4.4,0.003505503
2022-23,22,715,M Tete,MID,LEI,5.5,0.003671793
2022-23,22,584,B Clark,MID,LIV,4.5,0.003633805
2022-23,22,668,Cozier-Duberry,MID,ARS,4.5,0.00360821
2022-23,22,630,Nwaneri,MID,ARS,4.5,0.003583969
2022-23,22,672,K Young,MID,AVL,4.5,0.003850544
2022-23,22,731,Sulemana,MID,SOU,5.0,0.003586464
2022-23,22,553,Hammond,MID,NFO,4.3,0.003797197
2022-23,22,641,Godo,MID,FUL,4.5,0.003427949
2022-23,22,560,Mills,MID,EVE,4.4,0.003544196
2022-23,22,658,Griffiths,MID,WOL,4.4,0.003255901
2022-23,22,712,Perrone,MID,MCI,4.5,0.003198871
2022-23,22,606,Vale,MID,CHE,4.5,0.003439984
2022-23,22,702,Santos,MID,CHE,4.5,0.003447973
2022-23,22,696,Dacosta,MID,BOU,4.4,0.003348355
2022-23,22,601,Rodney,MID,CRY,4.5,0.003314613
2022-23,22,721,J Gomes,MID,WOL,4.5,0.003201207
2022-23,22,607,M Smith,MID,ARS,4.5,0.00324396
2022-23,22,678,Price,MID,EVE,4.5,0.003263235
2022-23,22,647,Payne,MID,SOU,4.5,0.003172904
2022-23,22,509,Downes,MID,WHU,4.2,0.003114142
2022-23,22,648,Finnigan,MID,SOU,4.5,0.00314757
2022-23,22,654,Wells-Morrison,MID,CRY,4.5,0.003149344
2022-23,22,676,Ozoh,MID,CRY,4.5,0.003095597
2022-23,22,269,Soumare,MID,LEI,4.4,0.0
2022-23,22,565,A Gray,MID,LEE,4.5,0.019167114
2022-23,22,679,Buonanotte,MID,BHA,4.5,0.003709335
2022-23,22,651,Moran,MID,BHA,4.5,0.019053489
2022-23,22,677,Hinshelwood,MID,BHA,4.5,0.017219643
2022-23,22,18,Lokonga,MID,CRY,4.3,1.272419225
2022-23,22,240,Summerville,MID,LEE,4.2,1.419648339
2022-23,22,665,Doak,MID,LIV,4.5,0.037202765
2022-23,22,552,Anderson,MID,NEW,4.4,0.089728076
2022-23,22,278,Chamberlain,MID,LIV,4.9,0.274955031
2022-23,22,34,Bertrand Traore,MID,AVL,4.9,0.200848318
2022-23,22,719,Ayari,MID,BHA,4.5,0.310690774
2022-23,22,450,P Sarr,MID,TOT,4.3,0.033467482
2022-23,22,667,Sekularac,MID,FUL,4.5,0.071130887
2022-23,22,569,Garnacho,MID,MUN,4.2,1.321806412
2022-23,22,247,Gyabi,MID,LEE,4.3,0.143720796
2022-23,22,725,Ahamada,MID,CRY,4.5,0.067436558
2022-23,22,693,Alcaraz,MID,SOU,5.0,0.17119676
2022-23,22,296,Carvalho,MID,LIV,5.2,0.807356088
2022-23,22,338,McTominay,MID,MUN,4.9,0.944322804
2022-23,22,405,S Armstrong,MID,SOU,4.7,1.20143587
2022-23,22,75,Anthony,MID,BOU,5.2,0.155028684
2022-23,22,460,Lanzini,MID,WHU,5.1,0.147174753
2022-23,22,119,Sarmiento,MID,BHA,4.5,1.213600878
2022-23,22,549,Praet,MID,LEI,4.8,0.887001188
2022-23,22,566,Hodge,MID,WOL,4.4,0.139136177
2022-23,22,291,C Jones,MID,LIV,4.9,0.243632515
2022-23,22,416,I Diallo,MID,SOU,4.2,0.135193102
2022-23,22,164,Riedewald,MID,CRY,4.3,0.13715429
2022-23,22,400,Walcott,MID,SOU,4.8,0.23766888
2022-23,22,349,Shelvey,MID,NFO,4.8,0.0
2022-23,22,575,Cornet,MID,WHU,5.9,0.0
2022-23,22,515,Lewis-Potter,MID,BRE,5.2,0.57258325
2022-23,22,734,A Ayew,MID,NFO,5.0,0.591746205
2022-23,22,344,Elanga,MID,MUN,4.7,0.631264158
2022-23,22,25,Vieira,MID,ARS,5.6,0.784630891
2022-23,22,580,Damsgaard,MID,BRE,5.1,0.321610816
2022-23,22,441,Skipp,MID,TOT,4.3,0.1973931
2022-23,22,620,Arthur,MID,LIV,4.8,0.306390128
2022-23,22,58,Stanislas,MID,BOU,4.8,0.070154286
2022-23,22,726,Lukic,MID,FUL,4.5,0.760791556
2022-23,22,87,Ghoddos,MID,BRE,4.8,0.298915934
2022-23,22,190,T Davies,MID,EVE,4.9,0.785688272
2022-23,22,431,Lucas Moura,MID,TOT,5.8,0.223014656
2022-23,22,69,Christie,MID,BOU,5.3,1.186347783
2022-23,22,505,Rothwell,MID,BOU,4.9,1.712377235
2022-23,22,274,Milner,MID,LIV,4.4,0.758314706
2022-23,22,512,Aribo,MID,SOU,5.1,1.262122789
2022-23,22,698,Lemina,MID,WOL,4.5,1.00589585
2022-23,22,688,Schade,MID,BRE,5.0,0.819955494
2022-23,22,179,Townsend,MID,EVE,5.4,0.301632371
2022-23,22,60,Brooks,MID,BOU,5.3,0.135561353
2022-23,22,325,Kalvin Phillips,MID,MCI,4.8,0.569422632
2022-23,22,185,A Doucoure,MID,EVE,5.3,1.039971175
2022-23,22,21,Maitland-Niles,MID,SOU,4.8,0.544289388
2022-23,22,418,Djenepo,MID,SOU,5.0,0.740141157
2022-23,22,231,D James,MID,FUL,6.0,0.95973796
2022-23,22,381,Colback,MID,NFO,4.2,0.829086392
2022-23,22,158,Milivojevic,MID,CRY,4.2,0.599395665
2022-23,22,163,W Hughes,MID,CRY,4.8,0.685439439
2022-23,22,94,Baptiste,MID,BRE,4.5,0.454962344
2022-23,22,224,Forshaw,MID,LEE,4.4,0.815118026
2022-23,22,479,Dendoncker,MID,AVL,4.7,1.03390185
2022-23,22,444,Bissouma,MID,TOT,4.7,1.218078382
2022-23,22,200,Cairney,MID,FUL,4.7,1.261895683
2022-23,22,318,Haaland,FWD,MCI,12.2,5.186253352
2022-23,22,11,Nketiah,FWD,ARS,6.7,4.09748895
2022-23,22,297,Nunez,FWD,LIV,8.8,4.29634492
2022-23,22,427,Kane,FWD,TOT,11.7,3.812456794
2022-23,22,345,Martial,FWD,MUN,6.5,7.313072408
2022-23,22,80,Toney,FWD,BRE,7.7,4.835136911
2022-23,22,356,C Wilson,FWD,NEW,7.1,4.334422078
2022-23,22,145,Havertz,FWD,CHE,7.8,4.209461318
2022-23,22,103,Welbeck,FWD,BHA,6.5,4.336520015
2022-23,22,227,Bamford,FWD,LEE,7.2,5.783500429
2022-23,22,40,Watkins,FWD,AVL,7.1,3.921329432
2022-23,22,210,Mitrovic,FWD,FUL,7.0,2.967057641
2022-23,22,594,Isak,FWD,NEW,6.6,1.326430665
2022-23,22,394,Brennan Johnson,FWD,NFO,5.6,4.077380891
2022-23,22,191,Calvert-Lewin,FWD,EVE,7.9,3.023340852
2022-23,22,95,Mbeumo,FWD,BRE,5.8,3.592279158
2022-23,22,255,Vardy,FWD,LEI,9.1,2.373427177
2022-23,22,411,C Adams,FWD,SOU,6.3,2.778927321
2022-23,22,682,Cunha,FWD,WOL,5.5,2.330551622
2022-23,22,110,Maupay,FWD,EVE,5.9,2.739456203
2022-23,22,619,Gnonto,FWD,LEE,5.0,4.189973728
2022-23,22,166,Edouard,FWD,CRY,5.1,2.594177076
2022-23,22,701,Weghorst,FWD,MUN,6.0,4.245830737
2022-23,22,397,Awoniyi,FWD,NFO,5.6,0.452540498
2022-23,22,690,Felix,FWD,CHE,7.5,0.0
2022-23,22,30,Ings,FWD,WHU,6.4,1.292114398
2022-23,22,279,Firmino,FWD,LIV,8.0,0.0
2022-23,22,288,Jota,FWD,LIV,8.8,0.0
2022-23,22,271,Daka,FWD,LEI,5.7,2.627015509
2022-23,22,476,Jimenez,FWD,WOL,6.7,1.617753278
2022-23,22,62,Kieffer Moore,FWD,BOU,5.2,2.715736038
2022-23,22,700,Rutter,FWD,LEE,5.5,3.092440331
2022-23,22,66,Solanke,FWD,BOU,5.5,0.0
2022-23,22,617,Aubameyang,FWD,CHE,8.5,2.654640332
2022-23,22,596,E Ferguson,FWD,BHA,4.6,2.179045788
2022-23,22,319,Alvarez,FWD,MCI,6.0,1.149692694
2022-23,22,625,Costa,FWD,WOL,5.4,1.365600418
2022-23,22,732,Onuachu,FWD,SOU,5.5,1.555540429
2022-23,22,458,Antonio,FWD,WHU,7.0,2.484862322
2022-23,22,529,Scamacca,FWD,WHU,6.6,0.0
2022-23,22,454,Richarlison,FWD,TOT,8.4,1.330867299
2022-23,22,585,E Dennis,FWD,NFO,5.7,1.799253218
2022-23,22,150,Broja,FWD,CHE,5.3,0.0
2022-23,22,28,Jesus,FWD,ARS,7.9,0.0
2022-23,22,591,Ablade,FWD,FUL,4.5,0.003432933
2022-23,22,706,Pollock,FWD,BOU,4.5,0.003457047
2022-23,22,697,Sadi,FWD,BOU,4.5,0.003448699
2022-23,22,671,Morgan,FWD,SOU,4.5,0.003429129
2022-23,22,663,Perkins,FWD,LEE,4.5,0.006662157
2022-23,22,695,Adu-Adjei,FWD,BOU,4.5,0.003432688
2022-23,22,686,Simms,FWD,EVE,4.5,0.00339191
2022-23,22,447,Scarlett,FWD,TOT,4.5,0.003297606
2022-23,22,666,D Taylor,FWD,NFO,4.5,0.003322912
2022-23,22,657,N Fraser,FWD,WOL,4.5,0.003091315
2022-23,22,354,Wood,FWD,NFO,5.6,1.134688903
2022-23,22,684,D Fofana,FWD,CHE,5.0,0.403989958
2022-23,22,168,Mateta,FWD,CRY,5.1,1.964841851
2022-23,22,408,A Armstrong,FWD,SOU,5.4,1.542433491
2022-23,22,125,Enciso,FWD,BHA,4.7,1.344770277
2022-23,22,659,Mateo,FWD,LEE,4.5,0.147759714
2022-23,22,669,Mubama,FWD,WHU,4.5,0.06140944
2022-23,22,237,Greenwood,FWD,LEE,4.1,1.957794333
2022-23,22,123,Undav,FWD,BHA,5.1,0.829842538
2022-23,22,391,Surridge,FWD,NFO,4.7,1.770038137
2022-23,22,714,Semenyo,FWD,BOU,5.0,1.039045296
2022-23,22,262,Iheanacho,FWD,LEI,6.1,1.23944997
2022-23,22,711,Duran,FWD,AVL,5.5,1.007213432
2022-23,22,528,Mara,FWD,SOU,5.3,0.63979764
2022-23,22,618,Vinicius,FWD,FUL,5.4,0.992781604
2022-23,25,281,Alisson,GK,LIV,5.4,9.192409245
2022-23,25,15,Ramsdale,GK,ARS,4.9,8.234825067
2022-23,25,182,Pickford,GK,EVE,4.4,6.51854152
2022-23,25,31,E Martinez,GK,AVL,4.9,3.885822059
2022-23,25,133,Kepa,GK,CHE,4.7,3.036175676
2022-23,25,478,Sa,GK,WOL,5.0,5.946587604
2022-23,25,152,Guaita,GK,CRY,4.4,2.765928905
2022-23,25,81,Raya,GK,BRE,4.7,0.0
2022-23,25,238,Meslier,GK,LEE,4.5,4.11973161
2022-23,25,455,Fabianski,GK,WHU,5.0,4.229361056
2022-23,25,307,Ederson,GK,MCI,5.4,4.491259005
2022-23,25,113,R Sanchez,GK,BHA,4.6,0.0
2022-23,25,254,D Ward,GK,LEI,4.0,3.096792781
2022-23,25,2,Leno,GK,FUL,4.5,4.1036394
2022-23,25,729,Navas,GK,NFO,4.5,2.804339488
2022-23,25,422,Bazunu,GK,SOU,4.5,3.1921289
2022-23,25,376,Pope,GK,NEW,5.4,0.0
2022-23,25,426,Forster,GK,TOT,3.9,3.031147204
2022-23,25,574,N Neto,GK,BOU,4.5,1.556791696
2022-23,25,327,de Gea,GK,MUN,5.0,0.0
2022-23,25,425,Lloris,GK,TOT,5.5,0.0
2022-23,25,147,E Mendy,GK,CHE,4.8,0.211836633
2022-23,25,289,Kelleher,GK,LIV,4.0,0.21656178
2022-23,25,24,Turner,GK,ARS,3.8,0.155467605
2022-23,25,518,Hennessey,GK,NFO,3.9,0.057586336
2022-23,25,548,Iversen,GK,LEI,3.8,0.094695046
2022-23,25,398,D Henderson,GK,NFO,4.6,0.0
2022-23,25,324,Ortega,GK,MCI,3.8,0.087452402
2022-23,25,35,Olsen,GK,AVL,3.9,0.070499357
2022-23,25,176,Begovic,GK,EVE,3.9,0.112777014
2022-23,25,355,Dubravka,GK,NEW,4.1,0.0
2022-23,25,72,Travers,GK,BOU,4.2,0.049308427
2022-23,25,473,Areola,GK,WHU,4.3,0.076352765
2022-23,25,175,Johnstone,GK,CRY,4.4,0.0
2022-23,25,236,Klaesson,GK,LEE,3.9,0.070186308
2022-23,25,213,Rodak,GK,FUL,4.3,0.07000689
2022-23,25,102,Steele,GK,BHA,3.9,0.0
2022-23,25,401,McCarthy,GK,SOU,4.3,0.063253629
2022-23,25,451,Austin,GK,TOT,3.9,0.032339587
2022-23,25,162,Butland,GK,MUN,4.4,0.0
2022-23,25,517,Strakosha,GK,BRE,4.3,0.0
2022-23,25,633,Cox,GK,BRE,3.9,0.0
2022-23,25,644,Goodman,GK,CRY,4.0,0.025959655
2022-23,25,590,Whitworth,GK,CRY,4.0,0.025951013
2022-23,25,497,Adrian,GK,LIV,3.9,0.016816029
2022-23,25,635,Bettinelli,GK,CHE,4.0,0.005929556
2022-23,25,502,Carson,GK,MCI,3.8,0.008543158
2022-23,25,578,Robles,GK,LEE,4.0,0.006992043
2022-23,25,581,Smithies,GK,LEI,3.9,0.005293197
2022-23,25,670,Marschall,GK,AVL,4.0,0.003303416
2022-23,25,649,Plain,GK,BOU,4.0,0.003456862
2022-23,25,571,Randolph,GK,BOU,4.0,0.003459753
2022-23,25,592,H Davies,GK,LIV,4.0,0.00834907
2022-23,25,655,Hein,GK,ARS,4.0,0.007129699
2022-23,25,656,Bishop,GK,MUN,4.0,0.0
2022-23,25,348,Heaton,GK,MUN,3.9,0.0
2022-23,25,717,Bentley,GK,WOL,4.0,0.006163382
2022-23,25,707,Sinisalo,GK,AVL,4.0,0.000662575
2022-23,25,424,Caballero,GK,SOU,3.9,0.000561599
2022-23,25,285,Trent,DEF,LIV,7.3,10.22536423
2022-23,25,284,Robertson,DEF,LIV,6.8,8.973048715
2022-23,25,16,Gabriel,DEF,ARS,5.2,8.129766328
2022-23,25,313,Zinchenko,DEF,ARS,5.1,7.830377587
2022-23,25,280,van Dijk,DEF,LIV,6.5,7.990802921
2022-23,25,26,Saliba,DEF,ARS,5.3,7.285990182
2022-23,25,10,B White,DEF,ARS,4.7,6.531868098
2022-23,25,276,Matip,DEF,LIV,5.9,7.515776713
2022-23,25,199,Tarkowski,DEF,EVE,4.4,5.820759621
2022-23,25,128,T Silva,DEF,CHE,5.5,2.701248643
2022-23,25,689,Badiashile,DEF,CHE,5.0,2.6197259
2022-23,25,43,Cash,DEF,AVL,4.6,3.162560963
2022-23,25,475,Coady,DEF,EVE,4.9,5.581976165
2022-23,25,448,Perisic,DEF,TOT,5.5,3.839924918
2022-23,25,165,Andersen,DEF,CRY,4.5,2.956776459
2022-23,25,586,Estupinan,DEF,BHA,4.7,0.0
2022-23,25,459,Dawson,DEF,WOL,4.8,5.065674023
2022-23,25,602,Lodi,DEF,NFO,4.3,2.975457941
2022-23,25,146,R James,DEF,CHE,5.8,2.648169356
2022-23,25,178,Coleman,DEF,EVE,4.4,5.409305571
2022-23,25,484,Kilman,DEF,WOL,4.4,4.938231268
2022-23,25,472,Aguerd,DEF,WHU,4.8,3.886626761
2022-23,25,194,Mykolenko,DEF,EVE,4.3,5.178445546
2022-23,25,258,Castagne,DEF,LEI,4.4,3.047046363
2022-23,25,312,Dias,DEF,MCI,5.9,4.32843632
2022-23,25,167,Guehi,DEF,CRY,4.4,2.647004657
2022-23,25,430,Dier,DEF,TOT,5.1,3.437427107
2022-23,25,357,Trippier,DEF,NEW,6.0,0.0
2022-23,25,39,Mings,DEF,AVL,4.3,3.078324448
2022-23,25,106,Dunk,DEF,BHA,4.7,0.0
2022-23,25,482,Semedo,DEF,WOL,5.0,4.669648024
2022-23,25,230,Koch,DEF,LEE,4.5,3.380312999
2022-23,25,463,Coufal,DEF,WHU,4.1,3.72599058
2022-23,25,109,Veltman,DEF,BHA,4.6,0.0
2022-23,25,545,Emerson P,DEF,WHU,4.0,3.596317721
2022-23,25,388,Worrall,DEF,NFO,4.2,2.524335774
2022-23,25,366,Schar,DEF,NEW,5.2,0.0
2022-23,25,299,Walker,DEF,MCI,4.8,3.8162393
2022-23,25,85,Henry,DEF,BRE,4.5,0.0
2022-23,25,92,Pinnock,DEF,BRE,4.4,0.0
2022-23,25,612,Faes,DEF,LEI,4.2,2.770372916
2022-23,25,44,Konsa,DEF,AVL,4.4,3.140267982
2022-23,25,377,Botman,DEF,NEW,4.5,0.0
2022-23,25,308,Ake,DEF,MCI,5.1,4.171720795
2022-23,25,461,Zouma,DEF,WHU,4.4,2.863418406
2022-23,25,235,Struijk,DEF,LEE,4.5,2.64311149
2022-23,25,445,Emerson R,DEF,TOT,4.9,2.783834541
2022-23,25,526,Mee,DEF,BRE,5.0,0.0
2022-23,25,139,Chilwell,DEF,CHE,5.8,2.054822494
2022-23,25,222,Ayling,DEF,LEE,4.5,3.189979206
2022-23,25,420,Salisu,DEF,SOU,4.4,2.6141779
2022-23,25,432,Ben T Davies,DEF,TOT,4.8,2.812495235
2022-23,25,691,Wober,DEF,LEE,4.5,2.924620098
2022-23,25,443,Romero,DEF,TOT,4.9,2.736451006
2022-23,25,456,Ogbonna,DEF,WHU,4.4,3.208471859
2022-23,25,170,Mitchell,DEF,CRY,4.4,1.677073447
2022-23,25,108,Webster,DEF,BHA,4.5,0.0
2022-23,25,358,Burn,DEF,NEW,4.6,0.0
2022-23,25,201,Ream,DEF,FUL,4.6,3.496603112
2022-23,25,217,Robinson,DEF,FUL,4.4,3.474850984
2022-23,25,33,Digne,DEF,AVL,4.6,2.162028751
2022-23,25,730,Felipe,DEF,NFO,4.5,2.223526787
2022-23,25,332,Shaw,DEF,MUN,5.3,0.0
2022-23,25,157,Clyne,DEF,CRY,4.5,2.348880892
2022-23,25,727,Souttar,DEF,LEI,4.5,2.224128859
2022-23,25,112,Cucurella,DEF,CHE,5.1,1.465784775
2022-23,25,423,Bella-Kotchap,DEF,SOU,4.5,2.192187521
2022-23,25,470,Diop,DEF,FUL,4.3,2.661500017
2022-23,25,309,Laporte,DEF,MCI,5.7,0.0
2022-23,25,558,Bueno,DEF,WOL,3.9,3.027981837
2022-23,25,57,A Smith,DEF,BOU,4.3,1.693007309
2022-23,25,410,Bednarek,DEF,SOU,4.2,2.196881115
2022-23,25,610,Akanji,DEF,MCI,5.0,2.473990452
2022-23,25,694,Moreno,DEF,AVL,4.4,1.774257497
2022-23,25,576,Senesi,DEF,BOU,4.4,1.990226752
2022-23,25,342,Dalot,DEF,MUN,4.7,0.0
2022-23,25,295,N Williams,DEF,NFO,3.9,2.297426976
2022-23,25,286,J Gomez,DEF,LIV,4.3,1.683371198
2022-23,25,513,Lenglet,DEF,TOT,4.8,1.787454337
2022-23,25,628,Aurier,DEF,NFO,4.5,0.0
2022-23,25,588,Kehrer,DEF,WHU,4.4,2.163690073
2022-23,25,76,Zemura,DEF,BOU,4.3,1.267054223
2022-23,25,215,K Tete,DEF,FUL,4.4,2.321891086
2022-23,25,510,Hickey,DEF,BRE,4.9,0.0
2022-23,25,417,Perraud,DEF,SOU,4.1,1.711458482
2022-23,25,329,Varane,DEF,MUN,4.8,0.0
2022-23,25,487,Ait-Nouri,DEF,WOL,4.2,2.58690308
2022-23,25,290,Konate,DEF,LIV,4.8,1.481371828
2022-23,25,14,Tomiyasu,DEF,ARS,4.2,3.059162678
2022-23,25,733,Porro,DEF,TOT,4.9,1.3126668
2022-23,25,302,Stones,DEF,MCI,5.4,0.647228043
2022-23,25,84,Ajer,DEF,BRE,4.5,0.0
2022-23,25,573,R Lewis,DEF,MCI,3.9,2.083952224
2022-23,25,156,J Ward,DEF,CRY,4.4,0.830727401
2022-23,25,50,Carlos,DEF,AVL,4.7,0.0
2022-23,25,409,Walker-Peters,DEF,SOU,4.4,1.488652594
2022-23,25,709,Kristiansen,DEF,LEI,4.5,1.441870127
2022-23,25,404,Stephens,DEF,BOU,4.3,1.608209261
2022-23,25,270,Thomas,DEF,LEI,4.0,1.145882182
2022-23,25,533,L Martinez,DEF,MUN,4.5,0.0
2022-23,25,114,Lamptey,DEF,BHA,4.2,0.0
2022-23,25,292,Tsimikas,DEF,LIV,4.4,1.61378713
2022-23,25,272,W Fofana,DEF,CHE,4.3,0.633211004
2022-23,25,73,Kelly,DEF,BOU,4.3,0.0
2022-23,25,239,Firpo,DEF,LEE,4.5,1.889375539
2022-23,25,8,Tierney,DEF,ARS,4.6,1.960342467
2022-23,25,530,C Richards,DEF,CRY,4.4,1.277481207
2022-23,25,209,Adarabioyo,DEF,FUL,4.5,1.255429245
2022-23,25,504,Malacia,DEF,MUN,4.2,0.0
2022-23,25,520,Koulibaly,DEF,CHE,5.5,0.304367361
2022-23,25,516,Collins,DEF,WOL,4.4,1.068228203
2022-23,25,127,Azpilicueta,DEF,CHE,4.8,0.609648547
2022-23,25,141,T Chalobah,DEF,CHE,4.5,0.407235838
2022-23,25,221,Cooper,DEF,LEE,4.4,0.631271084
2022-23,25,1,Cedric,DEF,FUL,4.2,1.171142139
2022-23,25,595,Zanka,DEF,BRE,4.0,0.0
2022-23,25,559,Colwill,DEF,BHA,4.4,0.0
2022-23,25,90,Roerslev,DEF,BRE,4.3,0.0
2022-23,25,457,Cresswell,DEF,WHU,4.7,0.643100487
2022-23,25,435,D Sanchez,DEF,TOT,4.3,0.543410579
2022-23,25,197,Patterson,DEF,EVE,3.9,0.888899188
2022-23,25,538,A Young,DEF,AVL,4.4,0.719728458
2022-23,25,244,Kristensen,DEF,LEE,4.8,0.625151551
2022-23,25,413,Lyanco,DEF,SOU,4.4,0.851356648
2022-23,25,477,Jonny,DEF,WOL,4.3,1.039705891
2022-23,25,507,Niakhate,DEF,NFO,4.3,0.429231286
2022-23,25,71,Mepham,DEF,BOU,4.3,0.660978377
2022-23,25,193,Godfrey,DEF,EVE,4.3,0.693564078
2022-23,25,256,R Pereira,DEF,LEI,4.3,0.844172938
2022-23,25,367,Targett,DEF,NEW,4.7,0.0
2022-23,25,188,Mina,DEF,EVE,4.3,0.559351375
2022-23,25,716,Bree,DEF,SOU,4.5,0.667752339
2022-23,25,587,S Gomez,DEF,MCI,4.5,0.424347585
2022-23,25,623,Caleta-Car,DEF,SOU,4.5,0.358659888
2022-23,25,257,Amartey,DEF,LEI,4.0,0.346256393
2022-23,25,523,Toffolo,DEF,NFO,4.3,0.587593682
2022-23,25,471,Ben Johnson,DEF,WHU,4.4,0.771803498
2022-23,25,32,C Chambers,DEF,AVL,4.2,0.414310381
2022-23,25,5,Holding,DEF,ARS,4.2,0.574940934
2022-23,25,330,Maguire,DEF,MUN,4.7,0.0
2022-23,25,613,Kurzawa,DEF,FUL,4.3,0.260456725
2022-23,25,710,Kiwior,DEF,ARS,4.0,0.429815808
2022-23,25,337,Lindelof,DEF,MUN,4.1,0.0
2022-23,25,341,Wan-Bissaka,DEF,MUN,4.3,0.0
2022-23,25,489,Toti,DEF,WOL,3.9,0.280536055
2022-23,25,153,Tomkins,DEF,CRY,3.9,0.16432625
2022-23,25,59,Fredericks,DEF,BOU,4.4,0.351627902
2022-23,25,501,N Phillips,DEF,LIV,3.9,0.085659866
2022-23,25,722,Zabarnyi,DEF,BOU,4.5,0.119244297
2022-23,25,360,Lascelles,DEF,NEW,4.3,0.0
2022-23,25,531,Vinagre,DEF,EVE,4.3,0.074474241
2022-23,25,531,Vinagre,DEF,EVE,4.3,0.074474241
2022-23,25,180,Keane,DEF,EVE,4.2,0.074353493
2022-23,25,192,Holgate,DEF,EVE,4.3,0.073768352
2022-23,25,298,Ramsay,DEF,LIV,3.9,0.048836172
2022-23,25,267,Soyuncu,DEF,LEI,4.2,0.148146515
2022-23,25,105,Duffy,DEF,FUL,4.3,0.086842589
2022-23,25,631,Sousa,DEF,ARS,4.0,0.008052595
2022-23,25,498,R Williams,DEF,LIV,4.0,0.007798039
2022-23,25,605,Welch,DEF,EVE,4.0,0.006360555
2022-23,25,637,John,DEF,EVE,4.0,0.006290741
2022-23,25,664,Lembikisa,DEF,WOL,4.0,0.006250167
2022-23,25,386,Drager,DEF,NFO,4.0,0.003417729
2022-23,25,673,Humphreys,DEF,CHE,4.5,0.003231099
2022-23,25,439,Tanganga,DEF,TOT,3.9,0.003640677
2022-23,25,636,Parkes,DEF,FUL,4.0,0.003943713
2022-23,25,250,Bertrand,DEF,LEI,3.9,0.0
2022-23,25,622,Larios,DEF,SOU,4.0,0.0
2022-23,25,474,Boly,DEF,NFO,4.2,0.0
2022-23,25,78,Jansson,DEF,BRE,4.2,0.0
2022-23,25,363,Manquillo,DEF,NEW,4.2,0.0
2022-23,25,249,Evans,DEF,LEI,4.4,0.0
2022-23,25,436,Sessegnon,DEF,TOT,4.4,0.0
2022-23,25,385,McKenna,DEF,NFO,4.4,0.0
2022-23,25,419,Livramento,DEF,SOU,4.4,0.0
2022-23,25,226,Dallas,DEF,LEE,4.9,0.0
2022-23,25,253,Vestergaard,DEF,LEI,3.9,0.003399827
2022-23,25,598,Bevan,DEF,BOU,4.0,0.002867691
2022-23,25,642,Balmer,DEF,CRY,4.0,0.003055833
2022-23,25,362,Dummett,DEF,NEW,3.9,0.0
2022-23,25,273,Brunt,DEF,LEI,3.9,0.003213205
2022-23,25,555,Ashby,DEF,NEW,3.8,0.0
2022-23,25,540,Stevens,DEF,BRE,4.0,0.0
2022-23,25,674,Bennett,DEF,MUN,4.0,0.0
2022-23,25,645,Wormleighton,DEF,LEI,4.0,0.016575212
2022-23,25,350,Ritchie,DEF,NEW,4.2,0.0
2022-23,25,65,Stacey,DEF,BOU,4.3,0.057013319
2022-23,25,343,B Williams,DEF,MUN,3.8,0.0
2022-23,25,372,J Lewis,DEF,NEW,4.4,0.0
2022-23,25,544,van Hecke,DEF,BHA,4.0,0.0
2022-23,25,646,Crama,DEF,BRE,4.0,0.0
2022-23,25,174,N Ferguson,DEF,CRY,3.9,0.068084765
2022-23,25,283,Salah,MID,LIV,12.7,11.51965937
2022-23,25,13,Saka,MID,ARS,8.4,9.209023494
2022-23,25,7,Odegaard,MID,ARS,7.0,9.135244245
2022-23,25,19,Martinelli,MID,ARS,6.5,7.983850879
2022-23,25,465,Bowen,MID,WHU,8.0,5.477980696
2022-23,25,264,Barnes,MID,LEI,6.7,3.883200416
2022-23,25,301,De Bruyne,MID,MCI,12.3,4.695611777
2022-23,25,704,Sarabia,MID,WOL,5.5,6.346197678
2022-23,25,45,Bailey,MID,AVL,4.4,3.507912067
2022-23,25,493,Gibbs-White,MID,NFO,5.5,3.46725564
2022-23,25,186,Iwobi,MID,EVE,5.4,6.218341515
2022-23,25,142,Mount,MID,CHE,7.2,3.05247929
2022-23,25,680,Gakpo,MID,LIV,7.8,6.496399038
2022-23,25,407,Ward-Prowse,MID,SOU,6.2,3.681253341
2022-23,25,6,Partey,MID,ARS,4.7,5.697254159
2022-23,25,160,Zaha,MID,CRY,7.2,2.034246485
2022-23,25,428,Son,MID,TOT,11.6,3.758182737
2022-23,25,116,Mac Allister,MID,BHA,5.4,0.0
2022-23,25,111,Trossard,MID,ARS,6.6,5.972403408
2022-23,25,42,Buendia,MID,AVL,5.7,3.217176646
2022-23,25,3,Xhaka,MID,ARS,4.9,5.942483532
2022-23,25,107,March,MID,BHA,5.1,0.0
2022-23,25,724,E Fernandez,MID,CHE,5.0,2.916503704
2022-23,25,261,Maddison,MID,LEI,8.1,2.859277257
2022-23,25,333,Fernandes,MID,MUN,9.8,0.0
2022-23,25,534,McNeil,MID,EVE,5.1,5.587395512
2022-23,25,577,Onana,MID,EVE,4.8,5.55037413
2022-23,25,104,Gross,MID,BHA,5.5,0.0
2022-23,25,303,Mahrez,MID,MCI,7.8,4.55201901
2022-23,25,486,P Neto,MID,WOL,4.9,5.53555142
2022-23,25,480,Neves,MID,WOL,5.4,5.511365027
2022-23,25,611,Gueye,MID,EVE,4.9,5.461119101
2022-23,25,124,Mitoma,MID,BHA,5.4,0.0
2022-23,25,335,Rashford,MID,MUN,7.3,0.0
2022-23,25,300,Gundogan,MID,MCI,7.3,4.190768795
2022-23,25,446,Kulusevski,MID,TOT,7.9,3.382704535
2022-23,25,464,Benrahma,MID,WHU,5.5,3.840023766
2022-23,25,185,A Doucoure,MID,EVE,5.3,5.11610417
2022-23,25,282,Fabinho,MID,LIV,5.2,5.528776815
2022-23,25,169,Eze,MID,CRY,5.4,2.700585066
2022-23,25,311,B Silva,MID,MCI,6.8,3.971270318
2022-23,25,70,Billing,MID,BOU,5.1,2.552388308
2022-23,25,53,Kamara,MID,AVL,4.8,2.746998958
2022-23,25,614,Willian,MID,FUL,5.5,3.693977767
2022-23,25,705,Ouattara,MID,BOU,5.0,2.586274618
2022-23,25,171,Olise,MID,CRY,5.4,2.635046137
2022-23,25,233,Harrison,MID,LEE,5.8,3.481830183
2022-23,25,715,M Tete,MID,LEI,5.5,2.876093998
2022-23,25,315,Rodri,MID,MCI,5.6,3.784571547
2022-23,25,346,A Pereira,MID,FUL,4.4,3.836718412
2022-23,25,582,Freuler,MID,NFO,4.9,2.630697698
2022-23,25,46,Douglas Luiz,MID,AVL,4.8,2.637216544
2022-23,25,603,Paqueta,MID,WHU,5.9,2.101707063
2022-23,25,723,H Traore,MID,BOU,4.5,2.445049671
2022-23,25,467,Rice,MID,WHU,4.7,3.353761324
2022-23,25,132,Kovacic,MID,CHE,4.9,2.524029973
2022-23,25,159,J Ayew,MID,CRY,5.3,2.526559463
2022-23,25,275,J Henderson,MID,LIV,5.3,4.782241207
2022-23,25,589,Nunes,MID,WOL,4.8,4.580792821
2022-23,25,514,C Doucoure,MID,CRY,5.0,2.339580042
2022-23,25,374,Guimaraes,MID,NEW,5.5,0.0
2022-23,25,88,Jensen,MID,BRE,4.8,0.0
2022-23,25,120,Caicedo,MID,BHA,5.0,0.0
2022-23,25,64,Lerma,MID,BOU,4.8,2.339335487
2022-23,25,433,Hojbjerg,MID,TOT,5.5,2.958247148
2022-23,25,161,Schlupp,MID,CRY,4.7,2.287604277
2022-23,25,506,T Adams,MID,LEE,4.9,3.259747591
2022-23,25,47,J Ramsey,MID,AVL,5.2,2.421923617
2022-23,25,699,Mudryk,MID,CHE,6.8,2.052471535
2022-23,25,503,Moutinho,MID,WOL,4.7,4.422341773
2022-23,25,205,Reid,MID,FUL,5.5,3.287416927
2022-23,25,305,Grealish,MID,MCI,6.8,3.65811917
2022-23,25,79,Norgaard,MID,BRE,5.3,0.0
2022-23,25,371,Joelinton,MID,NEW,5.9,0.0
2022-23,25,220,Palhinha,MID,FUL,4.9,3.222317315
2022-23,25,593,Casemiro,MID,MUN,4.9,0.0
2022-23,25,468,Soucek,MID,WHU,5.1,3.641872585
2022-23,25,314,Foden,MID,MCI,8.0,3.23412631
2022-23,25,29,Coutinho,MID,AVL,6.6,2.219068975
2022-23,25,369,Almiron,MID,NEW,5.5,0.0
2022-23,25,406,Elyounoussi,MID,SOU,5.2,2.777140626
2022-23,25,564,Bajcetic,MID,LIV,4.4,4.232467688
2022-23,25,37,McGinn,MID,AVL,5.1,2.094528331
2022-23,25,731,Sulemana,MID,SOU,5.0,2.637032136
2022-23,25,259,Tielemans,MID,LEI,6.1,2.451138045
2022-23,25,535,Tavernier,MID,BOU,4.7,0.0
2022-23,25,266,Dewsbury-Hall,MID,LEI,4.9,2.489733999
2022-23,25,304,Sterling,MID,CHE,9.7,1.453861821
2022-23,25,387,Yates,MID,NFO,5.0,1.494513427
2022-23,25,294,Elliott,MID,LIV,4.9,3.342471944
2022-23,25,720,McKennie,MID,LEE,4.9,2.776003881
2022-23,25,86,Janelt,MID,BRE,5.5,0.0
2022-23,25,240,Summerville,MID,LEE,4.2,3.6562081
2022-23,25,373,Willock,MID,NEW,4.7,0.0
2022-23,25,508,Sinisterra,MID,LEE,6.5,0.483253005
2022-23,25,681,Scarpa,MID,NFO,4.9,1.795434049
2022-23,25,609,Antony,MID,MUN,7.3,0.0
2022-23,25,211,Reed,MID,FUL,4.4,2.559321948
2022-23,25,368,Saint-Maximin,MID,NEW,6.1,0.0
2022-23,25,130,Jorginho,MID,ARS,5.8,2.680412072
2022-23,25,321,Lavia,MID,SOU,4.5,1.991949051
2022-23,25,195,A Gordon,MID,NEW,5.1,0.0
2022-23,25,12,Smith Rowe,MID,ARS,5.6,3.305575828
2022-23,25,265,Ndidi,MID,LEI,4.8,1.436708234
2022-23,25,708,Madueke,MID,CHE,5.5,1.44664158
2022-23,25,189,D Gray,MID,EVE,5.3,2.716216474
2022-23,25,245,Roca,MID,LEE,4.8,1.16086687
2022-23,25,246,Aaronson,MID,LEE,5.4,2.291545993
2022-23,25,89,Wissa,MID,BRE,5.3,0.0
2022-23,25,693,Alcaraz,MID,SOU,5.0,2.022912488
2022-23,25,483,Podence,MID,WOL,5.3,2.327903225
2022-23,25,287,Keita,MID,LIV,4.7,2.414392093
2022-23,25,190,T Davies,MID,EVE,4.9,2.562644538
2022-23,25,83,Dasilva,MID,BRE,4.1,0.0
2022-23,25,491,A Traore,MID,WOL,5.4,2.06304003
2022-23,25,277,Thiago,MID,LIV,5.1,0.0
2022-23,25,212,H Wilson,MID,FUL,5.7,1.585962668
2022-23,25,293,Diaz,MID,LIV,7.8,0.0
2022-23,25,527,Lingard,MID,NFO,5.4,0.898275264
2022-23,25,698,Lemina,MID,WOL,4.5,2.142676125
2022-23,25,75,Anthony,MID,BOU,5.2,1.516854262
2022-23,25,136,Loftus-Cheek,MID,CHE,5.0,1.147600051
2022-23,25,624,Edozie,MID,SOU,4.7,1.531533279
2022-23,25,441,Skipp,MID,TOT,4.3,1.439571949
2022-23,25,450,P Sarr,MID,TOT,4.2,1.642702921
2022-23,25,134,Kante,MID,CHE,4.8,0.488923977
2022-23,25,536,Mangala,MID,NFO,4.9,1.632268666
2022-23,25,405,S Armstrong,MID,SOU,4.7,1.244505442
2022-23,25,370,S Longstaff,MID,NEW,4.3,0.0
2022-23,25,25,Vieira,MID,ARS,5.6,1.601772079
2022-23,25,148,Gallagher,MID,CHE,5.6,0.939883492
2022-23,25,135,Ziyech,MID,CHE,5.5,0.623342149
2022-23,25,69,Christie,MID,BOU,5.3,1.396117757
2022-23,25,512,Aribo,MID,SOU,5.1,1.143257747
2022-23,25,18,Lokonga,MID,CRY,4.3,0.729741784
2022-23,25,331,Fred,MID,MUN,5.1,0.0
2022-23,25,703,Danilo,MID,NFO,4.5,1.021772762
2022-23,25,163,W Hughes,MID,CRY,4.8,1.069122574
2022-23,25,481,Hwang,MID,WOL,5.7,1.22809313
2022-23,25,469,Fornals,MID,WHU,4.9,1.152827932
2022-23,25,549,Praet,MID,LEI,4.8,1.092120287
2022-23,25,728,Sabitzer,MID,MUN,4.9,0.0
2022-23,25,349,Shelvey,MID,NFO,4.8,1.106930971
2022-23,25,692,Orsic,MID,SOU,5.2,0.0
2022-23,25,509,Downes,MID,WHU,4.2,1.294191471
2022-23,25,231,D James,MID,FUL,6.0,1.138031335
2022-23,25,734,A Ayew,MID,NFO,5.0,0.739919294
2022-23,25,252,N Mendy,MID,LEI,4.3,0.978127024
2022-23,25,340,Sancho,MID,MUN,7.1,0.0
2022-23,25,278,Chamberlain,MID,LIV,4.9,0.563495461
2022-23,25,713,Danjuma,MID,TOT,6.4,0.657854015
2022-23,25,479,Dendoncker,MID,AVL,4.7,0.995276335
2022-23,25,296,Carvalho,MID,LIV,5.1,0.693543297
2022-23,25,562,Solomon,MID,FUL,4.9,0.6834158
2022-23,25,274,Milner,MID,LIV,4.4,0.794054047
2022-23,25,400,Walcott,MID,SOU,4.8,0.679327014
2022-23,25,359,R Fraser,MID,NEW,5.2,0.0
2022-23,25,661,Hall,MID,CHE,4.4,0.268823726
2022-23,25,365,Murphy,MID,NEW,4.2,0.0
2022-23,25,583,Kouyate,MID,NFO,4.4,0.0
2022-23,25,431,Lucas Moura,MID,TOT,5.8,0.676173654
2022-23,25,291,C Jones,MID,LIV,4.9,0.496344396
2022-23,25,616,Zakaria,MID,CHE,4.9,0.16698719
2022-23,25,721,J Gomes,MID,WOL,4.5,0.574436799
2022-23,25,726,Lukic,MID,FUL,4.5,0.611161088
2022-23,25,179,Townsend,MID,EVE,5.4,0.332802531
2022-23,25,416,I Diallo,MID,SOU,4.2,0.58306631
2022-23,25,569,Garnacho,MID,MUN,4.2,0.0
2022-23,25,34,Bertrand Traore,MID,AVL,4.9,0.185538068
2022-23,25,620,Arthur,MID,LIV,4.8,0.466692972
2022-23,25,667,Sekularac,MID,FUL,4.5,0.241125673
2022-23,25,149,Gilmour,MID,BHA,4.2,0.0
2022-23,25,21,Maitland-Niles,MID,SOU,4.8,0.547588596
2022-23,25,566,Hodge,MID,WOL,4.4,0.280001486
2022-23,25,505,Rothwell,MID,BOU,4.9,0.412321241
2022-23,25,58,Stanislas,MID,BOU,4.8,0.271835562
2022-23,25,665,Doak,MID,LIV,4.5,0.07559
2022-23,25,381,Colback,MID,NFO,4.1,0.341290288
2022-23,25,158,Milivojevic,MID,CRY,4.2,0.279042568
2022-23,25,325,Kalvin Phillips,MID,MCI,4.8,0.477346256
2022-23,25,269,Soumare,MID,LEI,4.4,0.152491094
2022-23,25,725,Ahamada,MID,CRY,4.5,0.071524663
2022-23,25,418,Djenepo,MID,SOU,5.0,0.156427852
2022-23,25,460,Lanzini,MID,WHU,5.1,0.083790118
2022-23,25,247,Gyabi,MID,LEE,4.2,0.077477217
2022-23,25,164,Riedewald,MID,CRY,4.3,0.136898866
2022-23,25,23,Nelson,MID,ARS,4.7,0.007917394
2022-23,25,204,Kebano,MID,FUL,5.4,0.0
2022-23,25,668,Cozier-Duberry,MID,ARS,4.5,0.00732451
2022-23,25,630,Nwaneri,MID,ARS,4.5,0.007269226
2022-23,25,560,Mills,MID,EVE,4.4,0.007166444
2022-23,25,584,B Clark,MID,LIV,4.5,0.007356376
2022-23,25,678,Price,MID,EVE,4.5,0.006558801
2022-23,25,607,M Smith,MID,ARS,4.5,0.006514844
2022-23,25,658,Griffiths,MID,WOL,4.4,0.006548671
2022-23,25,316,Palmer,MID,MCI,4.3,0.00460645
2022-23,25,546,Harris,MID,FUL,4.4,0.004280517
2022-23,25,672,K Young,MID,AVL,4.5,0.003653435
2022-23,25,553,Hammond,MID,NFO,4.3,0.003529909
2022-23,25,600,Knight,MID,MCI,4.5,0.004085947
2022-23,25,696,Dacosta,MID,BOU,4.4,0.003285833
2022-23,25,606,Vale,MID,CHE,4.5,0.003259239
2022-23,25,702,Santos,MID,CHE,4.5,0.00323309
2022-23,25,601,Rodney,MID,CRY,4.5,0.003313881
2022-23,25,641,Godo,MID,FUL,4.5,0.003721117
2022-23,25,4,Elneny,MID,ARS,4.1,0.0
2022-23,25,629,Boubacar Traore,MID,WOL,4.3,0.0
2022-23,25,117,Moder,MID,BHA,4.4,0.0
2022-23,25,570,Garner,MID,EVE,4.5,0.0
2022-23,25,639,Braybrooke,MID,LEI,4.5,0.0
2022-23,25,444,Bissouma,MID,TOT,4.7,0.0
2022-23,25,101,Lallana,MID,BHA,4.8,0.0
2022-23,25,154,McArthur,MID,CRY,4.8,0.0
2022-23,25,93,Onyeka,MID,BRE,4.8,0.0
2022-23,25,67,L Cook,MID,BOU,4.9,0.0
2022-23,25,490,Chiquinho,MID,WOL,5.0,0.0
2022-23,25,60,Brooks,MID,BOU,5.3,0.0
2022-23,25,440,Bentancur,MID,TOT,5.4,0.0
2022-23,25,519,Eriksen,MID,MUN,6.3,0.0
2022-23,25,225,Rodrigo,MID,LEE,6.3,0.0
2022-23,25,452,Devine,MID,TOT,4.3,0.003659205
2022-23,25,449,H White,MID,TOT,4.4,0.003646868
2022-23,25,140,Pulisic,MID,CHE,5.6,0.0
2022-23,25,654,Wells-Morrison,MID,CRY,4.5,0.003149707
2022-23,25,676,Ozoh,MID,CRY,4.5,0.003109161
2022-23,25,712,Perrone,MID,MCI,4.4,0.00336962
2022-23,25,647,Payne,MID,SOU,4.5,0.003185622
2022-23,25,648,Finnigan,MID,SOU,4.5,0.00315963
2022-23,25,632,Trevitt,MID,BRE,4.4,0.0
2022-23,25,347,Pellistri,MID,MUN,4.3,0.0
2022-23,25,650,Yarmolyuk,MID,BRE,4.5,0.0
2022-23,25,551,Iqbal,MID,MUN,4.2,0.0
2022-23,25,643,Mainoo,MID,MUN,4.5,0.0
2022-23,25,552,Anderson,MID,NEW,4.4,0.0
2022-23,25,565,A Gray,MID,LEE,4.5,0.0
2022-23,25,575,Cornet,MID,WHU,5.9,0.092553445
2022-23,25,651,Moran,MID,BHA,4.5,0.0
2022-23,25,719,Ayari,MID,BHA,4.5,0.0
2022-23,25,677,Hinshelwood,MID,BHA,4.5,0.0
2022-23,25,338,McTominay,MID,MUN,4.9,0.0
2022-23,25,679,Buonanotte,MID,BHA,4.5,0.0
2022-23,25,515,Lewis-Potter,MID,BRE,5.2,0.0
2022-23,25,119,Sarmiento,MID,BHA,4.5,0.0
2022-23,25,224,Forshaw,MID,LEE,4.4,0.143519999
2022-23,25,688,Schade,MID,BRE,4.9,0.0
2022-23,25,580,Damsgaard,MID,BRE,5.0,0.0
2022-23,25,344,Elanga,MID,MUN,4.7,0.0
2022-23,25,94,Baptiste,MID,BRE,4.5,0.0
2022-23,25,87,Ghoddos,MID,BRE,4.8,0.0
2022-23,25,200,Cairney,MID,FUL,4.7,0.0
2022-23,25,318,Haaland,FWD,MCI,12.2,6.645131145
2022-23,25,297,Nunez,FWD,LIV,8.7,8.449609764
2022-23,25,427,Kane,FWD,TOT,11.8,4.429404359
2022-23,25,11,Nketiah,FWD,ARS,6.8,8.275703812
2022-23,25,40,Watkins,FWD,AVL,7.2,3.516142355
2022-23,25,80,Toney,FWD,BRE,7.6,0.0
2022-23,25,66,Solanke,FWD,BOU,5.5,3.012045402
2022-23,25,690,Felix,FWD,CHE,7.6,3.113667255
2022-23,25,145,Havertz,FWD,CHE,7.6,2.785378835
2022-23,25,227,Bamford,FWD,LEE,7.2,4.026858742
2022-23,25,394,Brennan Johnson,FWD,NFO,5.7,3.003611896
2022-23,25,682,Cunha,FWD,WOL,5.5,5.29946908
2022-23,25,397,Awoniyi,FWD,NFO,5.6,2.732386138
2022-23,25,110,Maupay,FWD,EVE,5.9,5.641427252
2022-23,25,262,Iheanacho,FWD,LEI,6.1,2.708916712
2022-23,25,210,Mitrovic,FWD,FUL,6.8,1.982099307
2022-23,25,95,Mbeumo,FWD,BRE,5.8,0.0
2022-23,25,594,Isak,FWD,NEW,6.6,0.0
2022-23,25,619,Gnonto,FWD,LEE,5.1,3.199283014
2022-23,25,458,Antonio,FWD,WHU,7.0,3.155225785
2022-23,25,356,C Wilson,FWD,NEW,7.0,0.0
2022-23,25,288,Jota,FWD,LIV,8.8,4.414548152
2022-23,25,732,Onuachu,FWD,SOU,5.5,2.790719518
2022-23,25,279,Firmino,FWD,LIV,8.0,4.359998326
2022-23,25,28,Jesus,FWD,ARS,7.9,0.0
2022-23,25,166,Edouard,FWD,CRY,5.1,2.18606511
2022-23,25,255,Vardy,FWD,LEI,9.1,2.208791582
2022-23,25,103,Welbeck,FWD,BHA,6.5,0.0
2022-23,25,168,Mateta,FWD,CRY,5.1,2.002774126
2022-23,25,191,Calvert-Lewin,FWD,EVE,7.9,0.412512452
2022-23,25,701,Weghorst,FWD,MUN,5.8,0.0
2022-23,25,354,Wood,FWD,NFO,5.6,1.841577547
2022-23,25,476,Jimenez,FWD,WOL,6.7,2.317719074
2022-23,25,345,Martial,FWD,MUN,6.4,0.0
2022-23,25,411,C Adams,FWD,SOU,6.2,0.0
2022-23,25,30,Ings,FWD,WHU,6.4,1.937181076
2022-23,25,454,Richarlison,FWD,TOT,8.4,1.813251741
2022-23,25,714,Semenyo,FWD,BOU,5.0,1.843868251
2022-23,25,271,Daka,FWD,LEI,5.6,1.15904768
2022-23,25,596,E Ferguson,FWD,BHA,4.6,0.0
2022-23,25,686,Simms,FWD,EVE,4.5,2.42007935
2022-23,25,319,Alvarez,FWD,MCI,6.0,1.397740347
2022-23,25,700,Rutter,FWD,LEE,5.4,1.039530977
2022-23,25,237,Greenwood,FWD,LEE,4.1,1.409764521
2022-23,25,625,Costa,FWD,WOL,5.4,1.021288403
2022-23,25,618,Vinicius,FWD,FUL,5.4,1.177137264
2022-23,25,684,D Fofana,FWD,CHE,5.0,0.52844743
2022-23,25,62,Kieffer Moore,FWD,BOU,5.1,0.649799221
2022-23,25,391,Surridge,FWD,NFO,4.7,0.735196216
2022-23,25,617,Aubameyang,FWD,CHE,8.4,0.172484938
2022-23,25,529,Scamacca,FWD,WHU,6.6,0.71626265
2022-23,25,711,Duran,FWD,AVL,5.5,0.617619225
2022-23,25,408,A Armstrong,FWD,SOU,5.4,0.54846496
2022-23,25,585,E Dennis,FWD,NFO,5.6,0.317797412
2022-23,25,528,Mara,FWD,SOU,5.3,0.238331121
2022-23,25,659,Mateo,FWD,LEE,4.5,0.080392069
2022-23,25,657,N Fraser,FWD,WOL,4.5,0.006174096
2022-23,25,706,Pollock,FWD,BOU,4.5,0.003419638
2022-23,25,697,Sadi,FWD,BOU,4.5,0.003412086
2022-23,25,695,Adu-Adjei,FWD,BOU,4.5,0.003397604
2022-23,25,150,Broja,FWD,CHE,5.3,0.0
2022-23,25,591,Ablade,FWD,FUL,4.5,0.003673067
2022-23,25,663,Perkins,FWD,LEE,4.5,0.003526028
2022-23,25,666,D Taylor,FWD,NFO,4.5,0.003208651
2022-23,25,671,Morgan,FWD,SOU,4.5,0.003461934
2022-23,25,669,Mubama,FWD,WHU,4.5,0.003447992
2022-23,25,447,Scarlett,FWD,TOT,4.5,0.003347666
2022-23,25,125,Enciso,FWD,BHA,4.7,0.0
2022-23,25,123,Undav,FWD,BHA,5.0,0.0
2022-23,26,81,Raya,GK,BRE,4.7,4.36045936
2022-23,26,113,R Sanchez,GK,BHA,4.6,4.016087246
2022-23,26,133,Kepa,GK,CHE,4.7,4.150627197
2022-23,26,281,Alisson,GK,LIV,5.4,3.928950471
2022-23,26,152,Guaita,GK,CRY,4.4,3.721146927
2022-23,26,376,Pope,GK,NEW,5.4,2.070958491
2022-23,26,31,E Martinez,GK,AVL,4.9,4.015377703
2022-23,26,15,Ramsdale,GK,ARS,4.9,4.639565984
2022-23,26,254,D Ward,GK,LEI,4.0,3.716417571
2022-23,26,238,Meslier,GK,LEE,4.5,2.978990338
2022-23,26,307,Ederson,GK,MCI,5.4,4.199255748
2022-23,26,327,de Gea,GK,MUN,5.0,2.38385592
2022-23,26,478,Sa,GK,WOL,5.0,3.170277882
2022-23,26,182,Pickford,GK,EVE,4.4,4.048493594
2022-23,26,422,Bazunu,GK,SOU,4.5,3.309678596
2022-23,26,2,Leno,GK,FUL,4.5,3.58190674
2022-23,26,729,Navas,GK,NFO,4.5,3.472379004
2022-23,26,574,N Neto,GK,BOU,4.5,2.178275302
2022-23,26,426,Forster,GK,TOT,3.9,3.585484507
2022-23,26,425,Lloris,GK,TOT,5.5,0.0
2022-23,26,455,Fabianski,GK,WHU,5.0,0.0
2022-23,26,473,Areola,GK,WHU,4.3,2.748968982
2022-23,26,147,E Mendy,GK,CHE,4.8,0.284639735
2022-23,26,355,Dubravka,GK,NEW,4.1,0.051348631
2022-23,26,289,Kelleher,GK,LIV,4.0,0.092089272
2022-23,26,548,Iversen,GK,LEI,3.8,0.110799679
2022-23,26,398,D Henderson,GK,NFO,4.6,0.0
2022-23,26,518,Hennessey,GK,NFO,3.9,0.007194882
2022-23,26,175,Johnstone,GK,CRY,4.4,0.0
2022-23,26,24,Turner,GK,ARS,3.8,0.08810522
2022-23,26,102,Steele,GK,BHA,3.9,0.073438575
2022-23,26,324,Ortega,GK,MCI,3.8,0.083636977
2022-23,26,72,Travers,GK,BOU,4.2,0.054147412
2022-23,26,35,Olsen,GK,AVL,3.9,0.07457697
2022-23,26,236,Klaesson,GK,LEE,3.9,0.048477687
2022-23,26,162,Butland,GK,MUN,4.4,0.0441438
2022-23,26,401,McCarthy,GK,SOU,4.3,0.063535167
2022-23,26,176,Begovic,GK,EVE,3.9,0.066136615
2022-23,26,517,Strakosha,GK,BRE,4.3,0.035052351
2022-23,26,633,Cox,GK,BRE,3.9,0.033924043
2022-23,26,213,Rodak,GK,FUL,4.3,0.057908347
2022-23,26,451,Austin,GK,TOT,3.9,0.036544596
2022-23,26,635,Bettinelli,GK,CHE,4.0,0.008144552
2022-23,26,739,Anang,GK,WHU,4.0,0.035008636
2022-23,26,740,Hegyi,GK,WHU,4.0,0.034549794
2022-23,26,497,Adrian,GK,LIV,3.9,0.007190637
2022-23,26,502,Carson,GK,MCI,3.8,0.00828817
2022-23,26,578,Robles,GK,LEE,4.0,0.004812151
2022-23,26,581,Smithies,GK,LEI,3.9,0.006054347
2022-23,26,644,Goodman,GK,CRY,4.0,0.041135604
2022-23,26,590,Whitworth,GK,CRY,4.0,0.041103933
2022-23,26,649,Plain,GK,BOU,4.0,0.004345857
2022-23,26,656,Bishop,GK,MUN,4.0,0.004025542
2022-23,26,670,Marschall,GK,AVL,4.0,0.003619951
2022-23,26,348,Heaton,GK,MUN,3.9,0.003969917
2022-23,26,571,Randolph,GK,BOU,4.0,0.004224985
2022-23,26,707,Sinisalo,GK,AVL,4.0,0.000724955
2022-23,26,424,Caballero,GK,SOU,3.9,0.000581831
2022-23,26,592,H Davies,GK,LIV,4.0,0.003852204
2022-23,26,655,Hein,GK,ARS,4.0,0.003788544
2022-23,26,745,Zych,GK,AVL,4.0,0.00358276
2022-23,26,717,Bentley,GK,WOL,4.0,0.003197477
2022-23,26,285,Trent,DEF,LIV,7.3,4.690318058
2022-23,26,586,Estupinan,DEF,BHA,4.7,3.11496715
2022-23,26,357,Trippier,DEF,NEW,6.0,2.361731037
2022-23,26,106,Dunk,DEF,BHA,4.7,3.84107781
2022-23,26,284,Robertson,DEF,LIV,6.8,4.042260834
2022-23,26,85,Henry,DEF,BRE,4.5,3.725849975
2022-23,26,92,Pinnock,DEF,BRE,4.4,3.68430135
2022-23,26,109,Veltman,DEF,BHA,4.6,3.608804443
2022-23,26,16,Gabriel,DEF,ARS,5.2,4.896101327
2022-23,26,366,Schar,DEF,NEW,5.2,2.055984315
2022-23,26,448,Perisic,DEF,TOT,5.5,3.808286127
2022-23,26,313,Zinchenko,DEF,ARS,5.1,4.694254877
2022-23,26,280,van Dijk,DEF,LIV,6.5,4.020746248
2022-23,26,146,R James,DEF,CHE,5.8,4.272308735
2022-23,26,526,Mee,DEF,BRE,5.0,3.51304898
2022-23,26,377,Botman,DEF,NEW,4.5,2.067371714
2022-23,26,258,Castagne,DEF,LEI,4.4,3.242136757
2022-23,26,165,Andersen,DEF,CRY,4.5,3.177361889
2022-23,26,332,Shaw,DEF,MUN,5.3,2.095965213
2022-23,26,26,Saliba,DEF,ARS,5.3,4.320585419
2022-23,26,430,Dier,DEF,TOT,5.1,3.587269794
2022-23,26,108,Webster,DEF,BHA,4.5,3.280090927
2022-23,26,358,Burn,DEF,NEW,4.6,1.868853898
2022-23,26,43,Cash,DEF,AVL,4.6,3.707812115
2022-23,26,602,Lodi,DEF,NFO,4.3,3.900361598
2022-23,26,309,Laporte,DEF,MCI,5.7,2.840679071
2022-23,26,167,Guehi,DEF,CRY,4.4,2.987185041
2022-23,26,139,Chilwell,DEF,CHE,5.8,3.481731623
2022-23,26,689,Badiashile,DEF,CHE,5.0,3.090676326
2022-23,26,612,Faes,DEF,LEI,4.2,2.835187881
2022-23,26,10,B White,DEF,ARS,4.7,3.888711251
2022-23,26,484,Kilman,DEF,WOL,4.4,3.114897835
2022-23,26,472,Aguerd,DEF,WHU,4.8,2.975292031
2022-23,26,459,Dawson,DEF,WOL,4.8,3.047730944
2022-23,26,230,Koch,DEF,LEE,4.5,2.585654712
2022-23,26,445,Emerson R,DEF,TOT,4.9,2.076648668
2022-23,26,420,Salisu,DEF,SOU,4.4,3.133212983
2022-23,26,520,Koulibaly,DEF,CHE,5.5,2.379530065
2022-23,26,432,Ben T Davies,DEF,TOT,4.8,3.027507588
2022-23,26,312,Dias,DEF,MCI,5.9,3.824126241
2022-23,26,443,Romero,DEF,TOT,4.9,3.047742069
2022-23,26,235,Struijk,DEF,LEE,4.5,1.810467079
2022-23,26,199,Tarkowski,DEF,EVE,4.4,3.389513022
2022-23,26,39,Mings,DEF,AVL,4.3,3.627708586
2022-23,26,342,Dalot,DEF,MUN,4.7,1.80986239
2022-23,26,272,W Fofana,DEF,CHE,4.3,2.881283597
2022-23,26,388,Worrall,DEF,NFO,4.2,3.402819428
2022-23,26,482,Semedo,DEF,WOL,5.0,2.802774956
2022-23,26,170,Mitchell,DEF,CRY,4.4,2.607192492
2022-23,26,691,Wober,DEF,LEE,4.5,1.961900545
2022-23,26,299,Walker,DEF,MCI,4.8,3.161785229
2022-23,26,475,Coady,DEF,EVE,4.9,3.223645146
2022-23,26,461,Zouma,DEF,WHU,4.4,2.04380628
2022-23,26,276,Matip,DEF,LIV,5.9,2.844587742
2022-23,26,302,Stones,DEF,MCI,5.4,1.783478787
2022-23,26,545,Emerson P,DEF,WHU,4.0,2.451079575
2022-23,26,463,Coufal,DEF,WHU,4.1,2.133989827
2022-23,26,222,Ayling,DEF,LEE,4.5,1.963961923
2022-23,26,329,Varane,DEF,MUN,4.8,1.714940867
2022-23,26,178,Coleman,DEF,EVE,4.4,3.153584346
2022-23,26,628,Aurier,DEF,NFO,4.5,0.0
2022-23,26,576,Senesi,DEF,BOU,4.4,1.893203404
2022-23,26,727,Souttar,DEF,LEI,4.5,2.513088228
2022-23,26,510,Hickey,DEF,BRE,4.9,2.630935603
2022-23,26,194,Mykolenko,DEF,EVE,4.3,3.106876086
2022-23,26,533,L Martinez,DEF,MUN,4.5,1.687154242
2022-23,26,423,Bella-Kotchap,DEF,SOU,4.5,2.557769604
2022-23,26,44,Konsa,DEF,AVL,4.4,3.661288477
2022-23,26,33,Digne,DEF,AVL,4.6,2.496043495
2022-23,26,76,Zemura,DEF,BOU,4.3,1.865736439
2022-23,26,487,Ait-Nouri,DEF,WOL,4.2,2.391293157
2022-23,26,84,Ajer,DEF,BRE,4.5,2.051955312
2022-23,26,730,Felipe,DEF,NFO,4.5,3.109430324
2022-23,26,456,Ogbonna,DEF,WHU,4.4,2.402340652
2022-23,26,308,Ake,DEF,MCI,5.1,2.296425619
2022-23,26,410,Bednarek,DEF,SOU,4.2,2.516991926
2022-23,26,217,Robinson,DEF,FUL,4.4,2.637559291
2022-23,26,201,Ream,DEF,FUL,4.6,2.606119883
2022-23,26,114,Lamptey,DEF,BHA,4.2,2.924572642
2022-23,26,157,Clyne,DEF,CRY,4.5,1.873948698
2022-23,26,513,Lenglet,DEF,TOT,4.8,1.747463071
2022-23,26,404,Stephens,DEF,BOU,4.3,1.614851505
2022-23,26,470,Diop,DEF,FUL,4.3,2.42211027
2022-23,26,50,Carlos,DEF,AVL,4.7,0.227026388
2022-23,26,57,A Smith,DEF,BOU,4.3,1.665202079
2022-23,26,112,Cucurella,DEF,CHE,5.1,1.52089841
2022-23,26,733,Porro,DEF,TOT,4.9,2.081320245
2022-23,26,417,Perraud,DEF,SOU,4.1,1.979661275
2022-23,26,610,Akanji,DEF,MCI,5.0,2.373023218
2022-23,26,215,K Tete,DEF,FUL,4.4,2.422128743
2022-23,26,694,Moreno,DEF,AVL,4.4,1.97773573
2022-23,26,156,J Ward,DEF,CRY,4.4,1.548932085
2022-23,26,286,J Gomez,DEF,LIV,4.3,0.437775547
2022-23,26,409,Walker-Peters,DEF,SOU,4.4,1.706719171
2022-23,26,709,Kristiansen,DEF,LEI,4.5,1.617981844
2022-23,26,290,Konate,DEF,LIV,4.8,0.961903619
2022-23,26,270,Thomas,DEF,LEI,4.0,1.173102685
2022-23,26,588,Kehrer,DEF,WHU,4.4,1.23415064
2022-23,26,90,Roerslev,DEF,BRE,4.3,1.053308488
2022-23,26,504,Malacia,DEF,MUN,4.2,1.120296907
2022-23,26,141,T Chalobah,DEF,CHE,4.5,0.972769033
2022-23,26,559,Colwill,DEF,BHA,4.4,0.15183295
2022-23,26,71,Mepham,DEF,BOU,4.3,1.153139657
2022-23,26,295,N Williams,DEF,NFO,3.9,3.30393203
2022-23,26,573,R Lewis,DEF,MCI,3.9,1.191420147
2022-23,26,595,Zanka,DEF,BRE,4.0,0.665970598
2022-23,26,221,Cooper,DEF,LEE,4.4,0.576788118
2022-23,26,435,D Sanchez,DEF,TOT,4.3,0.574583745
2022-23,26,127,Azpilicueta,DEF,CHE,4.8,0.0
2022-23,26,516,Collins,DEF,WOL,4.4,0.640733585
2022-23,26,530,C Richards,DEF,CRY,4.4,0.98263207
2022-23,26,367,Targett,DEF,NEW,4.7,0.931638579
2022-23,26,292,Tsimikas,DEF,LIV,4.4,0.757154313
2022-23,26,128,T Silva,DEF,CHE,5.5,0.0
2022-23,26,457,Cresswell,DEF,WHU,4.7,0.625879133
2022-23,26,337,Lindelof,DEF,MUN,4.1,0.312342357
2022-23,26,330,Maguire,DEF,MUN,4.7,0.259412357
2022-23,26,623,Caleta-Car,DEF,SOU,4.5,0.419276137
2022-23,26,239,Firpo,DEF,LEE,4.5,0.896544799
2022-23,26,257,Amartey,DEF,LEI,4.0,0.350984498
2022-23,26,244,Kristensen,DEF,LEE,4.8,0.48238803
2022-23,26,78,Jansson,DEF,BRE,4.2,0.290686792
2022-23,26,507,Niakhate,DEF,NFO,4.3,0.0
2022-23,26,209,Adarabioyo,DEF,FUL,4.5,0.579782635
2022-23,26,587,S Gomez,DEF,MCI,4.5,0.400550947
2022-23,26,341,Wan-Bissaka,DEF,MUN,4.3,0.553803984
2022-23,26,716,Bree,DEF,SOU,4.5,0.742452895
2022-23,26,256,R Pereira,DEF,LEI,4.3,0.920419769
2022-23,26,193,Godfrey,DEF,EVE,4.3,0.540590451
2022-23,26,197,Patterson,DEF,EVE,3.9,0.259738449
2022-23,26,360,Lascelles,DEF,NEW,4.3,0.255132777
2022-23,26,722,Zabarnyi,DEF,BOU,4.5,0.0
2022-23,26,477,Jonny,DEF,WOL,4.3,0.871141951
2022-23,26,501,N Phillips,DEF,LIV,3.9,0.037268567
2022-23,26,188,Mina,DEF,EVE,4.3,0.213665152
2022-23,26,538,A Young,DEF,AVL,4.4,0.799698721
2022-23,26,153,Tomkins,DEF,CRY,3.9,0.095678849
2022-23,26,558,Bueno,DEF,WOL,3.9,0.0
2022-23,26,250,Bertrand,DEF,LEI,3.9,0.0
2022-23,26,298,Ramsay,DEF,LIV,3.9,0.0
2022-23,26,622,Larios,DEF,SOU,4.0,0.0
2022-23,26,474,Boly,DEF,NFO,4.2,0.0
2022-23,26,363,Manquillo,DEF,NEW,4.2,0.0
2022-23,26,613,Kurzawa,DEF,FUL,4.3,0.0
2022-23,26,73,Kelly,DEF,BOU,4.3,0.0
2022-23,26,249,Evans,DEF,LEI,4.4,0.0
2022-23,26,436,Sessegnon,DEF,TOT,4.4,0.0
2022-23,26,385,McKenna,DEF,NFO,4.4,0.0
2022-23,26,419,Livramento,DEF,SOU,4.4,0.0
2022-23,26,226,Dallas,DEF,LEE,4.9,0.0
2022-23,26,362,Dummett,DEF,NEW,3.9,0.002936137
2022-23,26,631,Sousa,DEF,ARS,4.0,0.004447418
2022-23,26,439,Tanganga,DEF,TOT,3.9,0.003865706
2022-23,26,540,Stevens,DEF,BRE,4.0,0.003901011
2022-23,26,673,Humphreys,DEF,CHE,4.5,0.003689071
2022-23,26,253,Vestergaard,DEF,LEI,3.9,0.003596511
2022-23,26,555,Ashby,DEF,NEW,3.8,0.00280832
2022-23,26,273,Brunt,DEF,LEI,3.9,0.003355495
2022-23,26,664,Lembikisa,DEF,WOL,4.0,0.003307009
2022-23,26,598,Bevan,DEF,BOU,4.0,0.002993072
2022-23,26,743,Monteiro,DEF,LEE,4.0,0.003019048
2022-23,26,744,Swinkels,DEF,AVL,4.0,0.003514214
2022-23,26,642,Balmer,DEF,CRY,4.0,0.003314042
2022-23,26,736,Offiah,DEF,BHA,4.0,0.003523188
2022-23,26,742,Chilokoa-Mullen,DEF,LEE,4.0,0.002922485
2022-23,26,605,Welch,DEF,EVE,4.0,0.003394824
2022-23,26,737,B Greenwood,DEF,BOU,4.0,0.002907322
2022-23,26,637,John,DEF,EVE,4.0,0.003351765
2022-23,26,738,Kinsey-Wellings,DEF,BOU,4.0,0.002902477
2022-23,26,636,Parkes,DEF,FUL,4.0,0.00348029
2022-23,26,674,Bennett,DEF,MUN,4.0,0.002882881
2022-23,26,746,Casey,DEF,WHU,4.0,0.00319821
2022-23,26,350,Ritchie,DEF,NEW,4.2,0.062908916
2022-23,26,645,Wormleighton,DEF,LEI,4.0,0.017481644
2022-23,26,343,B Williams,DEF,MUN,3.8,0.032018217
2022-23,26,531,Vinagre,DEF,EVE,4.3,0.041157801
2022-23,26,531,Vinagre,DEF,EVE,4.3,0.041157801
2022-23,26,180,Keane,DEF,EVE,4.2,0.040700967
2022-23,26,386,Drager,DEF,NFO,4.0,0.196363322
2022-23,26,32,C Chambers,DEF,AVL,4.2,0.303358055
2022-23,26,544,van Hecke,DEF,BHA,4.0,0.040130837
2022-23,26,372,J Lewis,DEF,NEW,4.4,0.058858583
2022-23,26,646,Crama,DEF,BRE,4.0,0.035438428
2022-23,26,489,Toti,DEF,WOL,3.9,0.15585684
2022-23,26,267,Soyuncu,DEF,LEI,4.2,0.158220438
2022-23,26,413,Lyanco,DEF,SOU,4.4,0.562168718
2022-23,26,65,Stacey,DEF,BOU,4.3,0.059638689
2022-23,26,174,N Ferguson,DEF,CRY,3.9,0.077060537
2022-23,26,8,Tierney,DEF,ARS,4.6,1.101648149
2022-23,26,59,Fredericks,DEF,BOU,4.4,0.507791938
2022-23,26,523,Toffolo,DEF,NFO,4.3,1.161554774
2022-23,26,105,Duffy,DEF,FUL,4.3,0.149917991
2022-23,26,14,Tomiyasu,DEF,ARS,4.2,1.731056799
2022-23,26,710,Kiwior,DEF,ARS,4.0,0.232743655
2022-23,26,1,Cedric,DEF,FUL,4.2,0.336355696
2022-23,26,5,Holding,DEF,ARS,4.2,0.311032558
2022-23,26,192,Holgate,DEF,EVE,4.3,0.487210292
2022-23,26,471,Ben Johnson,DEF,WHU,4.4,0.956810212
2022-23,26,283,Salah,MID,LIV,12.7,5.718377033
2022-23,26,116,Mac Allister,MID,BHA,5.4,4.503007413
2022-23,26,333,Fernandes,MID,MUN,9.8,3.6289884
2022-23,26,335,Rashford,MID,MUN,7.3,3.612686276
2022-23,26,264,Barnes,MID,LEI,6.7,4.613049725
2022-23,26,107,March,MID,BHA,5.1,3.245709311
2022-23,26,104,Gross,MID,BHA,5.5,4.095765651
2022-23,26,465,Bowen,MID,WHU,8.0,3.807410389
2022-23,26,124,Mitoma,MID,BHA,5.4,3.968020578
2022-23,26,13,Saka,MID,ARS,8.4,5.590517745
2022-23,26,7,Odegaard,MID,ARS,7.0,5.460825175
2022-23,26,301,De Bruyne,MID,MCI,12.3,4.663763998
2022-23,26,428,Son,MID,TOT,11.6,4.04490067
2022-23,26,261,Maddison,MID,LEI,8.1,4.114809837
2022-23,26,19,Martinelli,MID,ARS,6.5,5.693398081
2022-23,26,407,Ward-Prowse,MID,SOU,6.2,4.156386003
2022-23,26,160,Zaha,MID,CRY,7.2,2.870644268
2022-23,26,493,Gibbs-White,MID,NFO,5.5,4.147998319
2022-23,26,45,Bailey,MID,AVL,4.4,3.691761803
2022-23,26,42,Buendia,MID,AVL,5.7,3.58390951
2022-23,26,88,Jensen,MID,BRE,4.8,3.362756121
2022-23,26,446,Kulusevski,MID,TOT,7.9,3.599692157
2022-23,26,142,Mount,MID,CHE,7.2,3.735219492
2022-23,26,120,Caicedo,MID,BHA,5.0,3.315613638
2022-23,26,374,Guimaraes,MID,NEW,5.5,1.820573734
2022-23,26,724,E Fernandez,MID,CHE,5.0,3.657947325
2022-23,26,593,Casemiro,MID,MUN,4.9,2.704216845
2022-23,26,79,Norgaard,MID,BRE,5.3,3.164034138
2022-23,26,704,Sarabia,MID,WOL,5.5,3.614977328
2022-23,26,300,Gundogan,MID,MCI,7.3,3.624294297
2022-23,26,715,M Tete,MID,LEI,5.5,3.235925589
2022-23,26,705,Ouattara,MID,BOU,5.0,2.630646397
2022-23,26,171,Olise,MID,CRY,5.4,2.973621026
2022-23,26,603,Paqueta,MID,WHU,5.9,2.657737589
2022-23,26,70,Billing,MID,BOU,5.1,2.597693312
2022-23,26,369,Almiron,MID,NEW,5.5,2.216579062
2022-23,26,464,Benrahma,MID,WHU,5.5,2.821078035
2022-23,26,111,Trossard,MID,ARS,6.6,4.401633074
2022-23,26,186,Iwobi,MID,EVE,5.4,3.441247378
2022-23,26,311,B Silva,MID,MCI,6.8,3.473427006
2022-23,26,303,Mahrez,MID,MCI,7.8,3.380030794
2022-23,26,6,Partey,MID,ARS,4.7,3.878813836
2022-23,26,266,Dewsbury-Hall,MID,LEI,4.9,3.052466829
2022-23,26,433,Hojbjerg,MID,TOT,5.5,3.113303635
2022-23,26,314,Foden,MID,MCI,8.0,3.296770046
2022-23,26,723,H Traore,MID,BOU,4.5,2.494062419
2022-23,26,304,Sterling,MID,CHE,9.7,2.714538358
2022-23,26,53,Kamara,MID,AVL,4.8,2.885606345
2022-23,26,315,Rodri,MID,MCI,5.6,3.367410607
2022-23,26,233,Harrison,MID,LEE,5.8,2.548934356
2022-23,26,371,Joelinton,MID,NEW,5.9,2.461369861
2022-23,26,480,Neves,MID,WOL,5.4,2.985340526
2022-23,26,373,Willock,MID,NEW,4.7,1.894324826
2022-23,26,86,Janelt,MID,BRE,5.5,2.625917628
2022-23,26,46,Douglas Luiz,MID,AVL,4.8,2.830002679
2022-23,26,47,J Ramsey,MID,AVL,5.2,2.793555446
2022-23,26,582,Freuler,MID,NFO,4.9,3.068291371
2022-23,26,89,Wissa,MID,BRE,5.3,2.314074495
2022-23,26,37,McGinn,MID,AVL,5.1,2.742082807
2022-23,26,614,Willian,MID,FUL,5.5,3.225853772
2022-23,26,64,Lerma,MID,BOU,4.8,2.347300634
2022-23,26,467,Rice,MID,WHU,4.7,2.656148007
2022-23,26,161,Schlupp,MID,CRY,4.7,2.581589015
2022-23,26,159,J Ayew,MID,CRY,5.3,2.622544826
2022-23,26,534,McNeil,MID,EVE,5.1,3.091922207
2022-23,26,132,Kovacic,MID,CHE,4.9,2.024931884
2022-23,26,699,Mudryk,MID,CHE,6.8,2.610394981
2022-23,26,680,Gakpo,MID,LIV,7.8,3.156729756
2022-23,26,169,Eze,MID,CRY,5.4,2.479754836
2022-23,26,3,Xhaka,MID,ARS,4.9,3.41816175
2022-23,26,609,Antony,MID,MUN,7.3,2.211905213
2022-23,26,346,A Pereira,MID,FUL,4.4,3.183567436
2022-23,26,514,C Doucoure,MID,CRY,5.0,2.525850203
2022-23,26,577,Onana,MID,EVE,4.8,2.960024294
2022-23,26,611,Gueye,MID,EVE,4.9,2.917621865
2022-23,26,506,T Adams,MID,LEE,4.9,2.308197929
2022-23,26,368,Saint-Maximin,MID,NEW,6.1,1.937167531
2022-23,26,731,Sulemana,MID,SOU,5.0,2.867098273
2022-23,26,305,Grealish,MID,MCI,6.8,2.858144224
2022-23,26,406,Elyounoussi,MID,SOU,5.2,2.57349305
2022-23,26,370,S Longstaff,MID,NEW,4.3,1.842585162
2022-23,26,185,A Doucoure,MID,EVE,5.3,2.75781977
2022-23,26,205,Reid,MID,FUL,5.5,2.886470755
2022-23,26,486,P Neto,MID,WOL,4.9,2.548684116
2022-23,26,508,Sinisterra,MID,LEE,6.5,0.178316597
2022-23,26,265,Ndidi,MID,LEI,4.8,2.381271775
2022-23,26,293,Diaz,MID,LIV,7.8,0.0
2022-23,26,195,A Gordon,MID,NEW,5.1,1.611459347
2022-23,26,83,Dasilva,MID,BRE,4.1,2.041550453
2022-23,26,282,Fabinho,MID,LIV,5.2,2.6171578
2022-23,26,387,Yates,MID,NFO,5.0,1.64893488
2022-23,26,589,Nunes,MID,WOL,4.8,2.444174382
2022-23,26,245,Roca,MID,LEE,4.8,1.786828837
2022-23,26,468,Soucek,MID,WHU,5.1,2.023995869
2022-23,26,681,Scarpa,MID,NFO,4.9,2.44469822
2022-23,26,321,Lavia,MID,SOU,4.5,2.142086077
2022-23,26,275,J Henderson,MID,LIV,5.3,2.293534069
2022-23,26,220,Palhinha,MID,FUL,4.9,0.0
2022-23,26,503,Moutinho,MID,WOL,4.7,2.240808715
2022-23,26,277,Thiago,MID,LIV,5.1,0.0
2022-23,26,720,McKennie,MID,LEE,4.9,1.577479122
2022-23,26,246,Aaronson,MID,LEE,5.4,2.202840902
2022-23,26,75,Anthony,MID,BOU,5.2,1.440072527
2022-23,26,331,Fred,MID,MUN,5.1,1.592778923
2022-23,26,211,Reed,MID,FUL,4.4,2.380773132
2022-23,26,692,Orsic,MID,SOU,5.2,0.909161743
2022-23,26,136,Loftus-Cheek,MID,CHE,5.0,2.497789244
2022-23,26,693,Alcaraz,MID,SOU,5.0,1.969675082
2022-23,26,527,Lingard,MID,NFO,5.4,1.221418458
2022-23,26,294,Elliott,MID,LIV,4.9,1.905696364
2022-23,26,21,Maitland-Niles,MID,SOU,4.8,1.30148416
2022-23,26,564,Bajcetic,MID,LIV,4.4,2.033250986
2022-23,26,340,Sancho,MID,MUN,7.1,0.862132879
2022-23,26,134,Kante,MID,CHE,4.8,0.182467189
2022-23,26,441,Skipp,MID,TOT,4.3,1.486132265
2022-23,26,135,Ziyech,MID,CHE,5.5,1.228310806
2022-23,26,240,Summerville,MID,LEE,4.2,1.553134047
2022-23,26,491,A Traore,MID,WOL,5.4,0.521848684
2022-23,26,728,Sabitzer,MID,MUN,4.9,1.258831834
2022-23,26,405,S Armstrong,MID,SOU,4.7,1.346791828
2022-23,26,212,H Wilson,MID,FUL,5.7,1.749909721
2022-23,26,450,P Sarr,MID,TOT,4.2,1.691761203
2022-23,26,148,Gallagher,MID,CHE,5.6,1.182760189
2022-23,26,483,Podence,MID,WOL,5.3,1.880279559
2022-23,26,130,Jorginho,MID,ARS,5.8,0.789627202
2022-23,26,189,D Gray,MID,EVE,5.3,1.551158953
2022-23,26,624,Edozie,MID,SOU,4.7,1.521796015
2022-23,26,708,Madueke,MID,CHE,5.5,0.931478213
2022-23,26,18,Lokonga,MID,CRY,4.3,1.262642284
2022-23,26,69,Christie,MID,BOU,5.3,1.086604828
2022-23,26,569,Garnacho,MID,MUN,4.2,1.342912817
2022-23,26,140,Pulisic,MID,CHE,5.6,0.0
2022-23,26,549,Praet,MID,LEI,4.8,1.337521793
2022-23,26,583,Kouyate,MID,NFO,4.4,0.259184171
2022-23,26,703,Danilo,MID,NFO,4.5,1.533821722
2022-23,26,365,Murphy,MID,NEW,4.2,0.938228419
2022-23,26,698,Lemina,MID,WOL,4.5,1.828774921
2022-23,26,713,Danjuma,MID,TOT,6.4,0.685850044
2022-23,26,359,R Fraser,MID,NEW,5.2,0.932910625
2022-23,26,661,Hall,MID,CHE,4.4,0.431659548
2022-23,26,252,N Mendy,MID,LEI,4.3,1.141931437
2022-23,26,512,Aribo,MID,SOU,5.1,0.863341292
2022-23,26,616,Zakaria,MID,CHE,4.9,0.497743644
2022-23,26,149,Gilmour,MID,BHA,4.2,0.561352899
2022-23,26,287,Keita,MID,LIV,4.7,0.828863105
2022-23,26,481,Hwang,MID,WOL,5.7,0.474568181
2022-23,26,726,Lukic,MID,FUL,4.5,2.137747508
2022-23,26,269,Soumare,MID,LEI,4.4,0.748008033
2022-23,26,515,Lewis-Potter,MID,BRE,5.2,0.536710543
2022-23,26,278,Chamberlain,MID,LIV,4.9,0.278379778
2022-23,26,34,Bertrand Traore,MID,AVL,4.9,0.191244555
2022-23,26,204,Kebano,MID,FUL,5.4,0.0
2022-23,26,4,Elneny,MID,ARS,4.1,0.0
2022-23,26,629,Boubacar Traore,MID,WOL,4.3,0.0
2022-23,26,117,Moder,MID,BHA,4.4,0.0
2022-23,26,570,Garner,MID,EVE,4.5,0.0
2022-23,26,639,Braybrooke,MID,LEI,4.5,0.0
2022-23,26,535,Tavernier,MID,BOU,4.7,0.0
2022-23,26,444,Bissouma,MID,TOT,4.7,0.0
2022-23,26,101,Lallana,MID,BHA,4.8,0.0
2022-23,26,154,McArthur,MID,CRY,4.8,0.0
2022-23,26,67,L Cook,MID,BOU,4.9,0.0
2022-23,26,490,Chiquinho,MID,WOL,5.0,0.0
2022-23,26,60,Brooks,MID,BOU,5.3,0.0
2022-23,26,440,Bentancur,MID,TOT,5.4,0.0
2022-23,26,259,Tielemans,MID,LEI,6.1,0.0
2022-23,26,519,Eriksen,MID,MUN,6.3,0.0
2022-23,26,225,Rodrigo,MID,LEE,6.3,0.0
2022-23,26,29,Coutinho,MID,AVL,6.6,0.0
2022-23,26,632,Trevitt,MID,BRE,4.4,0.003980981
2022-23,26,316,Palmer,MID,MCI,4.3,0.004281503
2022-23,26,452,Devine,MID,TOT,4.3,0.003742492
2022-23,26,338,McTominay,MID,MUN,4.9,0.980268701
2022-23,26,449,H White,MID,TOT,4.4,0.003728593
2022-23,26,672,K Young,MID,AVL,4.5,0.00373759
2022-23,26,650,Yarmolyuk,MID,BRE,4.5,0.003633819
2022-23,26,553,Hammond,MID,NFO,4.3,0.003732235
2022-23,26,546,Harris,MID,FUL,4.4,0.004076325
2022-23,26,741,Miley,MID,NEW,4.5,0.003270138
2022-23,26,560,Mills,MID,EVE,4.4,0.003709521
2022-23,26,600,Knight,MID,MCI,4.5,0.003899972
2022-23,26,702,Santos,MID,CHE,4.5,0.003441038
2022-23,26,696,Dacosta,MID,BOU,4.4,0.003299482
2022-23,26,601,Rodney,MID,CRY,4.5,0.003384911
2022-23,26,658,Griffiths,MID,WOL,4.4,0.003333327
2022-23,26,551,Iqbal,MID,MUN,4.2,0.003366236
2022-23,26,735,Marcal,MID,LEI,4.5,0.003310243
2022-23,26,678,Price,MID,EVE,4.5,0.003336025
2022-23,26,23,Nelson,MID,ARS,4.7,0.048150007
2022-23,26,584,B Clark,MID,LIV,4.5,0.003618047
2022-23,26,654,Wells-Morrison,MID,CRY,4.5,0.003203839
2022-23,26,647,Payne,MID,SOU,4.5,0.003252447
2022-23,26,641,Godo,MID,FUL,4.5,0.003594392
2022-23,26,648,Finnigan,MID,SOU,4.5,0.003221701
2022-23,26,676,Ozoh,MID,CRY,4.5,0.003153688
2022-23,26,25,Vieira,MID,ARS,5.6,1.367203955
2022-23,26,712,Perrone,MID,MCI,4.4,0.003314996
2022-23,26,565,A Gray,MID,LEE,4.5,0.0189557
2022-23,26,668,Cozier-Duberry,MID,ARS,4.5,0.043039022
2022-23,26,630,Nwaneri,MID,ARS,4.5,0.042500691
2022-23,26,607,M Smith,MID,ARS,4.5,0.035860852
2022-23,26,734,A Ayew,MID,NFO,5.0,0.567813213
2022-23,26,536,Mangala,MID,NFO,4.9,1.511256113
2022-23,26,552,Anderson,MID,NEW,4.4,0.074643091
2022-23,26,651,Moran,MID,BHA,4.5,0.018069692
2022-23,26,479,Dendoncker,MID,AVL,4.7,1.299227241
2022-23,26,719,Ayari,MID,BHA,4.5,0.017147206
2022-23,26,606,Vale,MID,CHE,4.5,0.16968646
2022-23,26,677,Hinshelwood,MID,BHA,4.5,0.016647703
2022-23,26,179,Townsend,MID,EVE,5.4,0.087422759
2022-23,26,93,Onyeka,MID,BRE,4.8,0.622307939
2022-23,26,665,Doak,MID,LIV,4.5,0.037322777
2022-23,26,431,Lucas Moura,MID,TOT,5.8,0.699666545
2022-23,26,469,Fornals,MID,WHU,4.9,0.802125839
2022-23,26,725,Ahamada,MID,CRY,4.5,0.073702477
2022-23,26,247,Gyabi,MID,LEE,4.2,0.069632036
2022-23,26,460,Lanzini,MID,WHU,5.1,0.074359271
2022-23,26,418,Djenepo,MID,SOU,5.0,0.165200206
2022-23,26,400,Walcott,MID,SOU,4.8,0.477421313
2022-23,26,12,Smith Rowe,MID,ARS,5.6,1.253174402
2022-23,26,575,Cornet,MID,WHU,5.9,0.071959205
2022-23,26,667,Sekularac,MID,FUL,4.5,0.802319371
2022-23,26,566,Hodge,MID,WOL,4.4,0.143833712
2022-23,26,158,Milivojevic,MID,CRY,4.2,0.14202805
2022-23,26,164,Riedewald,MID,CRY,4.3,0.140746412
2022-23,26,296,Carvalho,MID,LIV,5.1,0.342020662
2022-23,26,643,Mainoo,MID,MUN,4.5,0.13973583
2022-23,26,344,Elanga,MID,MUN,4.7,0.2231075
2022-23,26,416,I Diallo,MID,SOU,4.2,0.604342017
2022-23,26,119,Sarmiento,MID,BHA,4.5,0.613843068
2022-23,26,347,Pellistri,MID,MUN,4.3,0.208371963
2022-23,26,679,Buonanotte,MID,BHA,4.5,0.577060197
2022-23,26,562,Solomon,MID,FUL,4.9,0.886444781
2022-23,26,291,C Jones,MID,LIV,4.9,0.243827792
2022-23,26,58,Stanislas,MID,BOU,4.8,0.136682414
2022-23,26,721,J Gomes,MID,WOL,4.5,0.297445914
2022-23,26,349,Shelvey,MID,NFO,4.8,0.953498167
2022-23,26,94,Baptiste,MID,BRE,4.5,0.71461209
2022-23,26,620,Arthur,MID,LIV,4.8,0.152860187
2022-23,26,87,Ghoddos,MID,BRE,4.8,0.317386007
2022-23,26,224,Forshaw,MID,LEE,4.4,0.347814782
2022-23,26,163,W Hughes,MID,CRY,4.8,0.820172402
2022-23,26,580,Damsgaard,MID,BRE,5.0,0.309576294
2022-23,26,505,Rothwell,MID,BOU,4.9,0.583964298
2022-23,26,688,Schade,MID,BRE,4.9,0.478042877
2022-23,26,509,Downes,MID,WHU,4.2,1.152401621
2022-23,26,274,Milner,MID,LIV,4.4,0.67876997
2022-23,26,190,T Davies,MID,EVE,4.9,1.29790705
2022-23,26,231,D James,MID,FUL,6.0,1.064372571
2022-23,26,381,Colback,MID,NFO,4.1,0.685427789
2022-23,26,325,Kalvin Phillips,MID,MCI,4.8,0.460797403
2022-23,26,200,Cairney,MID,FUL,4.7,0.294060915
2022-23,26,318,Haaland,FWD,MCI,12.2,5.547841016
2022-23,26,427,Kane,FWD,TOT,11.8,4.679230954
2022-23,26,80,Toney,FWD,BRE,7.6,4.492398554
2022-23,26,40,Watkins,FWD,AVL,7.2,3.712798682
2022-23,26,95,Mbeumo,FWD,BRE,5.8,3.448847618
2022-23,26,66,Solanke,FWD,BOU,5.5,3.097080299
2022-23,26,297,Nunez,FWD,LIV,8.7,4.301483688
2022-23,26,594,Isak,FWD,NEW,6.6,2.525489236
2022-23,26,262,Iheanacho,FWD,LEI,6.1,3.533976916
2022-23,26,145,Havertz,FWD,CHE,7.6,3.516317005
2022-23,26,356,C Wilson,FWD,NEW,7.0,2.423133129
2022-23,26,394,Brennan Johnson,FWD,NFO,5.7,3.59156605
2022-23,26,227,Bamford,FWD,LEE,7.2,2.756245144
2022-23,26,690,Felix,FWD,CHE,7.6,3.753071157
2022-23,26,210,Mitrovic,FWD,FUL,6.8,3.605729399
2022-23,26,103,Welbeck,FWD,BHA,6.5,2.816947176
2022-23,26,28,Jesus,FWD,ARS,7.9,0.363462508
2022-23,26,701,Weghorst,FWD,MUN,5.8,2.80436382
2022-23,26,732,Onuachu,FWD,SOU,5.5,2.965531469
2022-23,26,619,Gnonto,FWD,LEE,5.1,2.275830696
2022-23,26,458,Antonio,FWD,WHU,7.0,2.402054895
2022-23,26,682,Cunha,FWD,WOL,5.5,1.753943903
2022-23,26,345,Martial,FWD,MUN,6.4,0.394404621
2022-23,26,191,Calvert-Lewin,FWD,EVE,7.9,0.364610859
2022-23,26,255,Vardy,FWD,LEI,9.1,2.335222242
2022-23,26,397,Awoniyi,FWD,NFO,5.6,0.0
2022-23,26,411,C Adams,FWD,SOU,6.2,0.353349361
2022-23,26,354,Wood,FWD,NFO,5.6,2.891407226
2022-23,26,110,Maupay,FWD,EVE,5.9,3.156299946
2022-23,26,11,Nketiah,FWD,ARS,6.8,3.146621593
2022-23,26,168,Mateta,FWD,CRY,5.1,2.163301929
2022-23,26,166,Edouard,FWD,CRY,5.1,2.106761785
2022-23,26,596,E Ferguson,FWD,BHA,4.6,2.235358586
2022-23,26,454,Richarlison,FWD,TOT,8.4,1.872988774
2022-23,26,476,Jimenez,FWD,WOL,6.7,2.419238605
2022-23,26,288,Jota,FWD,LIV,8.8,2.233645069
2022-23,26,279,Firmino,FWD,LIV,8.0,2.198641957
2022-23,26,30,Ings,FWD,WHU,6.4,1.59192469
2022-23,26,271,Daka,FWD,LEI,5.6,1.097091462
2022-23,26,700,Rutter,FWD,LEE,5.4,1.094248364
2022-23,26,617,Aubameyang,FWD,CHE,8.4,0.43401185
2022-23,26,714,Semenyo,FWD,BOU,5.0,1.060914428
2022-23,26,408,A Armstrong,FWD,SOU,5.4,0.962653888
2022-23,26,319,Alvarez,FWD,MCI,6.0,0.83105809
2022-23,26,684,D Fofana,FWD,CHE,5.0,0.499445524
2022-23,26,150,Broja,FWD,CHE,5.3,0.0
2022-23,26,706,Pollock,FWD,BOU,4.5,0.003430217
2022-23,26,697,Sadi,FWD,BOU,4.5,0.003422347
2022-23,26,695,Adu-Adjei,FWD,BOU,4.5,0.003407252
2022-23,26,671,Morgan,FWD,SOU,4.5,0.003584348
2022-23,26,663,Perkins,FWD,LEE,4.5,0.003247315
2022-23,26,447,Scarlett,FWD,TOT,4.5,0.003368364
2022-23,26,666,D Taylor,FWD,NFO,4.5,0.00327655
2022-23,26,591,Ablade,FWD,FUL,4.5,0.003595323
2022-23,26,657,N Fraser,FWD,WOL,4.5,0.003129685
2022-23,26,669,Mubama,FWD,WHU,4.5,0.003239642
2022-23,26,62,Kieffer Moore,FWD,BOU,5.1,0.57100535
2022-23,26,659,Mateo,FWD,LEE,4.5,0.071048748
2022-23,26,585,E Dennis,FWD,NFO,5.6,0.891028797
2022-23,26,125,Enciso,FWD,BHA,4.7,0.547648408
2022-23,26,625,Costa,FWD,WOL,5.4,0.333457981
2022-23,26,528,Mara,FWD,SOU,5.3,0.249377424
2022-23,26,391,Surridge,FWD,NFO,4.7,0.803723932
2022-23,26,711,Duran,FWD,AVL,5.5,0.887403563
2022-23,26,686,Simms,FWD,EVE,4.5,1.102842218
2022-23,26,529,Scamacca,FWD,WHU,6.6,0.580202682
2022-23,26,123,Undav,FWD,BHA,5.0,0.312517543
2022-23,26,237,S Greenwood,FWD,LEE,4.1,1.2095371
2022-23,26,618,Vinicius,FWD,FUL,5.4,1.081439739
2022-23,27,81,Raya,GK,BRE,4.8,8.906690699
2022-23,27,376,Pope,GK,NEW,5.4,4.215169509
2022-23,27,133,Kepa,GK,CHE,4.7,3.72821425
2022-23,27,281,Alisson,GK,LIV,5.4,4.766521081
2022-23,27,152,Guaita,GK,CRY,4.4,5.82385263
2022-23,27,327,de Gea,GK,MUN,5.0,4.098020812
2022-23,27,102,Steele,GK,BHA,3.9,6.926384915
2022-23,27,238,Meslier,GK,LEE,4.5,3.601788623
2022-23,27,254,D Ward,GK,LEI,4.0,3.311015643
2022-23,27,31,E Martinez,GK,AVL,4.9,3.373262269
2022-23,27,307,Ederson,GK,MCI,5.4,4.242373142
2022-23,27,15,Ramsdale,GK,ARS,4.9,4.01831151
2022-23,27,422,Bazunu,GK,SOU,4.5,5.727283413
2022-23,27,478,Sa,GK,WOL,5.0,3.445182061
2022-23,27,455,Fabianski,GK,WHU,5.0,0.0
2022-23,27,574,N Neto,GK,BOU,4.5,1.788668713
2022-23,27,2,Leno,GK,FUL,4.5,3.064533635
2022-23,27,182,Pickford,GK,EVE,4.4,3.593140367
2022-23,27,729,Navas,GK,NFO,4.5,1.976819428
2022-23,27,426,Forster,GK,TOT,3.9,4.148748823
2022-23,27,425,Lloris,GK,TOT,5.4,0.0
2022-23,27,113,R Sanchez,GK,BHA,4.6,0.485073105
2022-23,27,473,Areola,GK,WHU,4.3,3.492989595
2022-23,27,401,McCarthy,GK,SOU,4.3,0.111338171
2022-23,27,398,D Henderson,GK,NFO,4.6,0.0
2022-23,27,578,Robles,GK,LEE,4.0,0.006334012
2022-23,27,213,Rodak,GK,FUL,4.3,0.053647098
2022-23,27,24,Turner,GK,ARS,3.8,0.075564917
2022-23,27,162,Butland,GK,MUN,4.4,0.075156209
2022-23,27,289,Kelleher,GK,LIV,4.0,0.110268817
2022-23,27,35,Olsen,GK,AVL,3.9,0.060814436
2022-23,27,355,Dubravka,GK,NEW,4.1,0.106828432
2022-23,27,147,E Mendy,GK,CHE,4.8,0.200682503
2022-23,27,324,Ortega,GK,MCI,3.8,0.083986307
2022-23,27,517,Strakosha,GK,BRE,4.3,0.0
2022-23,27,548,Iversen,GK,LEI,3.8,0.095003034
2022-23,27,176,Begovic,GK,EVE,3.9,0.062922442
2022-23,27,571,Randolph,GK,BOU,4.0,0.003921407
2022-23,27,175,Johnstone,GK,CRY,4.4,0.0
2022-23,27,72,Travers,GK,BOU,4.2,0.054144026
2022-23,27,717,Bentley,GK,WOL,4.0,0.003280803
2022-23,27,590,Whitworth,GK,CRY,4.0,0.017294884
2022-23,27,633,Cox,GK,BRE,3.9,0.128876016
2022-23,27,424,Caballero,GK,SOU,3.9,0.001012485
2022-23,27,635,Bettinelli,GK,CHE,4.0,0.006929436
2022-23,27,348,Heaton,GK,MUN,3.9,0.006541792
2022-23,27,581,Smithies,GK,LEI,3.9,0.005322296
2022-23,27,497,Adrian,GK,LIV,3.9,0.008459898
2022-23,27,707,Sinisalo,GK,AVL,4.0,0.000572446
2022-23,27,739,Anang,GK,WHU,4.0,0.041033734
2022-23,27,502,Carson,GK,MCI,3.8,0.008276533
2022-23,27,656,Bishop,GK,MUN,4.0,0.006635793
2022-23,27,670,Marschall,GK,AVL,4.0,0.002854321
2022-23,27,451,Austin,GK,TOT,3.9,0.04141294
2022-23,27,655,Hein,GK,ARS,3.9,0.003497095
2022-23,27,649,Plain,GK,BOU,4.0,0.003930411
2022-23,27,740,Hegyi,GK,WHU,3.9,0.040568858
2022-23,27,592,H Davies,GK,LIV,4.0,0.004136879
2022-23,27,745,Zych,GK,AVL,4.0,0.003276912
2022-23,27,644,Goodman,GK,CRY,4.0,0.109358437
2022-23,27,236,Klaesson,GK,LEE,3.9,0.063620149
2022-23,27,518,Hennessey,GK,NFO,3.9,0.043143663
2022-23,27,357,Trippier,DEF,NEW,6.0,4.693615431
2022-23,27,586,Estupinan,DEF,BHA,4.8,7.879178039
2022-23,27,285,Trent,DEF,LIV,7.3,5.391661363
2022-23,27,106,Dunk,DEF,BHA,4.7,7.493607665
2022-23,27,366,Schar,DEF,NEW,5.1,3.865551663
2022-23,27,332,Shaw,DEF,MUN,5.2,4.284947696
2022-23,27,377,Botman,DEF,NEW,4.5,4.287616964
2022-23,27,284,Robertson,DEF,LIV,6.8,4.542202129
2022-23,27,358,Burn,DEF,NEW,4.5,3.989274114
2022-23,27,526,Mee,DEF,BRE,5.1,6.298478033
2022-23,27,146,R James,DEF,CHE,5.8,0.0
2022-23,27,85,Henry,DEF,BRE,4.5,6.770326013
2022-23,27,16,Gabriel,DEF,ARS,5.2,3.723032476
2022-23,27,92,Pinnock,DEF,BRE,4.4,6.656499165
2022-23,27,313,Zinchenko,DEF,ARS,5.2,3.72763635
2022-23,27,280,van Dijk,DEF,LIV,6.5,4.520294084
2022-23,27,139,Chilwell,DEF,CHE,5.8,3.188518076
2022-23,27,108,Webster,DEF,BHA,4.5,6.734911276
2022-23,27,430,Dier,DEF,TOT,5.1,4.254263906
2022-23,27,533,L Martinez,DEF,MUN,4.5,2.760114172
2022-23,27,26,Saliba,DEF,ARS,5.3,3.349395727
2022-23,27,272,W Fofana,DEF,CHE,4.3,2.892462175
2022-23,27,109,Veltman,DEF,BHA,4.6,6.564528138
2022-23,27,165,Andersen,DEF,CRY,4.5,5.691272027
2022-23,27,258,Castagne,DEF,LEI,4.4,3.365075847
2022-23,27,472,Aguerd,DEF,WHU,4.8,3.761959484
2022-23,27,520,Koulibaly,DEF,CHE,5.5,3.321283736
2022-23,27,329,Varane,DEF,MUN,4.8,3.270721547
2022-23,27,312,Dias,DEF,MCI,5.9,2.840715325
2022-23,27,689,Badiashile,DEF,CHE,5.0,2.492275243
2022-23,27,167,Guehi,DEF,CRY,4.4,5.217375038
2022-23,27,445,Emerson R,DEF,TOT,5.0,2.34044663
2022-23,27,443,Romero,DEF,TOT,4.9,3.751997351
2022-23,27,10,B White,DEF,ARS,4.7,3.08402159
2022-23,27,432,Ben T Davies,DEF,TOT,4.8,4.11453359
2022-23,27,43,Cash,DEF,AVL,4.6,2.848300873
2022-23,27,448,Perisic,DEF,TOT,5.4,3.635238085
2022-23,27,302,Stones,DEF,MCI,5.4,3.127747616
2022-23,27,290,Konate,DEF,LIV,4.8,2.035268779
2022-23,27,309,Laporte,DEF,MCI,5.7,3.421136677
2022-23,27,222,Ayling,DEF,LEE,4.5,2.868591192
2022-23,27,342,Dalot,DEF,MUN,4.7,3.622006619
2022-23,27,459,Dawson,DEF,WOL,4.8,2.845976395
2022-23,27,230,Koch,DEF,LEE,4.5,3.256618525
2022-23,27,170,Mitchell,DEF,CRY,4.4,4.545618194
2022-23,27,308,Ake,DEF,MCI,5.1,2.22936539
2022-23,27,39,Mings,DEF,AVL,4.3,2.560861073
2022-23,27,461,Zouma,DEF,WHU,4.4,3.420303946
2022-23,27,510,Hickey,DEF,BRE,4.9,4.804237669
2022-23,27,691,Wober,DEF,LEE,4.5,2.931011575
2022-23,27,423,Bella-Kotchap,DEF,SOU,4.5,4.267096556
2022-23,27,484,Kilman,DEF,WOL,4.4,2.888891444
2022-23,27,602,Lodi,DEF,NFO,4.3,2.234908812
2022-23,27,157,Clyne,DEF,CRY,4.5,3.421095817
2022-23,27,482,Semedo,DEF,WOL,5.0,2.625722012
2022-23,27,628,Aurier,DEF,NFO,4.4,0.394105461
2022-23,27,559,Colwill,DEF,BHA,4.4,1.455366134
2022-23,27,199,Tarkowski,DEF,EVE,4.4,3.342821257
2022-23,27,409,Walker-Peters,DEF,SOU,4.4,2.779954403
2022-23,27,235,Struijk,DEF,LEE,4.5,3.016262702
2022-23,27,733,Porro,DEF,TOT,4.8,2.791087011
2022-23,27,180,Keane,DEF,EVE,4.2,0.040028274
2022-23,27,545,Emerson P,DEF,WHU,4.0,3.203623379
2022-23,27,612,Faes,DEF,LEI,4.2,3.034319088
2022-23,27,78,Jansson,DEF,BRE,4.2,0.534468937
2022-23,27,463,Coufal,DEF,WHU,4.1,0.977520076
2022-23,27,44,Konsa,DEF,AVL,4.4,2.305558183
2022-23,27,727,Souttar,DEF,LEI,4.5,1.643763914
2022-23,27,73,Kelly,DEF,BOU,4.3,0.0
2022-23,27,84,Ajer,DEF,BRE,4.5,3.759795131
2022-23,27,256,R Pereira,DEF,LEI,4.3,2.091716933
2022-23,27,299,Walker,DEF,MCI,4.8,2.672958859
2022-23,27,610,Akanji,DEF,MCI,5.0,1.761367482
2022-23,27,694,Moreno,DEF,AVL,4.4,1.545276526
2022-23,27,201,Ream,DEF,FUL,4.6,2.6456505
2022-23,27,410,Bednarek,DEF,SOU,4.2,4.10270985
2022-23,27,217,Robinson,DEF,FUL,4.4,2.709809061
2022-23,27,470,Diop,DEF,FUL,4.3,2.621955804
2022-23,27,573,R Lewis,DEF,MCI,3.9,1.164935296
2022-23,27,112,Cucurella,DEF,CHE,5.0,1.318885073
2022-23,27,341,Wan-Bissaka,DEF,MUN,4.3,0.65800611
2022-23,27,215,K Tete,DEF,FUL,4.4,2.355489676
2022-23,27,576,Senesi,DEF,BOU,4.4,2.234342789
2022-23,27,76,Zemura,DEF,BOU,4.3,2.445051706
2022-23,27,513,Lenglet,DEF,TOT,4.8,2.397059207
2022-23,27,194,Mykolenko,DEF,EVE,4.3,2.477225884
2022-23,27,50,Carlos,DEF,AVL,4.7,0.808669765
2022-23,27,33,Digne,DEF,AVL,4.6,1.965547212
2022-23,27,57,A Smith,DEF,BOU,4.3,1.928638185
2022-23,27,178,Coleman,DEF,EVE,4.4,3.020400237
2022-23,27,404,Stephens,DEF,BOU,4.3,2.077056826
2022-23,27,457,Cresswell,DEF,WHU,4.7,0.594625149
2022-23,27,436,Sessegnon,DEF,TOT,4.4,0.0
2022-23,27,388,Worrall,DEF,NFO,4.2,1.955780123
2022-23,27,456,Ogbonna,DEF,WHU,4.4,3.071218119
2022-23,27,330,Maguire,DEF,MUN,4.7,0.510843169
2022-23,27,221,Cooper,DEF,LEE,4.4,0.710948824
2022-23,27,249,Evans,DEF,LEI,4.4,1.801769225
2022-23,27,385,McKenna,DEF,NFO,4.4,0.0
2022-23,27,471,Ben Johnson,DEF,WHU,4.4,1.750810946
2022-23,27,477,Jonny,DEF,WOL,4.3,0.871749332
2022-23,27,141,T Chalobah,DEF,CHE,4.4,0.583375794
2022-23,27,709,Kristiansen,DEF,LEI,4.5,0.0
2022-23,27,558,Bueno,DEF,WOL,3.9,0.0
2022-23,27,516,Collins,DEF,WOL,4.3,0.594606428
2022-23,27,114,Lamptey,DEF,BHA,4.2,3.469117788
2022-23,27,193,Godfrey,DEF,EVE,4.3,0.806978787
2022-23,27,435,D Sanchez,DEF,TOT,4.3,0.678367912
2022-23,27,475,Coady,DEF,EVE,4.9,3.207031042
2022-23,27,588,Kehrer,DEF,WHU,4.4,2.114308955
2022-23,27,239,Firpo,DEF,LEE,4.5,0.700080408
2022-23,27,730,Felipe,DEF,NFO,4.5,1.519916667
2022-23,27,197,Patterson,DEF,EVE,3.9,0.665606597
2022-23,27,276,Matip,DEF,LIV,5.9,2.731670676
2022-23,27,417,Perraud,DEF,SOU,4.1,3.374026243
2022-23,27,487,Ait-Nouri,DEF,WOL,4.2,2.355841305
2022-23,27,128,T Silva,DEF,CHE,5.4,0.0
2022-23,27,286,J Gomez,DEF,LIV,4.3,0.0
2022-23,27,507,Niakhate,DEF,NFO,4.3,0.337274255
2022-23,27,226,Dallas,DEF,LEE,4.9,0.0
2022-23,27,420,Salisu,DEF,SOU,4.3,5.178055124
2022-23,27,209,Adarabioyo,DEF,FUL,4.4,0.556688219
2022-23,27,337,Lindelof,DEF,MUN,4.1,0.483665378
2022-23,27,363,Manquillo,DEF,NEW,4.2,0.0
2022-23,27,257,Amartey,DEF,LEI,4.0,0.222843219
2022-23,27,544,van Hecke,DEF,BHA,4.0,0.079530817
2022-23,27,156,J Ward,DEF,CRY,4.4,2.620177986
2022-23,27,504,Malacia,DEF,MUN,4.2,1.485876326
2022-23,27,439,Tanganga,DEF,TOT,3.9,0.00427524
2022-23,27,531,Vinagre,DEF,EVE,4.3,0.040176009
2022-23,27,360,Lascelles,DEF,NEW,4.3,0.458402452
2022-23,27,613,Kurzawa,DEF,FUL,4.3,0.0
2022-23,27,59,Fredericks,DEF,BOU,4.4,0.509758761
2022-23,27,244,Kristensen,DEF,LEE,4.7,0.581793124
2022-23,27,292,Tsimikas,DEF,LIV,4.4,0.828853486
2022-23,27,538,A Young,DEF,AVL,4.3,0.659806774
2022-23,27,623,Caleta-Car,DEF,SOU,4.5,0.710714985
2022-23,27,622,Larios,DEF,SOU,4.0,0.0
2022-23,27,419,Livramento,DEF,SOU,4.4,0.0
2022-23,27,595,Zanka,DEF,BRE,4.0,1.199323997
2022-23,27,90,Roerslev,DEF,BRE,4.3,1.910557341
2022-23,27,188,Mina,DEF,EVE,4.3,0.207830477
2022-23,27,32,C Chambers,DEF,AVL,4.2,1.863968709
2022-23,27,250,Bertrand,DEF,LEI,3.9,0.003423863
2022-23,27,362,Dummett,DEF,NEW,3.9,0.004455735
2022-23,27,636,Parkes,DEF,FUL,4.0,0.003417086
2022-23,27,587,S Gomez,DEF,MCI,4.5,0.262542033
2022-23,27,65,Stacey,DEF,BOU,4.3,0.059813725
2022-23,27,664,Lembikisa,DEF,WOL,4.0,0.003310814
2022-23,27,555,Ashby,DEF,NEW,3.8,0.003819571
2022-23,27,736,Offiah,DEF,BHA,4.0,0.007020952
2022-23,27,743,Monteiro,DEF,LEE,4.0,0.003387869
2022-23,27,631,Sousa,DEF,ARS,4.0,0.003892686
2022-23,27,742,Chilokoa-Mullen,DEF,LEE,4.0,0.003286378
2022-23,27,298,Ramsay,DEF,LIV,3.9,0.0
2022-23,27,474,Boly,DEF,NFO,4.2,0.0
2022-23,27,501,N Phillips,DEF,LIV,3.9,0.042966743
2022-23,27,746,Casey,DEF,WHU,4.0,0.003468502
2022-23,27,744,Swinkels,DEF,AVL,4.0,0.003184076
2022-23,27,343,B Williams,DEF,MUN,3.8,0.047274728
2022-23,27,530,C Richards,DEF,CRY,4.4,1.488645936
2022-23,27,253,Vestergaard,DEF,LEI,3.9,0.003421466
2022-23,27,273,Brunt,DEF,LEI,3.9,0.00323832
2022-23,27,645,Wormleighton,DEF,LEI,4.0,0.003330603
2022-23,27,605,Welch,DEF,EVE,4.0,0.003336339
2022-23,27,637,John,DEF,EVE,4.0,0.003296085
2022-23,27,267,Soyuncu,DEF,LEI,4.2,0.071430192
2022-23,27,372,J Lewis,DEF,NEW,4.4,0.089960274
2022-23,27,674,Bennett,DEF,MUN,4.0,0.003577904
2022-23,27,642,Balmer,DEF,CRY,4.0,0.00617012
2022-23,27,738,Kinsey-Wellings,DEF,BOU,4.0,0.002909956
2022-23,27,350,Ritchie,DEF,NEW,4.2,0.098746841
2022-23,27,598,Bevan,DEF,BOU,4.0,0.003003531
2022-23,27,673,Humphreys,DEF,CHE,4.5,0.003411425
2022-23,27,737,B Greenwood,DEF,BOU,4.0,0.002916032
2022-23,27,540,Stevens,DEF,BRE,4.0,0.007478093
2022-23,27,153,Tomkins,DEF,CRY,3.9,0.165308211
2022-23,27,489,Toti,DEF,WOL,3.9,0.151518352
2022-23,27,386,Drager,DEF,NFO,4.0,0.065296184
2022-23,27,105,Duffy,DEF,FUL,4.3,0.146294619
2022-23,27,174,N Ferguson,DEF,CRY,3.9,0.415158542
2022-23,27,646,Crama,DEF,BRE,4.0,0.067404188
2022-23,27,127,Azpilicueta,DEF,CHE,4.8,0.0
2022-23,27,710,Kiwior,DEF,ARS,4.0,0.209162495
2022-23,27,523,Toffolo,DEF,NFO,4.3,0.415304422
2022-23,27,14,Tomiyasu,DEF,ARS,4.2,1.65159862
2022-23,27,722,Zabarnyi,DEF,BOU,4.5,0.136949504
2022-23,27,367,Targett,DEF,NEW,4.7,1.93853712
2022-23,27,295,N Williams,DEF,NFO,3.9,1.693162911
2022-23,27,8,Tierney,DEF,ARS,4.6,0.315716966
2022-23,27,5,Holding,DEF,ARS,4.2,0.279860298
2022-23,27,1,Cedric,DEF,FUL,4.2,0.0
2022-23,27,413,Lyanco,DEF,SOU,4.4,0.968671725
2022-23,27,270,Thomas,DEF,LEI,4.0,1.51732829
2022-23,27,716,Bree,DEF,SOU,4.5,1.274054276
2022-23,27,192,Holgate,DEF,EVE,4.3,0.477695209
2022-23,27,718,Vina,DEF,BOU,4.5,0.293720505
2022-23,27,71,Mepham,DEF,BOU,4.3,1.063883795
2022-23,27,283,Salah,MID,LIV,12.8,6.339905298
2022-23,27,335,Rashford,MID,MUN,7.4,6.054407028
2022-23,27,333,Fernandes,MID,MUN,9.8,6.010354283
2022-23,27,116,Mac Allister,MID,BHA,5.4,8.221374096
2022-23,27,124,Mitoma,MID,BHA,5.5,7.959678883
2022-23,27,107,March,MID,BHA,5.1,8.133348713
2022-23,27,104,Gross,MID,BHA,5.4,7.957828839
2022-23,27,13,Saka,MID,ARS,8.5,4.412459542
2022-23,27,160,Zaha,MID,CRY,7.2,6.35267869
2022-23,27,301,De Bruyne,MID,MCI,12.1,4.52535465
2022-23,27,261,Maddison,MID,LEI,8.1,3.576753375
2022-23,27,465,Bowen,MID,WHU,8.0,4.926499591
2022-23,27,428,Son,MID,TOT,11.6,5.143891515
2022-23,27,7,Odegaard,MID,ARS,7.0,3.697525711
2022-23,27,407,Ward-Prowse,MID,SOU,6.3,7.101902259
2022-23,27,264,Barnes,MID,LEI,6.7,2.931174307
2022-23,27,19,Martinelli,MID,ARS,6.5,4.485331146
2022-23,27,42,Buendia,MID,AVL,5.7,3.536841026
2022-23,27,88,Jensen,MID,BRE,4.8,6.387069067
2022-23,27,374,Guimaraes,MID,NEW,5.5,3.936593279
2022-23,27,369,Almiron,MID,NEW,5.4,3.252337379
2022-23,27,493,Gibbs-White,MID,NFO,5.5,3.161203019
2022-23,27,715,M Tete,MID,LEI,5.5,2.945271774
2022-23,27,79,Norgaard,MID,BRE,5.3,5.988401493
2022-23,27,120,Caicedo,MID,BHA,5.0,6.295992913
2022-23,27,603,Paqueta,MID,WHU,5.9,2.564459691
2022-23,27,680,Gakpo,MID,LIV,7.7,3.477326447
2022-23,27,171,Olise,MID,CRY,5.4,5.083832229
2022-23,27,303,Mahrez,MID,MCI,7.5,3.303054943
2022-23,27,446,Kulusevski,MID,TOT,7.9,4.431561478
2022-23,27,593,Casemiro,MID,MUN,4.9,4.461096201
2022-23,27,314,Foden,MID,MCI,8.0,3.200654084
2022-23,27,305,Grealish,MID,MCI,6.8,2.78187376
2022-23,27,609,Antony,MID,MUN,7.3,3.224194289
2022-23,27,724,E Fernandez,MID,CHE,5.0,3.270943148
2022-23,27,70,Billing,MID,BOU,5.1,2.798198693
2022-23,27,300,Gundogan,MID,MCI,7.3,3.516914879
2022-23,27,89,Wissa,MID,BRE,5.3,4.369804022
2022-23,27,368,Saint-Maximin,MID,NEW,6.1,2.664524427
2022-23,27,159,J Ayew,MID,CRY,5.3,4.532645771
2022-23,27,37,McGinn,MID,AVL,5.1,2.998437853
2022-23,27,304,Sterling,MID,CHE,9.7,0.603096931
2022-23,27,373,Willock,MID,NEW,4.7,3.637671198
2022-23,27,464,Benrahma,MID,WHU,5.5,3.49476174
2022-23,27,704,Sarabia,MID,WOL,5.5,2.92238096
2022-23,27,705,Ouattara,MID,BOU,5.0,2.780024112
2022-23,27,45,Bailey,MID,AVL,4.4,2.785258819
2022-23,27,315,Rodri,MID,MCI,5.6,3.251454895
2022-23,27,346,A Pereira,MID,FUL,4.4,3.147130757
2022-23,27,433,Hojbjerg,MID,TOT,5.5,3.632965199
2022-23,27,266,Dewsbury-Hall,MID,LEI,4.9,2.634765956
2022-23,27,186,Iwobi,MID,EVE,5.4,3.401842971
2022-23,27,47,J Ramsey,MID,AVL,5.2,2.798242927
2022-23,27,467,Rice,MID,WHU,4.7,3.142007955
2022-23,27,370,S Longstaff,MID,NEW,4.3,3.634380008
2022-23,27,233,Harrison,MID,LEE,5.7,2.75504642
2022-23,27,614,Willian,MID,FUL,5.5,2.942955724
2022-23,27,534,McNeil,MID,EVE,5.1,3.062105075
2022-23,27,46,Douglas Luiz,MID,AVL,4.8,2.736171185
2022-23,27,371,Joelinton,MID,NEW,5.9,0.0
2022-23,27,311,B Silva,MID,MCI,6.8,3.382600535
2022-23,27,169,Eze,MID,CRY,5.4,4.411166647
2022-23,27,508,Sinisterra,MID,LEE,6.5,0.744924965
2022-23,27,195,A Gordon,MID,NEW,5.1,2.287287537
2022-23,27,6,Partey,MID,ARS,4.7,3.030192526
2022-23,27,142,Mount,MID,CHE,7.2,0.528819589
2022-23,27,731,Sulemana,MID,SOU,5.0,4.298705161
2022-23,27,720,McKennie,MID,LEE,4.8,2.14426437
2022-23,27,468,Soucek,MID,WHU,5.1,3.013081426
2022-23,27,406,Elyounoussi,MID,SOU,5.2,3.941946021
2022-23,27,582,Freuler,MID,NFO,4.9,2.420669713
2022-23,27,161,Schlupp,MID,CRY,4.7,5.268878688
2022-23,27,387,Yates,MID,NFO,5.0,1.888675118
2022-23,27,535,Tavernier,MID,BOU,4.7,0.0
2022-23,27,480,Neves,MID,WOL,5.4,2.670864985
2022-23,27,699,Mudryk,MID,CHE,6.6,2.393381689
2022-23,27,506,T Adams,MID,LEE,4.9,2.495214023
2022-23,27,67,L Cook,MID,BOU,4.9,0.0
2022-23,27,723,H Traore,MID,BOU,4.5,2.117857608
2022-23,27,64,Lerma,MID,BOU,4.7,2.072410667
2022-23,27,86,Janelt,MID,BRE,5.5,4.97730284
2022-23,27,240,Summerville,MID,LEE,4.2,2.12280463
2022-23,27,400,Walcott,MID,SOU,4.8,0.481855336
2022-23,27,3,Xhaka,MID,ARS,4.9,2.743491889
2022-23,27,340,Sancho,MID,MUN,7.1,1.811450305
2022-23,27,577,Onana,MID,EVE,4.8,2.973424193
2022-23,27,132,Kovacic,MID,CHE,4.9,2.940001889
2022-23,27,185,A Doucoure,MID,EVE,5.3,2.81967638
2022-23,27,245,Roca,MID,LEE,4.8,1.494153337
2022-23,27,275,J Henderson,MID,LIV,5.3,2.547185149
2022-23,27,189,D Gray,MID,EVE,5.3,2.049798591
2022-23,27,83,Dasilva,MID,BRE,4.1,3.785437952
2022-23,27,321,Lavia,MID,SOU,4.5,3.888321187
2022-23,27,29,Coutinho,MID,AVL,6.6,0.0
2022-23,27,246,Aaronson,MID,LEE,5.3,2.55871464
2022-23,27,220,Palhinha,MID,FUL,4.9,0.0
2022-23,27,205,Reid,MID,FUL,5.5,2.685371128
2022-23,27,514,C Doucoure,MID,CRY,5.0,0.0
2022-23,27,611,Gueye,MID,EVE,4.9,2.920599997
2022-23,27,688,Schade,MID,BRE,4.9,1.50693382
2022-23,27,349,Shelvey,MID,NFO,4.8,0.741588025
2022-23,27,282,Fabinho,MID,LIV,5.2,2.679365594
2022-23,27,580,Damsgaard,MID,BRE,5.0,1.005723539
2022-23,27,53,Kamara,MID,AVL,4.8,0.0
2022-23,27,589,Nunes,MID,WOL,4.8,2.222923004
2022-23,27,21,Maitland-Niles,MID,SOU,4.8,2.349982594
2022-23,27,23,Nelson,MID,ARS,4.7,1.838813899
2022-23,27,75,Anthony,MID,BOU,5.2,1.075326639
2022-23,27,18,Lokonga,MID,CRY,4.3,3.99304468
2022-23,27,491,A Traore,MID,WOL,5.4,0.975354158
2022-23,27,293,Diaz,MID,LIV,7.8,0.0
2022-23,27,728,Sabitzer,MID,MUN,4.7,1.689790483
2022-23,27,441,Skipp,MID,TOT,4.3,1.663176872
2022-23,27,698,Lemina,MID,WOL,4.5,1.959569605
2022-23,27,708,Madueke,MID,CHE,5.5,1.207747376
2022-23,27,225,Rodrigo,MID,LEE,6.3,0.813635771
2022-23,27,486,P Neto,MID,WOL,4.9,2.28219098
2022-23,27,734,A Ayew,MID,NFO,5.0,0.500663011
2022-23,27,136,Loftus-Cheek,MID,CHE,5.0,2.773609036
2022-23,27,527,Lingard,MID,NFO,5.4,1.012325247
2022-23,27,294,Elliott,MID,LIV,4.9,2.318037005
2022-23,27,130,Jorginho,MID,ARS,5.8,1.03152851
2022-23,27,569,Garnacho,MID,MUN,4.2,1.728920686
2022-23,27,119,Sarmiento,MID,BHA,4.5,1.106996378
2022-23,27,562,Solomon,MID,FUL,4.9,1.577929656
2022-23,27,211,Reed,MID,FUL,4.3,2.34405211
2022-23,27,277,Thiago,MID,LIV,5.1,0.0
2022-23,27,135,Ziyech,MID,CHE,5.5,2.179530744
2022-23,27,469,Fornals,MID,WHU,4.9,0.911779859
2022-23,27,405,S Armstrong,MID,SOU,4.7,2.414042568
2022-23,27,575,Cornet,MID,WHU,5.9,0.17585318
2022-23,27,616,Zakaria,MID,CHE,4.9,0.355331779
2022-23,27,316,Palmer,MID,MCI,4.3,0.004229804
2022-23,27,265,Ndidi,MID,LEI,4.8,2.021439355
2022-23,27,552,Anderson,MID,NEW,4.3,0.626607631
2022-23,27,140,Pulisic,MID,CHE,5.6,0.411553234
2022-23,27,725,Ahamada,MID,CRY,4.5,0.561214349
2022-23,27,444,Bissouma,MID,TOT,4.7,0.0
2022-23,27,269,Soumare,MID,LEI,4.4,0.494840903
2022-23,27,287,Keita,MID,LIV,4.7,0.780713812
2022-23,27,331,Fred,MID,MUN,5.1,2.160981235
2022-23,27,154,McArthur,MID,CRY,4.8,0.0
2022-23,27,34,Bertrand Traore,MID,AVL,4.9,0.178801474
2022-23,27,693,Alcaraz,MID,SOU,5.0,2.841423333
2022-23,27,149,Gilmour,MID,BHA,4.2,1.67489118
2022-23,27,570,Garner,MID,EVE,4.5,0.0
2022-23,27,259,Tielemans,MID,LEI,6.1,0.0
2022-23,27,713,Danjuma,MID,TOT,6.3,0.795359573
2022-23,27,519,Eriksen,MID,MUN,6.2,0.0
2022-23,27,111,Trossard,MID,ARS,6.6,1.395577374
2022-23,27,629,Boubacar Traore,MID,WOL,4.3,0.0
2022-23,27,679,Buonanotte,MID,BHA,4.5,0.644415647
2022-23,27,460,Lanzini,MID,WHU,5.0,0.080354739
2022-23,27,101,Lallana,MID,BHA,4.8,0.0
2022-23,27,381,Colback,MID,NFO,4.1,0.332737792
2022-23,27,212,H Wilson,MID,FUL,5.7,1.19279617
2022-23,27,726,Lukic,MID,FUL,4.5,2.163940936
2022-23,27,712,Perrone,MID,MCI,4.4,0.003285465
2022-23,27,148,Gallagher,MID,CHE,5.6,0.713999383
2022-23,27,564,Bajcetic,MID,LIV,4.4,2.057460393
2022-23,27,483,Podence,MID,WOL,5.3,1.539453818
2022-23,27,252,N Mendy,MID,LEI,4.3,0.875686231
2022-23,27,25,Vieira,MID,ARS,5.6,1.886725731
2022-23,27,416,I Diallo,MID,SOU,4.2,1.142764386
2022-23,27,503,Moutinho,MID,WOL,4.7,1.740507354
2022-23,27,418,Djenepo,MID,SOU,5.0,0.309855417
2022-23,27,549,Praet,MID,LEI,4.8,1.71819054
2022-23,27,291,C Jones,MID,LIV,4.9,0.255217561
2022-23,27,692,Orsic,MID,SOU,5.2,2.810172898
2022-23,27,651,Moran,MID,BHA,4.5,0.035669536
2022-23,27,93,Onyeka,MID,BRE,4.8,1.201166762
2022-23,27,117,Moder,MID,BHA,4.4,0.0
2022-23,27,721,J Gomes,MID,WOL,4.5,0.21563564
2022-23,27,515,Lewis-Potter,MID,BRE,5.2,0.0
2022-23,27,479,Dendoncker,MID,AVL,4.7,0.774917084
2022-23,27,719,Ayari,MID,BHA,4.5,0.0
2022-23,27,60,Brooks,MID,BOU,5.3,0.0
2022-23,27,735,Marcal,MID,LEI,4.5,0.003239636
2022-23,27,672,K Young,MID,AVL,4.5,0.003563753
2022-23,27,452,Devine,MID,TOT,4.3,0.004046377
2022-23,27,481,Hwang,MID,WOL,5.7,0.4527062
2022-23,27,560,Mills,MID,EVE,4.4,0.003691055
2022-23,27,505,Rothwell,MID,BOU,4.9,1.067728906
2022-23,27,641,Godo,MID,FUL,4.5,0.003548386
2022-23,27,678,Price,MID,EVE,4.5,0.003339911
2022-23,27,696,Dacosta,MID,BOU,4.4,0.003328858
2022-23,27,630,Nwaneri,MID,ARS,4.5,0.003554159
2022-23,27,654,Wells-Morrison,MID,CRY,4.5,0.00629688
2022-23,27,601,Rodney,MID,CRY,4.5,0.006635684
2022-23,27,546,Harris,MID,FUL,4.4,0.003970608
2022-23,27,676,Ozoh,MID,CRY,4.5,0.006198804
2022-23,27,677,Hinshelwood,MID,BHA,4.5,0.032967014
2022-23,27,4,Elneny,MID,ARS,4.1,0.0
2022-23,27,639,Braybrooke,MID,LEI,4.5,0.0
2022-23,27,490,Chiquinho,MID,WOL,5.0,0.0
2022-23,27,204,Kebano,MID,FUL,5.4,0.0
2022-23,27,440,Bentancur,MID,TOT,5.4,0.0
2022-23,27,58,Stanislas,MID,BOU,4.8,0.0
2022-23,27,632,Trevitt,MID,BRE,4.4,0.00777501
2022-23,27,650,Yarmolyuk,MID,BRE,4.5,0.007129141
2022-23,27,741,Miley,MID,NEW,4.5,0.003699807
2022-23,27,600,Knight,MID,MCI,4.5,0.003872932
2022-23,27,551,Iqbal,MID,MUN,4.2,0.003744067
2022-23,27,658,Griffiths,MID,WOL,4.4,0.003280971
2022-23,27,566,Hodge,MID,WOL,4.4,0.070094924
2022-23,27,69,Christie,MID,BOU,5.3,0.78891467
2022-23,27,668,Cozier-Duberry,MID,ARS,4.5,0.003576495
2022-23,27,607,M Smith,MID,ARS,4.4,0.003224669
2022-23,27,449,H White,MID,TOT,4.4,0.004025495
2022-23,27,553,Hammond,MID,NFO,4.3,0.003449246
2022-23,27,584,B Clark,MID,LIV,4.5,0.0037389
2022-23,27,647,Payne,MID,SOU,4.5,0.006352247
2022-23,27,648,Finnigan,MID,SOU,4.5,0.006303943
2022-23,27,344,Elanga,MID,MUN,4.7,0.1625687
2022-23,27,565,A Gray,MID,LEE,4.5,0.020099077
2022-23,27,665,Doak,MID,LIV,4.5,0.039087702
2022-23,27,347,Pellistri,MID,MUN,4.3,0.15832053
2022-23,27,661,Hall,MID,CHE,4.4,1.078397059
2022-23,27,247,Gyabi,MID,LEE,4.2,0.072400156
2022-23,27,431,Lucas Moura,MID,TOT,5.8,0.789139936
2022-23,27,274,Milner,MID,LIV,4.4,0.603519812
2022-23,27,338,McTominay,MID,MUN,4.9,1.235579468
2022-23,27,278,Chamberlain,MID,LIV,4.9,0.295207672
2022-23,27,325,Kalvin Phillips,MID,MCI,4.8,0.45509202
2022-23,27,620,Arthur,MID,LIV,4.8,0.316427757
2022-23,27,163,W Hughes,MID,CRY,4.8,1.983580986
2022-23,27,179,Townsend,MID,EVE,5.4,0.17367616
2022-23,27,667,Sekularac,MID,FUL,4.5,0.743969434
2022-23,27,643,Mainoo,MID,MUN,4.5,0.159660824
2022-23,27,681,Scarpa,MID,NFO,4.7,1.869004271
2022-23,27,164,Riedewald,MID,CRY,4.3,0.719735363
2022-23,27,158,Milivojevic,MID,CRY,4.2,1.064263106
2022-23,27,231,D James,MID,FUL,6.0,0.715027912
2022-23,27,94,Baptiste,MID,BRE,4.5,1.393219268
2022-23,27,134,Kante,MID,CHE,4.8,0.550599093
2022-23,27,12,Smith Rowe,MID,ARS,5.6,1.593147966
2022-23,27,224,Forshaw,MID,LEE,4.4,0.363262249
2022-23,27,296,Carvalho,MID,LIV,5.1,0.363228211
2022-23,27,450,P Sarr,MID,TOT,4.2,1.892958873
2022-23,27,87,Ghoddos,MID,BRE,4.8,0.717099629
2022-23,27,509,Downes,MID,WHU,4.2,1.252246333
2022-23,27,365,Murphy,MID,NEW,4.1,1.595885516
2022-23,27,583,Kouyate,MID,NFO,4.4,0.657301762
2022-23,27,512,Aribo,MID,SOU,5.1,1.596983511
2022-23,27,536,Mangala,MID,NFO,4.9,1.205883433
2022-23,27,359,R Fraser,MID,NEW,5.2,1.157252039
2022-23,27,624,Edozie,MID,SOU,4.7,2.566277929
2022-23,27,703,Danilo,MID,NFO,4.5,1.229853744
2022-23,27,190,T Davies,MID,EVE,4.9,1.28346076
2022-23,27,200,Cairney,MID,FUL,4.7,0.911400918
2022-23,27,318,Haaland,FWD,MCI,12.2,5.19242425
2022-23,27,427,Kane,FWD,TOT,11.7,5.988551368
2022-23,27,40,Watkins,FWD,AVL,7.3,3.391247217
2022-23,27,80,Toney,FWD,BRE,7.8,8.517066269
2022-23,27,95,Mbeumo,FWD,BRE,5.9,6.418318695
2022-23,27,297,Nunez,FWD,LIV,8.8,4.809605351
2022-23,27,145,Havertz,FWD,CHE,7.5,3.796263345
2022-23,27,66,Solanke,FWD,BOU,5.5,3.236422905
2022-23,27,690,Felix,FWD,CHE,7.6,3.39586951
2022-23,27,594,Isak,FWD,NEW,6.6,3.309258485
2022-23,27,356,C Wilson,FWD,NEW,6.9,3.451594915
2022-23,27,210,Mitrovic,FWD,FUL,6.7,3.389863584
2022-23,27,394,Brennan Johnson,FWD,NFO,5.7,2.956684584
2022-23,27,262,Iheanacho,FWD,LEI,6.2,2.948991355
2022-23,27,103,Welbeck,FWD,BHA,6.5,5.422523189
2022-23,27,596,E Ferguson,FWD,BHA,4.6,3.165395487
2022-23,27,28,Jesus,FWD,ARS,7.9,0.659041087
2022-23,27,411,C Adams,FWD,SOU,6.1,3.944883677
2022-23,27,227,Bamford,FWD,LEE,7.2,1.802932212
2022-23,27,701,Weghorst,FWD,MUN,5.7,3.634789389
2022-23,27,191,Calvert-Lewin,FWD,EVE,7.9,1.306582633
2022-23,27,30,Ings,FWD,WHU,6.4,2.353639385
2022-23,27,345,Martial,FWD,MUN,6.3,1.110797722
2022-23,27,732,Onuachu,FWD,SOU,5.5,4.682858759
2022-23,27,354,Wood,FWD,NFO,5.6,2.322973183
2022-23,27,682,Cunha,FWD,WOL,5.5,2.372006156
2022-23,27,700,Rutter,FWD,LEE,5.3,1.747475754
2022-23,27,168,Mateta,FWD,CRY,5.1,3.559628784
2022-23,27,288,Jota,FWD,LIV,8.8,2.441163523
2022-23,27,529,Scamacca,FWD,WHU,6.6,0.873453772
2022-23,27,319,Alvarez,FWD,MCI,6.0,0.818632319
2022-23,27,454,Richarlison,FWD,TOT,8.4,2.209831075
2022-23,27,166,Edouard,FWD,CRY,5.0,3.575766348
2022-23,27,255,Vardy,FWD,LEI,9.1,2.258362883
2022-23,27,619,Gnonto,FWD,LEE,5.0,2.335847887
2022-23,27,476,Jimenez,FWD,WOL,6.7,1.752297487
2022-23,27,271,Daka,FWD,LEI,5.6,0.85130096
2022-23,27,714,Semenyo,FWD,BOU,5.0,2.020562118
2022-23,27,123,Undav,FWD,BHA,5.0,0.611717324
2022-23,27,279,Firmino,FWD,LIV,8.0,2.377172324
2022-23,27,408,A Armstrong,FWD,SOU,5.4,1.28763483
2022-23,27,458,Antonio,FWD,WHU,7.0,2.235203791
2022-23,27,617,Aubameyang,FWD,CHE,8.4,0.084948426
2022-23,27,659,Mateo,FWD,LEE,4.5,0.314492924
2022-23,27,528,Mara,FWD,SOU,5.3,0.465894351
2022-23,27,686,Simms,FWD,EVE,4.5,0.57310825
2022-23,27,110,Maupay,FWD,EVE,5.9,2.677104476
2022-23,27,397,Awoniyi,FWD,NFO,5.6,0.383594608
2022-23,27,591,Ablade,FWD,FUL,4.5,0.003544744
2022-23,27,585,E Dennis,FWD,NFO,5.6,0.577449875
2022-23,27,11,Nketiah,FWD,ARS,6.7,1.67181464
2022-23,27,125,Enciso,FWD,BHA,4.6,1.065010355
2022-23,27,150,Broja,FWD,CHE,5.2,0.0
2022-23,27,669,Mubama,FWD,WHU,4.5,0.003390879
2022-23,27,657,N Fraser,FWD,WOL,4.5,0.003072948
2022-23,27,697,Sadi,FWD,BOU,4.5,0.00346671
2022-23,27,706,Pollock,FWD,BOU,4.5,0.003475262
2022-23,27,447,Scarlett,FWD,TOT,4.5,0.003508245
2022-23,27,695,Adu-Adjei,FWD,BOU,4.5,0.003450308
2022-23,27,663,Perkins,FWD,LEE,4.5,0.003304825
2022-23,27,671,Morgan,FWD,SOU,4.5,0.006871562
2022-23,27,666,D Taylor,FWD,NFO,4.5,0.003189676
2022-23,27,625,Costa,FWD,WOL,5.4,0.0
2022-23,27,684,D Fofana,FWD,CHE,5.0,0.472065228
2022-23,27,62,Kieffer Moore,FWD,BOU,5.1,0.5840661
2022-23,27,711,Duran,FWD,AVL,5.5,0.892103188
2022-23,27,618,Vinicius,FWD,FUL,5.4,1.010702144
2022-23,27,391,Surridge,FWD,NFO,4.7,0.713303645
2022-23,27,237,S Greenwood,FWD,LEE,4.1,0.878510379
2022-23,28,376,Pope,GK,NEW,5.4,4.138518111
2022-23,28,133,Kepa,GK,CHE,4.7,4.434371396
2022-23,28,281,Alisson,GK,LIV,5.4,0.0
2022-23,28,81,Raya,GK,BRE,4.8,4.382779992
2022-23,28,327,de Gea,GK,MUN,5.0,0.0
2022-23,28,238,Meslier,GK,LEE,4.5,3.946926118
2022-23,28,254,D Ward,GK,LEI,4.0,3.246460086
2022-23,28,31,E Martinez,GK,AVL,4.9,4.239810724
2022-23,28,455,Fabianski,GK,WHU,5.0,0.0
2022-23,28,15,Ramsdale,GK,ARS,4.9,4.393944813
2022-23,28,307,Ederson,GK,MCI,5.4,0.0
2022-23,28,574,N Neto,GK,BOU,4.5,3.110817821
2022-23,28,102,Steele,GK,BHA,3.9,0.0
2022-23,28,478,Sa,GK,WOL,5.0,4.064448401
2022-23,28,152,Guaita,GK,CRY,4.4,1.169100253
2022-23,28,729,Navas,GK,NFO,4.5,2.962797259
2022-23,28,2,Leno,GK,FUL,4.5,0.0
2022-23,28,182,Pickford,GK,EVE,4.4,2.717568386
2022-23,28,422,Bazunu,GK,SOU,4.5,2.728755385
2022-23,28,425,Lloris,GK,TOT,5.4,0.630250311
2022-23,28,426,Forster,GK,TOT,3.9,3.240346273
2022-23,28,113,R Sanchez,GK,BHA,4.6,0.0
2022-23,28,398,D Henderson,GK,NFO,4.6,0.0
2022-23,28,147,E Mendy,GK,CHE,4.8,0.241912403
2022-23,28,590,Whitworth,GK,CRY,4.0,1.478457997
2022-23,28,401,McCarthy,GK,SOU,4.3,0.050116216
2022-23,28,213,Rodak,GK,FUL,4.3,0.0
2022-23,28,578,Robles,GK,LEE,4.0,0.006623517
2022-23,28,162,Butland,GK,MUN,4.4,0.0
2022-23,28,24,Turner,GK,ARS,3.8,0.084088324
2022-23,28,355,Dubravka,GK,NEW,4.1,0.107746684
2022-23,28,548,Iversen,GK,LEI,3.8,0.096981456
2022-23,28,35,Olsen,GK,AVL,3.9,0.077452735
2022-23,28,517,Strakosha,GK,BRE,4.3,0.0
2022-23,28,644,Goodman,GK,CRY,4.0,0.003490959
2022-23,28,289,Kelleher,GK,LIV,4.0,0.0
2022-23,28,324,Ortega,GK,MCI,3.8,0.0
2022-23,28,571,Randolph,GK,BOU,4.0,0.005636089
2022-23,28,176,Begovic,GK,EVE,3.9,0.045968356
2022-23,28,175,Johnstone,GK,CRY,4.4,0.0577092
2022-23,28,717,Bentley,GK,WOL,4.0,0.003483241
2022-23,28,72,Travers,GK,BOU,4.2,0.070827039
2022-23,28,473,Areola,GK,WHU,4.3,0.0
2022-23,28,348,Heaton,GK,MUN,3.9,0.0
2022-23,28,633,Cox,GK,BRE,3.9,0.066590268
2022-23,28,424,Caballero,GK,SOU,3.9,0.000464963
2022-23,28,635,Bettinelli,GK,CHE,4.0,0.008565335
2022-23,28,581,Smithies,GK,LEI,3.9,0.005358837
2022-23,28,655,Hein,GK,ARS,3.9,0.003760491
2022-23,28,451,Austin,GK,TOT,3.9,0.007139225
2022-23,28,707,Sinisalo,GK,AVL,4.0,0.000740837
2022-23,28,497,Adrian,GK,LIV,3.9,0.0
2022-23,28,502,Carson,GK,MCI,3.8,0.0
2022-23,28,670,Marschall,GK,AVL,4.0,0.003696825
2022-23,28,739,Anang,GK,WHU,4.0,0.0
2022-23,28,656,Bishop,GK,MUN,4.0,0.0
2022-23,28,649,Plain,GK,BOU,4.0,0.005864883
2022-23,28,745,Zych,GK,AVL,4.0,0.003625813
2022-23,28,592,H Davies,GK,LIV,4.0,0.0
2022-23,28,740,Hegyi,GK,WHU,3.9,0.0
2022-23,28,236,Klaesson,GK,LEE,3.9,0.066515453
2022-23,28,518,Hennessey,GK,NFO,3.9,0.062612102
2022-23,28,357,Trippier,DEF,NEW,6.0,4.250256959
2022-23,28,285,Trent,DEF,LIV,7.3,0.0
2022-23,28,366,Schar,DEF,NEW,5.1,4.006878601
2022-23,28,146,R James,DEF,CHE,5.8,3.673329437
2022-23,28,377,Botman,DEF,NEW,4.5,3.777874863
2022-23,28,106,Dunk,DEF,BHA,4.7,0.0
2022-23,28,586,Estupinan,DEF,BHA,4.8,0.0
2022-23,28,358,Burn,DEF,NEW,4.5,3.568884403
2022-23,28,139,Chilwell,DEF,CHE,5.8,3.722064355
2022-23,28,332,Shaw,DEF,MUN,5.2,0.0
2022-23,28,284,Robertson,DEF,LIV,6.8,0.0
2022-23,28,16,Gabriel,DEF,ARS,5.2,4.635288555
2022-23,28,313,Zinchenko,DEF,ARS,5.2,4.381874808
2022-23,28,280,van Dijk,DEF,LIV,6.5,0.0
2022-23,28,520,Koulibaly,DEF,CHE,5.5,3.347008165
2022-23,28,559,Colwill,DEF,BHA,4.4,0.0
2022-23,28,272,W Fofana,DEF,CHE,4.3,2.88379198
2022-23,28,92,Pinnock,DEF,BRE,4.4,3.807266252
2022-23,28,26,Saliba,DEF,ARS,5.3,4.17838781
2022-23,28,526,Mee,DEF,BRE,5.1,3.507012999
2022-23,28,533,L Martinez,DEF,MUN,4.5,0.0
2022-23,28,85,Henry,DEF,BRE,4.5,3.825513246
2022-23,28,258,Castagne,DEF,LEI,4.4,2.814074853
2022-23,28,329,Varane,DEF,MUN,4.8,0.0
2022-23,28,472,Aguerd,DEF,WHU,4.8,0.0
2022-23,28,43,Cash,DEF,AVL,4.6,3.900100002
2022-23,28,430,Dier,DEF,TOT,5.1,3.394814123
2022-23,28,222,Ayling,DEF,LEE,4.5,2.848551405
2022-23,28,10,B White,DEF,ARS,4.7,3.636783469
2022-23,28,302,Stones,DEF,MCI,5.4,0.0
2022-23,28,459,Dawson,DEF,WOL,4.8,3.701404788
2022-23,28,230,Koch,DEF,LEE,4.5,3.136643865
2022-23,28,309,Laporte,DEF,MCI,5.7,0.0
2022-23,28,445,Emerson R,DEF,TOT,5.0,2.834958753
2022-23,28,689,Badiashile,DEF,CHE,5.0,3.240510757
2022-23,28,461,Zouma,DEF,WHU,4.4,0.0
2022-23,28,109,Veltman,DEF,BHA,4.6,0.0
2022-23,28,691,Wober,DEF,LEE,4.5,2.898727095
2022-23,28,312,Dias,DEF,MCI,5.9,0.0
2022-23,28,39,Mings,DEF,AVL,4.3,3.199718594
2022-23,28,448,Perisic,DEF,TOT,5.4,3.821020332
2022-23,28,342,Dalot,DEF,MUN,4.7,0.0
2022-23,28,484,Kilman,DEF,WOL,4.4,3.675151769
2022-23,28,602,Lodi,DEF,NFO,4.3,3.248124611
2022-23,28,180,Keane,DEF,EVE,4.2,0.033497143
2022-23,28,628,Aurier,DEF,NFO,4.4,1.874591348
2022-23,28,290,Konate,DEF,LIV,4.8,0.0
2022-23,28,165,Andersen,DEF,CRY,4.5,2.446494858
2022-23,28,443,Romero,DEF,TOT,4.9,2.931849319
2022-23,28,482,Semedo,DEF,WOL,5.0,3.34903743
2022-23,28,73,Kelly,DEF,BOU,4.3,0.0
2022-23,28,432,Ben T Davies,DEF,TOT,4.8,2.738175598
2022-23,28,463,Coufal,DEF,WHU,4.1,0.0
2022-23,28,256,R Pereira,DEF,LEI,4.3,1.984289025
2022-23,28,167,Guehi,DEF,CRY,4.4,2.280712853
2022-23,28,545,Emerson P,DEF,WHU,4.0,0.0
2022-23,28,727,Souttar,DEF,LEI,4.5,2.210790534
2022-23,28,308,Ake,DEF,MCI,5.1,0.0
2022-23,28,576,Senesi,DEF,BOU,4.4,2.625740437
2022-23,28,157,Clyne,DEF,CRY,4.5,1.506319822
2022-23,28,170,Mitchell,DEF,CRY,4.4,2.027374266
2022-23,28,199,Tarkowski,DEF,EVE,4.4,2.444560045
2022-23,28,510,Hickey,DEF,BRE,4.9,2.610369684
2022-23,28,470,Diop,DEF,FUL,4.3,0.0
2022-23,28,694,Moreno,DEF,AVL,4.4,2.13531534
2022-23,28,50,Carlos,DEF,AVL,4.7,2.194607134
2022-23,28,612,Faes,DEF,LEI,4.2,0.0
2022-23,28,217,Robinson,DEF,FUL,4.4,0.0
2022-23,28,44,Konsa,DEF,AVL,4.4,2.375382796
2022-23,28,239,Firpo,DEF,LEE,4.5,1.131290271
2022-23,28,249,Evans,DEF,LEI,4.4,2.170451809
2022-23,28,201,Ream,DEF,FUL,4.6,0.0
2022-23,28,299,Walker,DEF,MCI,4.8,0.0
2022-23,28,193,Godfrey,DEF,EVE,4.3,0.226501197
2022-23,28,57,A Smith,DEF,BOU,4.3,2.361628309
2022-23,28,112,Cucurella,DEF,CHE,5.0,1.581598647
2022-23,28,404,Stephens,DEF,BOU,4.3,2.076281701
2022-23,28,215,K Tete,DEF,FUL,4.4,0.0
2022-23,28,423,Bella-Kotchap,DEF,SOU,4.5,2.2225904
2022-23,28,33,Digne,DEF,AVL,4.6,2.637655879
2022-23,28,733,Porro,DEF,TOT,4.8,1.496698182
2022-23,28,235,Struijk,DEF,LEE,4.5,3.144228707
2022-23,28,409,Walker-Peters,DEF,SOU,4.4,1.372141581
2022-23,28,341,Wan-Bissaka,DEF,MUN,4.3,0.0
2022-23,28,388,Worrall,DEF,NFO,4.2,3.094721752
2022-23,28,436,Sessegnon,DEF,TOT,4.4,0.0
2022-23,28,108,Webster,DEF,BHA,4.5,0.0
2022-23,28,610,Akanji,DEF,MCI,5.0,0.0
2022-23,28,84,Ajer,DEF,BRE,4.5,2.053929939
2022-23,28,573,R Lewis,DEF,MCI,3.9,0.0
2022-23,28,78,Jansson,DEF,BRE,4.2,0.291852329
2022-23,28,417,Perraud,DEF,SOU,4.1,1.725466401
2022-23,28,178,Coleman,DEF,EVE,4.4,2.224222952
2022-23,28,385,McKenna,DEF,NFO,4.4,0.0
2022-23,28,410,Bednarek,DEF,SOU,4.2,1.95801021
2022-23,28,513,Lenglet,DEF,TOT,4.8,1.644296956
2022-23,28,730,Felipe,DEF,NFO,4.5,2.666633696
2022-23,28,588,Kehrer,DEF,WHU,4.4,0.0
2022-23,28,76,Zemura,DEF,BOU,4.3,2.589507557
2022-23,28,477,Jonny,DEF,WOL,4.3,1.030927872
2022-23,28,330,Maguire,DEF,MUN,4.7,0.0
2022-23,28,558,Bueno,DEF,WOL,3.9,0.0
2022-23,28,457,Cresswell,DEF,WHU,4.7,0.0
2022-23,28,709,Kristiansen,DEF,LEI,4.5,0.0
2022-23,28,221,Cooper,DEF,LEE,4.4,0.384329098
2022-23,28,516,Collins,DEF,WOL,4.3,0.735392506
2022-23,28,114,Lamptey,DEF,BHA,4.2,0.0
2022-23,28,456,Ogbonna,DEF,WHU,4.4,0.0
2022-23,28,141,T Chalobah,DEF,CHE,4.4,0.750174227
2022-23,28,487,Ait-Nouri,DEF,WOL,4.2,3.056216651
2022-23,28,507,Niakhate,DEF,NFO,4.3,0.486182756
2022-23,28,197,Patterson,DEF,EVE,3.9,0.588283283
2022-23,28,286,J Gomez,DEF,LIV,4.3,0.0
2022-23,28,257,Amartey,DEF,LEI,4.0,0.910602979
2022-23,28,128,T Silva,DEF,CHE,5.4,0.0
2022-23,28,276,Matip,DEF,LIV,5.9,0.0
2022-23,28,194,Mykolenko,DEF,EVE,4.3,2.044934969
2022-23,28,435,D Sanchez,DEF,TOT,4.3,0.560468241
2022-23,28,363,Manquillo,DEF,NEW,4.2,0.0
2022-23,28,226,Dallas,DEF,LEE,4.9,0.0
2022-23,28,337,Lindelof,DEF,MUN,4.1,0.0
2022-23,28,244,Kristensen,DEF,LEE,4.7,0.571782247
2022-23,28,544,van Hecke,DEF,BHA,4.0,0.0
2022-23,28,504,Malacia,DEF,MUN,4.2,0.0
2022-23,28,292,Tsimikas,DEF,LIV,4.4,0.0
2022-23,28,32,C Chambers,DEF,AVL,4.2,1.744642295
2022-23,28,1,Cedric,DEF,FUL,4.2,0.0
2022-23,28,439,Tanganga,DEF,TOT,3.9,0.003819645
2022-23,28,59,Fredericks,DEF,BOU,4.4,0.644606934
2022-23,28,595,Zanka,DEF,BRE,4.0,0.668990913
2022-23,28,360,Lascelles,DEF,NEW,4.3,0.43125543
2022-23,28,538,A Young,DEF,AVL,4.3,0.826287525
2022-23,28,613,Kurzawa,DEF,FUL,4.3,0.0
2022-23,28,419,Livramento,DEF,SOU,4.4,0.0
2022-23,28,475,Coady,DEF,EVE,4.9,2.432982275
2022-23,28,531,Vinagre,DEF,EVE,4.3,0.032865229
2022-23,28,622,Larios,DEF,SOU,4.0,0.0
2022-23,28,209,Adarabioyo,DEF,FUL,4.4,0.0
2022-23,28,90,Roerslev,DEF,BRE,4.3,1.064792321
2022-23,28,530,C Richards,DEF,CRY,4.4,0.70531681
2022-23,28,250,Bertrand,DEF,LEI,3.9,0.003365923
2022-23,28,587,S Gomez,DEF,MCI,4.5,0.0
2022-23,28,362,Dummett,DEF,NEW,3.9,0.004252144
2022-23,28,188,Mina,DEF,EVE,4.3,0.156094218
2022-23,28,174,N Ferguson,DEF,CRY,3.9,0.201233083
2022-23,28,736,Offiah,DEF,BHA,4.0,0.0
2022-23,28,664,Lembikisa,DEF,WOL,4.0,0.003591666
2022-23,28,555,Ashby,DEF,NEW,3.8,0.00368875
2022-23,28,156,J Ward,DEF,CRY,4.4,1.190982026
2022-23,28,631,Sousa,DEF,ARS,4.0,0.004281855
2022-23,28,267,Soyuncu,DEF,LEI,4.2,0.069325412
2022-23,28,65,Stacey,DEF,BOU,4.3,0.068723177
2022-23,28,298,Ramsay,DEF,LIV,3.9,0.0
2022-23,28,474,Boly,DEF,NFO,4.2,0.0
2022-23,28,501,N Phillips,DEF,LIV,3.9,0.0
2022-23,28,743,Monteiro,DEF,LEE,4.0,0.003398294
2022-23,28,742,Chilokoa-Mullen,DEF,LEE,4.0,0.003295231
2022-23,28,350,Ritchie,DEF,NEW,4.2,0.094275074
2022-23,28,746,Casey,DEF,WHU,4.0,0.0
2022-23,28,623,Caleta-Car,DEF,SOU,4.5,0.365623334
2022-23,28,253,Vestergaard,DEF,LEI,3.9,0.003355419
2022-23,28,744,Swinkels,DEF,AVL,4.0,0.003563242
2022-23,28,636,Parkes,DEF,FUL,4.0,0.0
2022-23,28,645,Wormleighton,DEF,LEI,4.0,0.003263501
2022-23,28,273,Brunt,DEF,LEI,3.9,0.003176841
2022-23,28,674,Bennett,DEF,MUN,4.0,0.0
2022-23,28,343,B Williams,DEF,MUN,3.8,0.0
2022-23,28,605,Welch,DEF,EVE,4.0,0.002939521
2022-23,28,523,Toffolo,DEF,NFO,4.3,0.242577217
2022-23,28,153,Tomkins,DEF,CRY,3.9,0.079054996
2022-23,28,637,John,DEF,EVE,4.0,0.002913237
2022-23,28,642,Balmer,DEF,CRY,4.0,0.003016971
2022-23,28,737,B Greenwood,DEF,BOU,4.0,0.003239793
2022-23,28,738,Kinsey-Wellings,DEF,BOU,4.0,0.003233492
2022-23,28,386,Drager,DEF,NFO,4.0,0.003657811
2022-23,28,540,Stevens,DEF,BRE,4.0,0.003909344
2022-23,28,598,Bevan,DEF,BOU,4.0,0.003434407
2022-23,28,673,Humphreys,DEF,CHE,4.5,0.003786538
2022-23,28,372,J Lewis,DEF,NEW,4.4,0.085827385
2022-23,28,489,Toti,DEF,WOL,3.9,0.171869923
2022-23,28,646,Crama,DEF,BRE,4.0,0.035162322
2022-23,28,710,Kiwior,DEF,ARS,4.0,0.226943784
2022-23,28,367,Targett,DEF,NEW,4.7,1.488325895
2022-23,28,14,Tomiyasu,DEF,ARS,4.2,1.711487017
2022-23,28,105,Duffy,DEF,FUL,4.3,0.0
2022-23,28,722,Zabarnyi,DEF,BOU,4.5,0.195698091
2022-23,28,471,Ben Johnson,DEF,WHU,4.4,0.0
2022-23,28,420,Salisu,DEF,SOU,4.3,2.676953657
2022-23,28,295,N Williams,DEF,NFO,3.9,2.003112289
2022-23,28,127,Azpilicueta,DEF,CHE,4.8,0.616337522
2022-23,28,716,Bree,DEF,SOU,4.5,0.622972349
2022-23,28,5,Holding,DEF,ARS,4.2,0.303679235
2022-23,28,8,Tierney,DEF,ARS,4.6,1.051563247
2022-23,28,413,Lyanco,DEF,SOU,4.4,0.483065751
2022-23,28,270,Thomas,DEF,LEI,4.0,1.258843752
2022-23,28,192,Holgate,DEF,EVE,4.3,0.388980094
2022-23,28,71,Mepham,DEF,BOU,4.3,1.581059916
2022-23,28,718,Vina,DEF,BOU,4.5,0.707913128
2022-23,28,283,Salah,MID,LIV,12.8,0.0
2022-23,28,335,Rashford,MID,MUN,7.4,0.0
2022-23,28,333,Fernandes,MID,MUN,9.8,0.0
2022-23,28,116,Mac Allister,MID,BHA,5.4,0.0
2022-23,28,13,Saka,MID,ARS,8.5,4.678675776
2022-23,28,124,Mitoma,MID,BHA,5.5,0.0
2022-23,28,261,Maddison,MID,LEI,8.1,3.457320942
2022-23,28,107,March,MID,BHA,5.1,0.0
2022-23,28,104,Gross,MID,BHA,5.4,0.0
2022-23,28,301,De Bruyne,MID,MCI,12.1,0.0
2022-23,28,465,Bowen,MID,WHU,8.0,0.0
2022-23,28,7,Odegaard,MID,ARS,7.0,4.686597118
2022-23,28,264,Barnes,MID,LEI,6.7,3.818011208
2022-23,28,428,Son,MID,TOT,11.6,4.611389721
2022-23,28,493,Gibbs-White,MID,NFO,5.5,3.475173913
2022-23,28,369,Almiron,MID,NEW,5.4,3.663624307
2022-23,28,374,Guimaraes,MID,NEW,5.5,3.783504641
2022-23,28,42,Buendia,MID,AVL,5.7,4.482096864
2022-23,28,19,Martinelli,MID,ARS,6.5,4.818567251
2022-23,28,160,Zaha,MID,CRY,7.2,3.06139528
2022-23,28,603,Paqueta,MID,WHU,5.9,0.0
2022-23,28,680,Gakpo,MID,LIV,7.7,0.0
2022-23,28,715,M Tete,MID,LEI,5.5,2.780525983
2022-23,28,70,Billing,MID,BOU,5.1,3.181450173
2022-23,28,314,Foden,MID,MCI,8.0,0.0
2022-23,28,464,Benrahma,MID,WHU,5.5,0.0
2022-23,28,304,Sterling,MID,CHE,9.7,1.806740046
2022-23,28,303,Mahrez,MID,MCI,7.5,0.0
2022-23,28,724,E Fernandez,MID,CHE,5.0,3.677930856
2022-23,28,609,Antony,MID,MUN,7.3,0.0
2022-23,28,407,Ward-Prowse,MID,SOU,6.3,3.524402392
2022-23,28,705,Ouattara,MID,BOU,5.0,3.160383087
2022-23,28,508,Sinisterra,MID,LEE,6.5,2.274619215
2022-23,28,88,Jensen,MID,BRE,4.8,3.562026281
2022-23,28,37,McGinn,MID,AVL,5.1,3.654036777
2022-23,28,368,Saint-Maximin,MID,NEW,6.1,3.011064573
2022-23,28,446,Kulusevski,MID,TOT,7.9,4.00111766
2022-23,28,300,Gundogan,MID,MCI,7.3,0.0
2022-23,28,305,Grealish,MID,MCI,6.8,0.0
2022-23,28,373,Willock,MID,NEW,4.7,3.545575443
2022-23,28,371,Joelinton,MID,NEW,5.9,0.0
2022-23,28,704,Sarabia,MID,WOL,5.5,3.208078608
2022-23,28,225,Rodrigo,MID,LEE,6.3,2.894800351
2022-23,28,266,Dewsbury-Hall,MID,LEI,4.9,2.737899549
2022-23,28,346,A Pereira,MID,FUL,4.4,0.0
2022-23,28,233,Harrison,MID,LEE,5.7,2.670932908
2022-23,28,723,H Traore,MID,BOU,4.5,0.0
2022-23,28,315,Rodri,MID,MCI,5.6,0.0
2022-23,28,79,Norgaard,MID,BRE,5.3,3.294331301
2022-23,28,120,Caicedo,MID,BHA,5.0,0.0
2022-23,28,45,Bailey,MID,AVL,4.4,4.04556439
2022-23,28,614,Willian,MID,FUL,5.5,0.0
2022-23,28,47,J Ramsey,MID,AVL,5.2,3.500846575
2022-23,28,506,T Adams,MID,LEE,4.9,0.0
2022-23,28,46,Douglas Luiz,MID,AVL,4.8,3.307268208
2022-23,28,171,Olise,MID,CRY,5.4,2.470502708
2022-23,28,467,Rice,MID,WHU,4.7,0.0
2022-23,28,186,Iwobi,MID,EVE,5.4,2.829655463
2022-23,28,245,Roca,MID,LEE,4.8,2.896472649
2022-23,28,142,Mount,MID,CHE,7.2,1.330941335
2022-23,28,534,McNeil,MID,EVE,5.1,2.534991532
2022-23,28,64,Lerma,MID,BOU,4.7,2.706022932
2022-23,28,370,S Longstaff,MID,NEW,4.3,3.469955761
2022-23,28,311,B Silva,MID,MCI,6.8,0.0
2022-23,28,433,Hojbjerg,MID,TOT,5.5,3.280895234
2022-23,28,535,Tavernier,MID,BOU,4.7,1.524997854
2022-23,28,582,Freuler,MID,NFO,4.9,2.749273838
2022-23,28,6,Partey,MID,ARS,4.7,3.168909663
2022-23,28,111,Trossard,MID,ARS,6.6,3.966686545
2022-23,28,480,Neves,MID,WOL,5.4,3.075878971
2022-23,28,699,Mudryk,MID,CHE,6.6,3.083559256
2022-23,28,89,Wissa,MID,BRE,5.3,2.481636052
2022-23,28,468,Soucek,MID,WHU,5.1,0.0
2022-23,28,387,Yates,MID,NFO,5.0,2.064583162
2022-23,28,195,A Gordon,MID,NEW,5.1,0.434075863
2022-23,28,720,McKennie,MID,LEE,4.8,2.578109466
2022-23,28,3,Xhaka,MID,ARS,4.9,2.986208774
2022-23,28,132,Kovacic,MID,CHE,4.9,2.885489928
2022-23,28,159,J Ayew,MID,CRY,5.3,2.18504952
2022-23,28,527,Lingard,MID,NFO,5.4,1.084753446
2022-23,28,340,Sancho,MID,MUN,7.1,0.0
2022-23,28,514,C Doucoure,MID,CRY,5.0,2.213753506
2022-23,28,220,Palhinha,MID,FUL,4.9,0.0
2022-23,28,577,Onana,MID,EVE,4.8,2.427995737
2022-23,28,593,Casemiro,MID,MUN,4.9,0.0
2022-23,28,240,Summerville,MID,LEE,4.2,0.842120445
2022-23,28,86,Janelt,MID,BRE,5.5,2.756493595
2022-23,28,349,Shelvey,MID,NFO,4.8,0.645393875
2022-23,28,53,Kamara,MID,AVL,4.8,0.0
2022-23,28,589,Nunes,MID,WOL,4.8,2.687636067
2022-23,28,67,L Cook,MID,BOU,4.9,0.0
2022-23,28,275,J Henderson,MID,LIV,5.3,0.0
2022-23,28,189,D Gray,MID,EVE,5.3,1.463456292
2022-23,28,731,Sulemana,MID,SOU,5.0,2.007616475
2022-23,28,688,Schade,MID,BRE,4.9,0.877934669
2022-23,28,205,Reid,MID,FUL,5.5,0.0
2022-23,28,161,Schlupp,MID,CRY,4.7,2.514598931
2022-23,28,185,A Doucoure,MID,EVE,5.3,2.313396839
2022-23,28,728,Sabitzer,MID,MUN,4.7,0.0
2022-23,28,169,Eze,MID,CRY,5.4,2.11738662
2022-23,28,486,P Neto,MID,WOL,4.9,2.669548569
2022-23,28,611,Gueye,MID,EVE,4.9,2.493942553
2022-23,28,282,Fabinho,MID,LIV,5.2,0.0
2022-23,28,293,Diaz,MID,LIV,7.8,0.0
2022-23,28,406,Elyounoussi,MID,SOU,5.2,1.879311423
2022-23,28,246,Aaronson,MID,LEE,5.3,1.532283372
2022-23,28,734,A Ayew,MID,NFO,5.0,0.917198173
2022-23,28,75,Anthony,MID,BOU,5.2,1.16048652
2022-23,28,400,Walcott,MID,SOU,4.8,0.242760664
2022-23,28,698,Lemina,MID,WOL,4.5,2.229835423
2022-23,28,491,A Traore,MID,WOL,5.4,1.739939215
2022-23,28,580,Damsgaard,MID,BRE,5.0,0.592602988
2022-23,28,277,Thiago,MID,LIV,5.1,0.0
2022-23,28,119,Sarmiento,MID,BHA,4.5,0.0
2022-23,28,338,McTominay,MID,MUN,4.9,0.0
2022-23,28,158,Milivojevic,MID,CRY,4.2,0.950536397
2022-23,28,211,Reed,MID,FUL,4.3,0.0
2022-23,28,331,Fred,MID,MUN,5.1,0.0
2022-23,28,136,Loftus-Cheek,MID,CHE,5.0,2.150692421
2022-23,28,441,Skipp,MID,TOT,4.3,1.495713778
2022-23,28,562,Solomon,MID,FUL,4.9,0.0
2022-23,28,693,Alcaraz,MID,SOU,5.0,1.403228791
2022-23,28,564,Bajcetic,MID,LIV,4.4,0.0
2022-23,28,130,Jorginho,MID,ARS,5.8,1.092633512
2022-23,28,140,Pulisic,MID,CHE,5.6,0.868528043
2022-23,28,83,Dasilva,MID,BRE,4.1,2.137290621
2022-23,28,252,N Mendy,MID,LEI,4.3,0.921114715
2022-23,28,552,Anderson,MID,NEW,4.3,0.62047096
2022-23,28,725,Ahamada,MID,CRY,4.5,0.069377232
2022-23,28,444,Bissouma,MID,TOT,4.7,0.0
2022-23,28,93,Onyeka,MID,BRE,4.8,0.639107323
2022-23,28,316,Palmer,MID,MCI,4.3,0.0
2022-23,28,575,Cornet,MID,WHU,5.9,0.0
2022-23,28,259,Tielemans,MID,LEI,6.1,0.0
2022-23,28,469,Fornals,MID,WHU,4.9,0.0
2022-23,28,321,Lavia,MID,SOU,4.5,1.952183251
2022-23,28,29,Coutinho,MID,AVL,6.6,0.0
2022-23,28,149,Gilmour,MID,BHA,4.2,0.0
2022-23,28,708,Madueke,MID,CHE,5.5,1.159049699
2022-23,28,34,Bertrand Traore,MID,AVL,4.9,0.311680866
2022-23,28,135,Ziyech,MID,CHE,5.5,1.751294597
2022-23,28,519,Eriksen,MID,MUN,6.2,0.0
2022-23,28,713,Danjuma,MID,TOT,6.3,0.73535968
2022-23,28,616,Zakaria,MID,CHE,4.9,0.187777746
2022-23,28,679,Buonanotte,MID,BHA,4.5,0.0
2022-23,28,269,Soumare,MID,LEI,4.4,0.664498695
2022-23,28,294,Elliott,MID,LIV,4.9,0.0
2022-23,28,287,Keita,MID,LIV,4.7,0.0
2022-23,28,570,Garner,MID,EVE,4.5,0.0
2022-23,28,23,Nelson,MID,ARS,4.7,0.003992342
2022-23,28,154,McArthur,MID,CRY,4.8,0.0
2022-23,28,265,Ndidi,MID,LEI,4.8,2.09506974
2022-23,28,569,Garnacho,MID,MUN,4.2,0.0
2022-23,28,483,Podence,MID,WOL,5.3,2.354981333
2022-23,28,212,H Wilson,MID,FUL,5.7,0.0
2022-23,28,629,Boubacar Traore,MID,WOL,4.3,0.0
2022-23,28,460,Lanzini,MID,WHU,5.0,0.0
2022-23,28,712,Perrone,MID,MCI,4.4,0.0
2022-23,28,416,I Diallo,MID,SOU,4.2,0.570788519
2022-23,28,503,Moutinho,MID,WOL,4.7,2.067330881
2022-23,28,726,Lukic,MID,FUL,4.5,0.0
2022-23,28,505,Rothwell,MID,BOU,4.9,0.811561988
2022-23,28,381,Colback,MID,NFO,4.1,0.345531538
2022-23,28,117,Moder,MID,BHA,4.4,0.0
2022-23,28,481,Hwang,MID,WOL,5.7,1.421275779
2022-23,28,148,Gallagher,MID,CHE,5.6,0.807634262
2022-23,28,651,Moran,MID,BHA,4.5,0.0
2022-23,28,515,Lewis-Potter,MID,BRE,5.2,0.0
2022-23,28,418,Djenepo,MID,SOU,5.0,0.155037983
2022-23,28,21,Maitland-Niles,MID,SOU,4.8,1.171704509
2022-23,28,721,J Gomes,MID,WOL,4.5,0.236391072
2022-23,28,719,Ayari,MID,BHA,4.5,0.0
2022-23,28,405,S Armstrong,MID,SOU,4.7,1.204907002
2022-23,28,60,Brooks,MID,BOU,5.3,0.0
2022-23,28,549,Praet,MID,LEI,4.8,1.403521868
2022-23,28,291,C Jones,MID,LIV,4.9,0.0
2022-23,28,735,Marcal,MID,LEI,4.5,0.003234743
2022-23,28,672,K Young,MID,AVL,4.5,0.003940505
2022-23,28,560,Mills,MID,EVE,4.4,0.003421467
2022-23,28,25,Vieira,MID,ARS,5.6,0.612594852
2022-23,28,678,Price,MID,EVE,4.5,0.003193902
2022-23,28,101,Lallana,MID,BHA,4.8,0.0
2022-23,28,654,Wells-Morrison,MID,CRY,4.5,0.003133092
2022-23,28,681,Scarpa,MID,NFO,4.7,1.898351167
2022-23,28,661,Hall,MID,CHE,4.4,0.318929637
2022-23,28,601,Rodney,MID,CRY,4.5,0.003301063
2022-23,28,676,Ozoh,MID,CRY,4.5,0.003076744
2022-23,28,677,Hinshelwood,MID,BHA,4.5,0.0
2022-23,28,4,Elneny,MID,ARS,4.1,0.0
2022-23,28,639,Braybrooke,MID,LEI,4.5,0.0
2022-23,28,490,Chiquinho,MID,WOL,5.0,0.0
2022-23,28,204,Kebano,MID,FUL,5.4,0.0
2022-23,28,440,Bentancur,MID,TOT,5.4,0.0
2022-23,28,741,Miley,MID,NEW,4.5,0.003671076
2022-23,28,650,Yarmolyuk,MID,BRE,4.5,0.003722596
2022-23,28,630,Nwaneri,MID,ARS,4.5,0.003657905
2022-23,28,696,Dacosta,MID,BOU,4.4,0.003448416
2022-23,28,452,Devine,MID,TOT,4.3,0.003850386
2022-23,28,551,Iqbal,MID,MUN,4.2,0.0
2022-23,28,641,Godo,MID,FUL,4.5,0.0
2022-23,28,600,Knight,MID,MCI,4.5,0.0
2022-23,28,632,Trevitt,MID,BRE,4.4,0.004101775
2022-23,28,546,Harris,MID,FUL,4.4,0.0
2022-23,28,658,Griffiths,MID,WOL,4.4,0.003452471
2022-23,28,668,Cozier-Duberry,MID,ARS,4.5,0.003686799
2022-23,28,553,Hammond,MID,NFO,4.3,0.003577794
2022-23,28,566,Hodge,MID,WOL,4.4,0.075524327
2022-23,28,449,H White,MID,TOT,4.4,0.003832775
2022-23,28,647,Payne,MID,SOU,4.5,0.003175518
2022-23,28,607,M Smith,MID,ARS,4.4,0.0032948
2022-23,28,648,Finnigan,MID,SOU,4.5,0.003151848
2022-23,28,584,B Clark,MID,LIV,4.5,0.0
2022-23,28,565,A Gray,MID,LEE,4.5,0.02031209
2022-23,28,163,W Hughes,MID,CRY,4.8,0.77344126
2022-23,28,344,Elanga,MID,MUN,4.7,0.0
2022-23,28,665,Doak,MID,LIV,4.5,0.0
2022-23,28,164,Riedewald,MID,CRY,4.3,0.135626534
2022-23,28,347,Pellistri,MID,MUN,4.3,0.0
2022-23,28,667,Sekularac,MID,FUL,4.5,0.0
2022-23,28,274,Milner,MID,LIV,4.4,0.0
2022-23,28,247,Gyabi,MID,LEE,4.2,0.073152812
2022-23,28,69,Christie,MID,BOU,5.3,0.844525979
2022-23,28,325,Kalvin Phillips,MID,MCI,4.8,0.0
2022-23,28,431,Lucas Moura,MID,TOT,5.8,0.736813017
2022-23,28,179,Townsend,MID,EVE,5.4,0.156130976
2022-23,28,58,Stanislas,MID,BOU,4.8,0.288127432
2022-23,28,620,Arthur,MID,LIV,4.8,0.0
2022-23,28,94,Baptiste,MID,BRE,4.5,0.731982888
2022-23,28,278,Chamberlain,MID,LIV,4.9,0.0
2022-23,28,479,Dendoncker,MID,AVL,4.7,1.206746668
2022-23,28,643,Mainoo,MID,MUN,4.5,0.0
2022-23,28,536,Mangala,MID,NFO,4.9,1.091245488
2022-23,28,134,Kante,MID,CHE,4.8,1.169953549
2022-23,28,692,Orsic,MID,SOU,5.2,1.400795778
2022-23,28,231,D James,MID,FUL,6.0,0.0
2022-23,28,296,Carvalho,MID,LIV,5.1,0.0
2022-23,28,87,Ghoddos,MID,BRE,4.8,0.409941515
2022-23,28,365,Murphy,MID,NEW,4.1,1.88205312
2022-23,28,450,P Sarr,MID,TOT,4.2,1.744288015
2022-23,28,509,Downes,MID,WHU,4.2,0.0
2022-23,28,359,R Fraser,MID,NEW,5.2,1.145573588
2022-23,28,512,Aribo,MID,SOU,5.1,0.797791085
2022-23,28,12,Smith Rowe,MID,ARS,5.6,1.462032401
2022-23,28,583,Kouyate,MID,NFO,4.4,1.172881147
2022-23,28,224,Forshaw,MID,LEE,4.4,0.850824406
2022-23,28,703,Danilo,MID,NFO,4.5,1.226728209
2022-23,28,624,Edozie,MID,SOU,4.7,1.277427582
2022-23,28,190,T Davies,MID,EVE,4.9,1.143255104
2022-23,28,200,Cairney,MID,FUL,4.7,0.0
2022-23,28,18,Lokonga,MID,CRY,4.3,0.0
2022-23,28,318,Haaland,FWD,MCI,12.2,0.0
2022-23,28,427,Kane,FWD,TOT,11.7,5.349096967
2022-23,28,40,Watkins,FWD,AVL,7.3,4.320139115
2022-23,28,66,Solanke,FWD,BOU,5.5,3.584746206
2022-23,28,145,Havertz,FWD,CHE,7.5,3.976017808
2022-23,28,297,Nunez,FWD,LIV,8.8,0.0
2022-23,28,594,Isak,FWD,NEW,6.6,3.458405903
2022-23,28,690,Felix,FWD,CHE,7.6,3.562381425
2022-23,28,356,C Wilson,FWD,NEW,6.9,3.683257887
2022-23,28,95,Mbeumo,FWD,BRE,5.9,3.696280279
2022-23,28,28,Jesus,FWD,ARS,7.9,2.827906813
2022-23,28,210,Mitrovic,FWD,FUL,6.7,0.0
2022-23,28,262,Iheanacho,FWD,LEI,6.2,2.934125009
2022-23,28,227,Bamford,FWD,LEE,7.2,2.749991015
2022-23,28,394,Brennan Johnson,FWD,NFO,5.7,0.43239239
2022-23,28,345,Martial,FWD,MUN,6.3,0.0
2022-23,28,80,Toney,FWD,BRE,7.8,4.974676339
2022-23,28,103,Welbeck,FWD,BHA,6.5,0.0
2022-23,28,191,Calvert-Lewin,FWD,EVE,7.9,1.862174673
2022-23,28,701,Weghorst,FWD,MUN,5.7,0.0
2022-23,28,411,C Adams,FWD,SOU,6.1,2.321133863
2022-23,28,682,Cunha,FWD,WOL,5.5,2.911595709
2022-23,28,271,Daka,FWD,LEI,5.6,0.847827954
2022-23,28,30,Ings,FWD,WHU,6.4,0.0
2022-23,28,596,E Ferguson,FWD,BHA,4.6,0.0
2022-23,28,585,E Dennis,FWD,NFO,5.6,2.149500047
2022-23,28,255,Vardy,FWD,LEI,9.1,2.062552554
2022-23,28,288,Jota,FWD,LIV,8.8,0.0
2022-23,28,529,Scamacca,FWD,WHU,6.6,0.0
2022-23,28,700,Rutter,FWD,LEE,5.3,0.89295537
2022-23,28,319,Alvarez,FWD,MCI,6.0,0.0
2022-23,28,454,Richarlison,FWD,TOT,8.4,2.060110888
2022-23,28,476,Jimenez,FWD,WOL,6.7,2.012222069
2022-23,28,619,Gnonto,FWD,LEE,5.0,2.229310685
2022-23,28,166,Edouard,FWD,CRY,5.0,1.761508647
2022-23,28,123,Undav,FWD,BHA,5.0,0.0
2022-23,28,714,Semenyo,FWD,BOU,5.0,2.167084766
2022-23,28,397,Awoniyi,FWD,NFO,5.6,3.2800498
2022-23,28,279,Firmino,FWD,LIV,8.0,0.0
2022-23,28,458,Antonio,FWD,WHU,7.0,0.0
2022-23,28,732,Onuachu,FWD,SOU,5.5,2.244901412
2022-23,28,168,Mateta,FWD,CRY,5.1,1.708042779
2022-23,28,408,A Armstrong,FWD,SOU,5.4,0.531664057
2022-23,28,528,Mara,FWD,SOU,5.3,0.232861093
2022-23,28,617,Aubameyang,FWD,CHE,8.4,0.080168056
2022-23,28,686,Simms,FWD,EVE,4.5,0.28265949
2022-23,28,659,Mateo,FWD,LEE,4.5,0.074277276
2022-23,28,125,Enciso,FWD,BHA,4.6,0.0
2022-23,28,591,Ablade,FWD,FUL,4.5,0.0
2022-23,28,711,Duran,FWD,AVL,5.5,1.262925832
2022-23,28,150,Broja,FWD,CHE,5.2,0.0
2022-23,28,669,Mubama,FWD,WHU,4.5,0.0
2022-23,28,657,N Fraser,FWD,WOL,4.5,0.003185155
2022-23,28,671,Morgan,FWD,SOU,4.5,0.003439587
2022-23,28,447,Scarlett,FWD,TOT,4.5,0.003440794
2022-23,28,706,Pollock,FWD,BOU,4.5,0.003607893
2022-23,28,697,Sadi,FWD,BOU,4.5,0.00359682
2022-23,28,695,Adu-Adjei,FWD,BOU,4.5,0.003575583
2022-23,28,663,Perkins,FWD,LEE,4.5,0.003340971
2022-23,28,666,D Taylor,FWD,NFO,4.5,0.003210551
2022-23,28,110,Maupay,FWD,EVE,5.9,1.891535493
2022-23,28,391,Surridge,FWD,NFO,4.7,1.072026862
2022-23,28,625,Costa,FWD,WOL,5.4,0.0
2022-23,28,684,D Fofana,FWD,CHE,5.0,0.497712043
2022-23,28,62,Kieffer Moore,FWD,BOU,5.1,1.161565835
2022-23,28,618,Vinicius,FWD,FUL,5.4,0.0
2022-23,28,11,Nketiah,FWD,ARS,6.7,0.0
2022-23,28,237,S Greenwood,FWD,LEE,4.1,0.895975474
2022-23,28,354,Wood,FWD,NFO,5.6,0.0
2022-23,3,281,Alisson,GK,LIV,5.5,3.616065396
2022-23,3,307,Ederson,GK,MCI,5.5,3.934331962
2022-23,3,15,Ramsdale,GK,ARS,5.0,4.466054355
2022-23,3,81,Raya,GK,BRE,4.5,3.905615122
2022-23,3,147,E Mendy,GK,CHE,5.0,3.958977627
2022-23,3,425,Lloris,GK,TOT,5.5,4.438426052
2022-23,3,113,R Sanchez,GK,BHA,4.5,3.524876209
2022-23,3,182,Pickford,GK,EVE,4.5,4.480263946
2022-23,3,31,E Martinez,GK,AVL,5.0,3.949306822
2022-23,3,238,Meslier,GK,LEE,4.5,2.944463468
2022-23,3,376,Pope,GK,NEW,5.0,2.416673968
2022-23,3,455,Fabianski,GK,WHU,5.0,3.551799969
2022-23,3,152,Guaita,GK,CRY,4.5,3.641756788
2022-23,3,327,de Gea,GK,MUN,4.9,2.537838519
2022-23,3,478,Sa,GK,WOL,5.0,2.747428222
2022-23,3,398,D Henderson,GK,NFO,4.5,3.790648491
2022-23,3,574,N Neto,GK,BOU,4.5,2.75452005
2022-23,3,254,D Ward,GK,LEI,4.0,3.035594183
2022-23,3,422,Bazunu,GK,SOU,4.5,2.621159439
2022-23,3,2,Leno,GK,FUL,4.5,0.994240009
2022-23,3,213,Rodak,GK,FUL,4.5,2.612692509
2022-23,3,355,Dubravka,GK,NEW,4.4,0.375385782
2022-23,3,548,Iversen,GK,LEI,4.0,0.582562014
2022-23,3,175,Johnstone,GK,CRY,4.5,0.362217546
2022-23,3,473,Areola,GK,WHU,4.5,0.325299167
2022-23,3,72,Travers,GK,BOU,4.5,0.272002762
2022-23,3,401,McCarthy,GK,SOU,4.5,0.263924055
2022-23,3,324,Ortega,GK,MCI,4.0,0.130300061
2022-23,3,133,Kepa,GK,CHE,4.5,0.133515097
2022-23,3,289,Kelleher,GK,LIV,4.0,0.09138485
2022-23,3,24,Turner,GK,ARS,4.0,0.11170143
2022-23,3,517,Strakosha,GK,BRE,4.5,0.115762648
2022-23,3,426,Forster,GK,TOT,4.0,0.088733955
2022-23,3,102,Steele,GK,BHA,4.0,0.066906986
2022-23,3,176,Begovic,GK,EVE,4.0,0.101109184
2022-23,3,35,Olsen,GK,AVL,4.0,0.073027412
2022-23,3,348,Heaton,GK,MUN,4.0,0.052291811
2022-23,3,236,Klaesson,GK,LEE,4.0,0.054451328
2022-23,3,492,Sarkic,GK,WOL,4.0,0.051787139
2022-23,3,518,Hennessey,GK,NFO,4.0,0.068336528
2022-23,3,502,Carson,GK,MCI,4.0,0.00808568
2022-23,3,497,Adrian,GK,LIV,4.0,0.00705022
2022-23,3,451,Austin,GK,TOT,4.0,0.008692912
2022-23,3,162,Butland,GK,CRY,4.5,0.007981265
2022-23,3,571,Randolph,GK,WHU,4.0,0.007429224
2022-23,3,207,Gazzaniga,GK,FUL,4.0,0.007604955
2022-23,3,77,W Dennis,GK,BOU,4.0,0.00620846
2022-23,3,578,Robles,GK,LEE,4.0,0.005366305
2022-23,3,421,Lis,GK,SOU,4.0,0.006011042
2022-23,3,353,Darlow,GK,NEW,4.0,0.000542141
2022-23,3,424,Caballero,GK,SOU,4.0,0.000541952
2022-23,3,581,Smithies,GK,LEI,4.0,0.003819457
2022-23,3,557,Jackson Smith,GK,WOL,4.0,0.003223569
2022-23,3,285,Trent,DEF,LIV,7.5,4.622115291
2022-23,3,306,Cancelo,DEF,MCI,7.1,4.516556851
2022-23,3,284,Robertson,DEF,LIV,7.0,3.711773747
2022-23,3,280,van Dijk,DEF,LIV,6.5,3.445468053
2022-23,3,146,R James,DEF,CHE,6.1,4.174691794
2022-23,3,312,Dias,DEF,MCI,6.0,3.551110698
2022-23,3,299,Walker,DEF,MCI,5.1,3.434044202
2022-23,3,16,Gabriel,DEF,ARS,5.0,3.771296114
2022-23,3,520,Koulibaly,DEF,CHE,5.5,3.427477681
2022-23,3,112,Cucurella,DEF,CHE,5.0,3.517883394
2022-23,3,128,T Silva,DEF,CHE,5.5,3.409665033
2022-23,3,106,Dunk,DEF,BHA,4.5,3.10336387
2022-23,3,457,Cresswell,DEF,WHU,5.0,3.951068973
2022-23,3,448,Perisic,DEF,TOT,5.4,3.792010703
2022-23,3,313,Zinchenko,DEF,ARS,5.2,3.383768698
2022-23,3,78,Jansson,DEF,BRE,4.5,3.313362752
2022-23,3,33,Digne,DEF,AVL,4.9,3.496282163
2022-23,3,109,Veltman,DEF,BHA,4.5,2.914610021
2022-23,3,430,Dier,DEF,TOT,5.0,4.048179586
2022-23,3,139,Chilwell,DEF,CHE,6.0,2.26535427
2022-23,3,108,Webster,DEF,BHA,4.5,2.872201786
2022-23,3,165,Andersen,DEF,CRY,4.5,3.727245817
2022-23,3,276,Matip,DEF,LIV,5.9,0.186223986
2022-23,3,10,B White,DEF,ARS,4.5,3.053783906
2022-23,3,432,Ben T Davies,DEF,TOT,5.0,4.097551977
2022-23,3,526,Mee,DEF,BRE,4.5,3.2010566
2022-23,3,308,Ake,DEF,MCI,5.0,2.981101209
2022-23,3,127,Azpilicueta,DEF,CHE,5.0,3.272312942
2022-23,3,43,Cash,DEF,AVL,4.9,2.750585184
2022-23,3,199,Tarkowski,DEF,EVE,4.5,3.91008866
2022-23,3,167,Guehi,DEF,CRY,4.5,3.466154654
2022-23,3,367,Targett,DEF,NEW,5.0,0.83889805
2022-23,3,461,Zouma,DEF,WHU,4.5,3.516434137
2022-23,3,377,Botman,DEF,NEW,4.5,2.228197256
2022-23,3,14,Tomiyasu,DEF,ARS,4.4,2.809428233
2022-23,3,39,Mings,DEF,AVL,4.4,3.118307547
2022-23,3,357,Trippier,DEF,NEW,5.0,2.300430483
2022-23,3,429,Doherty,DEF,TOT,4.8,2.74478026
2022-23,3,510,Hickey,DEF,BRE,5.0,2.838232144
2022-23,3,366,Schar,DEF,NEW,4.6,2.309173116
2022-23,3,286,J Gomez,DEF,LIV,4.5,2.889399509
2022-23,3,44,Konsa,DEF,AVL,4.5,3.040777298
2022-23,3,170,Mitchell,DEF,CRY,4.5,3.280330748
2022-23,3,73,Kelly,DEF,BOU,4.5,2.727378295
2022-23,3,209,Adarabioyo,DEF,FUL,4.5,3.20591918
2022-23,3,85,Henry,DEF,BRE,4.5,3.005336577
2022-23,3,8,Tierney,DEF,ARS,4.9,2.407221545
2022-23,3,309,Laporte,DEF,MCI,5.9,0.093626126
2022-23,3,586,Estupinan,DEF,BHA,4.5,1.225674804
2022-23,3,258,Castagne,DEF,LEI,4.5,3.290294099
2022-23,3,92,Pinnock,DEF,BRE,4.5,0.633158025
2022-23,3,244,Kristensen,DEF,LEE,5.0,2.378941741
2022-23,3,268,Justin,DEF,LEI,4.5,3.26446542
2022-23,3,436,Sessegnon,DEF,TOT,4.5,2.500492598
2022-23,3,463,Coufal,DEF,WHU,4.5,3.562342474
2022-23,3,302,Stones,DEF,MCI,5.4,2.023561061
2022-23,3,409,Walker-Peters,DEF,SOU,4.5,2.46258958
2022-23,3,26,Saliba,DEF,ARS,4.5,2.010454869
2022-23,3,76,Zemura,DEF,BOU,4.5,1.827300151
2022-23,3,249,Evans,DEF,LEI,4.5,3.135152395
2022-23,3,523,Toffolo,DEF,NFO,4.5,3.016484813
2022-23,3,435,D Sanchez,DEF,TOT,4.4,4.285031149
2022-23,3,295,N Williams,DEF,NFO,4.0,2.833730571
2022-23,3,576,Senesi,DEF,BOU,4.5,2.510350972
2022-23,3,192,Holgate,DEF,EVE,4.5,3.426737055
2022-23,3,272,Fofana,DEF,LEI,4.5,3.244988027
2022-23,3,194,Mykolenko,DEF,EVE,4.5,3.377825896
2022-23,3,410,Bednarek,DEF,SOU,4.5,2.299658574
2022-23,3,487,Ait-Nouri,DEF,WOL,4.5,2.169689338
2022-23,3,157,Clyne,DEF,CRY,4.5,2.90539826
2022-23,3,217,Robinson,DEF,FUL,4.5,3.131489486
2022-23,3,228,Llorente,DEF,LEE,4.5,2.292900062
2022-23,3,516,Collins,DEF,WOL,4.5,1.920475654
2022-23,3,533,L Martinez,DEF,MUN,4.4,2.068817419
2022-23,3,330,Maguire,DEF,MUN,4.9,2.006765432
2022-23,3,484,Kilman,DEF,WOL,4.5,1.923291865
2022-23,3,443,Romero,DEF,TOT,5.0,0.0
2022-23,3,332,Shaw,DEF,MUN,4.9,1.596837023
2022-23,3,459,Dawson,DEF,WHU,4.9,0.320072609
2022-23,3,587,S Gomez,DEF,MCI,4.5,0.985643618
2022-23,3,197,Patterson,DEF,EVE,4.0,3.171937586
2022-23,3,342,Dalot,DEF,MUN,4.4,1.665710186
2022-23,3,358,Burn,DEF,NEW,4.5,2.144585295
2022-23,3,482,Semedo,DEF,WOL,5.0,1.122006275
2022-23,3,532,Mbabu,DEF,FUL,4.5,2.848643095
2022-23,3,513,Lenglet,DEF,TOT,4.9,0.371239918
2022-23,3,445,Emerson R,DEF,TOT,5.0,1.495676711
2022-23,3,477,Jonny,DEF,WOL,4.5,1.943147022
2022-23,3,105,Duffy,DEF,FUL,4.5,1.652499286
2022-23,3,388,Worrall,DEF,NFO,4.5,2.616712142
2022-23,3,57,A Smith,DEF,BOU,4.5,1.673900853
2022-23,3,180,Keane,DEF,EVE,4.4,1.450686265
2022-23,3,114,Lamptey,DEF,BHA,4.5,2.141228615
2022-23,3,475,Coady,DEF,EVE,4.9,1.722898938
2022-23,3,329,Varane,DEF,MUN,4.9,1.237445862
2022-23,3,588,Kehrer,DEF,WHU,4.5,1.022943088
2022-23,3,235,Struijk,DEF,LEE,4.5,2.119161695
2022-23,3,420,Salisu,DEF,SOU,4.4,2.002838199
2022-23,3,385,McKenna,DEF,NFO,4.5,1.59865961
2022-23,3,201,Ream,DEF,FUL,4.5,1.36010497
2022-23,3,71,Mepham,DEF,BOU,4.5,1.50691806
2022-23,3,267,Soyuncu,DEF,LEI,4.4,1.194865051
2022-23,3,292,Tsimikas,DEF,LIV,4.5,0.565261821
2022-23,3,474,Boly,DEF,WOL,4.4,0.866897847
2022-23,3,221,Cooper,DEF,LEE,4.5,0.855260438
2022-23,3,341,Wan-Bissaka,DEF,MUN,4.4,0.925565798
2022-23,3,141,T Chalobah,DEF,CHE,4.9,0.711379154
2022-23,3,471,Ben Johnson,DEF,WHU,4.5,2.637784295
2022-23,3,507,Niakhate,DEF,NFO,4.5,1.840275069
2022-23,3,504,Malacia,DEF,MUN,4.4,1.208535528
2022-23,3,156,J Ward,DEF,CRY,4.5,1.377227585
2022-23,3,423,Bella-Kotchap,DEF,SOU,4.5,1.834651542
2022-23,3,270,Thomas,DEF,LEI,4.5,1.546333508
2022-23,3,470,Diop,DEF,FUL,4.5,0.957392365
2022-23,3,456,Ogbonna,DEF,WHU,4.5,0.151266792
2022-23,3,32,C Chambers,DEF,AVL,4.5,0.859124227
2022-23,3,399,Biancone,DEF,NFO,4.5,2.478538169
2022-23,3,239,Firpo,DEF,LEE,4.5,0.0
2022-23,3,379,S Cook,DEF,NFO,4.5,0.770862736
2022-23,3,82,Canos,DEF,BRE,5.0,0.0
2022-23,3,531,Vinagre,DEF,EVE,4.5,1.870435016
2022-23,3,84,Ajer,DEF,BRE,4.5,0.0
2022-23,3,215,Tete,DEF,FUL,4.5,1.785224056
2022-23,3,290,Konate,DEF,LIV,4.9,0.0
2022-23,3,230,Koch,DEF,LEE,4.5,1.895599851
2022-23,3,559,Colwill,DEF,BHA,4.5,0.267643844
2022-23,3,91,Sorensen,DEF,BRE,4.5,1.032065531
2022-23,3,257,Amartey,DEF,LEI,4.5,1.010975768
2022-23,3,337,Lindelof,DEF,MUN,4.4,0.0
2022-23,3,298,Ramsay,DEF,LIV,4.0,0.149188547
2022-23,3,360,Lascelles,DEF,NEW,4.4,0.373580285
2022-23,3,438,Reguilon,DEF,TOT,4.4,0.318453945
2022-23,3,501,N Phillips,DEF,LIV,4.0,0.38165982
2022-23,3,226,Dallas,DEF,LEE,5.0,0.0
2022-23,3,372,J Lewis,DEF,NEW,4.4,0.043030152
2022-23,3,65,Stacey,DEF,BOU,4.4,1.31594027
2022-23,3,530,C Richards,DEF,CRY,4.5,0.16088546
2022-23,3,439,Tanganga,DEF,TOT,4.0,0.366689916
2022-23,3,1,Cedric,DEF,ARS,4.4,0.250782104
2022-23,3,59,Fredericks,DEF,BOU,4.4,0.0
2022-23,3,38,Hause,DEF,AVL,4.4,0.076409655
2022-23,3,525,Augustinsson,DEF,AVL,4.5,0.143565119
2022-23,3,56,Guilbert,DEF,AVL,4.0,0.142488004
2022-23,3,188,Mina,DEF,EVE,4.4,0.0
2022-23,3,539,Hill,DEF,BOU,4.5,0.127564072
2022-23,3,5,Holding,DEF,ARS,4.4,0.341879395
2022-23,3,253,Vestergaard,DEF,LEI,4.0,0.076377198
2022-23,3,362,Dummett,DEF,NEW,4.0,0.048427514
2022-23,3,208,Kongolo,DEF,FUL,4.0,0.070887926
2022-23,3,151,Ampadu,DEF,CHE,4.5,0.205374247
2022-23,3,555,Ashby,DEF,WHU,4.0,0.066413594
2022-23,3,351,Fernandez,DEF,NEW,4.4,0.0
2022-23,3,339,Bailly,DEF,MUN,4.0,0.004915018
2022-23,3,96,Goode,DEF,BRE,4.0,0.059645398
2022-23,3,198,Nkounkou,DEF,EVE,4.0,0.066678217
2022-23,3,153,Tomkins,DEF,CRY,4.0,0.0
2022-23,3,250,Bertrand,DEF,LEI,4.0,0.0
2022-23,3,256,R Pereira,DEF,LEI,4.4,0.0
2022-23,3,193,Godfrey,DEF,EVE,4.4,0.0
2022-23,3,419,Livramento,DEF,SOU,4.5,0.0
2022-23,3,511,O Richards,DEF,NFO,4.5,0.0
2022-23,3,50,Carlos,DEF,AVL,4.9,0.0
2022-23,3,472,Aguerd,DEF,WHU,4.9,0.0
2022-23,3,328,P Jones,DEF,MUN,4.0,0.004528413
2022-23,3,322,Wilson-Esbrand,DEF,MCI,4.0,0.00418276
2022-23,3,573,R Lewis,DEF,MCI,4.0,0.004147659
2022-23,3,90,Roerslev,DEF,BRE,4.5,0.748334431
2022-23,3,563,L Chambers,DEF,LIV,4.0,0.003820506
2022-23,3,320,Mbete,DEF,MCI,4.0,0.004012429
2022-23,3,500,van den Berg,DEF,LIV,4.0,0.00369313
2022-23,3,540,Stevens,DEF,BRE,4.0,0.003883315
2022-23,3,543,Clarke,DEF,BHA,4.0,0.00371996
2022-23,3,544,van Hecke,DEF,BHA,4.0,0.003573506
2022-23,3,386,Drager,DEF,NFO,4.0,0.003773241
2022-23,3,558,Bueno,DEF,WOL,4.0,0.003238915
2022-23,3,273,Brunt,DEF,LEI,4.0,0.003674954
2022-23,3,138,Kenedy,DEF,CHE,4.0,0.049683816
2022-23,3,222,Ayling,DEF,LEE,4.5,0.0
2022-23,3,174,N Ferguson,DEF,CRY,4.0,0.0
2022-23,3,522,Spence,DEF,TOT,4.4,0.053829458
2022-23,3,545,Emerson P,DEF,CHE,4.0,0.046557775
2022-23,3,489,Toti,DEF,WOL,4.0,0.079225132
2022-23,3,243,Hjelde,DEF,LEE,4.0,0.037480167
2022-23,3,350,Ritchie,DEF,NEW,4.4,0.1679221
2022-23,3,547,Drameh,DEF,LEE,4.0,0.086003743
2022-23,3,393,Mbe Soh,DEF,NFO,4.4,0.207396304
2022-23,3,364,Krafth,DEF,NEW,4.4,0.017650527
2022-23,3,343,B Williams,DEF,MUN,4.0,0.076993062
2022-23,3,494,Mosquera,DEF,WOL,4.0,0.066708077
2022-23,3,206,Bryan,DEF,FUL,4.4,0.210844034
2022-23,3,363,Manquillo,DEF,NEW,4.4,0.23541009
2022-23,3,178,Coleman,DEF,EVE,4.5,0.884871382
2022-23,3,404,Stephens,DEF,SOU,4.5,0.604472962
2022-23,3,417,Perraud,DEF,SOU,4.5,0.0
2022-23,3,414,Valery,DEF,SOU,4.0,0.627647611
2022-23,3,538,Young,DEF,AVL,4.5,0.726792143
2022-23,3,413,Lyanco,DEF,SOU,4.5,0.509063838
2022-23,3,283,Salah,MID,LIV,13.0,5.767327833
2022-23,3,428,Son,MID,TOT,11.9,5.739040633
2022-23,3,301,De Bruyne,MID,MCI,12.1,4.223117685
2022-23,3,304,Sterling,MID,CHE,10.0,5.22714805
2022-23,3,13,Saka,MID,ARS,8.0,4.55136305
2022-23,3,261,Maddison,MID,LEI,8.0,5.632452293
2022-23,3,333,Fernandes,MID,MUN,9.9,3.49394183
2022-23,3,142,Mount,MID,CHE,8.0,4.555380985
2022-23,3,465,Bowen,MID,WHU,8.5,4.511621223
2022-23,3,293,Diaz,MID,LIV,8.0,4.10273749
2022-23,3,314,Foden,MID,MCI,8.0,3.655976595
2022-23,3,111,Trossard,MID,BHA,6.5,3.577173281
2022-23,3,160,Zaha,MID,CRY,7.0,4.235058445
2022-23,3,311,B Silva,MID,MCI,6.8,3.297715155
2022-23,3,407,Ward-Prowse,MID,SOU,6.5,3.697155294
2022-23,3,303,Mahrez,MID,MCI,7.9,3.052223138
2022-23,3,446,Kulusevski,MID,TOT,8.2,3.877689146
2022-23,3,19,Martinelli,MID,ARS,6.3,3.794921144
2022-23,3,340,Sancho,MID,MUN,7.3,3.153605362
2022-23,3,7,Odegaard,MID,ARS,6.5,3.6539282
2022-23,3,468,Soucek,MID,WHU,5.5,3.542934615
2022-23,3,374,Guimaraes,MID,NEW,6.0,2.831908446
2022-23,3,335,Rashford,MID,MUN,6.3,3.129075655
2022-23,3,368,Saint-Maximin,MID,NEW,6.5,2.806141593
2022-23,3,116,Mac Allister,MID,BHA,5.5,2.952144111
2022-23,3,305,Grealish,MID,MCI,7.0,2.7175027
2022-23,3,130,Jorginho,MID,CHE,6.0,3.418941105
2022-23,3,486,P Neto,MID,WOL,5.5,3.107840923
2022-23,3,264,Barnes,MID,LEI,6.9,1.416064401
2022-23,3,195,Gordon,MID,EVE,5.5,3.71590993
2022-23,3,189,D Gray,MID,EVE,5.5,3.650668754
2022-23,3,225,Rodrigo,MID,LEE,6.1,3.187737239
2022-23,3,315,Rodri,MID,MCI,6.0,2.849504959
2022-23,3,259,Tielemans,MID,LEI,6.5,3.522529533
2022-23,3,104,Gross,MID,BHA,5.6,3.11795409
2022-23,3,373,Willock,MID,NEW,5.0,2.546541054
2022-23,3,29,Coutinho,MID,AVL,6.9,2.008646942
2022-23,3,527,Lingard,MID,NFO,6.0,3.481768749
2022-23,3,371,Joelinton,MID,NEW,6.0,2.526270591
2022-23,3,37,McGinn,MID,AVL,5.5,2.851801788
2022-23,3,233,Harrison,MID,LEE,6.0,2.919182132
2022-23,3,88,Jensen,MID,BRE,5.0,3.097837525
2022-23,3,79,Norgaard,MID,BRE,5.5,2.806328087
2022-23,3,508,Sinisterra,MID,LEE,6.5,1.7335306
2022-23,3,169,Eze,MID,CRY,5.5,3.142564383
2022-23,3,433,Hojbjerg,MID,TOT,5.5,2.943586272
2022-23,3,483,Podence,MID,WOL,5.5,2.829310569
2022-23,3,70,Billing,MID,BOU,5.4,2.674110045
2022-23,3,6,Partey,MID,ARS,5.0,2.630169384
2022-23,3,120,Caicedo,MID,BHA,5.0,2.647423935
2022-23,3,469,Fornals,MID,WHU,5.5,3.113466891
2022-23,3,480,Neves,MID,WOL,5.5,2.651812884
2022-23,3,534,McNeil,MID,EVE,5.5,3.12532325
2022-23,3,3,Xhaka,MID,ARS,5.0,2.765048078
2022-23,3,186,Iwobi,MID,EVE,5.5,3.4954789
2022-23,3,282,Fabinho,MID,LIV,5.5,2.523664728
2022-23,3,205,Reid,MID,FUL,5.5,2.815217957
2022-23,3,467,Rice,MID,WHU,5.0,2.812181811
2022-23,3,287,Keita,MID,LIV,4.9,2.659846085
2022-23,3,535,Tavernier,MID,BOU,5.0,2.516093329
2022-23,3,47,Ramsey,MID,AVL,5.4,2.528990084
2022-23,3,204,Kebano,MID,FUL,5.5,3.316255164
2022-23,3,575,Cornet,MID,WHU,6.0,2.219223569
2022-23,3,300,Gundogan,MID,MCI,7.5,1.948324137
2022-23,3,275,J Henderson,MID,LIV,5.5,2.144654209
2022-23,3,369,Almiron,MID,NEW,5.0,2.398480938
2022-23,3,246,Aaronson,MID,LEE,5.5,2.354083263
2022-23,3,440,Bentancur,MID,TOT,5.5,2.635069626
2022-23,3,512,Aribo,MID,SOU,5.5,2.489483145
2022-23,3,331,Fred,MID,MUN,5.4,2.420222362
2022-23,3,64,Lerma,MID,BOU,5.0,2.404824199
2022-23,3,148,Gallagher,MID,CHE,5.9,2.694204661
2022-23,3,346,A Pereira,MID,FUL,4.5,2.310884118
2022-23,3,406,Elyounoussi,MID,SOU,5.4,2.197891788
2022-23,3,265,Ndidi,MID,LEI,5.0,2.723590277
2022-23,3,159,Ayew,MID,CRY,5.5,2.760265905
2022-23,3,481,Hwang,MID,WOL,6.0,2.823380978
2022-23,3,161,Schlupp,MID,CRY,5.0,2.760305576
2022-23,3,107,March,MID,BHA,5.0,2.152749056
2022-23,3,266,Dewsbury-Hall,MID,LEI,5.0,2.71079966
2022-23,3,464,Benrahma,MID,WHU,6.0,2.725527614
2022-23,3,53,Kamara,MID,AVL,5.0,2.362227297
2022-23,3,89,Wissa,MID,BRE,5.5,2.625914563
2022-23,3,220,Palhinha,MID,FUL,5.0,2.697239524
2022-23,3,503,Moutinho,MID,WOL,4.9,0.605211262
2022-23,3,245,Roca,MID,LEE,5.0,2.187631486
2022-23,3,479,Dendoncker,MID,WOL,5.0,2.526105772
2022-23,3,294,Elliott,MID,LIV,5.0,2.388610237
2022-23,3,460,Lanzini,MID,WHU,5.5,2.623502784
2022-23,3,514,C Doucoure,MID,CRY,5.0,2.491606675
2022-23,3,45,Bailey,MID,AVL,4.9,2.129899433
2022-23,3,212,H Wilson,MID,FUL,5.9,0.0
2022-23,3,519,Eriksen,MID,MUN,6.4,2.246041796
2022-23,3,405,S Armstrong,MID,SOU,5.0,2.19188979
2022-23,3,86,Janelt,MID,BRE,5.5,2.184727185
2022-23,3,136,Loftus-Cheek,MID,CHE,5.0,2.373050529
2022-23,3,200,Cairney,MID,FUL,4.9,2.517490995
2022-23,3,75,Anthony,MID,BOU,5.4,1.67539548
2022-23,3,536,Mangala,MID,NFO,5.0,2.465581098
2022-23,3,42,Buendia,MID,AVL,6.0,2.282512189
2022-23,3,493,Gibbs-White,MID,NFO,5.5,0.627112403
2022-23,3,135,Ziyech,MID,CHE,5.9,1.952859858
2022-23,3,359,Fraser,MID,NEW,5.4,1.464950151
2022-23,3,211,Reed,MID,FUL,4.5,2.419605168
2022-23,3,577,Onana,MID,EVE,5.0,1.810032171
2022-23,3,101,Lallana,MID,BHA,5.0,2.101169229
2022-23,3,185,A Doucoure,MID,EVE,5.4,0.0
2022-23,3,506,T Adams,MID,LEE,5.0,1.993106351
2022-23,3,580,Damsgaard,MID,BRE,5.5,1.157507514
2022-23,3,274,Milner,MID,LIV,4.5,2.239400679
2022-23,3,589,Nunes,MID,WOL,5.0,0.723547306
2022-23,3,12,Smith Rowe,MID,ARS,5.9,1.61274419
2022-23,3,321,Lavia,MID,SOU,4.5,2.048497416
2022-23,3,524,O'Brien,MID,NFO,5.0,2.399757064
2022-23,3,171,Olise,MID,CRY,5.5,1.493173937
2022-23,3,579,Guedes,MID,WOL,6.0,1.216636486
2022-23,3,69,Christie,MID,BOU,5.5,2.045383745
2022-23,3,25,Vieira,MID,ARS,5.9,1.6354593
2022-23,3,214,Cavaleiro,MID,FUL,4.9,1.79734768
2022-23,3,387,Yates,MID,NFO,5.0,0.608782674
2022-23,3,132,Kovacic,MID,CHE,4.9,0.0
2022-23,3,140,Pulisic,MID,CHE,5.9,0.658169045
2022-23,3,582,Freuler,MID,NFO,5.0,0.596186754
2022-23,3,154,McArthur,MID,CRY,4.9,0.0
2022-23,3,134,Kante,MID,CHE,5.0,0.0
2022-23,3,118,Mwepu,MID,BHA,5.4,1.533224579
2022-23,3,181,Alli,MID,EVE,5.4,1.055813145
2022-23,3,296,Carvalho,MID,LIV,5.5,1.142906799
2022-23,3,418,Djenepo,MID,SOU,5.0,1.945135243
2022-23,3,124,Mitoma,MID,BHA,5.0,0.830943964
2022-23,3,277,Thiago,MID,LIV,5.3,0.0
2022-23,3,231,D James,MID,LEE,6.0,1.59360764
2022-23,3,60,Brooks,MID,BOU,5.4,0.168559624
2022-23,3,83,Dasilva,MID,BRE,4.6,2.113160492
2022-23,3,144,Hudson-Odoi,MID,CHE,5.4,0.76891667
2022-23,3,190,T Davies,MID,EVE,5.0,2.179877803
2022-23,3,344,Elanga,MID,MUN,4.9,2.043273879
2022-23,3,549,Praet,MID,LEI,5.0,0.242649701
2022-23,3,117,Moder,MID,BHA,4.5,0.0
2022-23,3,349,Shelvey,MID,NEW,4.9,0.0
2022-23,3,490,Chiquinho,MID,WOL,5.0,0.0
2022-23,3,278,Chamberlain,MID,LIV,5.0,0.0
2022-23,3,179,Townsend,MID,EVE,5.5,0.0
2022-23,3,316,Palmer,MID,MCI,4.5,0.004238696
2022-23,3,347,Pellistri,MID,MUN,4.5,0.0
2022-23,3,554,Bryan Gil,MID,TOT,5.0,0.004258985
2022-23,3,546,Harris,MID,FUL,4.5,0.004321575
2022-23,3,552,Anderson,MID,NEW,4.5,0.003655234
2022-23,3,452,Devine,MID,TOT,4.5,0.003979865
2022-23,3,449,H White,MID,TOT,4.5,0.003963199
2022-23,3,570,Garner,MID,MUN,4.5,0.003602743
2022-23,3,569,Garnacho,MID,MUN,4.5,0.00359013
2022-23,3,560,Mills,MID,EVE,4.5,0.003923362
2022-23,3,434,Winks,MID,TOT,4.5,0.003795245
2022-23,3,567,Ronan,MID,WOL,4.5,0.003518293
2022-23,3,566,Hodge,MID,WOL,4.5,0.00352528
2022-23,3,553,Hammond,MID,NFO,4.5,0.003662171
2022-23,3,572,Oko-Flex,MID,WHU,4.5,0.003688549
2022-23,3,584,B Clark,MID,LIV,4.5,0.003506031
2022-23,3,551,Iqbal,MID,MUN,4.5,0.003423898
2022-23,3,564,Bajcetic,MID,LIV,4.5,0.003427453
2022-23,3,561,Warrington,MID,EVE,4.5,0.003599082
2022-23,3,509,Downes,MID,WHU,4.5,0.003473342
2022-23,3,556,Coventry,MID,WHU,4.5,0.00346006
2022-23,3,27,Marquinhos,MID,ARS,4.9,0.051537513
2022-23,3,23,Nelson,MID,ARS,4.9,0.050324532
2022-23,3,4,Elneny,MID,ARS,4.4,0.097478552
2022-23,3,49,Iroegbunam,MID,AVL,4.5,0.016390678
2022-23,3,240,Summerville,MID,LEE,4.5,0.040321085
2022-23,3,119,Sarmiento,MID,BHA,4.5,0.04068257
2022-23,3,565,A Gray,MID,LEE,4.5,0.039841346
2022-23,3,126,Kozlowski,MID,BHA,4.5,0.040159759
2022-23,3,202,Knockaert,MID,FUL,4.9,0.044603916
2022-23,3,172,Rak-Sakyi,MID,CRY,4.5,0.042284249
2022-23,3,338,McTominay,MID,MUN,4.9,2.046312947
2022-23,3,247,Gyabi,MID,LEE,4.5,0.037671411
2022-23,3,505,Rothwell,MID,BOU,5.0,0.0
2022-23,3,395,Mighten,MID,NFO,4.9,0.038609707
2022-23,3,521,Francois,MID,FUL,4.5,0.038241548
2022-23,3,21,Maitland-Niles,MID,ARS,4.9,0.089665665
2022-23,3,36,Sanson,MID,AVL,4.5,0.086060239
2022-23,3,34,B Traore,MID,AVL,4.9,0.084469757
2022-23,3,260,Perez,MID,LEI,4.9,0.457507065
2022-23,3,115,Alzate,MID,BHA,4.5,0.082733541
2022-23,3,251,Albrighton,MID,LEI,5.0,1.170110455
2022-23,3,403,Redmond,MID,SOU,5.4,1.560949645
2022-23,3,51,El Ghazi,MID,AVL,4.9,0.083224108
2022-23,3,184,Gomes,MID,EVE,4.5,0.020139472
2022-23,3,187,Gbamin,MID,EVE,4.5,0.092231051
2022-23,3,48,Chukwuemeka,MID,CHE,4.5,0.081925908
2022-23,3,131,Barkley,MID,CHE,5.0,0.188880226
2022-23,3,402,Romeu,MID,SOU,5.0,0.701986626
2022-23,3,46,Douglas Luiz,MID,AVL,4.9,1.267994892
2022-23,3,562,Solomon,MID,FUL,5.0,0.0
2022-23,3,87,Ghoddos,MID,BRE,5.0,0.172517067
2022-23,3,63,Marcondes,MID,BOU,4.9,0.171685367
2022-23,3,74,Dembele,MID,BOU,4.9,0.164823758
2022-23,3,383,Cafu,MID,NFO,4.5,1.872590416
2022-23,3,568,Campbell,MID,WOL,4.5,1.67804181
2022-23,3,291,C Jones,MID,LIV,4.9,0.040558343
2022-23,3,9,Pepe,MID,ARS,5.3,1.019038172
2022-23,3,431,Lucas Moura,MID,TOT,5.9,1.606708583
2022-23,3,441,Skipp,MID,TOT,4.5,0.0
2022-23,3,450,P Sarr,MID,TOT,4.5,0.152006689
2022-23,3,378,Arter,MID,NFO,4.5,0.142695002
2022-23,3,216,Onomah,MID,FUL,4.5,0.440018358
2022-23,3,18,Lokonga,MID,ARS,4.5,0.247349414
2022-23,3,241,Bate,MID,LEE,4.5,0.236911578
2022-23,3,158,Milivojevic,MID,CRY,4.5,1.085733972
2022-23,3,94,Baptiste,MID,BRE,4.5,0.236538399
2022-23,3,400,Walcott,MID,SOU,4.9,0.0
2022-23,3,269,Soumare,MID,LEI,4.5,0.481342997
2022-23,3,252,N Mendy,MID,LEI,4.5,0.356911806
2022-23,3,67,L Cook,MID,BOU,5.0,1.55965805
2022-23,3,58,Stanislas,MID,BOU,4.9,1.148243419
2022-23,3,381,Colback,MID,NFO,4.5,0.345957106
2022-23,3,183,Allan,MID,EVE,4.9,0.404840063
2022-23,3,149,Gilmour,MID,CHE,4.5,0.411391906
2022-23,3,164,Riedewald,MID,CRY,4.5,0.422431417
2022-23,3,41,Nakamba,MID,AVL,4.5,0.299923316
2022-23,3,336,van de Beek,MID,MUN,5.4,0.569610131
2022-23,3,223,Klich,MID,LEE,4.9,0.592110906
2022-23,3,365,Murphy,MID,NEW,4.5,1.171773988
2022-23,3,163,W Hughes,MID,CRY,5.0,1.02287444
2022-23,3,325,K Phillips,MID,MCI,4.9,0.654139339
2022-23,3,173,Ebiowei,MID,CRY,4.5,0.518811094
2022-23,3,93,Onyeka,MID,BRE,5.0,0.386462172
2022-23,3,485,Cundle,MID,WOL,4.5,0.991797948
2022-23,3,583,Kouyate,MID,NFO,4.5,0.503844676
2022-23,3,203,N Chalobah,MID,FUL,4.5,0.752094456
2022-23,3,416,I Diallo,MID,SOU,4.5,0.770268823
2022-23,3,224,Forshaw,MID,LEE,4.5,0.54869845
2022-23,3,61,Lowe,MID,BOU,5.4,0.896656205
2022-23,3,491,A Traore,MID,WOL,5.5,0.0
2022-23,3,444,Bissouma,MID,TOT,5.0,1.531304634
2022-23,3,370,S Longstaff,MID,NEW,4.5,0.665166259
2022-23,3,68,Pearson,MID,BOU,4.5,1.23220365
2022-23,3,427,Kane,FWD,TOT,11.4,5.762609524
2022-23,3,318,Haaland,FWD,MCI,11.7,4.276968139
2022-23,3,28,Jesus,FWD,ARS,8.1,5.053922771
2022-23,3,80,Toney,FWD,BRE,7.1,4.130973542
2022-23,3,255,Vardy,FWD,LEI,9.5,4.726688642
2022-23,3,210,Mitrovic,FWD,FUL,6.6,4.539679978
2022-23,3,227,Bamford,FWD,LEE,7.4,1.956930306
2022-23,3,103,Welbeck,FWD,BHA,6.5,3.369003809
2022-23,3,40,Watkins,FWD,AVL,7.4,3.500623911
2022-23,3,356,C Wilson,FWD,NEW,7.5,3.059950985
2022-23,3,145,Havertz,FWD,CHE,7.9,3.735396737
2022-23,3,66,Solanke,FWD,BOU,5.9,1.962901428
2022-23,3,30,Ings,FWD,AVL,7.0,3.257603575
2022-23,3,458,Antonio,FWD,WHU,7.4,3.657017199
2022-23,3,326,Ronaldo,FWD,MUN,10.4,3.08925902
2022-23,3,397,Awoniyi,FWD,NFO,5.9,3.074825077
2022-23,3,95,Mbeumo,FWD,BRE,6.0,3.084689538
2022-23,3,394,Brennan Johnson,FWD,NFO,5.9,3.311012844
2022-23,3,279,Firmino,FWD,LIV,8.0,2.739935853
2022-23,3,411,C Adams,FWD,SOU,6.4,2.871654357
2022-23,3,262,Iheanacho,FWD,LEI,6.4,3.504341641
2022-23,3,297,Nunez,FWD,LIV,9.0,0.0
2022-23,3,476,Jimenez,FWD,WOL,6.9,0.344828673
2022-23,3,166,Edouard,FWD,CRY,5.5,3.035235058
2022-23,3,529,Scamacca,FWD,WHU,7.0,1.822849865
2022-23,3,345,Martial,FWD,MUN,6.9,0.670519141
2022-23,3,168,Mateta,FWD,CRY,5.4,2.680479354
2022-23,3,191,Calvert-Lewin,FWD,EVE,7.9,0.0
2022-23,3,454,Richarlison,FWD,TOT,8.5,2.403779987
2022-23,3,408,A Armstrong,FWD,SOU,5.5,2.236943378
2022-23,3,62,Kieffer Moore,FWD,BOU,5.5,2.919049441
2022-23,3,271,Daka,FWD,LEI,5.9,2.546643021
2022-23,3,319,Alvarez,FWD,MCI,6.3,1.822494377
2022-23,3,585,E Dennis,FWD,NFO,6.0,0.330292209
2022-23,3,123,Undav,FWD,BHA,5.4,1.042473437
2022-23,3,11,Nketiah,FWD,ARS,6.8,1.905585591
2022-23,3,110,Maupay,FWD,BHA,6.3,1.010921123
2022-23,3,288,Jota,FWD,LIV,8.9,0.0
2022-23,3,125,Enciso,FWD,BHA,5.0,0.560586164
2022-23,3,177,Rondon,FWD,EVE,5.0,1.645519344
2022-23,3,528,Mara,FWD,SOU,5.5,0.004098467
2022-23,3,550,A Diallo,FWD,MUN,4.5,0.003816184
2022-23,3,219,Stansfield,FWD,FUL,4.5,0.003795496
2022-23,3,447,Scarlett,FWD,TOT,4.5,0.003483572
2022-23,3,242,Gelhardt,FWD,LEE,5.5,1.924109486
2022-23,3,150,Broja,FWD,CHE,5.4,0.0
2022-23,3,541,Dervisoglu,FWD,BRE,4.5,0.171321651
2022-23,3,218,Muniz,FWD,FUL,5.5,0.758860763
2022-23,3,237,Greenwood,FWD,LEE,4.5,0.149685237
2022-23,3,496,Plange,FWD,CRY,4.5,0.265754163
2022-23,3,515,Lewis-Potter,FWD,BRE,5.4,1.500145449
2022-23,3,380,Taylor,FWD,NFO,4.5,0.4684994
2022-23,3,54,Archer,FWD,AVL,4.5,0.411871493
2022-23,3,354,Wood,FWD,NEW,5.9,1.627778674
2022-23,3,391,Surridge,FWD,NFO,5.0,1.052350299
2022-23,32,281,Alisson,GK,LIV,5.4,4.95705001
2022-23,32,15,Ramsdale,GK,ARS,4.9,4.476517932
2022-23,32,175,Johnstone,GK,CRY,4.4,4.285757255
2022-23,32,81,Raya,GK,BRE,4.9,4.15476102
2022-23,32,2,Leno,GK,FUL,4.6,3.894526166
2022-23,32,455,Fabianski,GK,WHU,4.9,3.819338447
2022-23,32,478,Sa,GK,WOL,5.0,3.579274768
2022-23,32,376,Pope,GK,NEW,5.4,3.284999634
2022-23,32,182,Pickford,GK,EVE,4.4,3.639011837
2022-23,32,31,E Martinez,GK,AVL,5.0,3.508771822
2022-23,32,574,N Neto,GK,BOU,4.5,3.163081668
2022-23,32,238,Meslier,GK,LEE,4.5,3.507057771
2022-23,32,425,Lloris,GK,TOT,5.4,3.574613439
2022-23,32,422,Bazunu,GK,SOU,4.5,2.303716419
2022-23,32,729,Navas,GK,NFO,4.5,1.394620428
2022-23,32,548,Iversen,GK,LEI,3.8,0.143433872
2022-23,32,254,D Ward,GK,LEI,3.9,4.229566341
2022-23,32,398,D Henderson,GK,NFO,4.6,0.066978605
2022-23,32,24,Turner,GK,ARS,3.8,0.084626955
2022-23,32,355,Dubravka,GK,NEW,4.1,0.083043536
2022-23,32,473,Areola,GK,WHU,4.3,0.070932051
2022-23,32,426,Forster,GK,TOT,3.9,0.069584369
2022-23,32,213,Rodak,GK,FUL,4.3,0.063782562
2022-23,32,35,Olsen,GK,AVL,3.9,0.062398671
2022-23,32,289,Kelleher,GK,LIV,4.0,0.118532073
2022-23,32,401,McCarthy,GK,SOU,4.3,0.045028335
2022-23,32,152,Guaita,GK,CRY,4.4,0.095767303
2022-23,32,644,Goodman,GK,CRY,4.0,0.091544644
2022-23,32,72,Travers,GK,BOU,4.2,0.074754725
2022-23,32,578,Robles,GK,LEE,4.0,0.006043433
2022-23,32,633,Cox,GK,BRE,3.9,0.064758281
2022-23,32,717,Bentley,GK,WOL,4.0,0.003243593
2022-23,32,176,Begovic,GK,EVE,3.9,0.062741981
2022-23,32,236,Klaesson,GK,LEE,3.8,0.060741939
2022-23,32,497,Adrian,GK,LIV,3.8,0.009176966
2022-23,32,581,Smithies,GK,LEI,3.9,0.007170063
2022-23,32,451,Austin,GK,TOT,3.9,0.006531771
2022-23,32,649,Plain,GK,BOU,4.0,0.006150724
2022-23,32,571,Randolph,GK,BOU,4.0,0.006038274
2022-23,32,590,Whitworth,GK,CRY,4.0,0.004476077
2022-23,32,592,H Davies,GK,LIV,4.0,0.00437614
2022-23,32,655,Hein,GK,ARS,3.9,0.003703499
2022-23,32,739,Anang,GK,WHU,4.0,0.003473255
2022-23,32,740,Hegyi,GK,WHU,3.9,0.003461695
2022-23,32,518,Hennessey,GK,NFO,3.9,0.003313766
2022-23,32,745,Zych,GK,AVL,4.0,0.003308302
2022-23,32,670,Marschall,GK,AVL,4.0,0.002917234
2022-23,32,707,Sinisalo,GK,AVL,4.0,0.000585173
2022-23,32,424,Caballero,GK,SOU,3.9,0.00040607
2022-23,32,307,Ederson,GK,MCI,5.4,0.0
2022-23,32,327,de Gea,GK,MUN,5.0,0.0
2022-23,32,133,Kepa,GK,CHE,4.7,0.0
2022-23,32,102,Steele,GK,BHA,3.9,0.0
2022-23,32,113,R Sanchez,GK,BHA,4.5,0.0
2022-23,32,147,E Mendy,GK,CHE,4.8,0.0
2022-23,32,324,Ortega,GK,MCI,3.8,0.0
2022-23,32,162,Butland,GK,MUN,4.4,0.0
2022-23,32,502,Carson,GK,MCI,3.8,0.0
2022-23,32,635,Bettinelli,GK,CHE,4.0,0.0
2022-23,32,656,Bishop,GK,MUN,4.0,0.0
2022-23,32,348,Heaton,GK,MUN,3.8,0.0
2022-23,32,517,Strakosha,GK,BRE,4.3,0.0
2022-23,32,285,Trent,DEF,LIV,7.4,5.950109035
2022-23,32,16,Gabriel,DEF,ARS,5.3,4.798600387
2022-23,32,284,Robertson,DEF,LIV,6.8,5.114039827
2022-23,32,280,van Dijk,DEF,LIV,6.6,4.972206036
2022-23,32,10,B White,DEF,ARS,4.9,4.43448667
2022-23,32,357,Trippier,DEF,NEW,6.2,3.884343424
2022-23,32,165,Andersen,DEF,CRY,4.5,4.222974544
2022-23,32,167,Guehi,DEF,CRY,4.4,3.985354565
2022-23,32,313,Zinchenko,DEF,ARS,5.2,3.461959665
2022-23,32,5,Holding,DEF,ARS,4.2,3.498456066
2022-23,32,170,Mitchell,DEF,CRY,4.4,3.73905015
2022-23,32,258,Castagne,DEF,LEI,4.3,4.059821355
2022-23,32,366,Schar,DEF,NEW,5.1,3.571802633
2022-23,32,156,J Ward,DEF,CRY,4.4,3.289820756
2022-23,32,92,Pinnock,DEF,BRE,4.4,3.751908246
2022-23,32,377,Botman,DEF,NEW,4.5,3.304062845
2022-23,32,526,Mee,DEF,BRE,5.1,3.407586563
2022-23,32,612,Faes,DEF,LEI,4.2,3.710571376
2022-23,32,85,Henry,DEF,BRE,4.6,3.580611805
2022-23,32,358,Burn,DEF,NEW,4.5,3.135079573
2022-23,32,461,Zouma,DEF,WHU,4.4,3.191104527
2022-23,32,290,Konate,DEF,LIV,4.8,1.454370954
2022-23,32,217,A Robinson,DEF,FUL,4.4,3.095088534
2022-23,32,448,Perisic,DEF,TOT,5.3,3.257975825
2022-23,32,201,Ream,DEF,FUL,4.6,2.961259361
2022-23,32,459,Dawson,DEF,WOL,4.8,2.877677499
2022-23,32,215,K Tete,DEF,FUL,4.4,2.946307117
2022-23,32,199,Tarkowski,DEF,EVE,4.2,3.093281009
2022-23,32,694,Moreno,DEF,AVL,4.5,2.450627415
2022-23,32,484,Kilman,DEF,WOL,4.3,2.880763782
2022-23,32,57,A Smith,DEF,BOU,4.3,2.823481851
2022-23,32,733,Porro,DEF,TOT,4.8,3.109950972
2022-23,32,727,Souttar,DEF,LEI,4.5,2.906435666
2022-23,32,709,Kristiansen,DEF,LEI,4.5,2.46057862
2022-23,32,510,Hickey,DEF,BRE,4.9,2.429320715
2022-23,32,482,Semedo,DEF,WOL,5.0,2.489159204
2022-23,32,463,Coufal,DEF,WHU,4.0,2.97613264
2022-23,32,44,Konsa,DEF,AVL,4.4,2.204315349
2022-23,32,430,Dier,DEF,TOT,5.1,3.053217491
2022-23,32,39,Mings,DEF,AVL,4.6,2.143873844
2022-23,32,404,Stephens,DEF,BOU,4.3,2.254830792
2022-23,32,230,Koch,DEF,LEE,4.5,2.188678744
2022-23,32,472,Aguerd,DEF,WHU,4.8,3.119712394
2022-23,32,538,A Young,DEF,AVL,4.3,1.475942051
2022-23,32,239,Firpo,DEF,LEE,4.5,1.850998268
2022-23,32,8,Tierney,DEF,ARS,4.6,2.339157491
2022-23,32,443,Romero,DEF,TOT,4.9,2.540674166
2022-23,32,691,Wober,DEF,LEE,4.4,2.458985029
2022-23,32,193,Godfrey,DEF,EVE,4.3,2.12530653
2022-23,32,513,Lenglet,DEF,TOT,4.8,2.764997398
2022-23,32,244,Kristensen,DEF,LEE,4.7,2.60434537
2022-23,32,456,Ogbonna,DEF,WHU,4.4,2.607036946
2022-23,32,576,Senesi,DEF,BOU,4.4,3.015852027
2022-23,32,194,Mykolenko,DEF,EVE,4.1,2.687414298
2022-23,32,545,Emerson P,DEF,WHU,4.0,2.772449779
2022-23,32,477,Jonny,DEF,WOL,4.3,0.797166499
2022-23,32,209,Adarabioyo,DEF,FUL,4.4,0.680577191
2022-23,32,235,Struijk,DEF,LEE,4.5,2.181960481
2022-23,32,73,Kelly,DEF,BOU,4.3,0.0
2022-23,32,180,Keane,DEF,EVE,4.2,0.039488833
2022-23,32,457,Cresswell,DEF,WHU,4.7,0.531447682
2022-23,32,470,Diop,DEF,FUL,4.3,2.752422516
2022-23,32,423,Bella-Kotchap,DEF,SOU,4.5,1.731787843
2022-23,32,417,Perraud,DEF,SOU,4.1,1.790633723
2022-23,32,71,Mepham,DEF,BOU,4.3,1.780094799
2022-23,32,409,Walker-Peters,DEF,SOU,4.4,1.618228567
2022-23,32,410,Bednarek,DEF,SOU,4.2,1.502663639
2022-23,32,475,Coady,DEF,EVE,4.8,3.054790965
2022-23,32,602,Lodi,DEF,NFO,4.3,1.811713569
2022-23,32,197,N Patterson,DEF,EVE,3.9,0.003604574
2022-23,32,267,Soyuncu,DEF,LEI,4.2,1.507785121
2022-23,32,588,Kehrer,DEF,WHU,4.3,1.092801109
2022-23,32,718,Vina,DEF,BOU,4.5,1.3607241
2022-23,32,276,Matip,DEF,LIV,5.9,2.659099178
2022-23,32,730,Felipe,DEF,NFO,4.5,1.021074414
2022-23,32,435,D Sanchez,DEF,TOT,4.2,1.569149173
2022-23,32,222,Ayling,DEF,LEE,4.5,0.479506762
2022-23,32,76,Zemura,DEF,BOU,4.3,2.466762856
2022-23,32,388,Worrall,DEF,NFO,4.2,1.651106911
2022-23,32,295,N Williams,DEF,NFO,3.8,0.729518154
2022-23,32,628,Aurier,DEF,NFO,4.3,1.945826214
2022-23,32,595,Zanka,DEF,BRE,3.9,0.965409535
2022-23,32,90,Roerslev,DEF,BRE,4.3,1.027607045
2022-23,32,270,Thomas,DEF,LEI,3.9,1.71776013
2022-23,32,33,Digne,DEF,AVL,4.6,1.088052733
2022-23,32,367,Targett,DEF,NEW,4.7,1.337730457
2022-23,32,487,Ait-Nouri,DEF,WOL,4.1,1.991051916
2022-23,32,286,J Gomez,DEF,LIV,4.3,1.563154293
2022-23,32,385,McKenna,DEF,NFO,4.4,0.0
2022-23,32,530,C Richards,DEF,CRY,4.4,1.092410626
2022-23,32,292,Tsimikas,DEF,LIV,4.3,0.878970333
2022-23,32,50,Carlos,DEF,AVL,4.7,1.179519634
2022-23,32,43,Cash,DEF,AVL,4.6,1.289358299
2022-23,32,249,Evans,DEF,LEI,4.4,1.408851915
2022-23,32,32,C Chambers,DEF,AVL,4.2,0.441721264
2022-23,32,1,Cedric,DEF,FUL,4.2,0.376979685
2022-23,32,257,Amartey,DEF,LEI,4.0,0.262925366
2022-23,32,710,Kiwior,DEF,ARS,4.0,0.729778392
2022-23,32,489,Toti,DEF,WOL,3.8,0.149530263
2022-23,32,523,Toffolo,DEF,NFO,4.3,0.166113459
2022-23,32,558,Bueno,DEF,WOL,3.8,0.824240534
2022-23,32,516,Collins,DEF,WOL,4.3,0.600632001
2022-23,32,26,Saliba,DEF,ARS,5.0,0.0
2022-23,32,419,Livramento,DEF,SOU,4.4,1.042360939
2022-23,32,471,Ben Johnson,DEF,WHU,4.4,0.675994266
2022-23,32,59,Fredericks,DEF,BOU,4.4,1.00521431
2022-23,32,192,Holgate,DEF,EVE,4.2,0.229504445
2022-23,32,174,N Ferguson,DEF,CRY,3.9,0.577574861
2022-23,32,716,Bree,DEF,SOU,4.5,0.5113085
2022-23,32,65,Stacey,DEF,BOU,4.3,0.073207322
2022-23,32,360,Lascelles,DEF,NEW,4.3,0.380614444
2022-23,32,413,Lyanco,DEF,SOU,4.4,0.500473056
2022-23,32,439,Tanganga,DEF,TOT,3.8,0.279909929
2022-23,32,623,Caleta-Car,DEF,SOU,4.4,0.267857533
2022-23,32,507,Niakhate,DEF,NFO,4.3,0.246370451
2022-23,32,153,Tomkins,DEF,CRY,3.9,0.374734973
2022-23,32,221,Cooper,DEF,LEE,4.4,0.241647878
2022-23,32,188,Mina,DEF,EVE,4.3,0.197055488
2022-23,32,178,Coleman,DEF,EVE,4.2,0.243609825
2022-23,32,432,Ben T Davies,DEF,TOT,4.7,0.0
2022-23,32,722,Zabarnyi,DEF,BOU,4.5,0.223104318
2022-23,32,105,Duffy,DEF,FUL,4.3,0.165556951
2022-23,32,350,Ritchie,DEF,NEW,4.2,0.085620682
2022-23,32,372,J Lewis,DEF,NEW,4.4,0.078011423
2022-23,32,250,Bertrand,DEF,LEI,3.9,0.004028398
2022-23,32,363,Manquillo,DEF,NEW,4.2,0.0
2022-23,32,744,Swinkels,DEF,AVL,4.0,0.003197757
2022-23,32,501,N Phillips,DEF,LIV,3.8,0.048054259
2022-23,32,531,Vinagre,DEF,EVE,4.3,0.038791503
2022-23,32,646,Crama,DEF,BRE,4.0,0.034591246
2022-23,32,631,Sousa,DEF,ARS,4.0,0.004318624
2022-23,32,253,Vestergaard,DEF,LEI,3.8,0.004014724
2022-23,32,645,Wormleighton,DEF,LEI,4.0,0.003920196
2022-23,32,362,Dummett,DEF,NEW,3.9,0.003864991
2022-23,32,540,Stevens,DEF,BRE,4.0,0.003811105
2022-23,32,273,Brunt,DEF,LEI,3.9,0.003770246
2022-23,32,636,Parkes,DEF,FUL,4.0,0.00376005
2022-23,32,598,Bevan,DEF,BOU,4.0,0.003651202
2022-23,32,555,Ashby,DEF,NEW,3.8,0.003445185
2022-23,32,737,B Greenwood,DEF,BOU,4.0,0.003403264
2022-23,32,738,Kinsey-Wellings,DEF,BOU,4.0,0.003395632
2022-23,32,746,Casey,DEF,WHU,4.0,0.00332188
2022-23,32,664,Lembikisa,DEF,WOL,4.0,0.003307405
2022-23,32,605,Welch,DEF,EVE,4.0,0.003286857
2022-23,32,637,John,DEF,EVE,4.0,0.003255764
2022-23,32,743,Monteiro,DEF,LEE,4.0,0.003235426
2022-23,32,742,Chilokoa-Mullen,DEF,LEE,4.0,0.003128295
2022-23,32,386,Drager,DEF,NFO,4.0,0.002774949
2022-23,32,586,Estupinan,DEF,BHA,4.8,0.0
2022-23,32,106,Dunk,DEF,BHA,4.7,0.0
2022-23,32,302,Stones,DEF,MCI,5.5,0.0
2022-23,32,332,Shaw,DEF,MUN,5.1,0.0
2022-23,32,312,Dias,DEF,MCI,6.0,0.0
2022-23,32,108,Webster,DEF,BHA,4.5,0.0
2022-23,32,109,Veltman,DEF,BHA,4.6,0.0
2022-23,32,610,Akanji,DEF,MCI,5.0,0.0
2022-23,32,342,Dalot,DEF,MUN,4.7,0.0
2022-23,32,146,R James,DEF,CHE,5.8,0.0
2022-23,32,309,Laporte,DEF,MCI,5.6,0.0
2022-23,32,329,Varane,DEF,MUN,4.8,0.0
2022-23,32,308,Ake,DEF,MCI,5.1,0.0
2022-23,32,128,T Silva,DEF,CHE,5.4,0.0
2022-23,32,139,Chilwell,DEF,CHE,5.9,0.0
2022-23,32,272,W Fofana,DEF,CHE,4.3,0.0
2022-23,32,330,Maguire,DEF,MUN,4.7,0.0
2022-23,32,299,Walker,DEF,MCI,4.7,0.0
2022-23,32,114,Lamptey,DEF,BHA,4.2,0.0
2022-23,32,141,T Chalobah,DEF,CHE,4.4,0.0
2022-23,32,689,Badiashile,DEF,CHE,5.0,0.0
2022-23,32,504,Malacia,DEF,MUN,4.2,0.0
2022-23,32,559,Colwill,DEF,BHA,4.4,0.0
2022-23,32,112,Cucurella,DEF,CHE,4.9,0.0
2022-23,32,337,Lindelof,DEF,MUN,4.1,0.0
2022-23,32,341,Wan-Bissaka,DEF,MUN,4.3,0.0
2022-23,32,573,R Lewis,DEF,MCI,3.9,0.0
2022-23,32,587,S Gomez,DEF,MCI,4.4,0.0
2022-23,32,298,Ramsay,DEF,LIV,3.9,0.0
2022-23,32,622,Larios,DEF,SOU,4.0,0.0
2022-23,32,474,Boly,DEF,NFO,4.1,0.0
2022-23,32,78,Jansson,DEF,BRE,4.2,0.0
2022-23,32,14,Tomiyasu,DEF,ARS,4.2,0.0
2022-23,32,256,R Pereira,DEF,LEI,4.3,0.0
2022-23,32,420,Salisu,DEF,SOU,4.3,0.0
2022-23,32,613,Kurzawa,DEF,FUL,4.3,0.0
2022-23,32,436,Sessegnon,DEF,TOT,4.4,0.0
2022-23,32,533,L Martinez,DEF,MUN,4.5,0.0
2022-23,32,157,Clyne,DEF,CRY,4.5,0.0
2022-23,32,84,Ajer,DEF,BRE,4.5,0.0
2022-23,32,445,Emerson R,DEF,TOT,4.8,0.0
2022-23,32,226,Dallas,DEF,LEE,4.9,0.0
2022-23,32,520,Koulibaly,DEF,CHE,5.5,0.0
2022-23,32,736,Offiah,DEF,BHA,4.0,0.0
2022-23,32,674,Bennett,DEF,MUN,4.0,0.0
2022-23,32,673,Humphreys,DEF,CHE,4.5,0.0
2022-23,32,343,B Williams,DEF,MUN,3.8,0.0
2022-23,32,544,van Hecke,DEF,BHA,4.0,0.0
2022-23,32,127,Azpilicueta,DEF,CHE,4.7,0.0
2022-23,32,283,Salah,MID,LIV,12.8,6.69197379
2022-23,32,13,Saka,MID,ARS,8.6,5.365107471
2022-23,32,7,Odegaard,MID,ARS,6.7,5.42995411
2022-23,32,19,Martinelli,MID,ARS,6.9,4.980681505
2022-23,32,261,Maddison,MID,LEI,8.1,4.441569338
2022-23,32,680,Gakpo,MID,LIV,7.6,2.832182566
2022-23,32,346,A Pereira,MID,FUL,4.3,4.184613351
2022-23,32,465,Bowen,MID,WHU,8.0,4.674507226
2022-23,32,169,Eze,MID,CRY,5.5,4.086182773
2022-23,32,171,Olise,MID,CRY,5.5,3.955256998
2022-23,32,614,Willian,MID,FUL,5.5,3.720995452
2022-23,32,42,Buendia,MID,AVL,5.7,3.460773684
2022-23,32,3,Xhaka,MID,ARS,4.9,3.374022064
2022-23,32,428,Son,MID,TOT,11.6,3.469831362
2022-23,32,159,J Ayew,MID,CRY,5.2,3.47425973
2022-23,32,464,Benrahma,MID,WHU,5.5,3.389732547
2022-23,32,369,Almiron,MID,NEW,5.4,3.07048389
2022-23,32,70,Billing,MID,BOU,5.2,3.561448631
2022-23,32,161,Schlupp,MID,CRY,4.7,3.386512496
2022-23,32,6,Partey,MID,ARS,4.7,3.627477892
2022-23,32,111,Trossard,MID,ARS,6.7,3.504227968
2022-23,32,603,Paqueta,MID,WHU,5.9,3.258382581
2022-23,32,374,Guimaraes,MID,NEW,5.5,3.201521455
2022-23,32,535,Tavernier,MID,BOU,4.7,3.027725519
2022-23,32,371,Joelinton,MID,NEW,5.9,3.547568529
2022-23,32,373,Willock,MID,NEW,4.7,3.457373708
2022-23,32,186,Iwobi,MID,EVE,5.0,3.093356033
2022-23,32,47,J Ramsey,MID,AVL,5.2,2.999840131
2022-23,32,220,Palhinha,MID,FUL,4.9,3.214050588
2022-23,32,88,Jensen,MID,BRE,4.8,3.229741133
2022-23,32,233,Harrison,MID,LEE,5.7,2.828755708
2022-23,32,225,Rodrigo,MID,LEE,6.3,3.252035086
2022-23,32,37,McGinn,MID,AVL,5.1,2.895467139
2022-23,32,508,Sinisterra,MID,LEE,6.5,2.458273491
2022-23,32,534,McNeil,MID,EVE,5.1,2.711090991
2022-23,32,705,Ouattara,MID,BOU,5.0,3.404784729
2022-23,32,259,Tielemans,MID,LEI,6.1,3.203287522
2022-23,32,266,Dewsbury-Hall,MID,LEI,4.9,3.131043327
2022-23,32,275,J Henderson,MID,LIV,5.3,2.774731751
2022-23,32,79,Norgaard,MID,BRE,5.3,2.878126226
2022-23,32,467,Rice,MID,WHU,4.7,2.982135222
2022-23,32,205,Reid,MID,FUL,5.4,3.570125721
2022-23,32,468,Soucek,MID,WHU,5.0,2.937579198
2022-23,32,480,Neves,MID,WOL,5.2,2.672225702
2022-23,32,64,Lerma,MID,BOU,4.7,3.030785756
2022-23,32,245,Roca,MID,LEE,4.8,2.898146655
2022-23,32,407,Ward-Prowse,MID,SOU,6.3,2.944561076
2022-23,32,282,Fabinho,MID,LIV,5.2,2.828733593
2022-23,32,493,Gibbs-White,MID,NFO,5.5,2.636431441
2022-23,32,446,Kulusevski,MID,TOT,7.8,2.989724468
2022-23,32,514,C Doucoure,MID,CRY,5.0,2.449554238
2022-23,32,720,McKennie,MID,LEE,4.7,2.47920647
2022-23,32,46,Douglas Luiz,MID,AVL,4.8,2.629528131
2022-23,32,433,Hojbjerg,MID,TOT,5.4,2.714307092
2022-23,32,277,Thiago,MID,LIV,5.1,2.940943193
2022-23,32,211,Reed,MID,FUL,4.3,2.623337335
2022-23,32,704,Sarabia,MID,WOL,5.2,3.286985773
2022-23,32,611,Gueye,MID,EVE,4.8,2.593642244
2022-23,32,370,S Longstaff,MID,NEW,4.3,2.458049177
2022-23,32,589,Nunes,MID,WOL,4.8,2.366661822
2022-23,32,189,D Gray,MID,EVE,5.2,1.508819245
2022-23,32,212,H Wilson,MID,FUL,5.7,1.695890742
2022-23,32,577,Onana,MID,EVE,4.8,2.323602093
2022-23,32,265,Ndidi,MID,LEI,4.8,2.557199147
2022-23,32,195,A Gordon,MID,NEW,5.1,2.193618571
2022-23,32,562,Solomon,MID,FUL,4.9,2.192185775
2022-23,32,698,Lemina,MID,WOL,4.5,2.025042742
2022-23,32,688,Schade,MID,BRE,4.9,1.820129624
2022-23,32,89,Wissa,MID,BRE,5.3,2.509362906
2022-23,32,570,Garner,MID,EVE,4.5,1.896699089
2022-23,32,731,Sulemana,MID,SOU,5.0,2.107580107
2022-23,32,582,Freuler,MID,NFO,4.9,2.106117852
2022-23,32,246,Aaronson,MID,LEE,5.3,1.875078413
2022-23,32,481,Hwang,MID,WOL,5.7,1.315892302
2022-23,32,293,Diaz,MID,LIV,7.8,3.442733246
2022-23,32,715,M Tete,MID,LEI,5.2,1.039656637
2022-23,32,321,Lavia,MID,SOU,4.5,1.929743216
2022-23,32,693,Alcaraz,MID,SOU,5.0,2.057136655
2022-23,32,486,P Neto,MID,WOL,4.9,2.598499918
2022-23,32,83,Dasilva,MID,BRE,4.1,2.200074956
2022-23,32,483,Podence,MID,WOL,5.2,1.581862131
2022-23,32,86,Janelt,MID,BRE,5.5,2.320421382
2022-23,32,441,Skipp,MID,TOT,4.3,1.82081636
2022-23,32,406,Elyounoussi,MID,SOU,5.1,1.607466731
2022-23,32,291,C Jones,MID,LIV,4.9,1.705384795
2022-23,32,294,Elliott,MID,LIV,4.8,2.146869358
2022-23,32,69,Christie,MID,BOU,5.3,0.879361536
2022-23,32,491,A Traore,MID,WOL,5.4,1.556098975
2022-23,32,479,Dendoncker,MID,AVL,4.7,1.388737816
2022-23,32,190,T Davies,MID,EVE,4.9,1.655249314
2022-23,32,505,Rothwell,MID,BOU,4.9,0.626277974
2022-23,32,549,Praet,MID,LEI,4.8,1.639698595
2022-23,32,400,Walcott,MID,SOU,4.8,0.225385649
2022-23,32,405,S Armstrong,MID,SOU,4.7,1.068312296
2022-23,32,503,Moutinho,MID,WOL,4.6,1.878441684
2022-23,32,734,A Ayew,MID,NFO,5.0,1.407283903
2022-23,32,75,Anthony,MID,BOU,5.2,1.248249053
2022-23,32,130,Jorginho,MID,ARS,5.7,1.2022624
2022-23,32,365,Murphy,MID,NEW,4.1,1.141459913
2022-23,32,53,Kamara,MID,AVL,4.8,2.592401554
2022-23,32,536,Mangala,MID,NFO,4.9,0.890318006
2022-23,32,580,Damsgaard,MID,BRE,5.0,0.72860616
2022-23,32,18,Lokonga,MID,CRY,4.3,1.967641995
2022-23,32,29,Coutinho,MID,AVL,6.6,1.989003642
2022-23,32,703,Danilo,MID,NFO,4.5,0.946650508
2022-23,32,349,J Shelvey,MID,NFO,4.8,0.590095266
2022-23,32,469,Fornals,MID,WHU,4.9,0.904286884
2022-23,32,200,Cairney,MID,FUL,4.7,1.398047902
2022-23,32,34,Bertrand Traore,MID,AVL,4.9,0.075956636
2022-23,32,512,Aribo,MID,SOU,5.0,1.899209579
2022-23,32,713,Danjuma,MID,TOT,6.1,1.102615593
2022-23,32,450,P Sarr,MID,TOT,4.2,1.079206924
2022-23,32,163,W Hughes,MID,CRY,4.8,1.133266914
2022-23,32,240,Summerville,MID,LEE,4.2,0.816944006
2022-23,32,387,Yates,MID,NFO,5.0,1.701007106
2022-23,32,264,Barnes,MID,LEI,6.7,1.106742901
2022-23,32,12,Smith Rowe,MID,ARS,5.6,1.59921796
2022-23,32,416,I Diallo,MID,SOU,4.2,1.126343232
2022-23,32,158,Milivojevic,MID,CRY,4.2,0.23184757
2022-23,32,93,Onyeka,MID,BRE,4.8,0.604466332
2022-23,32,681,Scarpa,MID,NFO,4.7,1.55399265
2022-23,32,721,J Gomes,MID,WOL,4.5,0.213708091
2022-23,32,94,Baptiste,MID,BRE,4.5,0.884134175
2022-23,32,25,Vieira,MID,ARS,5.6,0.689438743
2022-23,32,252,N Mendy,MID,LEI,4.3,0.486718722
2022-23,32,224,Forshaw,MID,LEE,4.4,0.849006738
2022-23,32,67,L Cook,MID,BOU,4.9,0.0
2022-23,32,527,Lingard,MID,NFO,5.4,0.911800968
2022-23,32,269,Soumare,MID,LEI,4.4,0.339327691
2022-23,32,154,McArthur,MID,CRY,4.8,0.0
2022-23,32,359,R Fraser,MID,NEW,5.2,0.958812021
2022-23,32,726,Lukic,MID,FUL,4.5,0.616893116
2022-23,32,583,Kouyate,MID,NFO,4.4,0.969315404
2022-23,32,624,Edozie,MID,SOU,4.6,1.183612008
2022-23,32,509,Downes,MID,WHU,4.2,0.52057445
2022-23,32,575,Cornet,MID,WHU,5.9,0.176235214
2022-23,32,274,Milner,MID,LIV,4.4,0.419839565
2022-23,32,552,Anderson,MID,NEW,4.3,0.080991523
2022-23,32,381,Colback,MID,NFO,4.1,0.324935347
2022-23,32,418,Djenepo,MID,SOU,5.0,0.145075793
2022-23,32,87,Ghoddos,MID,BRE,4.8,0.474839694
2022-23,32,725,Ahamada,MID,CRY,4.5,0.078546062
2022-23,32,692,Orsic,MID,SOU,5.1,0.0
2022-23,32,23,Nelson,MID,ARS,4.7,0.004287641
2022-23,32,60,Brooks,MID,BOU,5.3,0.0
2022-23,32,460,Lanzini,MID,WHU,5.0,0.079625526
2022-23,32,444,Bissouma,MID,TOT,4.7,0.0
2022-23,32,296,Carvalho,MID,LIV,5.1,0.189876089
2022-23,32,278,Chamberlain,MID,LIV,4.9,0.205034163
2022-23,32,204,Kebano,MID,FUL,5.4,0.0
2022-23,32,58,Stanislas,MID,BOU,4.8,0.296764872
2022-23,32,164,Riedewald,MID,CRY,4.2,0.148392205
2022-23,32,560,Mills,MID,EVE,4.3,0.003545774
2022-23,32,672,K Young,MID,AVL,4.5,0.003580846
2022-23,32,179,Townsend,MID,EVE,5.4,0.163009959
2022-23,32,629,Boubacar Traore,MID,WOL,4.3,0.0
2022-23,32,654,Wells-Morrison,MID,CRY,4.5,0.003307631
2022-23,32,676,Ozoh,MID,CRY,4.5,0.003281483
2022-23,32,620,Arthur,MID,LIV,4.8,0.081909142
2022-23,32,667,Sekularac,MID,FUL,4.5,0.078273116
2022-23,32,247,Gyabi,MID,LEE,4.2,0.073684239
2022-23,32,566,Hodge,MID,WOL,4.3,0.072403905
2022-23,32,665,Doak,MID,LIV,4.5,0.040488047
2022-23,32,565,A Gray,MID,LEE,4.5,0.020612069
2022-23,32,546,Harris,MID,FUL,4.3,0.004487327
2022-23,32,632,Trevitt,MID,BRE,4.4,0.003934829
2022-23,32,668,Cozier-Duberry,MID,ARS,4.5,0.003876874
2022-23,32,584,B Clark,MID,LIV,4.5,0.00384143
2022-23,32,630,Nwaneri,MID,ARS,4.5,0.003840788
2022-23,32,641,Godo,MID,FUL,4.5,0.003783855
2022-23,32,650,Yarmolyuk,MID,BRE,4.5,0.00359962
2022-23,32,452,Devine,MID,TOT,4.3,0.003591162
2022-23,32,449,H White,MID,TOT,4.4,0.003580276
2022-23,32,741,Miley,MID,NEW,4.5,0.003573745
2022-23,32,696,Dacosta,MID,BOU,4.4,0.003539547
2022-23,32,601,Rodney,MID,CRY,4.5,0.003507551
2022-23,32,735,Marcal,MID,LEI,4.5,0.00336923
2022-23,32,553,Hammond,MID,NFO,4.3,0.003355803
2022-23,32,658,Griffiths,MID,WOL,4.4,0.003348856
2022-23,32,607,M Smith,MID,ARS,4.4,0.00333264
2022-23,32,678,Price,MID,EVE,4.5,0.003278557
2022-23,32,647,Payne,MID,SOU,4.5,0.00309678
2022-23,32,648,Finnigan,MID,SOU,4.5,0.003078559
2022-23,32,301,De Bruyne,MID,MCI,12.1,0.0
2022-23,32,116,Mac Allister,MID,BHA,5.5,0.0
2022-23,32,107,March,MID,BHA,5.2,0.0
2022-23,32,333,Fernandes,MID,MUN,9.5,0.0
2022-23,32,335,Rashford,MID,MUN,7.1,0.0
2022-23,32,104,Gross,MID,BHA,5.4,0.0
2022-23,32,124,Mitoma,MID,BHA,5.7,0.0
2022-23,32,300,Gundogan,MID,MCI,7.3,0.0
2022-23,32,303,Mahrez,MID,MCI,7.3,0.0
2022-23,32,593,Casemiro,MID,MUN,4.9,0.0
2022-23,32,314,Foden,MID,MCI,8.0,0.0
2022-23,32,305,Grealish,MID,MCI,7.2,0.0
2022-23,32,315,Rodri,MID,MCI,5.6,0.0
2022-23,32,311,B Silva,MID,MCI,6.7,0.0
2022-23,32,120,Caicedo,MID,BHA,5.0,0.0
2022-23,32,609,Antony,MID,MUN,7.3,0.0
2022-23,32,160,Zaha,MID,CRY,7.2,0.0
2022-23,32,724,E Fernandez,MID,CHE,5.0,0.0
2022-23,32,132,Kovacic,MID,CHE,4.9,0.0
2022-23,32,368,Saint-Maximin,MID,NEW,6.1,0.0
2022-23,32,142,Mount,MID,CHE,7.2,0.0
2022-23,32,185,A Doucoure,MID,EVE,5.3,0.0
2022-23,32,331,Fred,MID,MUN,5.1,0.0
2022-23,32,304,Sterling,MID,CHE,9.7,0.0
2022-23,32,148,Gallagher,MID,CHE,5.6,0.0
2022-23,32,134,Kante,MID,CHE,4.8,0.0
2022-23,32,728,Sabitzer,MID,MUN,4.7,0.0
2022-23,32,340,Sancho,MID,MUN,7.1,0.0
2022-23,32,21,Maitland-Niles,MID,SOU,4.8,0.0
2022-23,32,699,Mudryk,MID,CHE,6.5,0.0
2022-23,32,569,Garnacho,MID,MUN,4.2,0.0
2022-23,32,564,Bajcetic,MID,LIV,4.4,0.0
2022-23,32,338,McTominay,MID,MUN,4.9,0.0
2022-23,32,149,Gilmour,MID,BHA,4.2,0.0
2022-23,32,287,Keita,MID,LIV,4.7,0.0
2022-23,32,140,Pulisic,MID,CHE,5.6,0.0
2022-23,32,4,Elneny,MID,ARS,4.1,0.0
2022-23,32,45,Bailey,MID,AVL,4.4,0.0
2022-23,32,117,Moder,MID,BHA,4.4,0.0
2022-23,32,723,H Traore,MID,BOU,4.5,0.0
2022-23,32,719,Ayari,MID,BHA,4.5,0.0
2022-23,32,639,Braybrooke,MID,LEI,4.5,0.0
2022-23,32,101,Lallana,MID,BHA,4.8,0.0
2022-23,32,506,T Adams,MID,LEE,4.9,0.0
2022-23,32,490,Chiquinho,MID,WOL,5.0,0.0
2022-23,32,515,Lewis-Potter,MID,BRE,5.2,0.0
2022-23,32,440,Bentancur,MID,TOT,5.3,0.0
2022-23,32,519,Eriksen,MID,MUN,6.2,0.0
2022-23,32,316,Palmer,MID,MCI,4.2,0.0
2022-23,32,600,Knight,MID,MCI,4.5,0.0
2022-23,32,551,Iqbal,MID,MUN,4.2,0.0
2022-23,32,712,Perrone,MID,MCI,4.4,0.0
2022-23,32,651,Moran,MID,BHA,4.5,0.0
2022-23,32,677,Hinshelwood,MID,BHA,4.5,0.0
2022-23,32,661,Hall,MID,CHE,4.3,0.0
2022-23,32,708,Madueke,MID,CHE,5.5,0.0
2022-23,32,616,Zakaria,MID,CHE,4.9,0.0
2022-23,32,679,Buonanotte,MID,BHA,4.5,0.0
2022-23,32,135,Ziyech,MID,CHE,5.5,0.0
2022-23,32,119,Sarmiento,MID,BHA,4.5,0.0
2022-23,32,136,Loftus-Cheek,MID,CHE,5.0,0.0
2022-23,32,344,Elanga,MID,MUN,4.6,0.0
2022-23,32,643,Mainoo,MID,MUN,4.5,0.0
2022-23,32,347,Pellistri,MID,MUN,4.3,0.0
2022-23,32,325,Kalvin Phillips,MID,MCI,4.8,0.0
2022-23,32,431,Lucas Moura,MID,TOT,5.8,0.0
2022-23,32,231,D James,MID,FUL,5.9,0.0
2022-23,32,28,Jesus,FWD,ARS,8.2,6.18510578
2022-23,32,66,Solanke,FWD,BOU,5.5,4.163401653
2022-23,32,80,Toney,FWD,BRE,7.7,4.447036824
2022-23,32,427,Kane,FWD,TOT,11.7,3.926807647
2022-23,32,40,Watkins,FWD,AVL,7.7,3.646179498
2022-23,32,618,Vinicius,FWD,FUL,5.4,4.611035036
2022-23,32,297,Nunez,FWD,LIV,8.7,3.793346088
2022-23,32,594,Isak,FWD,NEW,6.7,3.634470582
2022-23,32,356,C Wilson,FWD,NEW,6.9,3.500733343
2022-23,32,95,Mbeumo,FWD,BRE,5.8,3.301375316
2022-23,32,288,Jota,FWD,LIV,8.7,2.798771389
2022-23,32,166,Edouard,FWD,CRY,5.0,2.861451561
2022-23,32,255,Vardy,FWD,LEI,9.1,2.993226853
2022-23,32,262,Iheanacho,FWD,LEI,5.9,2.835677072
2022-23,32,394,Brennan Johnson,FWD,NFO,5.7,2.508416507
2022-23,32,682,Cunha,FWD,WOL,5.3,2.453605145
2022-23,32,30,Ings,FWD,WHU,6.4,1.772050483
2022-23,32,227,Bamford,FWD,LEE,7.1,2.249015684
2022-23,32,458,Antonio,FWD,WHU,7.0,2.829731324
2022-23,32,397,Awoniyi,FWD,NFO,5.6,2.279167484
2022-23,32,168,Mateta,FWD,CRY,5.1,2.413582316
2022-23,32,619,Gnonto,FWD,LEE,4.8,2.232094964
2022-23,32,454,Richarlison,FWD,TOT,8.4,1.684933973
2022-23,32,110,Maupay,FWD,EVE,5.7,2.211326465
2022-23,32,191,Calvert-Lewin,FWD,EVE,7.9,2.141375773
2022-23,32,625,Costa,FWD,WOL,5.3,0.772070194
2022-23,32,271,Daka,FWD,LEI,5.6,1.251921121
2022-23,32,714,Semenyo,FWD,BOU,5.0,1.842412047
2022-23,32,279,Firmino,FWD,LIV,8.0,0.895241949
2022-23,32,585,E Dennis,FWD,NFO,5.6,0.51666467
2022-23,32,700,Rutter,FWD,LEE,5.1,0.923957372
2022-23,32,732,Onuachu,FWD,SOU,5.5,0.724642685
2022-23,32,528,Mara,FWD,SOU,5.3,0.14685909
2022-23,32,476,Jimenez,FWD,WOL,6.6,1.326669522
2022-23,32,711,Duran,FWD,AVL,5.5,0.641677732
2022-23,32,11,Nketiah,FWD,ARS,6.4,1.562410729
2022-23,32,408,A Armstrong,FWD,SOU,5.3,0.325081303
2022-23,32,237,S Greenwood,FWD,LEE,4.0,0.908992361
2022-23,32,686,Simms,FWD,EVE,4.5,0.217990919
2022-23,32,62,Kieffer Moore,FWD,BOU,4.9,0.653331234
2022-23,32,529,Scamacca,FWD,WHU,6.6,0.676405826
2022-23,32,391,Surridge,FWD,NFO,4.6,0.444570149
2022-23,32,591,Ablade,FWD,FUL,4.5,0.003812519
2022-23,32,659,Mateo,FWD,LEE,4.5,0.076170945
2022-23,32,706,Pollock,FWD,BOU,4.5,0.003719136
2022-23,32,697,Sadi,FWD,BOU,4.5,0.003706193
2022-23,32,695,Adu-Adjei,FWD,BOU,4.5,0.00368137
2022-23,32,663,Perkins,FWD,LEE,4.5,0.003398266
2022-23,32,669,Mubama,FWD,WHU,4.5,0.003370509
2022-23,32,447,Scarlett,FWD,TOT,4.5,0.003306179
2022-23,32,671,Morgan,FWD,SOU,4.5,0.003300314
2022-23,32,666,D Taylor,FWD,NFO,4.5,0.003149887
2022-23,32,657,N Fraser,FWD,WOL,4.5,0.003127775
2022-23,32,318,Haaland,FWD,MCI,12.2,0.0
2022-23,32,103,Welbeck,FWD,BHA,6.5,0.0
2022-23,32,145,Havertz,FWD,CHE,7.4,0.0
2022-23,32,345,Martial,FWD,MUN,6.3,0.0
2022-23,32,701,Weghorst,FWD,MUN,5.5,0.0
2022-23,32,596,E Ferguson,FWD,BHA,4.6,0.0
2022-23,32,210,Mitrovic,FWD,FUL,6.6,0.0
2022-23,32,690,Felix,FWD,CHE,7.4,0.0
2022-23,32,411,C Adams,FWD,SOU,6.0,0.0
2022-23,32,319,Alvarez,FWD,MCI,6.0,0.0
2022-23,32,125,Enciso,FWD,BHA,4.6,0.0
2022-23,32,150,Broja,FWD,CHE,5.2,0.0
2022-23,32,354,Wood,FWD,NFO,5.6,0.0
2022-23,32,617,Aubameyang,FWD,CHE,8.4,0.0
2022-23,32,684,D Fofana,FWD,CHE,5.0,0.0
2022-23,32,123,Undav,FWD,BHA,5.0,0.0
2022-23,33,307,Ederson,GK,MCI,5.4,3.821151352
2022-23,33,281,Alisson,GK,LIV,5.4,4.224399736
2022-23,33,102,Steele,GK,BHA,3.9,3.261904523
2022-23,33,327,de Gea,GK,MUN,5.0,2.901033892
2022-23,33,376,Pope,GK,NEW,5.4,4.09711469
2022-23,33,133,Kepa,GK,CHE,4.7,3.841643248
2022-23,33,455,Fabianski,GK,WHU,4.9,2.633616717
2022-23,33,2,Leno,GK,FUL,4.6,3.329129527
2022-23,33,548,Iversen,GK,LEI,3.8,0.139595301
2022-23,33,15,Ramsdale,GK,ARS,4.9,2.225381647
2022-23,33,175,Johnstone,GK,CRY,4.4,2.671218387
2022-23,33,478,Sa,GK,WOL,5.0,4.072184964
2022-23,33,81,Raya,GK,BRE,4.9,3.469203674
2022-23,33,182,Pickford,GK,EVE,4.4,3.522073319
2022-23,33,31,E Martinez,GK,AVL,5.0,3.818415019
2022-23,33,574,N Neto,GK,BOU,4.5,3.59533539
2022-23,33,422,Bazunu,GK,SOU,4.5,3.6133879
2022-23,33,425,Lloris,GK,TOT,5.4,2.772206314
2022-23,33,238,Meslier,GK,LEE,4.5,3.599104371
2022-23,33,729,Navas,GK,NFO,4.5,2.717226036
2022-23,33,113,R Sanchez,GK,BHA,4.5,1.077584281
2022-23,33,426,Forster,GK,TOT,3.9,0.672137395
2022-23,33,147,E Mendy,GK,CHE,4.8,0.20963748
2022-23,33,35,Olsen,GK,AVL,3.9,0.304199213
2022-23,33,578,Robles,GK,LEE,4.0,0.006175511
2022-23,33,324,Ortega,GK,MCI,3.8,0.076590249
2022-23,33,517,Strakosha,GK,BRE,4.3,0.0
2022-23,33,162,Butland,GK,MUN,4.4,0.052709169
2022-23,33,152,Guaita,GK,CRY,4.4,1.47861522
2022-23,33,473,Areola,GK,WHU,4.3,0.049709919
2022-23,33,213,Rodak,GK,FUL,4.3,0.053938782
2022-23,33,518,Hennessey,GK,NFO,3.9,0.005894447
2022-23,33,355,Dubravka,GK,NEW,4.1,0.105681281
2022-23,33,401,McCarthy,GK,SOU,4.3,0.071104649
2022-23,33,24,Turner,GK,ARS,3.8,0.042257725
2022-23,33,289,Kelleher,GK,LIV,4.0,0.098085679
2022-23,33,176,Begovic,GK,EVE,3.9,0.063094894
2022-23,33,72,Travers,GK,BOU,4.2,0.075075857
2022-23,33,717,Bentley,GK,WOL,4.0,0.0035651
2022-23,33,707,Sinisalo,GK,AVL,4.0,0.000702929
2022-23,33,424,Caballero,GK,SOU,3.9,0.000647374
2022-23,33,497,Adrian,GK,LIV,3.8,0.007593523
2022-23,33,502,Carson,GK,MCI,3.8,0.007592961
2022-23,33,670,Marschall,GK,AVL,4.0,0.014029556
2022-23,33,635,Bettinelli,GK,CHE,4.0,0.007383798
2022-23,33,451,Austin,GK,TOT,3.9,0.006418395
2022-23,33,581,Smithies,GK,LEI,3.9,0.005873642
2022-23,33,649,Plain,GK,BOU,4.0,0.006128016
2022-23,33,571,Randolph,GK,BOU,4.0,0.005778988
2022-23,33,656,Bishop,GK,MUN,4.0,0.0047434
2022-23,33,348,Heaton,GK,MUN,3.8,0.004665973
2022-23,33,590,Whitworth,GK,CRY,4.0,0.004202044
2022-23,33,592,H Davies,GK,LIV,4.0,0.003939371
2022-23,33,655,Hein,GK,ARS,3.9,0.002917723
2022-23,33,745,Zych,GK,AVL,4.0,0.003547674
2022-23,33,739,Anang,GK,WHU,4.0,0.003073927
2022-23,33,740,Hegyi,GK,WHU,3.9,0.003071838
2022-23,33,644,Goodman,GK,CRY,4.0,0.037735187
2022-23,33,633,Cox,GK,BRE,3.9,0.050431927
2022-23,33,236,Klaesson,GK,LEE,3.8,0.062043879
2022-23,33,398,D Henderson,GK,NFO,4.6,0.108452622
2022-23,33,254,D Ward,GK,LEI,3.9,3.659297272
2022-23,33,285,Trent,DEF,LIV,7.4,4.578924676
2022-23,33,586,Estupinan,DEF,BHA,4.8,3.99916175
2022-23,33,106,Dunk,DEF,BHA,4.7,3.926001748
2022-23,33,284,Robertson,DEF,LIV,6.8,3.989231523
2022-23,33,357,Trippier,DEF,NEW,6.2,4.248123074
2022-23,33,280,van Dijk,DEF,LIV,6.6,3.9408512
2022-23,33,312,Dias,DEF,MCI,6.0,3.535064224
2022-23,33,302,Stones,DEF,MCI,5.5,3.768020265
2022-23,33,332,Shaw,DEF,MUN,5.1,2.866411824
2022-23,33,559,Colwill,DEF,BHA,4.4,0.924939568
2022-23,33,377,Botman,DEF,NEW,4.5,3.777586736
2022-23,33,290,Konate,DEF,LIV,4.8,1.132821406
2022-23,33,358,Burn,DEF,NEW,4.5,3.557158442
2022-23,33,366,Schar,DEF,NEW,5.1,3.005386611
2022-23,33,610,Akanji,DEF,MCI,5.0,3.041974862
2022-23,33,146,R James,DEF,CHE,5.8,3.788111199
2022-23,33,109,Veltman,DEF,BHA,4.6,3.401804757
2022-23,33,342,Dalot,DEF,MUN,4.7,2.447826671
2022-23,33,139,Chilwell,DEF,CHE,5.9,2.961001644
2022-23,33,309,Laporte,DEF,MCI,5.6,2.881582663
2022-23,33,330,Maguire,DEF,MUN,4.7,2.040597557
2022-23,33,337,Lindelof,DEF,MUN,4.1,0.613344816
2022-23,33,128,T Silva,DEF,CHE,5.4,3.261405082
2022-23,33,313,Zinchenko,DEF,ARS,5.2,2.378540652
2022-23,33,16,Gabriel,DEF,ARS,5.3,2.259272416
2022-23,33,308,Ake,DEF,MCI,5.1,1.148491454
2022-23,33,272,W Fofana,DEF,CHE,4.3,2.994005541
2022-23,33,10,B White,DEF,ARS,4.9,2.15053841
2022-23,33,73,Kelly,DEF,BOU,4.3,0.0
2022-23,33,733,Porro,DEF,TOT,4.8,3.432793719
2022-23,33,165,Andersen,DEF,CRY,4.5,3.630741341
2022-23,33,180,Keane,DEF,EVE,4.2,0.040485366
2022-23,33,299,Walker,DEF,MCI,4.7,1.969694447
2022-23,33,472,Aguerd,DEF,WHU,4.8,2.809295143
2022-23,33,457,Cresswell,DEF,WHU,4.7,0.45913315
2022-23,33,167,Guehi,DEF,CRY,4.4,3.469785208
2022-23,33,170,Mitchell,DEF,CRY,4.4,3.267745012
2022-23,33,461,Zouma,DEF,WHU,4.4,2.271941351
2022-23,33,209,Adarabioyo,DEF,FUL,4.4,0.533674094
2022-23,33,448,Perisic,DEF,TOT,5.3,3.726112724
2022-23,33,430,Dier,DEF,TOT,5.1,3.250667978
2022-23,33,44,Konsa,DEF,AVL,4.4,2.82518902
2022-23,33,39,Mings,DEF,AVL,4.6,2.743147051
2022-23,33,507,Niakhate,DEF,NFO,4.3,0.445976109
2022-23,33,459,Dawson,DEF,WOL,4.8,3.734224124
2022-23,33,341,Wan-Bissaka,DEF,MUN,4.3,1.607454534
2022-23,33,258,Castagne,DEF,LEI,4.3,3.02803124
2022-23,33,694,Moreno,DEF,AVL,4.5,3.023425086
2022-23,33,92,Pinnock,DEF,BRE,4.4,2.941752393
2022-23,33,489,Toti,DEF,WOL,3.8,0.175540173
2022-23,33,156,J Ward,DEF,CRY,4.4,2.88219958
2022-23,33,108,Webster,DEF,BHA,4.5,3.492627547
2022-23,33,484,Kilman,DEF,WOL,4.3,3.832211375
2022-23,33,526,Mee,DEF,BRE,5.1,2.673152391
2022-23,33,432,Ben T Davies,DEF,TOT,4.7,1.499584007
2022-23,33,85,Henry,DEF,BRE,4.6,2.842160047
2022-23,33,201,Ream,DEF,FUL,4.6,2.368641956
2022-23,33,217,A Robinson,DEF,FUL,4.4,2.374935457
2022-23,33,538,A Young,DEF,AVL,4.3,0.777096033
2022-23,33,417,Perraud,DEF,SOU,4.1,2.439691233
2022-23,33,197,N Patterson,DEF,EVE,3.9,0.003717368
2022-23,33,463,Coufal,DEF,WHU,4.0,2.125977058
2022-23,33,409,Walker-Peters,DEF,SOU,4.4,2.776469626
2022-23,33,573,R Lewis,DEF,MCI,3.9,0.357691162
2022-23,33,423,Bella-Kotchap,DEF,SOU,4.5,3.121588886
2022-23,33,482,Semedo,DEF,WOL,5.0,3.264294613
2022-23,33,221,Cooper,DEF,LEE,4.4,0.291698944
2022-23,33,436,Sessegnon,DEF,TOT,4.4,0.0
2022-23,33,199,Tarkowski,DEF,EVE,4.2,3.299796329
2022-23,33,215,K Tete,DEF,FUL,4.4,2.174333421
2022-23,33,57,A Smith,DEF,BOU,4.3,2.0912172
2022-23,33,612,Faes,DEF,LEI,4.2,2.587285806
2022-23,33,520,Koulibaly,DEF,CHE,5.5,0.0
2022-23,33,443,Romero,DEF,TOT,4.9,2.671447987
2022-23,33,504,Malacia,DEF,MUN,4.2,1.497963747
2022-23,33,513,Lenglet,DEF,TOT,4.8,3.04940631
2022-23,33,26,Saliba,DEF,ARS,5.0,0.0
2022-23,33,588,Kehrer,DEF,WHU,4.3,1.077885158
2022-23,33,230,Koch,DEF,LEE,4.5,2.709068136
2022-23,33,267,Soyuncu,DEF,LEI,4.2,2.068330156
2022-23,33,32,C Chambers,DEF,AVL,4.2,0.186197348
2022-23,33,602,Lodi,DEF,NFO,4.3,3.084907294
2022-23,33,410,Bednarek,DEF,SOU,4.2,2.17199167
2022-23,33,5,Holding,DEF,ARS,4.2,1.549055033
2022-23,33,718,Vina,DEF,BOU,4.5,1.267709273
2022-23,33,222,Ayling,DEF,LEE,4.5,0.546548049
2022-23,33,286,J Gomez,DEF,LIV,4.3,1.283240253
2022-23,33,292,Tsimikas,DEF,LIV,4.3,0.714776099
2022-23,33,244,Kristensen,DEF,LEE,4.7,3.124218569
2022-23,33,71,Mepham,DEF,BOU,4.3,2.011678353
2022-23,33,523,Toffolo,DEF,NFO,4.3,0.229641701
2022-23,33,276,Matip,DEF,LIV,5.9,2.07158066
2022-23,33,689,Badiashile,DEF,CHE,5.0,1.870940881
2022-23,33,257,Amartey,DEF,LEI,4.0,0.201791246
2022-23,33,360,Lascelles,DEF,NEW,4.3,0.487748407
2022-23,33,595,Zanka,DEF,BRE,3.9,0.795423077
2022-23,33,363,Manquillo,DEF,NEW,4.2,0.0
2022-23,33,90,Roerslev,DEF,BRE,4.3,0.926300738
2022-23,33,84,Ajer,DEF,BRE,4.5,0.0
2022-23,33,256,R Pereira,DEF,LEI,4.3,0.0
2022-23,33,65,Stacey,DEF,BOU,4.3,0.552385712
2022-23,33,112,Cucurella,DEF,CHE,4.9,1.351974778
2022-23,33,157,Clyne,DEF,CRY,4.5,0.0
2022-23,33,420,Salisu,DEF,SOU,4.3,0.0
2022-23,33,544,van Hecke,DEF,BHA,4.0,0.041073484
2022-23,33,477,Jonny,DEF,WOL,4.3,0.953865759
2022-23,33,510,Hickey,DEF,BRE,4.9,1.693431687
2022-23,33,1,Cedric,DEF,FUL,4.2,0.318989133
2022-23,33,730,Felipe,DEF,NFO,4.5,2.451640022
2022-23,33,576,Senesi,DEF,BOU,4.4,2.70452035
2022-23,33,613,Kurzawa,DEF,FUL,4.3,0.0
2022-23,33,623,Caleta-Car,DEF,SOU,4.4,1.266726409
2022-23,33,249,Evans,DEF,LEI,4.4,0.0
2022-23,33,445,Emerson R,DEF,TOT,4.8,0.0
2022-23,33,193,Godfrey,DEF,EVE,4.3,1.790022358
2022-23,33,587,S Gomez,DEF,MCI,4.4,0.24708544
2022-23,33,516,Collins,DEF,WOL,4.3,0.771272957
2022-23,33,192,Holgate,DEF,EVE,4.2,0.2363451
2022-23,33,439,Tanganga,DEF,TOT,3.8,0.003671521
2022-23,33,691,Wober,DEF,LEE,4.4,2.794953141
2022-23,33,709,Kristiansen,DEF,LEI,4.5,2.116186455
2022-23,33,178,Coleman,DEF,EVE,4.2,0.991531508
2022-23,33,722,Zabarnyi,DEF,BOU,4.5,0.198913181
2022-23,33,362,Dummett,DEF,NEW,3.9,0.004196957
2022-23,33,343,B Williams,DEF,MUN,3.8,0.03617264
2022-23,33,736,Offiah,DEF,BHA,4.0,0.003601065
2022-23,33,194,Mykolenko,DEF,EVE,4.1,2.846811387
2022-23,33,250,Bertrand,DEF,LEI,3.9,0.003529468
2022-23,33,33,Digne,DEF,AVL,4.6,1.351330699
2022-23,33,744,Swinkels,DEF,AVL,4.0,0.003467594
2022-23,33,435,D Sanchez,DEF,TOT,4.2,0.531348469
2022-23,33,114,Lamptey,DEF,BHA,4.2,2.087291574
2022-23,33,555,Ashby,DEF,NEW,3.8,0.003637407
2022-23,33,631,Sousa,DEF,ARS,4.0,0.003015883
2022-23,33,674,Bennett,DEF,MUN,4.0,0.003078003
2022-23,33,645,Wormleighton,DEF,LEI,4.0,0.003413865
2022-23,33,474,Boly,DEF,NFO,4.1,0.0
2022-23,33,226,Dallas,DEF,LEE,4.9,0.0
2022-23,33,664,Lembikisa,DEF,WOL,4.0,0.003646669
2022-23,33,273,Brunt,DEF,LEI,3.9,0.003279687
2022-23,33,298,Ramsay,DEF,LIV,3.9,0.0
2022-23,33,622,Larios,DEF,SOU,4.0,0.0
2022-23,33,78,Jansson,DEF,BRE,4.2,0.0
2022-23,33,14,Tomiyasu,DEF,ARS,4.2,0.0
2022-23,33,385,McKenna,DEF,NFO,4.4,0.0
2022-23,33,533,L Martinez,DEF,MUN,4.5,0.0
2022-23,33,742,Chilokoa-Mullen,DEF,LEE,4.0,0.003265468
2022-23,33,743,Monteiro,DEF,LEE,4.0,0.003397731
2022-23,33,530,C Richards,DEF,CRY,4.4,0.977149316
2022-23,33,253,Vestergaard,DEF,LEI,3.8,0.003511971
2022-23,33,540,Stevens,DEF,BRE,4.0,0.003324426
2022-23,33,598,Bevan,DEF,BOU,4.0,0.003494228
2022-23,33,386,Drager,DEF,NFO,4.0,0.003573234
2022-23,33,737,B Greenwood,DEF,BOU,4.0,0.00328573
2022-23,33,738,Kinsey-Wellings,DEF,BOU,4.0,0.003278028
2022-23,33,605,Welch,DEF,EVE,4.0,0.003336685
2022-23,33,637,John,DEF,EVE,4.0,0.003304066
2022-23,33,673,Humphreys,DEF,CHE,4.5,0.003536234
2022-23,33,636,Parkes,DEF,FUL,4.0,0.003361456
2022-23,33,746,Casey,DEF,WHU,4.0,0.002996847
2022-23,33,501,N Phillips,DEF,LIV,3.8,0.038153351
2022-23,33,270,Thomas,DEF,LEI,3.9,0.801722653
2022-23,33,628,Aurier,DEF,NFO,4.3,1.313495104
2022-23,33,350,Ritchie,DEF,NEW,4.2,0.092136012
2022-23,33,646,Crama,DEF,BRE,4.0,0.029919204
2022-23,33,372,J Lewis,DEF,NEW,4.4,0.08460453
2022-23,33,531,Vinagre,DEF,EVE,4.3,0.039811706
2022-23,33,127,Azpilicueta,DEF,CHE,4.7,0.709023373
2022-23,33,188,Mina,DEF,EVE,4.3,0.205217791
2022-23,33,545,Emerson P,DEF,WHU,4.0,1.978762823
2022-23,33,50,Carlos,DEF,AVL,4.7,1.526822509
2022-23,33,367,Targett,DEF,NEW,4.7,1.772604263
2022-23,33,295,N Williams,DEF,NFO,3.8,2.104615872
2022-23,33,153,Tomkins,DEF,CRY,3.9,0.33460004
2022-23,33,710,Kiwior,DEF,ARS,4.0,0.399566006
2022-23,33,141,T Chalobah,DEF,CHE,4.4,1.953906912
2022-23,33,105,Duffy,DEF,FUL,4.3,0.143534384
2022-23,33,558,Bueno,DEF,WOL,3.8,1.024923516
2022-23,33,727,Souttar,DEF,LEI,4.5,1.541520394
2022-23,33,388,Worrall,DEF,NFO,4.2,3.00738407
2022-23,33,239,Firpo,DEF,LEE,4.5,2.237178238
2022-23,33,470,Diop,DEF,FUL,4.3,2.22525088
2022-23,33,8,Tierney,DEF,ARS,4.6,0.884847839
2022-23,33,329,Varane,DEF,MUN,4.8,0.0
2022-23,33,456,Ogbonna,DEF,WHU,4.4,1.895370867
2022-23,33,43,Cash,DEF,AVL,4.6,3.587004614
2022-23,33,235,Struijk,DEF,LEE,4.5,2.689100181
2022-23,33,413,Lyanco,DEF,SOU,4.4,0.647391955
2022-23,33,174,N Ferguson,DEF,CRY,3.9,0.534235818
2022-23,33,716,Bree,DEF,SOU,4.5,0.826883347
2022-23,33,471,Ben Johnson,DEF,WHU,4.4,0.560491878
2022-23,33,475,Coady,DEF,EVE,4.8,3.247614419
2022-23,33,76,Zemura,DEF,BOU,4.3,2.420011863
2022-23,33,404,Stephens,DEF,BOU,4.3,0.0
2022-23,33,419,Livramento,DEF,SOU,4.4,1.099248662
2022-23,33,59,Fredericks,DEF,BOU,4.4,1.721799968
2022-23,33,487,Ait-Nouri,DEF,WOL,4.1,2.545283731
2022-23,33,283,Salah,MID,LIV,12.8,5.048113105
2022-23,33,335,Rashford,MID,MUN,7.1,4.025068791
2022-23,33,301,De Bruyne,MID,MCI,12.1,4.786575317
2022-23,33,116,Mac Allister,MID,BHA,5.5,4.651121203
2022-23,33,124,Mitoma,MID,BHA,5.7,4.313292835
2022-23,33,107,March,MID,BHA,5.2,4.423190089
2022-23,33,333,Fernandes,MID,MUN,9.5,2.3907445
2022-23,33,104,Gross,MID,BHA,5.4,4.215132242
2022-23,33,303,Mahrez,MID,MCI,7.3,3.303374773
2022-23,33,305,Grealish,MID,MCI,7.2,3.21926701
2022-23,33,314,Foden,MID,MCI,8.0,3.256942941
2022-23,33,465,Bowen,MID,WHU,8.0,3.609982896
2022-23,33,315,Rodri,MID,MCI,5.6,3.228510397
2022-23,33,300,Gundogan,MID,MCI,7.3,3.329506526
2022-23,33,13,Saka,MID,ARS,8.6,2.964991544
2022-23,33,680,Gakpo,MID,LIV,7.6,2.768396642
2022-23,33,428,Son,MID,TOT,11.6,4.11404691
2022-23,33,519,Eriksen,MID,MUN,6.2,2.97501308
2022-23,33,609,Antony,MID,MUN,7.3,2.567618821
2022-23,33,346,A Pereira,MID,FUL,4.3,3.348048712
2022-23,33,311,B Silva,MID,MCI,6.7,3.114847834
2022-23,33,7,Odegaard,MID,ARS,6.7,2.86886652
2022-23,33,593,Casemiro,MID,MUN,4.9,2.949453645
2022-23,33,371,Joelinton,MID,NEW,5.9,3.656937791
2022-23,33,120,Caicedo,MID,BHA,5.0,2.871787204
2022-23,33,19,Martinelli,MID,ARS,6.9,2.626047035
2022-23,33,374,Guimaraes,MID,NEW,5.5,3.347564682
2022-23,33,261,Maddison,MID,LEI,8.1,3.637808375
2022-23,33,42,Buendia,MID,AVL,5.7,4.330642043
2022-23,33,603,Paqueta,MID,WHU,5.9,2.64480285
2022-23,33,614,Willian,MID,FUL,5.5,3.03431802
2022-23,33,304,Sterling,MID,CHE,9.7,1.574210599
2022-23,33,464,Benrahma,MID,WHU,5.5,2.714237345
2022-23,33,373,Willock,MID,NEW,4.7,3.269121309
2022-23,33,400,Walcott,MID,SOU,4.8,0.279016901
2022-23,33,407,Ward-Prowse,MID,SOU,6.3,4.37083222
2022-23,33,171,Olise,MID,CRY,5.5,3.487796303
2022-23,33,264,Barnes,MID,LEI,6.7,3.222897142
2022-23,33,340,Sancho,MID,MUN,7.1,2.175788166
2022-23,33,369,Almiron,MID,NEW,5.4,2.997922785
2022-23,33,493,Gibbs-White,MID,NFO,5.5,3.533669123
2022-23,33,169,Eze,MID,CRY,5.5,3.577502964
2022-23,33,293,Diaz,MID,LIV,7.8,2.246344532
2022-23,33,70,Billing,MID,BOU,5.2,3.615888784
2022-23,33,724,E Fernandez,MID,CHE,5.0,3.158934609
2022-23,33,277,Thiago,MID,LIV,5.1,2.449113933
2022-23,33,468,Soucek,MID,WHU,5.0,2.444458156
2022-23,33,47,J Ramsey,MID,AVL,5.2,3.644245884
2022-23,33,370,S Longstaff,MID,NEW,4.3,2.552286651
2022-23,33,467,Rice,MID,WHU,4.7,2.561128722
2022-23,33,212,H Wilson,MID,FUL,5.7,1.911192198
2022-23,33,37,McGinn,MID,AVL,5.1,3.414329151
2022-23,33,275,J Henderson,MID,LIV,5.3,2.361785704
2022-23,33,535,Tavernier,MID,BOU,4.7,3.138031162
2022-23,33,220,Palhinha,MID,FUL,4.9,2.473986037
2022-23,33,159,J Ayew,MID,CRY,5.2,3.100205172
2022-23,33,186,Iwobi,MID,EVE,5.0,3.128273218
2022-23,33,233,Harrison,MID,LEE,5.7,3.10878456
2022-23,33,534,McNeil,MID,EVE,5.1,2.837085943
2022-23,33,160,Zaha,MID,CRY,7.2,0.0
2022-23,33,142,Mount,MID,CHE,7.2,2.652962257
2022-23,33,225,Rodrigo,MID,LEE,6.3,3.388080265
2022-23,33,88,Jensen,MID,BRE,4.8,2.665392238
2022-23,33,508,Sinisterra,MID,LEE,6.5,2.735524388
2022-23,33,433,Hojbjerg,MID,TOT,5.4,3.047245455
2022-23,33,34,Bertrand Traore,MID,AVL,4.9,0.081856426
2022-23,33,480,Neves,MID,WOL,5.2,2.743992803
2022-23,33,132,Kovacic,MID,CHE,4.9,2.890098816
2022-23,33,406,Elyounoussi,MID,SOU,5.1,2.297313961
2022-23,33,259,Tielemans,MID,LEI,6.1,2.899459218
2022-23,33,514,C Doucoure,MID,CRY,5.0,2.193493397
2022-23,33,446,Kulusevski,MID,TOT,7.8,3.523861484
2022-23,33,205,Reid,MID,FUL,5.4,2.776051867
2022-23,33,161,Schlupp,MID,CRY,4.7,3.029667222
2022-23,33,728,Sabitzer,MID,MUN,4.7,1.184216688
2022-23,33,723,H Traore,MID,BOU,4.5,0.0
2022-23,33,46,Douglas Luiz,MID,AVL,4.8,3.126913715
2022-23,33,505,Rothwell,MID,BOU,4.9,0.629583793
2022-23,33,368,Saint-Maximin,MID,NEW,6.1,1.005797632
2022-23,33,365,Murphy,MID,NEW,4.1,1.14292827
2022-23,33,69,Christie,MID,BOU,5.3,0.891345025
2022-23,33,282,Fabinho,MID,LIV,5.2,2.402490331
2022-23,33,111,Trossard,MID,ARS,6.7,2.055830718
2022-23,33,185,A Doucoure,MID,EVE,5.3,2.673266901
2022-23,33,245,Roca,MID,LEE,4.8,3.320854774
2022-23,33,211,Reed,MID,FUL,4.3,2.227359846
2022-23,33,688,Schade,MID,BRE,4.9,1.658782837
2022-23,33,6,Partey,MID,ARS,4.7,2.180183386
2022-23,33,140,Pulisic,MID,CHE,5.6,0.44416906
2022-23,33,715,M Tete,MID,LEI,5.2,0.703385394
2022-23,33,721,J Gomes,MID,WOL,4.5,0.22030247
2022-23,33,204,Kebano,MID,FUL,5.4,0.0
2022-23,33,577,Onana,MID,EVE,4.8,2.793621029
2022-23,33,67,L Cook,MID,BOU,4.9,0.0
2022-23,33,64,Lerma,MID,BOU,4.7,2.996772548
2022-23,33,444,Bissouma,MID,TOT,4.7,0.0
2022-23,33,3,Xhaka,MID,ARS,4.9,2.159863988
2022-23,33,79,Norgaard,MID,BRE,5.3,2.23873522
2022-23,33,189,D Gray,MID,EVE,5.2,1.315218467
2022-23,33,693,Alcaraz,MID,SOU,5.0,2.964624383
2022-23,33,231,D James,MID,FUL,5.9,1.253906805
2022-23,33,575,Cornet,MID,WHU,5.9,0.156527741
2022-23,33,719,Ayari,MID,BHA,4.5,0.0
2022-23,33,469,Fornals,MID,WHU,4.9,0.799898062
2022-23,33,45,Bailey,MID,AVL,4.4,0.0
2022-23,33,692,Orsic,MID,SOU,5.1,0.0
2022-23,33,720,McKennie,MID,LEE,4.7,2.683973622
2022-23,33,154,McArthur,MID,CRY,4.8,0.0
2022-23,33,240,Summerville,MID,LEE,4.2,0.927063628
2022-23,33,704,Sarabia,MID,WOL,5.2,3.300723855
2022-23,33,731,Sulemana,MID,SOU,5.0,2.797607313
2022-23,33,246,Aaronson,MID,LEE,5.3,1.695714799
2022-23,33,705,Ouattara,MID,BOU,5.0,3.537158763
2022-23,33,589,Nunes,MID,WOL,4.8,2.533592461
2022-23,33,552,Anderson,MID,NEW,4.3,0.081368195
2022-23,33,611,Gueye,MID,EVE,4.8,2.718765827
2022-23,33,712,Perrone,MID,MCI,4.4,0.003281196
2022-23,33,713,Danjuma,MID,TOT,6.1,0.698961816
2022-23,33,699,Mudryk,MID,CHE,6.5,1.619693079
2022-23,33,158,Milivojevic,MID,CRY,4.2,0.221765041
2022-23,33,679,Buonanotte,MID,BHA,4.5,0.167332654
2022-23,33,316,Palmer,MID,MCI,4.2,0.004201728
2022-23,33,347,Pellistri,MID,MUN,4.3,0.035628217
2022-23,33,89,Wissa,MID,BRE,5.3,2.138765859
2022-23,33,101,Lallana,MID,BHA,4.8,0.0
2022-23,33,134,Kante,MID,CHE,4.8,2.08315073
2022-23,33,703,Danilo,MID,NFO,4.5,1.269770384
2022-23,33,287,Keita,MID,LIV,4.7,0.0
2022-23,33,291,C Jones,MID,LIV,4.9,1.449750157
2022-23,33,294,Elliott,MID,LIV,4.8,1.795386612
2022-23,33,266,Dewsbury-Hall,MID,LEI,4.9,2.893330456
2022-23,33,460,Lanzini,MID,WHU,5.0,0.073603879
2022-23,33,23,Nelson,MID,ARS,4.7,0.003434838
2022-23,33,582,Freuler,MID,NFO,4.9,2.553772086
2022-23,33,60,Brooks,MID,BOU,5.3,0.0
2022-23,33,580,Damsgaard,MID,BRE,5.0,0.764924467
2022-23,33,75,Anthony,MID,BOU,5.2,1.284603056
2022-23,33,725,Ahamada,MID,CRY,4.5,0.074687068
2022-23,33,130,Jorginho,MID,ARS,5.7,0.821236463
2022-23,33,136,Loftus-Cheek,MID,CHE,5.0,0.568781093
2022-23,33,321,Lavia,MID,SOU,4.5,2.519364271
2022-23,33,195,A Gordon,MID,NEW,5.1,2.151627313
2022-23,33,672,K Young,MID,AVL,4.5,0.003862228
2022-23,33,651,Moran,MID,BHA,4.5,0.018281222
2022-23,33,269,Soumare,MID,LEI,4.4,0.916901192
2022-23,33,562,Solomon,MID,FUL,4.9,1.539202135
2022-23,33,117,Moder,MID,BHA,4.4,0.0
2022-23,33,629,Boubacar Traore,MID,WOL,4.3,0.0
2022-23,33,278,Chamberlain,MID,LIV,4.9,0.180501732
2022-23,33,491,A Traore,MID,WOL,5.4,1.544862291
2022-23,33,86,Janelt,MID,BRE,5.5,1.980753472
2022-23,33,483,Podence,MID,WOL,5.2,1.594532234
2022-23,33,296,Carvalho,MID,LIV,5.1,0.16739951
2022-23,33,418,Djenepo,MID,SOU,5.0,0.172368534
2022-23,33,654,Wells-Morrison,MID,CRY,4.5,0.003244898
2022-23,33,570,Garner,MID,EVE,4.5,0.661721435
2022-23,33,344,Elanga,MID,MUN,4.6,0.0390518
2022-23,33,676,Ozoh,MID,CRY,4.5,0.003197566
2022-23,33,601,Rodney,MID,CRY,4.5,0.003438738
2022-23,33,560,Mills,MID,EVE,4.3,0.003602391
2022-23,33,616,Zakaria,MID,CHE,4.9,0.176501909
2022-23,33,149,Gilmour,MID,BHA,4.2,0.708107327
2022-23,33,506,T Adams,MID,LEE,4.9,0.0
2022-23,33,620,Arthur,MID,LIV,4.8,0.075883007
2022-23,33,325,Kalvin Phillips,MID,MCI,4.8,0.452714935
2022-23,33,536,Mangala,MID,NFO,4.9,1.250675208
2022-23,33,698,Lemina,MID,WOL,4.5,1.785411215
2022-23,33,4,Elneny,MID,ARS,4.1,0.0
2022-23,33,564,Bajcetic,MID,LIV,4.4,0.0
2022-23,33,639,Braybrooke,MID,LEI,4.5,0.0
2022-23,33,490,Chiquinho,MID,WOL,5.0,0.0
2022-23,33,515,Lewis-Potter,MID,BRE,5.2,0.0
2022-23,33,440,Bentancur,MID,TOT,5.3,0.0
2022-23,33,632,Trevitt,MID,BRE,4.4,0.003634175
2022-23,33,452,Devine,MID,TOT,4.3,0.003748027
2022-23,33,449,H White,MID,TOT,4.4,0.00373321
2022-23,33,553,Hammond,MID,NFO,4.3,0.003562676
2022-23,33,696,Dacosta,MID,BOU,4.4,0.003554464
2022-23,33,668,Cozier-Duberry,MID,ARS,4.5,0.003265598
2022-23,33,650,Yarmolyuk,MID,BRE,4.5,0.003377292
2022-23,33,630,Nwaneri,MID,ARS,4.5,0.003255231
2022-23,33,546,Harris,MID,FUL,4.3,0.003982551
2022-23,33,658,Griffiths,MID,WOL,4.4,0.003392847
2022-23,33,678,Price,MID,EVE,4.5,0.003319478
2022-23,33,735,Marcal,MID,LEI,4.5,0.003296752
2022-23,33,607,M Smith,MID,ARS,4.4,0.003085391
2022-23,33,647,Payne,MID,SOU,4.5,0.003306292
2022-23,33,648,Finnigan,MID,SOU,4.5,0.003271386
2022-23,33,741,Miley,MID,NEW,4.5,0.003611294
2022-23,33,584,B Clark,MID,LIV,4.5,0.00360425
2022-23,33,641,Godo,MID,FUL,4.5,0.003549797
2022-23,33,600,Knight,MID,MCI,4.5,0.003851625
2022-23,33,551,Iqbal,MID,MUN,4.2,0.003453141
2022-23,33,252,N Mendy,MID,LEI,4.3,0.465544805
2022-23,33,135,Ziyech,MID,CHE,5.5,0.579249196
2022-23,33,565,A Gray,MID,LEE,4.5,0.021725829
2022-23,33,677,Hinshelwood,MID,BHA,4.5,0.016740438
2022-23,33,164,Riedewald,MID,CRY,4.2,0.143597274
2022-23,33,527,Lingard,MID,NFO,5.4,1.071743336
2022-23,33,274,Milner,MID,LIV,4.4,0.383208176
2022-23,33,93,Onyeka,MID,BRE,4.8,0.714170954
2022-23,33,405,S Armstrong,MID,SOU,4.7,1.413302567
2022-23,33,665,Doak,MID,LIV,4.5,0.036798681
2022-23,33,481,Hwang,MID,WOL,5.7,1.323780705
2022-23,33,643,Mainoo,MID,MUN,4.5,0.036086872
2022-23,33,479,Dendoncker,MID,AVL,4.7,1.505422229
2022-23,33,148,Gallagher,MID,CHE,5.6,1.889913682
2022-23,33,486,P Neto,MID,WOL,4.9,2.633012906
2022-23,33,83,Dasilva,MID,BRE,4.1,1.963891181
2022-23,33,441,Skipp,MID,TOT,4.3,1.912551669
2022-23,33,247,Gyabi,MID,LEE,4.2,0.076228551
2022-23,33,566,Hodge,MID,WOL,4.3,0.073633943
2022-23,33,667,Sekularac,MID,FUL,4.5,0.07360533
2022-23,33,331,Fred,MID,MUN,5.1,1.179339488
2022-23,33,416,I Diallo,MID,SOU,4.2,0.812667229
2022-23,33,509,Downes,MID,WHU,4.2,0.495959607
2022-23,33,726,Lukic,MID,FUL,4.5,0.555086221
2022-23,33,569,Garnacho,MID,MUN,4.2,0.496910606
2022-23,33,25,Vieira,MID,ARS,5.6,0.502415117
2022-23,33,179,Townsend,MID,EVE,5.4,0.166328437
2022-23,33,708,Madueke,MID,CHE,5.5,0.694242673
2022-23,33,431,Lucas Moura,MID,TOT,5.8,0.704404298
2022-23,33,734,A Ayew,MID,NFO,5.0,1.605150469
2022-23,33,119,Sarmiento,MID,BHA,4.5,0.354293024
2022-23,33,661,Hall,MID,CHE,4.3,0.296342247
2022-23,33,338,McTominay,MID,MUN,4.9,0.690230104
2022-23,33,190,T Davies,MID,EVE,4.9,0.614581683
2022-23,33,265,Ndidi,MID,LEI,4.8,2.368966238
2022-23,33,583,Kouyate,MID,NFO,4.4,0.402870552
2022-23,33,58,Stanislas,MID,BOU,4.8,0.299028624
2022-23,33,21,Maitland-Niles,MID,SOU,4.8,2.507195572
2022-23,33,381,Colback,MID,NFO,4.1,0.343617635
2022-23,33,163,W Hughes,MID,CRY,4.8,1.064850356
2022-23,33,359,R Fraser,MID,NEW,5.2,0.862693924
2022-23,33,94,Baptiste,MID,BRE,4.5,0.922047965
2022-23,33,200,Cairney,MID,FUL,4.7,1.047390705
2022-23,33,87,Ghoddos,MID,BRE,4.8,0.508963239
2022-23,33,349,J Shelvey,MID,NFO,4.8,0.639182363
2022-23,33,450,P Sarr,MID,TOT,4.2,1.141248787
2022-23,33,387,Yates,MID,NFO,5.0,2.443671363
2022-23,33,53,Kamara,MID,AVL,4.8,3.042987627
2022-23,33,549,Praet,MID,LEI,4.8,1.414024584
2022-23,33,512,Aribo,MID,SOU,5.0,2.333797031
2022-23,33,29,Coutinho,MID,AVL,6.6,2.3127134
2022-23,33,224,Forshaw,MID,LEE,4.4,0.883500356
2022-23,33,503,Moutinho,MID,WOL,4.6,2.159338419
2022-23,33,18,Lokonga,MID,CRY,4.3,1.845335286
2022-23,33,681,Scarpa,MID,NFO,4.7,0.684744166
2022-23,33,12,Smith Rowe,MID,ARS,5.6,1.197740556
2022-23,33,624,Edozie,MID,SOU,4.6,1.450669783
2022-23,33,318,Haaland,FWD,MCI,12.2,5.303906643
2022-23,33,427,Kane,FWD,TOT,11.7,4.865420779
2022-23,33,594,Isak,FWD,NEW,6.7,3.55536313
2022-23,33,297,Nunez,FWD,LIV,8.7,2.804135584
2022-23,33,40,Watkins,FWD,AVL,7.7,4.388023806
2022-23,33,28,Jesus,FWD,ARS,8.2,3.119761228
2022-23,33,345,Martial,FWD,MUN,6.3,2.284924242
2022-23,33,66,Solanke,FWD,BOU,5.5,4.289986223
2022-23,33,288,Jota,FWD,LIV,8.7,2.890014141
2022-23,33,103,Welbeck,FWD,BHA,6.5,3.004117376
2022-23,33,145,Havertz,FWD,CHE,7.4,3.395638194
2022-23,33,690,Felix,FWD,CHE,7.4,2.484933211
2022-23,33,356,C Wilson,FWD,NEW,6.9,3.310377503
2022-23,33,125,Enciso,FWD,BHA,4.6,0.576479086
2022-23,33,80,Toney,FWD,BRE,7.7,3.137823054
2022-23,33,95,Mbeumo,FWD,BRE,5.8,2.801873889
2022-23,33,319,Alvarez,FWD,MCI,6.0,0.834643995
2022-23,33,701,Weghorst,FWD,MUN,5.5,2.390177482
2022-23,33,191,Calvert-Lewin,FWD,EVE,7.9,2.571672704
2022-23,33,458,Antonio,FWD,WHU,7.0,2.366687773
2022-23,33,394,Brennan Johnson,FWD,NFO,5.7,2.91573942
2022-23,33,227,Bamford,FWD,LEE,7.1,3.210477566
2022-23,33,596,E Ferguson,FWD,BHA,4.6,2.091374241
2022-23,33,30,Ings,FWD,WHU,6.4,1.786234134
2022-23,33,682,Cunha,FWD,WOL,5.3,2.396588447
2022-23,33,625,Costa,FWD,WOL,5.3,0.756010384
2022-23,33,123,Undav,FWD,BHA,5.0,0.318457899
2022-23,33,166,Edouard,FWD,CRY,5.0,2.542058418
2022-23,33,210,Mitrovic,FWD,FUL,6.6,0.0
2022-23,33,262,Iheanacho,FWD,LEI,5.9,2.545668463
2022-23,33,255,Vardy,FWD,LEI,9.1,2.915824414
2022-23,33,397,Awoniyi,FWD,NFO,5.6,2.081897314
2022-23,33,408,A Armstrong,FWD,SOU,5.3,0.40402174
2022-23,33,271,Daka,FWD,LEI,5.6,0.996555034
2022-23,33,454,Richarlison,FWD,TOT,8.4,1.939542816
2022-23,33,617,Aubameyang,FWD,CHE,8.4,0.185412518
2022-23,33,411,C Adams,FWD,SOU,6.0,1.102865495
2022-23,33,528,Mara,FWD,SOU,5.3,0.171938092
2022-23,33,732,Onuachu,FWD,SOU,5.5,0.908899867
2022-23,33,700,Rutter,FWD,LEE,5.1,1.00254721
2022-23,33,279,Firmino,FWD,LIV,8.0,0.0
2022-23,33,686,Simms,FWD,EVE,4.5,0.221296244
2022-23,33,591,Ablade,FWD,FUL,4.5,0.00355452
2022-23,33,669,Mubama,FWD,WHU,4.5,0.003263334
2022-23,33,150,Broja,FWD,CHE,5.2,0.0
2022-23,33,354,Wood,FWD,NFO,5.6,0.0
2022-23,33,706,Pollock,FWD,BOU,4.5,0.003780196
2022-23,33,697,Sadi,FWD,BOU,4.5,0.003766017
2022-23,33,695,Adu-Adjei,FWD,BOU,4.5,0.003738823
2022-23,33,671,Morgan,FWD,SOU,4.5,0.003676755
2022-23,33,447,Scarlett,FWD,TOT,4.5,0.003401703
2022-23,33,663,Perkins,FWD,LEE,4.5,0.00349687
2022-23,33,666,D Taylor,FWD,NFO,4.5,0.003211065
2022-23,33,657,N Fraser,FWD,WOL,4.5,0.00313119
2022-23,33,619,Gnonto,FWD,LEE,4.8,2.551538914
2022-23,33,659,Mateo,FWD,LEE,4.5,0.079470281
2022-23,33,585,E Dennis,FWD,NFO,5.6,1.365171661
2022-23,33,168,Mateta,FWD,CRY,5.1,2.164285523
2022-23,33,476,Jimenez,FWD,WOL,6.6,1.306560938
2022-23,33,391,Surridge,FWD,NFO,4.6,0.242938336
2022-23,33,684,D Fofana,FWD,CHE,5.0,0.264039294
2022-23,33,711,Duran,FWD,AVL,5.5,0.710648255
2022-23,33,618,Vinicius,FWD,FUL,5.4,2.52977099
2022-23,33,714,Semenyo,FWD,BOU,5.0,1.891433536
2022-23,33,62,Kieffer Moore,FWD,BOU,4.9,0.674209003
2022-23,33,529,Scamacca,FWD,WHU,6.6,0.0
2022-23,33,237,S Greenwood,FWD,LEE,4.0,0.962174539
2022-23,33,110,Maupay,FWD,EVE,5.7,1.918492498
2022-23,33,11,Nketiah,FWD,ARS,6.4,1.16326874
2022-23,4,281,Alisson,GK,LIV,5.5,4.953012772
2022-23,4,307,Ederson,GK,MCI,5.5,4.493652209
2022-23,4,376,Pope,GK,NEW,5.0,4.241423418
2022-23,4,15,Ramsdale,GK,ARS,5.0,4.441992646
2022-23,4,147,E Mendy,GK,CHE,5.0,3.938291809
2022-23,4,81,Raya,GK,BRE,4.5,4.222014979
2022-23,4,113,R Sanchez,GK,BHA,4.5,4.168148152
2022-23,4,425,Lloris,GK,TOT,5.5,4.386775851
2022-23,4,238,Meslier,GK,LEE,4.5,3.447130737
2022-23,4,327,de Gea,GK,MUN,4.9,3.996540939
2022-23,4,478,Sa,GK,WOL,5.0,3.947751565
2022-23,4,31,E Martinez,GK,AVL,5.0,3.817789154
2022-23,4,182,Pickford,GK,EVE,4.5,3.724773481
2022-23,4,455,Fabianski,GK,WHU,5.0,3.200999341
2022-23,4,152,Guaita,GK,CRY,4.5,2.005760456
2022-23,4,398,D Henderson,GK,NFO,4.6,2.746137193
2022-23,4,2,Leno,GK,FUL,4.5,2.428431216
2022-23,4,422,Bazunu,GK,SOU,4.5,2.594141076
2022-23,4,254,D Ward,GK,LEI,4.0,2.1152805
2022-23,4,72,Travers,GK,BOU,4.5,1.447905044
2022-23,4,574,N Neto,GK,BOU,4.5,0.359540271
2022-23,4,175,Johnstone,GK,CRY,4.5,0.205234383
2022-23,4,473,Areola,GK,WHU,4.5,0.280051398
2022-23,4,213,Rodak,GK,FUL,4.5,0.286600414
2022-23,4,548,Iversen,GK,LEI,3.9,0.207554013
2022-23,4,133,Kepa,GK,CHE,4.5,0.134387256
2022-23,4,401,McCarthy,GK,SOU,4.4,0.179216609
2022-23,4,355,Dubravka,GK,NEW,4.4,0.131826513
2022-23,4,517,Strakosha,GK,BRE,4.4,0.128191458
2022-23,4,24,Turner,GK,ARS,4.0,0.111602536
2022-23,4,324,Ortega,GK,MCI,4.0,0.093290351
2022-23,4,426,Forster,GK,TOT,4.0,0.085978638
2022-23,4,102,Steele,GK,BHA,4.0,0.078436488
2022-23,4,497,Adrian,GK,LIV,4.0,0.096191527
2022-23,4,289,Kelleher,GK,LIV,4.0,0.0
2022-23,4,348,Heaton,GK,MUN,4.0,0.072127634
2022-23,4,492,Sarkic,GK,WOL,4.0,0.075793484
2022-23,4,236,Klaesson,GK,LEE,4.0,0.06189896
2022-23,4,176,Begovic,GK,EVE,4.0,0.082902933
2022-23,4,35,Olsen,GK,AVL,4.0,0.071060015
2022-23,4,518,Hennessey,GK,NFO,4.0,0.050878652
2022-23,4,502,Carson,GK,MCI,4.0,0.009226445
2022-23,4,353,Darlow,GK,NEW,4.0,0.008336894
2022-23,4,451,Austin,GK,TOT,4.0,0.008223861
2022-23,4,162,Butland,GK,CRY,4.5,0.004652344
2022-23,4,571,Randolph,GK,WHU,4.0,0.006484189
2022-23,4,578,Robles,GK,LEE,4.0,0.00607145
2022-23,4,77,W Dennis,GK,BOU,4.0,0.003833093
2022-23,4,207,Gazzaniga,GK,FUL,4.0,0.005483618
2022-23,4,421,Lis,GK,SOU,4.0,0.005880405
2022-23,4,581,Smithies,GK,LEI,4.0,0.004927799
2022-23,4,424,Caballero,GK,SOU,4.0,0.000547391
2022-23,4,592,H Davies,GK,LIV,4.0,0.004481773
2022-23,4,557,Jackson Smith,GK,WOL,4.0,0.003913603
2022-23,4,590,Whitworth,GK,CRY,4.0,0.003072632
2022-23,4,285,Trent,DEF,LIV,7.5,6.846823114
2022-23,4,306,Cancelo,DEF,MCI,7.1,5.483236697
2022-23,4,280,van Dijk,DEF,LIV,6.5,5.123998606
2022-23,4,146,R James,DEF,CHE,6.1,4.722940488
2022-23,4,284,Robertson,DEF,LIV,6.9,4.587908273
2022-23,4,299,Walker,DEF,MCI,5.1,4.043528176
2022-23,4,312,Dias,DEF,MCI,6.0,4.150037035
2022-23,4,112,Cucurella,DEF,CHE,5.1,4.147979532
2022-23,4,139,Chilwell,DEF,CHE,5.9,3.923407669
2022-23,4,286,J Gomez,DEF,LIV,4.5,4.410648649
2022-23,4,16,Gabriel,DEF,ARS,5.0,4.081181713
2022-23,4,106,Dunk,DEF,BHA,4.5,3.870751885
2022-23,4,128,T Silva,DEF,CHE,5.5,3.773415186
2022-23,4,448,Perisic,DEF,TOT,5.5,3.762007062
2022-23,4,109,Veltman,DEF,BHA,4.5,3.702567457
2022-23,4,313,Zinchenko,DEF,ARS,5.2,3.841205924
2022-23,4,357,Trippier,DEF,NEW,5.1,3.461940582
2022-23,4,78,Jansson,DEF,BRE,4.5,3.888570486
2022-23,4,108,Webster,DEF,BHA,4.5,3.622611054
2022-23,4,367,Targett,DEF,NEW,4.9,2.934430388
2022-23,4,457,Cresswell,DEF,WHU,5.0,3.16334218
2022-23,4,33,Digne,DEF,AVL,4.9,3.781964961
2022-23,4,520,Koulibaly,DEF,CHE,5.6,0.0
2022-23,4,10,B White,DEF,ARS,4.5,3.526617856
2022-23,4,127,Azpilicueta,DEF,CHE,5.0,4.045359597
2022-23,4,377,Botman,DEF,NEW,4.5,3.225832354
2022-23,4,26,Saliba,DEF,ARS,4.6,3.150742426
2022-23,4,165,Andersen,DEF,CRY,4.5,1.88713194
2022-23,4,430,Dier,DEF,TOT,5.0,3.553573827
2022-23,4,526,Mee,DEF,BRE,4.6,3.648268789
2022-23,4,43,Cash,DEF,AVL,4.9,3.519683256
2022-23,4,366,Schar,DEF,NEW,4.7,3.069170236
2022-23,4,533,L Martinez,DEF,MUN,4.4,3.268795789
2022-23,4,309,Laporte,DEF,MCI,5.9,0.420418604
2022-23,4,342,Dalot,DEF,MUN,4.4,3.006081182
2022-23,4,445,Emerson R,DEF,TOT,5.0,3.255402278
2022-23,4,329,Varane,DEF,MUN,4.8,3.141320875
2022-23,4,92,Pinnock,DEF,BRE,4.4,1.716015825
2022-23,4,432,Ben T Davies,DEF,TOT,5.0,3.59117995
2022-23,4,302,Stones,DEF,MCI,5.4,3.233771003
2022-23,4,244,Kristensen,DEF,LEE,4.9,2.568925813
2022-23,4,484,Kilman,DEF,WOL,4.5,3.272588761
2022-23,4,308,Ake,DEF,MCI,5.0,2.32924731
2022-23,4,516,Collins,DEF,WOL,4.5,3.280068965
2022-23,4,167,Guehi,DEF,CRY,4.4,1.679394764
2022-23,4,510,Hickey,DEF,BRE,5.0,3.327274384
2022-23,4,586,Estupinan,DEF,BHA,4.5,1.968516672
2022-23,4,409,Walker-Peters,DEF,SOU,4.5,2.711059819
2022-23,4,461,Zouma,DEF,WHU,4.5,2.83056186
2022-23,4,73,Kelly,DEF,BOU,4.5,1.452886008
2022-23,4,39,Mings,DEF,AVL,4.4,3.230191745
2022-23,4,228,Llorente,DEF,LEE,4.5,2.480461473
2022-23,4,268,Justin,DEF,LEI,4.5,2.116706662
2022-23,4,258,Castagne,DEF,LEI,4.5,2.126777992
2022-23,4,170,Mitchell,DEF,CRY,4.5,1.663948417
2022-23,4,487,Ait-Nouri,DEF,WOL,4.5,3.025117929
2022-23,4,199,Tarkowski,DEF,EVE,4.5,2.971883615
2022-23,4,85,Henry,DEF,BRE,4.5,3.4164564
2022-23,4,482,Semedo,DEF,WOL,5.0,2.754927578
2022-23,4,44,Konsa,DEF,AVL,4.5,2.945621819
2022-23,4,459,Dawson,DEF,WHU,4.9,1.487155017
2022-23,4,443,Romero,DEF,TOT,4.9,0.0
2022-23,4,209,Adarabioyo,DEF,FUL,4.5,2.167978746
2022-23,4,249,Evans,DEF,LEI,4.5,2.026336212
2022-23,4,523,Toffolo,DEF,NFO,4.5,2.334816799
2022-23,4,587,S Gomez,DEF,MCI,4.5,1.237128433
2022-23,4,295,N Williams,DEF,NFO,4.1,2.324672139
2022-23,4,576,Senesi,DEF,BOU,4.5,1.116055563
2022-23,4,358,Burn,DEF,NEW,4.5,2.263488048
2022-23,4,504,Malacia,DEF,MUN,4.4,2.214319188
2022-23,4,463,Coufal,DEF,WHU,4.5,2.68172667
2022-23,4,410,Bednarek,DEF,SOU,4.4,2.130401905
2022-23,4,157,Clyne,DEF,CRY,4.5,1.385936321
2022-23,4,57,A Smith,DEF,BOU,4.5,1.221613815
2022-23,4,429,Doherty,DEF,TOT,4.7,1.18461745
2022-23,4,76,Zemura,DEF,BOU,4.4,1.063511209
2022-23,4,477,Jonny,DEF,WOL,4.5,2.643823816
2022-23,4,513,Lenglet,DEF,TOT,4.9,1.189795409
2022-23,4,332,Shaw,DEF,MUN,4.8,1.405034425
2022-23,4,235,Struijk,DEF,LEE,4.5,2.294860143
2022-23,4,192,Holgate,DEF,EVE,4.5,2.434703587
2022-23,4,194,Mykolenko,DEF,EVE,4.5,2.502343873
2022-23,4,435,D Sanchez,DEF,TOT,4.4,2.85547489
2022-23,4,141,T Chalobah,DEF,CHE,4.8,2.496862723
2022-23,4,71,Mepham,DEF,BOU,4.5,1.196179608
2022-23,4,420,Salisu,DEF,SOU,4.4,2.27364708
2022-23,4,292,Tsimikas,DEF,LIV,4.5,1.740740305
2022-23,4,201,Ream,DEF,FUL,4.5,1.866169987
2022-23,4,436,Sessegnon,DEF,TOT,4.5,1.63134183
2022-23,4,197,Patterson,DEF,EVE,4.0,2.450225491
2022-23,4,276,Matip,DEF,LIV,5.9,0.0
2022-23,4,217,Robinson,DEF,FUL,4.5,1.927032972
2022-23,4,423,Bella-Kotchap,DEF,SOU,4.5,2.154483234
2022-23,4,14,Tomiyasu,DEF,ARS,4.3,2.292415867
2022-23,4,588,Kehrer,DEF,WHU,4.5,1.527370506
2022-23,4,257,Amartey,DEF,LEI,4.5,1.790338978
2022-23,4,180,Keane,DEF,EVE,4.4,1.127324206
2022-23,4,475,Coady,DEF,EVE,4.9,1.327890523
2022-23,4,501,N Phillips,DEF,LIV,4.0,0.815488722
2022-23,4,221,Cooper,DEF,LEE,4.5,0.908194445
2022-23,4,388,Worrall,DEF,NFO,4.5,1.996082913
2022-23,4,385,McKenna,DEF,NFO,4.5,1.986186348
2022-23,4,239,Firpo,DEF,LEE,4.5,0.0
2022-23,4,267,Soyuncu,DEF,LEI,4.4,0.853385476
2022-23,4,272,Fofana,DEF,LEI,4.5,0.0
2022-23,4,456,Ogbonna,DEF,WHU,4.5,0.385522046
2022-23,4,230,Koch,DEF,LEE,4.5,2.140532717
2022-23,4,32,C Chambers,DEF,AVL,4.4,0.871617146
2022-23,4,8,Tierney,DEF,ARS,4.9,2.133543005
2022-23,4,330,Maguire,DEF,MUN,4.8,0.420036162
2022-23,4,84,Ajer,DEF,BRE,4.5,0.0
2022-23,4,82,Canos,DEF,BRE,5.0,0.230108743
2022-23,4,474,Boly,DEF,WOL,4.4,0.653248643
2022-23,4,156,J Ward,DEF,CRY,4.5,0.700232887
2022-23,4,65,Stacey,DEF,BOU,4.4,0.53068026
2022-23,4,379,S Cook,DEF,NFO,4.5,1.25917028
2022-23,4,114,Lamptey,DEF,BHA,4.4,2.00353792
2022-23,4,559,Colwill,DEF,BHA,4.5,0.331900626
2022-23,4,507,Niakhate,DEF,NFO,4.4,0.760277967
2022-23,4,417,Perraud,DEF,SOU,4.5,0.554407262
2022-23,4,215,Tete,DEF,FUL,4.5,1.213468186
2022-23,4,270,Thomas,DEF,LEI,4.4,0.543915418
2022-23,4,341,Wan-Bissaka,DEF,MUN,4.4,0.615291288
2022-23,4,438,Reguilon,DEF,TOT,4.3,0.291047096
2022-23,4,91,Sorensen,DEF,BRE,4.5,0.857071652
2022-23,4,470,Diop,DEF,FUL,4.4,0.265028881
2022-23,4,253,Vestergaard,DEF,LEI,4.0,0.19258537
2022-23,4,59,Fredericks,DEF,BOU,4.4,0.0
2022-23,4,471,Ben Johnson,DEF,WHU,4.5,1.214545265
2022-23,4,372,J Lewis,DEF,NEW,4.4,0.144283725
2022-23,4,530,C Richards,DEF,CRY,4.5,0.084601768
2022-23,4,360,Lascelles,DEF,NEW,4.4,0.134502959
2022-23,4,188,Mina,DEF,EVE,4.4,0.0
2022-23,4,539,Hill,DEF,BOU,4.5,0.033552478
2022-23,4,1,Cedric,DEF,ARS,4.3,0.132377431
2022-23,4,525,Augustinsson,DEF,AVL,4.4,0.037486986
2022-23,4,362,Dummett,DEF,NEW,4.0,0.035722799
2022-23,4,399,Biancone,DEF,NFO,4.4,1.36282358
2022-23,4,151,Ampadu,DEF,CHE,4.4,0.22278888
2022-23,4,531,Vinagre,DEF,EVE,4.4,1.249017353
2022-23,4,5,Holding,DEF,ARS,4.3,0.23916844
2022-23,4,337,Lindelof,DEF,MUN,4.4,0.0
2022-23,4,208,Kongolo,DEF,FUL,4.0,0.047291379
2022-23,4,56,Guilbert,DEF,AVL,4.0,0.033577989
2022-23,4,290,Konate,DEF,LIV,4.9,0.0
2022-23,4,351,Fernandez,DEF,NEW,4.4,0.006767034
2022-23,4,439,Tanganga,DEF,TOT,4.0,0.006971277
2022-23,4,174,N Ferguson,DEF,CRY,4.0,0.0
2022-23,4,350,Ritchie,DEF,NEW,4.4,0.108660698
2022-23,4,489,Toti,DEF,WOL,4.0,0.061288721
2022-23,4,298,Ramsay,DEF,LIV,4.0,0.0
2022-23,4,153,Tomkins,DEF,CRY,4.0,0.0
2022-23,4,250,Bertrand,DEF,LEI,4.0,0.0
2022-23,4,256,R Pereira,DEF,LEI,4.4,0.0
2022-23,4,193,Godfrey,DEF,EVE,4.4,0.0
2022-23,4,419,Livramento,DEF,SOU,4.5,0.0
2022-23,4,511,O Richards,DEF,NFO,4.5,0.0
2022-23,4,50,Carlos,DEF,AVL,4.9,0.0
2022-23,4,472,Aguerd,DEF,WHU,4.9,0.0
2022-23,4,226,Dallas,DEF,LEE,5.0,0.0
2022-23,4,328,P Jones,DEF,MUN,4.0,0.005401346
2022-23,4,322,Wilson-Esbrand,DEF,MCI,4.0,0.004578238
2022-23,4,573,R Lewis,DEF,MCI,4.0,0.00454198
2022-23,4,563,L Chambers,DEF,LIV,4.0,0.004712177
2022-23,4,500,van den Berg,DEF,LIV,4.0,0.004515189
2022-23,4,320,Mbete,DEF,MCI,3.9,0.004341057
2022-23,4,540,Stevens,DEF,BRE,4.0,0.004202881
2022-23,4,544,van Hecke,DEF,BHA,4.0,0.0039779
2022-23,4,96,Goode,DEF,BRE,4.0,0.004019802
2022-23,4,558,Bueno,DEF,WOL,4.0,0.003987171
2022-23,4,555,Ashby,DEF,WHU,4.0,0.003589766
2022-23,4,386,Drager,DEF,NFO,4.0,0.003439645
2022-23,4,273,Brunt,DEF,LEI,4.0,0.003000685
2022-23,4,138,Kenedy,DEF,CHE,4.0,0.052630655
2022-23,4,364,Krafth,DEF,NEW,4.4,0.0
2022-23,4,198,Nkounkou,DEF,EVE,4.0,0.052680642
2022-23,4,243,Hjelde,DEF,LEE,4.0,0.019990774
2022-23,4,547,Drameh,DEF,LEE,4.0,0.042495793
2022-23,4,522,Spence,DEF,TOT,4.4,0.049781072
2022-23,4,90,Roerslev,DEF,BRE,4.5,0.702393416
2022-23,4,222,Ayling,DEF,LEE,4.5,0.0
2022-23,4,545,Emerson P,DEF,WHU,4.0,0.041294827
2022-23,4,494,Mosquera,DEF,WOL,4.0,0.046375645
2022-23,4,393,Mbe Soh,DEF,NFO,4.4,0.03805425
2022-23,4,363,Manquillo,DEF,NEW,4.4,0.095686664
2022-23,4,343,B Williams,DEF,MUN,4.0,0.093574739
2022-23,4,206,Bryan,DEF,FUL,4.4,0.16079747
2022-23,4,532,Mbabu,DEF,FUL,4.5,1.596080476
2022-23,4,178,Coleman,DEF,EVE,4.5,1.083560983
2022-23,4,105,Duffy,DEF,FUL,4.4,0.718086255
2022-23,4,413,Lyanco,DEF,SOU,4.5,0.444477394
2022-23,4,414,Valery,DEF,SOU,4.0,0.744442133
2022-23,4,538,Young,DEF,AVL,4.5,0.490208984
2022-23,4,404,Stephens,DEF,SOU,4.4,1.062071529
2022-23,4,283,Salah,MID,LIV,13.0,7.759741511
2022-23,4,333,Fernandes,MID,MUN,9.8,5.67363742
2022-23,4,301,De Bruyne,MID,MCI,12.2,5.0901234
2022-23,4,428,Son,MID,TOT,11.9,5.604683199
2022-23,4,304,Sterling,MID,CHE,9.9,5.831611423
2022-23,4,13,Saka,MID,ARS,7.9,5.07093456
2022-23,4,314,Foden,MID,MCI,8.0,4.315591087
2022-23,4,293,Diaz,MID,LIV,8.0,5.584891601
2022-23,4,142,Mount,MID,CHE,7.8,4.670045623
2022-23,4,335,Rashford,MID,MUN,6.3,4.72066182
2022-23,4,465,Bowen,MID,WHU,8.3,4.059872524
2022-23,4,19,Martinelli,MID,ARS,6.4,4.606285672
2022-23,4,111,Trossard,MID,BHA,6.5,4.587845806
2022-23,4,261,Maddison,MID,LEI,8.0,2.267163621
2022-23,4,300,Gundogan,MID,MCI,7.6,3.884503892
2022-23,4,407,Ward-Prowse,MID,SOU,6.5,3.948133
2022-23,4,340,Sancho,MID,MUN,7.3,4.212153189
2022-23,4,116,Mac Allister,MID,BHA,5.5,4.226433534
2022-23,4,7,Odegaard,MID,ARS,6.5,4.227065631
2022-23,4,303,Mahrez,MID,MCI,7.8,3.182595684
2022-23,4,368,Saint-Maximin,MID,NEW,6.4,3.69507717
2022-23,4,446,Kulusevski,MID,TOT,8.2,4.073201518
2022-23,4,311,B Silva,MID,MCI,6.8,3.497838934
2022-23,4,374,Guimaraes,MID,NEW,5.9,3.513185746
2022-23,4,233,Harrison,MID,LEE,6.0,3.176618555
2022-23,4,264,Barnes,MID,LEI,6.9,2.979626197
2022-23,4,225,Rodrigo,MID,LEE,6.4,3.302071071
2022-23,4,104,Gross,MID,BHA,5.7,4.09469622
2022-23,4,468,Soucek,MID,WHU,5.4,3.306639243
2022-23,4,519,Eriksen,MID,MUN,6.4,4.000248886
2022-23,4,371,Joelinton,MID,NEW,6.0,3.206802827
2022-23,4,315,Rodri,MID,MCI,6.0,3.231400423
2022-23,4,305,Grealish,MID,MCI,6.9,2.831857496
2022-23,4,189,D Gray,MID,EVE,5.5,3.400134282
2022-23,4,486,P Neto,MID,WOL,5.3,3.11927427
2022-23,4,130,Jorginho,MID,CHE,6.0,3.460142978
2022-23,4,169,Eze,MID,CRY,5.5,2.456120114
2022-23,4,373,Willock,MID,NEW,5.0,3.183723002
2022-23,4,195,Gordon,MID,EVE,5.5,3.178512658
2022-23,4,120,Caicedo,MID,BHA,5.0,3.275175097
2022-23,4,29,Coutinho,MID,AVL,6.8,3.126010924
2022-23,4,6,Partey,MID,ARS,5.0,3.197399228
2022-23,4,535,Tavernier,MID,BOU,5.0,2.320882969
2022-23,4,79,Norgaard,MID,BRE,5.5,3.09379262
2022-23,4,37,McGinn,MID,AVL,5.4,3.057839105
2022-23,4,159,Ayew,MID,CRY,5.5,2.377837476
2022-23,4,88,Jensen,MID,BRE,5.1,3.100810381
2022-23,4,579,Guedes,MID,WOL,6.0,2.750567613
2022-23,4,275,J Henderson,MID,LIV,5.5,3.237072021
2022-23,4,480,Neves,MID,WOL,5.5,2.84521207
2022-23,4,527,Lingard,MID,NFO,5.9,2.479776709
2022-23,4,433,Hojbjerg,MID,TOT,5.5,2.975739989
2022-23,4,3,Xhaka,MID,ARS,5.0,3.023234267
2022-23,4,369,Almiron,MID,NEW,5.0,2.998163104
2022-23,4,47,Ramsey,MID,AVL,5.4,2.877957206
2022-23,4,282,Fabinho,MID,LIV,5.5,3.077233214
2022-23,4,266,Dewsbury-Hall,MID,LEI,5.0,2.421150282
2022-23,4,107,March,MID,BHA,5.0,2.830917407
2022-23,4,45,Bailey,MID,AVL,4.9,2.799865472
2022-23,4,246,Aaronson,MID,LEE,5.5,2.480401605
2022-23,4,467,Rice,MID,WHU,4.9,2.608614037
2022-23,4,294,Elliott,MID,LIV,5.0,3.299160897
2022-23,4,593,Casemiro,MID,MUN,5.0,1.892575738
2022-23,4,508,Sinisterra,MID,LEE,6.5,1.758522038
2022-23,4,575,Cornet,MID,WHU,6.0,2.593470435
2022-23,4,205,Reid,MID,FUL,5.5,2.565745375
2022-23,4,406,Elyounoussi,MID,SOU,5.4,2.169534463
2022-23,4,483,Podence,MID,WOL,5.5,2.568654301
2022-23,4,346,A Pereira,MID,FUL,4.5,2.433428754
2022-23,4,440,Bentancur,MID,TOT,5.5,2.74701897
2022-23,4,469,Fornals,MID,WHU,5.4,2.678901498
2022-23,4,186,Iwobi,MID,EVE,5.5,3.042516015
2022-23,4,64,Lerma,MID,BOU,5.0,2.033973715
2022-23,4,503,Moutinho,MID,WOL,4.9,2.542088824
2022-23,4,42,Buendia,MID,AVL,6.0,2.664623431
2022-23,4,534,McNeil,MID,EVE,5.4,2.660011753
2022-23,4,160,Zaha,MID,CRY,7.1,0.0
2022-23,4,589,Nunes,MID,WOL,5.0,2.483666976
2022-23,4,344,Elanga,MID,MUN,4.9,2.892668178
2022-23,4,265,Ndidi,MID,LEI,5.0,2.180104628
2022-23,4,53,Kamara,MID,AVL,5.0,2.53826724
2022-23,4,512,Aribo,MID,SOU,5.5,2.422910977
2022-23,4,296,Carvalho,MID,LIV,5.4,2.629308044
2022-23,4,259,Tielemans,MID,LEI,6.4,2.323275683
2022-23,4,161,Schlupp,MID,CRY,5.0,2.057593886
2022-23,4,506,T Adams,MID,LEE,5.0,2.193602809
2022-23,4,245,Roca,MID,LEE,5.0,2.150204736
2022-23,4,464,Benrahma,MID,WHU,5.9,2.335792954
2022-23,4,220,Palhinha,MID,FUL,5.0,2.18349648
2022-23,4,101,Lallana,MID,BHA,5.0,2.580492587
2022-23,4,274,Milner,MID,LIV,4.5,2.78753719
2022-23,4,148,Gallagher,MID,CHE,5.8,2.430576456
2022-23,4,89,Wissa,MID,BRE,5.4,2.453615401
2022-23,4,514,C Doucoure,MID,CRY,5.0,1.912731249
2022-23,4,418,Djenepo,MID,SOU,5.0,2.364858481
2022-23,4,171,Olise,MID,CRY,5.5,1.83854476
2022-23,4,86,Janelt,MID,BRE,5.5,2.321858839
2022-23,4,204,Kebano,MID,FUL,5.5,1.413348575
2022-23,4,70,Billing,MID,BOU,5.4,1.809604385
2022-23,4,493,Gibbs-White,MID,NFO,5.5,1.418033349
2022-23,4,580,Damsgaard,MID,BRE,5.5,1.808272322
2022-23,4,12,Smith Rowe,MID,ARS,5.8,2.357474261
2022-23,4,211,Reed,MID,FUL,4.5,2.155537228
2022-23,4,132,Kovacic,MID,CHE,4.9,0.720383167
2022-23,4,185,A Doucoure,MID,EVE,5.4,0.0
2022-23,4,136,Loftus-Cheek,MID,CHE,5.0,2.142148982
2022-23,4,321,Lavia,MID,SOU,4.5,2.14084354
2022-23,4,536,Mangala,MID,NFO,5.0,2.038221973
2022-23,4,212,H Wilson,MID,FUL,5.8,0.0
2022-23,4,577,Onana,MID,EVE,5.0,2.155825403
2022-23,4,405,S Armstrong,MID,SOU,4.9,2.134669949
2022-23,4,387,Yates,MID,NFO,5.0,1.113472314
2022-23,4,140,Pulisic,MID,CHE,5.8,1.98463876
2022-23,4,582,Freuler,MID,NFO,5.0,1.330452408
2022-23,4,231,D James,MID,LEE,6.0,2.100172562
2022-23,4,69,Christie,MID,BOU,5.4,1.760984407
2022-23,4,260,Perez,MID,LEI,4.9,1.344965593
2022-23,4,135,Ziyech,MID,CHE,5.8,1.367926999
2022-23,4,134,Kante,MID,CHE,4.9,0.0
2022-23,4,524,O'Brien,MID,NFO,5.0,1.884719825
2022-23,4,154,McArthur,MID,CRY,4.9,0.0
2022-23,4,214,Cavaleiro,MID,FUL,4.9,1.691138975
2022-23,4,75,Anthony,MID,BOU,5.4,0.744428347
2022-23,4,460,Lanzini,MID,WHU,5.4,1.964786029
2022-23,4,60,Brooks,MID,BOU,5.4,0.0
2022-23,4,68,Pearson,MID,BOU,4.5,1.704622502
2022-23,4,117,Moder,MID,BHA,4.5,0.0
2022-23,4,349,Shelvey,MID,NEW,4.9,0.0
2022-23,4,278,Chamberlain,MID,LIV,4.9,0.0
2022-23,4,490,Chiquinho,MID,WOL,5.0,0.0
2022-23,4,179,Townsend,MID,EVE,5.5,0.0
2022-23,4,277,Thiago,MID,LIV,5.3,0.0
2022-23,4,347,Pellistri,MID,MUN,4.4,0.0
2022-23,4,316,Palmer,MID,MCI,4.5,0.004630152
2022-23,4,552,Anderson,MID,NEW,4.5,0.003956035
2022-23,4,546,Harris,MID,FUL,4.5,0.003801142
2022-23,4,570,Garner,MID,MUN,4.5,0.003948341
2022-23,4,569,Garnacho,MID,MUN,4.5,0.003905833
2022-23,4,21,Maitland-Niles,MID,ARS,4.9,0.003985863
2022-23,4,452,Devine,MID,TOT,4.5,0.003916982
2022-23,4,449,H White,MID,TOT,4.5,0.003901118
2022-23,4,567,Ronan,MID,WOL,4.5,0.003743256
2022-23,4,566,Hodge,MID,WOL,4.5,0.003735697
2022-23,4,553,Hammond,MID,NFO,4.5,0.003562508
2022-23,4,584,B Clark,MID,LIV,4.5,0.003787677
2022-23,4,434,Winks,MID,TOT,4.5,0.003732319
2022-23,4,560,Mills,MID,EVE,4.5,0.003655405
2022-23,4,572,Oko-Flex,MID,WHU,4.5,0.003598384
2022-23,4,551,Iqbal,MID,MUN,4.5,0.003640494
2022-23,4,509,Downes,MID,WHU,4.5,0.003376346
2022-23,4,561,Warrington,MID,EVE,4.5,0.003424747
2022-23,4,556,Coventry,MID,WHU,4.5,0.003348459
2022-23,4,27,Marquinhos,MID,ARS,4.8,0.054316058
2022-23,4,23,Nelson,MID,ARS,4.9,0.0
2022-23,4,287,Keita,MID,LIV,4.9,0.0
2022-23,4,115,Alzate,MID,BHA,4.5,0.045764303
2022-23,4,119,Sarmiento,MID,BHA,4.5,0.045538802
2022-23,4,49,Iroegbunam,MID,AVL,4.5,0.016742563
2022-23,4,565,A Gray,MID,LEE,4.5,0.040166131
2022-23,4,126,Kozlowski,MID,BHA,4.5,0.044784097
2022-23,4,202,Knockaert,MID,FUL,4.9,0.038773836
2022-23,4,172,Rak-Sakyi,MID,CRY,4.5,0.036188437
2022-23,4,247,Gyabi,MID,LEE,4.4,0.038014535
2022-23,4,395,Mighten,MID,NFO,4.9,0.037116338
2022-23,4,521,Francois,MID,FUL,4.5,0.035273501
2022-23,4,36,Sanson,MID,AVL,4.5,0.091343807
2022-23,4,63,Marcondes,MID,BOU,4.9,0.076318244
2022-23,4,4,Elneny,MID,ARS,4.4,0.090349624
2022-23,4,51,El Ghazi,MID,AVL,4.9,0.089183805
2022-23,4,479,Dendoncker,MID,WOL,5.0,1.477774421
2022-23,4,402,Romeu,MID,SOU,4.9,0.616806736
2022-23,4,190,T Davies,MID,EVE,5.0,2.088890115
2022-23,4,74,Dembele,MID,BOU,4.9,0.074724385
2022-23,4,187,Gbamin,MID,EVE,4.5,0.083440996
2022-23,4,48,Chukwuemeka,MID,CHE,4.4,0.083321516
2022-23,4,184,Gomes,MID,EVE,4.5,0.037446917
2022-23,4,131,Barkley,MID,CHE,4.9,0.19186291
2022-23,4,485,Cundle,MID,WOL,4.4,0.079208716
2022-23,4,564,Bajcetic,MID,LIV,4.5,0.239368154
2022-23,4,549,Praet,MID,LEI,5.0,0.350006306
2022-23,4,87,Ghoddos,MID,BRE,5.0,0.181735176
2022-23,4,562,Solomon,MID,FUL,5.0,0.0
2022-23,4,505,Rothwell,MID,BOU,4.9,0.0
2022-23,4,338,McTominay,MID,MUN,4.9,2.009514297
2022-23,4,216,Onomah,MID,FUL,4.4,0.154751051
2022-23,4,269,Soumare,MID,LEI,4.4,0.148735761
2022-23,4,291,C Jones,MID,LIV,4.9,0.0
2022-23,4,158,Milivojevic,MID,CRY,4.5,1.359995751
2022-23,4,240,Summerville,MID,LEE,4.5,0.324731093
2022-23,4,58,Stanislas,MID,BOU,4.9,0.0
2022-23,4,359,Fraser,MID,NEW,5.3,0.768192716
2022-23,4,450,P Sarr,MID,TOT,4.4,0.149885112
2022-23,4,25,Vieira,MID,ARS,5.8,1.529184649
2022-23,4,378,Arter,MID,NFO,4.4,0.138811447
2022-23,4,83,Dasilva,MID,BRE,4.6,1.906712722
2022-23,4,403,Redmond,MID,SOU,5.4,0.67796362
2022-23,4,441,Skipp,MID,TOT,4.5,0.0
2022-23,4,252,N Mendy,MID,LEI,4.4,0.229154148
2022-23,4,94,Baptiste,MID,BRE,4.5,0.247647644
2022-23,4,568,Campbell,MID,WOL,4.5,0.340140048
2022-23,4,383,Cafu,MID,NFO,4.4,0.644739692
2022-23,4,325,K Phillips,MID,MCI,4.9,0.721718965
2022-23,4,251,Albrighton,MID,LEI,4.9,0.478824695
2022-23,4,18,Lokonga,MID,ARS,4.4,0.318632532
2022-23,4,124,Mitoma,MID,BHA,5.0,1.241959854
2022-23,4,149,Gilmour,MID,CHE,4.4,0.418262896
2022-23,4,331,Fred,MID,MUN,5.3,1.83824474
2022-23,4,41,Nakamba,MID,AVL,4.5,0.308072658
2022-23,4,381,Colback,MID,NFO,4.4,0.631258074
2022-23,4,164,Riedewald,MID,CRY,4.5,0.367353347
2022-23,4,61,Lowe,MID,BOU,5.4,0.533796935
2022-23,4,93,Onyeka,MID,BRE,4.9,0.403795554
2022-23,4,173,Ebiowei,MID,CRY,4.5,0.439495775
2022-23,4,400,Walcott,MID,SOU,4.9,0.604072942
2022-23,4,583,Kouyate,MID,NFO,4.5,0.674318799
2022-23,4,203,N Chalobah,MID,FUL,4.5,0.362047973
2022-23,4,183,Allan,MID,EVE,4.9,0.815481346
2022-23,4,118,Mwepu,MID,BHA,5.4,1.754778032
2022-23,4,481,Hwang,MID,WOL,5.9,1.272108167
2022-23,4,163,W Hughes,MID,CRY,4.9,1.242447294
2022-23,4,431,Lucas Moura,MID,TOT,5.9,0.702623895
2022-23,4,416,I Diallo,MID,SOU,4.4,0.462963877
2022-23,4,336,van de Beek,MID,MUN,5.3,1.71097753
2022-23,4,46,Douglas Luiz,MID,AVL,4.9,1.255642071
2022-23,4,365,Murphy,MID,NEW,4.4,1.350640489
2022-23,4,200,Cairney,MID,FUL,4.9,1.602701812
2022-23,4,223,Klich,MID,LEE,4.9,0.956186166
2022-23,4,491,A Traore,MID,WOL,5.5,0.991324355
2022-23,4,224,Forshaw,MID,LEE,4.5,0.640304899
2022-23,4,67,L Cook,MID,BOU,4.9,1.193247852
2022-23,4,370,S Longstaff,MID,NEW,4.5,1.193035367
2022-23,4,444,Bissouma,MID,TOT,4.9,1.456106562
2022-23,4,427,Kane,FWD,TOT,11.4,5.736075998
2022-23,4,318,Haaland,FWD,MCI,11.7,4.998140256
2022-23,4,28,Jesus,FWD,ARS,8.2,5.645331027
2022-23,4,80,Toney,FWD,BRE,7.2,4.67679125
2022-23,4,103,Welbeck,FWD,BHA,6.5,4.767840392
2022-23,4,40,Watkins,FWD,AVL,7.4,3.970184277
2022-23,4,210,Mitrovic,FWD,FUL,6.6,3.381867255
2022-23,4,255,Vardy,FWD,LEI,9.4,2.97025079
2022-23,4,145,Havertz,FWD,CHE,7.9,4.22918162
2022-23,4,227,Bamford,FWD,LEE,7.3,1.623341714
2022-23,4,66,Solanke,FWD,BOU,5.9,2.139907376
2022-23,4,279,Firmino,FWD,LIV,8.0,4.886437046
2022-23,4,397,Awoniyi,FWD,NFO,5.9,2.574158211
2022-23,4,476,Jimenez,FWD,WOL,6.9,3.093510641
2022-23,4,394,Brennan Johnson,FWD,NFO,5.9,3.095245791
2022-23,4,95,Mbeumo,FWD,BRE,6.0,3.357388658
2022-23,4,594,Isak,FWD,NEW,7.0,0.620711565
2022-23,4,458,Antonio,FWD,WHU,7.4,3.492968213
2022-23,4,297,Nunez,FWD,LIV,9.0,0.0
2022-23,4,30,Ings,FWD,AVL,7.0,3.122531939
2022-23,4,166,Edouard,FWD,CRY,5.5,2.434315111
2022-23,4,411,C Adams,FWD,SOU,6.4,2.68972208
2022-23,4,529,Scamacca,FWD,WHU,6.9,1.935944765
2022-23,4,354,Wood,FWD,NEW,5.9,3.524072336
2022-23,4,191,Calvert-Lewin,FWD,EVE,7.9,0.0
2022-23,4,62,Kieffer Moore,FWD,BOU,5.5,2.278254029
2022-23,4,168,Mateta,FWD,CRY,5.4,1.947306438
2022-23,4,454,Richarlison,FWD,TOT,8.5,2.60756137
2022-23,4,356,C Wilson,FWD,NEW,7.4,0.0
2022-23,4,408,A Armstrong,FWD,SOU,5.5,2.211382224
2022-23,4,110,Maupay,FWD,EVE,6.3,0.680593141
2022-23,4,585,E Dennis,FWD,NFO,6.0,1.160067722
2022-23,4,319,Alvarez,FWD,MCI,6.2,1.833748866
2022-23,4,326,Ronaldo,FWD,MUN,10.4,0.509682608
2022-23,4,345,Martial,FWD,MUN,6.9,0.0
2022-23,4,288,Jota,FWD,LIV,8.9,0.0
2022-23,4,271,Daka,FWD,LEI,5.9,1.692836233
2022-23,4,262,Iheanacho,FWD,LEI,6.3,1.617802482
2022-23,4,177,Rondon,FWD,EVE,5.0,1.6978225
2022-23,4,550,A Diallo,FWD,MUN,4.5,0.004276041
2022-23,4,528,Mara,FWD,SOU,5.5,0.004112337
2022-23,4,541,Dervisoglu,FWD,BRE,4.5,0.004123647
2022-23,4,447,Scarlett,FWD,TOT,4.5,0.003477176
2022-23,4,150,Broja,FWD,CHE,5.4,0.045655506
2022-23,4,591,Ablade,FWD,FUL,4.5,0.036930861
2022-23,4,125,Enciso,FWD,BHA,4.9,0.315158385
2022-23,4,219,Stansfield,FWD,FUL,4.5,1.373052196
2022-23,4,54,Archer,FWD,AVL,4.5,0.175765847
2022-23,4,123,Undav,FWD,BHA,5.4,0.761730246
2022-23,4,496,Plange,FWD,CRY,4.5,0.226283211
2022-23,4,515,Lewis-Potter,FWD,BRE,5.4,1.58477529
2022-23,4,380,Taylor,FWD,NFO,4.5,0.301720609
2022-23,4,11,Nketiah,FWD,ARS,6.8,1.813101978
2022-23,4,391,Surridge,FWD,NFO,5.0,1.00699895
2022-23,4,237,Greenwood,FWD,LEE,4.5,0.785913969
2022-23,4,242,Gelhardt,FWD,LEE,5.4,1.087272009
2022-23,5,281,Alisson,GK,LIV,5.5,4.418573054
2022-23,5,307,Ederson,GK,MCI,5.5,4.66641583
2022-23,5,147,E Mendy,GK,CHE,5.0,4.03614881
2022-23,5,376,Pope,GK,NEW,5.0,2.519009971
2022-23,5,81,Raya,GK,BRE,4.5,3.798526694
2022-23,5,113,R Sanchez,GK,BHA,4.6,4.036758467
2022-23,5,15,Ramsdale,GK,ARS,5.0,4.162801812
2022-23,5,238,Meslier,GK,LEE,4.5,4.232986418
2022-23,5,425,Lloris,GK,TOT,5.5,3.675008811
2022-23,5,152,Guaita,GK,CRY,4.5,3.776495726
2022-23,5,478,Sa,GK,WOL,5.0,4.440097499
2022-23,5,327,de Gea,GK,MUN,4.9,3.577117671
2022-23,5,31,E Martinez,GK,AVL,5.0,3.110028492
2022-23,5,398,D Henderson,GK,NFO,4.6,1.694317267
2022-23,5,455,Fabianski,GK,WHU,5.0,2.782955296
2022-23,5,182,Pickford,GK,EVE,4.5,3.816375171
2022-23,5,2,Leno,GK,FUL,4.5,3.249056323
2022-23,5,72,Travers,GK,BOU,4.5,2.662460625
2022-23,5,254,D Ward,GK,LEI,4.0,2.555674243
2022-23,5,422,Bazunu,GK,SOU,4.5,2.588516762
2022-23,5,574,N Neto,GK,BOU,4.5,1.122797401
2022-23,5,175,Johnstone,GK,CRY,4.5,0.375958067
2022-23,5,213,Rodak,GK,FUL,4.5,0.387946248
2022-23,5,473,Areola,GK,WHU,4.5,0.254709883
2022-23,5,548,Iversen,GK,LEI,3.9,0.250070031
2022-23,5,355,Dubravka,GK,MUN,4.4,0.007000649
2022-23,5,401,McCarthy,GK,SOU,4.4,0.178871543
2022-23,5,133,Kepa,GK,CHE,4.4,0.135741078
2022-23,5,517,Strakosha,GK,BRE,4.4,0.112542193
2022-23,5,24,Turner,GK,ARS,3.9,0.104951351
2022-23,5,324,Ortega,GK,MCI,3.9,0.094605797
2022-23,5,289,Kelleher,GK,LIV,4.0,0.0
2022-23,5,353,Darlow,GK,NEW,4.0,0.049482809
2022-23,5,426,Forster,GK,TOT,4.0,0.073008959
2022-23,5,102,Steele,GK,BHA,4.0,0.074859805
2022-23,5,236,Klaesson,GK,LEE,4.0,0.076445424
2022-23,5,492,Sarkic,GK,WOL,4.0,0.081195289
2022-23,5,497,Adrian,GK,LIV,4.0,0.087049356
2022-23,5,176,Begovic,GK,EVE,4.0,0.08229912
2022-23,5,35,Olsen,GK,AVL,4.0,0.057242615
2022-23,5,518,Hennessey,GK,NFO,4.0,0.031334776
2022-23,5,348,Heaton,GK,MUN,4.0,0.064905261
2022-23,5,502,Carson,GK,MCI,4.0,0.009303127
2022-23,5,162,Butland,GK,CRY,4.5,0.008236124
2022-23,5,451,Austin,GK,TOT,4.0,0.007057023
2022-23,5,571,Randolph,GK,WHU,4.0,0.005957403
2022-23,5,77,W Dennis,GK,BOU,4.0,0.007588169
2022-23,5,578,Robles,GK,LEE,4.0,0.007544545
2022-23,5,207,Gazzaniga,GK,FUL,4.0,0.007242677
2022-23,5,421,Lis,GK,SOU,4.0,0.005883586
2022-23,5,581,Smithies,GK,LEI,4.0,0.005868699
2022-23,5,424,Caballero,GK,SOU,4.0,0.000556451
2022-23,5,592,H Davies,GK,LIV,4.0,0.004260938
2022-23,5,590,Whitworth,GK,CRY,4.0,0.004000647
2022-23,5,557,Jackson Smith,GK,WOL,4.0,0.003957161
2022-23,5,285,Trent,DEF,LIV,7.5,5.725428065
2022-23,5,306,Cancelo,DEF,MCI,7.1,5.404423006
2022-23,5,146,R James,DEF,CHE,6.1,4.166799144
2022-23,5,280,van Dijk,DEF,LIV,6.5,4.442748063
2022-23,5,284,Robertson,DEF,LIV,6.9,3.543892084
2022-23,5,299,Walker,DEF,MCI,5.1,4.079426803
2022-23,5,112,Cucurella,DEF,CHE,5.1,3.610821695
2022-23,5,312,Dias,DEF,MCI,6.0,3.914573069
2022-23,5,520,Koulibaly,DEF,CHE,5.5,3.512206881
2022-23,5,16,Gabriel,DEF,ARS,5.0,3.889412984
2022-23,5,106,Dunk,DEF,BHA,4.5,3.539418666
2022-23,5,139,Chilwell,DEF,CHE,5.9,3.469314852
2022-23,5,128,T Silva,DEF,CHE,5.5,3.392465013
2022-23,5,448,Perisic,DEF,TOT,5.5,3.213397007
2022-23,5,165,Andersen,DEF,CRY,4.5,3.88667041
2022-23,5,109,Veltman,DEF,BHA,4.6,2.765074664
2022-23,5,457,Cresswell,DEF,WHU,4.9,2.866717511
2022-23,5,367,Targett,DEF,NEW,4.9,1.995255325
2022-23,5,108,Webster,DEF,BHA,4.5,3.371989783
2022-23,5,357,Trippier,DEF,NEW,5.1,2.036478268
2022-23,5,309,Laporte,DEF,MCI,5.9,1.700659437
2022-23,5,33,Digne,DEF,AVL,4.8,2.711984921
2022-23,5,167,Guehi,DEF,CRY,4.4,3.586220229
2022-23,5,586,Estupinan,DEF,BHA,4.5,3.194124812
2022-23,5,286,J Gomez,DEF,LIV,4.5,3.793374951
2022-23,5,78,Jansson,DEF,BRE,4.5,2.455211174
2022-23,5,10,B White,DEF,ARS,4.5,3.292170692
2022-23,5,377,Botman,DEF,NEW,4.5,1.773755856
2022-23,5,73,Kelly,DEF,BOU,4.5,2.947010722
2022-23,5,276,Matip,DEF,LIV,5.9,0.475690734
2022-23,5,26,Saliba,DEF,ARS,4.7,3.004933832
2022-23,5,430,Dier,DEF,TOT,5.0,2.940642168
2022-23,5,92,Pinnock,DEF,BRE,4.4,2.153148236
2022-23,5,258,Castagne,DEF,LEI,4.5,2.770898868
2022-23,5,268,Justin,DEF,LEI,4.4,2.764902661
2022-23,5,342,Dalot,DEF,MUN,4.4,2.716677754
2022-23,5,533,L Martinez,DEF,MUN,4.4,2.854597978
2022-23,5,244,Kristensen,DEF,LEE,4.9,3.536645995
2022-23,5,170,Mitchell,DEF,CRY,4.5,2.723658504
2022-23,5,313,Zinchenko,DEF,ARS,5.2,1.397214366
2022-23,5,43,Cash,DEF,AVL,4.8,2.472333747
2022-23,5,409,Walker-Peters,DEF,SOU,4.5,2.659384575
2022-23,5,443,Romero,DEF,TOT,4.9,0.641551065
2022-23,5,249,Evans,DEF,LEI,4.5,2.68179463
2022-23,5,366,Schar,DEF,NEW,4.7,1.589894113
2022-23,5,484,Kilman,DEF,WOL,4.5,3.53290889
2022-23,5,329,Varane,DEF,MUN,4.8,2.747770216
2022-23,5,526,Mee,DEF,BRE,4.6,2.991497142
2022-23,5,576,Senesi,DEF,BOU,4.5,2.943695185
2022-23,5,461,Zouma,DEF,WHU,4.5,2.566861641
2022-23,5,228,Llorente,DEF,LEE,4.5,3.411783437
2022-23,5,127,Azpilicueta,DEF,CHE,5.0,2.727257102
2022-23,5,516,Collins,DEF,WOL,4.5,3.51014003
2022-23,5,209,Adarabioyo,DEF,FUL,4.5,3.25410517
2022-23,5,445,Emerson R,DEF,TOT,5.0,2.191118493
2022-23,5,57,A Smith,DEF,BOU,4.4,3.060394449
2022-23,5,76,Zemura,DEF,BOU,4.4,3.160475467
2022-23,5,157,Clyne,DEF,CRY,4.5,3.006206123
2022-23,5,459,Dawson,DEF,WHU,4.9,2.095700178
2022-23,5,308,Ake,DEF,MCI,5.0,2.695075989
2022-23,5,432,Ben T Davies,DEF,TOT,5.0,2.623496308
2022-23,5,487,Ait-Nouri,DEF,WOL,4.5,3.141612821
2022-23,5,39,Mings,DEF,AVL,4.4,1.829957385
2022-23,5,295,N Williams,DEF,NFO,4.1,1.15206819
2022-23,5,510,Hickey,DEF,BRE,5.0,2.687108163
2022-23,5,482,Semedo,DEF,WOL,5.0,2.856776706
2022-23,5,71,Mepham,DEF,BOU,4.5,2.802235202
2022-23,5,199,Tarkowski,DEF,EVE,4.5,2.850715908
2022-23,5,302,Stones,DEF,MCI,5.4,2.259033188
2022-23,5,257,Amartey,DEF,LEI,4.5,2.401669396
2022-23,5,44,Konsa,DEF,AVL,4.4,2.259089403
2022-23,5,587,S Gomez,DEF,MCI,4.5,1.942135841
2022-23,5,410,Bednarek,DEF,SOU,4.4,1.930677332
2022-23,5,429,Doherty,DEF,TOT,4.7,1.504570601
2022-23,5,504,Malacia,DEF,MUN,4.4,1.996615781
2022-23,5,513,Lenglet,DEF,TOT,4.9,1.376633201
2022-23,5,358,Burn,DEF,NEW,4.5,1.15258351
2022-23,5,201,Ream,DEF,FUL,4.5,2.831645347
2022-23,5,8,Tierney,DEF,ARS,4.9,3.688398748
2022-23,5,475,Coady,DEF,EVE,4.9,2.626092379
2022-23,5,85,Henry,DEF,BRE,4.5,2.678927651
2022-23,5,420,Salisu,DEF,SOU,4.4,2.200060623
2022-23,5,332,Shaw,DEF,MUN,4.8,1.266535106
2022-23,5,235,Struijk,DEF,LEE,4.5,3.161699545
2022-23,5,463,Coufal,DEF,WHU,4.4,1.852290853
2022-23,5,477,Jonny,DEF,WOL,4.4,2.758874317
2022-23,5,180,Keane,DEF,EVE,4.4,2.09396576
2022-23,5,423,Bella-Kotchap,DEF,SOU,4.5,2.165656966
2022-23,5,217,Robinson,DEF,FUL,4.5,2.888182512
2022-23,5,272,Fofana,DEF,CHE,4.4,0.140238762
2022-23,5,194,Mykolenko,DEF,EVE,4.5,2.399644222
2022-23,5,436,Sessegnon,DEF,TOT,4.5,1.409273759
2022-23,5,588,Kehrer,DEF,WHU,4.5,1.729031563
2022-23,5,388,Worrall,DEF,NFO,4.5,0.89528423
2022-23,5,385,McKenna,DEF,NFO,4.5,0.89221735
2022-23,5,292,Tsimikas,DEF,LIV,4.5,1.773364148
2022-23,5,141,T Chalobah,DEF,CHE,4.8,1.314900094
2022-23,5,523,Toffolo,DEF,NFO,4.5,1.230849687
2022-23,5,239,Firpo,DEF,LEE,4.5,0.197584194
2022-23,5,435,D Sanchez,DEF,TOT,4.4,2.093655742
2022-23,5,221,Cooper,DEF,LEE,4.5,1.079202118
2022-23,5,156,J Ward,DEF,CRY,4.5,1.497308444
2022-23,5,197,Patterson,DEF,EVE,4.0,2.349209368
2022-23,5,14,Tomiyasu,DEF,ARS,4.3,2.165912163
2022-23,5,84,Ajer,DEF,BRE,4.5,0.0
2022-23,5,82,Canos,DEF,BRE,5.0,0.510071658
2022-23,5,65,Stacey,DEF,BOU,4.4,1.119383359
2022-23,5,330,Maguire,DEF,MUN,4.8,0.51402567
2022-23,5,530,C Richards,DEF,CRY,4.5,1.108679152
2022-23,5,230,Koch,DEF,LEE,4.5,2.900694313
2022-23,5,456,Ogbonna,DEF,WHU,4.5,0.632701316
2022-23,5,215,Tete,DEF,FUL,4.5,1.708183104
2022-23,5,474,Boly,DEF,NFO,4.3,0.115093207
2022-23,5,32,C Chambers,DEF,AVL,4.4,0.948350613
2022-23,5,417,Perraud,DEF,SOU,4.5,1.29105242
2022-23,5,114,Lamptey,DEF,BHA,4.4,2.11193549
2022-23,5,559,Colwill,DEF,BHA,4.5,0.605897621
2022-23,5,270,Thomas,DEF,LEI,4.4,0.700310818
2022-23,5,545,Emerson P,DEF,WHU,4.0,1.107446374
2022-23,5,470,Diop,DEF,FUL,4.4,0.377854521
2022-23,5,267,Soyuncu,DEF,LEI,4.3,0.379453898
2022-23,5,192,Holgate,DEF,EVE,4.5,0.0
2022-23,5,501,N Phillips,DEF,LIV,4.0,0.50778931
2022-23,5,341,Wan-Bissaka,DEF,MUN,4.3,0.563641402
2022-23,5,379,S Cook,DEF,NFO,4.5,0.795947318
2022-23,5,532,Mbabu,DEF,FUL,4.5,2.260739342
2022-23,5,59,Fredericks,DEF,BOU,4.4,0.206932401
2022-23,5,595,Zanka,DEF,BRE,4.0,0.651102879
2022-23,5,471,Ben Johnson,DEF,WHU,4.5,0.686991799
2022-23,5,372,J Lewis,DEF,NEW,4.4,0.082386752
2022-23,5,253,Vestergaard,DEF,LEI,4.0,0.120828409
2022-23,5,539,Hill,DEF,BOU,4.5,0.084371359
2022-23,5,360,Lascelles,DEF,NEW,4.4,0.080736804
2022-23,5,489,Toti,DEF,WOL,4.0,0.28109322
2022-23,5,337,Lindelof,DEF,MUN,4.4,0.0
2022-23,5,525,Augustinsson,DEF,AVL,4.4,0.054632021
2022-23,5,1,Cedric,DEF,ARS,4.3,0.125641777
2022-23,5,208,Kongolo,DEF,FUL,4.0,0.06661712
2022-23,5,362,Dummett,DEF,NEW,4.0,0.020509131
2022-23,5,290,Konate,DEF,LIV,4.8,0.0
2022-23,5,56,Guilbert,DEF,AVL,4.0,0.024914134
2022-23,5,351,Fernandez,DEF,NEW,4.4,0.004154447
2022-23,5,91,Sorensen,DEF,BRE,4.5,0.108905152
2022-23,5,439,Tanganga,DEF,TOT,4.0,0.005977771
2022-23,5,328,P Jones,DEF,MUN,3.9,0.004993344
2022-23,5,298,Ramsay,DEF,LIV,4.0,0.0
2022-23,5,153,Tomkins,DEF,CRY,4.0,0.0
2022-23,5,250,Bertrand,DEF,LEI,4.0,0.0
2022-23,5,256,R Pereira,DEF,LEI,4.3,0.0
2022-23,5,193,Godfrey,DEF,EVE,4.3,0.0
2022-23,5,419,Livramento,DEF,SOU,4.4,0.0
2022-23,5,511,O Richards,DEF,NFO,4.5,0.0
2022-23,5,50,Carlos,DEF,AVL,4.8,0.0
2022-23,5,472,Aguerd,DEF,WHU,4.9,0.0
2022-23,5,226,Dallas,DEF,LEE,5.0,0.0
2022-23,5,544,van Hecke,DEF,BHA,4.0,0.105316492
2022-23,5,322,Wilson-Esbrand,DEF,MCI,3.9,0.004677904
2022-23,5,573,R Lewis,DEF,MCI,4.0,0.004688964
2022-23,5,563,L Chambers,DEF,LIV,4.0,0.004368797
2022-23,5,393,Mbe Soh,DEF,NFO,4.4,0.002790567
2022-23,5,320,Mbete,DEF,MCI,3.9,0.004413483
2022-23,5,500,van den Berg,DEF,LIV,4.0,0.004224306
2022-23,5,350,Ritchie,DEF,NEW,4.4,0.074844634
2022-23,5,598,Bevan,DEF,BOU,4.0,0.004118778
2022-23,5,540,Stevens,DEF,BRE,4.0,0.003804428
2022-23,5,555,Ashby,DEF,WHU,4.0,0.003494975
2022-23,5,96,Goode,DEF,BRE,4.0,0.003646292
2022-23,5,386,Drager,DEF,NFO,4.0,0.002760436
2022-23,5,138,Kenedy,DEF,CHE,4.0,0.050410049
2022-23,5,5,Holding,DEF,ARS,4.3,0.228439683
2022-23,5,222,Ayling,DEF,LEE,4.5,0.0
2022-23,5,273,Brunt,DEF,LEI,4.0,0.020764176
2022-23,5,243,Hjelde,DEF,LEE,4.0,0.024953052
2022-23,5,364,Krafth,DEF,NEW,4.4,0.0
2022-23,5,547,Drameh,DEF,LEE,4.0,0.053617081
2022-23,5,188,Mina,DEF,EVE,4.4,0.04603094
2022-23,5,174,N Ferguson,DEF,CRY,3.9,0.0
2022-23,5,507,Niakhate,DEF,NFO,4.4,0.116285823
2022-23,5,558,Bueno,DEF,WOL,4.0,0.048586256
2022-23,5,343,B Williams,DEF,MUN,3.9,0.086938387
2022-23,5,206,Bryan,DEF,FUL,4.4,0.213657193
2022-23,5,363,Manquillo,DEF,NEW,4.4,0.06544438
2022-23,5,494,Mosquera,DEF,WOL,4.0,0.214453879
2022-23,5,522,Spence,DEF,TOT,4.3,0.654310665
2022-23,5,90,Roerslev,DEF,BRE,4.4,0.6057835
2022-23,5,105,Duffy,DEF,FUL,4.4,0.958088569
2022-23,5,399,Biancone,DEF,NFO,4.4,0.569090797
2022-23,5,531,Vinagre,DEF,EVE,4.4,1.19509317
2022-23,5,413,Lyanco,DEF,SOU,4.5,0.296605641
2022-23,5,178,Coleman,DEF,EVE,4.5,1.043444502
2022-23,5,414,Valery,DEF,SOU,4.0,0.462525716
2022-23,5,404,Stephens,DEF,SOU,4.4,0.890612987
2022-23,5,538,Young,DEF,AVL,4.5,0.410055528
2022-23,5,283,Salah,MID,LIV,13.0,5.880131809
2022-23,5,333,Fernandes,MID,MUN,9.8,5.147581804
2022-23,5,428,Son,MID,TOT,11.8,4.76443425
2022-23,5,301,De Bruyne,MID,MCI,12.2,5.50902167
2022-23,5,304,Sterling,MID,CHE,9.9,5.399752663
2022-23,5,13,Saka,MID,ARS,7.9,4.567565194
2022-23,5,314,Foden,MID,MCI,8.0,4.71751097
2022-23,5,261,Maddison,MID,LEI,8.0,3.384474718
2022-23,5,465,Bowen,MID,WHU,8.3,3.904657491
2022-23,5,111,Trossard,MID,BHA,6.5,4.166812447
2022-23,5,142,Mount,MID,CHE,7.8,4.325135866
2022-23,5,335,Rashford,MID,MUN,6.3,4.268449568
2022-23,5,19,Martinelli,MID,ARS,6.4,4.153549995
2022-23,5,407,Ward-Prowse,MID,SOU,6.5,3.494895307
2022-23,5,264,Barnes,MID,LEI,6.9,3.996349606
2022-23,5,293,Diaz,MID,LIV,8.1,4.251709605
2022-23,5,300,Gundogan,MID,MCI,7.6,3.973990954
2022-23,5,7,Odegaard,MID,ARS,6.6,3.90861794
2022-23,5,303,Mahrez,MID,MCI,7.8,4.984888834
2022-23,5,368,Saint-Maximin,MID,NEW,6.5,2.806909214
2022-23,5,233,Harrison,MID,LEE,6.1,4.159414255
2022-23,5,340,Sancho,MID,MUN,7.3,3.801344242
2022-23,5,116,Mac Allister,MID,BHA,5.5,3.633338738
2022-23,5,225,Rodrigo,MID,LEE,6.5,4.435136706
2022-23,5,446,Kulusevski,MID,TOT,8.2,3.386922089
2022-23,5,311,B Silva,MID,MCI,6.8,3.826874121
2022-23,5,104,Gross,MID,BHA,5.8,3.592105995
2022-23,5,374,Guimaraes,MID,NEW,5.8,2.256783661
2022-23,5,468,Soucek,MID,WHU,5.4,3.231646288
2022-23,5,160,Zaha,MID,CRY,7.1,1.11883376
2022-23,5,371,Joelinton,MID,NEW,6.0,2.532700094
2022-23,5,486,P Neto,MID,WOL,5.3,3.461397308
2022-23,5,519,Eriksen,MID,MUN,6.3,3.504104926
2022-23,5,305,Grealish,MID,MCI,6.9,3.929402543
2022-23,5,535,Tavernier,MID,BOU,5.0,3.204591974
2022-23,5,373,Willock,MID,NEW,5.0,2.572524138
2022-23,5,315,Rodri,MID,MCI,5.9,3.081737295
2022-23,5,259,Tielemans,MID,LEI,6.4,2.994013609
2022-23,5,189,D Gray,MID,EVE,5.5,3.560492439
2022-23,5,169,Eze,MID,CRY,5.5,3.674049946
2022-23,5,195,Gordon,MID,EVE,5.5,3.398453039
2022-23,5,120,Caicedo,MID,BHA,5.0,2.935277311
2022-23,5,480,Neves,MID,WOL,5.5,3.132431881
2022-23,5,29,Coutinho,MID,AVL,6.8,2.511281961
2022-23,5,579,Guedes,MID,WOL,6.0,3.041101756
2022-23,5,79,Norgaard,MID,BRE,5.5,2.653087272
2022-23,5,266,Dewsbury-Hall,MID,LEI,5.0,2.813829928
2022-23,5,107,March,MID,BHA,5.0,2.929811789
2022-23,5,130,Jorginho,MID,CHE,6.0,3.190900223
2022-23,5,37,McGinn,MID,AVL,5.4,2.543265495
2022-23,5,527,Lingard,MID,NFO,5.9,1.955731944
2022-23,5,433,Hojbjerg,MID,TOT,5.5,2.706161993
2022-23,5,508,Sinisterra,MID,LEE,6.5,2.092452326
2022-23,5,593,Casemiro,MID,MUN,5.0,2.401334376
2022-23,5,88,Jensen,MID,BRE,5.1,2.610149515
2022-23,5,3,Xhaka,MID,ARS,5.0,2.838814562
2022-23,5,6,Partey,MID,ARS,5.0,1.586888411
2022-23,5,159,Ayew,MID,CRY,5.5,3.486151362
2022-23,5,467,Rice,MID,WHU,4.9,2.576335959
2022-23,5,346,A Pereira,MID,FUL,4.5,2.812352888
2022-23,5,246,Aaronson,MID,LEE,5.5,2.933707984
2022-23,5,64,Lerma,MID,BOU,5.0,2.802423576
2022-23,5,47,Ramsey,MID,AVL,5.3,2.397899482
2022-23,5,205,Reid,MID,FUL,5.5,2.923154052
2022-23,5,275,J Henderson,MID,LIV,5.4,2.766992033
2022-23,5,369,Almiron,MID,NEW,5.0,2.272991814
2022-23,5,483,Podence,MID,WOL,5.5,2.829933225
2022-23,5,575,Cornet,MID,WHU,5.9,2.552674384
2022-23,5,45,Bailey,MID,AVL,4.8,2.273130919
2022-23,5,282,Fabinho,MID,LIV,5.5,2.62027075
2022-23,5,406,Elyounoussi,MID,SOU,5.4,1.931154736
2022-23,5,503,Moutinho,MID,WOL,4.9,2.725416041
2022-23,5,265,Ndidi,MID,LEI,5.0,2.512164884
2022-23,5,440,Bentancur,MID,TOT,5.5,2.477660823
2022-23,5,469,Fornals,MID,WHU,5.4,2.597178418
2022-23,5,186,Iwobi,MID,EVE,5.5,3.055767971
2022-23,5,589,Nunes,MID,WOL,5.0,2.663455155
2022-23,5,42,Buendia,MID,AVL,6.0,2.177520252
2022-23,5,534,McNeil,MID,EVE,5.4,2.905489055
2022-23,5,512,Aribo,MID,SOU,5.5,2.233755328
2022-23,5,294,Elliott,MID,LIV,5.0,2.744585993
2022-23,5,204,Kebano,MID,FUL,5.5,2.170382461
2022-23,5,506,T Adams,MID,LEE,5.0,2.581409156
2022-23,5,161,Schlupp,MID,CRY,4.9,2.732744442
2022-23,5,220,Palhinha,MID,FUL,5.0,2.499206976
2022-23,5,212,H Wilson,MID,FUL,5.8,0.0
2022-23,5,53,Kamara,MID,AVL,5.0,2.185444749
2022-23,5,70,Billing,MID,BOU,5.3,2.410834291
2022-23,5,245,Roca,MID,LEE,4.9,2.493170899
2022-23,5,132,Kovacic,MID,CHE,4.9,1.745276451
2022-23,5,514,C Doucoure,MID,CRY,5.0,2.500865322
2022-23,5,493,Gibbs-White,MID,NFO,5.5,1.461722458
2022-23,5,464,Benrahma,MID,WHU,5.9,2.226500999
2022-23,5,211,Reed,MID,FUL,4.5,2.373483901
2022-23,5,580,Damsgaard,MID,BRE,5.5,2.005959766
2022-23,5,344,Elanga,MID,MUN,4.9,2.646777442
2022-23,5,171,Olise,MID,CRY,5.5,2.533026285
2022-23,5,296,Carvalho,MID,LIV,5.4,2.964699021
2022-23,5,185,A Doucoure,MID,EVE,5.3,0.446836459
2022-23,5,86,Janelt,MID,BRE,5.5,2.002426345
2022-23,5,418,Djenepo,MID,SOU,5.0,2.050470394
2022-23,5,577,Onana,MID,EVE,4.9,2.135454166
2022-23,5,387,Yates,MID,NFO,5.0,1.372050223
2022-23,5,12,Smith Rowe,MID,ARS,5.8,2.187263816
2022-23,5,89,Wissa,MID,BRE,5.4,1.910066973
2022-23,5,321,Lavia,MID,SOU,4.5,2.069348408
2022-23,5,260,Perez,MID,LEI,4.9,2.052215238
2022-23,5,136,Loftus-Cheek,MID,CHE,5.0,2.657450982
2022-23,5,69,Christie,MID,BOU,5.4,2.397650671
2022-23,5,582,Freuler,MID,NFO,5.0,1.479832747
2022-23,5,536,Mangala,MID,NFO,5.0,1.239637759
2022-23,5,231,D James,MID,LEE,6.0,2.526828946
2022-23,5,405,S Armstrong,MID,SOU,4.9,1.958758325
2022-23,5,154,McArthur,MID,CRY,4.9,1.233474622
2022-23,5,274,Milner,MID,LIV,4.5,2.187941974
2022-23,5,134,Kante,MID,CHE,4.9,0.0
2022-23,5,140,Pulisic,MID,CHE,5.8,1.484902992
2022-23,5,148,Gallagher,MID,CHE,5.7,0.0
2022-23,5,75,Anthony,MID,BOU,5.4,0.949726608
2022-23,5,135,Ziyech,MID,CHE,5.7,1.581751541
2022-23,5,460,Lanzini,MID,WHU,5.4,1.95220001
2022-23,5,524,O'Brien,MID,NFO,5.0,1.506357571
2022-23,5,214,Cavaleiro,MID,FUL,4.8,1.59969471
2022-23,5,60,Brooks,MID,BOU,5.4,0.0
2022-23,5,101,Lallana,MID,BHA,5.0,0.0
2022-23,5,68,Pearson,MID,BOU,4.5,1.675001797
2022-23,5,277,Thiago,MID,LIV,5.3,0.0
2022-23,5,117,Moder,MID,BHA,4.5,0.0
2022-23,5,349,Shelvey,MID,NEW,4.9,0.0
2022-23,5,278,Chamberlain,MID,LIV,4.9,0.0
2022-23,5,490,Chiquinho,MID,WOL,5.0,0.0
2022-23,5,179,Townsend,MID,EVE,5.5,0.0
2022-23,5,347,Pellistri,MID,MUN,4.4,0.0
2022-23,5,316,Palmer,MID,MCI,4.5,0.005056752
2022-23,5,546,Harris,MID,FUL,4.5,0.004119686
2022-23,5,552,Anderson,MID,NEW,4.5,0.003601929
2022-23,5,600,Knight,MID,MCI,4.5,0.00425324
2022-23,5,570,Garner,MID,MUN,4.5,0.003841055
2022-23,5,569,Garnacho,MID,MUN,4.4,0.003825864
2022-23,5,452,Devine,MID,TOT,4.4,0.003741132
2022-23,5,449,H White,MID,TOT,4.5,0.003728316
2022-23,5,21,Maitland-Niles,MID,ARS,4.8,0.003862781
2022-23,5,567,Ronan,MID,WOL,4.5,0.003873319
2022-23,5,566,Hodge,MID,WOL,4.5,0.003863057
2022-23,5,599,C Gomes,MID,MCI,4.5,0.003875285
2022-23,5,553,Hammond,MID,NFO,4.5,0.003327105
2022-23,5,572,Oko-Flex,MID,WHU,4.4,0.003584817
2022-23,5,27,Marquinhos,MID,ARS,4.8,0.02570981
2022-23,5,560,Mills,MID,EVE,4.5,0.003720722
2022-23,5,584,B Clark,MID,LIV,4.5,0.003638457
2022-23,5,551,Iqbal,MID,MUN,4.4,0.003569724
2022-23,5,509,Downes,MID,WHU,4.4,0.003375075
2022-23,5,601,Rodney,MID,CRY,4.5,0.003486226
2022-23,5,556,Coventry,MID,WHU,4.4,0.003357098
2022-23,5,561,Warrington,MID,EVE,4.5,0.003446038
2022-23,5,23,Nelson,MID,ARS,4.9,0.0
2022-23,5,479,Dendoncker,MID,WOL,4.9,1.576439986
2022-23,5,565,A Gray,MID,LEE,4.5,0.04523756
2022-23,5,49,Iroegbunam,MID,AVL,4.5,0.015938619
2022-23,5,119,Sarmiento,MID,BHA,4.5,0.04268482
2022-23,5,202,Knockaert,MID,FUL,4.8,0.042309329
2022-23,5,48,Chukwuemeka,MID,CHE,4.4,0.040871839
2022-23,5,287,Keita,MID,LIV,4.9,0.0
2022-23,5,247,Gyabi,MID,LEE,4.4,0.041280623
2022-23,5,564,Bajcetic,MID,LIV,4.5,0.151607161
2022-23,5,521,Francois,MID,FUL,4.5,0.037279077
2022-23,5,63,Marcondes,MID,BOU,4.9,0.398413462
2022-23,5,74,Dembele,MID,BOU,4.9,0.088569267
2022-23,5,36,Sanson,MID,AVL,4.5,0.081582695
2022-23,5,402,Romeu,MID,SOU,4.9,0.58370965
2022-23,5,115,Alzate,MID,BHA,4.5,0.086520509
2022-23,5,51,El Ghazi,MID,AVL,4.8,0.079230633
2022-23,5,485,Cundle,MID,WOL,4.4,0.082043608
2022-23,5,184,A Gomes,MID,EVE,4.5,0.080712761
2022-23,5,18,Lokonga,MID,ARS,4.4,0.07764643
2022-23,5,124,Mitoma,MID,BHA,5.0,1.805771302
2022-23,5,4,Elneny,MID,ARS,4.4,1.521988027
2022-23,5,87,Ghoddos,MID,BRE,4.9,0.164206932
2022-23,5,562,Solomon,MID,FUL,5.0,0.0
2022-23,5,549,Praet,MID,LEI,5.0,0.694354612
2022-23,5,216,Onomah,MID,FUL,4.4,0.167688516
2022-23,5,383,Cafu,MID,NFO,4.4,0.139935024
2022-23,5,240,Summerville,MID,LEE,4.5,0.367771181
2022-23,5,505,Rothwell,MID,BOU,4.9,0.0
2022-23,5,359,Fraser,MID,NEW,5.3,0.658332413
2022-23,5,450,P Sarr,MID,TOT,4.4,0.143747552
2022-23,5,378,Arter,MID,NFO,4.4,0.129636653
2022-23,5,403,Redmond,MID,SOU,5.3,0.629568901
2022-23,5,441,Skipp,MID,TOT,4.4,0.0
2022-23,5,291,C Jones,MID,LIV,4.9,0.078262696
2022-23,5,94,Baptiste,MID,BRE,4.5,0.22888166
2022-23,5,568,Campbell,MID,WOL,4.4,0.359205232
2022-23,5,252,N Mendy,MID,LEI,4.4,0.231771802
2022-23,5,118,Mwepu,MID,BHA,5.3,1.860250353
2022-23,5,58,Stanislas,MID,BOU,4.8,0.0
2022-23,5,251,Albrighton,MID,LEI,4.9,0.534783034
2022-23,5,381,Colback,MID,NFO,4.4,0.200571108
2022-23,5,25,Vieira,MID,ARS,5.8,1.437539371
2022-23,5,190,T Davies,MID,EVE,4.9,1.567495866
2022-23,5,61,Lowe,MID,BOU,5.4,0.639369383
2022-23,5,164,Riedewald,MID,CRY,4.5,0.434805003
2022-23,5,325,K Phillips,MID,MCI,4.9,1.284321729
2022-23,5,158,Milivojevic,MID,CRY,4.5,1.082408728
2022-23,5,41,Nakamba,MID,AVL,4.4,0.288702381
2022-23,5,269,Soumare,MID,LEI,4.4,0.505333416
2022-23,5,173,Ebiowei,MID,CRY,4.4,0.536267034
2022-23,5,338,McTominay,MID,MUN,4.9,1.685909602
2022-23,5,149,Gilmour,MID,CHE,4.4,0.575026543
2022-23,5,431,Lucas Moura,MID,TOT,5.8,0.359301131
2022-23,5,583,Kouyate,MID,NFO,4.5,0.620378662
2022-23,5,400,Walcott,MID,SOU,4.9,0.570043629
2022-23,5,93,Onyeka,MID,BRE,4.9,0.374618209
2022-23,5,203,N Chalobah,MID,FUL,4.5,0.388900228
2022-23,5,83,Dasilva,MID,BRE,4.6,1.370809545
2022-23,5,481,Hwang,MID,WOL,5.9,1.369102351
2022-23,5,331,Fred,MID,MUN,5.3,1.703103475
2022-23,5,183,Allan,MID,EVE,4.9,1.205941491
2022-23,5,416,I Diallo,MID,SOU,4.4,0.446947362
2022-23,5,163,W Hughes,MID,CRY,4.9,0.982689781
2022-23,5,365,Murphy,MID,NEW,4.4,1.181832549
2022-23,5,336,van de Beek,MID,MUN,5.3,1.405097716
2022-23,5,46,Douglas Luiz,MID,AVL,4.8,1.126716419
2022-23,5,200,Cairney,MID,FUL,4.9,1.757978288
2022-23,5,223,Klich,MID,LEE,4.9,1.064772199
2022-23,5,491,A Traore,MID,WOL,5.5,1.049515467
2022-23,5,224,Forshaw,MID,LEE,4.5,0.689219763
2022-23,5,67,L Cook,MID,BOU,4.9,1.375754178
2022-23,5,370,S Longstaff,MID,NEW,4.5,1.36485359
2022-23,5,444,Bissouma,MID,TOT,4.9,1.382888615
2022-23,5,427,Kane,FWD,TOT,11.4,4.961958234
2022-23,5,318,Haaland,FWD,MCI,11.8,5.279807152
2022-23,5,28,Jesus,FWD,ARS,8.2,4.913785557
2022-23,5,80,Toney,FWD,BRE,7.2,3.654100298
2022-23,5,210,Mitrovic,FWD,FUL,6.7,4.05569783
2022-23,5,103,Welbeck,FWD,BHA,6.5,4.057951161
2022-23,5,255,Vardy,FWD,LEI,9.4,3.866921108
2022-23,5,66,Solanke,FWD,BOU,5.8,3.484631915
2022-23,5,40,Watkins,FWD,AVL,7.4,3.141370621
2022-23,5,227,Bamford,FWD,LEE,7.3,2.080687039
2022-23,5,594,Isak,FWD,NEW,7.0,1.837364007
2022-23,5,297,Nunez,FWD,LIV,8.9,0.0
2022-23,5,397,Awoniyi,FWD,NFO,5.9,2.239937544
2022-23,5,476,Jimenez,FWD,WOL,6.9,3.490223896
2022-23,5,145,Havertz,FWD,CHE,7.8,3.817559089
2022-23,5,394,Brennan Johnson,FWD,NFO,5.9,2.305284185
2022-23,5,95,Mbeumo,FWD,BRE,6.0,2.786660366
2022-23,5,30,Ings,FWD,AVL,6.9,2.529055999
2022-23,5,529,Scamacca,FWD,WHU,6.9,2.198690896
2022-23,5,411,C Adams,FWD,SOU,6.4,2.336586091
2022-23,5,166,Edouard,FWD,CRY,5.4,3.612133716
2022-23,5,279,Firmino,FWD,LIV,8.0,3.974656902
2022-23,5,191,Calvert-Lewin,FWD,EVE,7.9,0.313672884
2022-23,5,458,Antonio,FWD,WHU,7.3,2.856595289
2022-23,5,356,C Wilson,FWD,NEW,7.4,0.0
2022-23,5,168,Mateta,FWD,CRY,5.4,2.754495711
2022-23,5,62,Kieffer Moore,FWD,BOU,5.5,2.603756145
2022-23,5,454,Richarlison,FWD,TOT,8.5,2.229858421
2022-23,5,354,Wood,FWD,NEW,5.8,2.343118069
2022-23,5,110,Maupay,FWD,EVE,6.2,1.373364856
2022-23,5,585,E Dennis,FWD,NFO,6.0,1.426873643
2022-23,5,408,A Armstrong,FWD,SOU,5.5,1.987788951
2022-23,5,345,Martial,FWD,MUN,6.9,0.0
2022-23,5,326,Ronaldo,FWD,MUN,10.3,0.780175722
2022-23,5,319,Alvarez,FWD,MCI,6.2,2.617471941
2022-23,5,288,Jota,FWD,LIV,8.9,0.189670606
2022-23,5,271,Daka,FWD,LEI,5.8,1.983293751
2022-23,5,262,Iheanacho,FWD,LEI,6.3,1.727814826
2022-23,5,550,A Diallo,FWD,MUN,4.4,0.00414812
2022-23,5,528,Mara,FWD,SOU,5.5,0.003856799
2022-23,5,541,Dervisoglu,FWD,BRE,4.5,0.003767522
2022-23,5,597,Saydee,FWD,BOU,4.5,0.003664752
2022-23,5,596,E Ferguson,FWD,BHA,4.5,0.00366367
2022-23,5,447,Scarlett,FWD,TOT,4.5,0.00340141
2022-23,5,177,Rondon,FWD,EVE,5.0,1.041694886
2022-23,5,150,Broja,FWD,CHE,5.4,0.096956156
2022-23,5,591,Ablade,FWD,FUL,4.5,0.038619966
2022-23,5,125,Enciso,FWD,BHA,4.9,0.285449866
2022-23,5,54,Archer,FWD,AVL,4.5,0.159458895
2022-23,5,380,Taylor,FWD,NFO,4.5,0.13855952
2022-23,5,219,Stansfield,FWD,FUL,4.5,1.482711032
2022-23,5,123,Undav,FWD,BHA,5.3,0.686558077
2022-23,5,515,Lewis-Potter,FWD,BRE,5.3,1.400344785
2022-23,5,391,Surridge,FWD,NFO,4.9,0.658005108
2022-23,5,242,Gelhardt,FWD,LEE,5.4,1.227251215
2022-23,5,237,Greenwood,FWD,LEE,4.5,0.855694132
2022-23,5,11,Nketiah,FWD,ARS,6.7,1.686603765
2022-23,6,376,Pope,GK,NEW,5.0,4.555984675
2022-23,6,281,Alisson,GK,LIV,5.5,4.478462618
2022-23,6,307,Ederson,GK,MCI,5.5,4.021348616
2022-23,6,81,Raya,GK,BRE,4.5,4.027301606
2022-23,6,147,E Mendy,GK,CHE,5.0,3.956625389
2022-23,6,398,D Henderson,GK,NFO,4.6,4.430131133
2022-23,6,113,R Sanchez,GK,BHA,4.7,3.950271008
2022-23,6,15,Ramsdale,GK,ARS,5.0,2.961555614
2022-23,6,425,Lloris,GK,TOT,5.5,4.341186225
2022-23,6,238,Meslier,GK,LEE,4.5,3.589392258
2022-23,6,455,Fabianski,GK,WHU,5.0,2.657733436
2022-23,6,31,E Martinez,GK,AVL,4.9,2.45845592
2022-23,6,152,Guaita,GK,CRY,4.5,3.361010032
2022-23,6,327,de Gea,GK,MUN,4.9,3.284739312
2022-23,6,478,Sa,GK,WOL,5.0,4.22774308
2022-23,6,2,Leno,GK,FUL,4.5,2.161619385
2022-23,6,182,Pickford,GK,EVE,4.5,2.489794627
2022-23,6,254,D Ward,GK,LEI,4.0,2.71183001
2022-23,6,422,Bazunu,GK,SOU,4.5,3.133099561
2022-23,6,574,N Neto,GK,BOU,4.5,2.68714691
2022-23,6,72,Travers,GK,BOU,4.5,0.975627773
2022-23,6,175,Johnstone,GK,CRY,4.5,0.33890454
2022-23,6,473,Areola,GK,WHU,4.4,0.240632212
2022-23,6,213,Rodak,GK,FUL,4.5,0.248847087
2022-23,6,355,Dubravka,GK,MUN,4.4,0.167830237
2022-23,6,548,Iversen,GK,LEI,3.9,0.266093141
2022-23,6,401,McCarthy,GK,SOU,4.4,0.214445475
2022-23,6,133,Kepa,GK,CHE,4.4,0.135101027
2022-23,6,24,Turner,GK,ARS,3.9,0.353127548
2022-23,6,517,Strakosha,GK,BRE,4.4,0.117420091
2022-23,6,289,Kelleher,GK,LIV,4.0,0.044149564
2022-23,6,353,Darlow,GK,NEW,4.0,0.087984181
2022-23,6,324,Ortega,GK,MCI,3.9,0.082312702
2022-23,6,426,Forster,GK,TOT,4.0,0.085992253
2022-23,6,102,Steele,GK,BHA,4.0,0.075270106
2022-23,6,518,Hennessey,GK,NFO,4.0,0.080134421
2022-23,6,236,Klaesson,GK,LEE,4.0,0.063011125
2022-23,6,35,Olsen,GK,AVL,4.0,0.047871616
2022-23,6,492,Sarkic,GK,WOL,4.0,0.078643004
2022-23,6,176,Begovic,GK,EVE,4.0,0.060992744
2022-23,6,497,Adrian,GK,LIV,4.0,0.043119986
2022-23,6,502,Carson,GK,MCI,3.9,0.008062974
2022-23,6,162,Butland,GK,CRY,4.4,0.007394778
2022-23,6,451,Austin,GK,TOT,4.0,0.008391977
2022-23,6,571,Randolph,GK,WHU,4.0,0.00565776
2022-23,6,348,Heaton,GK,MUN,4.0,0.006658104
2022-23,6,581,Smithies,GK,LEI,4.0,0.006197464
2022-23,6,77,W Dennis,GK,BOU,4.0,0.006513388
2022-23,6,578,Robles,GK,LEE,4.0,0.006184155
2022-23,6,424,Caballero,GK,SOU,4.0,0.000645243
2022-23,6,592,H Davies,GK,LIV,4.0,0.004172116
2022-23,6,590,Whitworth,GK,CRY,4.0,0.003764188
2022-23,6,615,Kovar,GK,MUN,4.0,0.003718398
2022-23,6,557,Jackson Smith,GK,WOL,4.0,0.00393217
2022-23,6,285,Trent,DEF,LIV,7.5,5.47041229
2022-23,6,306,Cancelo,DEF,MCI,7.1,4.674711189
2022-23,6,146,R James,DEF,CHE,6.1,4.649621892
2022-23,6,284,Robertson,DEF,LIV,6.8,3.877750135
2022-23,6,280,van Dijk,DEF,LIV,6.5,4.159204617
2022-23,6,367,Targett,DEF,NEW,4.9,3.968676599
2022-23,6,357,Trippier,DEF,NEW,5.1,3.926428743
2022-23,6,112,Cucurella,DEF,CHE,5.2,3.886161341
2022-23,6,520,Koulibaly,DEF,CHE,5.5,3.772604641
2022-23,6,312,Dias,DEF,MCI,6.0,3.642435664
2022-23,6,106,Dunk,DEF,BHA,4.6,3.751899871
2022-23,6,276,Matip,DEF,LIV,5.9,2.577579643
2022-23,6,128,T Silva,DEF,CHE,5.5,3.641353875
2022-23,6,448,Perisic,DEF,TOT,5.6,4.135805298
2022-23,6,16,Gabriel,DEF,ARS,5.1,2.770586535
2022-23,6,299,Walker,DEF,MCI,5.1,3.059825679
2022-23,6,109,Veltman,DEF,BHA,4.6,3.583828398
2022-23,6,377,Botman,DEF,NEW,4.5,3.529783357
2022-23,6,457,Cresswell,DEF,WHU,4.9,2.209753902
2022-23,6,33,Digne,DEF,AVL,4.7,2.525061237
2022-23,6,165,Andersen,DEF,CRY,4.5,3.146512394
2022-23,6,108,Webster,DEF,BHA,4.5,3.443620009
2022-23,6,366,Schar,DEF,NEW,4.7,3.160836943
2022-23,6,139,Chilwell,DEF,CHE,5.8,3.336722292
2022-23,6,78,Jansson,DEF,BRE,4.4,3.472436125
2022-23,6,586,Estupinan,DEF,BHA,4.5,3.307046307
2022-23,6,443,Romero,DEF,TOT,4.9,2.96003212
2022-23,6,342,Dalot,DEF,MUN,4.4,3.100979943
2022-23,6,258,Castagne,DEF,LEI,4.5,2.74351233
2022-23,6,268,Justin,DEF,LEI,4.4,2.719727476
2022-23,6,602,Lodi,DEF,NFO,4.5,3.709053275
2022-23,6,167,Guehi,DEF,CRY,4.4,2.935557401
2022-23,6,43,Cash,DEF,AVL,4.7,2.226943849
2022-23,6,430,Dier,DEF,TOT,5.0,3.594886455
2022-23,6,409,Walker-Peters,DEF,SOU,4.5,3.020100412
2022-23,6,295,N Williams,DEF,NFO,4.1,3.660650494
2022-23,6,73,Kelly,DEF,BOU,4.5,2.921616666
2022-23,6,249,Evans,DEF,LEI,4.4,2.656699707
2022-23,6,10,B White,DEF,ARS,4.5,2.209317077
2022-23,6,302,Stones,DEF,MCI,5.4,3.026641839
2022-23,6,533,L Martinez,DEF,MUN,4.4,2.924055686
2022-23,6,170,Mitchell,DEF,CRY,4.5,2.846851774
2022-23,6,461,Zouma,DEF,WHU,4.5,1.971405386
2022-23,6,329,Varane,DEF,MUN,4.8,2.840772
2022-23,6,313,Zinchenko,DEF,ARS,5.1,1.159844381
2022-23,6,272,Fofana,DEF,CHE,4.4,1.238298142
2022-23,6,26,Saliba,DEF,ARS,4.8,2.104951454
2022-23,6,526,Mee,DEF,BRE,4.6,3.34675442
2022-23,6,459,Dawson,DEF,WHU,4.8,1.759409037
2022-23,6,445,Emerson R,DEF,TOT,5.1,2.821741738
2022-23,6,576,Senesi,DEF,BOU,4.5,2.668389021
2022-23,6,244,Kristensen,DEF,LEE,4.9,2.517064612
2022-23,6,484,Kilman,DEF,WOL,4.5,3.595017886
2022-23,6,39,Mings,DEF,AVL,4.3,2.01026575
2022-23,6,308,Ake,DEF,MCI,5.0,1.899374958
2022-23,6,432,Ben T Davies,DEF,TOT,5.0,3.000944991
2022-23,6,286,J Gomez,DEF,LIV,4.5,2.190791546
2022-23,6,209,Adarabioyo,DEF,FUL,4.5,1.835284864
2022-23,6,84,Ajer,DEF,BRE,4.5,2.197748782
2022-23,6,257,Amartey,DEF,LEI,4.4,2.439453422
2022-23,6,228,Llorente,DEF,LEE,4.5,2.460674855
2022-23,6,92,Pinnock,DEF,BRE,4.4,0.520591713
2022-23,6,358,Burn,DEF,NEW,4.5,2.154096565
2022-23,6,385,McKenna,DEF,NFO,4.5,3.351967787
2022-23,6,57,A Smith,DEF,BOU,4.4,2.47534271
2022-23,6,510,Hickey,DEF,BRE,5.0,2.885352443
2022-23,6,157,Clyne,DEF,CRY,4.5,2.496794622
2022-23,6,516,Collins,DEF,WOL,4.5,3.571556982
2022-23,6,504,Malacia,DEF,MUN,4.4,2.447715138
2022-23,6,44,Konsa,DEF,AVL,4.4,1.691586567
2022-23,6,429,Doherty,DEF,TOT,4.6,1.924666986
2022-23,6,76,Zemura,DEF,BOU,4.4,2.078403949
2022-23,6,199,Tarkowski,DEF,EVE,4.5,2.175587426
2022-23,6,71,Mepham,DEF,BOU,4.4,2.256554252
2022-23,6,420,Salisu,DEF,SOU,4.4,2.653071555
2022-23,6,513,Lenglet,DEF,TOT,4.9,2.089250638
2022-23,6,487,Ait-Nouri,DEF,WOL,4.4,3.1870637
2022-23,6,388,Worrall,DEF,NFO,4.4,2.720797316
2022-23,6,482,Semedo,DEF,WOL,5.0,2.899880703
2022-23,6,463,Coufal,DEF,WHU,4.4,1.607929732
2022-23,6,127,Azpilicueta,DEF,CHE,5.0,2.27201816
2022-23,6,423,Bella-Kotchap,DEF,SOU,4.5,2.575515322
2022-23,6,332,Shaw,DEF,MUN,4.7,0.989339113
2022-23,6,8,Tierney,DEF,ARS,4.9,2.604896896
2022-23,6,475,Coady,DEF,EVE,4.8,2.074251594
2022-23,6,587,S Gomez,DEF,MCI,4.5,1.245032279
2022-23,6,588,Kehrer,DEF,WHU,4.5,1.745324654
2022-23,6,85,Henry,DEF,BRE,4.5,2.879463126
2022-23,6,474,Boly,DEF,NFO,4.3,1.891345776
2022-23,6,309,Laporte,DEF,MCI,5.9,0.0
2022-23,6,201,Ream,DEF,FUL,4.5,1.454698497
2022-23,6,180,Keane,DEF,EVE,4.3,1.735236577
2022-23,6,610,Akanji,DEF,MCI,5.0,0.334684648
2022-23,6,239,Firpo,DEF,LEE,4.5,1.27414164
2022-23,6,436,Sessegnon,DEF,TOT,4.5,1.779088019
2022-23,6,417,Perraud,DEF,SOU,4.5,1.866495438
2022-23,6,141,T Chalobah,DEF,CHE,4.8,0.791069676
2022-23,6,194,Mykolenko,DEF,EVE,4.5,1.802427657
2022-23,6,477,Jonny,DEF,WOL,4.4,2.788378988
2022-23,6,235,Struijk,DEF,LEE,4.5,1.892992689
2022-23,6,82,Canos,DEF,BRE,5.0,0.988734849
2022-23,6,217,Robinson,DEF,FUL,4.5,1.511892207
2022-23,6,221,Cooper,DEF,LEE,4.5,1.364663679
2022-23,6,330,Maguire,DEF,MUN,4.7,0.699965912
2022-23,6,613,Kurzawa,DEF,FUL,4.5,0.148979359
2022-23,6,14,Tomiyasu,DEF,ARS,4.3,1.924732223
2022-23,6,456,Ogbonna,DEF,WHU,4.5,0.54950305
2022-23,6,523,Toffolo,DEF,NFO,4.5,1.025720898
2022-23,6,156,J Ward,DEF,CRY,4.5,1.19263321
2022-23,6,292,Tsimikas,DEF,LIV,4.5,1.387525636
2022-23,6,623,Caleta-Car,DEF,SOU,4.5,0.0
2022-23,6,197,Patterson,DEF,EVE,4.0,1.730858707
2022-23,6,65,Stacey,DEF,BOU,4.4,0.722422098
2022-23,6,215,Tete,DEF,FUL,4.5,1.106869069
2022-23,6,270,Thomas,DEF,LEI,4.3,0.70260034
2022-23,6,545,Emerson P,DEF,WHU,4.0,0.959595941
2022-23,6,410,Bednarek,DEF,AVL,4.4,0.419820741
2022-23,6,470,Diop,DEF,FUL,4.4,0.455341872
2022-23,6,114,Lamptey,DEF,BHA,4.4,1.991483369
2022-23,6,530,C Richards,DEF,CRY,4.4,0.414305236
2022-23,6,559,Colwill,DEF,BHA,4.5,0.401570716
2022-23,6,379,S Cook,DEF,NFO,4.5,1.257072556
2022-23,6,32,C Chambers,DEF,AVL,4.4,0.395117105
2022-23,6,435,D Sanchez,DEF,TOT,4.4,0.622388396
2022-23,6,192,Holgate,DEF,EVE,4.4,0.0
2022-23,6,267,Soyuncu,DEF,LEI,4.3,0.379732507
2022-23,6,621,Bade,DEF,NFO,4.5,0.609281818
2022-23,6,341,Wan-Bissaka,DEF,MUN,4.3,0.326569303
2022-23,6,471,Ben Johnson,DEF,WHU,4.4,0.611308681
2022-23,6,360,Lascelles,DEF,NEW,4.4,0.333315206
2022-23,6,372,J Lewis,DEF,NEW,4.4,0.161481105
2022-23,6,59,Fredericks,DEF,BOU,4.4,0.680009652
2022-23,6,253,Vestergaard,DEF,LEI,3.9,0.12018002
2022-23,6,539,Hill,DEF,BOU,4.5,0.071088379
2022-23,6,501,N Phillips,DEF,LIV,4.0,0.041520393
2022-23,6,337,Lindelof,DEF,MUN,4.3,0.0
2022-23,6,525,Augustinsson,DEF,AVL,4.4,0.048902296
2022-23,6,362,Dummett,DEF,NEW,4.0,0.039883446
2022-23,6,290,Konate,DEF,LIV,4.8,0.0
2022-23,6,350,Ritchie,DEF,NEW,4.4,0.119481157
2022-23,6,595,Zanka,DEF,BRE,4.0,0.124148804
2022-23,6,1,Cedric,DEF,ARS,4.3,0.096267878
2022-23,6,56,Guilbert,DEF,AVL,4.0,0.022431861
2022-23,6,489,Toti,DEF,WOL,4.0,0.280550274
2022-23,6,439,Tanganga,DEF,TOT,3.9,0.007570458
2022-23,6,507,Niakhate,DEF,NFO,4.4,0.107029238
2022-23,6,328,P Jones,DEF,MUN,3.9,0.005346867
2022-23,6,298,Ramsay,DEF,LIV,3.9,0.0
2022-23,6,153,Tomkins,DEF,CRY,3.9,0.0
2022-23,6,250,Bertrand,DEF,LEI,4.0,0.0
2022-23,6,256,R Pereira,DEF,LEI,4.3,0.0
2022-23,6,193,Godfrey,DEF,EVE,4.3,0.0
2022-23,6,419,Livramento,DEF,SOU,4.4,0.0
2022-23,6,511,O Richards,DEF,NFO,4.4,0.0
2022-23,6,50,Carlos,DEF,AVL,4.8,0.0
2022-23,6,472,Aguerd,DEF,WHU,4.9,0.0
2022-23,6,226,Dallas,DEF,LEE,4.9,0.0
2022-23,6,544,van Hecke,DEF,BHA,4.0,0.110576968
2022-23,6,393,Mbe Soh,DEF,NFO,4.3,0.005150208
2022-23,6,399,Biancone,DEF,NFO,4.4,1.134768706
2022-23,6,322,Wilson-Esbrand,DEF,MCI,3.9,0.00421715
2022-23,6,573,R Lewis,DEF,MCI,4.0,0.004199537
2022-23,6,563,L Chambers,DEF,LIV,4.0,0.004254601
2022-23,6,540,Stevens,DEF,BRE,4.0,0.00399656
2022-23,6,386,Drager,DEF,NFO,4.0,0.004333201
2022-23,6,598,Bevan,DEF,BOU,4.0,0.003787664
2022-23,6,555,Ashby,DEF,WHU,4.0,0.0032395
2022-23,6,404,Stephens,DEF,BOU,4.4,0.003705783
2022-23,6,96,Goode,DEF,BRE,4.0,0.003837301
2022-23,6,612,Faes,DEF,LEI,4.5,0.003518442
2022-23,6,605,Welch,DEF,EVE,4.0,0.003034866
2022-23,6,222,Ayling,DEF,LEE,4.5,0.443973824
2022-23,6,273,Brunt,DEF,LEI,4.0,0.021262652
2022-23,6,243,Hjelde,DEF,LEE,4.0,0.020054392
2022-23,6,364,Krafth,DEF,NEW,4.4,0.0
2022-23,6,547,Drameh,DEF,LEE,4.0,0.043134443
2022-23,6,363,Manquillo,DEF,NEW,4.3,0.103902313
2022-23,6,5,Holding,DEF,ARS,4.3,0.178349525
2022-23,6,188,Mina,DEF,EVE,4.3,0.081605856
2022-23,6,558,Bueno,DEF,WOL,4.0,0.049075119
2022-23,6,174,N Ferguson,DEF,CRY,3.9,0.0
2022-23,6,343,B Williams,DEF,MUN,3.9,0.141331946
2022-23,6,532,Mbabu,DEF,FUL,4.5,1.476457232
2022-23,6,230,Koch,DEF,LEE,4.5,1.223660974
2022-23,6,90,Roerslev,DEF,BRE,4.4,0.530458693
2022-23,6,494,Mosquera,DEF,WOL,4.0,0.216727674
2022-23,6,413,Lyanco,DEF,SOU,4.5,0.666490484
2022-23,6,522,Spence,DEF,TOT,4.3,0.4247616
2022-23,6,105,Duffy,DEF,FUL,4.4,0.931735806
2022-23,6,622,Larios,DEF,SOU,4.0,0.353420081
2022-23,6,531,Vinagre,DEF,EVE,4.4,0.955254078
2022-23,6,178,Coleman,DEF,EVE,4.5,0.86257448
2022-23,6,538,Young,DEF,AVL,4.4,0.384114751
2022-23,6,283,Salah,MID,LIV,13.0,6.251163564
2022-23,6,428,Son,MID,TOT,11.7,6.134483562
2022-23,6,333,Fernandes,MID,MUN,9.8,4.860419909
2022-23,6,301,De Bruyne,MID,MCI,12.2,4.767713332
2022-23,6,304,Sterling,MID,CHE,10.0,5.211202586
2022-23,6,261,Maddison,MID,LEI,7.9,3.634234353
2022-23,6,13,Saka,MID,ARS,7.8,3.783131831
2022-23,6,314,Foden,MID,MCI,8.0,4.073790746
2022-23,6,465,Bowen,MID,WHU,8.2,3.184643488
2022-23,6,111,Trossard,MID,BHA,6.5,4.477816064
2022-23,6,407,Ward-Prowse,MID,SOU,6.5,3.727220481
2022-23,6,160,Zaha,MID,CRY,7.2,3.555548031
2022-23,6,19,Martinelli,MID,ARS,6.4,3.484789071
2022-23,6,264,Barnes,MID,LEI,6.9,3.237577393
2022-23,6,233,Harrison,MID,LEE,6.1,3.825379695
2022-23,6,293,Diaz,MID,LIV,8.2,4.220737212
2022-23,6,300,Gundogan,MID,MCI,7.6,3.665664893
2022-23,6,340,Sancho,MID,MUN,7.3,3.755418451
2022-23,6,335,Rashford,MID,MUN,6.3,3.851144283
2022-23,6,142,Mount,MID,CHE,7.7,3.868965427
2022-23,6,446,Kulusevski,MID,TOT,8.2,4.2268249
2022-23,6,7,Odegaard,MID,ARS,6.6,2.816214577
2022-23,6,116,Mac Allister,MID,BHA,5.5,3.980534343
2022-23,6,374,Guimaraes,MID,NEW,5.7,2.224172847
2022-23,6,368,Saint-Maximin,MID,NEW,6.5,1.988690199
2022-23,6,311,B Silva,MID,MCI,6.9,3.39541569
2022-23,6,104,Gross,MID,BHA,5.9,3.82143717
2022-23,6,468,Soucek,MID,WHU,5.4,2.66177959
2022-23,6,371,Joelinton,MID,NEW,6.0,3.370128433
2022-23,6,603,Paqueta,MID,WHU,6.0,1.545603853
2022-23,6,508,Sinisterra,MID,LEE,6.5,3.260202299
2022-23,6,373,Willock,MID,NEW,4.9,3.166367054
2022-23,6,527,Lingard,MID,NFO,5.8,3.298526953
2022-23,6,259,Tielemans,MID,LEI,6.4,2.709492598
2022-23,6,486,P Neto,MID,WOL,5.2,3.744737547
2022-23,6,535,Tavernier,MID,BOU,4.9,3.062780074
2022-23,6,315,Rodri,MID,MCI,5.9,3.01061838
2022-23,6,519,Eriksen,MID,MUN,6.3,3.212793613
2022-23,6,29,Coutinho,MID,AVL,6.7,2.365730643
2022-23,6,120,Caicedo,MID,BHA,5.0,3.098642624
2022-23,6,266,Dewsbury-Hall,MID,LEI,5.0,2.600783681
2022-23,6,37,McGinn,MID,AVL,5.3,2.440739625
2022-23,6,189,D Gray,MID,EVE,5.5,2.78327984
2022-23,6,480,Neves,MID,WOL,5.5,3.478026084
2022-23,6,169,Eze,MID,CRY,5.5,2.708032636
2022-23,6,195,Gordon,MID,EVE,5.5,2.662093086
2022-23,6,305,Grealish,MID,MCI,6.8,2.487816798
2022-23,6,107,March,MID,BHA,5.0,3.116874709
2022-23,6,593,Casemiro,MID,MUN,5.0,2.726780406
2022-23,6,369,Almiron,MID,NEW,5.0,3.031930733
2022-23,6,303,Mahrez,MID,MCI,7.7,2.250832082
2022-23,6,433,Hojbjerg,MID,TOT,5.5,3.070359273
2022-23,6,579,Guedes,MID,WOL,6.0,3.243952605
2022-23,6,246,Aaronson,MID,LEE,5.5,2.792509246
2022-23,6,467,Rice,MID,WHU,4.9,2.361088184
2022-23,6,88,Jensen,MID,BRE,5.1,3.071160517
2022-23,6,3,Xhaka,MID,ARS,5.0,2.522218586
2022-23,6,346,A Pereira,MID,FUL,4.6,2.318061565
2022-23,6,130,Jorginho,MID,CHE,6.0,3.135358245
2022-23,6,406,Elyounoussi,MID,SOU,5.4,2.102504282
2022-23,6,64,Lerma,MID,BOU,5.0,2.685105241
2022-23,6,503,Moutinho,MID,WOL,4.9,3.134164341
2022-23,6,614,Willian,MID,FUL,5.5,1.911078851
2022-23,6,47,Ramsey,MID,AVL,5.2,2.24905288
2022-23,6,514,C Doucoure,MID,CRY,5.0,2.525226392
2022-23,6,42,Buendia,MID,AVL,5.9,2.105475738
2022-23,6,282,Fabinho,MID,LIV,5.4,2.695627577
2022-23,6,294,Elliott,MID,LIV,5.0,3.019706994
2022-23,6,45,Bailey,MID,AVL,4.7,2.06445834
2022-23,6,265,Ndidi,MID,LEI,4.9,2.360360178
2022-23,6,440,Bentancur,MID,TOT,5.4,2.815344338
2022-23,6,575,Cornet,MID,WHU,5.9,2.11143317
2022-23,6,589,Nunes,MID,WOL,5.0,2.961433659
2022-23,6,512,Aribo,MID,SOU,5.5,2.379896395
2022-23,6,493,Gibbs-White,MID,NFO,5.5,2.331108741
2022-23,6,225,Rodrigo,MID,LEE,6.4,0.0
2022-23,6,53,Kamara,MID,AVL,4.9,2.127155725
2022-23,6,185,A Doucoure,MID,EVE,5.3,0.965988447
2022-23,6,580,Damsgaard,MID,BRE,5.4,2.418090354
2022-23,6,86,Janelt,MID,BRE,5.5,2.448128891
2022-23,6,161,Schlupp,MID,CRY,4.9,2.329773174
2022-23,6,159,Ayew,MID,CRY,5.5,2.197546791
2022-23,6,220,Palhinha,MID,FUL,5.0,2.075320845
2022-23,6,212,H Wilson,MID,FUL,5.8,0.0
2022-23,6,506,T Adams,MID,LEE,5.0,2.264153898
2022-23,6,469,Fornals,MID,WHU,5.4,1.975092035
2022-23,6,534,McNeil,MID,EVE,5.3,2.318372633
2022-23,6,186,Iwobi,MID,EVE,5.5,2.409995588
2022-23,6,132,Kovacic,MID,CHE,4.9,2.187720414
2022-23,6,387,Yates,MID,NFO,5.0,2.125553258
2022-23,6,70,Billing,MID,BOU,5.3,2.19736209
2022-23,6,582,Freuler,MID,NFO,5.0,2.495108082
2022-23,6,418,Djenepo,MID,SOU,5.0,2.173971816
2022-23,6,245,Roca,MID,LEE,4.9,2.23007509
2022-23,6,274,Milner,MID,LIV,4.5,2.690255608
2022-23,6,171,Olise,MID,CRY,5.5,1.99629014
2022-23,6,79,Norgaard,MID,BRE,5.5,0.0
2022-23,6,609,Antony,MID,MUN,7.5,0.556617372
2022-23,6,18,Lokonga,MID,ARS,4.4,2.271393039
2022-23,6,211,Reed,MID,FUL,4.5,2.001921712
2022-23,6,89,Wissa,MID,BRE,5.4,2.33271352
2022-23,6,6,Partey,MID,ARS,4.9,0.0
2022-23,6,464,Benrahma,MID,WHU,5.8,1.832210471
2022-23,6,321,Lavia,MID,SOU,4.5,2.159796391
2022-23,6,12,Smith Rowe,MID,ARS,5.7,2.171166085
2022-23,6,577,Onana,MID,EVE,4.9,1.676107079
2022-23,6,405,S Armstrong,MID,SOU,4.9,2.091367218
2022-23,6,359,Fraser,MID,NEW,5.3,2.254739787
2022-23,6,536,Mangala,MID,NFO,5.0,0.697763293
2022-23,6,205,Reid,MID,FUL,5.5,2.29387254
2022-23,6,275,J Henderson,MID,LIV,5.4,0.0
2022-23,6,483,Podence,MID,WOL,5.5,2.245113213
2022-23,6,344,Elanga,MID,MUN,4.9,2.496272847
2022-23,6,260,Perez,MID,LEI,4.9,1.460514207
2022-23,6,296,Carvalho,MID,LIV,5.4,2.388798934
2022-23,6,83,Dasilva,MID,BRE,4.6,2.378755651
2022-23,6,204,Kebano,MID,FUL,5.5,2.191247812
2022-23,6,69,Christie,MID,BOU,5.4,2.134894841
2022-23,6,134,Kante,MID,CHE,4.9,0.0
2022-23,6,524,O'Brien,MID,NFO,5.0,1.723851496
2022-23,6,154,McArthur,MID,CRY,4.9,0.0
2022-23,6,75,Anthony,MID,BOU,5.3,0.943046574
2022-23,6,148,Gallagher,MID,CHE,5.7,1.628307806
2022-23,6,136,Loftus-Cheek,MID,CHE,5.0,1.795704013
2022-23,6,60,Brooks,MID,BOU,5.3,0.0
2022-23,6,94,Baptiste,MID,BRE,4.5,1.433824807
2022-23,6,460,Lanzini,MID,WHU,5.3,1.749571713
2022-23,6,68,Pearson,MID,BOU,4.5,1.924109912
2022-23,6,140,Pulisic,MID,CHE,5.8,1.053389807
2022-23,6,611,Gueye,MID,EVE,5.0,0.073317537
2022-23,6,117,Moder,MID,BHA,4.4,0.0
2022-23,6,349,Shelvey,MID,NEW,4.9,0.0
2022-23,6,278,Chamberlain,MID,LIV,4.9,0.0
2022-23,6,490,Chiquinho,MID,WOL,5.0,0.0
2022-23,6,179,Townsend,MID,EVE,5.5,0.0
2022-23,6,277,Thiago,MID,LIV,5.3,0.0
2022-23,6,347,Pellistri,MID,MUN,4.4,0.0
2022-23,6,316,Palmer,MID,MCI,4.4,0.004413275
2022-23,6,552,Anderson,MID,NEW,4.5,0.004135887
2022-23,6,546,Harris,MID,FUL,4.5,0.003787214
2022-23,6,600,Knight,MID,MCI,4.5,0.003903444
2022-23,6,452,Devine,MID,TOT,4.4,0.004051516
2022-23,6,569,Garnacho,MID,MUN,4.4,0.003769902
2022-23,6,449,H White,MID,TOT,4.4,0.004031999
2022-23,6,553,Hammond,MID,NFO,4.5,0.003936055
2022-23,6,567,Ronan,MID,WOL,4.4,0.003975613
2022-23,6,566,Hodge,MID,WOL,4.5,0.003953186
2022-23,6,584,B Clark,MID,LIV,4.5,0.00363697
2022-23,6,604,Killian Phillips,MID,CRY,4.5,0.003517373
2022-23,6,560,Mills,MID,EVE,4.5,0.003465081
2022-23,6,551,Iqbal,MID,MUN,4.4,0.003548676
2022-23,6,509,Downes,MID,WHU,4.4,0.003265485
2022-23,6,607,M Smith,MID,ARS,4.5,0.003358527
2022-23,6,556,Coventry,MID,WHU,4.4,0.003226011
2022-23,6,601,Rodney,MID,CRY,4.5,0.003380823
2022-23,6,27,Marquinhos,MID,ARS,4.8,0.023081214
2022-23,6,135,Ziyech,MID,CHE,5.7,1.207313085
2022-23,6,23,Nelson,MID,ARS,4.9,0.0
2022-23,6,554,Gil,MID,TOT,5.0,0.021149381
2022-23,6,36,Sanson,MID,AVL,4.4,0.017629677
2022-23,6,101,Lallana,MID,BHA,5.0,0.0
2022-23,6,564,Bajcetic,MID,LIV,4.5,0.075363793
2022-23,6,565,A Gray,MID,LEE,4.5,0.042035462
2022-23,6,119,Sarmiento,MID,BHA,4.5,0.044222117
2022-23,6,231,D James,MID,FUL,6.0,0.993494774
2022-23,6,202,Knockaert,MID,FUL,4.8,0.03849723
2022-23,6,247,Gyabi,MID,LEE,4.4,0.039116404
2022-23,6,63,Marcondes,MID,BOU,4.8,0.091267125
2022-23,6,521,Francois,MID,FUL,4.4,0.035047093
2022-23,6,74,Dembele,MID,BOU,4.8,0.088128664
2022-23,6,115,Alzate,MID,BHA,4.5,0.089164285
2022-23,6,4,Elneny,MID,ARS,4.4,0.0
2022-23,6,616,Zakaria,MID,CHE,5.0,0.0
2022-23,6,87,Ghoddos,MID,BRE,4.9,0.185781194
2022-23,6,570,Garner,MID,EVE,4.5,0.161395409
2022-23,6,549,Praet,MID,LEI,4.9,0.650143315
2022-23,6,370,S Longstaff,MID,NEW,4.4,2.223747802
2022-23,6,216,Onomah,MID,FUL,4.4,0.153714587
2022-23,6,124,Mitoma,MID,BHA,5.0,1.917283009
2022-23,6,383,Cafu,MID,NFO,4.4,0.171884431
2022-23,6,287,Keita,MID,LIV,4.8,0.094464913
2022-23,6,118,Mwepu,MID,BHA,5.3,2.053479589
2022-23,6,403,Redmond,MID,SOU,5.3,0.66636489
2022-23,6,378,Arter,MID,NFO,4.4,0.153355906
2022-23,6,450,P Sarr,MID,TOT,4.4,0.153999946
2022-23,6,240,Summerville,MID,LEE,4.4,0.34051739
2022-23,6,583,Kouyate,MID,NFO,4.5,1.411608439
2022-23,6,505,Rothwell,MID,BOU,4.9,0.071276608
2022-23,6,562,Solomon,MID,FUL,5.0,0.0
2022-23,6,252,N Mendy,MID,LEI,4.4,0.228055715
2022-23,6,41,Nakamba,MID,AVL,4.4,0.272905906
2022-23,6,291,C Jones,MID,LIV,4.9,0.255112555
2022-23,6,214,Cavaleiro,MID,FUL,4.8,0.828107827
2022-23,6,381,Colback,MID,NFO,4.4,0.237328403
2022-23,6,441,Skipp,MID,TOT,4.4,0.235592438
2022-23,6,251,Albrighton,MID,LEI,4.9,0.507267499
2022-23,6,479,Dendoncker,MID,AVL,4.9,0.1402733
2022-23,6,568,Campbell,MID,WOL,4.4,0.710923808
2022-23,6,58,Stanislas,MID,BOU,4.8,0.154796647
2022-23,6,61,Lowe,MID,BOU,5.3,0.636452143
2022-23,6,203,N Chalobah,MID,FUL,4.5,0.288578149
2022-23,6,164,Riedewald,MID,CRY,4.4,0.399313454
2022-23,6,25,Vieira,MID,ARS,5.7,1.281480218
2022-23,6,269,Soumare,MID,LEI,4.4,0.488904027
2022-23,6,400,Walcott,MID,SOU,4.9,0.596055795
2022-23,6,173,Ebiowei,MID,CRY,4.4,0.480481543
2022-23,6,620,Arthur,MID,LIV,5.0,0.508418398
2022-23,6,416,I Diallo,MID,SOU,4.4,1.346118863
2022-23,6,158,Milivojevic,MID,CRY,4.4,0.916720318
2022-23,6,21,Maitland-Niles,MID,SOU,4.8,0.933254481
2022-23,6,431,Lucas Moura,MID,TOT,5.8,1.217976076
2022-23,6,365,Murphy,MID,NEW,4.4,1.410177766
2022-23,6,190,T Davies,MID,EVE,4.9,0.891455205
2022-23,6,338,McTominay,MID,MUN,4.9,1.423331036
2022-23,6,93,Onyeka,MID,BRE,4.9,0.78823534
2022-23,6,325,Kalvin Phillips,MID,MCI,4.9,0.230134556
2022-23,6,481,Hwang,MID,WOL,5.8,1.442486842
2022-23,6,331,Fred,MID,MUN,5.2,1.545142293
2022-23,6,149,Gilmour,MID,BHA,4.4,0.249132245
2022-23,6,183,Allan,MID,EVE,4.8,0.705749118
2022-23,6,46,Douglas Luiz,MID,AVL,4.8,1.105275746
2022-23,6,163,W Hughes,MID,CRY,4.9,0.600259768
2022-23,6,336,van de Beek,MID,MUN,5.2,1.218646294
2022-23,6,223,Klich,MID,LEE,4.8,0.979210211
2022-23,6,224,Forshaw,MID,LEE,4.5,0.658356195
2022-23,6,491,A Traore,MID,WOL,5.5,1.093709239
2022-23,6,200,Cairney,MID,FUL,4.8,1.336300848
2022-23,6,67,L Cook,MID,BOU,4.9,1.348071769
2022-23,6,444,Bissouma,MID,TOT,4.9,1.502628353
2022-23,6,427,Kane,FWD,TOT,11.4,6.379579599
2022-23,6,318,Haaland,FWD,MCI,11.9,4.623113559
2022-23,6,28,Jesus,FWD,ARS,8.2,4.102826241
2022-23,6,80,Toney,FWD,BRE,7.1,5.024117246
2022-23,6,227,Bamford,FWD,LEE,7.3,3.485621099
2022-23,6,210,Mitrovic,FWD,FUL,6.8,3.422785875
2022-23,6,255,Vardy,FWD,LEI,9.3,3.31126114
2022-23,6,594,Isak,FWD,NEW,7.0,3.127489253
2022-23,6,40,Watkins,FWD,AVL,7.4,2.905532512
2022-23,6,66,Solanke,FWD,BOU,5.7,3.823165619
2022-23,6,397,Awoniyi,FWD,NFO,5.9,3.83670927
2022-23,6,103,Welbeck,FWD,BHA,6.5,3.783465918
2022-23,6,394,Brennan Johnson,FWD,NFO,5.9,3.664952947
2022-23,6,297,Nunez,FWD,LIV,8.9,3.092903174
2022-23,6,95,Mbeumo,FWD,BRE,6.0,3.586148445
2022-23,6,476,Jimenez,FWD,WOL,6.9,3.96490568
2022-23,6,30,Ings,FWD,AVL,6.8,2.372905225
2022-23,6,529,Scamacca,FWD,WHU,6.8,1.899566035
2022-23,6,411,C Adams,FWD,SOU,6.4,2.550352483
2022-23,6,191,Calvert-Lewin,FWD,EVE,7.9,0.543739434
2022-23,6,279,Firmino,FWD,LIV,8.0,3.318132117
2022-23,6,356,C Wilson,FWD,NEW,7.3,0.252045317
2022-23,6,145,Havertz,FWD,CHE,7.8,2.956503884
2022-23,6,617,Aubameyang,FWD,CHE,9.0,0.47510503
2022-23,6,166,Edouard,FWD,CRY,5.4,2.333378804
2022-23,6,168,Mateta,FWD,CRY,5.4,2.15834814
2022-23,6,458,Antonio,FWD,WHU,7.2,2.302500838
2022-23,6,319,Alvarez,FWD,MCI,6.2,2.428931704
2022-23,6,62,Kieffer Moore,FWD,BOU,5.5,2.537773211
2022-23,6,585,E Dennis,FWD,NFO,6.0,2.217941057
2022-23,6,408,A Armstrong,FWD,SOU,5.5,2.159550684
2022-23,6,454,Richarlison,FWD,TOT,8.5,2.655528018
2022-23,6,354,Wood,FWD,NEW,5.7,2.965754667
2022-23,6,345,Martial,FWD,MUN,6.9,0.0
2022-23,6,110,Maupay,FWD,EVE,6.2,2.156566688
2022-23,6,326,Ronaldo,FWD,MUN,10.3,1.069516357
2022-23,6,515,Lewis-Potter,FWD,BRE,5.3,2.364632517
2022-23,6,271,Daka,FWD,LEI,5.7,1.779021038
2022-23,6,288,Jota,FWD,LIV,8.9,0.832969234
2022-23,6,262,Iheanacho,FWD,LEI,6.2,1.54836081
2022-23,6,242,Gelhardt,FWD,LEE,5.3,2.059931358
2022-23,6,618,Vinicius,FWD,FUL,5.5,0.237417222
2022-23,6,596,E Ferguson,FWD,BHA,4.5,0.003751572
2022-23,6,447,Scarlett,FWD,TOT,4.5,0.003546186
2022-23,6,528,Mara,FWD,SOU,5.5,1.208948103
2022-23,6,591,Ablade,FWD,FUL,4.5,0.036965142
2022-23,6,150,Broja,FWD,CHE,5.4,1.322132891
2022-23,6,177,Rondon,FWD,EVE,5.0,0.435536485
2022-23,6,125,Enciso,FWD,BHA,4.9,0.301530111
2022-23,6,54,Archer,FWD,AVL,4.4,0.155321063
2022-23,6,380,Taylor,FWD,NFO,4.4,0.170064977
2022-23,6,608,Kalajdzic,FWD,WOL,5.5,0.992596165
2022-23,6,123,Undav,FWD,BHA,5.2,0.935941034
2022-23,6,391,Surridge,FWD,NFO,4.9,0.893059069
2022-23,6,619,Gnonto,FWD,LEE,5.0,0.22512603
2022-23,6,237,Greenwood,FWD,LEE,4.4,0.663582681
2022-23,6,11,Nketiah,FWD,ARS,6.7,1.529046595
2022-23,8,376,Pope,GK,NEW,5.1,5.092018456
2022-23,8,281,Alisson,GK,LIV,5.4,0.0
2022-23,8,31,E Martinez,GK,AVL,4.9,3.643944997
2022-23,8,425,Lloris,GK,TOT,5.5,3.898780594
2022-23,8,81,Raya,GK,BRE,4.5,3.205408087
2022-23,8,152,Guaita,GK,CRY,4.5,0.0
2022-23,8,478,Sa,GK,WOL,5.0,2.388637146
2022-23,8,307,Ederson,GK,MCI,5.5,4.243329379
2022-23,8,455,Fabianski,GK,WHU,5.0,3.640737726
2022-23,8,2,Leno,GK,FUL,4.5,4.016977778
2022-23,8,147,E Mendy,GK,CHE,4.9,0.0
2022-23,8,15,Ramsdale,GK,ARS,4.9,3.798767664
2022-23,8,238,Meslier,GK,LEE,4.5,0.0
2022-23,8,113,R Sanchez,GK,BHA,4.7,0.0
2022-23,8,398,D Henderson,GK,NFO,4.7,3.904555029
2022-23,8,327,de Gea,GK,MUN,4.9,0.0
2022-23,8,254,D Ward,GK,LEI,4.0,1.784789363
2022-23,8,574,N Neto,GK,BOU,4.5,2.683665139
2022-23,8,182,Pickford,GK,EVE,4.5,0.0
2022-23,8,422,Bazunu,GK,SOU,4.5,2.93748679
2022-23,8,133,Kepa,GK,CHE,4.4,0.0
2022-23,8,176,Begovic,GK,EVE,4.0,3.1448689
2022-23,8,548,Iversen,GK,LEI,3.9,0.349625738
2022-23,8,175,Johnstone,GK,CRY,4.4,0.0
2022-23,8,72,Travers,GK,BOU,4.4,0.355725266
2022-23,8,473,Areola,GK,WHU,4.4,0.317597654
2022-23,8,355,Dubravka,GK,MUN,4.3,0.0
2022-23,8,289,Kelleher,GK,LIV,4.0,0.0
2022-23,8,213,Rodak,GK,FUL,4.4,0.115622756
2022-23,8,24,Turner,GK,ARS,3.9,0.095220208
2022-23,8,324,Ortega,GK,MCI,3.9,0.086852416
2022-23,8,401,McCarthy,GK,SOU,4.4,0.103908105
2022-23,8,426,Forster,GK,TOT,4.0,0.077544897
2022-23,8,35,Olsen,GK,AVL,4.0,0.39968637
2022-23,8,492,Sarkic,GK,WOL,4.0,0.048435158
2022-23,8,517,Strakosha,GK,BRE,4.4,0.061769033
2022-23,8,353,Darlow,GK,NEW,4.0,0.009607322
2022-23,8,626,Karius,GK,NEW,4.0,0.091429525
2022-23,8,102,Steele,GK,BHA,4.0,0.0
2022-23,8,236,Klaesson,GK,LEE,4.0,0.0
2022-23,8,518,Hennessey,GK,NFO,4.0,0.071605805
2022-23,8,348,Heaton,GK,MUN,4.0,0.0
2022-23,8,497,Adrian,GK,LIV,4.0,0.0
2022-23,8,162,Butland,GK,CRY,4.4,0.0
2022-23,8,502,Carson,GK,MCI,3.9,0.00852017
2022-23,8,451,Austin,GK,TOT,4.0,0.007549352
2022-23,8,571,Randolph,GK,WHU,4.0,0.007374274
2022-23,8,581,Smithies,GK,LEI,4.0,0.002224683
2022-23,8,578,Robles,GK,LEE,4.0,0.0
2022-23,8,627,Jakupovic,GK,EVE,4.0,0.06585078
2022-23,8,424,Caballero,GK,SOU,4.0,0.000589623
2022-23,8,592,H Davies,GK,LIV,4.0,0.0
2022-23,8,590,Whitworth,GK,CRY,4.0,0.0
2022-23,8,557,Jackson Smith,GK,WOL,4.0,0.003202148
2022-23,8,285,Trent,DEF,LIV,7.5,0.0
2022-23,8,306,Cancelo,DEF,MCI,7.1,4.909262933
2022-23,8,146,R James,DEF,CHE,6.0,0.0
2022-23,8,284,Robertson,DEF,LIV,6.8,0.0
2022-23,8,280,van Dijk,DEF,LIV,6.5,0.0
2022-23,8,276,Matip,DEF,LIV,5.9,0.0
2022-23,8,112,Cucurella,DEF,CHE,5.2,0.0
2022-23,8,128,T Silva,DEF,CHE,5.5,0.0
2022-23,8,520,Koulibaly,DEF,CHE,5.5,0.0
2022-23,8,33,Digne,DEF,AVL,4.7,4.151792036
2022-23,8,165,Andersen,DEF,CRY,4.5,0.0
2022-23,8,357,Trippier,DEF,NEW,5.3,4.599736354
2022-23,8,272,Fofana,DEF,CHE,4.4,0.0
2022-23,8,312,Dias,DEF,MCI,6.0,4.042455862
2022-23,8,448,Perisic,DEF,TOT,5.6,3.761470224
2022-23,8,268,Justin,DEF,LEI,4.3,1.997809378
2022-23,8,299,Walker,DEF,MCI,5.1,1.26156466
2022-23,8,367,Targett,DEF,NEW,4.9,4.354518011
2022-23,8,16,Gabriel,DEF,ARS,5.1,3.465033972
2022-23,8,443,Romero,DEF,TOT,4.9,3.548283767
2022-23,8,167,Guehi,DEF,CRY,4.4,0.0
2022-23,8,43,Cash,DEF,AVL,4.7,2.686436758
2022-23,8,445,Emerson R,DEF,TOT,5.1,3.464774099
2022-23,8,461,Zouma,DEF,WHU,4.5,3.090190702
2022-23,8,249,Evans,DEF,LEI,4.4,1.839808731
2022-23,8,430,Dier,DEF,TOT,5.0,3.440526574
2022-23,8,366,Schar,DEF,NEW,4.7,4.037927477
2022-23,8,484,Kilman,DEF,WOL,4.5,2.171464511
2022-23,8,106,Dunk,DEF,BHA,4.6,0.0
2022-23,8,516,Collins,DEF,WOL,4.5,2.06763191
2022-23,8,258,Castagne,DEF,LEI,4.4,1.75312355
2022-23,8,457,Cresswell,DEF,WHU,4.8,1.417557814
2022-23,8,39,Mings,DEF,AVL,4.3,3.466584278
2022-23,8,209,Adarabioyo,DEF,FUL,4.5,3.066238874
2022-23,8,477,Jonny,DEF,WOL,4.4,2.032201646
2022-23,8,85,Henry,DEF,BRE,4.5,2.662315389
2022-23,8,44,Konsa,DEF,AVL,4.4,3.445820694
2022-23,8,377,Botman,DEF,NEW,4.4,3.425784341
2022-23,8,156,J Ward,DEF,CRY,4.5,0.0
2022-23,8,26,Saliba,DEF,ARS,4.8,3.028275515
2022-23,8,309,Laporte,DEF,MCI,5.8,0.1011638
2022-23,8,199,Tarkowski,DEF,EVE,4.4,3.254327624
2022-23,8,463,Coufal,DEF,WHU,4.4,2.928307779
2022-23,8,409,Walker-Peters,DEF,SOU,4.5,2.766792906
2022-23,8,108,Webster,DEF,BHA,4.5,0.0
2022-23,8,588,Kehrer,DEF,WHU,4.5,2.677097054
2022-23,8,342,Dalot,DEF,MUN,4.5,0.0
2022-23,8,92,Pinnock,DEF,BRE,4.4,0.0
2022-23,8,313,Zinchenko,DEF,ARS,5.1,3.187252705
2022-23,8,109,Veltman,DEF,BHA,4.6,0.0
2022-23,8,78,Jansson,DEF,BRE,4.4,2.684296768
2022-23,8,432,Ben T Davies,DEF,TOT,5.0,2.425239745
2022-23,8,170,Mitchell,DEF,CRY,4.5,0.0
2022-23,8,73,Kelly,DEF,BOU,4.5,2.168138495
2022-23,8,10,B White,DEF,ARS,4.5,2.790462241
2022-23,8,71,Mepham,DEF,BOU,4.4,2.209645288
2022-23,8,459,Dawson,DEF,WHU,4.8,1.942397174
2022-23,8,329,Varane,DEF,MUN,4.8,0.0
2022-23,8,533,L Martinez,DEF,MUN,4.5,0.0
2022-23,8,602,Lodi,DEF,NFO,4.5,3.372583865
2022-23,8,244,Kristensen,DEF,LEE,4.9,0.0
2022-23,8,612,Faes,DEF,LEI,4.5,0.368207748
2022-23,8,295,N Williams,DEF,NFO,4.1,3.640505768
2022-23,8,510,Hickey,DEF,BRE,5.0,2.332569103
2022-23,8,201,Ream,DEF,FUL,4.5,2.388320033
2022-23,8,487,Ait-Nouri,DEF,WOL,4.4,1.729882846
2022-23,8,358,Burn,DEF,NEW,4.5,2.711921054
2022-23,8,526,Mee,DEF,BRE,4.5,2.382367682
2022-23,8,194,Mykolenko,DEF,EVE,4.5,2.741968605
2022-23,8,475,Coady,DEF,EVE,4.8,3.09704162
2022-23,8,157,Clyne,DEF,CRY,4.5,0.0
2022-23,8,228,Llorente,DEF,LEE,4.5,0.0
2022-23,8,545,Emerson P,DEF,WHU,4.0,2.433779643
2022-23,8,57,A Smith,DEF,BOU,4.4,1.948637455
2022-23,8,513,Lenglet,DEF,TOT,4.8,1.589011351
2022-23,8,84,Ajer,DEF,BRE,4.5,2.218186064
2022-23,8,308,Ake,DEF,MCI,5.0,2.855463086
2022-23,8,192,Holgate,DEF,EVE,4.4,0.0
2022-23,8,504,Malacia,DEF,MUN,4.4,0.0
2022-23,8,482,Semedo,DEF,WOL,5.0,1.53658572
2022-23,8,302,Stones,DEF,MCI,5.4,3.251650086
2022-23,8,197,Patterson,DEF,EVE,4.1,2.657787123
2022-23,8,610,Akanji,DEF,MCI,5.0,1.255681639
2022-23,8,286,J Gomez,DEF,LIV,4.5,0.0
2022-23,8,586,Estupinan,DEF,BHA,4.5,0.0
2022-23,8,239,Firpo,DEF,LEE,4.5,0.0
2022-23,8,332,Shaw,DEF,MUN,4.7,0.0
2022-23,8,420,Salisu,DEF,SOU,4.4,2.272268201
2022-23,8,270,Thomas,DEF,LEI,4.3,0.715462098
2022-23,8,217,Robinson,DEF,FUL,4.5,0.738557477
2022-23,8,587,S Gomez,DEF,MCI,4.5,1.381180134
2022-23,8,417,Perraud,DEF,SOU,4.5,2.163425808
2022-23,8,180,Keane,DEF,EVE,4.3,2.491309151
2022-23,8,613,Kurzawa,DEF,FUL,4.5,2.687271425
2022-23,8,388,Worrall,DEF,NFO,4.4,2.877783135
2022-23,8,436,Sessegnon,DEF,TOT,4.5,1.946900742
2022-23,8,385,McKenna,DEF,NFO,4.5,2.8897764
2022-23,8,423,Bella-Kotchap,DEF,SOU,4.5,2.150148422
2022-23,8,76,Zemura,DEF,BOU,4.4,1.417212556
2022-23,8,235,Struijk,DEF,LEE,4.5,0.0
2022-23,8,215,Tete,DEF,FUL,4.5,1.779809657
2022-23,8,292,Tsimikas,DEF,LIV,4.5,0.0
2022-23,8,127,Azpilicueta,DEF,CHE,4.9,0.0
2022-23,8,576,Senesi,DEF,BOU,4.5,1.148940391
2022-23,8,59,Fredericks,DEF,BOU,4.4,1.708703784
2022-23,8,257,Amartey,DEF,LEI,4.4,0.678914071
2022-23,8,474,Boly,DEF,NFO,4.3,1.427750512
2022-23,8,290,Konate,DEF,LIV,4.8,0.0
2022-23,8,330,Maguire,DEF,MUN,4.7,0.0
2022-23,8,141,T Chalobah,DEF,CHE,4.7,0.0
2022-23,8,82,Canos,DEF,BRE,5.0,0.798773236
2022-23,8,623,Caleta-Car,DEF,SOU,4.5,0.80222504
2022-23,8,429,Doherty,DEF,TOT,4.6,0.678111926
2022-23,8,139,Chilwell,DEF,CHE,5.8,0.0
2022-23,8,32,C Chambers,DEF,AVL,4.4,0.894477041
2022-23,8,435,D Sanchez,DEF,TOT,4.4,0.337519421
2022-23,8,230,Koch,DEF,LEE,4.5,0.0
2022-23,8,410,Bednarek,DEF,AVL,4.3,0.0
2022-23,8,532,Mbabu,DEF,FUL,4.4,2.035261456
2022-23,8,523,Toffolo,DEF,NFO,4.5,0.582845667
2022-23,8,221,Cooper,DEF,LEE,4.4,0.0
2022-23,8,188,Mina,DEF,EVE,4.3,0.486586493
2022-23,8,341,Wan-Bissaka,DEF,MUN,4.3,0.0
2022-23,8,267,Soyuncu,DEF,LEI,4.3,0.090306976
2022-23,8,337,Lindelof,DEF,MUN,4.3,0.0
2022-23,8,8,Tierney,DEF,ARS,4.8,1.292469258
2022-23,8,360,Lascelles,DEF,NEW,4.3,0.164978571
2022-23,8,621,Bade,DEF,NFO,4.5,1.206084895
2022-23,8,501,N Phillips,DEF,LIV,4.0,0.0
2022-23,8,105,Duffy,DEF,FUL,4.4,0.882152521
2022-23,8,253,Vestergaard,DEF,LEI,3.9,0.020186398
2022-23,8,525,Augustinsson,DEF,AVL,4.3,0.036556884
2022-23,8,539,Hill,DEF,BOU,4.4,0.027246599
2022-23,8,65,Stacey,DEF,BOU,4.3,0.376710267
2022-23,8,489,Toti,DEF,WOL,3.9,0.224702395
2022-23,8,298,Ramsay,DEF,LIV,3.9,0.0
2022-23,8,153,Tomkins,DEF,CRY,3.9,0.0
2022-23,8,250,Bertrand,DEF,LEI,4.0,0.0
2022-23,8,193,Godfrey,DEF,EVE,4.3,0.0
2022-23,8,419,Livramento,DEF,SOU,4.4,0.0
2022-23,8,511,O Richards,DEF,NFO,4.4,0.0
2022-23,8,50,Carlos,DEF,AVL,4.8,0.0
2022-23,8,472,Aguerd,DEF,WHU,4.8,0.0
2022-23,8,226,Dallas,DEF,LEE,4.9,0.0
2022-23,8,322,Wilson-Esbrand,DEF,MCI,3.9,0.004360315
2022-23,8,573,R Lewis,DEF,MCI,4.0,0.004338255
2022-23,8,563,L Chambers,DEF,LIV,4.0,0.0
2022-23,8,393,Mbe Soh,DEF,NFO,4.3,0.004745287
2022-23,8,362,Dummett,DEF,NEW,3.9,0.004757716
2022-23,8,56,Guilbert,DEF,AVL,4.0,0.004163681
2022-23,8,555,Ashby,DEF,WHU,4.0,0.003800082
2022-23,8,439,Tanganga,DEF,TOT,3.9,0.003983187
2022-23,8,540,Stevens,DEF,BRE,4.0,0.003602774
2022-23,8,598,Bevan,DEF,BOU,4.0,0.003574927
2022-23,8,96,Goode,DEF,BRE,4.0,0.003432113
2022-23,8,386,Drager,DEF,NFO,4.0,0.004061489
2022-23,8,273,Brunt,DEF,LEI,4.0,0.002861443
2022-23,8,605,Welch,DEF,EVE,4.0,0.003626461
2022-23,8,595,Zanka,DEF,BRE,4.0,0.022202787
2022-23,8,243,Hjelde,DEF,LEE,3.9,0.0
2022-23,8,544,van Hecke,DEF,BHA,4.0,0.0
2022-23,8,507,Niakhate,DEF,NFO,4.3,0.0
2022-23,8,558,Bueno,DEF,WOL,4.0,0.034463084
2022-23,8,379,S Cook,DEF,NFO,4.5,0.499268266
2022-23,8,372,J Lewis,DEF,NEW,4.4,0.048135096
2022-23,8,363,Manquillo,DEF,NEW,4.3,0.047583696
2022-23,8,350,Ritchie,DEF,NEW,4.3,0.109282184
2022-23,8,404,Stephens,DEF,BOU,4.3,0.276027004
2022-23,8,494,Mosquera,DEF,WOL,3.9,0.104751738
2022-23,8,547,Drameh,DEF,LEE,4.0,0.0
2022-23,8,343,B Williams,DEF,MUN,3.9,0.0
2022-23,8,1,Cedric,DEF,ARS,4.2,0.083476541
2022-23,8,471,Ben Johnson,DEF,WHU,4.4,0.0
2022-23,8,90,Roerslev,DEF,BRE,4.4,0.448037107
2022-23,8,470,Diop,DEF,FUL,4.3,0.622881248
2022-23,8,222,Ayling,DEF,LEE,4.5,0.0
2022-23,8,174,N Ferguson,DEF,CRY,3.9,0.0
2022-23,8,522,Spence,DEF,TOT,4.2,0.18103332
2022-23,8,538,Young,DEF,AVL,4.4,1.261898165
2022-23,8,531,Vinagre,DEF,EVE,4.3,1.23074036
2022-23,8,178,Coleman,DEF,EVE,4.5,1.018164682
2022-23,8,399,Biancone,DEF,NFO,4.3,0.749506845
2022-23,8,559,Colwill,DEF,BHA,4.4,0.0
2022-23,8,530,C Richards,DEF,CRY,4.4,0.0
2022-23,8,413,Lyanco,DEF,SOU,4.4,0.202846994
2022-23,8,622,Larios,DEF,SOU,4.0,0.405961976
2022-23,8,5,Holding,DEF,ARS,4.3,0.278250467
2022-23,8,114,Lamptey,DEF,BHA,4.3,0.0
2022-23,8,14,Tomiyasu,DEF,ARS,4.2,1.507781797
2022-23,8,456,Ogbonna,DEF,WHU,4.5,0.873939038
2022-23,8,283,Salah,MID,LIV,12.9,0.0
2022-23,8,428,Son,MID,TOT,11.7,5.951047135
2022-23,8,301,De Bruyne,MID,MCI,12.2,4.87169985
2022-23,8,465,Bowen,MID,WHU,8.1,4.622163266
2022-23,8,304,Sterling,MID,CHE,10.0,0.0
2022-23,8,261,Maddison,MID,LEI,7.9,3.431026785
2022-23,8,333,Fernandes,MID,MUN,9.8,0.0
2022-23,8,160,Zaha,MID,CRY,7.2,0.0
2022-23,8,264,Barnes,MID,LEI,6.9,3.107956031
2022-23,8,314,Foden,MID,MCI,8.0,3.966695207
2022-23,8,13,Saka,MID,ARS,7.8,4.233241601
2022-23,8,19,Martinelli,MID,ARS,6.5,4.159823617
2022-23,8,603,Paqueta,MID,WHU,6.0,3.377971707
2022-23,8,407,Ward-Prowse,MID,SOU,6.5,3.651618046
2022-23,8,468,Soucek,MID,WHU,5.4,3.549842049
2022-23,8,293,Diaz,MID,LIV,8.2,0.0
2022-23,8,374,Guimaraes,MID,NEW,5.7,1.644381443
2022-23,8,368,Saint-Maximin,MID,NEW,6.4,1.677842425
2022-23,8,311,B Silva,MID,MCI,7.0,3.517536563
2022-23,8,300,Gundogan,MID,MCI,7.6,3.565386728
2022-23,8,111,Trossard,MID,BHA,6.5,0.0
2022-23,8,7,Odegaard,MID,ARS,6.5,3.698774837
2022-23,8,142,Mount,MID,CHE,7.6,0.0
2022-23,8,116,Mac Allister,MID,BHA,5.6,0.0
2022-23,8,169,Eze,MID,CRY,5.5,0.0
2022-23,8,486,P Neto,MID,WOL,5.1,2.781829455
2022-23,8,371,Joelinton,MID,NEW,6.0,4.085391534
2022-23,8,233,Harrison,MID,LEE,6.2,0.0
2022-23,8,340,Sancho,MID,MUN,7.3,0.0
2022-23,8,373,Willock,MID,NEW,4.9,4.103004905
2022-23,8,469,Fornals,MID,WHU,5.4,3.039441449
2022-23,8,535,Tavernier,MID,BOU,4.9,2.693465814
2022-23,8,104,Gross,MID,BHA,6.0,0.0
2022-23,8,614,Willian,MID,FUL,5.5,2.977980883
2022-23,8,446,Kulusevski,MID,TOT,8.1,3.841398535
2022-23,8,335,Rashford,MID,MUN,6.6,0.0
2022-23,8,45,Bailey,MID,AVL,4.7,3.743604147
2022-23,8,259,Tielemans,MID,LEI,6.3,2.427436077
2022-23,8,493,Gibbs-White,MID,NFO,5.5,3.642711746
2022-23,8,480,Neves,MID,WOL,5.5,2.595052991
2022-23,8,161,Schlupp,MID,CRY,4.9,0.0
2022-23,8,225,Rodrigo,MID,LEE,6.3,0.0
2022-23,8,315,Rodri,MID,MCI,5.9,2.990360679
2022-23,8,88,Jensen,MID,BRE,5.1,2.828522777
2022-23,8,346,A Pereira,MID,FUL,4.6,2.915029911
2022-23,8,467,Rice,MID,WHU,4.9,2.793682167
2022-23,8,266,Dewsbury-Hall,MID,LEI,5.0,2.290083875
2022-23,8,433,Hojbjerg,MID,TOT,5.5,3.076609499
2022-23,8,29,Coutinho,MID,AVL,6.7,3.300046454
2022-23,8,514,C Doucoure,MID,CRY,5.0,0.0
2022-23,8,589,Nunes,MID,WOL,5.0,2.356988303
2022-23,8,195,Gordon,MID,EVE,5.5,2.960702778
2022-23,8,508,Sinisterra,MID,LEE,6.5,0.0
2022-23,8,189,D Gray,MID,EVE,5.5,2.95778067
2022-23,8,64,Lerma,MID,BOU,5.0,2.406865433
2022-23,8,406,Elyounoussi,MID,SOU,5.3,2.498969569
2022-23,8,159,Ayew,MID,CRY,5.4,0.0
2022-23,8,303,Mahrez,MID,MCI,7.6,2.442181679
2022-23,8,120,Caicedo,MID,BHA,5.0,0.0
2022-23,8,37,McGinn,MID,AVL,5.3,3.055232594
2022-23,8,47,Ramsey,MID,AVL,5.2,3.07403872
2022-23,8,503,Moutinho,MID,WOL,4.9,2.307439604
2022-23,8,6,Partey,MID,ARS,4.8,0.0
2022-23,8,246,Aaronson,MID,LEE,5.5,0.0
2022-23,8,107,March,MID,BHA,5.0,0.0
2022-23,8,185,A Doucoure,MID,EVE,5.3,2.587644454
2022-23,8,275,J Henderson,MID,LIV,5.3,0.0
2022-23,8,3,Xhaka,MID,ARS,5.0,2.716038847
2022-23,8,132,Kovacic,MID,CHE,4.9,0.0
2022-23,8,579,Guedes,MID,WOL,6.0,2.444486479
2022-23,8,265,Ndidi,MID,LEI,4.9,2.163084399
2022-23,8,440,Bentancur,MID,TOT,5.4,2.701613402
2022-23,8,527,Lingard,MID,NFO,5.7,2.846953724
2022-23,8,282,Fabinho,MID,LIV,5.4,0.0
2022-23,8,519,Eriksen,MID,MUN,6.3,0.0
2022-23,8,70,Billing,MID,BOU,5.3,2.44130973
2022-23,8,42,Buendia,MID,AVL,5.9,2.992156594
2022-23,8,609,Antony,MID,MUN,7.5,0.0
2022-23,8,512,Aribo,MID,SOU,5.4,2.694182733
2022-23,8,305,Grealish,MID,MCI,6.8,2.29165942
2022-23,8,205,Reid,MID,FUL,5.5,2.798497724
2022-23,8,130,Jorginho,MID,CHE,6.0,0.0
2022-23,8,593,Casemiro,MID,MUN,5.0,0.0
2022-23,8,53,Kamara,MID,AVL,4.9,2.671426233
2022-23,8,245,Roca,MID,LEE,4.9,0.0
2022-23,8,220,Palhinha,MID,FUL,5.0,2.427696449
2022-23,8,387,Yates,MID,NFO,5.0,2.539933379
2022-23,8,464,Benrahma,MID,WHU,5.7,2.3393914
2022-23,8,86,Janelt,MID,BRE,5.5,2.33925771
2022-23,8,211,Reed,MID,FUL,4.5,2.345253186
2022-23,8,506,T Adams,MID,LEE,5.0,0.0
2022-23,8,577,Onana,MID,EVE,4.9,2.37834356
2022-23,8,60,Brooks,MID,BOU,5.3,0.0
2022-23,8,534,McNeil,MID,EVE,5.2,2.297827662
2022-23,8,134,Kante,MID,CHE,4.8,0.0
2022-23,8,69,Christie,MID,BOU,5.3,2.334788625
2022-23,8,204,Kebano,MID,FUL,5.5,2.33152789
2022-23,8,359,Fraser,MID,NEW,5.3,3.789477764
2022-23,8,277,Thiago,MID,LIV,5.2,0.0
2022-23,8,582,Freuler,MID,NFO,5.0,1.925705193
2022-23,8,369,Almiron,MID,NEW,5.0,3.533614368
2022-23,8,260,Perez,MID,LEI,4.9,1.006524129
2022-23,8,186,Iwobi,MID,EVE,5.5,2.098861863
2022-23,8,79,Norgaard,MID,BRE,5.4,0.0
2022-23,8,231,D James,MID,FUL,6.0,1.088509062
2022-23,8,212,H Wilson,MID,FUL,5.8,0.0
2022-23,8,580,Damsgaard,MID,BRE,5.3,1.911386189
2022-23,8,611,Gueye,MID,EVE,5.0,0.84450898
2022-23,8,18,Lokonga,MID,ARS,4.4,2.34856594
2022-23,8,321,Lavia,MID,SOU,4.5,0.0
2022-23,8,294,Elliott,MID,LIV,5.0,0.0
2022-23,8,269,Soumare,MID,LEI,4.4,1.611803674
2022-23,8,524,O'Brien,MID,NFO,5.0,1.865609372
2022-23,8,171,Olise,MID,CRY,5.5,0.0
2022-23,8,405,S Armstrong,MID,SOU,4.9,1.979675697
2022-23,8,67,L Cook,MID,BOU,4.9,2.148523288
2022-23,8,75,Anthony,MID,BOU,5.3,1.956943989
2022-23,8,101,Lallana,MID,BHA,4.9,0.0
2022-23,8,4,Elneny,MID,ARS,4.3,0.0
2022-23,8,117,Moder,MID,BHA,4.4,0.0
2022-23,8,349,Shelvey,MID,NEW,4.8,0.0
2022-23,8,278,Chamberlain,MID,LIV,4.9,0.0
2022-23,8,562,Solomon,MID,FUL,4.9,0.0
2022-23,8,490,Chiquinho,MID,WOL,5.0,0.0
2022-23,8,179,Townsend,MID,EVE,5.5,0.0
2022-23,8,316,Palmer,MID,MCI,4.4,0.004425338
2022-23,8,546,Harris,MID,FUL,4.5,0.004217521
2022-23,8,600,Knight,MID,MCI,4.5,0.00392584
2022-23,8,552,Anderson,MID,NEW,4.5,0.004505127
2022-23,8,27,Marquinhos,MID,ARS,4.8,0.003860001
2022-23,8,554,Gil,MID,TOT,5.0,0.004086635
2022-23,8,452,Devine,MID,TOT,4.4,0.003926106
2022-23,8,449,H White,MID,TOT,4.4,0.00390621
2022-23,8,119,Sarmiento,MID,BHA,4.5,0.0
2022-23,8,566,Hodge,MID,WOL,4.4,0.003483813
2022-23,8,569,Garnacho,MID,MUN,4.4,0.0
2022-23,8,347,Pellistri,MID,MUN,4.4,0.0
2022-23,8,607,M Smith,MID,ARS,4.5,0.003370859
2022-23,8,604,Killian Phillips,MID,CRY,4.5,0.0
2022-23,8,560,Mills,MID,EVE,4.5,0.003739391
2022-23,8,553,Hammond,MID,NFO,4.4,0.003847952
2022-23,8,115,Alzate,MID,BHA,4.4,0.0
2022-23,8,584,B Clark,MID,LIV,4.5,0.0
2022-23,8,551,Iqbal,MID,MUN,4.3,0.0
2022-23,8,564,Bajcetic,MID,LIV,4.5,0.0
2022-23,8,601,Rodney,MID,CRY,4.5,0.0
2022-23,8,416,I Diallo,MID,SOU,4.4,1.953509241
2022-23,8,23,Nelson,MID,ARS,4.9,0.0
2022-23,8,296,Carvalho,MID,LIV,5.4,0.0
2022-23,8,565,A Gray,MID,LEE,4.5,0.0
2022-23,8,154,McArthur,MID,CRY,4.8,0.0
2022-23,8,247,Gyabi,MID,LEE,4.4,0.0
2022-23,8,36,Sanson,MID,AVL,4.4,0.020624251
2022-23,8,74,Dembele,MID,BOU,4.8,0.040351931
2022-23,8,164,Riedewald,MID,CRY,4.4,0.0
2022-23,8,509,Downes,MID,WHU,4.4,0.032458295
2022-23,8,556,Coventry,MID,WHU,4.4,0.032198322
2022-23,8,136,Loftus-Cheek,MID,CHE,5.0,0.0
2022-23,8,89,Wissa,MID,BRE,5.4,1.846521467
2022-23,8,148,Gallagher,MID,CHE,5.7,0.0
2022-23,8,567,Ronan,MID,WOL,4.4,0.069596598
2022-23,8,63,Marcondes,MID,BOU,4.8,0.247637698
2022-23,8,450,P Sarr,MID,TOT,4.4,0.074326561
2022-23,8,140,Pulisic,MID,CHE,5.7,0.0
2022-23,8,252,N Mendy,MID,LEI,4.4,0.066272629
2022-23,8,570,Garner,MID,EVE,4.5,0.181553315
2022-23,8,441,Skipp,MID,TOT,4.4,0.070932105
2022-23,8,41,Nakamba,MID,AVL,4.4,0.070701262
2022-23,8,583,Kouyate,MID,NFO,4.5,1.839301652
2022-23,8,216,Onomah,MID,FUL,4.4,0.171982999
2022-23,8,61,Lowe,MID,BOU,5.3,0.15291899
2022-23,8,173,Ebiowei,MID,CRY,4.4,0.0
2022-23,8,135,Ziyech,MID,CHE,5.7,0.0
2022-23,8,536,Mangala,MID,NFO,4.9,0.184229259
2022-23,8,251,Albrighton,MID,LEI,4.8,0.225019912
2022-23,8,83,Dasilva,MID,BRE,4.6,1.803110102
2022-23,8,240,Summerville,MID,LEE,4.4,0.0
2022-23,8,549,Praet,MID,LEI,4.9,0.066798343
2022-23,8,483,Podence,MID,WOL,5.5,2.12182337
2022-23,8,338,McTominay,MID,MUN,4.9,0.0
2022-23,8,400,Walcott,MID,SOU,4.9,0.234623326
2022-23,8,568,Campbell,MID,WOL,4.4,0.306662129
2022-23,8,291,C Jones,MID,LIV,4.9,0.0
2022-23,8,12,Smith Rowe,MID,ARS,5.7,1.663225497
2022-23,8,203,N Chalobah,MID,FUL,4.5,0.317016715
2022-23,8,287,Keita,MID,LIV,4.8,0.0
2022-23,8,87,Ghoddos,MID,BRE,4.9,0.30071708
2022-23,8,616,Zakaria,MID,CHE,5.0,0.0
2022-23,8,460,Lanzini,MID,WHU,5.3,0.951485246
2022-23,8,190,T Davies,MID,EVE,4.9,0.512386309
2022-23,8,620,Arthur,MID,LIV,5.0,0.0
2022-23,8,274,Milner,MID,LIV,4.5,0.0
2022-23,8,381,Colback,MID,NFO,4.3,0.361246664
2022-23,8,25,Vieira,MID,ARS,5.7,1.780297681
2022-23,8,575,Cornet,MID,WHU,5.9,0.882152343
2022-23,8,183,Allan,MID,EVE,4.8,0.488367486
2022-23,8,58,Stanislas,MID,BOU,4.8,0.46843138
2022-23,8,46,Douglas Luiz,MID,AVL,4.8,1.422175622
2022-23,8,479,Dendoncker,MID,AVL,4.8,1.004464549
2022-23,8,68,Pearson,MID,BOU,4.5,0.0
2022-23,8,325,Kalvin Phillips,MID,MCI,4.8,0.562457866
2022-23,8,505,Rothwell,MID,BOU,4.9,0.0
2022-23,8,118,Mwepu,MID,BHA,5.3,0.0
2022-23,8,336,van de Beek,MID,MUN,5.2,0.0
2022-23,8,418,Djenepo,MID,SOU,5.0,1.545349873
2022-23,8,431,Lucas Moura,MID,TOT,5.8,0.0
2022-23,8,481,Hwang,MID,WOL,5.7,1.329484338
2022-23,8,624,Edozie,MID,SOU,5.0,0.951555861
2022-23,8,21,Maitland-Niles,MID,SOU,4.8,1.356842452
2022-23,8,93,Onyeka,MID,BRE,4.9,1.057220937
2022-23,8,365,Murphy,MID,NEW,4.4,1.769076416
2022-23,8,158,Milivojevic,MID,CRY,4.4,0.0
2022-23,8,224,Forshaw,MID,LEE,4.5,0.0
2022-23,8,491,A Traore,MID,WOL,5.5,1.324852173
2022-23,8,200,Cairney,MID,FUL,4.8,1.461756305
2022-23,8,163,W Hughes,MID,CRY,4.9,0.0
2022-23,8,124,Mitoma,MID,BHA,4.9,0.0
2022-23,8,344,Elanga,MID,MUN,4.9,0.0
2022-23,8,370,S Longstaff,MID,NEW,4.4,2.715043658
2022-23,8,331,Fred,MID,MUN,5.2,0.0
2022-23,8,94,Baptiste,MID,BRE,4.5,1.398811025
2022-23,8,149,Gilmour,MID,BHA,4.4,0.0
2022-23,8,444,Bissouma,MID,TOT,4.8,1.401461444
2022-23,8,223,Klich,MID,LEE,4.8,0.0
2022-23,8,318,Haaland,FWD,MCI,12.0,5.534388378
2022-23,8,427,Kane,FWD,TOT,11.4,6.344566028
2022-23,8,28,Jesus,FWD,ARS,8.1,4.74330731
2022-23,8,210,Mitrovic,FWD,FUL,6.9,4.488993278
2022-23,8,255,Vardy,FWD,LEI,9.3,3.085138205
2022-23,8,80,Toney,FWD,BRE,7.2,3.87875161
2022-23,8,66,Solanke,FWD,BOU,5.7,3.255916217
2022-23,8,594,Isak,FWD,NEW,7.0,5.175954637
2022-23,8,40,Watkins,FWD,AVL,7.3,2.387486643
2022-23,8,227,Bamford,FWD,LEE,7.3,0.0
2022-23,8,297,Nunez,FWD,LIV,8.9,0.0
2022-23,8,191,Calvert-Lewin,FWD,EVE,7.9,2.114379054
2022-23,8,411,C Adams,FWD,SOU,6.4,3.419883794
2022-23,8,476,Jimenez,FWD,WOL,6.9,0.0
2022-23,8,103,Welbeck,FWD,BHA,6.5,0.0
2022-23,8,617,Aubameyang,FWD,CHE,9.0,0.0
2022-23,8,95,Mbeumo,FWD,BRE,6.0,2.902534813
2022-23,8,394,Brennan Johnson,FWD,NFO,5.9,3.526813207
2022-23,8,30,Ings,FWD,AVL,6.7,4.602842892
2022-23,8,408,A Armstrong,FWD,SOU,5.5,2.691727309
2022-23,8,529,Scamacca,FWD,WHU,6.7,2.180099554
2022-23,8,345,Martial,FWD,MUN,6.9,0.0
2022-23,8,356,C Wilson,FWD,NEW,7.2,0.0
2022-23,8,458,Antonio,FWD,WHU,7.2,2.979398905
2022-23,8,145,Havertz,FWD,CHE,7.7,0.0
2022-23,8,279,Firmino,FWD,LIV,8.0,0.0
2022-23,8,262,Iheanacho,FWD,LEI,6.2,1.856752847
2022-23,8,166,Edouard,FWD,CRY,5.3,0.0
2022-23,8,168,Mateta,FWD,CRY,5.3,0.0
2022-23,8,271,Daka,FWD,LEI,5.7,1.773408194
2022-23,8,397,Awoniyi,FWD,NFO,5.8,2.699963751
2022-23,8,288,Jota,FWD,LIV,8.9,0.0
2022-23,8,454,Richarlison,FWD,TOT,8.5,2.856244962
2022-23,8,319,Alvarez,FWD,MCI,6.2,1.805005172
2022-23,8,625,Costa,FWD,WOL,5.5,1.714903903
2022-23,8,110,Maupay,FWD,EVE,6.1,2.418645982
2022-23,8,618,Vinicius,FWD,FUL,5.5,1.4100438
2022-23,8,326,Ronaldo,FWD,MUN,10.2,0.0
2022-23,8,62,Kieffer Moore,FWD,BOU,5.5,1.769363956
2022-23,8,608,Kalajdzic,FWD,WOL,5.5,0.0
2022-23,8,596,E Ferguson,FWD,BHA,4.5,0.0
2022-23,8,447,Scarlett,FWD,TOT,4.5,0.003457124
2022-23,8,591,Ablade,FWD,FUL,4.5,0.039839162
2022-23,8,177,Rondon,FWD,EVE,5.0,0.094893543
2022-23,8,528,Mara,FWD,SOU,5.4,1.411066711
2022-23,8,125,Enciso,FWD,BHA,4.8,0.0
2022-23,8,515,Lewis-Potter,FWD,BRE,5.3,1.754420803
2022-23,8,54,Archer,FWD,AVL,4.4,0.376361647
2022-23,8,391,Surridge,FWD,NFO,4.8,0.67508648
2022-23,8,619,Gnonto,FWD,LEE,5.0,0.0
2022-23,8,150,Broja,FWD,CHE,5.3,0.0
2022-23,8,354,Wood,FWD,NEW,5.7,2.170687905
2022-23,8,237,Greenwood,FWD,LEE,4.4,0.0
2022-23,8,242,Gelhardt,FWD,LEE,5.3,0.0
2022-23,8,11,Nketiah,FWD,ARS,6.6,1.592996796
2022-23,8,585,E Dennis,FWD,NFO,5.9,1.741025308
2022-23,8,123,Undav,FWD,BHA,5.2,0.0
2022-23,9,376,Pope,GK,NEW,5.2,4.33294807
2022-23,9,31,E Martinez,GK,AVL,4.9,4.004732921
2022-23,9,281,Alisson,GK,LIV,5.4,4.437471028
2022-23,9,81,Raya,GK,BRE,4.5,4.398938398
2022-23,9,478,Sa,GK,WOL,5.0,3.561632714
2022-23,9,2,Leno,GK,FUL,4.5,3.573379465
2022-23,9,152,Guaita,GK,CRY,4.5,3.079985076
2022-23,9,455,Fabianski,GK,WHU,5.0,3.834799458
2022-23,9,254,D Ward,GK,LEI,4.0,3.705582994
2022-23,9,238,Meslier,GK,LEE,4.5,3.753389198
2022-23,9,425,Lloris,GK,TOT,5.5,1.984320827
2022-23,9,398,D Henderson,GK,NFO,4.7,3.227221565
2022-23,9,307,Ederson,GK,MCI,5.5,3.78434434
2022-23,9,574,N Neto,GK,BOU,4.5,3.167959598
2022-23,9,113,R Sanchez,GK,BHA,4.7,2.325832954
2022-23,9,182,Pickford,GK,EVE,4.5,3.256335023
2022-23,9,133,Kepa,GK,CHE,4.4,3.97467798
2022-23,9,15,Ramsdale,GK,ARS,4.9,3.228895958
2022-23,9,327,de Gea,GK,MUN,4.9,1.930944092
2022-23,9,422,Bazunu,GK,SOU,4.5,3.604055018
2022-23,9,147,E Mendy,GK,CHE,4.9,0.08129773
2022-23,9,548,Iversen,GK,LEI,3.9,0.337995542
2022-23,9,175,Johnstone,GK,CRY,4.4,0.305604336
2022-23,9,72,Travers,GK,BOU,4.4,0.399175448
2022-23,9,426,Forster,GK,TOT,4.0,1.073625874
2022-23,9,473,Areola,GK,WHU,4.4,0.347934675
2022-23,9,176,Begovic,GK,EVE,4.0,0.491031206
2022-23,9,355,Dubravka,GK,MUN,4.3,0.092375997
2022-23,9,289,Kelleher,GK,LIV,4.0,0.112491227
2022-23,9,213,Rodak,GK,FUL,4.4,0.11095282
2022-23,9,401,McCarthy,GK,SOU,4.4,0.125631692
2022-23,9,626,Karius,GK,NEW,4.0,0.085676371
2022-23,9,324,Ortega,GK,MCI,3.9,0.079287368
2022-23,9,35,Olsen,GK,AVL,4.0,0.070350895
2022-23,9,517,Strakosha,GK,BRE,4.4,0.07912525
2022-23,9,24,Turner,GK,ARS,3.9,0.081871446
2022-23,9,492,Sarkic,GK,WOL,4.0,0.066005007
2022-23,9,102,Steele,GK,BHA,4.0,0.046702019
2022-23,9,236,Klaesson,GK,LEE,4.0,0.06837768
2022-23,9,518,Hennessey,GK,NFO,4.0,0.056607752
2022-23,9,348,Heaton,GK,MUN,4.0,0.004047507
2022-23,9,353,Darlow,GK,NEW,4.0,0.0
2022-23,9,497,Adrian,GK,LIV,4.0,0.008769834
2022-23,9,581,Smithies,GK,LEI,4.0,0.007830741
2022-23,9,502,Carson,GK,MCI,3.9,0.007828128
2022-23,9,162,Butland,GK,CRY,4.4,0.0
2022-23,9,451,Austin,GK,TOT,4.0,0.006124879
2022-23,9,571,Randolph,GK,WHU,4.0,0.008034005
2022-23,9,578,Robles,GK,LEE,4.0,0.006752031
2022-23,9,627,Jakupovic,GK,EVE,4.0,0.005940654
2022-23,9,424,Caballero,GK,SOU,4.0,0.000727057
2022-23,9,592,H Davies,GK,LIV,4.0,0.004284907
2022-23,9,590,Whitworth,GK,CRY,4.0,0.00364002
2022-23,9,557,Jackson Smith,GK,WOL,4.0,0.003584376
2022-23,9,285,Trent,DEF,LIV,7.4,6.036597363
2022-23,9,146,R James,DEF,CHE,6.0,4.417642849
2022-23,9,306,Cancelo,DEF,MCI,7.2,4.867765912
2022-23,9,280,van Dijk,DEF,LIV,6.4,4.467279094
2022-23,9,128,T Silva,DEF,CHE,5.4,3.593674312
2022-23,9,520,Koulibaly,DEF,CHE,5.5,3.529749148
2022-23,9,268,Justin,DEF,LEI,4.3,3.876967826
2022-23,9,357,Trippier,DEF,NEW,5.4,3.527605284
2022-23,9,165,Andersen,DEF,CRY,4.5,3.177920707
2022-23,9,272,Fofana,DEF,CHE,4.4,3.134742231
2022-23,9,249,Evans,DEF,LEI,4.4,3.699056909
2022-23,9,276,Matip,DEF,LIV,5.9,3.611567576
2022-23,9,367,Targett,DEF,NEW,4.9,3.280390595
2022-23,9,312,Dias,DEF,MCI,6.0,3.887195372
2022-23,9,366,Schar,DEF,NEW,4.7,3.09580258
2022-23,9,258,Castagne,DEF,LEI,4.4,3.28474091
2022-23,9,167,Guehi,DEF,CRY,4.3,2.86093719
2022-23,9,292,Tsimikas,DEF,LIV,4.5,4.651521636
2022-23,9,209,Adarabioyo,DEF,FUL,4.5,3.128396597
2022-23,9,377,Botman,DEF,NEW,4.4,2.899838814
2022-23,9,448,Perisic,DEF,TOT,5.6,2.618337319
2022-23,9,461,Zouma,DEF,WHU,4.5,3.640703154
2022-23,9,443,Romero,DEF,TOT,4.9,2.546169031
2022-23,9,299,Walker,DEF,MCI,5.0,3.211645016
2022-23,9,445,Emerson R,DEF,TOT,5.1,2.47066758
2022-23,9,39,Mings,DEF,AVL,4.3,2.843359812
2022-23,9,85,Henry,DEF,BRE,4.5,3.392353103
2022-23,9,106,Dunk,DEF,BHA,4.6,2.075540022
2022-23,9,484,Kilman,DEF,WOL,4.5,2.814779376
2022-23,9,112,Cucurella,DEF,CHE,5.1,0.0
2022-23,9,430,Dier,DEF,TOT,5.1,2.48966323
2022-23,9,16,Gabriel,DEF,ARS,5.1,3.245888825
2022-23,9,463,Coufal,DEF,WHU,4.4,3.518621422
2022-23,9,44,Konsa,DEF,AVL,4.4,2.804932543
2022-23,9,457,Cresswell,DEF,WHU,4.8,2.633383895
2022-23,9,78,Jansson,DEF,BRE,4.4,3.265451801
2022-23,9,477,Jonny,DEF,WOL,4.4,2.702947525
2022-23,9,156,J Ward,DEF,CRY,4.5,2.481321043
2022-23,9,409,Walker-Peters,DEF,SOU,4.5,3.672572568
2022-23,9,71,Mepham,DEF,BOU,4.4,2.98116698
2022-23,9,108,Webster,DEF,BHA,4.5,1.877120368
2022-23,9,612,Faes,DEF,LEI,4.5,2.266477054
2022-23,9,109,Veltman,DEF,BHA,4.6,1.978157803
2022-23,9,576,Senesi,DEF,BOU,4.5,3.000501952
2022-23,9,588,Kehrer,DEF,WHU,4.5,3.137738907
2022-23,9,26,Saliba,DEF,ARS,4.9,2.90813133
2022-23,9,170,Mitchell,DEF,CRY,4.5,2.3926194
2022-23,9,201,Ream,DEF,FUL,4.5,2.258398794
2022-23,9,313,Zinchenko,DEF,ARS,5.1,2.654013559
2022-23,9,57,A Smith,DEF,BOU,4.4,2.912176927
2022-23,9,342,Dalot,DEF,MUN,4.5,1.594464769
2022-23,9,602,Lodi,DEF,NFO,4.5,2.33609327
2022-23,9,92,Pinnock,DEF,BRE,4.4,1.221951309
2022-23,9,284,Robertson,DEF,LIV,6.7,0.0
2022-23,9,610,Akanji,DEF,MCI,5.0,3.2069224
2022-23,9,244,Kristensen,DEF,LEE,4.8,3.081009324
2022-23,9,525,Augustinsson,DEF,AVL,4.3,2.820011242
2022-23,9,199,Tarkowski,DEF,EVE,4.4,2.939318399
2022-23,9,526,Mee,DEF,BRE,4.5,2.583939219
2022-23,9,510,Hickey,DEF,BRE,5.0,2.948893901
2022-23,9,329,Varane,DEF,MUN,4.8,1.725458989
2022-23,9,295,N Williams,DEF,NFO,4.1,2.211243517
2022-23,9,432,Ben T Davies,DEF,TOT,5.0,1.505153023
2022-23,9,228,Llorente,DEF,LEE,4.5,2.958991872
2022-23,9,533,L Martinez,DEF,MUN,4.5,1.525137747
2022-23,9,76,Zemura,DEF,BOU,4.4,2.67114257
2022-23,9,538,Young,DEF,AVL,4.4,2.64981159
2022-23,9,487,Ait-Nouri,DEF,WOL,4.3,2.201656233
2022-23,9,157,Clyne,DEF,CRY,4.5,1.948664853
2022-23,9,84,Ajer,DEF,BRE,4.5,2.434369729
2022-23,9,43,Cash,DEF,AVL,4.6,0.0
2022-23,9,10,B White,DEF,ARS,4.5,2.597586381
2022-23,9,475,Coady,DEF,EVE,4.8,2.69833877
2022-23,9,194,Mykolenko,DEF,EVE,4.5,2.760226173
2022-23,9,459,Dawson,DEF,WHU,4.8,1.796235651
2022-23,9,545,Emerson P,DEF,WHU,4.0,1.949360731
2022-23,9,270,Thomas,DEF,LEI,4.3,1.438184528
2022-23,9,613,Kurzawa,DEF,FUL,4.5,1.807766617
2022-23,9,586,Estupinan,DEF,BHA,4.5,1.817714931
2022-23,9,127,Azpilicueta,DEF,CHE,4.9,1.895707852
2022-23,9,180,Keane,DEF,EVE,4.3,2.219776498
2022-23,9,420,Salisu,DEF,SOU,4.4,3.072025925
2022-23,9,388,Worrall,DEF,NFO,4.4,2.058829646
2022-23,9,309,Laporte,DEF,MCI,5.8,0.367722677
2022-23,9,358,Burn,DEF,NEW,4.5,1.650470695
2022-23,9,482,Semedo,DEF,WOL,5.0,2.020800728
2022-23,9,513,Lenglet,DEF,TOT,4.8,1.406339761
2022-23,9,489,Toti,DEF,WOL,3.9,2.289896387
2022-23,9,308,Ake,DEF,MCI,5.0,1.370296572
2022-23,9,217,Robinson,DEF,FUL,4.4,1.169900246
2022-23,9,417,Perraud,DEF,SOU,4.5,2.813809948
2022-23,9,504,Malacia,DEF,MUN,4.5,1.123455555
2022-23,9,239,Firpo,DEF,LEE,4.5,2.049860064
2022-23,9,332,Shaw,DEF,MUN,4.7,0.779753877
2022-23,9,290,Konate,DEF,LIV,4.8,0.936153107
2022-23,9,215,Tete,DEF,FUL,4.5,1.868025613
2022-23,9,423,Bella-Kotchap,DEF,SOU,4.5,2.774841511
2022-23,9,178,Coleman,DEF,EVE,4.5,2.24182247
2022-23,9,385,McKenna,DEF,NFO,4.5,1.090134176
2022-23,9,235,Struijk,DEF,LEE,4.5,2.220185843
2022-23,9,82,Canos,DEF,BRE,5.0,1.956142325
2022-23,9,587,S Gomez,DEF,MCI,4.5,1.042479145
2022-23,9,532,Mbabu,DEF,FUL,4.4,2.504135273
2022-23,9,257,Amartey,DEF,LEI,4.3,0.993413558
2022-23,9,286,J Gomez,DEF,LIV,4.5,1.001896773
2022-23,9,474,Boly,DEF,NFO,4.3,1.60708785
2022-23,9,59,Fredericks,DEF,BOU,4.4,1.646922323
2022-23,9,436,Sessegnon,DEF,TOT,4.5,1.505666868
2022-23,9,516,Collins,DEF,WOL,4.5,0.0
2022-23,9,73,Kelly,DEF,BOU,4.5,0.0
2022-23,9,32,C Chambers,DEF,AVL,4.3,0.88678637
2022-23,9,33,Digne,DEF,AVL,4.7,0.0
2022-23,9,623,Caleta-Car,DEF,SOU,4.5,1.421455879
2022-23,9,139,Chilwell,DEF,CHE,5.8,1.6504114
2022-23,9,141,T Chalobah,DEF,CHE,4.7,0.360581037
2022-23,9,330,Maguire,DEF,MUN,4.7,0.0
2022-23,9,302,Stones,DEF,MCI,5.4,0.0
2022-23,9,230,Koch,DEF,LEE,4.5,1.779225203
2022-23,9,429,Doherty,DEF,TOT,4.6,0.677512676
2022-23,9,192,Holgate,DEF,EVE,4.4,0.500563692
2022-23,9,435,D Sanchez,DEF,TOT,4.4,0.248634251
2022-23,9,410,Bednarek,DEF,AVL,4.3,0.27670655
2022-23,9,221,Cooper,DEF,LEE,4.4,0.7051183
2022-23,9,523,Toffolo,DEF,NFO,4.5,0.433014254
2022-23,9,267,Soyuncu,DEF,LEI,4.2,0.169738729
2022-23,9,621,Bade,DEF,NFO,4.5,1.01731492
2022-23,9,105,Duffy,DEF,FUL,4.4,0.892058191
2022-23,9,341,Wan-Bissaka,DEF,MUN,4.3,0.385509706
2022-23,9,360,Lascelles,DEF,NEW,4.3,0.25702187
2022-23,9,337,Lindelof,DEF,MUN,4.3,0.229988606
2022-23,9,65,Stacey,DEF,BOU,4.3,0.449588021
2022-23,9,501,N Phillips,DEF,LIV,4.0,0.044105357
2022-23,9,253,Vestergaard,DEF,LEI,3.9,0.036679458
2022-23,9,539,Hill,DEF,BOU,4.4,0.032796516
2022-23,9,494,Mosquera,DEF,WOL,3.9,0.403302254
2022-23,9,628,Aurier,DEF,NFO,4.5,0.665294662
2022-23,9,298,Ramsay,DEF,LIV,3.9,0.0
2022-23,9,250,Bertrand,DEF,LEI,4.0,0.0
2022-23,9,193,Godfrey,DEF,EVE,4.3,0.0
2022-23,9,419,Livramento,DEF,SOU,4.4,0.0
2022-23,9,511,O Richards,DEF,NFO,4.4,0.0
2022-23,9,50,Carlos,DEF,AVL,4.8,0.0
2022-23,9,472,Aguerd,DEF,WHU,4.8,0.0
2022-23,9,226,Dallas,DEF,LEE,4.9,0.0
2022-23,9,322,Wilson-Esbrand,DEF,MCI,3.9,0.004215646
2022-23,9,573,R Lewis,DEF,MCI,4.0,0.0041865
2022-23,9,393,Mbe Soh,DEF,NFO,4.3,0.003868875
2022-23,9,362,Dummett,DEF,NEW,3.9,0.004062415
2022-23,9,563,L Chambers,DEF,LIV,4.0,0.004418542
2022-23,9,153,Tomkins,DEF,CRY,3.9,0.003685651
2022-23,9,595,Zanka,DEF,BRE,4.0,0.027173435
2022-23,9,540,Stevens,DEF,BRE,4.0,0.004080218
2022-23,9,598,Bevan,DEF,BOU,4.0,0.003966246
2022-23,9,555,Ashby,DEF,WHU,4.0,0.00413369
2022-23,9,439,Tanganga,DEF,TOT,3.9,0.003362142
2022-23,9,273,Brunt,DEF,LEI,3.9,0.003846478
2022-23,9,96,Goode,DEF,BRE,3.9,0.003918688
2022-23,9,386,Drager,DEF,NFO,4.0,0.003442908
2022-23,9,605,Welch,DEF,EVE,4.0,0.003469434
2022-23,9,243,Hjelde,DEF,LEE,3.9,0.003510655
2022-23,9,544,van Hecke,DEF,BHA,4.0,0.01742324
2022-23,9,404,Stephens,DEF,BOU,4.3,0.32585966
2022-23,9,379,S Cook,DEF,NFO,4.5,0.362371161
2022-23,9,470,Diop,DEF,FUL,4.3,0.62476197
2022-23,9,507,Niakhate,DEF,NFO,4.3,0.084380005
2022-23,9,558,Bueno,DEF,WOL,4.0,0.04160605
2022-23,9,350,Ritchie,DEF,NEW,4.3,0.020950117
2022-23,9,372,J Lewis,DEF,NEW,4.4,0.040968959
2022-23,9,363,Manquillo,DEF,NEW,4.3,0.040503359
2022-23,9,222,Ayling,DEF,LEE,4.5,0.473117772
2022-23,9,631,Sousa,DEF,ARS,4.0,0.03323645
2022-23,9,547,Drameh,DEF,LEE,4.0,0.098574046
2022-23,9,343,B Williams,DEF,MUN,3.9,0.062705617
2022-23,9,197,Patterson,DEF,EVE,4.1,0.0
2022-23,9,90,Roerslev,DEF,BRE,4.4,0.314442708
2022-23,9,1,Cedric,DEF,ARS,4.2,0.255813793
2022-23,9,188,Mina,DEF,EVE,4.3,0.300619889
2022-23,9,56,Guilbert,DEF,AVL,4.0,0.597981461
2022-23,9,174,N Ferguson,DEF,CRY,3.9,0.0
2022-23,9,522,Spence,DEF,TOT,4.2,0.149945734
2022-23,9,471,Ben Johnson,DEF,WHU,4.4,0.383726833
2022-23,9,399,Biancone,DEF,NFO,4.3,0.496486437
2022-23,9,559,Colwill,DEF,BHA,4.4,0.495784226
2022-23,9,413,Lyanco,DEF,SOU,4.4,0.230811834
2022-23,9,622,Larios,DEF,SOU,4.0,0.501538718
2022-23,9,531,Vinagre,DEF,EVE,4.3,0.775702784
2022-23,9,530,C Richards,DEF,CRY,4.4,0.557573738
2022-23,9,5,Holding,DEF,ARS,4.2,0.269915065
2022-23,9,114,Lamptey,DEF,BHA,4.3,0.822407745
2022-23,9,8,Tierney,DEF,ARS,4.8,1.420380874
2022-23,9,456,Ogbonna,DEF,WHU,4.5,0.957281926
2022-23,9,14,Tomiyasu,DEF,ARS,4.2,1.433255481
2022-23,9,283,Salah,MID,LIV,12.9,6.458617481
2022-23,9,261,Maddison,MID,LEI,7.9,5.388986097
2022-23,9,428,Son,MID,TOT,11.7,4.360341937
2022-23,9,304,Sterling,MID,CHE,10.0,4.268465893
2022-23,9,465,Bowen,MID,WHU,8.1,4.956566876
2022-23,9,301,De Bruyne,MID,MCI,12.3,5.285655587
2022-23,9,264,Barnes,MID,LEI,6.9,4.702932498
2022-23,9,333,Fernandes,MID,MUN,9.8,3.350734628
2022-23,9,160,Zaha,MID,CRY,7.2,3.465859454
2022-23,9,407,Ward-Prowse,MID,SOU,6.5,4.43346225
2022-23,9,19,Martinelli,MID,ARS,6.6,4.055874113
2022-23,9,374,Guimaraes,MID,NEW,5.6,3.733375804
2022-23,9,314,Foden,MID,MCI,8.0,4.204349433
2022-23,9,13,Saka,MID,ARS,7.8,3.991822373
2022-23,9,603,Paqueta,MID,WHU,6.0,3.859345533
2022-23,9,111,Trossard,MID,BHA,6.6,2.956576172
2022-23,9,468,Soucek,MID,WHU,5.4,3.771387522
2022-23,9,142,Mount,MID,CHE,7.6,3.550613776
2022-23,9,293,Diaz,MID,LIV,8.2,3.882397607
2022-23,9,300,Gundogan,MID,MCI,7.6,3.851776057
2022-23,9,371,Joelinton,MID,NEW,6.0,3.414318062
2022-23,9,311,B Silva,MID,MCI,7.0,3.827338453
2022-23,9,116,Mac Allister,MID,BHA,5.6,2.811731128
2022-23,9,373,Willock,MID,NEW,4.9,3.341230914
2022-23,9,169,Eze,MID,CRY,5.5,2.742801299
2022-23,9,7,Odegaard,MID,ARS,6.5,3.467265942
2022-23,9,104,Gross,MID,BHA,6.0,2.694238149
2022-23,9,340,Sancho,MID,MUN,7.3,2.643080736
2022-23,9,233,Harrison,MID,LEE,6.2,3.584052914
2022-23,9,368,Saint-Maximin,MID,NEW,6.4,1.7676191
2022-23,9,486,P Neto,MID,WOL,5.1,3.159009755
2022-23,9,535,Tavernier,MID,BOU,4.9,3.244814602
2022-23,9,259,Tielemans,MID,LEI,6.3,3.326872305
2022-23,9,614,Willian,MID,FUL,5.5,3.011726595
2022-23,9,469,Fornals,MID,WHU,5.4,3.230537644
2022-23,9,161,Schlupp,MID,CRY,4.9,2.66347184
2022-23,9,45,Bailey,MID,AVL,4.7,3.247001029
2022-23,9,47,Ramsey,MID,AVL,5.2,3.176335579
2022-23,9,29,Coutinho,MID,AVL,6.7,3.258687314
2022-23,9,266,Dewsbury-Hall,MID,LEI,5.0,3.113831041
2022-23,9,225,Rodrigo,MID,LEE,6.3,3.011415971
2022-23,9,37,McGinn,MID,AVL,5.3,3.106988768
2022-23,9,88,Jensen,MID,BRE,5.1,3.287700572
2022-23,9,493,Gibbs-White,MID,NFO,5.5,2.504657385
2022-23,9,346,A Pereira,MID,FUL,4.6,2.793672927
2022-23,9,480,Neves,MID,WOL,5.5,2.948819918
2022-23,9,315,Rodri,MID,MCI,5.8,3.09721505
2022-23,9,70,Billing,MID,BOU,5.3,3.055153774
2022-23,9,64,Lerma,MID,BOU,5.0,2.861427374
2022-23,9,467,Rice,MID,WHU,4.9,2.954327729
2022-23,9,508,Sinisterra,MID,LEE,6.5,3.104993996
2022-23,9,514,C Doucoure,MID,CRY,5.0,2.445733719
2022-23,9,406,Elyounoussi,MID,SOU,5.3,2.928287546
2022-23,9,579,Guedes,MID,WOL,6.0,2.960846398
2022-23,9,120,Caicedo,MID,BHA,5.0,2.39614477
2022-23,9,589,Nunes,MID,WOL,5.0,2.659691011
2022-23,9,335,Rashford,MID,MUN,6.6,1.142490357
2022-23,9,159,Ayew,MID,CRY,5.4,2.311872527
2022-23,9,512,Aribo,MID,SOU,5.4,3.140748908
2022-23,9,433,Hojbjerg,MID,TOT,5.5,2.466440929
2022-23,9,503,Moutinho,MID,WOL,4.8,2.623914915
2022-23,9,359,Fraser,MID,NEW,5.3,3.189868127
2022-23,9,107,March,MID,BHA,5.0,2.454091108
2022-23,9,189,D Gray,MID,EVE,5.5,2.808270981
2022-23,9,132,Kovacic,MID,CHE,4.9,2.596914685
2022-23,9,265,Ndidi,MID,LEI,4.9,2.726659439
2022-23,9,303,Mahrez,MID,MCI,7.6,2.578524876
2022-23,9,46,Douglas Luiz,MID,AVL,4.8,2.693758723
2022-23,9,195,Gordon,MID,EVE,5.6,2.786183879
2022-23,9,527,Lingard,MID,NFO,5.7,2.584159089
2022-23,9,205,Reid,MID,FUL,5.5,2.669861755
2022-23,9,130,Jorginho,MID,CHE,5.9,2.582357005
2022-23,9,246,Aaronson,MID,LEE,5.5,2.778882989
2022-23,9,69,Christie,MID,BOU,5.3,2.786768825
2022-23,9,519,Eriksen,MID,MUN,6.3,2.184551826
2022-23,9,275,J Henderson,MID,LIV,5.3,2.693422883
2022-23,9,440,Bentancur,MID,TOT,5.4,2.200595811
2022-23,9,42,Buendia,MID,AVL,5.9,2.682363723
2022-23,9,6,Partey,MID,ARS,4.8,2.263402361
2022-23,9,211,Reed,MID,FUL,4.5,2.634984848
2022-23,9,185,A Doucoure,MID,EVE,5.3,2.555036037
2022-23,9,609,Antony,MID,MUN,7.5,2.137474222
2022-23,9,3,Xhaka,MID,ARS,5.1,2.565615017
2022-23,9,186,Iwobi,MID,EVE,5.5,2.849143686
2022-23,9,282,Fabinho,MID,LIV,5.4,2.66838494
2022-23,9,369,Almiron,MID,NEW,5.0,2.809003793
2022-23,9,86,Janelt,MID,BRE,5.5,2.690610337
2022-23,9,305,Grealish,MID,MCI,6.8,2.407464076
2022-23,9,593,Casemiro,MID,MUN,5.0,1.986374724
2022-23,9,387,Yates,MID,NFO,5.0,2.252144284
2022-23,9,245,Roca,MID,LEE,4.9,2.527028629
2022-23,9,446,Kulusevski,MID,TOT,8.1,0.62554445
2022-23,9,67,L Cook,MID,BOU,4.9,2.420051909
2022-23,9,220,Palhinha,MID,FUL,5.0,0.0
2022-23,9,464,Benrahma,MID,WHU,5.7,2.181287688
2022-23,9,506,T Adams,MID,LEE,5.0,2.427055094
2022-23,9,89,Wissa,MID,BRE,5.4,2.568856036
2022-23,9,577,Onana,MID,EVE,4.9,2.36185861
2022-23,9,204,Kebano,MID,FUL,5.5,2.017709224
2022-23,9,294,Elliott,MID,LIV,5.0,2.420328906
2022-23,9,483,Podence,MID,WOL,5.5,2.480950315
2022-23,9,534,McNeil,MID,EVE,5.2,2.141393215
2022-23,9,277,Thiago,MID,LIV,5.2,2.266210256
2022-23,9,231,D James,MID,FUL,6.0,1.7375755
2022-23,9,260,Perez,MID,LEI,4.8,1.102703879
2022-23,9,582,Freuler,MID,NFO,5.0,1.760468258
2022-23,9,75,Anthony,MID,BOU,5.3,2.205067603
2022-23,9,580,Damsgaard,MID,BRE,5.3,2.188261524
2022-23,9,416,I Diallo,MID,SOU,4.4,2.095422959
2022-23,9,134,Kante,MID,CHE,4.8,0.0
2022-23,9,524,O'Brien,MID,NFO,4.9,1.651803907
2022-23,9,269,Soumare,MID,LEI,4.4,1.045005511
2022-23,9,405,S Armstrong,MID,SOU,4.9,2.167195511
2022-23,9,611,Gueye,MID,EVE,5.0,1.231656589
2022-23,9,18,Lokonga,MID,ARS,4.4,0.806864092
2022-23,9,171,Olise,MID,CRY,5.4,1.505206889
2022-23,9,148,Gallagher,MID,CHE,5.7,1.133418676
2022-23,9,60,Brooks,MID,BOU,5.3,0.252944105
2022-23,9,79,Norgaard,MID,BRE,5.4,0.0
2022-23,9,321,Lavia,MID,SOU,4.5,0.0
2022-23,9,101,Lallana,MID,BHA,4.9,0.614565657
2022-23,9,53,Kamara,MID,AVL,4.9,0.0
2022-23,9,12,Smith Rowe,MID,ARS,5.6,0.0
2022-23,9,4,Elneny,MID,ARS,4.3,0.0
2022-23,9,117,Moder,MID,BHA,4.4,0.0
2022-23,9,349,Shelvey,MID,NEW,4.8,0.0
2022-23,9,278,Chamberlain,MID,LIV,4.9,0.0
2022-23,9,562,Solomon,MID,FUL,4.9,0.0
2022-23,9,490,Chiquinho,MID,WOL,5.0,0.0
2022-23,9,179,Townsend,MID,EVE,5.5,0.0
2022-23,9,316,Palmer,MID,MCI,4.4,0.004535932
2022-23,9,546,Harris,MID,FUL,4.4,0.004103318
2022-23,9,600,Knight,MID,MCI,4.5,0.00396365
2022-23,9,552,Anderson,MID,NEW,4.5,0.004124431
2022-23,9,27,Marquinhos,MID,ARS,4.8,0.003722808
2022-23,9,119,Sarmiento,MID,BHA,4.5,0.003495819
2022-23,9,452,Devine,MID,TOT,4.4,0.003497258
2022-23,9,607,M Smith,MID,ARS,4.5,0.003298853
2022-23,9,449,H White,MID,TOT,4.4,0.003485855
2022-23,9,569,Garnacho,MID,MUN,4.4,0.00344717
2022-23,9,566,Hodge,MID,WOL,4.4,0.003672746
2022-23,9,347,Pellistri,MID,MUN,4.4,0.003433049
2022-23,9,604,Killian Phillips,MID,CRY,4.5,0.00340928
2022-23,9,115,Alzate,MID,BHA,4.4,0.003408757
2022-23,9,553,Hammond,MID,NFO,4.4,0.003621451
2022-23,9,560,Mills,MID,EVE,4.5,0.003708771
2022-23,9,584,B Clark,MID,LIV,4.5,0.003667377
2022-23,9,551,Iqbal,MID,MUN,4.3,0.003317589
2022-23,9,564,Bajcetic,MID,LIV,4.5,0.003582664
2022-23,9,601,Rodney,MID,CRY,4.5,0.003267752
2022-23,9,212,H Wilson,MID,FUL,5.8,0.0
2022-23,9,136,Loftus-Cheek,MID,CHE,5.0,0.842723512
2022-23,9,565,A Gray,MID,LEE,4.5,0.0
2022-23,9,23,Nelson,MID,ARS,4.8,0.01931072
2022-23,9,36,Sanson,MID,AVL,4.4,0.019900503
2022-23,9,247,Gyabi,MID,LEE,4.4,0.019992183
2022-23,9,74,Dembele,MID,BOU,4.8,0.045094669
2022-23,9,630,Nwaneri,MID,ARS,4.5,0.034375478
2022-23,9,164,Riedewald,MID,CRY,4.4,0.034249065
2022-23,9,509,Downes,MID,WHU,4.4,0.0331839
2022-23,9,556,Coventry,MID,WHU,4.4,0.033061346
2022-23,9,570,Garner,MID,EVE,4.5,0.08387546
2022-23,9,140,Pulisic,MID,CHE,5.7,0.65779234
2022-23,9,583,Kouyate,MID,NFO,4.5,1.62786154
2022-23,9,567,Ronan,MID,WOL,4.4,0.073466314
2022-23,9,252,N Mendy,MID,LEI,4.4,0.073829738
2022-23,9,450,P Sarr,MID,TOT,4.4,0.06752749
2022-23,9,154,McArthur,MID,CRY,4.8,0.0
2022-23,9,441,Skipp,MID,TOT,4.4,0.065748875
2022-23,9,83,Dasilva,MID,BRE,4.6,2.008534117
2022-23,9,41,Nakamba,MID,AVL,4.4,0.068854258
2022-23,9,549,Praet,MID,LEI,4.9,0.721870394
2022-23,9,63,Marcondes,MID,BOU,4.8,0.46955584
2022-23,9,61,Lowe,MID,BOU,5.3,0.170297051
2022-23,9,135,Ziyech,MID,CHE,5.7,0.739307814
2022-23,9,118,Mwepu,MID,BHA,5.3,0.141191898
2022-23,9,338,McTominay,MID,MUN,4.9,1.633069646
2022-23,9,216,Onomah,MID,FUL,4.4,0.767969122
2022-23,9,251,Albrighton,MID,LEI,4.8,0.273207791
2022-23,9,25,Vieira,MID,ARS,5.7,1.440774142
2022-23,9,173,Ebiowei,MID,CRY,4.4,0.144722942
2022-23,9,287,Keita,MID,LIV,4.8,0.0
2022-23,9,240,Summerville,MID,LEE,4.4,0.2623417
2022-23,9,291,C Jones,MID,LIV,4.9,0.0
2022-23,9,296,Carvalho,MID,LIV,5.4,0.588973224
2022-23,9,554,Gil,MID,TOT,5.0,0.463603991
2022-23,9,400,Walcott,MID,SOU,4.9,0.253610716
2022-23,9,536,Mangala,MID,NFO,4.9,0.535659731
2022-23,9,505,Rothwell,MID,BOU,4.9,0.0
2022-23,9,616,Zakaria,MID,CHE,5.0,0.577968725
2022-23,9,568,Campbell,MID,WOL,4.4,0.332242762
2022-23,9,58,Stanislas,MID,BOU,4.8,0.788642109
2022-23,9,190,T Davies,MID,EVE,4.9,0.31628736
2022-23,9,203,N Chalobah,MID,FUL,4.5,1.112130263
2022-23,9,68,Pearson,MID,BOU,4.5,0.0
2022-23,9,325,Kalvin Phillips,MID,MCI,4.8,0.135479196
2022-23,9,431,Lucas Moura,MID,TOT,5.8,0.208707175
2022-23,9,87,Ghoddos,MID,BRE,4.9,0.489614421
2022-23,9,481,Hwang,MID,WOL,5.7,1.723081345
2022-23,9,460,Lanzini,MID,WHU,5.3,0.991937294
2022-23,9,381,Colback,MID,NFO,4.3,0.272808298
2022-23,9,620,Arthur,MID,LIV,5.0,0.32028267
2022-23,9,200,Cairney,MID,FUL,4.8,2.031902039
2022-23,9,575,Cornet,MID,WHU,5.9,0.918450897
2022-23,9,274,Milner,MID,LIV,4.5,0.821111561
2022-23,9,479,Dendoncker,MID,AVL,4.8,1.668560328
2022-23,9,224,Forshaw,MID,LEE,4.5,0.0
2022-23,9,418,Djenepo,MID,SOU,5.0,1.705979987
2022-23,9,336,van de Beek,MID,MUN,5.2,0.466765954
2022-23,9,629,Boubacar Traore,MID,WOL,4.5,0.514978127
2022-23,9,365,Murphy,MID,NEW,4.3,1.540464756
2022-23,9,624,Edozie,MID,SOU,5.0,0.919374667
2022-23,9,158,Milivojevic,MID,CRY,4.4,1.011063653
2022-23,9,370,S Longstaff,MID,NEW,4.4,1.590058312
2022-23,9,93,Onyeka,MID,BRE,4.9,1.142730759
2022-23,9,491,A Traore,MID,WOL,5.5,1.096609886
2022-23,9,21,Maitland-Niles,MID,SOU,4.8,1.441923706
2022-23,9,124,Mitoma,MID,BHA,4.9,1.10818161
2022-23,9,163,W Hughes,MID,CRY,4.8,0.982682216
2022-23,9,344,Elanga,MID,MUN,4.9,1.324786454
2022-23,9,331,Fred,MID,MUN,5.2,1.082342835
2022-23,9,94,Baptiste,MID,BRE,4.5,1.52736742
2022-23,9,149,Gilmour,MID,BHA,4.4,1.218492243
2022-23,9,444,Bissouma,MID,TOT,4.8,1.246325505
2022-23,9,223,Klich,MID,LEE,4.8,1.499652553
2022-23,9,318,Haaland,FWD,MCI,12.0,5.905302211
2022-23,9,427,Kane,FWD,TOT,11.4,4.422232042
2022-23,9,210,Mitrovic,FWD,FUL,6.9,3.521055292
2022-23,9,66,Solanke,FWD,BOU,5.7,4.145675727
2022-23,9,80,Toney,FWD,BRE,7.3,4.626887152
2022-23,9,255,Vardy,FWD,LEI,9.2,4.685850309
2022-23,9,40,Watkins,FWD,AVL,7.2,4.326925568
2022-23,9,356,C Wilson,FWD,NEW,7.2,4.1178186
2022-23,9,28,Jesus,FWD,ARS,8.0,3.838822917
2022-23,9,227,Bamford,FWD,LEE,7.3,3.935908018
2022-23,9,411,C Adams,FWD,SOU,6.4,4.095879565
2022-23,9,297,Nunez,FWD,LIV,8.9,3.346667867
2022-23,9,103,Welbeck,FWD,BHA,6.5,2.709760941
2022-23,9,617,Aubameyang,FWD,CHE,9.0,2.827631302
2022-23,9,95,Mbeumo,FWD,BRE,5.9,3.534295372
2022-23,9,191,Calvert-Lewin,FWD,EVE,7.9,1.8496398
2022-23,9,394,Brennan Johnson,FWD,NFO,5.9,3.14654435
2022-23,9,408,A Armstrong,FWD,SOU,5.5,3.10922601
2022-23,9,262,Iheanacho,FWD,LEI,6.2,3.0192939
2022-23,9,30,Ings,FWD,AVL,6.7,2.788061031
2022-23,9,454,Richarlison,FWD,TOT,8.5,2.900097797
2022-23,9,145,Havertz,FWD,CHE,7.7,2.907409954
2022-23,9,529,Scamacca,FWD,WHU,6.7,2.744473737
2022-23,9,271,Daka,FWD,LEI,5.7,2.124106756
2022-23,9,458,Antonio,FWD,WHU,7.2,2.609226239
2022-23,9,625,Costa,FWD,WOL,5.5,1.894581671
2022-23,9,326,Ronaldo,FWD,MUN,10.2,2.53526315
2022-23,9,594,Isak,FWD,NEW,7.1,0.137405098
2022-23,9,110,Maupay,FWD,EVE,6.1,3.021941409
2022-23,9,288,Jota,FWD,LIV,8.9,2.939236401
2022-23,9,166,Edouard,FWD,CRY,5.3,1.997539486
2022-23,9,345,Martial,FWD,MUN,6.9,0.801455575
2022-23,9,397,Awoniyi,FWD,NFO,5.8,2.389718878
2022-23,9,168,Mateta,FWD,CRY,5.3,1.844424368
2022-23,9,476,Jimenez,FWD,WOL,6.9,0.0
2022-23,9,319,Alvarez,FWD,MCI,6.2,2.036693961
2022-23,9,279,Firmino,FWD,LIV,8.0,1.856848206
2022-23,9,62,Kieffer Moore,FWD,BOU,5.5,1.966303844
2022-23,9,618,Vinicius,FWD,FUL,5.5,1.322831567
2022-23,9,354,Wood,FWD,NEW,5.6,0.735990142
2022-23,9,608,Kalajdzic,FWD,WOL,5.4,0.0
2022-23,9,596,E Ferguson,FWD,BHA,4.5,0.003404565
2022-23,9,447,Scarlett,FWD,TOT,4.5,0.003241132
2022-23,9,591,Ablade,FWD,FUL,4.5,0.038764596
2022-23,9,528,Mara,FWD,SOU,5.4,1.581490797
2022-23,9,177,Rondon,FWD,EVE,5.0,0.189576543
2022-23,9,125,Enciso,FWD,BHA,4.8,0.149184834
2022-23,9,11,Nketiah,FWD,ARS,6.6,1.767875896
2022-23,9,54,Archer,FWD,AVL,4.3,0.15171915
2022-23,9,515,Lewis-Potter,FWD,BRE,5.3,0.0
2022-23,9,391,Surridge,FWD,NFO,4.8,0.604753611
2022-23,9,150,Broja,FWD,CHE,5.3,1.466257271
2022-23,9,619,Gnonto,FWD,LEE,5.0,0.379600689
2022-23,9,237,Greenwood,FWD,LEE,4.3,0.530949146
2022-23,9,242,Gelhardt,FWD,LEE,5.3,1.229610845
2022-23,9,585,E Dennis,FWD,NFO,5.9,1.244664327
2022-23,9,123,Undav,FWD,BHA,5.1,1.240090465
