season,gw,fpl_id,name,pos,team,price,proj_pts
2021-22,1,231,Alisson,GK,LIV,6.0,4.113145822
2021-22,1,257,Ederson,GK,MCI,6.0,3.712562347
2021-22,1,143,E Mendy,GK,CHE,6.0,4.561844606
2021-22,1,30,Martinez,GK,AVL,5.5,4.117363205
2021-22,1,69,R Sanchez,GK,BHA,4.5,3.854230492
2021-22,1,1,Leno,GK,ARS,5.0,3.918711806
2021-22,1,353,Lloris,GK,TOT,5.5,3.35387106
2021-22,1,199,Meslier,GK,LEE,5.0,3.10401625
2021-22,1,112,Pope,GK,BUR,5.5,4.152741865
2021-22,1,170,Pickford,GK,EVE,5.0,3.97651649
2021-22,1,475,Sa,GK,WOL,5.0,2.967692777
2021-22,1,200,Schmeichel,GK,LEI,5.0,3.957741207
2021-22,1,146,Guaita,GK,CRY,4.5,2.750369641
2021-22,1,489,Areola,GK,WHU,5.0,2.966925181
2021-22,1,280,D Henderson,GK,MUN,5.0,0.809428367
2021-22,1,80,Raya,GK,BRE,4.5,2.990207239
2021-22,1,334,McCarthy,GK,SOU,4.5,2.376086788
2021-22,1,270,de Gea,GK,MUN,5.0,3.164021892
2021-22,1,295,Dubravka,GK,NEW,4.5,0.0
2021-22,1,314,Krul,GK,NOR,4.5,2.222310452
2021-22,1,389,Bachmann,GK,WAT,4.5,2.377089583
2021-22,1,294,Darlow,GK,NEW,4.5,1.142521283
2021-22,1,408,Fabianski,GK,WHU,5.0,0.763771192
2021-22,1,333,Forster,GK,SOU,4.5,0.744611448
2021-22,1,513,Woodman,GK,NEW,4.5,2.416067132
2021-22,1,129,Arrizabalaga,GK,CHE,5.0,0.337946075
2021-22,1,376,Foster,GK,WAT,4.0,0.30448739
2021-22,1,448,Gunn,GK,NOR,4.0,0.274179619
2021-22,1,480,Hennessey,GK,BUR,4.5,0.20789437
2021-22,1,156,Butland,GK,CRY,4.5,0.105114011
2021-22,1,242,Kelleher,GK,LIV,4.5,0.091455156
2021-22,1,260,Steffen,GK,MCI,4.5,0.078478825
2021-22,1,2,Runarsson,GK,ARS,4.0,0.07732921
2021-22,1,486,Gollini,GK,TOT,4.5,0.062035714
2021-22,1,204,D Ward,GK,LEI,4.0,0.082444717
2021-22,1,490,Klaesson,GK,LEE,4.5,0.058663359
2021-22,1,28,Steer,GK,AVL,4.0,0.071793858
2021-22,1,444,Sondergaard,GK,WOL,4.0,0.061568176
2021-22,1,452,Ruddy,GK,WOL,4.5,0.061426427
2021-22,1,54,Steele,GK,BHA,4.0,0.069244236
2021-22,1,476,Scherpen,GK,BHA,4.5,0.007934752
2021-22,1,181,Virginia,GK,EVE,4.0,0.039594511
2021-22,1,481,Begovic,GK,EVE,4.0,0.03772966
2021-22,1,509,Heaton,GK,MUN,4.0,0.008004737
2021-22,1,514,Gillespie,GK,NEW,4.0,0.007231034
2021-22,1,407,Randolph,GK,WHU,4.5,0.007242051
2021-22,1,114,Norris,GK,BUR,4.5,0.00777226
2021-22,1,94,Gunnarsson,GK,BRE,4.0,0.005913218
2021-22,1,223,Adrian,GK,LIV,4.5,0.000804684
2021-22,1,313,McGovern,GK,NOR,4.0,0.004869693
2021-22,1,92,Balcombe,GK,BRE,4.0,0.0
2021-22,1,352,Hart,GK,TOT,4.5,0.0
2021-22,1,65,Ryan,GK,BHA,4.5,0.0
2021-22,1,117,Peacock-Farrell,GK,BUR,4.5,0.0
2021-22,1,183,Casilla,GK,LEE,4.5,0.0
2021-22,1,427,Patricio,GK,WOL,5.0,0.0
2021-22,1,237,Trent,DEF,LIV,7.5,5.094352459
2021-22,1,262,Dias,DEF,MCI,6.0,3.646652995
2021-22,1,275,Shaw,DEF,MUN,5.5,4.08391313
2021-22,1,229,van Dijk,DEF,LIV,6.5,3.253587365
2021-22,1,119,Azpilicueta,DEF,CHE,6.0,5.156620972
2021-22,1,135,Chilwell,DEF,CHE,6.0,3.43864697
2021-22,1,127,Rudiger,DEF,CHE,5.5,4.898218544
2021-22,1,59,Dunk,DEF,BHA,5.0,3.536423405
2021-22,1,288,Wan-Bissaka,DEF,MUN,5.5,3.844516694
2021-22,1,168,Digne,DEF,EVE,5.5,4.356459726
2021-22,1,273,Maguire,DEF,MUN,5.5,3.715756492
2021-22,1,256,Cancelo,DEF,MCI,6.0,3.315105284
2021-22,1,62,Veltman,DEF,BHA,4.5,3.443066706
2021-22,1,411,Cresswell,DEF,WHU,5.5,3.479310958
2021-22,1,437,Semedo,DEF,WOL,5.0,2.547152827
2021-22,1,61,Webster,DEF,BHA,4.5,3.123937755
2021-22,1,370,Reguilon,DEF,TOT,5.0,2.449170944
2021-22,1,418,Coufal,DEF,WHU,5.0,3.435536135
2021-22,1,142,R James,DEF,CHE,5.5,2.169256145
2021-22,1,249,Walker,DEF,MCI,5.5,1.354131066
2021-22,1,217,Soyuncu,DEF,LEI,5.0,3.73231868
2021-22,1,264,Zinchenko,DEF,MCI,5.5,2.800600925
2021-22,1,16,Tierney,DEF,ARS,5.0,3.204335374
2021-22,1,45,Konsa,DEF,AVL,5.0,3.136606565
2021-22,1,169,Keane,DEF,EVE,5.0,3.375343851
2021-22,1,245,Tsimikas,DEF,LIV,4.0,3.595197297
2021-22,1,44,Cash,DEF,AVL,5.0,3.117317849
2021-22,1,234,Robertson,DEF,LIV,7.0,0.04918202
2021-22,1,252,Stones,DEF,MCI,5.5,1.115544878
2021-22,1,38,Mings,DEF,AVL,5.0,3.013145123
2021-22,1,414,Dawson,DEF,WHU,5.0,3.260577365
2021-22,1,67,White,DEF,ARS,4.5,3.107062595
2021-22,1,207,R Pereira,DEF,LEI,5.5,3.328215935
2021-22,1,358,Aurier,DEF,TOT,5.0,1.758606587
2021-22,1,121,T Silva,DEF,CHE,5.5,1.423945559
2021-22,1,185,Ayling,DEF,LEE,4.5,1.961330161
2021-22,1,342,Walker-Peters,DEF,SOU,5.0,2.67771377
2021-22,1,39,Targett,DEF,AVL,5.0,2.515408328
2021-22,1,292,Ritchie,DEF,NEW,5.0,3.174483358
2021-22,1,10,Chambers,DEF,ARS,4.5,2.863118685
2021-22,1,470,Ait-Nouri,DEF,WOL,4.5,2.369877212
2021-22,1,429,Coady,DEF,WOL,4.5,2.348187474
2021-22,1,98,Tarkowski,DEF,BUR,5.0,3.584330354
2021-22,1,175,Mina,DEF,EVE,5.0,2.951034602
2021-22,1,460,Perraud,DEF,SOU,5.0,2.484788631
2021-22,1,409,Ogbonna,DEF,WHU,5.0,1.448359852
2021-22,1,463,Firpo,DEF,LEE,5.0,0.768088836
2021-22,1,431,Saiss,DEF,WOL,5.0,2.62827339
2021-22,1,340,Vestergaard,DEF,LEI,5.0,2.025850256
2021-22,1,361,Dier,DEF,TOT,4.5,2.06540415
2021-22,1,179,Godfrey,DEF,EVE,5.0,2.867832648
2021-22,1,299,Lascelles,DEF,NEW,4.5,2.881215789
2021-22,1,209,Castagne,DEF,LEI,5.5,1.358804127
2021-22,1,23,Gabriel,DEF,ARS,5.0,0.33117016
2021-22,1,343,Bednarek,DEF,SOU,4.5,2.512692626
2021-22,1,473,Bertrand,DEF,LEI,5.0,2.982500652
2021-22,1,106,Mee,DEF,BUR,5.0,3.379581594
2021-22,1,305,Schar,DEF,NEW,4.5,2.832213749
2021-22,1,259,Laporte,DEF,MCI,5.5,0.739413618
2021-22,1,258,Ake,DEF,MCI,5.0,2.018899606
2021-22,1,494,Romero,DEF,TOT,5.0,0.774678366
2021-22,1,428,Boly,DEF,WOL,5.0,0.120930889
2021-22,1,91,Pinnock,DEF,BRE,4.5,2.382044002
2021-22,1,122,Alonso,DEF,CHE,5.5,3.328079724
2021-22,1,208,Amartey,DEF,LEI,4.0,2.181429164
2021-22,1,367,D Sanchez,DEF,TOT,4.5,1.695913002
2021-22,1,110,Lowton,DEF,BUR,4.5,3.236067587
2021-22,1,201,Evans,DEF,LEI,5.5,0.0
2021-22,1,243,Konate,DEF,LIV,5.5,1.523826012
2021-22,1,190,Llorente,DEF,LEE,4.5,0.651185715
2021-22,1,238,Gomez,DEF,LIV,5.0,1.152007203
2021-22,1,162,Mitchell,DEF,CRY,4.5,1.727980608
2021-22,1,360,Doherty,DEF,TOT,5.0,1.081232747
2021-22,1,488,Andersen,DEF,CRY,4.5,1.691849434
2021-22,1,224,Matip,DEF,LIV,5.0,2.270539951
2021-22,1,76,Jansson,DEF,BRE,4.5,2.405209572
2021-22,1,133,Christensen,DEF,CHE,5.0,1.562955719
2021-22,1,465,Fernandez,DEF,NEW,4.5,2.151531365
2021-22,1,483,Ajer,DEF,BRE,4.5,2.400538717
2021-22,1,58,Burn,DEF,BHA,4.5,1.118902982
2021-22,1,8,Mari,DEF,ARS,4.5,3.028482258
2021-22,1,165,Coleman,DEF,EVE,5.0,1.945727318
2021-22,1,178,Holgate,DEF,EVE,4.5,1.967477963
2021-22,1,184,Cooper,DEF,LEE,4.5,1.367344738
2021-22,1,147,Tomkins,DEF,CRY,4.5,1.235784336
2021-22,1,113,Taylor,DEF,BUR,4.5,1.942855235
2021-22,1,128,Zouma,DEF,CHE,5.5,1.130742169
2021-22,1,198,Struijk,DEF,LEE,4.5,1.251085868
2021-22,1,284,Lindelof,DEF,MUN,5.0,2.471611884
2021-22,1,150,Kouyate,DEF,CRY,4.5,1.304873079
2021-22,1,5,Cedric,DEF,ARS,4.5,1.000503439
2021-22,1,474,J Ward,DEF,CRY,4.5,1.541282917
2021-22,1,253,B Mendy,DEF,MCI,5.5,0.656637857
2021-22,1,396,Sierralta,DEF,WAT,4.5,1.957516493
2021-22,1,387,Troost-Ekong,DEF,WAT,4.5,2.173639378
2021-22,1,71,Lamptey,DEF,BHA,4.5,0.065635148
2021-22,1,14,Holding,DEF,ARS,4.5,0.165666364
2021-22,1,52,Young,DEF,AVL,5.0,1.084256158
2021-22,1,293,Clark,DEF,NEW,4.5,0.941103911
2021-22,1,89,Roerslev,DEF,BRE,4.5,2.067028796
2021-22,1,9,Bellerin,DEF,ARS,5.0,0.538265049
2021-22,1,424,Diop,DEF,WHU,4.5,1.747805176
2021-22,1,90,M Sorensen,DEF,BRE,4.5,1.038424556
2021-22,1,319,Hanley,DEF,NOR,4.5,0.079179744
2021-22,1,338,J Stephens,DEF,SOU,4.5,1.66393675
2021-22,1,364,Ben T Davies,DEF,TOT,4.5,0.705109393
2021-22,1,194,Koch,DEF,LEE,4.5,1.178212932
2021-22,1,390,Masina,DEF,WAT,4.5,2.093875737
2021-22,1,382,Femenia,DEF,WAT,4.5,0.773800491
2021-22,1,219,Thomas,DEF,LEI,4.5,0.881256279
2021-22,1,36,Hause,DEF,AVL,4.5,0.433251111
2021-22,1,303,Krafth,DEF,NEW,4.5,0.717230411
2021-22,1,326,Aarons,DEF,NOR,4.5,1.607071467
2021-22,1,501,M Sarr,DEF,CHE,5.0,0.392595504
2021-22,1,301,Dummett,DEF,NEW,4.5,0.068453121
2021-22,1,491,Livramento,DEF,SOU,4.0,0.589597402
2021-22,1,377,Rose,DEF,WAT,4.5,1.931048656
2021-22,1,286,Bailly,DEF,MUN,5.0,0.532842274
2021-22,1,384,Kabasele,DEF,WAT,4.5,0.833294785
2021-22,1,279,Telles,DEF,MUN,5.0,0.074395624
2021-22,1,477,Guehi,DEF,CRY,4.5,0.365880443
2021-22,1,510,Dalot,DEF,MUN,4.5,0.3073294
2021-22,1,425,Johnson,DEF,WHU,4.0,0.793559232
2021-22,1,311,Lewis,DEF,NEW,4.5,0.663639959
2021-22,1,56,Duffy,DEF,BHA,4.0,0.526580057
2021-22,1,439,Kilman,DEF,WOL,4.5,0.475307232
2021-22,1,417,Masuaku,DEF,WHU,4.5,0.182275782
2021-22,1,374,Rodon,DEF,TOT,4.5,0.229114893
2021-22,1,351,Salisu,DEF,SOU,4.5,1.292813686
2021-22,1,290,B Williams,DEF,MUN,4.0,0.375459329
2021-22,1,283,Tuanzebe,DEF,AVL,4.5,0.336569232
2021-22,1,379,Cathcart,DEF,WAT,4.5,1.151257007
2021-22,1,139,Ampadu,DEF,CHE,4.5,0.196330417
2021-22,1,99,Bardsley,DEF,BUR,4.0,1.249127066
2021-22,1,302,Manquillo,DEF,NEW,4.0,0.120932712
2021-22,1,87,Goode,DEF,BRE,4.0,0.370174085
2021-22,1,246,N Williams,DEF,LIV,4.0,0.155279272
2021-22,1,368,Sessegnon,DEF,TOT,4.5,0.01878519
2021-22,1,83,Henry,DEF,BRE,4.5,0.260225595
2021-22,1,371,Tanganga,DEF,TOT,4.5,0.157255627
2021-22,1,158,Jach,DEF,CRY,4.5,0.261319615
2021-22,1,446,Mosquera,DEF,WOL,4.5,0.045633043
2021-22,1,11,Kolasinac,DEF,ARS,4.5,0.150802884
2021-22,1,432,Marcal,DEF,WOL,4.5,0.637482441
2021-22,1,103,K Long,DEF,BUR,4.0,0.298583308
2021-22,1,46,Guilbert,DEF,AVL,4.5,0.138615479
2021-22,1,218,Justin,DEF,LEI,5.0,0.0
2021-22,1,410,Reid,DEF,WHU,4.0,0.134766746
2021-22,1,241,N Phillips,DEF,LIV,4.5,0.045086418
2021-22,1,247,R Williams,DEF,LIV,4.5,0.042134818
2021-22,1,321,Byram,DEF,NOR,4.5,0.324374752
2021-22,1,498,Thompson,DEF,BRE,4.5,0.117394748
2021-22,1,466,Tavares,DEF,ARS,4.5,0.033629483
2021-22,1,248,Ben K Davies,DEF,LIV,4.0,0.007510938
2021-22,1,493,Clyne,DEF,CRY,4.5,0.555472279
2021-22,1,68,Bernardo,DEF,BHA,4.0,0.0
2021-22,1,220,Fofana,DEF,LEI,4.5,0.0
2021-22,1,24,Mavropanos,DEF,ARS,4.5,0.0
2021-22,1,27,Saliba,DEF,ARS,4.5,0.0
2021-22,1,31,Engels,DEF,AVL,4.5,0.0
2021-22,1,161,Ferguson,DEF,CRY,4.5,0.0
2021-22,1,401,Wilmot,DEF,WAT,4.5,0.0
2021-22,1,433,Jonny,DEF,WOL,4.5,0.0
2021-22,1,451,Collins,DEF,BUR,4.5,0.0
2021-22,1,355,Alderweireld,DEF,TOT,5.0,0.0
2021-22,1,502,Kenny,DEF,EVE,4.5,0.028715044
2021-22,1,454,Pollock,DEF,WAT,4.0,0.117461452
2021-22,1,443,Hoever,DEF,WOL,4.0,0.262804501
2021-22,1,151,Kelly,DEF,CRY,4.0,0.079120517
2021-22,1,521,Alves,DEF,WHU,4.0,0.021578581
2021-22,1,400,Ngakia,DEF,WAT,4.5,0.452959333
2021-22,1,515,Mumba,DEF,NOR,4.0,0.030190575
2021-22,1,415,Fredericks,DEF,WHU,4.5,0.421731217
2021-22,1,398,Navarro,DEF,WAT,4.0,0.195611576
2021-22,1,456,Gibson,DEF,NOR,4.5,0.573654395
2021-22,1,100,Pieters,DEF,BUR,4.5,0.577786233
2021-22,1,457,Giannoulis,DEF,NOR,4.5,0.629919908
2021-22,1,327,J Sorensen,DEF,NOR,4.5,1.379524854
2021-22,1,331,Omobamidele,DEF,NOR,4.0,1.301869091
2021-22,1,324,Zimmermann,DEF,NOR,4.5,1.090853697
2021-22,1,233,Salah,MID,LIV,12.5,6.705806114
2021-22,1,277,Fernandes,MID,MUN,12.0,5.670904877
2021-22,1,230,Mane,MID,LIV,12.0,5.737239162
2021-22,1,254,Mahrez,MID,MCI,9.0,4.581067438
2021-22,1,359,Son,MID,TOT,10.0,3.826177723
2021-22,1,255,Sterling,MID,MCI,11.0,3.153455902
2021-22,1,196,Raphinha,MID,LEE,6.5,3.221928694
2021-22,1,289,Greenwood,MID,MUN,7.5,4.71236226
2021-22,1,485,Sancho,MID,MUN,9.5,4.519234296
2021-22,1,240,Jota,MID,LIV,7.5,4.824025865
2021-22,1,399,I Sarr,MID,WAT,6.0,4.274435607
2021-22,1,251,De Bruyne,MID,MCI,12.0,0.304146548
2021-22,1,55,Gross,MID,BHA,6.0,3.710447781
2021-22,1,154,Zaha,MID,CRY,7.0,2.903325137
2021-22,1,64,Trossard,MID,BHA,6.5,3.479345314
2021-22,1,422,Soucek,MID,WHU,6.0,3.566627846
2021-22,1,250,Gundogan,MID,MCI,7.5,3.899628936
2021-22,1,341,Ward-Prowse,MID,SOU,6.5,3.330339143
2021-22,1,267,Harrison,MID,LEE,6.0,2.863871941
2021-22,1,363,Alli,MID,TOT,6.5,2.911103249
2021-22,1,215,H Barnes,MID,LEI,7.0,3.360274017
2021-22,1,420,Bowen,MID,WHU,6.5,3.521997296
2021-22,1,166,James Rodriguez,MID,EVE,7.0,3.057444828
2021-22,1,138,Mount,MID,CHE,7.5,2.865421997
2021-22,1,212,Maddison,MID,LEI,7.0,3.243044521
2021-22,1,272,Pogba,MID,MUN,7.5,3.6915819
2021-22,1,210,Tielemans,MID,LEI,6.5,3.336547987
2021-22,1,137,Pulisic,MID,CHE,8.0,4.165998044
2021-22,1,423,Fornals,MID,WHU,6.0,3.217353028
2021-22,1,268,Torres,MID,MCI,7.0,3.428212861
2021-22,1,22,Saka,MID,ARS,6.5,3.174668875
2021-22,1,419,Benrahma,MID,WHU,6.0,3.357932273
2021-22,1,188,Dallas,MID,LEE,5.5,2.741747908
2021-22,1,141,Havertz,MID,CHE,8.5,4.374793138
2021-22,1,17,Pepe,MID,ARS,7.5,3.167530803
2021-22,1,435,A Traore,MID,WOL,6.0,2.881792039
2021-22,1,461,Trincao,MID,WOL,6.0,2.903342791
2021-22,1,173,Doucoure,MID,EVE,5.5,3.075229515
2021-22,1,33,Grealish,MID,MCI,8.0,2.265875594
2021-22,1,43,Buendia,MID,AVL,6.5,1.930373128
2021-22,1,118,McNeil,MID,BUR,6.0,3.051847552
2021-22,1,60,March,MID,BHA,5.5,2.896784524
2021-22,1,19,Willock,MID,NEW,6.0,2.92338418
2021-22,1,32,B Traore,MID,AVL,6.0,3.816540078
2021-22,1,96,Mbeumo,MID,BRE,5.5,3.035027698
2021-22,1,211,Perez,MID,LEI,6.0,2.476674965
2021-22,1,107,Westwood,MID,BUR,5.5,2.957478576
2021-22,1,421,Rice,MID,WHU,5.0,2.855420718
2021-22,1,42,El Ghazi,MID,AVL,6.0,4.023292915
2021-22,1,291,Shelvey,MID,NEW,5.5,1.933370578
2021-22,1,261,B Silva,MID,MCI,7.0,3.120248406
2021-22,1,35,McGinn,MID,AVL,6.0,2.848318368
2021-22,1,308,Almiron,MID,NEW,5.5,2.307320257
2021-22,1,81,Canos,MID,BRE,5.5,2.864496649
2021-22,1,152,Milivojevic,MID,CRY,5.5,2.159885284
2021-22,1,304,Murphy,MID,NEW,5.0,2.479615714
2021-22,1,123,Jorginho,MID,CHE,6.0,1.857166472
2021-22,1,222,J Henderson,MID,LIV,5.0,1.994089864
2021-22,1,216,Ndidi,MID,LEI,5.0,2.780546262
2021-22,1,266,Rodri,MID,MCI,5.5,2.454128075
2021-22,1,325,Cantwell,MID,NOR,5.5,2.506517357
2021-22,1,365,Hojbjerg,MID,TOT,5.0,2.369844165
2021-22,1,426,Moutinho,MID,WOL,5.0,2.315757543
2021-22,1,21,Smith Rowe,MID,ARS,5.5,2.39379544
2021-22,1,232,Fabinho,MID,LIV,5.5,2.546911861
2021-22,1,492,Bailey,MID,AVL,6.5,1.554022293
2021-22,1,339,S Armstrong,MID,SOU,6.0,2.495952881
2021-22,1,391,Sema,MID,WAT,5.5,2.232446537
2021-22,1,86,Jensen,MID,BRE,5.0,2.552168766
2021-22,1,225,Thiago,MID,LIV,5.5,1.83994295
2021-22,1,372,Lo Celso,MID,TOT,6.0,2.241439195
2021-22,1,70,Bissouma,MID,BHA,4.5,2.398867835
2021-22,1,53,Lallana,MID,BHA,5.5,2.328120685
2021-22,1,115,Brownhill,MID,BUR,4.5,2.416450333
2021-22,1,436,Neves,MID,WOL,5.5,1.972556153
2021-22,1,362,Lucas Moura,MID,TOT,6.5,2.144971818
2021-22,1,7,Xhaka,MID,ARS,5.0,2.474836372
2021-22,1,285,McTominay,MID,MUN,5.5,2.288976707
2021-22,1,323,Dowell,MID,NOR,5.5,2.233479537
2021-22,1,381,Cleverley,MID,WAT,5.0,2.388436069
2021-22,1,191,K Phillips,MID,LEE,5.0,1.995348923
2021-22,1,336,Redmond,MID,SOU,6.0,2.30897287
2021-22,1,449,Rashica,MID,NOR,5.5,2.081948562
2021-22,1,440,Gibbs-White,MID,WOL,4.5,2.112193394
2021-22,1,26,Martinelli,MID,ARS,5.5,1.88908669
2021-22,1,74,Mac Allister,MID,BHA,5.5,2.058045156
2021-22,1,171,Allan,MID,EVE,4.5,2.303312478
2021-22,1,50,Douglas Luiz,MID,AVL,4.5,1.950070835
2021-22,1,75,Moder,MID,BHA,4.5,2.085153363
2021-22,1,335,Romeu,MID,SOU,4.5,2.210952262
2021-22,1,155,Schlupp,MID,CRY,5.5,2.125230876
2021-22,1,318,McLean,MID,NOR,5.0,2.159461627
2021-22,1,125,Kovacic,MID,CHE,5.0,2.427307989
2021-22,1,274,Fred,MID,MUN,5.0,1.774371008
2021-22,1,140,Hudson-Odoi,MID,CHE,5.5,2.795575241
2021-22,1,186,Klich,MID,LEE,5.5,2.03947868
2021-22,1,332,Walcott,MID,SOU,6.0,2.200091518
2021-22,1,441,Neto,MID,WOL,6.5,0.0
2021-22,1,287,D James,MID,MUN,6.0,1.552092149
2021-22,1,101,Cork,MID,BUR,4.5,2.092453506
2021-22,1,130,Kante,MID,CHE,5.0,2.453214355
2021-22,1,84,Janelt,MID,BRE,5.0,2.00212082
2021-22,1,462,Mwepu,MID,BHA,6.0,1.380683392
2021-22,1,403,Louza,MID,WAT,5.5,1.805843613
2021-22,1,306,Hayden,MID,NEW,4.5,2.342364273
2021-22,1,265,Foden,MID,MCI,8.0,0.0
2021-22,1,464,Olise,MID,CRY,5.5,0.248884979
2021-22,1,471,Lees-Melou,MID,NOR,5.0,0.945624219
2021-22,1,386,Hughes,MID,WAT,5.0,2.094570901
2021-22,1,281,Rashford,MID,MUN,9.5,0.0
2021-22,1,77,Norgaard,MID,BRE,5.0,1.405869416
2021-22,1,144,Gallagher,MID,CRY,5.5,1.001192973
2021-22,1,174,Iwobi,MID,EVE,6.0,1.821838143
2021-22,1,482,Townsend,MID,EVE,5.5,1.662206828
2021-22,1,453,Fernandinho,MID,MCI,5.0,1.529307416
2021-22,1,108,Gudmundsson,MID,BUR,5.5,1.96525106
2021-22,1,298,Fraser,MID,NEW,5.5,2.175507488
2021-22,1,487,Bryan Gil,MID,TOT,6.0,0.609945156
2021-22,1,131,Ziyech,MID,CHE,7.5,0.239750427
2021-22,1,148,McArthur,MID,CRY,4.5,1.126529888
2021-22,1,193,Roberts,MID,LEE,5.0,1.786276318
2021-22,1,434,Dendoncker,MID,WOL,5.0,1.797878973
2021-22,1,192,Costa,MID,LEE,5.5,0.965346755
2021-22,1,369,Bergwijn,MID,TOT,6.0,0.770598921
2021-22,1,385,Chalobah,MID,WAT,5.0,2.096527369
2021-22,1,438,Podence,MID,WOL,5.5,0.040580913
2021-22,1,3,Willian,MID,ARS,6.5,0.543606083
2021-22,1,145,Gilmour,MID,NOR,4.5,1.891918449
2021-22,1,459,Mata,MID,MUN,5.0,0.585544697
2021-22,1,82,Dasilva,MID,BRE,5.5,0.474439783
2021-22,1,276,Lingard,MID,MUN,7.0,0.134163038
2021-22,1,479,Onyeka,MID,BRE,5.0,1.038772414
2021-22,1,12,Elneny,MID,ARS,4.5,2.221413616
2021-22,1,221,Milner,MID,LIV,5.0,2.465963233
2021-22,1,202,Albrighton,MID,LEI,5.5,0.679204913
2021-22,1,29,Hourihane,MID,AVL,5.0,0.395992437
2021-22,1,239,Keita,MID,LIV,5.0,0.962766466
2021-22,1,124,Barkley,MID,CHE,5.5,0.141709201
2021-22,1,34,Sanson,MID,AVL,5.0,0.195866331
2021-22,1,506,Elliott,MID,LIV,5.5,0.934561555
2021-22,1,416,Lanzini,MID,WHU,6.0,0.912300387
2021-22,1,373,Skipp,MID,TOT,4.5,0.208681323
2021-22,1,282,van de Beek,MID,MUN,6.0,0.740983354
2021-22,1,160,Eze,MID,CRY,6.0,0.0
2021-22,1,132,Loftus-Cheek,MID,CHE,5.5,0.124267644
2021-22,1,25,Guendouzi,MID,ARS,4.5,0.0
2021-22,1,57,Propper,MID,BHA,4.5,0.0
2021-22,1,116,Benson,MID,BUR,4.5,0.0
2021-22,1,316,Stiepermann,MID,NOR,5.0,0.0
2021-22,1,330,Martin,MID,NOR,5.0,0.0
2021-22,1,37,Trezeguet,MID,AVL,5.5,0.0
2021-22,1,392,Zinckernagel,MID,WAT,5.5,0.0
2021-22,1,66,Jahanbakhsh,MID,BHA,5.5,0.0
2021-22,1,167,Bernard,MID,EVE,5.5,0.0
2021-22,1,182,P Hernandez,MID,LEE,5.5,0.0
2021-22,1,356,Lamela,MID,TOT,6.0,0.0
2021-22,1,164,Sigurdsson,MID,EVE,7.0,0.0
2021-22,1,484,D Gray,MID,EVE,5.5,0.936634118
2021-22,1,328,Placheta,MID,NOR,5.0,0.410474701
2021-22,1,512,Elanga,MID,MUN,5.0,0.052625934
2021-22,1,507,Palmer,MID,MCI,4.5,0.022088771
2021-22,1,97,Bidstrup,MID,BRE,4.5,0.050177169
2021-22,1,505,Dewsbury-Hall,MID,LEI,4.5,0.022225187
2021-22,1,511,A Pereira,MID,MUN,5.0,0.02231281
2021-22,1,508,Edozie,MID,MCI,5.0,0.019829324
2021-22,1,378,Gosling,MID,WAT,5.0,0.333620967
2021-22,1,346,Tella,MID,SOU,5.0,0.953510265
2021-22,1,499,Baptiste,MID,BRE,5.0,0.047132504
2021-22,1,226,Shaqiri,MID,LIV,6.0,0.048134892
2021-22,1,271,Matic,MID,MUN,4.5,0.540383542
2021-22,1,312,M Longstaff,MID,NEW,4.5,0.04661023
2021-22,1,522,Coventry,MID,WHU,4.5,0.018177407
2021-22,1,73,Alzate,MID,BHA,5.0,0.19768975
2021-22,1,18,Torreira,MID,ARS,4.5,0.173462072
2021-22,1,495,Kucka,MID,WAT,5.5,0.043075317
2021-22,1,15,Partey,MID,ARS,5.0,0.0
2021-22,1,496,A Ramsey,MID,AVL,4.5,0.039538957
2021-22,1,236,Minamino,MID,LIV,5.5,0.149631746
2021-22,1,412,Yarmolenko,MID,WHU,5.5,1.704049139
2021-22,1,394,Dele-Bashiru,MID,WAT,4.5,0.093782193
2021-22,1,517,Elyounoussi,MID,SOU,5.5,0.1884705
2021-22,1,206,Praet,MID,LEI,5.0,0.19780654
2021-22,1,497,Philogene-Bidace,MID,AVL,5.0,0.088514958
2021-22,1,366,Winks,MID,TOT,4.5,1.455071498
2021-22,1,478,Lokonga,MID,ARS,5.0,0.299395398
2021-22,1,347,Smallbone,MID,SOU,4.5,0.040908002
2021-22,1,375,Ndombele,MID,TOT,6.0,0.160437107
2021-22,1,467,Etebo,MID,WAT,4.5,0.086128763
2021-22,1,203,N Mendy,MID,LEI,4.5,0.01798738
2021-22,1,405,Baah,MID,WAT,4.5,0.084268127
2021-22,1,458,Soumare,MID,LEI,5.0,1.316750155
2021-22,1,176,T Davies,MID,EVE,5.0,0.838093942
2021-22,1,402,Hungbo,MID,WAT,4.5,0.074751026
2021-22,1,297,Hendrick,MID,NEW,5.0,0.790224303
2021-22,1,214,Choudhury,MID,LEI,4.5,0.127290698
2021-22,1,79,Fosu,MID,BRE,5.5,1.741316133
2021-22,1,397,Quina,MID,WAT,4.5,0.632450238
2021-22,1,197,Shackleton,MID,LEE,4.5,0.071740066
2021-22,1,244,Jones,MID,LIV,5.0,0.083687793
2021-22,1,85,Ghoddos,MID,BRE,5.5,1.078244905
2021-22,1,309,S Longstaff,MID,NEW,4.5,0.719445913
2021-22,1,227,Chamberlain,MID,LIV,6.0,0.390861772
2021-22,1,504,Gbamin,MID,EVE,4.5,0.038257081
2021-22,1,503,Gordon,MID,EVE,4.5,0.16822364
2021-22,1,13,Maitland-Niles,MID,ARS,5.5,0.810707117
2021-22,1,317,Rupp,MID,NOR,4.5,0.463144136
2021-22,1,195,Poveda,MID,LEE,4.5,0.61353665
2021-22,1,354,Sissoko,MID,TOT,4.5,0.342300649
2021-22,1,93,Zamburek,MID,BRE,4.5,0.261829276
2021-22,1,320,O Hernandez,MID,NOR,5.0,1.491849183
2021-22,1,442,Otasowie,MID,WOL,4.5,0.237537883
2021-22,1,350,Djenepo,MID,SOU,5.5,0.648430411
2021-22,1,51,J Ramsey,MID,AVL,4.5,0.823357033
2021-22,1,102,D Stephens,MID,BUR,4.5,0.236133607
2021-22,1,163,Delph,MID,EVE,4.5,0.232780988
2021-22,1,406,Noble,MID,WHU,4.5,0.728630685
2021-22,1,41,Nakamba,MID,AVL,4.5,0.752369735
2021-22,1,157,Riedewald,MID,CRY,5.0,0.558833881
2021-22,1,172,Gomes,MID,EVE,5.0,1.559039747
2021-22,1,349,I Diallo,MID,SOU,4.5,1.252044784
2021-22,1,357,Kane,FWD,TOT,12.5,3.636474465
2021-22,1,413,Antonio,FWD,WHU,7.5,4.237253471
2021-22,1,205,Vardy,FWD,LEI,10.5,3.910680644
2021-22,1,4,Aubameyang,FWD,ARS,10.0,4.176396588
2021-22,1,430,Jimenez,FWD,WOL,7.5,3.490727449
2021-22,1,109,Wood,FWD,BUR,7.0,3.292466037
2021-22,1,189,Bamford,FWD,LEE,8.0,3.156372596
2021-22,1,296,Wilson,FWD,NEW,7.5,3.525537157
2021-22,1,337,Ings,FWD,AVL,8.0,4.453955607
2021-22,1,180,Richarlison,FWD,EVE,7.5,3.621671168
2021-22,1,177,Calvert-Lewin,FWD,EVE,8.0,0.970851648
2021-22,1,78,Toney,FWD,BRE,6.5,3.255580229
2021-22,1,228,Firmino,FWD,LIV,9.0,2.658868313
2021-22,1,63,Maupay,FWD,BHA,6.5,3.589690427
2021-22,1,315,Pukki,FWD,NOR,6.0,3.390088162
2021-22,1,278,Martial,FWD,MUN,8.0,4.452067986
2021-22,1,263,Jesus,FWD,MCI,8.5,2.056980067
2021-22,1,134,Werner,FWD,CHE,9.0,4.480534467
2021-22,1,6,Lacazette,FWD,ARS,8.5,3.362243842
2021-22,1,40,Watkins,FWD,AVL,7.5,2.187614556
2021-22,1,213,Iheanacho,FWD,LEI,7.5,2.806802674
2021-22,1,345,Adams,FWD,SOU,7.0,3.404308621
2021-22,1,149,Benteke,FWD,CRY,6.5,2.634513922
2021-22,1,187,Rodrigo,FWD,LEE,6.5,2.832805848
2021-22,1,455,Daka,FWD,LEI,7.5,2.47838457
2021-22,1,307,Saint-Maximin,FWD,NEW,6.5,2.032373833
2021-22,1,447,Welbeck,FWD,BHA,6.0,0.0
2021-22,1,445,F Silva,FWD,WOL,6.0,2.468335741
2021-22,1,269,Cavani,FWD,MUN,8.5,0.0
2021-22,1,404,Joao Pedro,FWD,WAT,5.5,2.2627722
2021-22,1,153,Ayew,FWD,CRY,6.0,2.207599479
2021-22,1,468,King,FWD,WAT,5.5,1.833164868
2021-22,1,111,Vydra,FWD,BUR,5.5,2.349377282
2021-22,1,72,Connolly,FWD,BHA,5.5,1.847526951
2021-22,1,88,Forss,FWD,BRE,5.5,1.849355823
2021-22,1,159,Mateta,FWD,CRY,5.5,0.964009165
2021-22,1,380,Deeney,FWD,WAT,5.5,0.762088318
2021-22,1,136,Abraham,FWD,CHE,6.5,0.980910523
2021-22,1,383,A Gray,FWD,WAT,5.5,1.13598447
2021-22,1,104,Jay Rodriguez,FWD,BUR,5.5,2.059526763
2021-22,1,516,Sargent,FWD,NOR,5.5,0.777952943
2021-22,1,344,Nlundulu,FWD,SOU,4.5,0.0
2021-22,1,48,Samatta,FWD,AVL,5.5,0.0
2021-22,1,126,Batshuayi,FWD,CHE,5.5,0.0
2021-22,1,120,Giroud,FWD,CHE,6.5,0.0
2021-22,1,520,Scarlett,FWD,TOT,4.5,0.007802274
2021-22,1,20,Nketiah,FWD,ARS,5.5,0.0
2021-22,1,300,Gayle,FWD,NEW,5.5,0.950940586
2021-22,1,235,Origi,FWD,LIV,5.0,0.021712816
2021-22,1,469,Mebude,FWD,WAT,4.5,0.019268212
2021-22,1,393,Success,FWD,WAT,5.0,0.01938756
2021-22,1,388,Perica,FWD,WAT,4.5,0.045138641
2021-22,1,519,S Long,FWD,SOU,5.5,0.331166881
2021-22,1,450,Dennis,FWD,WAT,5.0,0.044493281
2021-22,1,47,Wesley,FWD,AVL,5.5,0.039520305
2021-22,1,472,Cucho,FWD,WAT,5.0,0.095904237
2021-22,1,500,Andone,FWD,BHA,5.0,0.292208988
2021-22,1,395,Fletcher,FWD,WAT,5.0,0.091810337
2021-22,1,49,Davis,FWD,AVL,4.5,0.330863115
2021-22,1,348,Obafemi,FWD,SOU,4.5,0.287225192
2021-22,1,95,Dervisoglu,FWD,BRE,5.5,0.191376203
2021-22,1,322,Hugill,FWD,NOR,5.5,0.391476499
2021-22,1,523,Cutrone,FWD,WOL,5.0,0.266689065
2021-22,1,329,Idah,FWD,NOR,5.0,0.177632897
2021-22,1,518,Broja,FWD,SOU,5.0,0.375152455
2021-22,1,310,Joelinton,FWD,NEW,6.0,2.030439291
2021-22,1,105,A Barnes,FWD,BUR,5.5,1.065896698
2021-22,10,257,Ederson,GK,MCI,6.0,4.610162312
2021-22,10,231,Alisson,GK,LIV,6.0,4.396266258
2021-22,10,143,E Mendy,GK,CHE,6.1,4.048089742
2021-22,10,30,Martinez,GK,AVL,5.5,3.858824485
2021-22,10,112,Pope,GK,BUR,5.4,3.976299044
2021-22,10,559,Ramsdale,GK,ARS,4.6,3.260149612
2021-22,10,475,Sa,GK,WOL,5.0,3.517324769
2021-22,10,199,Meslier,GK,LEE,5.0,3.821180866
2021-22,10,353,Lloris,GK,TOT,5.5,3.268932714
2021-22,10,69,R Sanchez,GK,BHA,4.6,2.813398018
2021-22,10,556,A Fernandez,GK,BRE,4.5,3.373198192
2021-22,10,146,Guaita,GK,CRY,4.5,2.681942635
2021-22,10,170,Pickford,GK,EVE,5.0,3.475818061
2021-22,10,200,Schmeichel,GK,LEI,5.0,3.204130502
2021-22,10,334,McCarthy,GK,SOU,4.5,3.124544066
2021-22,10,408,Fabianski,GK,WHU,5.0,2.660492894
2021-22,10,295,Dubravka,GK,NEW,4.4,0.689370273
2021-22,10,314,Krul,GK,NOR,4.5,2.67879319
2021-22,10,280,D Henderson,GK,MUN,4.8,1.625747337
2021-22,10,270,de Gea,GK,MUN,5.0,1.651171964
2021-22,10,294,Darlow,GK,NEW,4.5,2.518283866
2021-22,10,489,Areola,GK,WHU,4.8,0.772100535
2021-22,10,389,Bachmann,GK,WAT,4.3,2.470361518
2021-22,10,1,Leno,GK,ARS,4.7,0.294264674
2021-22,10,333,Forster,GK,SOU,4.4,0.402115045
2021-22,10,129,Kepa,GK,CHE,4.8,0.244170997
2021-22,10,376,Foster,GK,WAT,4.0,0.54005306
2021-22,10,480,Hennessey,GK,BUR,4.5,0.200018852
2021-22,10,156,Butland,GK,CRY,4.4,0.107587071
2021-22,10,448,Gunn,GK,NOR,4.0,0.189432412
2021-22,10,242,Kelleher,GK,LIV,4.4,0.099314337
2021-22,10,260,Steffen,GK,MCI,4.5,0.089426203
2021-22,10,452,Ruddy,GK,WOL,4.4,0.076504674
2021-22,10,486,Gollini,GK,TOT,4.4,0.06094683
2021-22,10,490,Klaesson,GK,LEE,4.4,0.073750576
2021-22,10,28,Steer,GK,AVL,4.0,0.062327764
2021-22,10,513,Woodman,GK,NEW,4.5,0.059056732
2021-22,10,204,D Ward,GK,LEI,4.0,0.060939024
2021-22,10,476,Scherpen,GK,BHA,4.5,0.030710182
2021-22,10,54,Steele,GK,BHA,4.0,0.028900356
2021-22,10,481,Begovic,GK,EVE,4.0,0.059723019
2021-22,10,593,Carson,GK,MCI,3.9,0.009713091
2021-22,10,606,Bettinelli,GK,CHE,4.0,0.008504777
2021-22,10,514,Gillespie,GK,NEW,4.0,0.006684279
2021-22,10,561,Matthews,GK,CRY,4.0,0.005950045
2021-22,10,114,Norris,GK,BUR,4.4,0.007552753
2021-22,10,509,Heaton,GK,MUN,4.0,0.006708195
2021-22,10,596,Sinisalo,GK,AVL,4.0,0.00669584
2021-22,10,407,Randolph,GK,WHU,4.4,0.006196053
2021-22,10,573,Jakupovic,GK,LEI,4.0,0.006591148
2021-22,10,571,Lonergan,GK,EVE,4.0,0.006756921
2021-22,10,313,McGovern,GK,NOR,4.0,0.005785552
2021-22,10,572,Okonkwo,GK,ARS,4.0,0.003012631
2021-22,10,532,Hein,GK,ARS,4.0,0.003002819
2021-22,10,223,Adrian,GK,LIV,4.4,0.000880016
2021-22,10,615,Slicker,GK,MCI,4.0,0.000858811
2021-22,10,616,Tyrer,GK,EVE,4.0,0.000618497
2021-22,10,80,Raya,GK,BRE,4.6,0.0
2021-22,10,574,Elliot,GK,WAT,4.0,0.006216252
2021-22,10,611,Moulden,GK,WOL,4.0,0.004248218
2021-22,10,237,Trent,DEF,LIV,7.6,5.208735504
2021-22,10,256,Cancelo,DEF,MCI,6.4,5.15043459
2021-22,10,234,Robertson,DEF,LIV,7.0,4.717785996
2021-22,10,262,Dias,DEF,MCI,6.2,4.659281941
2021-22,10,229,van Dijk,DEF,LIV,6.6,4.403695998
2021-22,10,135,Chilwell,DEF,CHE,5.8,3.904475716
2021-22,10,127,Rudiger,DEF,CHE,5.8,4.091767735
2021-22,10,437,Semedo,DEF,WOL,4.9,3.884673277
2021-22,10,142,R James,DEF,CHE,5.6,4.058051826
2021-22,10,119,Azpilicueta,DEF,CHE,6.2,3.229453139
2021-22,10,259,Laporte,DEF,MCI,5.5,3.521602443
2021-22,10,249,Walker,DEF,MCI,5.6,3.463830731
2021-22,10,431,Saiss,DEF,WOL,5.0,2.974801806
2021-22,10,429,Coady,DEF,WOL,4.5,3.299852356
2021-22,10,370,Reguilon,DEF,TOT,5.1,2.978970566
2021-22,10,275,Shaw,DEF,MUN,5.3,3.186543636
2021-22,10,59,Dunk,DEF,BHA,5.0,1.98449813
2021-22,10,292,Ritchie,DEF,NEW,4.9,2.680981465
2021-22,10,98,Tarkowski,DEF,BUR,5.0,3.623043749
2021-22,10,91,Pinnock,DEF,BRE,4.7,2.249350464
2021-22,10,121,T Silva,DEF,CHE,5.5,2.914813643
2021-22,10,288,Wan-Bissaka,DEF,MUN,5.3,2.995988268
2021-22,10,168,Digne,DEF,EVE,5.2,3.608831251
2021-22,10,45,Konsa,DEF,AVL,4.9,3.161338887
2021-22,10,588,Emerson R,DEF,TOT,4.9,2.732095612
2021-22,10,76,Jansson,DEF,BRE,4.7,2.926743338
2021-22,10,201,Evans,DEF,LEI,5.4,3.096278311
2021-22,10,133,Christensen,DEF,CHE,5.1,2.38841687
2021-22,10,428,Boly,DEF,WOL,4.9,2.417874427
2021-22,10,584,Cucurella,DEF,BHA,5.0,1.791207811
2021-22,10,83,Henry,DEF,BRE,4.5,2.82120832
2021-22,10,39,Targett,DEF,AVL,4.7,3.082545511
2021-22,10,224,Matip,DEF,LIV,5.0,2.527850409
2021-22,10,264,Zinchenko,DEF,MCI,5.3,2.435345977
2021-22,10,38,Mings,DEF,AVL,5.0,3.035265067
2021-22,10,44,Cash,DEF,AVL,5.1,3.011379456
2021-22,10,411,A Cresswell,DEF,WHU,5.5,3.160434456
2021-22,10,217,Soyuncu,DEF,LEI,4.9,2.951902642
2021-22,10,460,Perraud,DEF,SOU,4.9,3.103538971
2021-22,10,273,Maguire,DEF,MUN,5.4,2.450471182
2021-22,10,16,Tierney,DEF,ARS,4.9,2.030032592
2021-22,10,494,Romero,DEF,TOT,4.9,2.447633876
2021-22,10,23,Gabriel,DEF,ARS,5.0,2.488075329
2021-22,10,252,Stones,DEF,MCI,5.3,1.838883529
2021-22,10,106,Mee,DEF,BUR,4.9,2.595352717
2021-22,10,61,Webster,DEF,BHA,4.4,1.581765408
2021-22,10,418,Coufal,DEF,WHU,4.8,2.295172672
2021-22,10,299,Lascelles,DEF,NEW,4.4,2.423282379
2021-22,10,439,Kilman,DEF,WOL,4.5,2.257327742
2021-22,10,190,Llorente,DEF,LEE,4.5,3.092915433
2021-22,10,483,Ajer,DEF,BRE,4.5,2.314307658
2021-22,10,343,Bednarek,DEF,SOU,4.4,3.036264003
2021-22,10,67,B White,DEF,ARS,4.4,2.205849932
2021-22,10,62,Veltman,DEF,BHA,4.4,1.680945825
2021-22,10,162,Mitchell,DEF,CRY,4.5,1.526626321
2021-22,10,361,Dier,DEF,TOT,4.5,1.98686595
2021-22,10,590,Tomiyasu,DEF,ARS,4.6,2.3721186
2021-22,10,293,Clark,DEF,NEW,4.4,2.319933219
2021-22,10,470,Ait-Nouri,DEF,WOL,4.3,2.478476454
2021-22,10,488,Andersen,DEF,CRY,4.5,1.486039768
2021-22,10,113,Taylor,DEF,BUR,4.4,2.991333041
2021-22,10,209,Castagne,DEF,LEI,5.3,2.076660866
2021-22,10,169,Keane,DEF,EVE,5.0,3.085541807
2021-22,10,555,Varane,DEF,MUN,5.5,0.299723025
2021-22,10,463,Firpo,DEF,LEE,4.8,0.676138784
2021-22,10,326,Aarons,DEF,NOR,4.4,2.553364008
2021-22,10,491,Livramento,DEF,SOU,4.4,2.780480894
2021-22,10,477,Guehi,DEF,CRY,4.5,1.45514851
2021-22,10,432,Marcal,DEF,WOL,4.6,1.214860434
2021-22,10,207,R Pereira,DEF,LEI,5.4,2.065175897
2021-22,10,319,Hanley,DEF,NOR,4.4,2.485101271
2021-22,10,409,Ogbonna,DEF,WHU,5.0,2.73597021
2021-22,10,340,Vestergaard,DEF,LEI,4.9,1.972384968
2021-22,10,198,Struijk,DEF,LEE,4.4,2.552592908
2021-22,10,184,Cooper,DEF,LEE,4.5,2.677658741
2021-22,10,185,Ayling,DEF,LEE,4.4,0.157305275
2021-22,10,128,Zouma,DEF,WHU,5.4,2.322067518
2021-22,10,474,J Ward,DEF,CRY,4.5,1.41573893
2021-22,10,473,Bertrand,DEF,LEI,4.8,1.867287709
2021-22,10,580,Kabak,DEF,NOR,4.5,2.335644322
2021-22,10,175,Mina,DEF,EVE,4.9,2.035210977
2021-22,10,110,Lowton,DEF,BUR,4.4,1.780427692
2021-22,10,122,Alonso,DEF,CHE,5.8,0.865002016
2021-22,10,36,Hause,DEF,AVL,4.4,1.317821034
2021-22,10,302,Manquillo,DEF,NEW,4.0,2.032844699
2021-22,10,465,F Fernandez,DEF,NEW,4.4,1.211913906
2021-22,10,351,Salisu,DEF,SOU,4.5,2.288617835
2021-22,10,179,Godfrey,DEF,EVE,4.8,2.7931955
2021-22,10,243,Konate,DEF,LIV,5.1,1.158143226
2021-22,10,594,Zanka,DEF,BRE,4.5,1.800192946
2021-22,10,238,Gomez,DEF,LIV,4.8,1.134039761
2021-22,10,284,Lindelof,DEF,MUN,4.8,2.478890754
2021-22,10,585,C Roberts,DEF,BUR,4.5,1.116783714
2021-22,10,283,Tuanzebe,DEF,AVL,4.5,1.307144214
2021-22,10,71,Lamptey,DEF,BHA,4.4,1.102151797
2021-22,10,165,Coleman,DEF,EVE,4.9,2.50160899
2021-22,10,290,B Williams,DEF,NOR,4.0,2.160293114
2021-22,10,367,D Sanchez,DEF,TOT,4.5,0.845109749
2021-22,10,567,Lyanco,DEF,SOU,4.5,1.201257627
2021-22,10,527,T Chalobah,DEF,CHE,4.9,0.992513945
2021-22,10,258,Ake,DEF,MCI,4.9,0.601850406
2021-22,10,58,Burn,DEF,BHA,4.4,0.55468328
2021-22,10,342,Walker-Peters,DEF,SOU,4.8,0.80879536
2021-22,10,245,Tsimikas,DEF,LIV,3.9,0.558405651
2021-22,10,218,Justin,DEF,LEI,4.9,0.219024297
2021-22,10,414,Dawson,DEF,WHU,4.9,0.890455081
2021-22,10,150,Kouyate,DEF,CRY,4.5,1.132752269
2021-22,10,456,Gibson,DEF,NOR,4.4,0.0
2021-22,10,56,Duffy,DEF,BHA,4.4,0.341692808
2021-22,10,100,Pieters,DEF,BUR,4.3,0.555549138
2021-22,10,387,Troost-Ekong,DEF,WAT,4.5,2.749345389
2021-22,10,371,Tanganga,DEF,TOT,4.4,0.484610196
2021-22,10,301,Dummett,DEF,NEW,4.5,0.240432849
2021-22,10,305,Schar,DEF,NEW,4.3,0.376348415
2021-22,10,219,L Thomas,DEF,LEI,4.4,0.540033046
2021-22,10,279,Telles,DEF,MUN,5.0,0.411732032
2021-22,10,451,Collins,DEF,BUR,4.3,0.793682353
2021-22,10,14,Holding,DEF,ARS,4.2,0.47306361
2021-22,10,208,Amartey,DEF,LEI,4.0,0.444624951
2021-22,10,396,Sierralta,DEF,WAT,4.3,1.358504738
2021-22,10,379,Cathcart,DEF,WAT,4.4,1.832946816
2021-22,10,374,Rodon,DEF,TOT,4.3,0.258352003
2021-22,10,360,Doherty,DEF,TOT,4.7,0.152973811
2021-22,10,286,Bailly,DEF,MUN,4.9,0.697568924
2021-22,10,303,Krafth,DEF,NEW,4.3,0.238296603
2021-22,10,90,M Sorensen,DEF,BRE,4.3,0.261186161
2021-22,10,390,Masina,DEF,WAT,4.3,1.113030244
2021-22,10,443,Hoever,DEF,WOL,4.0,0.3717321
2021-22,10,147,Tomkins,DEF,CRY,4.3,0.119216365
2021-22,10,11,Kolasinac,DEF,ARS,4.3,0.184056714
2021-22,10,425,Johnson,DEF,WHU,3.9,1.06682517
2021-22,10,10,Chambers,DEF,ARS,4.2,0.131381495
2021-22,10,311,Lewis,DEF,NEW,4.3,0.221882708
2021-22,10,8,Mari,DEF,ARS,4.3,0.127927906
2021-22,10,246,N Williams,DEF,LIV,3.9,0.12945956
2021-22,10,510,Dalot,DEF,MUN,4.4,0.245309564
2021-22,10,331,Omobamidele,DEF,NOR,3.9,0.674721892
2021-22,10,364,Ben T Davies,DEF,TOT,4.4,0.077654895
2021-22,10,338,J Stephens,DEF,SOU,4.4,0.0
2021-22,10,501,M Sarr,DEF,CHE,4.9,0.084887569
2021-22,10,417,Masuaku,DEF,WHU,4.4,0.484004013
2021-22,10,493,Clyne,DEF,CRY,4.4,0.207145275
2021-22,10,178,Holgate,DEF,EVE,4.3,0.276716539
2021-22,10,5,Cedric,DEF,ARS,4.2,0.116314394
2021-22,10,466,Tavares,DEF,ARS,4.3,0.620683603
2021-22,10,368,Sessegnon,DEF,TOT,4.3,0.067580447
2021-22,10,87,Goode,DEF,BRE,3.9,0.070885695
2021-22,10,424,Diop,DEF,WHU,4.3,0.249973202
2021-22,10,194,Koch,DEF,LEE,4.3,0.0
2021-22,10,498,Thompson,DEF,BRE,4.4,0.066451296
2021-22,10,321,Byram,DEF,NOR,4.4,0.117911096
2021-22,10,89,Roerslev,DEF,BRE,4.3,0.319119572
2021-22,10,158,Jach,DEF,CRY,4.3,0.037005634
2021-22,10,99,Bardsley,DEF,BUR,3.9,0.070492322
2021-22,10,563,C Cresswell,DEF,LEE,4.0,0.194536222
2021-22,10,327,J Sorensen,DEF,NOR,4.3,0.110734139
2021-22,10,241,N Phillips,DEF,LIV,4.3,0.018192526
2021-22,10,546,Valery,DEF,SOU,4.0,0.061889711
2021-22,10,569,Stevens,DEF,BRE,4.0,0.011598799
2021-22,10,560,H Roberts,DEF,BHA,4.0,0.007560437
2021-22,10,151,Kelly,DEF,CRY,3.9,0.017391532
2021-22,10,103,K Long,DEF,BUR,4.0,0.012575855
2021-22,10,324,Zimmermann,DEF,NOR,4.4,0.0
2021-22,10,562,Drameh,DEF,LEE,4.0,0.011693515
2021-22,10,565,Dodgson,DEF,BUR,4.0,0.003089454
2021-22,10,544,Branthwaite,DEF,EVE,4.0,0.006237929
2021-22,10,220,Fofana,DEF,LEI,4.4,0.0
2021-22,10,446,Mosquera,DEF,WOL,4.5,0.0
2021-22,10,433,Jonny,DEF,WOL,4.5,0.0
2021-22,10,457,Giannoulis,DEF,NOR,4.4,0.434875444
2021-22,10,534,B Thomas,DEF,BUR,4.0,0.002837086
2021-22,10,554,J Baptiste,DEF,WHU,4.0,0.005254477
2021-22,10,598,Omole,DEF,TOT,4.0,0.004305813
2021-22,10,604,Wilson-Esbrand,DEF,MCI,4.0,0.005056744
2021-22,10,603,Mbete,DEF,MCI,4.0,0.005012943
2021-22,10,540,Hannam,DEF,CRY,4.0,0.003137124
2021-22,10,502,Kenny,DEF,EVE,4.5,0.005071777
2021-22,10,515,Mumba,DEF,NOR,4.0,0.003994545
2021-22,10,610,Bogarde,DEF,AVL,4.0,0.025262761
2021-22,10,617,Ashby,DEF,WHU,4.0,0.003986017
2021-22,10,608,Hjelde,DEF,LEE,4.0,0.003889352
2021-22,10,384,Kabasele,DEF,WAT,4.3,0.097073905
2021-22,10,161,Ferguson,DEF,CRY,4.5,0.0
2021-22,10,618,Nkoulou,DEF,WAT,4.5,0.131157838
2021-22,10,377,Rose,DEF,WAT,4.3,1.898829385
2021-22,10,52,Young,DEF,AVL,4.8,0.517544791
2021-22,10,415,Fredericks,DEF,WHU,4.4,0.187484849
2021-22,10,382,Femenia,DEF,WAT,4.4,2.150974359
2021-22,10,400,Ngakia,DEF,WAT,4.4,0.969446178
2021-22,10,233,Salah,MID,LIV,12.9,5.867690081
2021-22,10,359,Son,MID,TOT,10.2,4.538332426
2021-22,10,277,Fernandes,MID,MUN,11.7,4.573594751
2021-22,10,230,Mane,MID,LIV,11.9,4.702195228
2021-22,10,251,De Bruyne,MID,MCI,12.0,4.806812141
2021-22,10,265,Foden,MID,MCI,8.1,4.248784296
2021-22,10,196,Raphinha,MID,LEE,6.7,3.504245601
2021-22,10,138,Mount,MID,CHE,7.5,3.846840737
2021-22,10,341,Ward-Prowse,MID,SOU,6.3,3.839006543
2021-22,10,154,Zaha,MID,CRY,6.9,2.8155756
2021-22,10,399,I Sarr,MID,WAT,6.2,4.013243242
2021-22,10,240,Jota,MID,LIV,7.5,3.725560618
2021-22,10,267,Harrison,MID,LEE,5.7,4.002851481
2021-22,10,141,Havertz,MID,CHE,8.1,3.912452857
2021-22,10,64,Trossard,MID,BHA,6.4,2.818906413
2021-22,10,215,H Barnes,MID,LEI,6.6,3.288348382
2021-22,10,254,Mahrez,MID,MCI,8.7,3.432823963
2021-22,10,33,Grealish,MID,MCI,7.9,3.506208644
2021-22,10,96,Mbeumo,MID,BRE,5.6,2.232443426
2021-22,10,419,Benrahma,MID,WHU,6.5,3.5152784
2021-22,10,55,Gross,MID,BHA,6.0,2.733590217
2021-22,10,420,Bowen,MID,WHU,6.3,3.479568692
2021-22,10,422,Soucek,MID,WHU,5.8,3.537944352
2021-22,10,250,Gundogan,MID,MCI,7.2,3.375462803
2021-22,10,17,Pepe,MID,ARS,7.0,2.923095396
2021-22,10,261,B Silva,MID,MCI,7.0,3.284477415
2021-22,10,188,Dallas,MID,LEE,5.2,3.63665242
2021-22,10,81,Canos,MID,BRE,5.5,3.072618667
2021-22,10,212,Maddison,MID,LEI,6.7,3.2827766
2021-22,10,210,Tielemans,MID,LEI,6.5,3.256508207
2021-22,10,22,Saka,MID,ARS,6.3,2.809164184
2021-22,10,255,Sterling,MID,MCI,10.6,2.081146981
2021-22,10,289,M Greenwood,MID,MUN,7.6,3.21183827
2021-22,10,281,Rashford,MID,MUN,9.4,3.033695769
2021-22,10,484,D Gray,MID,EVE,5.8,3.001391015
2021-22,10,118,McNeil,MID,BUR,5.8,3.159065025
2021-22,10,107,Westwood,MID,BUR,5.3,3.162292647
2021-22,10,291,Shelvey,MID,NEW,5.3,2.576126556
2021-22,10,19,Willock,MID,NEW,5.8,2.513065064
2021-22,10,423,Fornals,MID,WHU,6.0,2.992556257
2021-22,10,436,Neves,MID,WOL,5.4,2.847824149
2021-22,10,266,Rodri,MID,MCI,5.5,2.942357961
2021-22,10,461,Trincao,MID,WOL,5.8,2.239289239
2021-22,10,222,J Henderson,MID,LIV,5.0,2.976199684
2021-22,10,339,S Armstrong,MID,SOU,5.8,2.472994894
2021-22,10,426,Moutinho,MID,WOL,5.0,2.730770264
2021-22,10,308,Almiron,MID,NEW,5.3,2.342937331
2021-22,10,123,Jorginho,MID,CHE,5.8,2.621997812
2021-22,10,53,Lallana,MID,BHA,5.4,2.326756773
2021-22,10,77,Norgaard,MID,BRE,5.0,2.600448687
2021-22,10,35,McGinn,MID,AVL,5.8,2.796745017
2021-22,10,43,Buendia,MID,AVL,6.3,2.77301825
2021-22,10,362,Lucas Moura,MID,TOT,6.4,2.418785577
2021-22,10,517,Elyounoussi,MID,SOU,5.5,2.109315235
2021-22,10,485,Sancho,MID,MUN,8.9,2.395071607
2021-22,10,558,Odegaard,MID,ARS,5.5,1.876565109
2021-22,10,21,Smith Rowe,MID,ARS,5.5,2.452390761
2021-22,10,482,Townsend,MID,EVE,5.7,2.687451766
2021-22,10,365,Hojbjerg,MID,TOT,4.9,2.501448959
2021-22,10,421,Rice,MID,WHU,5.0,2.71142087
2021-22,10,375,Ndombele,MID,TOT,5.8,2.411330598
2021-22,10,363,Alli,MID,TOT,6.4,1.811116387
2021-22,10,232,Fabinho,MID,LIV,5.4,2.66201579
2021-22,10,471,Lees-Melou,MID,NOR,5.0,2.21436245
2021-22,10,336,Redmond,MID,SOU,5.9,2.673607044
2021-22,10,115,Brownhill,MID,BUR,4.4,2.666270531
2021-22,10,578,Cornet,MID,BUR,6.0,2.562455259
2021-22,10,587,Lookman,MID,LEI,6.0,2.067076041
2021-22,10,285,McTominay,MID,MUN,5.4,2.474803798
2021-22,10,144,Gallagher,MID,CRY,5.7,2.007454095
2021-22,10,495,Kucka,MID,WAT,5.5,2.627496998
2021-22,10,492,Bailey,MID,AVL,6.4,2.335670053
2021-22,10,186,Klich,MID,LEE,5.5,2.910048563
2021-22,10,449,Rashica,MID,NOR,5.2,2.350277439
2021-22,10,70,Bissouma,MID,BHA,4.5,2.077749685
2021-22,10,131,Ziyech,MID,CHE,7.3,1.969229075
2021-22,10,140,Hudson-Odoi,MID,CHE,5.3,2.429073099
2021-22,10,15,Partey,MID,ARS,5.0,2.187795756
2021-22,10,335,Romeu,MID,SOU,4.5,2.407962751
2021-22,10,318,McLean,MID,NOR,4.9,2.428073227
2021-22,10,125,Kovacic,MID,CHE,5.3,2.153153916
2021-22,10,272,Pogba,MID,MUN,7.5,0.0
2021-22,10,148,McArthur,MID,CRY,4.5,1.744919959
2021-22,10,171,Allan,MID,EVE,4.6,2.369643445
2021-22,10,381,Cleverley,MID,WAT,4.9,2.401148588
2021-22,10,152,Milivojevic,MID,CRY,5.4,1.821836667
2021-22,10,50,Douglas Luiz,MID,AVL,4.6,2.331914849
2021-22,10,458,Soumare,MID,LEI,4.8,2.264389055
2021-22,10,193,T Roberts,MID,LEE,4.9,2.732105891
2021-22,10,369,Bergwijn,MID,TOT,5.9,1.671690741
2021-22,10,191,K Phillips,MID,LEE,4.8,1.370500402
2021-22,10,325,Cantwell,MID,NOR,5.3,1.079851511
2021-22,10,274,Fred,MID,MUN,4.9,2.338517888
2021-22,10,354,Sissoko,MID,WAT,4.5,2.42105071
2021-22,10,86,Jensen,MID,BRE,4.9,2.46930296
2021-22,10,174,Iwobi,MID,EVE,5.8,2.080841939
2021-22,10,239,Keita,MID,LIV,5.0,0.88542328
2021-22,10,84,Janelt,MID,BRE,5.0,0.823391993
2021-22,10,287,D James,MID,LEE,6.0,2.433684981
2021-22,10,225,Thiago,MID,LIV,5.3,0.0
2021-22,10,435,A Traore,MID,WOL,5.9,2.244072073
2021-22,10,306,Hayden,MID,NEW,4.5,1.964233407
2021-22,10,145,Gilmour,MID,NOR,4.4,1.517151076
2021-22,10,130,Kante,MID,CHE,4.9,1.719996796
2021-22,10,479,Onyeka,MID,BRE,4.9,2.247591502
2021-22,10,74,Mac Allister,MID,BHA,5.4,1.858848247
2021-22,10,137,Pulisic,MID,CHE,7.9,0.110424287
2021-22,10,478,Lokonga,MID,ARS,4.8,1.957587777
2021-22,10,82,Dasilva,MID,BRE,5.3,0.756670731
2021-22,10,197,Shackleton,MID,LEE,4.5,2.579696468
2021-22,10,372,Lo Celso,MID,TOT,5.9,0.931092683
2021-22,10,244,C Jones,MID,LIV,5.0,1.995354559
2021-22,10,524,Wissa,MID,BRE,5.9,0.267263718
2021-22,10,160,Eze,MID,CRY,5.9,0.0755177
2021-22,10,581,Normann,MID,NOR,4.5,2.197147101
2021-22,10,592,Saul,MID,CHE,5.1,0.739340364
2021-22,10,373,Skipp,MID,TOT,4.5,1.918261506
2021-22,10,101,Cork,MID,BUR,4.5,0.772449052
2021-22,10,216,Ndidi,MID,LEI,4.8,0.0
2021-22,10,60,March,MID,BHA,5.3,1.126739864
2021-22,10,332,Walcott,MID,SOU,5.8,0.936667125
2021-22,10,173,Doucoure,MID,EVE,5.6,0.0
2021-22,10,26,Martinelli,MID,ARS,5.2,1.316728665
2021-22,10,438,Podence,MID,WOL,5.5,1.134615689
2021-22,10,42,El Ghazi,MID,AVL,5.7,0.279604888
2021-22,10,317,Rupp,MID,NOR,4.4,0.817548352
2021-22,10,211,Perez,MID,LEI,5.8,0.582616033
2021-22,10,132,Loftus-Cheek,MID,CHE,5.4,0.225167209
2021-22,10,75,Moder,MID,BHA,4.5,1.435612391
2021-22,10,176,T Davies,MID,EVE,4.9,1.832413111
2021-22,10,172,Gomes,MID,EVE,4.9,0.18173875
2021-22,10,582,Vlasic,MID,WHU,5.8,1.170886047
2021-22,10,328,Placheta,MID,NOR,4.8,0.333164709
2021-22,10,551,Summerville,MID,LEE,4.5,0.217423565
2021-22,10,203,N Mendy,MID,LEI,4.4,0.0
2021-22,10,467,Etebo,MID,WAT,4.4,0.0
2021-22,10,7,Xhaka,MID,ARS,4.9,0.0
2021-22,10,506,Elliott,MID,LIV,5.3,0.0
2021-22,10,37,Trezeguet,MID,AVL,5.4,0.0
2021-22,10,441,Neto,MID,WOL,6.4,0.0
2021-22,10,268,Torres,MID,MCI,6.8,0.0
2021-22,10,459,Mata,MID,MUN,4.8,0.02584606
2021-22,10,507,Palmer,MID,MCI,4.5,0.004804939
2021-22,10,597,Markanday,MID,TOT,4.5,0.004358491
2021-22,10,512,Elanga,MID,MUN,4.8,0.004418165
2021-22,10,543,Banks,MID,CRY,4.5,0.00397971
2021-22,10,508,Edozie,MID,MCI,4.8,0.004224769
2021-22,10,609,Anderson,MID,NEW,4.5,0.003896597
2021-22,10,613,Whitaker,MID,EVE,4.5,0.003951754
2021-22,10,547,Cundle,MID,WOL,4.5,0.009174809
2021-22,10,612,Sarmiento,MID,BHA,4.5,0.003562331
2021-22,10,601,McKinstry,MID,LEE,4.4,0.003846662
2021-22,10,605,Lavia,MID,MCI,4.5,0.00384583
2021-22,10,614,Maghoma,MID,BRE,4.5,0.003698563
2021-22,10,548,Campbell,MID,WOL,4.5,0.008804959
2021-22,10,600,Kenneh,MID,LEE,4.5,0.003512014
2021-22,10,599,J White,MID,NEW,4.5,0.003372128
2021-22,10,537,Richards,MID,BHA,4.5,0.04483658
2021-22,10,576,McCarron,MID,LEE,4.5,0.023024216
2021-22,10,93,Zamburek,MID,BRE,4.5,0.021626896
2021-22,10,124,Barkley,MID,CHE,5.2,0.629909941
2021-22,10,434,Dendoncker,MID,WOL,4.8,1.314099164
2021-22,10,541,Rak-Sakyi,MID,CRY,4.5,0.009774902
2021-22,10,496,A Ramsey,MID,AVL,4.5,0.019629706
2021-22,10,386,Hughes,MID,CRY,4.8,0.039362316
2021-22,10,505,Dewsbury-Hall,MID,LEI,4.5,0.043895811
2021-22,10,557,Tufan,MID,WAT,5.0,0.901332449
2021-22,10,79,Fosu,MID,BRE,5.2,0.089524565
2021-22,10,347,Smallbone,MID,SOU,4.5,0.090987719
2021-22,10,12,Elneny,MID,ARS,4.5,0.287291382
2021-22,10,526,Chukwuemeka,MID,AVL,4.5,0.090149695
2021-22,10,73,Alzate,MID,BHA,4.9,0.03803409
2021-22,10,85,Ghoddos,MID,BRE,5.3,1.064662919
2021-22,10,497,Philogene-Bidace,MID,AVL,5.0,0.087799527
2021-22,10,236,Minamino,MID,LIV,5.1,0.190770209
2021-22,10,346,Tella,MID,SOU,4.7,0.191852016
2021-22,10,323,Dowell,MID,NOR,5.2,0.638839568
2021-22,10,102,D Stephens,MID,BUR,4.5,0.082257268
2021-22,10,202,Albrighton,MID,LEI,5.3,0.04264802
2021-22,10,405,Baah,MID,WAT,4.4,0.079626137
2021-22,10,227,Chamberlain,MID,LIV,5.8,0.741529588
2021-22,10,282,van de Beek,MID,MUN,5.7,0.609763697
2021-22,10,34,Sanson,MID,AVL,5.0,0.291883653
2021-22,10,51,J Ramsey,MID,AVL,4.5,1.106200234
2021-22,10,462,Mwepu,MID,BHA,5.9,0.530026659
2021-22,10,32,B Traore,MID,AVL,5.7,1.403685113
2021-22,10,297,Hendrick,MID,NEW,4.8,0.249984201
2021-22,10,350,Djenepo,MID,SOU,5.4,0.804480917
2021-22,10,157,Riedewald,MID,CRY,4.8,0.233990094
2021-22,10,378,Gosling,MID,WAT,4.8,0.385289482
2021-22,10,403,Louza,MID,WAT,5.3,0.378377949
2021-22,10,406,Noble,MID,WHU,4.4,0.357503768
2021-22,10,552,Forshaw,MID,LEE,4.5,1.179790453
2021-22,10,453,Fernandinho,MID,MCI,4.8,0.575047888
2021-22,10,97,Bidstrup,MID,BRE,4.5,0.336644055
2021-22,10,504,Gbamin,MID,EVE,4.5,0.301882921
2021-22,10,487,Bryan Gil,MID,TOT,5.7,0.735895506
2021-22,10,309,S Longstaff,MID,NEW,4.5,0.615705827
2021-22,10,221,Milner,MID,LIV,4.9,0.711217559
2021-22,10,155,Schlupp,MID,CRY,5.4,1.087061319
2021-22,10,589,Kral,MID,WHU,4.5,0.332745342
2021-22,10,416,Lanzini,MID,WHU,5.8,1.04487602
2021-22,10,366,Winks,MID,TOT,4.5,0.306966769
2021-22,10,464,Olise,MID,CRY,5.4,1.352016534
2021-22,10,298,Fraser,MID,NEW,5.4,1.214045323
2021-22,10,276,Lingard,MID,MUN,6.9,0.723455064
2021-22,10,163,Delph,MID,EVE,4.4,0.147767196
2021-22,10,214,Choudhury,MID,LEI,4.5,0.709205022
2021-22,10,499,S Baptiste,MID,BRE,5.0,0.152004465
2021-22,10,528,Tzolis,MID,NOR,4.9,1.342433673
2021-22,10,349,I Diallo,MID,SOU,4.5,1.386033362
2021-22,10,575,Lennon,MID,BUR,5.0,0.729046222
2021-22,10,391,Sema,MID,WAT,5.2,1.088875577
2021-22,10,271,Matic,MID,MUN,4.5,0.798080329
2021-22,10,503,A Gordon,MID,EVE,4.5,1.174829594
2021-22,10,41,Nakamba,MID,AVL,4.5,0.558050159
2021-22,10,108,Gudmundsson,MID,BUR,5.4,1.538908108
2021-22,10,13,Maitland-Niles,MID,ARS,5.3,1.117519354
2021-22,10,304,Murphy,MID,NEW,5.0,1.316513444
2021-22,10,412,Yarmolenko,MID,WHU,5.2,1.296428319
2021-22,10,357,Kane,FWD,TOT,12.1,5.089049194
2021-22,10,205,Vardy,FWD,LEI,10.8,4.24100503
2021-22,10,430,Jimenez,FWD,WOL,7.6,4.478703597
2021-22,10,4,Aubameyang,FWD,ARS,10.0,3.711340751
2021-22,10,413,Antonio,FWD,WHU,8.2,4.423212184
2021-22,10,579,Ronaldo,FWD,MUN,12.5,4.065142798
2021-22,10,78,Toney,FWD,BRE,6.6,3.685883477
2021-22,10,109,Wood,FWD,BUR,6.7,4.281070767
2021-22,10,337,Ings,FWD,AVL,7.8,4.154178894
2021-22,10,315,Pukki,FWD,NOR,5.8,4.152014838
2021-22,10,296,Wilson,FWD,NEW,7.3,3.206807453
2021-22,10,63,Maupay,FWD,BHA,6.5,3.017099006
2021-22,10,40,Watkins,FWD,AVL,7.3,3.916966853
2021-22,10,228,Firmino,FWD,LIV,8.9,3.500229729
2021-22,10,263,Jesus,FWD,MCI,8.6,3.812153524
2021-22,10,213,Iheanacho,FWD,LEI,7.0,3.610538033
2021-22,10,187,Rodrigo,FWD,LEE,6.3,4.414121043
2021-22,10,583,Hwang,FWD,WOL,5.7,3.394944708
2021-22,10,529,Lukaku,FWD,CHE,11.5,0.528702598
2021-22,10,180,Richarlison,FWD,EVE,7.4,2.625200128
2021-22,10,307,Saint-Maximin,FWD,NEW,6.8,2.841217142
2021-22,10,525,A Armstrong,FWD,SOU,6.0,3.367362877
2021-22,10,189,Bamford,FWD,LEE,7.8,0.217467387
2021-22,10,345,Adams,FWD,SOU,6.8,1.397815637
2021-22,10,468,King,FWD,WAT,5.6,3.328753893
2021-22,10,591,Rondon,FWD,EVE,6.0,2.755635435
2021-22,10,586,Edouard,FWD,CRY,6.5,2.007434985
2021-22,10,177,Calvert-Lewin,FWD,EVE,8.0,0.0
2021-22,10,447,Welbeck,FWD,BHA,6.0,0.151974634
2021-22,10,516,Sargent,FWD,NOR,5.4,2.321406928
2021-22,10,404,Joao Pedro,FWD,WAT,5.4,2.19036721
2021-22,10,134,Werner,FWD,CHE,8.6,0.117564167
2021-22,10,6,Lacazette,FWD,ARS,8.3,0.993196482
2021-22,10,88,Forss,FWD,BRE,5.3,1.564359433
2021-22,10,518,Broja,FWD,SOU,5.0,1.562295238
2021-22,10,153,Ayew,FWD,CRY,5.9,1.723391474
2021-22,10,455,Daka,FWD,LEI,7.1,1.241069603
2021-22,10,450,Dennis,FWD,WAT,5.2,0.0
2021-22,10,269,Cavani,FWD,MUN,8.4,1.663091453
2021-22,10,111,Vydra,FWD,BUR,5.2,1.891047168
2021-22,10,105,A Barnes,FWD,BUR,5.3,2.013692833
2021-22,10,472,Cucho,FWD,WAT,5.0,2.055581016
2021-22,10,533,Richardson,FWD,BUR,4.5,0.001891634
2021-22,10,602,Simms,FWD,EVE,4.5,0.003753059
2021-22,10,542,Street,FWD,CRY,4.5,0.003423884
2021-22,10,519,S Long,FWD,SOU,5.4,0.05199357
2021-22,10,520,Scarlett,FWD,TOT,4.5,0.008383361
2021-22,10,395,Fletcher,FWD,WAT,4.9,0.045431786
2021-22,10,49,Davis,FWD,AVL,4.4,0.043662775
2021-22,10,550,S Greenwood,FWD,LEE,4.5,0.096564325
2021-22,10,20,Nketiah,FWD,ARS,5.4,0.187104373
2021-22,10,159,Mateta,FWD,CRY,5.3,0.12276009
2021-22,10,72,Connolly,FWD,BHA,5.3,0.325553302
2021-22,10,235,Origi,FWD,LIV,4.9,0.14171366
2021-22,10,278,Martial,FWD,MUN,7.6,0.288418531
2021-22,10,530,Balogun,FWD,ARS,4.8,0.085892881
2021-22,10,595,Locadia,FWD,BHA,4.5,0.123457651
2021-22,10,607,Dobbin,FWD,EVE,4.5,0.068815996
2021-22,10,300,Gayle,FWD,NEW,5.3,0.257939567
2021-22,10,577,Gelhardt,FWD,LEE,4.5,0.466445969
2021-22,10,568,Archer,FWD,AVL,4.5,0.15124784
2021-22,10,445,F Silva,FWD,WOL,5.7,0.703424987
2021-22,10,310,Joelinton,FWD,NEW,5.8,1.088237918
2021-22,10,149,Benteke,FWD,CRY,6.3,1.123447906
2021-22,10,104,Jay Rodriguez,FWD,BUR,5.3,1.54773776
2021-22,10,329,Idah,FWD,NOR,4.9,0.727586113
2021-22,11,143,E Mendy,GK,CHE,6.1,4.365652667
2021-22,11,257,Ederson,GK,MCI,6.0,3.512012089
2021-22,11,231,Alisson,GK,LIV,6.0,3.663072969
2021-22,11,30,Martinez,GK,AVL,5.5,3.749669916
2021-22,11,353,Lloris,GK,TOT,5.5,3.533818439
2021-22,11,69,R Sanchez,GK,BHA,4.6,4.167000985
2021-22,11,559,Ramsdale,GK,ARS,4.6,4.044318998
2021-22,11,146,Guaita,GK,CRY,4.5,3.915468079
2021-22,11,112,Pope,GK,BUR,5.4,3.004900933
2021-22,11,475,Sa,GK,WOL,5.0,3.458170672
2021-22,11,199,Meslier,GK,LEE,5.0,3.456532813
2021-22,11,556,A Fernandez,GK,BRE,4.5,3.876559984
2021-22,11,295,Dubravka,GK,NEW,4.4,1.670952602
2021-22,11,200,Schmeichel,GK,LEI,5.0,2.935831985
2021-22,11,334,McCarthy,GK,SOU,4.5,3.171453544
2021-22,11,408,Fabianski,GK,WHU,5.0,2.339543209
2021-22,11,170,Pickford,GK,EVE,5.0,3.243879757
2021-22,11,314,Krul,GK,NOR,4.5,2.566662487
2021-22,11,280,D Henderson,GK,MUN,4.8,1.624254644
2021-22,11,270,de Gea,GK,MUN,5.0,1.640882779
2021-22,11,376,Foster,GK,WAT,4.0,2.144952776
2021-22,11,489,Areola,GK,WHU,4.8,0.698481424
2021-22,11,294,Darlow,GK,NEW,4.5,1.70352285
2021-22,11,1,Leno,GK,ARS,4.7,0.379249411
2021-22,11,129,Kepa,GK,CHE,4.8,0.263250919
2021-22,11,333,Forster,GK,SOU,4.4,0.41113515
2021-22,11,156,Butland,GK,CRY,4.4,0.144057289
2021-22,11,480,Hennessey,GK,BUR,4.5,0.139817427
2021-22,11,448,Gunn,GK,NOR,4.0,0.180941754
2021-22,11,242,Kelleher,GK,LIV,4.4,0.039345341
2021-22,11,260,Steffen,GK,MCI,4.5,0.066962913
2021-22,11,452,Ruddy,GK,WOL,4.4,0.075933666
2021-22,11,486,Gollini,GK,TOT,4.4,0.065660585
2021-22,11,513,Woodman,GK,NEW,4.5,0.062237871
2021-22,11,619,Cox,GK,BRE,4.0,0.078088952
2021-22,11,490,Klaesson,GK,LEE,4.4,0.067141114
2021-22,11,28,Steer,GK,AVL,4.0,0.060080574
2021-22,11,476,Scherpen,GK,BHA,4.5,0.043302183
2021-22,11,204,D Ward,GK,LEI,4.0,0.056166546
2021-22,11,54,Steele,GK,BHA,4.0,0.042221464
2021-22,11,223,Adrian,GK,LIV,4.4,0.038456541
2021-22,11,606,Bettinelli,GK,CHE,4.0,0.009124229
2021-22,11,593,Carson,GK,MCI,3.9,0.007209477
2021-22,11,561,Matthews,GK,CRY,4.0,0.007978798
2021-22,11,481,Begovic,GK,EVE,4.0,0.056139586
2021-22,11,514,Gillespie,GK,NEW,4.0,0.007149684
2021-22,11,509,Heaton,GK,MUN,4.0,0.006617494
2021-22,11,114,Norris,GK,BUR,4.4,0.005973912
2021-22,11,389,Bachmann,GK,WAT,4.3,0.244324818
2021-22,11,596,Sinisalo,GK,AVL,4.0,0.006408832
2021-22,11,407,Randolph,GK,WHU,4.4,0.005440984
2021-22,11,573,Jakupovic,GK,LEI,4.0,0.006041769
2021-22,11,572,Okonkwo,GK,ARS,4.0,0.004008395
2021-22,11,532,Hein,GK,ARS,4.0,0.004001532
2021-22,11,313,McGovern,GK,NOR,4.0,0.005547409
2021-22,11,621,Storer,GK,WOL,4.0,-0.002109673
2021-22,11,571,Lonergan,GK,EVE,4.0,0.006327809
2021-22,11,615,Slicker,GK,MCI,4.0,0.000647657
2021-22,11,616,Tyrer,GK,EVE,4.0,0.000581785
2021-22,11,80,Raya,GK,BRE,4.6,0.0
2021-22,11,574,Elliot,GK,WAT,4.0,0.004518147
2021-22,11,611,Moulden,GK,WOL,4.0,0.004217623
2021-22,11,237,Trent,DEF,LIV,7.6,4.065772894
2021-22,11,256,Cancelo,DEF,MCI,6.4,3.603946868
2021-22,11,234,Robertson,DEF,LIV,7.0,3.651537302
2021-22,11,135,Chilwell,DEF,CHE,5.8,4.571529777
2021-22,11,262,Dias,DEF,MCI,6.2,3.445355941
2021-22,11,127,Rudiger,DEF,CHE,5.8,4.530480056
2021-22,11,119,Azpilicueta,DEF,CHE,6.2,4.225713489
2021-22,11,437,Semedo,DEF,WOL,4.9,3.693049277
2021-22,11,229,van Dijk,DEF,LIV,6.6,3.406872373
2021-22,11,59,Dunk,DEF,BHA,5.0,4.513318154
2021-22,11,142,R James,DEF,CHE,5.6,4.265425492
2021-22,11,370,Reguilon,DEF,TOT,5.1,3.214971185
2021-22,11,584,Cucurella,DEF,BHA,5.0,3.991353005
2021-22,11,431,Saiss,DEF,WOL,5.0,2.817975441
2021-22,11,292,Ritchie,DEF,NEW,4.9,2.993931212
2021-22,11,429,Coady,DEF,WOL,4.5,3.202841704
2021-22,11,275,Shaw,DEF,MUN,5.3,2.695741497
2021-22,11,91,Pinnock,DEF,BRE,4.7,3.734495286
2021-22,11,61,Webster,DEF,BHA,4.4,3.510698173
2021-22,11,249,Walker,DEF,MCI,5.6,1.61213327
2021-22,11,62,Veltman,DEF,BHA,4.4,3.827252183
2021-22,11,588,Emerson R,DEF,TOT,4.9,2.708564236
2021-22,11,162,Mitchell,DEF,CRY,4.5,3.456669355
2021-22,11,488,Andersen,DEF,CRY,4.5,3.433423795
2021-22,11,288,Wan-Bissaka,DEF,MUN,5.3,2.570025135
2021-22,11,361,Dier,DEF,TOT,4.5,2.706375711
2021-22,11,259,Laporte,DEF,MCI,5.5,0.0
2021-22,11,76,Jansson,DEF,BRE,4.7,3.685275696
2021-22,11,494,Romero,DEF,TOT,4.9,2.703679995
2021-22,11,133,Christensen,DEF,CHE,5.1,2.901104309
2021-22,11,121,T Silva,DEF,CHE,5.5,2.761565986
2021-22,11,477,Guehi,DEF,CRY,4.5,3.328551363
2021-22,11,428,Boly,DEF,WOL,4.9,2.33078008
2021-22,11,83,Henry,DEF,BRE,4.5,3.51632395
2021-22,11,252,Stones,DEF,MCI,5.3,3.419390537
2021-22,11,201,Evans,DEF,LEI,5.4,2.670964412
2021-22,11,98,Tarkowski,DEF,BUR,5.0,2.025993495
2021-22,11,273,Maguire,DEF,MUN,5.4,2.497913688
2021-22,11,264,Zinchenko,DEF,MCI,5.3,2.380801362
2021-22,11,23,Gabriel,DEF,ARS,5.0,3.913588687
2021-22,11,16,Tierney,DEF,ARS,4.9,3.372286377
2021-22,11,299,Lascelles,DEF,NEW,4.4,2.692875246
2021-22,11,39,Targett,DEF,AVL,4.7,2.806777926
2021-22,11,224,Matip,DEF,LIV,5.0,1.939415511
2021-22,11,474,J Ward,DEF,CRY,4.5,3.205745128
2021-22,11,67,B White,DEF,ARS,4.4,3.807948153
2021-22,11,38,Mings,DEF,AVL,5.0,2.777592833
2021-22,11,217,Soyuncu,DEF,LEI,4.9,2.547965327
2021-22,11,411,A Cresswell,DEF,WHU,5.5,2.380463582
2021-22,11,284,Lindelof,DEF,MUN,4.8,2.369660536
2021-22,11,590,Tomiyasu,DEF,ARS,4.6,3.714304631
2021-22,11,44,Cash,DEF,AVL,5.1,2.72963198
2021-22,11,460,Perraud,DEF,SOU,4.9,3.248111566
2021-22,11,293,Clark,DEF,NEW,4.4,2.465953695
2021-22,11,470,Ait-Nouri,DEF,WOL,4.3,3.206459086
2021-22,11,463,Firpo,DEF,LEE,4.8,2.085127227
2021-22,11,418,Coufal,DEF,WHU,4.8,2.355914261
2021-22,11,439,Kilman,DEF,WOL,4.5,2.185501006
2021-22,11,168,Digne,DEF,EVE,5.2,2.690837523
2021-22,11,106,Mee,DEF,BUR,4.9,1.806433387
2021-22,11,71,Lamptey,DEF,BHA,4.4,2.816010657
2021-22,11,483,Ajer,DEF,BRE,4.5,2.439878106
2021-22,11,36,Hause,DEF,AVL,4.4,3.029326669
2021-22,11,45,Konsa,DEF,AVL,4.9,0.0
2021-22,11,343,Bednarek,DEF,SOU,4.4,3.182195755
2021-22,11,190,Llorente,DEF,LEE,4.5,2.58677586
2021-22,11,209,Castagne,DEF,LEI,5.3,1.934912947
2021-22,11,185,Ayling,DEF,LEE,4.4,0.853967298
2021-22,11,326,Aarons,DEF,NOR,4.4,2.217575605
2021-22,11,319,Hanley,DEF,NOR,4.4,2.179130136
2021-22,11,491,Livramento,DEF,SOU,4.4,2.941559548
2021-22,11,113,Taylor,DEF,BUR,4.4,1.745442757
2021-22,11,302,Manquillo,DEF,NEW,4.0,2.283661414
2021-22,11,432,Marcal,DEF,WOL,4.6,0.291873274
2021-22,11,409,Ogbonna,DEF,WHU,5.0,2.037232493
2021-22,11,367,D Sanchez,DEF,TOT,4.5,1.237385435
2021-22,11,169,Keane,DEF,EVE,5.0,3.20536841
2021-22,11,207,R Pereira,DEF,LEI,5.4,1.256977753
2021-22,11,465,F Fernandez,DEF,NEW,4.4,1.362577821
2021-22,11,580,Kabak,DEF,NOR,4.5,2.018717717
2021-22,11,128,Zouma,DEF,WHU,5.4,1.749788086
2021-22,11,473,Bertrand,DEF,LEI,4.8,1.249981424
2021-22,11,340,Vestergaard,DEF,LEI,4.9,1.219168937
2021-22,11,594,Zanka,DEF,BRE,4.5,2.151258489
2021-22,11,184,Cooper,DEF,LEE,4.5,1.933042128
2021-22,11,198,Struijk,DEF,LEE,4.4,1.809001575
2021-22,11,150,Kouyate,DEF,CRY,4.5,2.27028693
2021-22,11,110,Lowton,DEF,BUR,4.4,1.014227805
2021-22,11,122,Alonso,DEF,CHE,5.8,0.764440726
2021-22,11,527,T Chalobah,DEF,CHE,4.9,1.461318027
2021-22,11,243,Konate,DEF,LIV,5.1,0.880146876
2021-22,11,351,Salisu,DEF,SOU,4.5,2.235046679
2021-22,11,238,Gomez,DEF,LIV,4.8,0.863856298
2021-22,11,56,Duffy,DEF,BHA,4.4,1.276641399
2021-22,11,585,C Roberts,DEF,BUR,4.5,0.63629469
2021-22,11,290,B Williams,DEF,NOR,4.0,1.873755629
2021-22,11,360,Doherty,DEF,TOT,4.7,0.570993405
2021-22,11,283,Tuanzebe,DEF,AVL,4.5,1.621331794
2021-22,11,567,Lyanco,DEF,SOU,4.5,1.422840871
2021-22,11,218,Justin,DEF,LEI,4.9,0.462854805
2021-22,11,258,Ake,DEF,MCI,4.9,0.498037965
2021-22,11,178,Holgate,DEF,EVE,4.3,2.578750876
2021-22,11,179,Godfrey,DEF,EVE,4.8,2.76734116
2021-22,11,371,Tanganga,DEF,TOT,4.4,0.673522661
2021-22,11,165,Coleman,DEF,EVE,4.9,2.652949759
2021-22,11,374,Rodon,DEF,TOT,4.3,0.569626563
2021-22,11,58,Burn,DEF,BHA,4.4,0.098064602
2021-22,11,456,Gibson,DEF,NOR,4.4,0.702445991
2021-22,11,342,Walker-Peters,DEF,SOU,4.8,0.844349272
2021-22,11,245,Tsimikas,DEF,LIV,3.9,0.433507378
2021-22,11,208,Amartey,DEF,LEI,4.0,0.708203443
2021-22,11,414,Dawson,DEF,WHU,4.9,0.680326734
2021-22,11,301,Dummett,DEF,NEW,4.5,0.415531804
2021-22,11,175,Mina,DEF,EVE,4.9,0.460116399
2021-22,11,305,Schar,DEF,NEW,4.3,0.419674559
2021-22,11,219,L Thomas,DEF,LEI,4.4,1.011427138
2021-22,11,14,Holding,DEF,ARS,4.2,0.506900307
2021-22,11,279,Telles,DEF,MUN,5.0,0.354099797
2021-22,11,100,Pieters,DEF,BUR,4.3,0.331863302
2021-22,11,466,Tavares,DEF,ARS,4.3,0.767210632
2021-22,11,147,Tomkins,DEF,CRY,4.3,0.263409546
2021-22,11,286,Bailly,DEF,MUN,4.9,0.268969838
2021-22,11,364,Ben T Davies,DEF,TOT,4.4,0.265053834
2021-22,11,493,Clyne,DEF,CRY,4.4,0.429568185
2021-22,11,443,Hoever,DEF,WOL,4.0,0.543135974
2021-22,11,303,Krafth,DEF,NEW,4.3,0.267461162
2021-22,11,11,Kolasinac,DEF,ARS,4.3,0.282360559
2021-22,11,311,Lewis,DEF,NEW,4.3,0.247465113
2021-22,11,52,Young,DEF,AVL,4.8,1.710985032
2021-22,11,10,Chambers,DEF,ARS,4.2,0.203809456
2021-22,11,338,J Stephens,DEF,SOU,4.4,0.0
2021-22,11,510,Dalot,DEF,MUN,4.4,0.212446601
2021-22,11,368,Sessegnon,DEF,TOT,4.3,0.022884828
2021-22,11,451,Collins,DEF,BUR,4.3,0.171417678
2021-22,11,246,N Williams,DEF,LIV,3.9,0.10080054
2021-22,11,90,M Sorensen,DEF,BRE,4.3,0.079229681
2021-22,11,8,Mari,DEF,ARS,4.3,0.099834361
2021-22,11,5,Cedric,DEF,ARS,4.2,0.175225112
2021-22,11,501,M Sarr,DEF,CHE,4.9,0.092441472
2021-22,11,331,Omobamidele,DEF,NOR,3.9,0.248898523
2021-22,11,194,Koch,DEF,LEE,4.3,0.0
2021-22,11,158,Jach,DEF,CRY,4.3,0.082184144
2021-22,11,87,Goode,DEF,BRE,3.9,0.08758806
2021-22,11,498,Thompson,DEF,BRE,4.4,0.082402951
2021-22,11,417,Masuaku,DEF,WHU,4.4,0.37850755
2021-22,11,424,Diop,DEF,WHU,4.3,0.190626128
2021-22,11,321,Byram,DEF,NOR,4.4,0.102830606
2021-22,11,89,Roerslev,DEF,BRE,4.3,0.381239882
2021-22,11,555,Varane,DEF,MUN,5.5,0.0
2021-22,11,327,J Sorensen,DEF,NOR,4.3,0.0990671
2021-22,11,99,Bardsley,DEF,BUR,3.9,0.041071254
2021-22,11,241,N Phillips,DEF,LIV,4.3,0.01408498
2021-22,11,151,Kelly,DEF,CRY,3.9,0.033892376
2021-22,11,560,H Roberts,DEF,BHA,4.0,0.015616983
2021-22,11,546,Valery,DEF,SOU,4.0,0.064705981
2021-22,11,623,Welch,DEF,EVE,4.0,-0.00375706
2021-22,11,569,Stevens,DEF,BRE,4.0,0.013940242
2021-22,11,563,C Cresswell,DEF,LEE,4.0,0.082390347
2021-22,11,324,Zimmermann,DEF,NOR,4.4,0.0
2021-22,11,103,K Long,DEF,BUR,4.0,0.00796529
2021-22,11,565,Dodgson,DEF,BUR,4.0,0.001930402
2021-22,11,562,Drameh,DEF,LEE,4.0,0.010419522
2021-22,11,220,Fofana,DEF,LEI,4.4,0.0
2021-22,11,446,Mosquera,DEF,WOL,4.5,0.0
2021-22,11,433,Jonny,DEF,WOL,4.5,0.0
2021-22,11,534,B Thomas,DEF,BUR,4.0,0.001799484
2021-22,11,540,Hannam,DEF,CRY,4.0,0.005320626
2021-22,11,598,Omole,DEF,TOT,4.0,0.004571819
2021-22,11,544,Branthwaite,DEF,EVE,4.0,0.00603665
2021-22,11,554,J Baptiste,DEF,WHU,4.0,0.004049222
2021-22,11,604,Wilson-Esbrand,DEF,MCI,4.0,0.004054806
2021-22,11,603,Mbete,DEF,MCI,4.0,0.004027689
2021-22,11,502,Kenny,DEF,EVE,4.5,0.004988379
2021-22,11,515,Mumba,DEF,NOR,4.0,0.003713449
2021-22,11,617,Ashby,DEF,WHU,4.0,0.003471588
2021-22,11,608,Hjelde,DEF,LEE,4.0,0.003631394
2021-22,11,610,Bogarde,DEF,AVL,4.0,0.023524065
2021-22,11,618,Nkoulou,DEF,WAT,4.5,0.003110486
2021-22,11,457,Giannoulis,DEF,NOR,4.4,0.268329756
2021-22,11,161,Ferguson,DEF,CRY,4.5,0.0
2021-22,11,384,Kabasele,DEF,WAT,4.3,0.044310807
2021-22,11,425,Johnson,DEF,WHU,3.9,0.347523602
2021-22,11,415,Fredericks,DEF,WHU,4.4,0.155727719
2021-22,11,390,Masina,DEF,WAT,4.3,0.563616192
2021-22,11,396,Sierralta,DEF,WAT,4.3,1.150915128
2021-22,11,379,Cathcart,DEF,WAT,4.4,0.915143042
2021-22,11,387,Troost-Ekong,DEF,WAT,4.5,1.704868219
2021-22,11,377,Rose,DEF,WAT,4.3,1.51374467
2021-22,11,400,Ngakia,DEF,WAT,4.4,0.681397843
2021-22,11,382,Femenia,DEF,WAT,4.4,1.210986246
2021-22,11,233,Salah,MID,LIV,12.9,5.636673687
2021-22,11,359,Son,MID,TOT,10.2,4.626337069
2021-22,11,230,Mane,MID,LIV,11.9,4.73713106
2021-22,11,277,Fernandes,MID,MUN,11.7,3.96001897
2021-22,11,251,De Bruyne,MID,MCI,12.0,3.822463068
2021-22,11,240,Jota,MID,LIV,7.5,4.16940848
2021-22,11,154,Zaha,MID,CRY,6.9,3.864107098
2021-22,11,265,Foden,MID,MCI,8.1,3.301016547
2021-22,11,196,Raphinha,MID,LEE,6.7,3.417003886
2021-22,11,64,Trossard,MID,BHA,6.4,3.912705634
2021-22,11,341,Ward-Prowse,MID,SOU,6.3,3.944163493
2021-22,11,96,Mbeumo,MID,BRE,5.6,3.948711374
2021-22,11,55,Gross,MID,BHA,6.0,3.717646038
2021-22,11,138,Mount,MID,CHE,7.5,3.190574306
2021-22,11,215,H Barnes,MID,LEI,6.6,3.176467016
2021-22,11,399,I Sarr,MID,WAT,6.2,3.392298385
2021-22,11,141,Havertz,MID,CHE,8.1,4.457306648
2021-22,11,267,Harrison,MID,LEE,5.7,3.53266489
2021-22,11,17,Pepe,MID,ARS,7.0,3.713981993
2021-22,11,81,Canos,MID,BRE,5.5,3.769669044
2021-22,11,254,Mahrez,MID,MCI,8.7,2.528404129
2021-22,11,33,Grealish,MID,MCI,7.9,2.672572845
2021-22,11,419,Benrahma,MID,WHU,6.5,3.330940032
2021-22,11,255,Sterling,MID,MCI,10.6,2.610199313
2021-22,11,261,B Silva,MID,MCI,7.0,2.67714511
2021-22,11,422,Soucek,MID,WHU,5.8,3.309433791
2021-22,11,420,Bowen,MID,WHU,6.3,3.272957352
2021-22,11,212,Maddison,MID,LEI,6.7,3.158614163
2021-22,11,250,Gundogan,MID,MCI,7.2,2.619705994
2021-22,11,210,Tielemans,MID,LEI,6.5,3.092916102
2021-22,11,22,Saka,MID,ARS,6.3,3.685743832
2021-22,11,281,Rashford,MID,MUN,9.4,2.743317467
2021-22,11,188,Dallas,MID,LEE,5.2,3.261911601
2021-22,11,291,Shelvey,MID,NEW,5.3,2.634570773
2021-22,11,19,Willock,MID,NEW,5.8,2.58561163
2021-22,11,289,M Greenwood,MID,MUN,7.6,2.485116922
2021-22,11,484,D Gray,MID,EVE,5.8,3.405851858
2021-22,11,461,Trincao,MID,WOL,5.8,2.535470549
2021-22,11,123,Jorginho,MID,CHE,5.8,3.479633508
2021-22,11,222,J Henderson,MID,LIV,5.0,2.749951262
2021-22,11,339,S Armstrong,MID,SOU,5.8,3.018282721
2021-22,11,118,McNeil,MID,BUR,5.8,2.44950246
2021-22,11,53,Lallana,MID,BHA,5.4,2.952328696
2021-22,11,436,Neves,MID,WOL,5.4,2.650262979
2021-22,11,107,Westwood,MID,BUR,5.3,2.433057929
2021-22,11,308,Almiron,MID,NEW,5.3,2.406605425
2021-22,11,423,Fornals,MID,WHU,6.0,2.827917743
2021-22,11,43,Buendia,MID,AVL,6.3,3.262217538
2021-22,11,558,Odegaard,MID,ARS,5.5,3.203013066
2021-22,11,266,Rodri,MID,MCI,5.5,2.484533881
2021-22,11,426,Moutinho,MID,WOL,5.0,2.565556398
2021-22,11,77,Norgaard,MID,BRE,5.0,3.018618337
2021-22,11,21,Smith Rowe,MID,ARS,5.5,3.043409805
2021-22,11,365,Hojbjerg,MID,TOT,4.9,2.518355318
2021-22,11,517,Elyounoussi,MID,SOU,5.5,2.357031983
2021-22,11,362,Lucas Moura,MID,TOT,6.4,2.301597514
2021-22,11,485,Sancho,MID,MUN,8.9,2.082966453
2021-22,11,35,McGinn,MID,AVL,5.8,2.683613151
2021-22,11,482,Townsend,MID,EVE,5.7,2.993412611
2021-22,11,144,Gallagher,MID,CRY,5.7,2.571455271
2021-22,11,421,Rice,MID,WHU,5.0,2.592356346
2021-22,11,225,Thiago,MID,LIV,5.3,2.15330863
2021-22,11,492,Bailey,MID,AVL,6.4,2.819846825
2021-22,11,471,Lees-Melou,MID,NOR,5.0,1.973556519
2021-22,11,131,Ziyech,MID,CHE,7.3,3.190132762
2021-22,11,70,Bissouma,MID,BHA,4.5,2.602070793
2021-22,11,115,Brownhill,MID,BUR,4.4,2.198799382
2021-22,11,285,McTominay,MID,MUN,5.4,2.26082882
2021-22,11,363,Alli,MID,TOT,6.4,1.594882198
2021-22,11,587,Lookman,MID,LEI,6.0,2.035370903
2021-22,11,272,Pogba,MID,MUN,7.5,0.0
2021-22,11,152,Milivojevic,MID,CRY,5.4,2.328062253
2021-22,11,148,McArthur,MID,CRY,4.5,2.168827514
2021-22,11,140,Hudson-Odoi,MID,CHE,5.3,3.25062087
2021-22,11,232,Fabinho,MID,LIV,5.4,2.092719959
2021-22,11,578,Cornet,MID,BUR,6.0,2.091460294
2021-22,11,336,Redmond,MID,SOU,5.9,1.930083982
2021-22,11,15,Partey,MID,ARS,5.0,2.677258854
2021-22,11,375,Ndombele,MID,TOT,5.8,2.218975289
2021-22,11,449,Rashica,MID,NOR,5.2,2.099832203
2021-22,11,84,Janelt,MID,BRE,5.0,2.210312262
2021-22,11,495,Kucka,MID,WAT,5.5,2.284110334
2021-22,11,325,Cantwell,MID,NOR,5.3,1.499657193
2021-22,11,335,Romeu,MID,SOU,4.5,2.464187161
2021-22,11,191,K Phillips,MID,LEE,4.8,2.157647677
2021-22,11,274,Fred,MID,MUN,4.9,2.168308168
2021-22,11,318,McLean,MID,NOR,4.9,2.127618617
2021-22,11,171,Allan,MID,EVE,4.6,2.470526667
2021-22,11,130,Kante,MID,CHE,4.9,2.586843152
2021-22,11,458,Soumare,MID,LEI,4.8,2.165992227
2021-22,11,86,Jensen,MID,BRE,4.9,2.63984661
2021-22,11,186,Klich,MID,LEE,5.5,2.229999791
2021-22,11,381,Cleverley,MID,WAT,4.9,2.11688602
2021-22,11,306,Hayden,MID,NEW,4.5,1.989502393
2021-22,11,174,Iwobi,MID,EVE,5.8,2.327632738
2021-22,11,354,Sissoko,MID,WAT,4.5,2.1701141
2021-22,11,173,Doucoure,MID,EVE,5.6,0.071121739
2021-22,11,372,Lo Celso,MID,TOT,5.9,1.399034089
2021-22,11,50,Douglas Luiz,MID,AVL,4.6,0.0
2021-22,11,137,Pulisic,MID,CHE,7.9,0.287795586
2021-22,11,125,Kovacic,MID,CHE,5.3,0.06121986
2021-22,11,74,Mac Allister,MID,BHA,5.4,2.273512479
2021-22,11,145,Gilmour,MID,NOR,4.4,1.41973388
2021-22,11,478,Lokonga,MID,ARS,4.8,2.287041146
2021-22,11,160,Eze,MID,CRY,5.9,0.192376658
2021-22,11,435,A Traore,MID,WOL,5.9,1.781955263
2021-22,11,592,Saul,MID,CHE,5.1,1.399552035
2021-22,11,479,Onyeka,MID,BRE,4.9,2.501289827
2021-22,11,75,Moder,MID,BHA,4.5,2.087212698
2021-22,11,227,Chamberlain,MID,LIV,5.8,1.736986867
2021-22,11,287,D James,MID,LEE,6.0,2.355936038
2021-22,11,193,T Roberts,MID,LEE,4.9,2.149479645
2021-22,11,369,Bergwijn,MID,TOT,5.9,1.292507892
2021-22,11,216,Ndidi,MID,LEI,4.8,0.0
2021-22,11,60,March,MID,BHA,5.3,1.296044135
2021-22,11,42,El Ghazi,MID,AVL,5.7,1.157541917
2021-22,11,524,Wissa,MID,BRE,5.9,0.145523777
2021-22,11,236,Minamino,MID,LIV,5.1,0.617470308
2021-22,11,82,Dasilva,MID,BRE,5.3,0.049615609
2021-22,11,101,Cork,MID,BUR,4.5,0.755314607
2021-22,11,332,Walcott,MID,SOU,5.8,0.835516247
2021-22,11,438,Podence,MID,WOL,5.5,0.932611071
2021-22,11,317,Rupp,MID,NOR,4.4,0.753835002
2021-22,11,211,Perez,MID,LEI,5.8,0.313801152
2021-22,11,581,Normann,MID,NOR,4.5,1.620763952
2021-22,11,197,Shackleton,MID,LEE,4.5,1.91055668
2021-22,11,244,C Jones,MID,LIV,5.0,0.791634772
2021-22,11,239,Keita,MID,LIV,5.0,0.0
2021-22,11,132,Loftus-Cheek,MID,CHE,5.4,0.243145676
2021-22,11,26,Martinelli,MID,ARS,5.2,0.843717358
2021-22,11,51,J Ramsey,MID,AVL,4.5,1.573444176
2021-22,11,203,N Mendy,MID,LEI,4.4,0.0
2021-22,11,467,Etebo,MID,WAT,4.4,0.0
2021-22,11,620,Morton,MID,LIV,4.5,0.0
2021-22,11,7,Xhaka,MID,ARS,4.9,0.0
2021-22,11,506,Elliott,MID,LIV,5.3,0.0
2021-22,11,37,Trezeguet,MID,AVL,5.4,0.0
2021-22,11,441,Neto,MID,WOL,6.4,0.0
2021-22,11,268,Torres,MID,MCI,6.8,0.0
2021-22,11,459,Mata,MID,MUN,4.8,0.023861175
2021-22,11,537,Richards,MID,BHA,4.5,0.05457837
2021-22,11,507,Palmer,MID,MCI,4.5,0.004253109
2021-22,11,543,Banks,MID,CRY,4.5,0.004554416
2021-22,11,597,Markanday,MID,TOT,4.5,0.004376246
2021-22,11,512,Elanga,MID,MUN,4.8,0.004135749
2021-22,11,609,Anderson,MID,NEW,4.5,0.003959486
2021-22,11,508,Edozie,MID,MCI,4.8,0.00387225
2021-22,11,613,Whitaker,MID,EVE,4.5,0.00418731
2021-22,11,612,Sarmiento,MID,BHA,4.5,0.003984047
2021-22,11,547,Cundle,MID,WOL,4.5,0.008893473
2021-22,11,614,Maghoma,MID,BRE,4.5,0.003933543
2021-22,11,551,Summerville,MID,LEE,4.5,0.103688859
2021-22,11,601,McKinstry,MID,LEE,4.4,0.003755101
2021-22,11,605,Lavia,MID,MCI,4.5,0.003577144
2021-22,11,548,Campbell,MID,WOL,4.5,0.008619344
2021-22,11,600,Kenneh,MID,LEE,4.5,0.003467104
2021-22,11,599,J White,MID,NEW,4.5,0.003377705
2021-22,11,93,Zamburek,MID,BRE,4.5,0.023685464
2021-22,11,576,McCarron,MID,LEE,4.5,0.022277936
2021-22,11,328,Placheta,MID,NOR,4.8,0.304226282
2021-22,11,541,Rak-Sakyi,MID,CRY,4.5,0.010491044
2021-22,11,124,Barkley,MID,CHE,5.2,0.219307304
2021-22,11,386,Hughes,MID,CRY,4.8,0.046019379
2021-22,11,496,A Ramsey,MID,AVL,4.5,0.018887561
2021-22,11,505,Dewsbury-Hall,MID,LEI,4.5,0.042974264
2021-22,11,434,Dendoncker,MID,WOL,4.8,1.251073875
2021-22,11,12,Elneny,MID,ARS,4.5,0.332240751
2021-22,11,582,Vlasic,MID,WHU,5.8,1.120618854
2021-22,11,34,Sanson,MID,AVL,5.0,0.579439002
2021-22,11,79,Fosu,MID,BRE,5.2,0.099668546
2021-22,11,73,Alzate,MID,BHA,4.9,0.0
2021-22,11,85,Ghoddos,MID,BRE,5.3,0.86660618
2021-22,11,347,Smallbone,MID,SOU,4.5,0.09207561
2021-22,11,102,D Stephens,MID,BUR,4.5,0.0
2021-22,11,497,Philogene-Bidace,MID,AVL,5.0,0.041933575
2021-22,11,462,Mwepu,MID,BHA,5.9,0.642916146
2021-22,11,346,Tella,MID,SOU,4.7,0.19550685
2021-22,11,282,van de Beek,MID,MUN,5.7,0.561774694
2021-22,11,405,Baah,MID,WAT,4.4,0.0743012
2021-22,11,526,Chukwuemeka,MID,AVL,4.5,0.305336262
2021-22,11,202,Albrighton,MID,LEI,5.3,0.089632002
2021-22,11,172,Gomes,MID,EVE,4.9,0.310657335
2021-22,11,487,Bryan Gil,MID,TOT,5.7,0.368575049
2021-22,11,323,Dowell,MID,NOR,5.2,0.583043741
2021-22,11,557,Tufan,MID,WAT,5.0,0.804196001
2021-22,11,221,Milner,MID,LIV,4.9,0.0
2021-22,11,464,Olise,MID,CRY,5.4,1.564574433
2021-22,11,176,T Davies,MID,EVE,4.9,1.6165563
2021-22,11,155,Schlupp,MID,CRY,5.4,1.214573622
2021-22,11,297,Hendrick,MID,NEW,4.8,0.252908071
2021-22,11,157,Riedewald,MID,CRY,4.8,0.266560242
2021-22,11,552,Forshaw,MID,LEE,4.5,0.710977308
2021-22,11,32,B Traore,MID,AVL,5.7,0.0
2021-22,11,350,Djenepo,MID,SOU,5.4,0.824201228
2021-22,11,378,Gosling,MID,WAT,4.8,0.350516655
2021-22,11,406,Noble,MID,WHU,4.4,0.352278007
2021-22,11,403,Louza,MID,WAT,5.3,0.345948802
2021-22,11,309,S Longstaff,MID,NEW,4.5,0.625437351
2021-22,11,97,Bidstrup,MID,BRE,4.5,0.37078797
2021-22,11,366,Winks,MID,TOT,4.5,0.230498856
2021-22,11,298,Fraser,MID,NEW,5.4,1.236064902
2021-22,11,504,Gbamin,MID,EVE,4.5,0.618163293
2021-22,11,453,Fernandinho,MID,MCI,4.8,0.512245054
2021-22,11,589,Kral,MID,WHU,4.5,0.339260916
2021-22,11,41,Nakamba,MID,AVL,4.5,1.801932315
2021-22,11,373,Skipp,MID,TOT,4.5,1.112211235
2021-22,11,416,Lanzini,MID,WHU,5.8,1.005932638
2021-22,11,276,Lingard,MID,MUN,6.9,0.67011356
2021-22,11,214,Choudhury,MID,LEI,4.5,0.688704116
2021-22,11,163,Delph,MID,EVE,4.4,0.499852508
2021-22,11,503,A Gordon,MID,EVE,4.5,0.97793828
2021-22,11,575,Lennon,MID,BUR,5.0,0.384601739
2021-22,11,499,S Baptiste,MID,BRE,5.0,0.175333411
2021-22,11,271,Matic,MID,MUN,4.5,0.683156907
2021-22,11,528,Tzolis,MID,NOR,4.9,1.241637675
2021-22,11,349,I Diallo,MID,SOU,4.5,0.475456506
2021-22,11,391,Sema,MID,WAT,5.2,0.830291526
2021-22,11,13,Maitland-Niles,MID,ARS,5.3,1.277353601
2021-22,11,304,Murphy,MID,NEW,5.0,1.338632441
2021-22,11,108,Gudmundsson,MID,BUR,5.4,1.308007354
2021-22,11,412,Yarmolenko,MID,WHU,5.2,1.275975012
2021-22,11,357,Kane,FWD,TOT,12.1,5.07986436
2021-22,11,205,Vardy,FWD,LEI,10.8,4.467667056
2021-22,11,430,Jimenez,FWD,WOL,7.6,3.969684447
2021-22,11,4,Aubameyang,FWD,ARS,10.0,5.092333592
2021-22,11,579,Ronaldo,FWD,MUN,12.5,3.494033345
2021-22,11,78,Toney,FWD,BRE,6.6,4.655381593
2021-22,11,413,Antonio,FWD,WHU,8.2,4.240506541
2021-22,11,63,Maupay,FWD,BHA,6.5,4.032596791
2021-22,11,296,Wilson,FWD,NEW,7.3,3.234408437
2021-22,11,315,Pukki,FWD,NOR,5.8,3.580697553
2021-22,11,109,Wood,FWD,BUR,6.7,3.066954044
2021-22,11,40,Watkins,FWD,AVL,7.3,3.893526749
2021-22,11,529,Lukaku,FWD,CHE,11.5,0.240765477
2021-22,11,263,Jesus,FWD,MCI,8.6,2.962472893
2021-22,11,180,Richarlison,FWD,EVE,7.4,4.004416523
2021-22,11,213,Iheanacho,FWD,LEI,7.0,3.64778289
2021-22,11,583,Hwang,FWD,WOL,5.7,3.048812978
2021-22,11,189,Bamford,FWD,LEE,7.8,1.191092302
2021-22,11,345,Adams,FWD,SOU,6.8,3.555944614
2021-22,11,307,Saint-Maximin,FWD,NEW,6.8,2.888139914
2021-22,11,337,Ings,FWD,AVL,7.8,0.0
2021-22,11,187,Rodrigo,FWD,LEE,6.3,3.743598583
2021-22,11,525,A Armstrong,FWD,SOU,6.0,3.213610303
2021-22,11,586,Edouard,FWD,CRY,6.5,2.499500173
2021-22,11,177,Calvert-Lewin,FWD,EVE,8.0,0.185242446
2021-22,11,468,King,FWD,WAT,5.6,2.669072532
2021-22,11,447,Welbeck,FWD,BHA,6.0,0.0
2021-22,11,516,Sargent,FWD,NOR,5.4,2.076933425
2021-22,11,404,Joao Pedro,FWD,WAT,5.4,2.247931831
2021-22,11,591,Rondon,FWD,EVE,6.0,1.74328484
2021-22,11,134,Werner,FWD,CHE,8.6,0.038067156
2021-22,11,228,Firmino,FWD,LIV,8.9,0.08021911
2021-22,11,6,Lacazette,FWD,ARS,8.3,1.458414656
2021-22,11,153,Ayew,FWD,CRY,5.9,2.047561495
2021-22,11,518,Broja,FWD,SOU,5.0,1.626206252
2021-22,11,450,Dennis,FWD,WAT,5.2,1.71721906
2021-22,11,269,Cavani,FWD,MUN,8.4,1.420033985
2021-22,11,455,Daka,FWD,LEI,7.1,0.858789739
2021-22,11,235,Origi,FWD,LIV,4.9,0.632144117
2021-22,11,88,Forss,FWD,BRE,5.3,0.666750423
2021-22,11,111,Vydra,FWD,BUR,5.2,1.530710865
2021-22,11,105,A Barnes,FWD,BUR,5.3,1.598070851
2021-22,11,533,Richardson,FWD,BUR,4.5,0.001742052
2021-22,11,602,Simms,FWD,EVE,4.5,0.003985872
2021-22,11,542,Street,FWD,CRY,4.5,0.003645417
2021-22,11,520,Scarlett,FWD,TOT,4.5,0.00836848
2021-22,11,519,S Long,FWD,SOU,5.4,0.052582471
2021-22,11,622,Tosun,FWD,EVE,5.0,0.02465744
2021-22,11,72,Connolly,FWD,BHA,5.3,0.332630969
2021-22,11,159,Mateta,FWD,CRY,5.3,0.145976842
2021-22,11,20,Nketiah,FWD,ARS,5.4,0.226520963
2021-22,11,395,Fletcher,FWD,WAT,4.9,0.042258576
2021-22,11,577,Gelhardt,FWD,LEE,4.5,0.078708918
2021-22,11,550,S Greenwood,FWD,LEE,4.5,0.093497956
2021-22,11,530,Balogun,FWD,ARS,4.8,0.098515938
2021-22,11,49,Davis,FWD,AVL,4.4,0.179349613
2021-22,11,595,Locadia,FWD,BHA,4.5,0.117582132
2021-22,11,278,Martial,FWD,MUN,7.6,0.54812649
2021-22,11,300,Gayle,FWD,NEW,5.3,0.259983865
2021-22,11,607,Dobbin,FWD,EVE,4.5,0.070540489
2021-22,11,568,Archer,FWD,AVL,4.5,0.146466313
2021-22,11,149,Benteke,FWD,CRY,6.3,1.283746133
2021-22,11,472,Cucho,FWD,WAT,5.0,0.501556671
2021-22,11,310,Joelinton,FWD,NEW,5.8,1.095712828
2021-22,11,445,F Silva,FWD,WOL,5.7,0.666037142
2021-22,11,104,Jay Rodriguez,FWD,BUR,5.3,1.319158117
2021-22,11,329,Idah,FWD,NOR,4.9,0.681023575
2021-22,12,257,Ederson,GK,MCI,6.0,4.351023582
2021-22,12,231,Alisson,GK,LIV,6.0,3.961157129
2021-22,12,353,Lloris,GK,TOT,5.5,3.912856521
2021-22,12,143,E Mendy,GK,CHE,6.1,3.573876706
2021-22,12,30,Martinez,GK,AVL,5.5,4.355504677
2021-22,12,112,Pope,GK,BUR,5.4,4.078168004
2021-22,12,559,Ramsdale,GK,ARS,4.6,3.194902175
2021-22,12,270,de Gea,GK,MUN,5.0,3.527570808
2021-22,12,146,Guaita,GK,CRY,4.5,3.528654254
2021-22,12,408,Fabianski,GK,WHU,5.0,3.442968752
2021-22,12,199,Meslier,GK,LEE,5.0,3.012665328
2021-22,12,69,R Sanchez,GK,BHA,4.6,0.0
2021-22,12,475,Sa,GK,WOL,5.0,3.272614438
2021-22,12,334,McCarthy,GK,SOU,4.5,3.520985512
2021-22,12,556,A Fernandez,GK,BRE,4.5,3.300603081
2021-22,12,200,Schmeichel,GK,LEI,5.0,2.91736722
2021-22,12,295,Dubravka,GK,NEW,4.4,2.320570548
2021-22,12,170,Pickford,GK,EVE,5.0,2.618104551
2021-22,12,314,Krul,GK,NOR,4.5,2.890850915
2021-22,12,376,Foster,GK,WAT,4.0,2.162197991
2021-22,12,54,Steele,GK,BHA,4.0,3.45020148
2021-22,12,294,Darlow,GK,NEW,4.5,1.343985332
2021-22,12,280,D Henderson,GK,MUN,4.8,0.292231756
2021-22,12,489,Areola,GK,WHU,4.8,0.283299395
2021-22,12,129,Kepa,GK,CHE,4.8,0.214750129
2021-22,12,480,Hennessey,GK,BUR,4.5,0.210031848
2021-22,12,1,Leno,GK,ARS,4.7,0.132705476
2021-22,12,156,Butland,GK,CRY,4.4,0.132912156
2021-22,12,242,Kelleher,GK,LIV,4.4,0.089656832
2021-22,12,260,Steffen,GK,MCI,4.5,0.083762759
2021-22,12,448,Gunn,GK,NOR,4.0,0.207066045
2021-22,12,333,Forster,GK,SOU,4.4,0.118469761
2021-22,12,486,Gollini,GK,TOT,4.4,0.07195859
2021-22,12,389,Bachmann,GK,WAT,4.3,0.2510021
2021-22,12,452,Ruddy,GK,WOL,4.4,0.071143815
2021-22,12,28,Steer,GK,AVL,4.0,0.070401494
2021-22,12,513,Woodman,GK,NEW,4.5,0.067596569
2021-22,12,476,Scherpen,GK,BHA,4.5,0.075084083
2021-22,12,490,Klaesson,GK,LEE,4.4,0.059087569
2021-22,12,204,D Ward,GK,LEI,4.0,0.055533039
2021-22,12,619,Cox,GK,BRE,4.0,0.066756707
2021-22,12,593,Carson,GK,MCI,3.9,0.009075827
2021-22,12,481,Begovic,GK,EVE,4.0,0.040099372
2021-22,12,606,Bettinelli,GK,CHE,4.0,0.007546987
2021-22,12,509,Heaton,GK,MUN,4.0,0.007797389
2021-22,12,561,Matthews,GK,CRY,4.0,0.007362678
2021-22,12,114,Norris,GK,BUR,4.4,0.007726116
2021-22,12,514,Gillespie,GK,NEW,4.0,0.007658543
2021-22,12,407,Randolph,GK,WHU,4.4,0.006663317
2021-22,12,596,Sinisalo,GK,AVL,4.0,0.007637962
2021-22,12,573,Jakupovic,GK,LEI,4.0,0.005987224
2021-22,12,572,Okonkwo,GK,ARS,4.0,0.00255917
2021-22,12,532,Hein,GK,ARS,4.0,0.002544625
2021-22,12,571,Lonergan,GK,EVE,4.0,0.004767085
2021-22,12,313,McGovern,GK,NOR,4.0,0.006249943
2021-22,12,223,Adrian,GK,LIV,4.4,0.000793067
2021-22,12,615,Slicker,GK,MCI,4.0,0.000807045
2021-22,12,616,Tyrer,GK,EVE,4.0,0.000457085
2021-22,12,80,Raya,GK,BRE,4.6,0.0
2021-22,12,574,Elliot,GK,WAT,4.0,0.004643037
2021-22,12,621,Storer,GK,WOL,4.0,0.004031717
2021-22,12,611,Moulden,GK,WOL,4.0,0.004027279
2021-22,12,237,Trent,DEF,LIV,7.6,4.77100806
2021-22,12,256,Cancelo,DEF,MCI,6.4,4.917282177
2021-22,12,262,Dias,DEF,MCI,6.2,4.341291209
2021-22,12,234,Robertson,DEF,LIV,7.0,2.017761441
2021-22,12,229,van Dijk,DEF,LIV,6.6,3.964528207
2021-22,12,135,Chilwell,DEF,CHE,5.8,3.345445061
2021-22,12,127,Rudiger,DEF,CHE,5.8,3.345463571
2021-22,12,119,Azpilicueta,DEF,CHE,6.2,3.300583036
2021-22,12,370,Reguilon,DEF,TOT,5.1,3.864828675
2021-22,12,275,Shaw,DEF,MUN,5.3,3.697540858
2021-22,12,142,R James,DEF,CHE,5.6,3.275242441
2021-22,12,59,Dunk,DEF,BHA,5.0,3.535750659
2021-22,12,259,Laporte,DEF,MCI,5.5,3.283715548
2021-22,12,288,Wan-Bissaka,DEF,MUN,5.3,3.765417449
2021-22,12,249,Walker,DEF,MCI,5.6,3.390937939
2021-22,12,273,Maguire,DEF,MUN,5.4,3.65232127
2021-22,12,437,Semedo,DEF,WOL,4.9,3.530505817
2021-22,12,584,Cucurella,DEF,BHA,5.0,3.191446772
2021-22,12,588,Emerson R,DEF,TOT,4.9,3.326873007
2021-22,12,361,Dier,DEF,TOT,4.5,3.418143634
2021-22,12,98,Tarkowski,DEF,BUR,5.0,3.836341743
2021-22,12,411,A Cresswell,DEF,WHU,5.5,3.400309404
2021-22,12,224,Matip,DEF,LIV,5.0,3.024492569
2021-22,12,292,Ritchie,DEF,NEW,4.9,3.626534208
2021-22,12,128,Zouma,DEF,WHU,5.4,3.287761337
2021-22,12,61,Webster,DEF,BHA,4.4,2.715484346
2021-22,12,264,Zinchenko,DEF,MCI,5.3,2.610683486
2021-22,12,106,Mee,DEF,BUR,4.9,3.489701553
2021-22,12,201,Evans,DEF,LEI,5.4,2.594179101
2021-22,12,364,Ben T Davies,DEF,TOT,4.4,3.137899197
2021-22,12,431,Saiss,DEF,WOL,5.0,2.699473506
2021-22,12,284,Lindelof,DEF,MUN,4.8,3.418182227
2021-22,12,91,Pinnock,DEF,BRE,4.7,3.229417156
2021-22,12,209,Castagne,DEF,LEI,5.3,2.397956413
2021-22,12,16,Tierney,DEF,ARS,4.9,1.736918181
2021-22,12,168,Digne,DEF,EVE,5.2,1.769891847
2021-22,12,133,Christensen,DEF,CHE,5.1,2.119443405
2021-22,12,62,Veltman,DEF,BHA,4.4,2.726023112
2021-22,12,121,T Silva,DEF,CHE,5.5,2.008024539
2021-22,12,162,Mitchell,DEF,CRY,4.5,3.011571279
2021-22,12,488,Andersen,DEF,CRY,4.5,2.936930295
2021-22,12,414,Dawson,DEF,WHU,4.9,2.844608372
2021-22,12,217,Soyuncu,DEF,LEI,4.9,2.498585937
2021-22,12,39,Targett,DEF,AVL,4.7,3.526588081
2021-22,12,252,Stones,DEF,MCI,5.3,1.923619834
2021-22,12,429,Coady,DEF,WOL,4.5,2.963266227
2021-22,12,45,Konsa,DEF,AVL,4.9,3.435218495
2021-22,12,23,Gabriel,DEF,ARS,5.0,1.612829446
2021-22,12,44,Cash,DEF,AVL,5.1,3.468967021
2021-22,12,418,Coufal,DEF,WHU,4.8,2.418823447
2021-22,12,113,Taylor,DEF,BUR,4.4,3.18928042
2021-22,12,477,Guehi,DEF,CRY,4.5,2.891912828
2021-22,12,76,Jansson,DEF,BRE,4.7,3.001056348
2021-22,12,67,B White,DEF,ARS,4.4,1.591073752
2021-22,12,207,R Pereira,DEF,LEI,5.4,2.361870848
2021-22,12,83,Henry,DEF,BRE,4.5,2.826292415
2021-22,12,590,Tomiyasu,DEF,ARS,4.6,1.544594044
2021-22,12,71,Lamptey,DEF,BHA,4.4,2.545229073
2021-22,12,38,Mings,DEF,AVL,5.0,3.145681658
2021-22,12,428,Boly,DEF,WOL,4.9,2.186047359
2021-22,12,343,Bednarek,DEF,SOU,4.4,3.235857382
2021-22,12,299,Lascelles,DEF,NEW,4.4,3.242717654
2021-22,12,293,Clark,DEF,NEW,4.4,3.137587242
2021-22,12,470,Ait-Nouri,DEF,WOL,4.3,2.930634593
2021-22,12,474,J Ward,DEF,CRY,4.5,2.7076555
2021-22,12,243,Konate,DEF,LIV,5.1,1.546960397
2021-22,12,491,Livramento,DEF,SOU,4.4,3.0924273
2021-22,12,594,Zanka,DEF,BRE,4.5,2.027644977
2021-22,12,367,D Sanchez,DEF,TOT,4.5,1.66805958
2021-22,12,463,Firpo,DEF,LEE,4.8,1.305987588
2021-22,12,169,Keane,DEF,EVE,5.0,1.544548718
2021-22,12,110,Lowton,DEF,BUR,4.4,1.895254872
2021-22,12,208,Amartey,DEF,LEI,4.0,1.941888827
2021-22,12,150,Kouyate,DEF,CRY,4.5,2.826093852
2021-22,12,326,Aarons,DEF,NOR,4.4,2.807275892
2021-22,12,439,Kilman,DEF,WOL,4.5,2.030901168
2021-22,12,175,Mina,DEF,EVE,4.9,0.0
2021-22,12,342,Walker-Peters,DEF,SOU,4.8,2.080400611
2021-22,12,190,Llorente,DEF,LEE,4.5,2.133766089
2021-22,12,351,Salisu,DEF,SOU,4.5,2.943651488
2021-22,12,460,Perraud,DEF,SOU,4.9,1.861821712
2021-22,12,585,C Roberts,DEF,BUR,4.5,1.178622734
2021-22,12,56,Duffy,DEF,BHA,4.4,1.165825958
2021-22,12,245,Tsimikas,DEF,LIV,3.9,2.341946158
2021-22,12,465,F Fernandez,DEF,NEW,4.4,1.596020797
2021-22,12,371,Tanganga,DEF,TOT,4.4,1.31573143
2021-22,12,302,Manquillo,DEF,NEW,4.0,2.617868114
2021-22,12,36,Hause,DEF,AVL,4.4,1.205780523
2021-22,12,319,Hanley,DEF,NOR,4.4,0.580508513
2021-22,12,580,Kabak,DEF,NOR,4.5,2.292761079
2021-22,12,58,Burn,DEF,BHA,4.4,0.787669526
2021-22,12,122,Alonso,DEF,CHE,5.8,0.556749696
2021-22,12,555,Varane,DEF,MUN,5.5,0.0
2021-22,12,279,Telles,DEF,MUN,5.0,0.752698206
2021-22,12,258,Ake,DEF,MCI,4.9,0.564462664
2021-22,12,198,Struijk,DEF,LEE,4.4,1.454812828
2021-22,12,179,Godfrey,DEF,EVE,4.8,1.361135974
2021-22,12,456,Gibson,DEF,NOR,4.4,2.561415578
2021-22,12,425,Johnson,DEF,WHU,3.9,1.163959958
2021-22,12,473,Bertrand,DEF,LEI,4.8,0.662124843
2021-22,12,494,Romero,DEF,TOT,4.9,0.0
2021-22,12,184,Cooper,DEF,LEE,4.5,1.549408202
2021-22,12,432,Marcal,DEF,WOL,4.6,0.781960581
2021-22,12,286,Bailly,DEF,MUN,4.9,0.802067291
2021-22,12,283,Tuanzebe,DEF,AVL,4.5,1.321340357
2021-22,12,290,B Williams,DEF,NOR,4.0,2.470045485
2021-22,12,165,Coleman,DEF,EVE,4.9,1.461625254
2021-22,12,527,T Chalobah,DEF,CHE,4.9,0.446821635
2021-22,12,340,Vestergaard,DEF,LEI,4.9,0.465384953
2021-22,12,374,Rodon,DEF,TOT,4.3,0.494917756
2021-22,12,360,Doherty,DEF,TOT,4.7,0.80860095
2021-22,12,100,Pieters,DEF,BUR,4.3,0.589300421
2021-22,12,451,Collins,DEF,BUR,4.3,0.466168303
2021-22,12,338,J Stephens,DEF,SOU,4.4,0.0
2021-22,12,87,Goode,DEF,BRE,3.9,1.132975883
2021-22,12,424,Diop,DEF,WHU,4.3,0.570227941
2021-22,12,147,Tomkins,DEF,CRY,4.3,0.48113809
2021-22,12,305,Schar,DEF,NEW,4.3,0.497664858
2021-22,12,218,Justin,DEF,LEI,4.9,0.0
2021-22,12,396,Sierralta,DEF,WAT,4.3,0.0
2021-22,12,219,L Thomas,DEF,LEI,4.4,0.402864358
2021-22,12,14,Holding,DEF,ARS,4.2,0.173520476
2021-22,12,238,Gomez,DEF,LIV,4.8,0.0
2021-22,12,567,Lyanco,DEF,SOU,4.5,0.534556364
2021-22,12,301,Dummett,DEF,NEW,4.5,0.0
2021-22,12,510,Dalot,DEF,MUN,4.4,0.300356341
2021-22,12,185,Ayling,DEF,LEE,4.4,0.0
2021-22,12,246,N Williams,DEF,LIV,3.9,0.31009678
2021-22,12,417,Masuaku,DEF,WHU,4.4,0.788408423
2021-22,12,368,Sessegnon,DEF,TOT,4.3,0.220393061
2021-22,12,303,Krafth,DEF,NEW,4.3,0.309242877
2021-22,12,331,Omobamidele,DEF,NOR,3.9,1.338014025
2021-22,12,466,Tavares,DEF,ARS,4.3,0.168232476
2021-22,12,10,Chambers,DEF,ARS,4.2,0.090608188
2021-22,12,493,Clyne,DEF,CRY,4.4,0.377711812
2021-22,12,89,Roerslev,DEF,BRE,4.3,0.503253258
2021-22,12,8,Mari,DEF,ARS,4.3,0.08472716
2021-22,12,311,Lewis,DEF,NEW,4.3,0.427379614
2021-22,12,5,Cedric,DEF,ARS,4.2,0.080714951
2021-22,12,501,M Sarr,DEF,CHE,4.9,0.070676978
2021-22,12,178,Holgate,DEF,EVE,4.3,0.0
2021-22,12,158,Jach,DEF,CRY,4.3,0.072109607
2021-22,12,498,Thompson,DEF,BRE,4.4,0.099802707
2021-22,12,99,Bardsley,DEF,BUR,3.9,0.074969546
2021-22,12,443,Hoever,DEF,WOL,4.0,0.3372521
2021-22,12,384,Kabasele,DEF,WAT,4.3,0.0
2021-22,12,387,Troost-Ekong,DEF,WAT,4.5,1.840023653
2021-22,12,241,N Phillips,DEF,LIV,4.3,0.01626593
2021-22,12,11,Kolasinac,DEF,ARS,4.3,0.0
2021-22,12,321,Byram,DEF,NOR,4.4,0.0
2021-22,12,327,J Sorensen,DEF,NOR,4.3,0.122801629
2021-22,12,161,Ferguson,DEF,CRY,4.5,0.041330827
2021-22,12,151,Kelly,DEF,CRY,3.9,0.029968722
2021-22,12,560,H Roberts,DEF,BHA,4.0,0.012637887
2021-22,12,90,M Sorensen,DEF,BRE,4.3,0.0
2021-22,12,103,K Long,DEF,BUR,4.0,0.013291087
2021-22,12,569,Stevens,DEF,BRE,4.0,0.011676034
2021-22,12,565,Dodgson,DEF,BUR,4.0,0.003257364
2021-22,12,554,J Baptiste,DEF,WHU,4.0,0.005770309
2021-22,12,534,B Thomas,DEF,BUR,4.0,0.003011628
2021-22,12,220,Fofana,DEF,LEI,4.4,0.0
2021-22,12,483,Ajer,DEF,BRE,4.5,0.0
2021-22,12,446,Mosquera,DEF,WOL,4.5,0.0
2021-22,12,433,Jonny,DEF,WOL,4.5,0.0
2021-22,12,409,Ogbonna,DEF,WHU,5.0,0.0
2021-22,12,598,Omole,DEF,TOT,4.0,0.005141076
2021-22,12,604,Wilson-Esbrand,DEF,MCI,4.0,0.004850764
2021-22,12,540,Hannam,DEF,CRY,4.0,0.00485966
2021-22,12,603,Mbete,DEF,MCI,4.0,0.004808529
2021-22,12,546,Valery,DEF,SOU,4.0,0.005376386
2021-22,12,562,Drameh,DEF,LEE,4.0,0.008761982
2021-22,12,617,Ashby,DEF,WHU,4.0,0.004127498
2021-22,12,515,Mumba,DEF,NOR,4.0,0.004378225
2021-22,12,563,C Cresswell,DEF,LEE,4.0,0.288897575
2021-22,12,608,Hjelde,DEF,LEE,4.0,0.003298613
2021-22,12,623,Welch,DEF,EVE,4.0,0.002780522
2021-22,12,610,Bogarde,DEF,AVL,4.0,0.02928826
2021-22,12,324,Zimmermann,DEF,NOR,4.4,0.0
2021-22,12,415,Fredericks,DEF,WHU,4.4,0.099009564
2021-22,12,390,Masina,DEF,WAT,4.3,0.392279865
2021-22,12,457,Giannoulis,DEF,NOR,4.4,0.274373748
2021-22,12,52,Young,DEF,AVL,4.8,0.613319261
2021-22,12,544,Branthwaite,DEF,EVE,4.0,0.211448065
2021-22,12,502,Kenny,DEF,EVE,4.5,0.206845812
2021-22,12,194,Koch,DEF,LEE,4.3,0.0
2021-22,12,379,Cathcart,DEF,WAT,4.4,1.754619163
2021-22,12,377,Rose,DEF,WAT,4.3,1.658543506
2021-22,12,618,Nkoulou,DEF,WAT,4.5,0.654334725
2021-22,12,382,Femenia,DEF,WAT,4.4,1.638579587
2021-22,12,400,Ngakia,DEF,WAT,4.4,0.560400078
2021-22,12,233,Salah,MID,LIV,12.9,6.361407133
2021-22,12,359,Son,MID,TOT,10.2,5.585537667
2021-22,12,277,Fernandes,MID,MUN,11.7,5.532175114
2021-22,12,230,Mane,MID,LIV,11.9,4.535262415
2021-22,12,240,Jota,MID,LIV,7.5,4.846556351
2021-22,12,265,Foden,MID,MCI,8.1,3.653717837
2021-22,12,254,Mahrez,MID,MCI,8.7,4.846524704
2021-22,12,154,Zaha,MID,CRY,6.9,3.905736424
2021-22,12,64,Trossard,MID,BHA,6.4,3.762183457
2021-22,12,255,Sterling,MID,MCI,10.6,4.479787917
2021-22,12,196,Raphinha,MID,LEE,6.7,3.537763266
2021-22,12,261,B Silva,MID,MCI,7.0,4.122608087
2021-22,12,250,Gundogan,MID,MCI,7.2,4.021712268
2021-22,12,399,I Sarr,MID,WAT,6.2,3.569441542
2021-22,12,138,Mount,MID,CHE,7.5,2.95368415
2021-22,12,341,Ward-Prowse,MID,SOU,6.3,3.837977427
2021-22,12,419,Benrahma,MID,WHU,6.5,3.279737186
2021-22,12,420,Bowen,MID,WHU,6.3,3.415089662
2021-22,12,281,Rashford,MID,MUN,9.4,3.517802132
2021-22,12,212,Maddison,MID,LEI,6.7,3.046260668
2021-22,12,422,Soucek,MID,WHU,5.8,3.343668756
2021-22,12,55,Gross,MID,BHA,6.0,3.359990492
2021-22,12,289,M Greenwood,MID,MUN,7.6,3.461583802
2021-22,12,96,Mbeumo,MID,BRE,5.6,3.294710407
2021-22,12,215,H Barnes,MID,LEI,6.6,2.223076326
2021-22,12,251,De Bruyne,MID,MCI,12.0,0.0
2021-22,12,141,Havertz,MID,CHE,8.1,3.747903036
2021-22,12,267,Harrison,MID,LEE,5.7,3.08096576
2021-22,12,22,Saka,MID,ARS,6.3,2.584388157
2021-22,12,118,McNeil,MID,BUR,5.8,3.13200288
2021-22,12,81,Canos,MID,BRE,5.5,2.965420456
2021-22,12,291,Shelvey,MID,NEW,5.3,3.261399402
2021-22,12,188,Dallas,MID,LEE,5.2,2.964584697
2021-22,12,423,Fornals,MID,WHU,6.0,3.013384264
2021-22,12,19,Willock,MID,NEW,5.8,3.10778937
2021-22,12,107,Westwood,MID,BUR,5.3,3.130676489
2021-22,12,266,Rodri,MID,MCI,5.5,3.086783596
2021-22,12,33,Grealish,MID,MCI,7.9,0.825207465
2021-22,12,484,D Gray,MID,EVE,5.8,2.546525505
2021-22,12,43,Buendia,MID,AVL,6.3,2.979617264
2021-22,12,53,Lallana,MID,BHA,5.4,2.908079712
2021-22,12,17,Pepe,MID,ARS,7.0,1.980402453
2021-22,12,485,Sancho,MID,MUN,8.9,2.873414618
2021-22,12,285,McTominay,MID,MUN,5.4,2.67564394
2021-22,12,461,Trincao,MID,WOL,5.8,2.788946068
2021-22,12,123,Jorginho,MID,CHE,5.8,2.864407095
2021-22,12,492,Bailey,MID,AVL,6.4,2.776380338
2021-22,12,308,Almiron,MID,NEW,5.3,2.436159979
2021-22,12,436,Neves,MID,WOL,5.4,2.845666126
2021-22,12,517,Elyounoussi,MID,SOU,5.5,2.736748058
2021-22,12,365,Hojbjerg,MID,TOT,4.9,2.395534056
2021-22,12,362,Lucas Moura,MID,TOT,6.4,2.631765743
2021-22,12,336,Redmond,MID,SOU,5.9,2.795068848
2021-22,12,421,Rice,MID,WHU,5.0,2.339939835
2021-22,12,482,Townsend,MID,EVE,5.7,2.398776949
2021-22,12,21,Smith Rowe,MID,ARS,5.5,2.285860737
2021-22,12,216,Ndidi,MID,LEI,4.8,2.480925428
2021-22,12,225,Thiago,MID,LIV,5.3,2.774003751
2021-22,12,42,El Ghazi,MID,AVL,5.7,2.562562171
2021-22,12,426,Moutinho,MID,WOL,5.0,2.673620753
2021-22,12,152,Milivojevic,MID,CRY,5.4,2.785033729
2021-22,12,35,McGinn,MID,AVL,5.8,2.849883359
2021-22,12,144,Gallagher,MID,CRY,5.7,2.695054568
2021-22,12,274,Fred,MID,MUN,4.9,2.821928347
2021-22,12,222,J Henderson,MID,LIV,5.0,1.084298245
2021-22,12,578,Cornet,MID,BUR,6.0,2.535094683
2021-22,12,115,Brownhill,MID,BUR,4.4,2.671148849
2021-22,12,77,Norgaard,MID,BRE,5.0,2.537455308
2021-22,12,232,Fabinho,MID,LIV,5.4,2.569413311
2021-22,12,339,S Armstrong,MID,SOU,5.8,2.60349904
2021-22,12,173,Doucoure,MID,EVE,5.6,0.0
2021-22,12,471,Lees-Melou,MID,NOR,5.0,2.141064251
2021-22,12,287,D James,MID,LEE,6.0,2.485712464
2021-22,12,587,Lookman,MID,LEI,6.0,1.700559593
2021-22,12,70,Bissouma,MID,BHA,4.5,2.340322988
2021-22,12,160,Eze,MID,CRY,5.9,1.261060105
2021-22,12,558,Odegaard,MID,ARS,5.5,1.97749649
2021-22,12,325,Cantwell,MID,NOR,5.3,1.852206376
2021-22,12,449,Rashica,MID,NOR,5.2,2.259252486
2021-22,12,335,Romeu,MID,SOU,4.5,2.497610234
2021-22,12,363,Alli,MID,TOT,6.4,1.804343714
2021-22,12,84,Janelt,MID,BRE,5.0,2.300664636
2021-22,12,174,Iwobi,MID,EVE,5.8,2.132743347
2021-22,12,495,Kucka,MID,WAT,5.5,0.0
2021-22,12,375,Ndombele,MID,TOT,5.8,2.733612224
2021-22,12,171,Allan,MID,EVE,4.6,2.060955139
2021-22,12,381,Cleverley,MID,WAT,4.9,2.333099777
2021-22,12,318,McLean,MID,NOR,4.9,2.20759599
2021-22,12,191,K Phillips,MID,LEE,4.8,2.137442507
2021-22,12,50,Douglas Luiz,MID,AVL,4.6,1.366566498
2021-22,12,354,Sissoko,MID,WAT,4.5,2.278405263
2021-22,12,137,Pulisic,MID,CHE,7.9,1.352499918
2021-22,12,372,Lo Celso,MID,TOT,5.9,1.000288623
2021-22,12,130,Kante,MID,CHE,4.9,2.205508409
2021-22,12,478,Lokonga,MID,ARS,4.8,2.095050275
2021-22,12,15,Partey,MID,ARS,5.0,0.547649494
2021-22,12,125,Kovacic,MID,CHE,5.3,0.0
2021-22,12,306,Hayden,MID,NEW,4.5,2.19978811
2021-22,12,140,Hudson-Odoi,MID,CHE,5.3,2.417608878
2021-22,12,227,Chamberlain,MID,LIV,5.8,2.897968839
2021-22,12,435,A Traore,MID,WOL,5.9,2.724612968
2021-22,12,239,Keita,MID,LIV,5.0,0.046759768
2021-22,12,148,McArthur,MID,CRY,4.5,0.0
2021-22,12,581,Normann,MID,NOR,4.5,2.173620508
2021-22,12,458,Soumare,MID,LEI,4.8,1.796293467
2021-22,12,60,March,MID,BHA,5.3,1.644481412
2021-22,12,131,Ziyech,MID,CHE,7.3,1.24345633
2021-22,12,369,Bergwijn,MID,TOT,5.9,1.457011558
2021-22,12,197,Shackleton,MID,LEE,4.5,1.171717579
2021-22,12,82,Dasilva,MID,BRE,5.3,0.747135796
2021-22,12,210,Tielemans,MID,LEI,6.5,0.0
2021-22,12,101,Cork,MID,BUR,4.5,0.7648391
2021-22,12,592,Saul,MID,CHE,5.1,0.687538587
2021-22,12,236,Minamino,MID,LIV,5.1,1.211683243
2021-22,12,145,Gilmour,MID,NOR,4.4,1.183282859
2021-22,12,186,Klich,MID,LEE,5.5,1.751933067
2021-22,12,524,Wissa,MID,BRE,5.9,0.052756864
2021-22,12,132,Loftus-Cheek,MID,CHE,5.4,1.0302814
2021-22,12,557,Tufan,MID,WAT,5.0,1.516935764
2021-22,12,373,Skipp,MID,TOT,4.5,0.0
2021-22,12,211,Perez,MID,LEI,5.8,0.517538004
2021-22,12,74,Mac Allister,MID,BHA,5.4,1.53368865
2021-22,12,193,T Roberts,MID,LEE,4.9,1.706602725
2021-22,12,317,Rupp,MID,NOR,4.4,0.800796968
2021-22,12,582,Vlasic,MID,WHU,5.8,0.795478446
2021-22,12,86,Jensen,MID,BRE,4.9,0.923170464
2021-22,12,438,Podence,MID,WOL,5.5,0.97638645
2021-22,12,459,Mata,MID,MUN,4.8,0.028704118
2021-22,12,203,N Mendy,MID,LEI,4.4,0.0
2021-22,12,467,Etebo,MID,WAT,4.4,0.0
2021-22,12,405,Baah,MID,WAT,4.4,0.0
2021-22,12,7,Xhaka,MID,ARS,4.9,0.0
2021-22,12,73,Alzate,MID,BHA,4.9,0.0
2021-22,12,506,Elliott,MID,LIV,5.3,0.0
2021-22,12,37,Trezeguet,MID,AVL,5.4,0.0
2021-22,12,32,B Traore,MID,AVL,5.7,0.0
2021-22,12,441,Neto,MID,WOL,6.4,0.0
2021-22,12,268,Torres,MID,MCI,6.8,0.0
2021-22,12,272,Pogba,MID,MUN,7.5,0.0
2021-22,12,552,Forshaw,MID,LEE,4.5,1.784877695
2021-22,12,507,Palmer,MID,MCI,4.5,0.004809957
2021-22,12,75,Moder,MID,BHA,4.5,1.128953925
2021-22,12,512,Elanga,MID,MUN,4.8,0.004783219
2021-22,12,597,Markanday,MID,TOT,4.5,0.004727451
2021-22,12,543,Banks,MID,CRY,4.5,0.004526648
2021-22,12,508,Edozie,MID,MCI,4.8,0.004203375
2021-22,12,609,Anderson,MID,NEW,4.5,0.004296482
2021-22,12,613,Whitaker,MID,EVE,4.5,0.003614085
2021-22,12,537,Richards,MID,BHA,4.5,0.024703328
2021-22,12,612,Sarmiento,MID,BHA,4.5,0.003777958
2021-22,12,620,Morton,MID,LIV,4.5,0.003790287
2021-22,12,605,Lavia,MID,MCI,4.5,0.003813583
2021-22,12,614,Maghoma,MID,BRE,4.5,0.003684344
2021-22,12,601,McKinstry,MID,LEE,4.4,0.003622867
2021-22,12,547,Cundle,MID,WOL,4.5,0.009012937
2021-22,12,600,Kenneh,MID,LEE,4.5,0.003372062
2021-22,12,599,J White,MID,NEW,4.5,0.003479382
2021-22,12,548,Campbell,MID,WOL,4.5,0.008661984
2021-22,12,551,Summerville,MID,LEE,4.5,0.100439085
2021-22,12,624,Bate,MID,LEE,4.5,0.036283189
2021-22,12,576,McCarron,MID,LEE,4.5,0.021106087
2021-22,12,93,Zamburek,MID,BRE,4.5,0.021496481
2021-22,12,541,Rak-Sakyi,MID,CRY,4.5,0.010409032
2021-22,12,328,Placheta,MID,NOR,4.8,0.323246114
2021-22,12,386,Hughes,MID,CRY,4.8,0.045687478
2021-22,12,496,A Ramsey,MID,AVL,4.5,0.019450918
2021-22,12,26,Martinelli,MID,ARS,5.2,0.667227724
2021-22,12,505,Dewsbury-Hall,MID,LEI,4.5,0.040997683
2021-22,12,124,Barkley,MID,CHE,5.2,0.191020763
2021-22,12,79,Fosu,MID,BRE,5.2,0.041822772
2021-22,12,332,Walcott,MID,SOU,5.8,0.781703538
2021-22,12,34,Sanson,MID,AVL,5.0,0.51079724
2021-22,12,462,Mwepu,MID,BHA,5.9,0.0
2021-22,12,526,Chukwuemeka,MID,AVL,4.5,0.091206267
2021-22,12,347,Smallbone,MID,SOU,4.5,0.091944014
2021-22,12,479,Onyeka,MID,BRE,4.9,1.916312808
2021-22,12,244,C Jones,MID,LIV,5.0,0.0
2021-22,12,453,Fernandinho,MID,MCI,4.8,1.052281594
2021-22,12,102,D Stephens,MID,BUR,4.5,0.0
2021-22,12,497,Philogene-Bidace,MID,AVL,5.0,0.08713941
2021-22,12,12,Elneny,MID,ARS,4.5,0.467467218
2021-22,12,282,van de Beek,MID,MUN,5.7,0.743658948
2021-22,12,346,Tella,MID,SOU,4.7,0.194721684
2021-22,12,487,Bryan Gil,MID,TOT,5.7,0.203115004
2021-22,12,366,Winks,MID,TOT,4.5,1.322880418
2021-22,12,323,Dowell,MID,NOR,5.2,0.619056795
2021-22,12,391,Sema,MID,WAT,5.2,0.0
2021-22,12,202,Albrighton,MID,LEI,5.3,0.449803841
2021-22,12,464,Olise,MID,CRY,5.4,1.469213619
2021-22,12,403,Louza,MID,WAT,5.3,0.825360261
2021-22,12,297,Hendrick,MID,NEW,4.8,0.276063875
2021-22,12,434,Dendoncker,MID,WOL,4.8,1.290536531
2021-22,12,51,J Ramsey,MID,AVL,4.5,1.497160628
2021-22,12,157,Riedewald,MID,CRY,4.8,0.263560494
2021-22,12,214,Choudhury,MID,LEI,4.5,0.344976356
2021-22,12,406,Noble,MID,WHU,4.4,0.592548738
2021-22,12,378,Gosling,MID,WAT,4.8,0.477202026
2021-22,12,97,Bidstrup,MID,BRE,4.5,0.250635033
2021-22,12,172,Gomes,MID,EVE,4.9,0.0
2021-22,12,350,Djenepo,MID,SOU,5.4,0.714892312
2021-22,12,276,Lingard,MID,MUN,6.9,0.699451125
2021-22,12,221,Milner,MID,LIV,4.9,0.020720418
2021-22,12,85,Ghoddos,MID,BRE,5.3,1.168115479
2021-22,12,416,Lanzini,MID,WHU,5.8,1.00560161
2021-22,12,309,S Longstaff,MID,NEW,4.5,0.685029092
2021-22,12,528,Tzolis,MID,NOR,4.9,0.679312063
2021-22,12,155,Schlupp,MID,CRY,5.4,1.190871331
2021-22,12,589,Kral,MID,WHU,4.5,0.435034337
2021-22,12,298,Fraser,MID,NEW,5.4,1.142729593
2021-22,12,176,T Davies,MID,EVE,4.9,0.577077332
2021-22,12,13,Maitland-Niles,MID,ARS,5.3,1.767158045
2021-22,12,504,Gbamin,MID,EVE,4.5,1.278432215
2021-22,12,503,A Gordon,MID,EVE,4.5,0.768325321
2021-22,12,575,Lennon,MID,BUR,5.0,0.523559958
2021-22,12,271,Matic,MID,MUN,4.5,0.992541716
2021-22,12,163,Delph,MID,EVE,4.4,0.711385155
2021-22,12,499,S Baptiste,MID,BRE,5.0,0.678600194
2021-22,12,108,Gudmundsson,MID,BUR,5.4,1.528908805
2021-22,12,41,Nakamba,MID,AVL,4.5,1.206963054
2021-22,12,304,Murphy,MID,NEW,5.0,1.486931257
2021-22,12,349,I Diallo,MID,SOU,4.5,1.028947619
2021-22,12,412,Yarmolenko,MID,WHU,5.2,0.984869146
2021-22,12,357,Kane,FWD,TOT,12.1,6.174651538
2021-22,12,579,Ronaldo,FWD,MUN,12.5,4.892893743
2021-22,12,205,Vardy,FWD,LEI,10.8,3.874488685
2021-22,12,413,Antonio,FWD,WHU,8.2,3.940455561
2021-22,12,263,Jesus,FWD,MCI,8.6,4.56717556
2021-22,12,430,Jimenez,FWD,WOL,7.6,3.068342709
2021-22,12,4,Aubameyang,FWD,ARS,10.0,2.750007991
2021-22,12,109,Wood,FWD,BUR,6.7,4.052185601
2021-22,12,296,Wilson,FWD,NEW,7.3,4.087830555
2021-22,12,78,Toney,FWD,BRE,6.6,3.61451499
2021-22,12,40,Watkins,FWD,AVL,7.3,3.95140675
2021-22,12,315,Pukki,FWD,NOR,5.8,3.891466786
2021-22,12,180,Richarlison,FWD,EVE,7.4,2.867965917
2021-22,12,529,Lukaku,FWD,CHE,11.5,0.0
2021-22,12,213,Iheanacho,FWD,LEI,7.0,2.932064625
2021-22,12,187,Rodrigo,FWD,LEE,6.3,3.556409952
2021-22,12,307,Saint-Maximin,FWD,NEW,6.8,3.489433525
2021-22,12,583,Hwang,FWD,WOL,5.7,3.442313685
2021-22,12,337,Ings,FWD,AVL,7.8,1.846441586
2021-22,12,63,Maupay,FWD,BHA,6.5,2.937009516
2021-22,12,6,Lacazette,FWD,ARS,8.3,2.833885421
2021-22,12,345,Adams,FWD,SOU,6.8,3.140870249
2021-22,12,468,King,FWD,WAT,5.6,3.015729474
2021-22,12,525,A Armstrong,FWD,SOU,6.0,2.905961714
2021-22,12,586,Edouard,FWD,CRY,6.5,2.620183258
2021-22,12,134,Werner,FWD,CHE,8.6,0.869874155
2021-22,12,228,Firmino,FWD,LIV,8.9,0.0
2021-22,12,189,Bamford,FWD,LEE,7.8,0.0
2021-22,12,177,Calvert-Lewin,FWD,EVE,8.0,0.0
2021-22,12,516,Sargent,FWD,NOR,5.4,2.213693256
2021-22,12,450,Dennis,FWD,WAT,5.2,2.429923066
2021-22,12,111,Vydra,FWD,BUR,5.2,2.023510435
2021-22,12,153,Ayew,FWD,CRY,5.9,2.030837688
2021-22,12,455,Daka,FWD,LEI,7.1,0.990254495
2021-22,12,105,A Barnes,FWD,BUR,5.3,1.560802176
2021-22,12,269,Cavani,FWD,MUN,8.4,0.7326991
2021-22,12,235,Origi,FWD,LIV,4.9,1.2386739
2021-22,12,591,Rondon,FWD,EVE,6.0,1.347805578
2021-22,12,278,Martial,FWD,MUN,7.6,0.47097996
2021-22,12,447,Welbeck,FWD,BHA,6.0,0.0
2021-22,12,533,Richardson,FWD,BUR,4.5,0.00187678
2021-22,12,602,Simms,FWD,EVE,4.5,0.003570014
2021-22,12,542,Street,FWD,CRY,4.5,0.003686713
2021-22,12,520,Scarlett,FWD,TOT,4.5,0.009035702
2021-22,12,519,S Long,FWD,SOU,5.4,0.052791846
2021-22,12,622,Tosun,FWD,EVE,5.0,0.041029626
2021-22,12,159,Mateta,FWD,CRY,5.3,0.151439194
2021-22,12,72,Connolly,FWD,BHA,5.3,0.302432586
2021-22,12,577,Gelhardt,FWD,LEE,4.5,0.018224168
2021-22,12,20,Nketiah,FWD,ARS,5.4,0.133773016
2021-22,12,395,Fletcher,FWD,WAT,4.9,0.183002339
2021-22,12,550,S Greenwood,FWD,LEE,4.5,0.088144196
2021-22,12,49,Davis,FWD,AVL,4.4,0.169130547
2021-22,12,530,Balogun,FWD,ARS,4.8,0.057958101
2021-22,12,595,Locadia,FWD,BHA,4.5,0.081766165
2021-22,12,300,Gayle,FWD,NEW,5.3,0.298097831
2021-22,12,607,Dobbin,FWD,EVE,4.5,0.067489382
2021-22,12,88,Forss,FWD,BRE,5.3,0.889998919
2021-22,12,472,Cucho,FWD,WAT,5.0,1.503180276
2021-22,12,568,Archer,FWD,AVL,4.5,0.147983749
2021-22,12,404,Joao Pedro,FWD,WAT,5.4,1.779436899
2021-22,12,310,Joelinton,FWD,NEW,5.8,1.556505235
2021-22,12,149,Benteke,FWD,CRY,6.3,1.326888789
2021-22,12,518,Broja,FWD,SOU,5.0,1.450788329
2021-22,12,445,F Silva,FWD,WOL,5.7,0.826638652
2021-22,12,104,Jay Rodriguez,FWD,BUR,5.3,1.684658042
2021-22,12,329,Idah,FWD,NOR,4.9,0.70743051
2021-22,13,257,Ederson,GK,MCI,6.0,4.204608383
2021-22,13,231,Alisson,GK,LIV,6.0,4.308697363
2021-22,13,143,E Mendy,GK,CHE,6.3,3.628447296
2021-22,13,353,Lloris,GK,TOT,5.4,3.82146092
2021-22,13,559,Ramsdale,GK,ARS,4.8,4.149853866
2021-22,13,30,Martinez,GK,AVL,5.5,3.944537628
2021-22,13,69,R Sanchez,GK,BHA,4.6,3.877348737
2021-22,13,112,Pope,GK,BUR,5.4,3.342344655
2021-22,13,270,de Gea,GK,MUN,5.0,2.892856641
2021-22,13,199,Meslier,GK,LEE,4.9,3.687448343
2021-22,13,408,Fabianski,GK,WHU,5.0,2.71479955
2021-22,13,146,Guaita,GK,CRY,4.6,3.701773031
2021-22,13,475,Sa,GK,WOL,5.0,3.497872148
2021-22,13,200,Schmeichel,GK,LEI,5.0,3.675920939
2021-22,13,295,Dubravka,GK,NEW,4.4,2.778012647
2021-22,13,170,Pickford,GK,EVE,5.0,3.343430796
2021-22,13,334,McCarthy,GK,SOU,4.6,2.484955641
2021-22,13,556,A Fernandez,GK,BRE,4.5,3.385845458
2021-22,13,314,Krul,GK,NOR,4.5,3.015905783
2021-22,13,376,Foster,GK,WAT,4.1,2.164067
2021-22,13,280,D Henderson,GK,MUN,4.8,0.243364816
2021-22,13,129,Kepa,GK,CHE,4.8,0.218630218
2021-22,13,489,Areola,GK,WHU,4.7,0.194369182
2021-22,13,294,Darlow,GK,NEW,4.5,0.273559904
2021-22,13,1,Leno,GK,ARS,4.6,0.187292119
2021-22,13,156,Butland,GK,CRY,4.4,0.136948705
2021-22,13,480,Hennessey,GK,BUR,4.5,0.1670964
2021-22,13,242,Kelleher,GK,LIV,4.4,0.09726436
2021-22,13,260,Steffen,GK,MCI,4.5,0.08084088
2021-22,13,389,Bachmann,GK,WAT,4.2,0.247271664
2021-22,13,448,Gunn,GK,NOR,4.0,0.217070842
2021-22,13,486,Gollini,GK,TOT,4.3,0.070728216
2021-22,13,333,Forster,GK,SOU,4.4,0.075265466
2021-22,13,452,Ruddy,GK,WOL,4.4,0.076827625
2021-22,13,490,Klaesson,GK,LEE,4.4,0.071392872
2021-22,13,204,D Ward,GK,LEI,4.0,0.069584018
2021-22,13,28,Steer,GK,AVL,4.0,0.064052365
2021-22,13,513,Woodman,GK,NEW,4.4,0.054879377
2021-22,13,476,Scherpen,GK,BHA,4.5,0.040480418
2021-22,13,54,Steele,GK,BHA,4.0,0.039230332
2021-22,13,619,Cox,GK,BRE,4.0,0.068364397
2021-22,13,481,Begovic,GK,EVE,4.0,0.0555772
2021-22,13,593,Carson,GK,MCI,3.9,0.008745491
2021-22,13,606,Bettinelli,GK,CHE,4.0,0.007669183
2021-22,13,509,Heaton,GK,MUN,4.0,0.00642473
2021-22,13,561,Matthews,GK,CRY,4.0,0.007612295
2021-22,13,407,Randolph,GK,WHU,4.4,0.005212823
2021-22,13,114,Norris,GK,BUR,4.4,0.006441253
2021-22,13,514,Gillespie,GK,NEW,4.0,0.006319107
2021-22,13,573,Jakupovic,GK,LEI,4.0,0.007554865
2021-22,13,596,Sinisalo,GK,AVL,4.0,0.006893804
2021-22,13,572,Okonkwo,GK,ARS,4.0,0.003960273
2021-22,13,532,Hein,GK,ARS,4.0,0.003954126
2021-22,13,571,Lonergan,GK,EVE,4.0,0.006377338
2021-22,13,313,McGovern,GK,NOR,4.0,0.00656355
2021-22,13,223,Adrian,GK,LIV,4.3,0.000861057
2021-22,13,615,Slicker,GK,MCI,4.0,0.000778881
2021-22,13,616,Tyrer,GK,EVE,4.0,0.000588473
2021-22,13,80,Raya,GK,BRE,4.5,0.0
2021-22,13,574,Elliot,GK,WAT,4.0,0.004589046
2021-22,13,621,Storer,GK,WOL,4.0,0.004250281
2021-22,13,611,Moulden,GK,WOL,4.0,0.00424945
2021-22,13,256,Cancelo,DEF,MCI,6.6,4.816731528
2021-22,13,237,Trent,DEF,LIV,7.8,5.226380075
2021-22,13,122,Alonso,DEF,CHE,5.6,4.395122155
2021-22,13,234,Robertson,DEF,LIV,7.0,4.432726608
2021-22,13,229,van Dijk,DEF,LIV,6.7,4.365735628
2021-22,13,262,Dias,DEF,MCI,6.0,3.695262224
2021-22,13,249,Walker,DEF,MCI,5.5,3.681778496
2021-22,13,142,R James,DEF,CHE,6.1,3.536321923
2021-22,13,127,Rudiger,DEF,CHE,5.9,3.449135275
2021-22,13,59,Dunk,DEF,BHA,5.0,4.112388104
2021-22,13,370,Reguilon,DEF,TOT,5.1,3.625361301
2021-22,13,275,Shaw,DEF,MUN,5.2,1.910275095
2021-22,13,288,Wan-Bissaka,DEF,MUN,5.2,2.515155676
2021-22,13,252,Stones,DEF,MCI,5.3,2.497393007
2021-22,13,259,Laporte,DEF,MCI,5.5,2.840194796
2021-22,13,584,Cucurella,DEF,BHA,5.0,3.686108657
2021-22,13,437,Semedo,DEF,WOL,4.9,3.927984941
2021-22,13,588,Emerson R,DEF,TOT,4.9,3.142638775
2021-22,13,273,Maguire,DEF,MUN,5.4,0.0
2021-22,13,361,Dier,DEF,TOT,4.5,3.251731912
2021-22,13,411,A Cresswell,DEF,WHU,5.5,1.817101256
2021-22,13,431,Saiss,DEF,WOL,5.0,3.966092396
2021-22,13,168,Digne,DEF,EVE,5.1,3.547061265
2021-22,13,224,Matip,DEF,LIV,5.0,3.340858419
2021-22,13,209,Castagne,DEF,LEI,5.3,3.948706911
2021-22,13,201,Evans,DEF,LEI,5.4,3.89124067
2021-22,13,119,Azpilicueta,DEF,CHE,5.8,2.334549922
2021-22,13,61,Webster,DEF,BHA,4.4,3.331859489
2021-22,13,23,Gabriel,DEF,ARS,5.1,3.847879028
2021-22,13,128,Zouma,DEF,WHU,5.4,1.707899964
2021-22,13,67,B White,DEF,ARS,4.4,3.742831835
2021-22,13,292,Ritchie,DEF,NEW,4.9,2.663387715
2021-22,13,590,Tomiyasu,DEF,ARS,4.6,3.65347997
2021-22,13,364,Ben T Davies,DEF,TOT,4.4,2.983633492
2021-22,13,16,Tierney,DEF,ARS,4.8,3.205357733
2021-22,13,133,Christensen,DEF,CHE,4.9,2.113484723
2021-22,13,98,Tarkowski,DEF,BUR,4.9,0.0
2021-22,13,527,T Chalobah,DEF,CHE,4.8,1.903486539
2021-22,13,62,Veltman,DEF,BHA,4.3,2.832150005
2021-22,13,217,Soyuncu,DEF,LEI,4.9,3.599647347
2021-22,13,121,T Silva,DEF,CHE,5.5,1.989160143
2021-22,13,414,Dawson,DEF,WHU,4.9,1.609108049
2021-22,13,91,Pinnock,DEF,BRE,4.6,3.378051746
2021-22,13,284,Lindelof,DEF,MUN,4.8,2.34761977
2021-22,13,106,Mee,DEF,BUR,4.9,2.758119455
2021-22,13,162,Mitchell,DEF,CRY,4.5,3.298913658
2021-22,13,488,Andersen,DEF,CRY,4.5,3.298855579
2021-22,13,429,Coady,DEF,WOL,4.5,3.396532771
2021-22,13,477,Guehi,DEF,CRY,4.5,3.16730703
2021-22,13,169,Keane,DEF,EVE,5.0,3.083297131
2021-22,13,71,Lamptey,DEF,BHA,4.4,2.919335546
2021-22,13,39,Targett,DEF,AVL,4.7,3.054550231
2021-22,13,45,Konsa,DEF,AVL,4.9,2.987997478
2021-22,13,76,Jansson,DEF,BRE,4.7,3.14080899
2021-22,13,439,Kilman,DEF,WOL,4.5,3.282160196
2021-22,13,113,Taylor,DEF,BUR,4.4,2.509288895
2021-22,13,44,Cash,DEF,AVL,5.1,3.000993262
2021-22,13,83,Henry,DEF,BRE,4.5,2.944193821
2021-22,13,463,Firpo,DEF,LEE,4.7,2.77295633
2021-22,13,243,Konate,DEF,LIV,5.1,1.569621415
2021-22,13,150,Kouyate,DEF,CRY,4.5,2.994692394
2021-22,13,264,Zinchenko,DEF,MCI,5.3,1.56934776
2021-22,13,38,Mings,DEF,AVL,4.9,2.96127417
2021-22,13,474,J Ward,DEF,CRY,4.5,2.936746614
2021-22,13,208,Amartey,DEF,LEI,3.9,2.601766394
2021-22,13,470,Ait-Nouri,DEF,WOL,4.3,2.215551286
2021-22,13,343,Bednarek,DEF,SOU,4.4,1.291401958
2021-22,13,293,Clark,DEF,NEW,4.4,2.059940004
2021-22,13,299,Lascelles,DEF,NEW,4.4,2.281977281
2021-22,13,594,Zanka,DEF,BRE,4.5,2.706762768
2021-22,13,367,D Sanchez,DEF,TOT,4.5,1.591482047
2021-22,13,425,Johnson,DEF,WHU,4.0,1.207891162
2021-22,13,491,Livramento,DEF,SOU,4.6,1.270024318
2021-22,13,110,Lowton,DEF,BUR,4.4,1.489454663
2021-22,13,179,Godfrey,DEF,EVE,4.8,2.696699639
2021-22,13,326,Aarons,DEF,NOR,4.3,2.961307549
2021-22,13,198,Struijk,DEF,LEE,4.4,2.340763183
2021-22,13,190,Llorente,DEF,LEE,4.5,2.508428351
2021-22,13,319,Hanley,DEF,NOR,4.4,2.942123084
2021-22,13,175,Mina,DEF,EVE,4.9,0.0
2021-22,13,555,Varane,DEF,MUN,5.5,0.0
2021-22,13,165,Coleman,DEF,EVE,4.9,2.801102335
2021-22,13,56,Duffy,DEF,BHA,4.3,1.144293376
2021-22,13,184,Cooper,DEF,LEE,4.5,2.409467494
2021-22,13,342,Walker-Peters,DEF,SOU,4.8,0.886275294
2021-22,13,460,Perraud,DEF,SOU,4.9,0.807845843
2021-22,13,58,Burn,DEF,BHA,4.4,1.127645851
2021-22,13,585,C Roberts,DEF,BUR,4.5,0.941067938
2021-22,13,418,Coufal,DEF,WHU,4.7,0.638402393
2021-22,13,432,Marcal,DEF,WOL,4.4,1.745218238
2021-22,13,371,Tanganga,DEF,TOT,4.3,1.261206644
2021-22,13,473,Bertrand,DEF,LEI,4.6,1.383472357
2021-22,13,494,Romero,DEF,TOT,4.9,0.0
2021-22,13,580,Kabak,DEF,NOR,4.5,2.783619971
2021-22,13,36,Hause,DEF,AVL,4.4,0.87768657
2021-22,13,279,Telles,DEF,MUN,5.0,0.868983931
2021-22,13,351,Salisu,DEF,SOU,4.5,1.026696597
2021-22,13,258,Ake,DEF,MCI,4.8,0.515573062
2021-22,13,340,Vestergaard,DEF,LEI,4.8,0.987479278
2021-22,13,465,F Fernandez,DEF,NEW,4.3,0.879376528
2021-22,13,286,Bailly,DEF,MUN,4.9,2.258967202
2021-22,13,428,Boly,DEF,WOL,4.9,0.0
2021-22,13,338,J Stephens,DEF,SOU,4.4,0.13732608
2021-22,13,302,Manquillo,DEF,NEW,4.0,1.720603634
2021-22,13,245,Tsimikas,DEF,LIV,3.9,0.774942032
2021-22,13,466,Tavares,DEF,ARS,4.3,0.916313669
2021-22,13,451,Collins,DEF,BUR,4.3,2.4553819
2021-22,13,207,R Pereira,DEF,LEI,5.3,0.0
2021-22,13,305,Schar,DEF,NEW,4.3,0.708128402
2021-22,13,374,Rodon,DEF,TOT,4.3,0.477431367
2021-22,13,219,L Thomas,DEF,LEI,4.3,1.023382378
2021-22,13,283,Tuanzebe,DEF,AVL,4.5,1.075878522
2021-22,13,360,Doherty,DEF,TOT,4.7,0.764447019
2021-22,13,396,Sierralta,DEF,WAT,4.3,0.0
2021-22,13,100,Pieters,DEF,BUR,4.3,0.471154387
2021-22,13,456,Gibson,DEF,NOR,4.4,0.941690479
2021-22,13,290,B Williams,DEF,NOR,3.9,2.597338724
2021-22,13,218,Justin,DEF,LEI,4.9,0.136747522
2021-22,13,14,Holding,DEF,ARS,4.2,0.399106214
2021-22,13,238,Gomez,DEF,LIV,4.7,0.0
2021-22,13,147,Tomkins,DEF,CRY,4.3,0.527621956
2021-22,13,87,Goode,DEF,BRE,3.9,0.621060181
2021-22,13,390,Masina,DEF,WAT,4.3,1.527753568
2021-22,13,510,Dalot,DEF,MUN,4.4,0.205363542
2021-22,13,424,Diop,DEF,WHU,4.3,0.19439967
2021-22,13,417,Masuaku,DEF,WHU,4.4,0.470639127
2021-22,13,246,N Williams,DEF,LIV,3.9,0.340586312
2021-22,13,10,Chambers,DEF,ARS,4.2,0.198329263
2021-22,13,8,Mari,DEF,ARS,4.2,0.196022968
2021-22,13,368,Sessegnon,DEF,TOT,4.3,0.207249973
2021-22,13,387,Troost-Ekong,DEF,WAT,4.4,1.728835939
2021-22,13,567,Lyanco,DEF,SOU,4.5,0.247815708
2021-22,13,178,Holgate,DEF,EVE,4.2,0.0
2021-22,13,493,Clyne,DEF,CRY,4.3,0.408850214
2021-22,13,5,Cedric,DEF,ARS,4.2,0.171816495
2021-22,13,501,M Sarr,DEF,CHE,4.9,0.074370035
2021-22,13,89,Roerslev,DEF,BRE,4.3,0.523047556
2021-22,13,103,K Long,DEF,BUR,4.0,0.515018551
2021-22,13,185,Ayling,DEF,LEE,4.3,0.0
2021-22,13,303,Krafth,DEF,NEW,4.3,0.11156803
2021-22,13,158,Jach,DEF,CRY,4.3,0.078954957
2021-22,13,311,Lewis,DEF,NEW,4.3,0.104454392
2021-22,13,502,Kenny,DEF,EVE,4.4,0.628078275
2021-22,13,544,Branthwaite,DEF,EVE,4.0,0.62123066
2021-22,13,384,Kabasele,DEF,WAT,4.3,0.046498455
2021-22,13,99,Bardsley,DEF,BUR,3.9,0.059359917
2021-22,13,443,Hoever,DEF,WOL,3.9,0.369713518
2021-22,13,498,Thompson,DEF,BRE,4.4,0.069642783
2021-22,13,483,Ajer,DEF,BRE,4.5,0.0
2021-22,13,11,Kolasinac,DEF,ARS,4.3,0.0
2021-22,13,135,Chilwell,DEF,CHE,6.0,0.0
2021-22,13,241,N Phillips,DEF,LIV,4.2,0.017935292
2021-22,13,331,Omobamidele,DEF,NOR,3.9,0.339699072
2021-22,13,161,Ferguson,DEF,CRY,4.5,0.098692052
2021-22,13,321,Byram,DEF,NOR,4.4,0.134531318
2021-22,13,560,H Roberts,DEF,BHA,4.0,0.013978526
2021-22,13,301,Dummett,DEF,NEW,4.5,0.0
2021-22,13,151,Kelly,DEF,CRY,3.9,0.032281541
2021-22,13,90,M Sorensen,DEF,BRE,4.3,0.0
2021-22,13,327,J Sorensen,DEF,NOR,4.3,0.130083475
2021-22,13,569,Stevens,DEF,BRE,4.0,0.012052183
2021-22,13,565,Dodgson,DEF,BUR,3.9,0.002646883
2021-22,13,554,J Baptiste,DEF,WHU,4.0,0.003384782
2021-22,13,446,Mosquera,DEF,WOL,4.5,0.0
2021-22,13,433,Jonny,DEF,WOL,4.5,0.0
2021-22,13,409,Ogbonna,DEF,WHU,5.0,0.0
2021-22,13,534,B Thomas,DEF,BUR,4.0,0.00242784
2021-22,13,598,Omole,DEF,TOT,4.0,0.004999193
2021-22,13,627,Beck,DEF,LIV,4.0,0.00229429
2021-22,13,604,Wilson-Esbrand,DEF,MCI,4.0,0.00470179
2021-22,13,603,Mbete,DEF,MCI,4.0,0.004665147
2021-22,13,540,Hannam,DEF,CRY,4.0,0.005179652
2021-22,13,546,Valery,DEF,SOU,4.0,0.002990375
2021-22,13,562,Drameh,DEF,LEE,4.0,0.010837207
2021-22,13,626,Bradley,DEF,LIV,4.0,0.004650795
2021-22,13,563,C Cresswell,DEF,LEE,4.0,0.010497292
2021-22,13,617,Ashby,DEF,WHU,4.0,0.003033943
2021-22,13,515,Mumba,DEF,NOR,4.0,0.004656045
2021-22,13,623,Welch,DEF,EVE,4.0,0.10410697
2021-22,13,608,Hjelde,DEF,LEE,4.0,0.003735389
2021-22,13,610,Bogarde,DEF,AVL,4.0,0.025933879
2021-22,13,220,Fofana,DEF,LEI,4.3,0.0
2021-22,13,324,Zimmermann,DEF,NOR,4.4,0.030779317
2021-22,13,415,Fredericks,DEF,WHU,4.4,0.065919166
2021-22,13,457,Giannoulis,DEF,NOR,4.4,0.28978447
2021-22,13,618,Nkoulou,DEF,WAT,4.5,0.0
2021-22,13,52,Young,DEF,AVL,4.7,0.411945746
2021-22,13,379,Cathcart,DEF,WAT,4.4,1.599048145
2021-22,13,377,Rose,DEF,WAT,4.2,0.784988512
2021-22,13,194,Koch,DEF,LEE,4.3,0.0
2021-22,13,382,Femenia,DEF,WAT,4.3,1.650501895
2021-22,13,400,Ngakia,DEF,WAT,4.3,0.535203389
2021-22,13,233,Salah,MID,LIV,13.0,6.197504878
2021-22,13,359,Son,MID,TOT,10.4,4.992592464
2021-22,13,277,Fernandes,MID,MUN,11.7,3.790703362
2021-22,13,230,Mane,MID,LIV,12.0,4.741248847
2021-22,13,240,Jota,MID,LIV,7.6,4.749269361
2021-22,13,154,Zaha,MID,CRY,7.0,4.207454016
2021-22,13,64,Trossard,MID,BHA,6.5,4.369742523
2021-22,13,254,Mahrez,MID,MCI,8.6,4.563155462
2021-22,13,265,Foden,MID,MCI,8.3,2.513493597
2021-22,13,255,Sterling,MID,MCI,10.6,4.563603276
2021-22,13,196,Raphinha,MID,LEE,6.7,2.956309467
2021-22,13,281,Rashford,MID,MUN,9.4,2.916483331
2021-22,13,250,Gundogan,MID,MCI,7.2,3.921033751
2021-22,13,138,Mount,MID,CHE,7.5,3.495162372
2021-22,13,261,B Silva,MID,MCI,7.2,3.80151472
2021-22,13,485,Sancho,MID,MUN,8.9,2.894242576
2021-22,13,422,Soucek,MID,WHU,5.7,2.580783163
2021-22,13,212,Maddison,MID,LEI,6.6,4.19189525
2021-22,13,420,Bowen,MID,WHU,6.4,2.572683347
2021-22,13,55,Gross,MID,BHA,5.9,3.814698652
2021-22,13,251,De Bruyne,MID,MCI,11.8,0.406787202
2021-22,13,419,Benrahma,MID,WHU,6.3,2.568776368
2021-22,13,341,Ward-Prowse,MID,SOU,6.3,2.851193956
2021-22,13,96,Mbeumo,MID,BRE,5.6,3.533906986
2021-22,13,215,H Barnes,MID,LEI,6.5,3.683834572
2021-22,13,267,Harrison,MID,LEE,5.6,3.104282782
2021-22,13,22,Saka,MID,ARS,6.3,3.339273829
2021-22,13,188,Dallas,MID,LEE,5.1,2.974771614
2021-22,13,118,McNeil,MID,BUR,5.8,3.09822139
2021-22,13,81,Canos,MID,BRE,5.5,3.191782233
2021-22,13,33,Grealish,MID,MCI,7.7,0.9465625
2021-22,13,423,Fornals,MID,WHU,6.0,2.316144782
2021-22,13,17,Pepe,MID,ARS,6.9,2.702943451
2021-22,13,53,Lallana,MID,BHA,5.4,3.079283114
2021-22,13,291,Shelvey,MID,NEW,5.3,2.653617216
2021-22,13,266,Rodri,MID,MCI,5.5,2.949532216
2021-22,13,43,Buendia,MID,AVL,6.2,2.81387318
2021-22,13,19,Willock,MID,NEW,5.8,2.564541515
2021-22,13,141,Havertz,MID,CHE,8.1,2.393005272
2021-22,13,285,McTominay,MID,MUN,5.4,2.397263993
2021-22,13,123,Jorginho,MID,CHE,5.8,3.046873254
2021-22,13,482,Townsend,MID,EVE,5.6,3.264787523
2021-22,13,107,Westwood,MID,BUR,5.3,0.0
2021-22,13,461,Trincao,MID,WOL,5.7,2.845556168
2021-22,13,308,Almiron,MID,NEW,5.2,2.430606101
2021-22,13,173,Doucoure,MID,EVE,5.4,1.758433572
2021-22,13,492,Bailey,MID,AVL,6.4,2.64011935
2021-22,13,484,D Gray,MID,EVE,5.7,1.070877831
2021-22,13,152,Milivojevic,MID,CRY,5.4,2.876941301
2021-22,13,578,Cornet,MID,BUR,6.1,2.761090044
2021-22,13,21,Smith Rowe,MID,ARS,5.9,2.88799016
2021-22,13,436,Neves,MID,WOL,5.3,2.902936879
2021-22,13,365,Hojbjerg,MID,TOT,4.9,2.63659177
2021-22,13,144,Gallagher,MID,CRY,6.0,2.805128182
2021-22,13,222,J Henderson,MID,LIV,5.0,1.988241009
2021-22,13,216,Ndidi,MID,LEI,4.8,2.986604314
2021-22,13,517,Elyounoussi,MID,SOU,5.5,2.085344192
2021-22,13,362,Lucas Moura,MID,TOT,6.4,2.529460554
2021-22,13,421,Rice,MID,WHU,5.0,2.255345092
2021-22,13,399,I Sarr,MID,WAT,6.0,0.0
2021-22,13,336,Redmond,MID,SOU,5.9,2.128945119
2021-22,13,426,Moutinho,MID,WOL,5.0,2.77386761
2021-22,13,35,McGinn,MID,AVL,5.8,2.67850146
2021-22,13,225,Thiago,MID,LIV,5.3,2.704165051
2021-22,13,289,M Greenwood,MID,MUN,7.4,1.463694212
2021-22,13,232,Fabinho,MID,LIV,5.4,2.616057359
2021-22,13,77,Norgaard,MID,BRE,5.0,2.6787922
2021-22,13,115,Brownhill,MID,BUR,4.4,2.549571801
2021-22,13,42,El Ghazi,MID,AVL,5.6,1.705130152
2021-22,13,274,Fred,MID,MUN,4.9,1.569355036
2021-22,13,471,Lees-Melou,MID,NOR,4.8,2.037627424
2021-22,13,339,S Armstrong,MID,SOU,5.8,2.020837251
2021-22,13,160,Eze,MID,CRY,5.9,1.474064241
2021-22,13,70,Bissouma,MID,BHA,4.4,2.528114926
2021-22,13,558,Odegaard,MID,ARS,5.4,2.477885298
2021-22,13,495,Kucka,MID,WAT,5.5,2.27049703
2021-22,13,174,Iwobi,MID,EVE,5.8,2.80950212
2021-22,13,325,Cantwell,MID,NOR,5.3,2.13713614
2021-22,13,287,D James,MID,LEE,6.0,2.44501489
2021-22,13,587,Lookman,MID,LEI,6.0,2.092251215
2021-22,13,171,Allan,MID,EVE,4.5,2.413105691
2021-22,13,137,Pulisic,MID,CHE,7.9,2.290770723
2021-22,13,304,Murphy,MID,NEW,4.9,1.945267031
2021-22,13,449,Rashica,MID,NOR,5.2,2.143080731
2021-22,13,84,Janelt,MID,BRE,5.0,2.412173635
2021-22,13,335,Romeu,MID,SOU,4.5,2.044153663
2021-22,13,191,K Phillips,MID,LEE,4.8,2.286761635
2021-22,13,15,Partey,MID,ARS,5.0,2.430091004
2021-22,13,363,Alli,MID,TOT,6.3,1.408236684
2021-22,13,478,Lokonga,MID,ARS,4.8,2.413010478
2021-22,13,318,McLean,MID,NOR,4.9,2.155112727
2021-22,13,381,Cleverley,MID,WAT,4.8,2.099771366
2021-22,13,50,Douglas Luiz,MID,AVL,4.5,1.859664969
2021-22,13,354,Sissoko,MID,WAT,4.5,2.156472227
2021-22,13,375,Ndombele,MID,TOT,5.8,1.741128868
2021-22,13,239,Keita,MID,LIV,5.0,0.810231355
2021-22,13,125,Kovacic,MID,CHE,5.1,0.0
2021-22,13,372,Lo Celso,MID,TOT,5.9,0.701089894
2021-22,13,306,Hayden,MID,NEW,4.5,1.958736205
2021-22,13,60,March,MID,BHA,5.3,1.868965849
2021-22,13,210,Tielemans,MID,LEI,6.4,0.0
2021-22,13,592,Saul,MID,CHE,5.0,2.046808571
2021-22,13,202,Albrighton,MID,LEI,5.2,1.534513741
2021-22,13,458,Soumare,MID,LEI,4.8,2.073378237
2021-22,13,186,Klich,MID,LEE,5.4,1.779327686
2021-22,13,101,Cork,MID,BUR,4.5,1.871736585
2021-22,13,130,Kante,MID,CHE,4.9,0.22100155
2021-22,13,581,Normann,MID,NOR,4.5,1.890244199
2021-22,13,131,Ziyech,MID,CHE,7.3,0.991492465
2021-22,13,140,Hudson-Odoi,MID,CHE,5.3,1.373695309
2021-22,13,132,Loftus-Cheek,MID,CHE,5.4,2.136249517
2021-22,13,82,Dasilva,MID,BRE,5.3,0.786784606
2021-22,13,369,Bergwijn,MID,TOT,5.9,1.362462254
2021-22,13,524,Wissa,MID,BRE,5.9,0.191820877
2021-22,13,145,Gilmour,MID,NOR,4.4,1.163161253
2021-22,13,236,Minamino,MID,LIV,5.1,1.336343301
2021-22,13,373,Skipp,MID,TOT,4.5,1.783519545
2021-22,13,507,Palmer,MID,MCI,4.5,0.997129778
2021-22,13,435,A Traore,MID,WOL,5.8,1.951849788
2021-22,13,74,Mac Allister,MID,BHA,5.4,1.706866891
2021-22,13,552,Forshaw,MID,LEE,4.5,1.549703509
2021-22,13,211,Perez,MID,LEI,5.7,0.521225719
2021-22,13,227,Chamberlain,MID,LIV,5.8,1.556050804
2021-22,13,86,Jensen,MID,BRE,4.9,1.216462186
2021-22,13,557,Tufan,MID,WAT,5.0,1.151712779
2021-22,13,317,Rupp,MID,NOR,4.4,0.776233642
2021-22,13,197,Shackleton,MID,LEE,4.5,1.259151292
2021-22,13,148,McArthur,MID,CRY,4.5,0.0
2021-22,13,12,Elneny,MID,ARS,4.4,0.334857668
2021-22,13,75,Moder,MID,BHA,4.5,1.126271184
2021-22,13,26,Martinelli,MID,ARS,5.2,0.686449276
2021-22,13,479,Onyeka,MID,BRE,4.9,1.930167209
2021-22,13,268,Torres,MID,MCI,6.7,0.0
2021-22,13,203,N Mendy,MID,LEI,4.4,0.0
2021-22,13,467,Etebo,MID,WAT,4.4,0.0
2021-22,13,405,Baah,MID,WAT,4.4,0.0
2021-22,13,506,Elliott,MID,LIV,5.3,0.0
2021-22,13,37,Trezeguet,MID,AVL,5.4,0.0
2021-22,13,32,B Traore,MID,AVL,5.7,0.0
2021-22,13,441,Neto,MID,WOL,6.4,0.0
2021-22,13,272,Pogba,MID,MUN,7.4,0.0
2021-22,13,459,Mata,MID,MUN,4.8,0.09867328
2021-22,13,629,McAtee,MID,MCI,4.5,0.002306629
2021-22,13,512,Elanga,MID,MUN,4.8,0.004093359
2021-22,13,597,Markanday,MID,TOT,4.5,0.00453749
2021-22,13,543,Banks,MID,CRY,4.5,0.004650068
2021-22,13,628,Haygarth,MID,BRE,4.5,0.001845438
2021-22,13,631,Jenkins,MID,LEE,4.5,0.0017945
2021-22,13,630,Onyango,MID,EVE,4.5,0.001750757
2021-22,13,537,Richards,MID,BHA,4.5,0.027048205
2021-22,13,625,K Gordon,MID,LIV,4.5,0.004219322
2021-22,13,508,Edozie,MID,MCI,4.8,0.004144498
2021-22,13,609,Anderson,MID,NEW,4.5,0.003970408
2021-22,13,613,Whitaker,MID,EVE,4.5,0.004099267
2021-22,13,612,Sarmiento,MID,BHA,4.5,0.003925843
2021-22,13,620,Morton,MID,LIV,4.5,0.003846695
2021-22,13,605,Lavia,MID,MCI,4.5,0.003776905
2021-22,13,601,McKinstry,MID,LEE,4.4,0.003673263
2021-22,13,614,Maghoma,MID,BRE,4.5,0.003753749
2021-22,13,547,Cundle,MID,WOL,4.5,0.009239782
2021-22,13,600,Kenneh,MID,LEE,4.4,0.003438176
2021-22,13,599,J White,MID,NEW,4.4,0.00333785
2021-22,13,548,Campbell,MID,WOL,4.5,0.008845207
2021-22,13,551,Summerville,MID,LEE,4.5,0.101103025
2021-22,13,438,Podence,MID,WOL,5.5,1.012999192
2021-22,13,576,McCarron,MID,LEE,4.5,0.021493832
2021-22,13,93,Zamburek,MID,BRE,4.4,0.022099916
2021-22,13,541,Rak-Sakyi,MID,CRY,4.5,0.01054712
2021-22,13,624,Bate,MID,LEE,4.5,0.08479259
2021-22,13,386,Hughes,MID,CRY,4.7,0.047239083
2021-22,13,496,A Ramsey,MID,AVL,4.5,0.018996582
2021-22,13,505,Dewsbury-Hall,MID,LEI,4.5,0.047028785
2021-22,13,124,Barkley,MID,CHE,5.2,0.195487459
2021-22,13,79,Fosu,MID,BRE,5.1,0.043244239
2021-22,13,328,Placheta,MID,NOR,4.7,0.309480111
2021-22,13,7,Xhaka,MID,ARS,4.8,0.0
2021-22,13,282,van de Beek,MID,MUN,5.7,0.752716731
2021-22,13,73,Alzate,MID,BHA,4.8,0.065225932
2021-22,13,347,Smallbone,MID,SOU,4.5,0.080952737
2021-22,13,497,Philogene-Bidace,MID,AVL,5.0,0.084440552
2021-22,13,526,Chukwuemeka,MID,AVL,4.5,0.184840442
2021-22,13,102,D Stephens,MID,BUR,4.5,0.07954557
2021-22,13,244,C Jones,MID,LIV,5.0,0.0
2021-22,13,332,Walcott,MID,SOU,5.8,0.644149713
2021-22,13,462,Mwepu,MID,BHA,5.9,0.498169128
2021-22,13,346,Tella,MID,SOU,4.7,0.164545895
2021-22,13,193,T Roberts,MID,LEE,4.8,1.582360141
2021-22,13,34,Sanson,MID,AVL,5.0,0.491094836
2021-22,13,487,Bryan Gil,MID,TOT,5.7,0.384220853
2021-22,13,582,Vlasic,MID,WHU,5.7,1.031028324
2021-22,13,453,Fernandinho,MID,MCI,4.8,0.968074159
2021-22,13,323,Dowell,MID,NOR,5.2,0.593783751
2021-22,13,589,Kral,MID,WHU,4.4,0.237279262
2021-22,13,214,Choudhury,MID,LEI,4.4,0.387491439
2021-22,13,366,Winks,MID,TOT,4.4,0.157181933
2021-22,13,391,Sema,MID,WAT,5.2,0.0
2021-22,13,157,Riedewald,MID,CRY,4.8,0.270940807
2021-22,13,406,Noble,MID,WHU,4.4,0.40337239
2021-22,13,297,Hendrick,MID,NEW,4.8,0.252323168
2021-22,13,403,Louza,MID,WAT,5.2,0.7844494
2021-22,13,434,Dendoncker,MID,WOL,4.8,1.43692308
2021-22,13,97,Bidstrup,MID,BRE,4.4,0.258247568
2021-22,13,378,Gosling,MID,WAT,4.8,0.34976311
2021-22,13,51,J Ramsey,MID,AVL,4.5,1.36166221
2021-22,13,176,T Davies,MID,EVE,4.9,0.0
2021-22,13,416,Lanzini,MID,WHU,5.8,0.875264165
2021-22,13,350,Djenepo,MID,SOU,5.3,0.596400515
2021-22,13,155,Schlupp,MID,CRY,5.4,1.182873926
2021-22,13,276,Lingard,MID,MUN,6.8,0.658819454
2021-22,13,503,A Gordon,MID,EVE,4.5,1.713853741
2021-22,13,13,Maitland-Niles,MID,ARS,5.3,1.236180832
2021-22,13,172,Gomes,MID,EVE,4.9,0.0
2021-22,13,528,Tzolis,MID,NOR,4.8,0.658935898
2021-22,13,309,S Longstaff,MID,NEW,4.5,0.624080337
2021-22,13,504,Gbamin,MID,EVE,4.5,1.862329515
2021-22,13,221,Milner,MID,LIV,4.9,0.719162268
2021-22,13,108,Gudmundsson,MID,BUR,5.4,2.104956228
2021-22,13,85,Ghoddos,MID,BRE,5.3,0.883806897
2021-22,13,298,Fraser,MID,NEW,5.3,1.249093669
2021-22,13,464,Olise,MID,CRY,5.4,1.470115493
2021-22,13,575,Lennon,MID,BUR,4.9,1.133700795
2021-22,13,271,Matic,MID,MUN,4.5,1.053407838
2021-22,13,163,Delph,MID,EVE,4.4,1.121181037
2021-22,13,499,S Baptiste,MID,BRE,4.9,0.950748343
2021-22,13,41,Nakamba,MID,AVL,4.5,0.746427804
2021-22,13,349,I Diallo,MID,SOU,4.5,0.913479785
2021-22,13,412,Yarmolenko,MID,WHU,5.1,1.258941442
2021-22,13,357,Kane,FWD,TOT,12.2,5.461866586
2021-22,13,205,Vardy,FWD,LEI,10.6,5.374459395
2021-22,13,579,Ronaldo,FWD,MUN,12.4,3.340339013
2021-22,13,4,Aubameyang,FWD,ARS,9.9,4.555501985
2021-22,13,430,Jimenez,FWD,WOL,7.8,4.64857417
2021-22,13,413,Antonio,FWD,WHU,8.1,2.970330907
2021-22,13,109,Wood,FWD,BUR,6.7,3.976261096
2021-22,13,263,Jesus,FWD,MCI,8.7,4.33159253
2021-22,13,529,Lukaku,FWD,CHE,11.5,1.335340955
2021-22,13,78,Toney,FWD,BRE,6.7,3.974215869
2021-22,13,296,Wilson,FWD,NEW,7.4,3.369298952
2021-22,13,315,Pukki,FWD,NOR,5.8,3.531237484
2021-22,13,40,Watkins,FWD,AVL,7.3,3.41044963
2021-22,13,213,Iheanacho,FWD,LEI,7.0,4.117770193
2021-22,13,337,Ings,FWD,AVL,7.7,3.28741693
2021-22,13,187,Rodrigo,FWD,LEE,6.3,2.809629353
2021-22,13,180,Richarlison,FWD,EVE,7.4,0.0
2021-22,13,583,Hwang,FWD,WOL,5.8,3.510356834
2021-22,13,307,Saint-Maximin,FWD,NEW,6.8,2.97861493
2021-22,13,63,Maupay,FWD,BHA,6.4,3.47152804
2021-22,13,468,King,FWD,WAT,5.6,3.0525371
2021-22,13,6,Lacazette,FWD,ARS,8.3,2.878884664
2021-22,13,345,Adams,FWD,SOU,6.8,2.328848632
2021-22,13,525,A Armstrong,FWD,SOU,6.0,2.250735959
2021-22,13,134,Werner,FWD,CHE,8.6,1.649281734
2021-22,13,586,Edouard,FWD,CRY,6.5,2.022832619
2021-22,13,450,Dennis,FWD,WAT,5.3,2.661161428
2021-22,13,149,Benteke,FWD,CRY,6.4,2.360303361
2021-22,13,228,Firmino,FWD,LIV,8.8,0.0
2021-22,13,591,Rondon,FWD,EVE,6.0,3.386860198
2021-22,13,177,Calvert-Lewin,FWD,EVE,8.0,0.0
2021-22,13,516,Sargent,FWD,NOR,5.4,2.050195221
2021-22,13,189,Bamford,FWD,LEE,7.7,0.0
2021-22,13,111,Vydra,FWD,BUR,5.2,2.154376895
2021-22,13,455,Daka,FWD,LEI,7.1,1.213932401
2021-22,13,404,Joao Pedro,FWD,WAT,5.4,2.139770647
2021-22,13,269,Cavani,FWD,MUN,8.4,0.660202408
2021-22,13,153,Ayew,FWD,CRY,5.8,2.028404815
2021-22,13,235,Origi,FWD,LIV,4.9,0.928076985
2021-22,13,278,Martial,FWD,MUN,7.6,0.594523717
2021-22,13,447,Welbeck,FWD,BHA,6.0,0.0
2021-22,13,533,Richardson,FWD,BUR,4.5,0.001854227
2021-22,13,542,Street,FWD,CRY,4.5,0.003755674
2021-22,13,520,Scarlett,FWD,TOT,4.5,0.008624812
2021-22,13,519,S Long,FWD,SOU,5.4,0.044879394
2021-22,13,622,Tosun,FWD,EVE,5.0,0.193407791
2021-22,13,159,Mateta,FWD,CRY,5.3,0.15784531
2021-22,13,20,Nketiah,FWD,ARS,5.4,0.158324025
2021-22,13,602,Simms,FWD,EVE,4.5,0.16795898
2021-22,13,395,Fletcher,FWD,WAT,4.9,0.041837689
2021-22,13,49,Davis,FWD,AVL,4.4,0.04143149
2021-22,13,105,A Barnes,FWD,BUR,5.3,0.0
2021-22,13,550,S Greenwood,FWD,LEE,4.5,0.087455591
2021-22,13,530,Balogun,FWD,ARS,4.8,0.088480953
2021-22,13,595,Locadia,FWD,BHA,4.4,0.088018105
2021-22,13,577,Gelhardt,FWD,LEE,4.5,0.265141695
2021-22,13,72,Connolly,FWD,BHA,5.3,0.310894054
2021-22,13,300,Gayle,FWD,NEW,5.3,0.044634887
2021-22,13,472,Cucho,FWD,WAT,5.0,1.633266681
2021-22,13,607,Dobbin,FWD,EVE,4.5,0.222541354
2021-22,13,88,Forss,FWD,BRE,5.3,0.812179223
2021-22,13,568,Archer,FWD,AVL,4.5,0.146218343
2021-22,13,310,Joelinton,FWD,NEW,5.8,1.21563947
2021-22,13,518,Broja,FWD,SOU,5.0,1.257812937
2021-22,13,104,Jay Rodriguez,FWD,BUR,5.3,1.734948863
2021-22,13,445,F Silva,FWD,WOL,5.7,0.717645581
2021-22,13,329,Idah,FWD,NOR,4.9,0.681171552
2021-22,14,257,Ederson,GK,MCI,6.0,4.113302965
2021-22,14,231,Alisson,GK,LIV,6.0,3.915468919
2021-22,14,143,E Mendy,GK,CHE,6.3,4.063926363
2021-22,14,353,Lloris,GK,TOT,5.4,4.335694649
2021-22,14,559,Ramsdale,GK,ARS,4.8,3.126557678
2021-22,14,30,Martinez,GK,AVL,5.5,3.45608857
2021-22,14,270,de Gea,GK,MUN,5.0,3.32126361
2021-22,14,112,Pope,GK,BUR,5.4,3.563369623
2021-22,14,408,Fabianski,GK,WHU,5.0,3.906699027
2021-22,14,69,R Sanchez,GK,BHA,4.6,3.359721184
2021-22,14,199,Meslier,GK,LEE,4.9,3.969586262
2021-22,14,146,Guaita,GK,CRY,4.6,3.265410536
2021-22,14,334,McCarthy,GK,SOU,4.6,3.192713368
2021-22,14,295,Dubravka,GK,NEW,4.4,3.688887002
2021-22,14,475,Sa,GK,WOL,5.0,3.625326207
2021-22,14,170,Pickford,GK,EVE,5.0,2.712913773
2021-22,14,200,Schmeichel,GK,LEI,5.0,3.058757266
2021-22,14,556,A Fernandez,GK,BRE,4.5,2.599584724
2021-22,14,314,Krul,GK,NOR,4.5,2.735675753
2021-22,14,376,Foster,GK,WAT,4.1,0.397193575
2021-22,14,280,D Henderson,GK,MUN,4.8,0.276164727
2021-22,14,129,Kepa,GK,CHE,4.8,0.244537658
2021-22,14,489,Areola,GK,WHU,4.7,0.260827842
2021-22,14,294,Darlow,GK,NEW,4.5,0.354812077
2021-22,14,1,Leno,GK,ARS,4.6,0.13368184
2021-22,14,389,Bachmann,GK,WAT,4.2,1.851583071
2021-22,14,156,Butland,GK,CRY,4.4,0.12437055
2021-22,14,480,Hennessey,GK,BUR,4.5,0.1817603
2021-22,14,242,Kelleher,GK,LIV,4.4,0.088988563
2021-22,14,260,Steffen,GK,MCI,4.5,0.078928248
2021-22,14,333,Forster,GK,SOU,4.4,0.106461573
2021-22,14,486,Gollini,GK,TOT,4.3,0.078752555
2021-22,14,448,Gunn,GK,NOR,4.0,0.19780568
2021-22,14,452,Ruddy,GK,WOL,4.4,0.079076705
2021-22,14,513,Woodman,GK,NEW,4.4,0.071733851
2021-22,14,490,Klaesson,GK,LEE,4.4,0.076549273
2021-22,14,28,Steer,GK,AVL,4.0,0.054928051
2021-22,14,476,Scherpen,GK,BHA,4.5,0.035647373
2021-22,14,204,D Ward,GK,LEI,4.0,0.058384859
2021-22,14,54,Steele,GK,BHA,4.0,0.034237305
2021-22,14,619,Cox,GK,BRE,4.0,0.052469002
2021-22,14,481,Begovic,GK,EVE,4.0,0.042203176
2021-22,14,593,Carson,GK,MCI,3.9,0.008539984
2021-22,14,606,Bettinelli,GK,CHE,4.0,0.008514782
2021-22,14,509,Heaton,GK,MUN,4.0,0.00737106
2021-22,14,407,Randolph,GK,WHU,4.4,0.007426714
2021-22,14,561,Matthews,GK,CRY,4.0,0.006896749
2021-22,14,514,Gillespie,GK,NEW,4.0,0.008177116
2021-22,14,114,Norris,GK,BUR,4.4,0.006941083
2021-22,14,596,Sinisalo,GK,AVL,4.0,0.005737758
2021-22,14,573,Jakupovic,GK,LEI,4.0,0.006305772
2021-22,14,572,Okonkwo,GK,ARS,4.0,0.002702609
2021-22,14,532,Hein,GK,ARS,4.0,0.002692755
2021-22,14,571,Lonergan,GK,EVE,4.0,0.005028028
2021-22,14,223,Adrian,GK,LIV,4.3,0.000783188
2021-22,14,615,Slicker,GK,MCI,4.0,0.000761275
2021-22,14,313,McGovern,GK,NOR,4.0,0.006010263
2021-22,14,616,Tyrer,GK,EVE,4.0,0.000476439
2021-22,14,80,Raya,GK,BRE,4.5,0.0
2021-22,14,574,Elliot,GK,WAT,4.0,0.02391001
2021-22,14,621,Storer,GK,WOL,4.0,0.004346982
2021-22,14,611,Moulden,GK,WOL,4.0,0.00434703
2021-22,14,122,Alonso,DEF,CHE,5.6,5.091461411
2021-22,14,237,Trent,DEF,LIV,7.8,4.51906866
2021-22,14,256,Cancelo,DEF,MCI,6.6,4.554309059
2021-22,14,234,Robertson,DEF,LIV,7.0,4.071232659
2021-22,14,262,Dias,DEF,MCI,6.0,4.202792326
2021-22,14,229,van Dijk,DEF,LIV,6.7,3.752258123
2021-22,14,249,Walker,DEF,MCI,5.5,3.483010956
2021-22,14,142,R James,DEF,CHE,6.1,4.059181332
2021-22,14,127,Rudiger,DEF,CHE,5.9,3.956685774
2021-22,14,288,Wan-Bissaka,DEF,MUN,5.2,3.527975931
2021-22,14,273,Maguire,DEF,MUN,5.4,3.416782902
2021-22,14,252,Stones,DEF,MCI,5.3,4.184479328
2021-22,14,59,Dunk,DEF,BHA,5.0,3.210055053
2021-22,14,370,Reguilon,DEF,TOT,5.1,4.522269345
2021-22,14,411,A Cresswell,DEF,WHU,5.5,3.520041277
2021-22,14,275,Shaw,DEF,MUN,5.2,3.130579529
2021-22,14,128,Zouma,DEF,WHU,5.4,3.885637137
2021-22,14,414,Dawson,DEF,WHU,4.9,3.664984552
2021-22,14,584,Cucurella,DEF,BHA,5.0,2.88730661
2021-22,14,259,Laporte,DEF,MCI,5.5,0.0
2021-22,14,588,Emerson R,DEF,TOT,4.9,3.909410543
2021-22,14,119,Azpilicueta,DEF,CHE,5.8,2.600458369
2021-22,14,437,Semedo,DEF,WOL,4.9,4.13566822
2021-22,14,168,Digne,DEF,EVE,5.1,2.382272431
2021-22,14,361,Dier,DEF,TOT,4.5,4.001135448
2021-22,14,224,Matip,DEF,LIV,5.0,2.378665963
2021-22,14,61,Webster,DEF,BHA,4.4,2.632739337
2021-22,14,284,Lindelof,DEF,MUN,4.8,3.19735618
2021-22,14,431,Saiss,DEF,WOL,5.0,4.130453185
2021-22,14,133,Christensen,DEF,CHE,4.9,2.408521764
2021-22,14,527,T Chalobah,DEF,CHE,4.8,2.175360557
2021-22,14,121,T Silva,DEF,CHE,5.5,2.269934783
2021-22,14,23,Gabriel,DEF,ARS,5.1,2.152794608
2021-22,14,209,Castagne,DEF,LEI,5.3,2.971791984
2021-22,14,201,Evans,DEF,LEI,5.4,2.924509651
2021-22,14,343,Bednarek,DEF,SOU,4.4,2.83523249
2021-22,14,106,Mee,DEF,BUR,4.9,2.999726371
2021-22,14,98,Tarkowski,DEF,BUR,4.9,0.0
2021-22,14,67,B White,DEF,ARS,4.4,2.104256696
2021-22,14,364,Ben T Davies,DEF,TOT,4.4,3.663453585
2021-22,14,16,Tierney,DEF,ARS,4.8,1.826007739
2021-22,14,590,Tomiyasu,DEF,ARS,4.6,2.050849185
2021-22,14,162,Mitchell,DEF,CRY,4.5,2.651910708
2021-22,14,491,Livramento,DEF,SOU,4.6,2.741617773
2021-22,14,91,Pinnock,DEF,BRE,4.6,2.307233614
2021-22,14,62,Veltman,DEF,BHA,4.3,2.246704363
2021-22,14,264,Zinchenko,DEF,MCI,5.3,1.297554744
2021-22,14,217,Soyuncu,DEF,LEI,4.9,2.74555888
2021-22,14,425,Johnson,DEF,WHU,4.0,2.687092481
2021-22,14,429,Coady,DEF,WOL,4.5,3.516507195
2021-22,14,477,Guehi,DEF,CRY,4.5,2.594297584
2021-22,14,71,Lamptey,DEF,BHA,4.4,2.298532504
2021-22,14,45,Konsa,DEF,AVL,4.9,2.006422191
2021-22,14,169,Keane,DEF,EVE,5.0,1.972825576
2021-22,14,113,Taylor,DEF,BUR,4.4,2.74587209
2021-22,14,39,Targett,DEF,AVL,4.7,2.053253855
2021-22,14,293,Clark,DEF,NEW,4.4,3.728472746
2021-22,14,243,Konate,DEF,LIV,5.1,1.825004932
2021-22,14,147,Tomkins,DEF,CRY,4.3,2.715343007
2021-22,14,292,Ritchie,DEF,NEW,4.9,0.0
2021-22,14,76,Jansson,DEF,BRE,4.7,2.130340093
2021-22,14,279,Telles,DEF,MUN,5.0,0.997196101
2021-22,14,83,Henry,DEF,BRE,4.5,1.913831643
2021-22,14,342,Walker-Peters,DEF,SOU,4.8,1.824712313
2021-22,14,463,Firpo,DEF,LEE,4.7,3.372351732
2021-22,14,150,Kouyate,DEF,CRY,4.5,2.426579443
2021-22,14,460,Perraud,DEF,SOU,4.9,1.635558704
2021-22,14,439,Kilman,DEF,WOL,4.5,3.345832796
2021-22,14,44,Cash,DEF,AVL,5.1,2.018974387
2021-22,14,38,Mings,DEF,AVL,4.9,1.982953326
2021-22,14,555,Varane,DEF,MUN,5.5,0.168247841
2021-22,14,175,Mina,DEF,EVE,4.9,0.61001247
2021-22,14,470,Ait-Nouri,DEF,WOL,4.3,2.325993907
2021-22,14,418,Coufal,DEF,WHU,4.7,1.482472811
2021-22,14,594,Zanka,DEF,BRE,4.5,2.001614629
2021-22,14,474,J Ward,DEF,CRY,4.5,2.288156263
2021-22,14,367,D Sanchez,DEF,TOT,4.5,1.958374951
2021-22,14,208,Amartey,DEF,LEI,3.9,1.977037806
2021-22,14,465,F Fernandez,DEF,NEW,4.3,3.110121133
2021-22,14,110,Lowton,DEF,BUR,4.4,1.62572727
2021-22,14,58,Burn,DEF,BHA,4.4,0.890287621
2021-22,14,351,Salisu,DEF,SOU,4.5,1.772624105
2021-22,14,198,Struijk,DEF,LEE,4.4,2.761801454
2021-22,14,179,Godfrey,DEF,EVE,4.8,1.741603091
2021-22,14,326,Aarons,DEF,NOR,4.3,2.646671851
2021-22,14,494,Romero,DEF,TOT,4.9,0.0
2021-22,14,585,C Roberts,DEF,BUR,4.5,1.015528456
2021-22,14,190,Llorente,DEF,LEE,4.5,2.990998402
2021-22,14,305,Schar,DEF,NEW,4.3,2.663074104
2021-22,14,319,Hanley,DEF,NOR,4.4,2.621906291
2021-22,14,258,Ake,DEF,MCI,4.8,0.945193836
2021-22,14,338,J Stephens,DEF,SOU,4.4,0.575566095
2021-22,14,428,Boly,DEF,WOL,4.9,0.372546711
2021-22,14,299,Lascelles,DEF,NEW,4.4,0.0
2021-22,14,371,Tanganga,DEF,TOT,4.3,1.547751426
2021-22,14,56,Duffy,DEF,BHA,4.3,0.902119877
2021-22,14,302,Manquillo,DEF,NEW,4.0,2.718159446
2021-22,14,311,Lewis,DEF,NEW,4.3,3.035253974
2021-22,14,36,Hause,DEF,AVL,4.4,0.58874287
2021-22,14,184,Cooper,DEF,LEE,4.5,2.707858195
2021-22,14,165,Coleman,DEF,EVE,4.9,1.781943592
2021-22,14,432,Marcal,DEF,WOL,4.4,1.808596186
2021-22,14,451,Collins,DEF,BUR,4.3,2.64445303
2021-22,14,207,R Pereira,DEF,LEI,5.3,0.110126262
2021-22,14,488,Andersen,DEF,CRY,4.5,0.0
2021-22,14,286,Bailly,DEF,MUN,4.9,0.670944993
2021-22,14,473,Bertrand,DEF,LEI,4.6,0.885444236
2021-22,14,580,Kabak,DEF,NOR,4.5,2.444227193
2021-22,14,567,Lyanco,DEF,SOU,4.5,1.112907255
2021-22,14,340,Vestergaard,DEF,LEI,4.8,0.741444438
2021-22,14,245,Tsimikas,DEF,LIV,3.9,0.482705377
2021-22,14,417,Masuaku,DEF,WHU,4.4,1.262676162
2021-22,14,396,Sierralta,DEF,WAT,4.3,0.301928082
2021-22,14,466,Tavares,DEF,ARS,4.3,0.534323046
2021-22,14,374,Rodon,DEF,TOT,4.3,0.579283466
2021-22,14,238,Gomez,DEF,LIV,4.7,0.0
2021-22,14,218,Justin,DEF,LEI,4.9,0.231530745
2021-22,14,283,Tuanzebe,DEF,AVL,4.5,0.735486715
2021-22,14,100,Pieters,DEF,BUR,4.3,0.508255304
2021-22,14,360,Doherty,DEF,TOT,4.7,0.915841177
2021-22,14,390,Masina,DEF,WAT,4.3,1.237673933
2021-22,14,387,Troost-Ekong,DEF,WAT,4.4,1.823183868
2021-22,14,424,Diop,DEF,WHU,4.3,0.41486365
2021-22,14,219,L Thomas,DEF,LEI,4.3,0.651812425
2021-22,14,456,Gibson,DEF,NOR,4.4,0.841169106
2021-22,14,14,Holding,DEF,ARS,4.2,0.22821132
2021-22,14,510,Dalot,DEF,MUN,4.4,0.282549167
2021-22,14,303,Krafth,DEF,NEW,4.3,0.757240476
2021-22,14,493,Clyne,DEF,CRY,4.3,0.396069995
2021-22,14,10,Chambers,DEF,ARS,4.2,0.115149492
2021-22,14,178,Holgate,DEF,EVE,4.2,0.0
2021-22,14,87,Goode,DEF,BRE,3.9,0.240199124
2021-22,14,368,Sessegnon,DEF,TOT,4.3,0.24900907
2021-22,14,8,Mari,DEF,ARS,4.2,0.110984392
2021-22,14,301,Dummett,DEF,NEW,4.5,0.087700635
2021-22,14,158,Jach,DEF,CRY,4.3,0.254676898
2021-22,14,246,N Williams,DEF,LIV,3.9,0.112362869
2021-22,14,103,K Long,DEF,BUR,4.0,0.577030401
2021-22,14,290,B Williams,DEF,NOR,3.9,2.277674062
2021-22,14,5,Cedric,DEF,ARS,4.2,0.102261861
2021-22,14,501,M Sarr,DEF,CHE,4.9,0.084010221
2021-22,14,384,Kabasele,DEF,WAT,4.3,0.097749018
2021-22,14,185,Ayling,DEF,LEE,4.3,0.166857738
2021-22,14,161,Ferguson,DEF,CRY,4.5,0.100630147
2021-22,14,483,Ajer,DEF,BRE,4.5,0.0
2021-22,14,632,P Jones,DEF,MUN,4.5,0.033830139
2021-22,14,99,Bardsley,DEF,BUR,3.9,0.064226525
2021-22,14,11,Kolasinac,DEF,ARS,4.3,0.0
2021-22,14,135,Chilwell,DEF,CHE,6.0,0.0
2021-22,14,241,N Phillips,DEF,LIV,4.2,0.015741849
2021-22,14,498,Thompson,DEF,BRE,4.4,0.048995862
2021-22,14,563,C Cresswell,DEF,LEE,4.0,0.012170724
2021-22,14,560,H Roberts,DEF,BHA,4.0,0.011483919
2021-22,14,89,Roerslev,DEF,BRE,4.3,0.476112526
2021-22,14,151,Kelly,DEF,CRY,3.9,0.026754202
2021-22,14,52,Young,DEF,AVL,4.7,0.309615048
2021-22,14,90,M Sorensen,DEF,BRE,4.3,0.039769514
2021-22,14,321,Byram,DEF,NOR,4.4,0.120553188
2021-22,14,554,J Baptiste,DEF,WHU,4.0,0.00659144
2021-22,14,565,Dodgson,DEF,BUR,3.9,0.002845031
2021-22,14,446,Mosquera,DEF,WOL,4.5,0.0
2021-22,14,433,Jonny,DEF,WOL,4.5,0.0
2021-22,14,409,Ogbonna,DEF,WHU,5.0,0.0
2021-22,14,534,B Thomas,DEF,BUR,4.0,0.002633882
2021-22,14,569,Stevens,DEF,BRE,4.0,0.0087637
2021-22,14,546,Valery,DEF,SOU,4.0,0.004906444
2021-22,14,598,Omole,DEF,TOT,4.0,0.005815645
2021-22,14,627,Beck,DEF,LIV,4.0,0.002118316
2021-22,14,604,Wilson-Esbrand,DEF,MCI,4.0,0.004597166
2021-22,14,603,Mbete,DEF,MCI,4.0,0.004565441
2021-22,14,540,Hannam,DEF,CRY,4.0,0.004451964
2021-22,14,626,Bradley,DEF,LIV,4.0,0.004297386
2021-22,14,617,Ashby,DEF,WHU,4.0,0.004544122
2021-22,14,562,Drameh,DEF,LEE,4.0,0.012507765
2021-22,14,515,Mumba,DEF,NOR,4.0,0.004252714
2021-22,14,623,Welch,DEF,EVE,4.0,0.003054699
2021-22,14,608,Hjelde,DEF,LEE,4.0,0.004067266
2021-22,14,633,Morris,DEF,WAT,4.0,0.003076666
2021-22,14,327,J Sorensen,DEF,NOR,4.3,0.116714583
2021-22,14,415,Fredericks,DEF,WHU,4.4,0.111678109
2021-22,14,610,Bogarde,DEF,AVL,4.0,0.019060654
2021-22,14,331,Omobamidele,DEF,NOR,3.9,0.300920599
2021-22,14,443,Hoever,DEF,WOL,3.9,0.389782089
2021-22,14,324,Zimmermann,DEF,NOR,4.4,0.027355305
2021-22,14,220,Fofana,DEF,LEI,4.3,0.0
2021-22,14,502,Kenny,DEF,EVE,4.4,0.191606937
2021-22,14,544,Branthwaite,DEF,EVE,4.0,0.188443651
2021-22,14,379,Cathcart,DEF,WAT,4.4,1.51380415
2021-22,14,377,Rose,DEF,WAT,4.2,0.826001011
2021-22,14,457,Giannoulis,DEF,NOR,4.4,0.261150022
2021-22,14,618,Nkoulou,DEF,WAT,4.5,0.04068243
2021-22,14,382,Femenia,DEF,WAT,4.3,1.671224432
2021-22,14,194,Koch,DEF,LEE,4.3,0.050277059
2021-22,14,400,Ngakia,DEF,WAT,4.3,0.744839516
2021-22,14,233,Salah,MID,LIV,13.0,5.738185002
2021-22,14,277,Fernandes,MID,MUN,11.7,5.361377487
2021-22,14,359,Son,MID,TOT,10.4,6.083019845
2021-22,14,230,Mane,MID,LIV,12.0,4.699408065
2021-22,14,240,Jota,MID,LIV,7.6,4.392405603
2021-22,14,265,Foden,MID,MCI,8.3,3.060750493
2021-22,14,281,Rashford,MID,MUN,9.4,3.623276046
2021-22,14,154,Zaha,MID,CRY,7.0,3.874332885
2021-22,14,251,De Bruyne,MID,MCI,11.8,1.637283244
2021-22,14,196,Raphinha,MID,LEE,6.7,4.265116263
2021-22,14,422,Soucek,MID,WHU,5.7,3.639047394
2021-22,14,485,Sancho,MID,MUN,8.9,3.584023714
2021-22,14,64,Trossard,MID,BHA,6.5,3.543575527
2021-22,14,420,Bowen,MID,WHU,6.4,3.646660746
2021-22,14,254,Mahrez,MID,MCI,8.6,3.621627275
2021-22,14,255,Sterling,MID,MCI,10.6,3.623871738
2021-22,14,419,Benrahma,MID,WHU,6.3,3.589273511
2021-22,14,138,Mount,MID,CHE,7.5,3.528893618
2021-22,14,341,Ward-Prowse,MID,SOU,6.3,3.595503752
2021-22,14,250,Gundogan,MID,MCI,7.2,3.410682358
2021-22,14,261,B Silva,MID,MCI,7.2,3.366739491
2021-22,14,96,Mbeumo,MID,BRE,5.6,2.996184206
2021-22,14,55,Gross,MID,BHA,5.9,3.164092184
2021-22,14,212,Maddison,MID,LEI,6.6,3.293470786
2021-22,14,33,Grealish,MID,MCI,7.7,1.915094246
2021-22,14,423,Fornals,MID,WHU,6.0,3.167598066
2021-22,14,215,H Barnes,MID,LEI,6.5,2.880464236
2021-22,14,267,Harrison,MID,LEE,5.6,3.636312939
2021-22,14,118,McNeil,MID,BUR,5.8,2.987223457
2021-22,14,188,Dallas,MID,LEE,5.1,3.446774949
2021-22,14,22,Saka,MID,ARS,6.3,2.615274033
2021-22,14,291,Shelvey,MID,NEW,5.3,3.426856365
2021-22,14,19,Willock,MID,NEW,5.8,3.375560972
2021-22,14,266,Rodri,MID,MCI,5.5,2.803841521
2021-22,14,43,Buendia,MID,AVL,6.2,2.342722906
2021-22,14,17,Pepe,MID,ARS,6.9,2.058072844
2021-22,14,289,M Greenwood,MID,MUN,7.4,2.407578967
2021-22,14,484,D Gray,MID,EVE,5.7,2.334856474
2021-22,14,141,Havertz,MID,CHE,8.1,3.159984795
2021-22,14,285,McTominay,MID,MUN,5.4,2.705403108
2021-22,14,173,Doucoure,MID,EVE,5.4,2.382612758
2021-22,14,107,Westwood,MID,BUR,5.3,0.0
2021-22,14,81,Canos,MID,BRE,5.5,2.389563644
2021-22,14,308,Almiron,MID,NEW,5.2,3.115659366
2021-22,14,123,Jorginho,MID,CHE,5.8,3.172583364
2021-22,14,461,Trincao,MID,WOL,5.7,3.426257751
2021-22,14,53,Lallana,MID,BHA,5.4,2.599471751
2021-22,14,578,Cornet,MID,BUR,6.1,2.749906365
2021-22,14,421,Rice,MID,WHU,5.0,2.863006438
2021-22,14,492,Bailey,MID,AVL,6.4,2.199860394
2021-22,14,517,Elyounoussi,MID,SOU,5.5,2.568012215
2021-22,14,482,Townsend,MID,EVE,5.6,2.715896707
2021-22,14,222,J Henderson,MID,LIV,5.0,2.561751436
2021-22,14,152,Milivojevic,MID,CRY,5.4,2.686254993
2021-22,14,449,Rashica,MID,NOR,5.2,2.694642904
2021-22,14,21,Smith Rowe,MID,ARS,5.9,2.359829126
2021-22,14,144,Gallagher,MID,CRY,6.0,2.621837306
2021-22,14,365,Hojbjerg,MID,TOT,4.9,2.962388756
2021-22,14,274,Fred,MID,MUN,4.9,2.106767684
2021-22,14,426,Moutinho,MID,WOL,5.0,3.065643623
2021-22,14,362,Lucas Moura,MID,TOT,6.4,2.816781287
2021-22,14,216,Ndidi,MID,LEI,4.8,2.570116573
2021-22,14,35,McGinn,MID,AVL,5.8,2.350217853
2021-22,14,160,Eze,MID,CRY,5.9,1.775403154
2021-22,14,225,Thiago,MID,LIV,5.3,2.449361296
2021-22,14,336,Redmond,MID,SOU,5.9,2.37450319
2021-22,14,115,Brownhill,MID,BUR,4.4,2.558075125
2021-22,14,42,El Ghazi,MID,AVL,5.6,1.455599773
2021-22,14,232,Fabinho,MID,LIV,5.4,2.290113879
2021-22,14,471,Lees-Melou,MID,NOR,4.8,2.011533498
2021-22,14,77,Norgaard,MID,BRE,5.0,2.061147342
2021-22,14,495,Kucka,MID,WAT,5.5,2.230984018
2021-22,14,436,Neves,MID,WOL,5.3,0.0
2021-22,14,70,Bissouma,MID,BHA,4.4,2.237830318
2021-22,14,335,Romeu,MID,SOU,4.5,2.403487518
2021-22,14,325,Cantwell,MID,NOR,5.3,2.121867174
2021-22,14,304,Murphy,MID,NEW,4.9,2.457676607
2021-22,14,558,Odegaard,MID,ARS,5.4,2.022197988
2021-22,14,171,Allan,MID,EVE,4.5,2.212140856
2021-22,14,339,S Armstrong,MID,SOU,5.8,0.390456787
2021-22,14,287,D James,MID,LEE,6.0,2.554655071
2021-22,14,137,Pulisic,MID,CHE,7.9,1.748295913
2021-22,14,191,K Phillips,MID,LEE,4.8,2.44789926
2021-22,14,84,Janelt,MID,BRE,5.0,2.057840343
2021-22,14,50,Douglas Luiz,MID,AVL,4.5,1.975867832
2021-22,14,587,Lookman,MID,LEI,6.0,1.726322267
2021-22,14,381,Cleverley,MID,WAT,4.8,2.058123015
2021-22,14,318,McLean,MID,NOR,4.9,2.239813665
2021-22,14,174,Iwobi,MID,EVE,5.8,2.125893821
2021-22,14,15,Partey,MID,ARS,5.0,1.963332796
2021-22,14,125,Kovacic,MID,CHE,5.1,0.970664062
2021-22,14,354,Sissoko,MID,WAT,4.5,2.147832473
2021-22,14,239,Keita,MID,LIV,5.0,1.384967015
2021-22,14,363,Alli,MID,TOT,6.3,1.300350589
2021-22,14,478,Lokonga,MID,ARS,4.8,1.931191296
2021-22,14,210,Tielemans,MID,LEI,6.4,0.0
2021-22,14,306,Hayden,MID,NEW,4.5,2.337673002
2021-22,14,372,Lo Celso,MID,TOT,5.9,1.696516551
2021-22,14,375,Ndombele,MID,TOT,5.8,1.733958296
2021-22,14,130,Kante,MID,CHE,4.9,0.484271778
2021-22,14,145,Gilmour,MID,NOR,4.4,2.02711055
2021-22,14,60,March,MID,BHA,5.3,1.630575868
2021-22,14,435,A Traore,MID,WOL,5.8,2.432193948
2021-22,14,434,Dendoncker,MID,WOL,4.8,3.003778041
2021-22,14,186,Klich,MID,LEE,5.4,1.856057337
2021-22,14,592,Saul,MID,CHE,5.0,1.287462086
2021-22,14,101,Cork,MID,BUR,4.5,1.26238735
2021-22,14,131,Ziyech,MID,CHE,7.3,0.788301768
2021-22,14,317,Rupp,MID,NOR,4.4,1.446810007
2021-22,14,524,Wissa,MID,BRE,5.9,0.389539361
2021-22,14,458,Soumare,MID,LEI,4.8,1.840624961
2021-22,14,202,Albrighton,MID,LEI,5.2,1.283897944
2021-22,14,140,Hudson-Odoi,MID,CHE,5.3,0.806331336
2021-22,14,82,Dasilva,MID,BRE,5.3,0.657548708
2021-22,14,369,Bergwijn,MID,TOT,5.9,1.551040079
2021-22,14,132,Loftus-Cheek,MID,CHE,5.4,1.834632189
2021-22,14,86,Jensen,MID,BRE,4.9,1.249760368
2021-22,14,557,Tufan,MID,WAT,5.0,1.192374807
2021-22,14,373,Skipp,MID,TOT,4.5,1.779914902
2021-22,14,552,Forshaw,MID,LEE,4.5,1.429165028
2021-22,14,197,Shackleton,MID,LEE,4.5,1.585120047
2021-22,14,507,Palmer,MID,MCI,4.5,0.363569404
2021-22,14,399,I Sarr,MID,WAT,6.0,0.0
2021-22,14,74,Mac Allister,MID,BHA,5.4,1.495108499
2021-22,14,211,Perez,MID,LEI,5.7,0.441148086
2021-22,14,582,Vlasic,MID,WHU,5.7,1.283765763
2021-22,14,148,McArthur,MID,CRY,4.5,0.0
2021-22,14,12,Elneny,MID,ARS,4.4,0.289205214
2021-22,14,581,Normann,MID,NOR,4.5,0.0
2021-22,14,282,van de Beek,MID,MUN,5.7,0.892994401
2021-22,14,268,Torres,MID,MCI,6.7,0.0
2021-22,14,459,Mata,MID,MUN,4.8,0.027741934
2021-22,14,203,N Mendy,MID,LEI,4.4,0.0
2021-22,14,467,Etebo,MID,WAT,4.4,0.0
2021-22,14,405,Baah,MID,WAT,4.4,0.0
2021-22,14,506,Elliott,MID,LIV,5.3,0.0
2021-22,14,37,Trezeguet,MID,AVL,5.4,0.0
2021-22,14,32,B Traore,MID,AVL,5.7,0.0
2021-22,14,441,Neto,MID,WOL,6.4,0.0
2021-22,14,272,Pogba,MID,MUN,7.4,0.0
2021-22,14,629,McAtee,MID,MCI,4.5,0.002229383
2021-22,14,512,Elanga,MID,MUN,4.8,0.004665339
2021-22,14,597,Markanday,MID,TOT,4.5,0.00494899
2021-22,14,543,Banks,MID,CRY,4.5,0.004466823
2021-22,14,628,Haygarth,MID,BRE,4.5,0.001736012
2021-22,14,631,Jenkins,MID,LEE,4.5,0.00186145
2021-22,14,630,Onyango,MID,EVE,4.5,0.001708007
2021-22,14,609,Anderson,MID,NEW,4.5,0.004547203
2021-22,14,508,Edozie,MID,MCI,4.8,0.004059481
2021-22,14,625,K Gordon,MID,LIV,4.5,0.004064324
2021-22,14,613,Whitaker,MID,EVE,4.5,0.003957521
2021-22,14,605,Lavia,MID,MCI,4.5,0.003714342
2021-22,14,620,Morton,MID,LIV,4.5,0.003726159
2021-22,14,612,Sarmiento,MID,BHA,4.5,0.003706027
2021-22,14,537,Richards,MID,BHA,4.5,0.024034645
2021-22,14,601,McKinstry,MID,LEE,4.4,0.003839239
2021-22,14,614,Maghoma,MID,BRE,4.5,0.003535414
2021-22,14,624,Bate,MID,LEE,4.5,0.003631978
2021-22,14,551,Summerville,MID,LEE,4.5,0.026691661
2021-22,14,600,Kenneh,MID,LEE,4.4,0.003545756
2021-22,14,599,J White,MID,NEW,4.4,0.003546812
2021-22,14,547,Cundle,MID,WOL,4.5,0.25662154
2021-22,14,85,Ghoddos,MID,BRE,5.3,0.836805767
2021-22,14,576,McCarron,MID,LEE,4.5,0.022949442
2021-22,14,93,Zamburek,MID,BRE,4.4,0.020226522
2021-22,14,541,Rak-Sakyi,MID,CRY,4.5,0.010312752
2021-22,14,26,Martinelli,MID,ARS,5.2,0.570141962
2021-22,14,548,Campbell,MID,WOL,4.5,0.242766318
2021-22,14,236,Minamino,MID,LIV,5.1,0.843457917
2021-22,14,496,A Ramsey,MID,AVL,4.5,0.017726801
2021-22,14,386,Hughes,MID,CRY,4.7,0.045095197
2021-22,14,124,Barkley,MID,CHE,5.2,0.209125877
2021-22,14,505,Dewsbury-Hall,MID,LEI,4.5,0.042241642
2021-22,14,332,Walcott,MID,SOU,5.8,0.742653341
2021-22,14,79,Fosu,MID,BRE,5.1,0.039435393
2021-22,14,328,Placheta,MID,NOR,4.7,0.307861653
2021-22,14,7,Xhaka,MID,ARS,4.8,0.0
2021-22,14,479,Onyeka,MID,BRE,4.9,1.718045773
2021-22,14,346,Tella,MID,SOU,4.7,0.912489463
2021-22,14,347,Smallbone,MID,SOU,4.5,0.089135737
2021-22,14,73,Alzate,MID,BHA,4.8,0.060427888
2021-22,14,75,Moder,MID,BHA,4.5,0.954168589
2021-22,14,497,Philogene-Bidace,MID,AVL,5.0,0.077876269
2021-22,14,526,Chukwuemeka,MID,AVL,4.5,0.079528621
2021-22,14,438,Podence,MID,WOL,5.5,0.0
2021-22,14,244,C Jones,MID,LIV,5.0,0.181138387
2021-22,14,462,Mwepu,MID,BHA,5.9,0.569770767
2021-22,14,227,Chamberlain,MID,LIV,5.8,0.754133148
2021-22,14,589,Kral,MID,WHU,4.4,0.273567324
2021-22,14,34,Sanson,MID,AVL,5.0,0.440956947
2021-22,14,416,Lanzini,MID,WHU,5.8,1.073504994
2021-22,14,406,Noble,MID,WHU,4.4,0.469122278
2021-22,14,487,Bryan Gil,MID,TOT,5.7,0.427267005
2021-22,14,297,Hendrick,MID,NEW,4.8,0.242823708
2021-22,14,193,T Roberts,MID,LEE,4.8,1.590603329
2021-22,14,323,Dowell,MID,NOR,5.2,0.591467972
2021-22,14,403,Louza,MID,WAT,5.2,0.774413559
2021-22,14,102,D Stephens,MID,BUR,4.5,0.436047269
2021-22,14,366,Winks,MID,TOT,4.4,0.166876394
2021-22,14,157,Riedewald,MID,CRY,4.8,0.260614265
2021-22,14,453,Fernandinho,MID,MCI,4.8,1.052017545
2021-22,14,214,Choudhury,MID,LEI,4.4,0.351441351
2021-22,14,276,Lingard,MID,MUN,6.8,0.729454815
2021-22,14,350,Djenepo,MID,SOU,5.3,0.687141384
2021-22,14,378,Gosling,MID,WAT,4.8,0.341788042
2021-22,14,97,Bidstrup,MID,BRE,4.4,0.236163147
2021-22,14,391,Sema,MID,WAT,5.2,0.0
2021-22,14,309,S Longstaff,MID,NEW,4.5,0.623913472
2021-22,14,51,J Ramsey,MID,AVL,4.5,1.233106353
2021-22,14,13,Maitland-Niles,MID,ARS,5.3,1.279747008
2021-22,14,575,Lennon,MID,BUR,4.9,1.586323977
2021-22,14,298,Fraser,MID,NEW,5.3,1.341250926
2021-22,14,528,Tzolis,MID,NOR,4.8,0.655099386
2021-22,14,176,T Davies,MID,EVE,4.9,0.151640029
2021-22,14,155,Schlupp,MID,CRY,5.4,0.98243106
2021-22,14,172,Gomes,MID,EVE,4.9,0.233382375
2021-22,14,221,Milner,MID,LIV,4.9,0.702519591
2021-22,14,271,Matic,MID,MUN,4.5,0.978620355
2021-22,14,504,Gbamin,MID,EVE,4.5,1.081406472
2021-22,14,503,A Gordon,MID,EVE,4.5,0.884223163
2021-22,14,464,Olise,MID,CRY,5.4,1.324100298
2021-22,14,108,Gudmundsson,MID,BUR,5.4,1.890911914
2021-22,14,163,Delph,MID,EVE,4.4,0.698703912
2021-22,14,499,S Baptiste,MID,BRE,4.9,1.052790571
2021-22,14,41,Nakamba,MID,AVL,4.5,0.520415271
2021-22,14,349,I Diallo,MID,SOU,4.5,1.003230533
2021-22,14,412,Yarmolenko,MID,WHU,5.1,1.488983302
2021-22,14,357,Kane,FWD,TOT,12.2,6.680846728
2021-22,14,413,Antonio,FWD,WHU,8.1,4.292726538
2021-22,14,579,Ronaldo,FWD,MUN,12.4,4.322875809
2021-22,14,529,Lukaku,FWD,CHE,11.5,3.043492651
2021-22,14,4,Aubameyang,FWD,ARS,9.9,3.508580904
2021-22,14,205,Vardy,FWD,LEI,10.6,3.06935652
2021-22,14,109,Wood,FWD,BUR,6.7,3.992221136
2021-22,14,430,Jimenez,FWD,WOL,7.8,4.746373977
2021-22,14,263,Jesus,FWD,MCI,8.7,3.678533701
2021-22,14,78,Toney,FWD,BRE,6.7,3.257412631
2021-22,14,180,Richarlison,FWD,EVE,7.4,3.628207347
2021-22,14,296,Wilson,FWD,NEW,7.4,4.717661693
2021-22,14,315,Pukki,FWD,NOR,5.8,3.56668285
2021-22,14,40,Watkins,FWD,AVL,7.3,2.818828161
2021-22,14,337,Ings,FWD,AVL,7.7,2.724256785
2021-22,14,187,Rodrigo,FWD,LEE,6.3,4.050624597
2021-22,14,213,Iheanacho,FWD,LEI,7.0,3.455360827
2021-22,14,307,Saint-Maximin,FWD,NEW,6.8,3.73345652
2021-22,14,583,Hwang,FWD,WOL,5.8,3.810082078
2021-22,14,468,King,FWD,WAT,5.6,2.986299844
2021-22,14,345,Adams,FWD,SOU,6.8,3.230556117
2021-22,14,63,Maupay,FWD,BHA,6.4,2.857191965
2021-22,14,525,A Armstrong,FWD,SOU,6.0,3.026560836
2021-22,14,6,Lacazette,FWD,ARS,8.3,2.25512201
2021-22,14,134,Werner,FWD,CHE,8.6,2.443357321
2021-22,14,586,Edouard,FWD,CRY,6.5,2.420033135
2021-22,14,450,Dennis,FWD,WAT,5.3,2.169011946
2021-22,14,228,Firmino,FWD,LIV,8.8,0.14871856
2021-22,14,177,Calvert-Lewin,FWD,EVE,8.0,0.0
2021-22,14,149,Benteke,FWD,CRY,6.4,2.255941328
2021-22,14,516,Sargent,FWD,NOR,5.4,2.066063415
2021-22,14,189,Bamford,FWD,LEE,7.7,0.127496747
2021-22,14,111,Vydra,FWD,BUR,5.2,2.151318476
2021-22,14,455,Daka,FWD,LEI,7.1,1.717248459
2021-22,14,591,Rondon,FWD,EVE,6.0,1.753019536
2021-22,14,472,Cucho,FWD,WAT,5.0,1.94113087
2021-22,14,269,Cavani,FWD,MUN,8.4,1.061858315
2021-22,14,404,Joao Pedro,FWD,WAT,5.4,2.002661282
2021-22,14,310,Joelinton,FWD,NEW,5.8,1.517087415
2021-22,14,278,Martial,FWD,MUN,7.6,0.455072327
2021-22,14,447,Welbeck,FWD,BHA,6.0,0.0
2021-22,14,153,Ayew,FWD,CRY,5.8,1.572012582
2021-22,14,533,Richardson,FWD,BUR,4.5,0.001836893
2021-22,14,602,Simms,FWD,EVE,4.5,0.003860916
2021-22,14,542,Street,FWD,CRY,4.5,0.003699137
2021-22,14,520,Scarlett,FWD,TOT,4.5,0.009360764
2021-22,14,622,Tosun,FWD,EVE,5.0,0.013023451
2021-22,14,519,S Long,FWD,SOU,5.4,0.05034297
2021-22,14,159,Mateta,FWD,CRY,5.3,0.152382138
2021-22,14,20,Nketiah,FWD,ARS,5.4,0.135912041
2021-22,14,395,Fletcher,FWD,WAT,4.9,0.040802745
2021-22,14,49,Davis,FWD,AVL,4.4,0.038340159
2021-22,14,550,S Greenwood,FWD,LEE,4.5,0.094536066
2021-22,14,577,Gelhardt,FWD,LEE,4.5,0.143418067
2021-22,14,235,Origi,FWD,LIV,4.9,0.741170938
2021-22,14,530,Balogun,FWD,ARS,4.8,0.07992325
2021-22,14,300,Gayle,FWD,NEW,5.3,0.213258405
2021-22,14,595,Locadia,FWD,BHA,4.4,0.080617295
2021-22,14,105,A Barnes,FWD,BUR,5.3,0.0
2021-22,14,72,Connolly,FWD,BHA,5.3,0.276111189
2021-22,14,607,Dobbin,FWD,EVE,4.5,0.069565646
2021-22,14,88,Forss,FWD,BRE,5.3,0.629298865
2021-22,14,518,Broja,FWD,SOU,5.0,1.803416416
2021-22,14,568,Archer,FWD,AVL,4.5,0.138898131
2021-22,14,104,Jay Rodriguez,FWD,BUR,5.3,1.841329636
2021-22,14,445,F Silva,FWD,WOL,5.7,0.730208749
2021-22,14,329,Idah,FWD,NOR,4.9,0.682367098
2021-22,15,257,Ederson,GK,MCI,6.0,4.269048045
2021-22,15,231,Alisson,GK,LIV,6.0,4.140852674
2021-22,15,143,E Mendy,GK,CHE,6.3,3.611255056
2021-22,15,559,Ramsdale,GK,ARS,4.9,3.754949872
2021-22,15,30,Martinez,GK,AVL,5.5,3.947423606
2021-22,15,353,Lloris,GK,TOT,5.4,4.383355671
2021-22,15,112,Pope,GK,BUR,5.4,3.59572464
2021-22,15,270,de Gea,GK,MUN,5.0,3.775415563
2021-22,15,69,R Sanchez,GK,BHA,4.6,3.581614126
2021-22,15,408,Fabianski,GK,WHU,5.0,3.186571938
2021-22,15,146,Guaita,GK,CRY,4.6,2.768682305
2021-22,15,334,McCarthy,GK,SOU,4.6,3.750680598
2021-22,15,199,Meslier,GK,LEE,4.9,3.873442764
2021-22,15,170,Pickford,GK,EVE,4.9,3.268359293
2021-22,15,295,Dubravka,GK,NEW,4.4,3.79293656
2021-22,15,556,A Fernandez,GK,BRE,4.5,2.905641671
2021-22,15,475,Sa,GK,WOL,5.0,2.681513177
2021-22,15,200,Schmeichel,GK,LEI,4.9,2.956061531
2021-22,15,376,Foster,GK,WAT,4.1,1.186284772
2021-22,15,314,Krul,GK,NOR,4.5,2.228289631
2021-22,15,280,D Henderson,GK,MUN,4.7,0.311951395
2021-22,15,129,Kepa,GK,CHE,4.8,0.216786362
2021-22,15,489,Areola,GK,WHU,4.7,0.218247105
2021-22,15,1,Leno,GK,ARS,4.6,0.135473476
2021-22,15,480,Hennessey,GK,BUR,4.5,0.184440175
2021-22,15,242,Kelleher,GK,LIV,4.4,0.094124461
2021-22,15,260,Steffen,GK,MCI,4.5,0.081737586
2021-22,15,333,Forster,GK,SOU,4.4,0.127203751
2021-22,15,156,Butland,GK,CRY,4.4,0.077796451
2021-22,15,389,Bachmann,GK,WAT,4.2,0.882705606
2021-22,15,486,Gollini,GK,TOT,4.3,0.079429717
2021-22,15,294,Darlow,GK,NEW,4.5,0.09704337
2021-22,15,28,Steer,GK,AVL,4.0,0.063955854
2021-22,15,54,Steele,GK,BHA,4.0,0.050979762
2021-22,15,452,Ruddy,GK,WOL,4.4,0.058402815
2021-22,15,490,Klaesson,GK,LEE,4.4,0.074552256
2021-22,15,204,D Ward,GK,LEI,4.0,0.056670315
2021-22,15,619,Cox,GK,BRE,4.0,0.057915419
2021-22,15,448,Gunn,GK,NOR,4.0,0.100789456
2021-22,15,476,Scherpen,GK,BHA,4.5,0.022654389
2021-22,15,481,Begovic,GK,EVE,4.0,0.055709543
2021-22,15,513,Woodman,GK,NEW,4.4,0.030396349
2021-22,15,593,Carson,GK,MCI,3.9,0.008847135
2021-22,15,606,Bettinelli,GK,CHE,4.0,0.007616088
2021-22,15,509,Heaton,GK,MUN,4.0,0.008348693
2021-22,15,407,Randolph,GK,WHU,4.4,0.006093383
2021-22,15,114,Norris,GK,BUR,4.4,0.00700759
2021-22,15,561,Matthews,GK,CRY,4.0,0.005914951
2021-22,15,596,Sinisalo,GK,AVL,4.0,0.006876647
2021-22,15,514,Gillespie,GK,NEW,4.0,0.007805675
2021-22,15,573,Jakupovic,GK,LEI,4.0,0.006122783
2021-22,15,571,Lonergan,GK,EVE,4.0,0.006333565
2021-22,15,572,Okonkwo,GK,ARS,4.0,0.003360447
2021-22,15,532,Hein,GK,ARS,4.0,0.003352232
2021-22,15,223,Adrian,GK,LIV,4.3,0.000830443
2021-22,15,615,Slicker,GK,MCI,4.0,0.00078736
2021-22,15,313,McGovern,GK,NOR,4.0,0.004780966
2021-22,15,616,Tyrer,GK,EVE,4.0,0.000583097
2021-22,15,80,Raya,GK,BRE,4.4,0.0
2021-22,15,574,Elliot,GK,WAT,4.0,0.00839144
2021-22,15,621,Storer,GK,WOL,4.0,0.003448212
2021-22,15,611,Moulden,GK,WOL,4.0,0.003416405
2021-22,15,237,Trent,DEF,LIV,8.0,4.672179427
2021-22,15,256,Cancelo,DEF,MCI,6.7,4.898860662
2021-22,15,122,Alonso,DEF,CHE,5.7,3.874715434
2021-22,15,234,Robertson,DEF,LIV,7.0,4.277484924
2021-22,15,229,van Dijk,DEF,LIV,6.6,4.013457939
2021-22,15,262,Dias,DEF,MCI,6.0,3.739177678
2021-22,15,249,Walker,DEF,MCI,5.5,3.666122316
2021-22,15,288,Wan-Bissaka,DEF,MUN,5.2,4.165861673
2021-22,15,127,Rudiger,DEF,CHE,6.0,3.510719947
2021-22,15,142,R James,DEF,CHE,6.3,3.200294859
2021-22,15,273,Maguire,DEF,MUN,5.4,4.02368984
2021-22,15,59,Dunk,DEF,BHA,5.0,3.541659439
2021-22,15,119,Azpilicueta,DEF,CHE,5.7,3.602871018
2021-22,15,370,Reguilon,DEF,TOT,5.2,4.534912497
2021-22,15,259,Laporte,DEF,MCI,5.5,2.88441644
2021-22,15,275,Shaw,DEF,MUN,5.1,2.840091173
2021-22,15,411,A Cresswell,DEF,WHU,5.5,2.522734011
2021-22,15,252,Stones,DEF,MCI,5.3,2.536592273
2021-22,15,121,T Silva,DEF,CHE,5.5,3.118902137
2021-22,15,98,Tarkowski,DEF,BUR,4.9,3.342783219
2021-22,15,584,Cucurella,DEF,BHA,5.0,3.193527475
2021-22,15,128,Zouma,DEF,WHU,5.4,2.825200029
2021-22,15,168,Digne,DEF,EVE,5.1,3.657154281
2021-22,15,588,Emerson R,DEF,TOT,4.9,3.924444108
2021-22,15,23,Gabriel,DEF,ARS,5.1,3.001104297
2021-22,15,224,Matip,DEF,LIV,4.9,2.739667693
2021-22,15,361,Dier,DEF,TOT,4.5,3.945447632
2021-22,15,414,Dawson,DEF,WHU,4.9,2.677328058
2021-22,15,67,B White,DEF,ARS,4.4,2.924203598
2021-22,15,590,Tomiyasu,DEF,ARS,4.6,2.86838199
2021-22,15,62,Veltman,DEF,BHA,4.3,3.138524854
2021-22,15,106,Mee,DEF,BUR,4.9,3.059918595
2021-22,15,284,Lindelof,DEF,MUN,4.8,3.523947062
2021-22,15,45,Konsa,DEF,AVL,4.9,3.118896668
2021-22,15,169,Keane,DEF,EVE,5.0,3.13772532
2021-22,15,201,Evans,DEF,LEI,5.4,2.841227209
2021-22,15,91,Pinnock,DEF,BRE,4.6,2.610939819
2021-22,15,437,Semedo,DEF,WOL,4.9,2.403282645
2021-22,15,209,Castagne,DEF,LEI,5.3,2.813711622
2021-22,15,162,Mitchell,DEF,CRY,4.5,2.070194723
2021-22,15,364,Ben T Davies,DEF,TOT,4.4,3.539514139
2021-22,15,343,Bednarek,DEF,SOU,4.4,2.953408294
2021-22,15,292,Ritchie,DEF,NEW,4.9,4.06404705
2021-22,15,491,Livramento,DEF,SOU,4.5,3.320705114
2021-22,15,264,Zinchenko,DEF,MCI,5.3,1.315092501
2021-22,15,113,Taylor,DEF,BUR,4.4,2.8000874
2021-22,15,44,Cash,DEF,AVL,5.0,3.145992021
2021-22,15,477,Guehi,DEF,CRY,4.5,2.000199295
2021-22,15,342,Walker-Peters,DEF,SOU,4.8,2.932316581
2021-22,15,56,Duffy,DEF,BHA,4.2,3.042194453
2021-22,15,61,Webster,DEF,BHA,4.4,0.783396867
2021-22,15,38,Mings,DEF,AVL,4.9,3.052747108
2021-22,15,217,Soyuncu,DEF,LEI,4.9,2.665798379
2021-22,15,351,Salisu,DEF,SOU,4.5,3.345522186
2021-22,15,431,Saiss,DEF,WOL,5.0,2.346307234
2021-22,15,16,Tierney,DEF,ARS,4.7,1.750684057
2021-22,15,150,Kouyate,DEF,CRY,4.5,1.999631419
2021-22,15,39,Targett,DEF,AVL,4.7,1.963961737
2021-22,15,76,Jansson,DEF,BRE,4.6,2.402596578
2021-22,15,279,Telles,DEF,MUN,5.0,1.830063438
2021-22,15,474,J Ward,DEF,CRY,4.5,0.0
2021-22,15,83,Henry,DEF,BRE,4.5,2.271759117
2021-22,15,133,Christensen,DEF,CHE,4.8,1.404538349
2021-22,15,425,Johnson,DEF,WHU,4.0,1.978292072
2021-22,15,555,Varane,DEF,MUN,5.5,0.598415178
2021-22,15,243,Konate,DEF,LIV,5.1,1.598386806
2021-22,15,71,Lamptey,DEF,BHA,4.4,2.46305481
2021-22,15,179,Godfrey,DEF,EVE,4.8,2.776675189
2021-22,15,147,Tomkins,DEF,CRY,4.3,1.939065183
2021-22,15,165,Coleman,DEF,EVE,4.9,2.754909159
2021-22,15,527,T Chalobah,DEF,CHE,4.8,0.0
2021-22,15,110,Lowton,DEF,BUR,4.4,1.658378606
2021-22,15,429,Coady,DEF,WOL,4.5,1.999155855
2021-22,15,87,Goode,DEF,BRE,3.9,2.27011926
2021-22,15,466,Tavares,DEF,ARS,4.3,1.457571417
2021-22,15,418,Coufal,DEF,WHU,4.7,1.391871325
2021-22,15,494,Romero,DEF,TOT,4.9,0.601771907
2021-22,15,208,Amartey,DEF,LEI,3.9,1.919680943
2021-22,15,367,D Sanchez,DEF,TOT,4.5,1.747609016
2021-22,15,299,Lascelles,DEF,NEW,4.4,3.512072444
2021-22,15,585,C Roberts,DEF,BUR,4.5,1.03466676
2021-22,15,470,Ait-Nouri,DEF,WOL,4.3,1.355953058
2021-22,15,428,Boly,DEF,WOL,4.9,0.385907798
2021-22,15,58,Burn,DEF,BHA,4.4,0.782128711
2021-22,15,463,Firpo,DEF,LEE,4.7,3.310333489
2021-22,15,460,Perraud,DEF,SOU,4.8,1.132743141
2021-22,15,305,Schar,DEF,NEW,4.3,3.187596832
2021-22,15,465,F Fernandez,DEF,NEW,4.3,2.531965711
2021-22,15,207,R Pereira,DEF,LEI,5.3,0.382018354
2021-22,15,439,Kilman,DEF,WOL,4.5,1.841740162
2021-22,15,371,Tanganga,DEF,TOT,4.3,1.35862451
2021-22,15,258,Ake,DEF,MCI,4.8,0.524014793
2021-22,15,396,Sierralta,DEF,WAT,4.3,0.460037481
2021-22,15,326,Aarons,DEF,NOR,4.3,1.837563791
2021-22,15,178,Holgate,DEF,EVE,4.2,0.657752634
2021-22,15,387,Troost-Ekong,DEF,WAT,4.4,1.385886983
2021-22,15,286,Bailly,DEF,MUN,4.9,0.631606703
2021-22,15,52,Young,DEF,AVL,4.7,2.570392978
2021-22,15,245,Tsimikas,DEF,LIV,3.8,0.513964266
2021-22,15,488,Andersen,DEF,CRY,4.5,0.157202728
2021-22,15,473,Bertrand,DEF,LEI,4.6,0.863391397
2021-22,15,319,Hanley,DEF,NOR,4.4,1.749204062
2021-22,15,377,Rose,DEF,WAT,4.2,1.334791366
2021-22,15,175,Mina,DEF,EVE,4.9,0.29444922
2021-22,15,238,Gomez,DEF,LIV,4.7,0.158605749
2021-22,15,340,Vestergaard,DEF,LEI,4.7,0.722738942
2021-22,15,190,Llorente,DEF,LEE,4.5,3.244160961
2021-22,15,218,Justin,DEF,LEI,4.9,0.359745799
2021-22,15,374,Rodon,DEF,TOT,4.3,0.582550585
2021-22,15,100,Pieters,DEF,BUR,4.2,0.517351464
2021-22,15,567,Lyanco,DEF,SOU,4.4,0.953751085
2021-22,15,432,Marcal,DEF,WOL,4.2,0.9449088
2021-22,15,360,Doherty,DEF,TOT,4.7,0.917887186
2021-22,15,14,Holding,DEF,ARS,4.1,0.313511071
2021-22,15,36,Hause,DEF,AVL,4.4,0.26458569
2021-22,15,283,Tuanzebe,DEF,AVL,4.4,0.428229271
2021-22,15,451,Collins,DEF,BUR,4.3,0.449769006
2021-22,15,456,Gibson,DEF,NOR,4.4,1.187617542
2021-22,15,417,Masuaku,DEF,WHU,4.4,0.697788655
2021-22,15,303,Krafth,DEF,NEW,4.3,1.194509219
2021-22,15,510,Dalot,DEF,MUN,4.4,0.323373092
2021-22,15,219,L Thomas,DEF,LEI,4.3,0.634728397
2021-22,15,424,Diop,DEF,WHU,4.3,0.308569807
2021-22,15,185,Ayling,DEF,LEE,4.3,2.216157264
2021-22,15,338,J Stephens,DEF,SOU,4.4,0.166498215
2021-22,15,379,Cathcart,DEF,WAT,4.4,0.926559051
2021-22,15,302,Manquillo,DEF,NEW,4.0,1.997343452
2021-22,15,198,Struijk,DEF,LEE,4.4,1.927818184
2021-22,15,8,Mari,DEF,ARS,4.2,0.153051866
2021-22,15,184,Cooper,DEF,LEE,4.5,2.204474023
2021-22,15,368,Sessegnon,DEF,TOT,4.3,0.249150657
2021-22,15,158,Jach,DEF,CRY,4.3,0.25034802
2021-22,15,246,N Williams,DEF,LIV,3.9,0.119482279
2021-22,15,5,Cedric,DEF,ARS,4.2,0.136780493
2021-22,15,580,Kabak,DEF,NOR,4.5,1.369606626
2021-22,15,90,M Sorensen,DEF,BRE,4.3,0.220809262
2021-22,15,384,Kabasele,DEF,WAT,4.3,0.208667551
2021-22,15,483,Ajer,DEF,BRE,4.4,0.0
2021-22,15,10,Chambers,DEF,ARS,4.2,0.077713114
2021-22,15,501,M Sarr,DEF,CHE,4.9,0.071995138
2021-22,15,493,Clyne,DEF,CRY,4.3,1.755980971
2021-22,15,594,Zanka,DEF,BRE,4.5,0.0
2021-22,15,544,Branthwaite,DEF,EVE,4.0,0.405602989
2021-22,15,293,Clark,DEF,NEW,4.4,0.0
2021-22,15,151,Kelly,DEF,CRY,3.9,0.154236642
2021-22,15,382,Femenia,DEF,WAT,4.3,1.242497374
2021-22,15,99,Bardsley,DEF,BUR,3.9,0.065478296
2021-22,15,311,Lewis,DEF,NEW,4.2,0.317722436
2021-22,15,502,Kenny,DEF,EVE,4.4,0.189985934
2021-22,15,11,Kolasinac,DEF,ARS,4.3,0.026381668
2021-22,15,135,Chilwell,DEF,CHE,5.8,0.0
2021-22,15,632,P Jones,DEF,MUN,4.5,0.03940301
2021-22,15,498,Thompson,DEF,BRE,4.4,0.054510753
2021-22,15,241,N Phillips,DEF,LIV,4.2,0.016797738
2021-22,15,560,H Roberts,DEF,BHA,4.0,0.01260654
2021-22,15,103,K Long,DEF,BUR,4.0,0.011813511
2021-22,15,321,Byram,DEF,NOR,4.4,0.0
2021-22,15,554,J Baptiste,DEF,WHU,4.0,0.005053854
2021-22,15,565,Dodgson,DEF,BUR,3.9,0.002894538
2021-22,15,534,B Thomas,DEF,BUR,4.0,0.002681876
2021-22,15,569,Stevens,DEF,BRE,4.0,0.00951837
2021-22,15,446,Mosquera,DEF,WOL,4.5,0.0
2021-22,15,433,Jonny,DEF,WOL,4.5,0.0
2021-22,15,409,Ogbonna,DEF,WHU,5.0,0.0
2021-22,15,598,Omole,DEF,TOT,4.0,0.005835165
2021-22,15,546,Valery,DEF,SOU,4.0,0.005633083
2021-22,15,627,Beck,DEF,LIV,4.0,0.002201702
2021-22,15,610,Bogarde,DEF,AVL,4.0,0.005173027
2021-22,15,604,Wilson-Esbrand,DEF,MCI,4.0,0.004738921
2021-22,15,603,Mbete,DEF,MCI,4.0,0.004701697
2021-22,15,540,Hannam,DEF,CRY,4.0,0.003750459
2021-22,15,626,Bradley,DEF,LIV,4.0,0.004458153
2021-22,15,617,Ashby,DEF,WHU,4.0,0.00382865
2021-22,15,515,Mumba,DEF,NOR,3.9,0.003275268
2021-22,15,623,Welch,DEF,EVE,4.0,0.003731492
2021-22,15,635,Bueno,DEF,WOL,4.0,0.003249893
2021-22,15,633,Morris,DEF,WAT,4.0,0.002776967
2021-22,15,562,Drameh,DEF,LEE,4.0,0.012099377
2021-22,15,608,Hjelde,DEF,LEE,4.0,0.003973723
2021-22,15,563,C Cresswell,DEF,LEE,4.0,0.011740475
2021-22,15,301,Dummett,DEF,NEW,4.5,0.040908716
2021-22,15,415,Fredericks,DEF,WHU,4.4,0.089522164
2021-22,15,324,Zimmermann,DEF,NOR,4.4,0.0
2021-22,15,327,J Sorensen,DEF,NOR,4.3,0.124232892
2021-22,15,220,Fofana,DEF,LEI,4.3,0.0
2021-22,15,161,Ferguson,DEF,CRY,4.5,0.148255417
2021-22,15,331,Omobamidele,DEF,NOR,3.9,0.205982063
2021-22,15,89,Roerslev,DEF,BRE,4.3,0.273352898
2021-22,15,443,Hoever,DEF,WOL,3.9,0.241777845
2021-22,15,618,Nkoulou,DEF,WAT,4.5,0.099805687
2021-22,15,290,B Williams,DEF,NOR,3.9,1.465098706
2021-22,15,390,Masina,DEF,WAT,4.3,1.012416335
2021-22,15,400,Ngakia,DEF,WAT,4.3,0.456014786
2021-22,15,194,Koch,DEF,LEE,4.3,0.099634903
2021-22,15,457,Giannoulis,DEF,NOR,4.4,0.599049655
2021-22,15,233,Salah,MID,LIV,13.0,5.024548945
2021-22,15,359,Son,MID,TOT,10.4,6.083298028
2021-22,15,277,Fernandes,MID,MUN,11.6,5.341139792
2021-22,15,230,Mane,MID,LIV,12.0,4.189506445
2021-22,15,240,Jota,MID,LIV,7.9,3.890548101
2021-22,15,265,Foden,MID,MCI,8.1,4.149562116
2021-22,15,251,De Bruyne,MID,MCI,11.8,2.745251066
2021-22,15,281,Rashford,MID,MUN,9.4,3.944422462
2021-22,15,154,Zaha,MID,CRY,7.0,3.360228791
2021-22,15,485,Sancho,MID,MUN,8.9,3.765133389
2021-22,15,64,Trossard,MID,BHA,6.5,3.578784529
2021-22,15,422,Soucek,MID,WHU,5.7,3.136639764
2021-22,15,420,Bowen,MID,WHU,6.4,3.132840354
2021-22,15,254,Mahrez,MID,MCI,8.6,3.630467345
2021-22,15,196,Raphinha,MID,LEE,6.7,4.537429878
2021-22,15,419,Benrahma,MID,WHU,6.2,3.106617151
2021-22,15,255,Sterling,MID,MCI,10.6,3.675002355
2021-22,15,96,Mbeumo,MID,BRE,5.5,3.424087278
2021-22,15,341,Ward-Prowse,MID,SOU,6.3,3.596590541
2021-22,15,250,Gundogan,MID,MCI,7.3,3.421289603
2021-22,15,138,Mount,MID,CHE,7.4,3.066753641
2021-22,15,261,B Silva,MID,MCI,7.3,3.55343821
2021-22,15,33,Grealish,MID,MCI,7.6,2.889398677
2021-22,15,215,H Barnes,MID,LEI,6.5,3.214477447
2021-22,15,43,Buendia,MID,AVL,6.2,3.4188316
2021-22,15,423,Fornals,MID,WHU,6.0,2.760365737
2021-22,15,212,Maddison,MID,LEI,6.7,3.056758658
2021-22,15,22,Saka,MID,ARS,6.3,2.489138038
2021-22,15,118,McNeil,MID,BUR,5.8,2.943124191
2021-22,15,107,Westwood,MID,BUR,5.3,2.929777097
2021-22,15,55,Gross,MID,BHA,5.8,2.282321918
2021-22,15,123,Jorginho,MID,CHE,5.8,2.936368642
2021-22,15,484,D Gray,MID,EVE,5.5,3.164349646
2021-22,15,267,Harrison,MID,LEE,5.6,3.51180107
2021-22,15,285,McTominay,MID,MUN,5.4,2.794816456
2021-22,15,266,Rodri,MID,MCI,5.5,2.941119725
2021-22,15,289,M Greenwood,MID,MUN,7.3,2.805777219
2021-22,15,188,Dallas,MID,LEE,5.1,3.56391473
2021-22,15,81,Canos,MID,BRE,5.5,2.979866217
2021-22,15,173,Doucoure,MID,EVE,5.4,2.967179373
2021-22,15,21,Smith Rowe,MID,ARS,6.0,2.747424123
2021-22,15,291,Shelvey,MID,NEW,5.3,3.358272502
2021-22,15,578,Cornet,MID,BUR,6.1,2.639669653
2021-22,15,141,Havertz,MID,CHE,7.9,2.293542518
2021-22,15,19,Willock,MID,NEW,5.7,3.189654682
2021-22,15,222,J Henderson,MID,LIV,5.0,2.393645298
2021-22,15,421,Rice,MID,WHU,5.1,2.574004665
2021-22,15,482,Townsend,MID,EVE,5.5,2.921826694
2021-22,15,53,Lallana,MID,BHA,5.4,2.546695294
2021-22,15,365,Hojbjerg,MID,TOT,5.0,3.037038635
2021-22,15,336,Redmond,MID,SOU,5.9,2.502260928
2021-22,15,35,McGinn,MID,AVL,5.8,2.871112596
2021-22,15,362,Lucas Moura,MID,TOT,6.4,2.810032762
2021-22,15,587,Lookman,MID,LEI,6.0,2.433436737
2021-22,15,274,Fred,MID,MUN,4.9,2.664725223
2021-22,15,461,Trincao,MID,WOL,5.7,2.544849965
2021-22,15,216,Ndidi,MID,LEI,4.8,2.553757061
2021-22,15,144,Gallagher,MID,CRY,6.2,2.32476852
2021-22,15,77,Norgaard,MID,BRE,5.0,2.611651055
2021-22,15,225,Thiago,MID,LIV,5.3,2.24360493
2021-22,15,232,Fabinho,MID,LIV,5.4,2.313140336
2021-22,15,115,Brownhill,MID,BUR,4.4,2.433420209
2021-22,15,436,Neves,MID,WOL,5.3,2.473698773
2021-22,15,517,Elyounoussi,MID,SOU,5.5,2.367629418
2021-22,15,152,Milivojevic,MID,CRY,5.4,2.378389246
2021-22,15,50,Douglas Luiz,MID,AVL,4.5,2.451775773
2021-22,15,160,Eze,MID,CRY,5.9,1.687530169
2021-22,15,426,Moutinho,MID,WOL,5.0,2.38100714
2021-22,15,558,Odegaard,MID,ARS,5.4,2.266126131
2021-22,15,318,McLean,MID,NOR,4.9,2.310571956
2021-22,15,495,Kucka,MID,WAT,5.5,2.094315713
2021-22,15,70,Bissouma,MID,BHA,4.4,2.32496214
2021-22,15,75,Moder,MID,BHA,4.5,1.948327938
2021-22,15,17,Pepe,MID,ARS,6.9,1.268922985
2021-22,15,84,Janelt,MID,BRE,5.0,2.199766176
2021-22,15,171,Allan,MID,EVE,4.5,2.417162864
2021-22,15,42,El Ghazi,MID,AVL,5.6,2.381160769
2021-22,15,335,Romeu,MID,SOU,4.5,2.461980706
2021-22,15,15,Partey,MID,ARS,5.0,2.20731017
2021-22,15,132,Loftus-Cheek,MID,CHE,5.4,2.367102349
2021-22,15,287,D James,MID,LEE,6.0,2.68691842
2021-22,15,381,Cleverley,MID,WAT,4.8,1.942691921
2021-22,15,239,Keita,MID,LIV,5.0,1.704611975
2021-22,15,210,Tielemans,MID,LEI,6.4,0.27520355
2021-22,15,354,Sissoko,MID,WAT,4.5,2.052528701
2021-22,15,137,Pulisic,MID,CHE,7.9,1.364413028
2021-22,15,191,K Phillips,MID,LEE,4.8,2.566997462
2021-22,15,148,McArthur,MID,CRY,4.4,0.0
2021-22,15,478,Lokonga,MID,ARS,4.8,1.686682302
2021-22,15,471,Lees-Melou,MID,NOR,4.8,1.27724923
2021-22,15,174,Iwobi,MID,EVE,5.8,1.886213941
2021-22,15,363,Alli,MID,TOT,6.3,1.177022014
2021-22,15,373,Skipp,MID,TOT,4.5,2.485121147
2021-22,15,86,Jensen,MID,BRE,4.9,1.666085612
2021-22,15,60,March,MID,BHA,5.3,1.67941491
2021-22,15,145,Gilmour,MID,NOR,4.4,2.071805302
2021-22,15,592,Saul,MID,CHE,5.0,1.516075367
2021-22,15,375,Ndombele,MID,TOT,5.8,1.63141373
2021-22,15,304,Murphy,MID,NEW,4.9,1.726682266
2021-22,15,51,J Ramsey,MID,AVL,4.5,2.056501546
2021-22,15,317,Rupp,MID,NOR,4.4,2.091897395
2021-22,15,323,Dowell,MID,NOR,5.2,1.014619946
2021-22,15,131,Ziyech,MID,CHE,7.3,0.704348022
2021-22,15,26,Martinelli,MID,ARS,5.2,1.160508734
2021-22,15,101,Cork,MID,BUR,4.4,0.585680338
2021-22,15,125,Kovacic,MID,CHE,5.1,0.0
2021-22,15,325,Cantwell,MID,NOR,5.3,0.88663565
2021-22,15,372,Lo Celso,MID,TOT,5.9,0.496679326
2021-22,15,369,Bergwijn,MID,TOT,5.9,1.546822301
2021-22,15,130,Kante,MID,CHE,4.9,0.0
2021-22,15,458,Soumare,MID,LEI,4.8,1.648993878
2021-22,15,140,Hudson-Odoi,MID,CHE,5.3,0.563164651
2021-22,15,346,Tella,MID,SOU,4.7,0.938740227
2021-22,15,557,Tufan,MID,WAT,5.0,1.049863039
2021-22,15,479,Onyeka,MID,BRE,4.9,1.870726627
2021-22,15,581,Normann,MID,NOR,4.5,0.0
2021-22,15,202,Albrighton,MID,LEI,5.2,0.984217943
2021-22,15,449,Rashica,MID,NOR,5.2,0.0
2021-22,15,124,Barkley,MID,CHE,5.2,0.706057059
2021-22,15,339,S Armstrong,MID,SOU,5.8,0.19430821
2021-22,15,399,I Sarr,MID,WAT,5.9,0.0
2021-22,15,435,A Traore,MID,WOL,5.7,1.9493533
2021-22,15,12,Elneny,MID,ARS,4.4,0.541773709
2021-22,15,350,Djenepo,MID,SOU,5.3,0.79932599
2021-22,15,528,Tzolis,MID,NOR,4.8,1.128000694
2021-22,15,211,Perez,MID,LEI,5.7,0.435026242
2021-22,15,507,Palmer,MID,MCI,4.5,0.281755522
2021-22,15,582,Vlasic,MID,WHU,5.7,1.162794354
2021-22,15,268,Torres,MID,MCI,6.7,0.0
2021-22,15,459,Mata,MID,MUN,4.8,0.028340964
2021-22,15,203,N Mendy,MID,LEI,4.4,0.0
2021-22,15,467,Etebo,MID,WAT,4.4,0.0
2021-22,15,405,Baah,MID,WAT,4.4,0.0
2021-22,15,82,Dasilva,MID,BRE,5.3,0.0
2021-22,15,506,Elliott,MID,LIV,5.3,0.0
2021-22,15,441,Neto,MID,WOL,6.4,0.0
2021-22,15,272,Pogba,MID,MUN,7.4,0.0
2021-22,15,79,Fosu,MID,BRE,5.1,0.0
2021-22,15,629,McAtee,MID,MCI,4.5,0.002341721
2021-22,15,512,Elanga,MID,MUN,4.8,0.004762
2021-22,15,597,Markanday,MID,TOT,4.5,0.004937059
2021-22,15,628,Haygarth,MID,BRE,4.5,0.001782295
2021-22,15,631,Jenkins,MID,LEE,4.5,0.001869212
2021-22,15,630,Onyango,MID,EVE,4.5,0.001774198
2021-22,15,508,Edozie,MID,MCI,4.8,0.004185293
2021-22,15,625,K Gordon,MID,LIV,4.5,0.003998254
2021-22,15,634,Perkins,MID,WHU,4.5,0.003906077
2021-22,15,613,Whitaker,MID,EVE,4.5,0.004191079
2021-22,15,609,Anderson,MID,NEW,4.5,0.004426868
2021-22,15,620,Morton,MID,LIV,4.5,0.00371195
2021-22,15,605,Lavia,MID,MCI,4.5,0.003781048
2021-22,15,543,Banks,MID,CRY,4.5,0.003617139
2021-22,15,37,Trezeguet,MID,AVL,5.4,0.0
2021-22,15,614,Maghoma,MID,BRE,4.5,0.003634548
2021-22,15,541,Rak-Sakyi,MID,CRY,4.5,0.00351671
2021-22,15,601,McKinstry,MID,LEE,4.4,0.003868856
2021-22,15,73,Alzate,MID,BHA,4.8,0.0
2021-22,15,624,Bate,MID,LEE,4.5,0.00363627
2021-22,15,600,Kenneh,MID,LEE,4.4,0.003545714
2021-22,15,599,J White,MID,NEW,4.4,0.00349938
2021-22,15,547,Cundle,MID,WOL,4.5,0.008469214
2021-22,15,548,Campbell,MID,WOL,4.5,0.00817675
2021-22,15,551,Summerville,MID,LEE,4.5,0.027484525
2021-22,15,492,Bailey,MID,AVL,6.4,0.0
2021-22,15,32,B Traore,MID,AVL,5.7,0.0
2021-22,15,282,van de Beek,MID,MUN,5.7,0.791390963
2021-22,15,537,Richards,MID,BHA,4.5,0.023041678
2021-22,15,93,Zamburek,MID,BRE,4.4,0.021161045
2021-22,15,576,McCarron,MID,LEE,4.5,0.023227963
2021-22,15,462,Mwepu,MID,BHA,5.9,0.612736126
2021-22,15,496,A Ramsey,MID,AVL,4.5,0.019677114
2021-22,15,236,Minamino,MID,LIV,5.1,0.713368645
2021-22,15,505,Dewsbury-Hall,MID,LEI,4.5,0.042154825
2021-22,15,497,Philogene-Bidace,MID,AVL,5.0,0.041026018
2021-22,15,41,Nakamba,MID,AVL,4.5,1.577271596
2021-22,15,612,Sarmiento,MID,BHA,4.5,0.039713759
2021-22,15,7,Xhaka,MID,ARS,4.8,0.0
2021-22,15,97,Bidstrup,MID,BRE,4.4,0.082613748
2021-22,15,244,C Jones,MID,LIV,5.0,0.088958589
2021-22,15,297,Hendrick,MID,NEW,4.8,0.149680322
2021-22,15,347,Smallbone,MID,SOU,4.5,0.080915149
2021-22,15,74,Mac Allister,MID,BHA,5.4,0.690595728
2021-22,15,332,Walcott,MID,SOU,5.8,0.395977575
2021-22,15,552,Forshaw,MID,LEE,4.5,1.400363898
2021-22,15,102,D Stephens,MID,BUR,4.4,0.079735629
2021-22,15,186,Klich,MID,LEE,5.3,1.425811991
2021-22,15,589,Kral,MID,WHU,4.4,0.255833569
2021-22,15,524,Wissa,MID,BRE,5.9,0.725791095
2021-22,15,487,Bryan Gil,MID,TOT,5.7,0.426699677
2021-22,15,438,Podence,MID,WOL,5.5,0.279455955
2021-22,15,406,Noble,MID,WHU,4.4,0.440281218
2021-22,15,157,Riedewald,MID,CRY,4.8,0.292579779
2021-22,15,416,Lanzini,MID,WHU,5.8,0.978731997
2021-22,15,403,Louza,MID,WAT,5.2,0.739290464
2021-22,15,13,Maitland-Niles,MID,ARS,5.3,1.390439932
2021-22,15,328,Placheta,MID,NOR,4.7,0.158265578
2021-22,15,306,Hayden,MID,NEW,4.5,1.94070564
2021-22,15,227,Chamberlain,MID,LIV,5.8,0.254835615
2021-22,15,176,T Davies,MID,EVE,4.9,0.0444783
2021-22,15,366,Winks,MID,TOT,4.4,0.166908229
2021-22,15,214,Choudhury,MID,LEI,4.4,0.350335733
2021-22,15,453,Fernandinho,MID,MCI,4.8,0.627886141
2021-22,15,386,Hughes,MID,CRY,4.7,0.323863598
2021-22,15,276,Lingard,MID,MUN,6.8,0.740824355
2021-22,15,378,Gosling,MID,WAT,4.8,0.326904478
2021-22,15,34,Sanson,MID,AVL,5.0,0.364646083
2021-22,15,197,Shackleton,MID,LEE,4.5,0.37372607
2021-22,15,526,Chukwuemeka,MID,AVL,4.5,0.431968393
2021-22,15,575,Lennon,MID,BUR,4.9,1.206391359
2021-22,15,309,S Longstaff,MID,NEW,4.5,0.604284336
2021-22,15,391,Sema,MID,WAT,5.2,0.069481874
2021-22,15,85,Ghoddos,MID,BRE,5.3,0.632301973
2021-22,15,221,Milner,MID,LIV,4.9,0.950084509
2021-22,15,172,Gomes,MID,EVE,4.9,0.517343616
2021-22,15,434,Dendoncker,MID,WOL,4.8,1.233654971
2021-22,15,504,Gbamin,MID,EVE,4.5,0.88338542
2021-22,15,271,Matic,MID,MUN,4.5,1.00646801
2021-22,15,193,T Roberts,MID,LEE,4.8,1.317862066
2021-22,15,503,A Gordon,MID,EVE,4.5,0.779741386
2021-22,15,308,Almiron,MID,NEW,5.2,1.443934407
2021-22,15,349,I Diallo,MID,SOU,4.5,1.255577772
2021-22,15,163,Delph,MID,EVE,4.4,0.63766887
2021-22,15,298,Fraser,MID,NEW,5.3,1.599119167
2021-22,15,108,Gudmundsson,MID,BUR,5.4,1.461221146
2021-22,15,499,S Baptiste,MID,BRE,4.9,1.236840716
2021-22,15,155,Schlupp,MID,CRY,5.4,0.762143566
2021-22,15,464,Olise,MID,CRY,5.4,1.243387229
2021-22,15,412,Yarmolenko,MID,WHU,5.1,1.385210318
2021-22,15,357,Kane,FWD,TOT,12.3,6.697322085
2021-22,15,4,Aubameyang,FWD,ARS,9.8,4.123370964
2021-22,15,413,Antonio,FWD,WHU,8.0,3.689225033
2021-22,15,579,Ronaldo,FWD,MUN,12.3,4.098636639
2021-22,15,529,Lukaku,FWD,CHE,11.5,4.007435555
2021-22,15,205,Vardy,FWD,LEI,10.7,4.165007881
2021-22,15,109,Wood,FWD,BUR,6.7,3.733157067
2021-22,15,40,Watkins,FWD,AVL,7.4,4.245188066
2021-22,15,78,Toney,FWD,BRE,6.7,3.734534183
2021-22,15,430,Jimenez,FWD,WOL,7.8,3.850687486
2021-22,15,263,Jesus,FWD,MCI,8.7,3.89939102
2021-22,15,180,Richarlison,FWD,EVE,7.4,4.063869567
2021-22,15,315,Pukki,FWD,NOR,5.9,3.272819687
2021-22,15,296,Wilson,FWD,NEW,7.4,4.502700399
2021-22,15,345,Adams,FWD,SOU,6.8,3.320038941
2021-22,15,525,A Armstrong,FWD,SOU,6.0,3.27912933
2021-22,15,468,King,FWD,WAT,5.7,2.776033115
2021-22,15,63,Maupay,FWD,BHA,6.3,3.154432078
2021-22,15,187,Rodrigo,FWD,LEE,6.3,4.365499873
2021-22,15,307,Saint-Maximin,FWD,NEW,6.9,3.492101204
2021-22,15,337,Ings,FWD,AVL,7.7,1.617649401
2021-22,15,583,Hwang,FWD,WOL,5.8,3.055433519
2021-22,15,189,Bamford,FWD,LEE,7.7,2.209573352
2021-22,15,6,Lacazette,FWD,ARS,8.3,2.885570528
2021-22,15,228,Firmino,FWD,LIV,8.7,0.71017836
2021-22,15,149,Benteke,FWD,CRY,6.4,2.277649653
2021-22,15,450,Dennis,FWD,WAT,5.4,2.267325315
2021-22,15,177,Calvert-Lewin,FWD,EVE,7.9,0.308824874
2021-22,15,134,Werner,FWD,CHE,8.6,1.598348073
2021-22,15,213,Iheanacho,FWD,LEI,7.0,2.130151546
2021-22,15,310,Joelinton,FWD,NEW,5.8,2.263780069
2021-22,15,516,Sargent,FWD,NOR,5.4,2.170495628
2021-22,15,111,Vydra,FWD,BUR,5.2,2.126530448
2021-22,15,586,Edouard,FWD,CRY,6.5,1.779604862
2021-22,15,472,Cucho,FWD,WAT,5.0,1.763192439
2021-22,15,591,Rondon,FWD,EVE,6.0,1.534338875
2021-22,15,455,Daka,FWD,LEI,7.1,0.986919641
2021-22,15,269,Cavani,FWD,MUN,8.4,0.591359162
2021-22,15,404,Joao Pedro,FWD,WAT,5.4,1.767162778
2021-22,15,278,Martial,FWD,MUN,7.6,0.456459748
2021-22,15,447,Welbeck,FWD,BHA,5.9,0.0
2021-22,15,533,Richardson,FWD,BUR,4.5,0.001838382
2021-22,15,602,Simms,FWD,EVE,4.5,0.004005211
2021-22,15,542,Street,FWD,CRY,4.5,0.003562809
2021-22,15,520,Scarlett,FWD,TOT,4.5,0.0
2021-22,15,622,Tosun,FWD,EVE,5.0,0.013810512
2021-22,15,159,Mateta,FWD,CRY,5.3,0.04583961
2021-22,15,105,A Barnes,FWD,BUR,5.2,0.0
2021-22,15,519,S Long,FWD,SOU,5.4,0.046142175
2021-22,15,20,Nketiah,FWD,ARS,5.4,0.144204133
2021-22,15,577,Gelhardt,FWD,LEE,4.5,0.019524298
2021-22,15,395,Fletcher,FWD,WAT,4.9,0.039310949
2021-22,15,568,Archer,FWD,AVL,4.5,0.037881212
2021-22,15,550,S Greenwood,FWD,LEE,4.5,0.09730341
2021-22,15,530,Balogun,FWD,ARS,4.8,0.082886688
2021-22,15,595,Locadia,FWD,BHA,4.4,0.081241942
2021-22,15,235,Origi,FWD,LIV,4.9,0.567952618
2021-22,15,607,Dobbin,FWD,EVE,4.5,0.070897472
2021-22,15,72,Connolly,FWD,BHA,5.3,0.172256594
2021-22,15,300,Gayle,FWD,NEW,5.2,0.252048085
2021-22,15,49,Davis,FWD,AVL,4.4,0.375800783
2021-22,15,88,Forss,FWD,BRE,5.3,0.686618095
2021-22,15,153,Ayew,FWD,CRY,5.8,1.282841939
2021-22,15,104,Jay Rodriguez,FWD,BUR,5.2,1.713439417
2021-22,15,329,Idah,FWD,NOR,4.9,0.745341762
2021-22,15,445,F Silva,FWD,WOL,5.7,0.659379997
2021-22,15,518,Broja,FWD,SOU,5.0,1.47716883
2021-22,16,257,Ederson,GK,MCI,6.0,4.244211161
2021-22,16,231,Alisson,GK,LIV,6.0,3.739309968
2021-22,16,143,E Mendy,GK,CHE,6.3,3.256109325
2021-22,16,559,Ramsdale,GK,ARS,4.9,3.243844228
2021-22,16,30,Martinez,GK,AVL,5.5,2.198069635
2021-22,16,270,de Gea,GK,MUN,5.0,2.725109742
2021-22,16,112,Pope,GK,BUR,5.4,2.664973329
2021-22,16,146,Guaita,GK,CRY,4.6,3.052364029
2021-22,16,408,Fabianski,GK,WHU,5.0,2.489433521
2021-22,16,295,Dubravka,GK,NEW,4.4,2.798177333
2021-22,16,69,R Sanchez,GK,BHA,4.6,0.0
2021-22,16,641,Caballero,GK,SOU,4.5,2.398833124
2021-22,16,170,Pickford,GK,EVE,4.9,2.643851779
2021-22,16,353,Lloris,GK,TOT,5.4,0.0
2021-22,16,556,A Fernandez,GK,BRE,4.5,2.691609152
2021-22,16,333,Forster,GK,SOU,4.4,0.0
2021-22,16,280,D Henderson,GK,MUN,4.7,0.299471336
2021-22,16,200,Schmeichel,GK,LEI,4.9,2.492617897
2021-22,16,129,Kepa,GK,CHE,4.8,0.242084441
2021-22,16,489,Areola,GK,WHU,4.7,0.233133737
2021-22,16,204,D Ward,GK,LEI,4.0,0.503538538
2021-22,16,480,Hennessey,GK,BUR,4.5,0.178387526
2021-22,16,1,Leno,GK,ARS,4.6,0.102178382
2021-22,16,242,Kelleher,GK,LIV,4.4,0.094355073
2021-22,16,260,Steffen,GK,MCI,4.5,0.087537291
2021-22,16,156,Butland,GK,CRY,4.4,0.102139502
2021-22,16,452,Ruddy,GK,WOL,4.4,0.054496598
2021-22,16,448,Gunn,GK,NOR,4.0,0.107899114
2021-22,16,28,Steer,GK,AVL,4.0,0.048246009
2021-22,16,619,Cox,GK,BRE,4.0,0.07126893
2021-22,16,54,Steele,GK,BHA,4.0,0.0
2021-22,16,486,Gollini,GK,TOT,4.3,0.0
2021-22,16,490,Klaesson,GK,LEE,4.4,0.058956272
2021-22,16,637,H Lewis,GK,SOU,4.0,0.053585286
2021-22,16,481,Begovic,GK,EVE,4.0,0.057107657
2021-22,16,476,Scherpen,GK,BHA,4.5,0.0
2021-22,16,574,Elliot,GK,WAT,4.0,0.054174577
2021-22,16,532,Hein,GK,ARS,4.0,0.039211523
2021-22,16,593,Carson,GK,MCI,3.9,0.009571527
2021-22,16,606,Bettinelli,GK,CHE,4.0,0.008544797
2021-22,16,509,Heaton,GK,MUN,4.0,0.007966857
2021-22,16,561,Matthews,GK,CRY,4.0,0.007753054
2021-22,16,573,Jakupovic,GK,LEI,4.0,0.022514749
2021-22,16,407,Randolph,GK,WHU,4.4,0.006578995
2021-22,16,114,Norris,GK,BUR,4.4,0.006826787
2021-22,16,596,Sinisalo,GK,AVL,4.0,0.005165131
2021-22,16,514,Gillespie,GK,NEW,4.0,0.006521838
2021-22,16,571,Lonergan,GK,EVE,4.0,0.006652739
2021-22,16,572,Okonkwo,GK,ARS,4.0,0.003727705
2021-22,16,513,Woodman,GK,NEW,4.4,0.022225147
2021-22,16,223,Adrian,GK,LIV,4.3,0.00085449
2021-22,16,615,Slicker,GK,MCI,4.0,0.00084958
2021-22,16,313,McGovern,GK,NOR,4.0,0.005074057
2021-22,16,616,Tyrer,GK,EVE,4.0,0.000610382
2021-22,16,376,Foster,GK,WAT,4.1,0.0
2021-22,16,80,Raya,GK,BRE,4.4,0.0
2021-22,16,334,McCarthy,GK,SOU,4.6,0.0
2021-22,16,621,Storer,GK,WOL,4.0,0.003252614
2021-22,16,611,Moulden,GK,WOL,4.0,0.003205297
2021-22,16,294,Darlow,GK,NEW,4.5,0.061471157
2021-22,16,475,Sa,GK,WOL,5.0,1.130328313
2021-22,16,199,Meslier,GK,LEE,4.9,1.756840544
2021-22,16,314,Krul,GK,NOR,4.5,1.409869149
2021-22,16,389,Bachmann,GK,WAT,4.2,1.311424535
2021-22,16,237,Trent,DEF,LIV,8.0,5.712662278
2021-22,16,256,Cancelo,DEF,MCI,6.7,5.468530903
2021-22,16,122,Alonso,DEF,CHE,5.7,4.862353925
2021-22,16,142,R James,DEF,CHE,6.3,4.68959451
2021-22,16,234,Robertson,DEF,LIV,7.0,4.686552244
2021-22,16,229,van Dijk,DEF,LIV,6.6,4.374623064
2021-22,16,262,Dias,DEF,MCI,6.0,4.124777663
2021-22,16,127,Rudiger,DEF,CHE,6.0,4.384230938
2021-22,16,249,Walker,DEF,MCI,5.5,3.312301554
2021-22,16,119,Azpilicueta,DEF,CHE,5.7,4.187795102
2021-22,16,259,Laporte,DEF,MCI,5.5,3.286183077
2021-22,16,273,Maguire,DEF,MUN,5.4,3.77116844
2021-22,16,121,T Silva,DEF,CHE,5.5,3.554828072
2021-22,16,411,A Cresswell,DEF,WHU,5.5,3.183827294
2021-22,16,252,Stones,DEF,MCI,5.3,2.994853453
2021-22,16,414,Dawson,DEF,WHU,4.9,3.389483365
2021-22,16,23,Gabriel,DEF,ARS,5.1,3.704771196
2021-22,16,418,Coufal,DEF,WHU,4.7,3.37910359
2021-22,16,98,Tarkowski,DEF,BUR,4.9,3.138588413
2021-22,16,275,Shaw,DEF,MUN,5.1,2.818372077
2021-22,16,288,Wan-Bissaka,DEF,MUN,5.2,1.855797317
2021-22,16,477,Guehi,DEF,CRY,4.5,3.555618667
2021-22,16,590,Tomiyasu,DEF,ARS,4.6,3.434772682
2021-22,16,224,Matip,DEF,LIV,4.9,2.824140538
2021-22,16,67,B White,DEF,ARS,4.4,3.43438571
2021-22,16,162,Mitchell,DEF,CRY,4.5,3.395796895
2021-22,16,91,Pinnock,DEF,BRE,4.6,3.828722797
2021-22,16,168,Digne,DEF,EVE,5.1,3.525685732
2021-22,16,150,Kouyate,DEF,CRY,4.5,3.342670182
2021-22,16,584,Cucurella,DEF,BHA,5.0,0.0
2021-22,16,264,Zinchenko,DEF,MCI,5.3,2.153143992
2021-22,16,76,Jansson,DEF,BRE,4.6,3.660365399
2021-22,16,437,Semedo,DEF,WOL,4.9,1.797964581
2021-22,16,106,Mee,DEF,BUR,4.9,2.422723655
2021-22,16,83,Henry,DEF,BRE,4.5,3.625265048
2021-22,16,45,Konsa,DEF,AVL,4.9,1.572596513
2021-22,16,474,J Ward,DEF,CRY,4.5,3.13699144
2021-22,16,113,Taylor,DEF,BUR,4.4,2.74945156
2021-22,16,169,Keane,DEF,EVE,5.0,3.227265609
2021-22,16,555,Varane,DEF,MUN,5.5,0.953886361
2021-22,16,133,Christensen,DEF,CHE,4.8,1.800074871
2021-22,16,284,Lindelof,DEF,MUN,4.8,2.832075193
2021-22,16,16,Tierney,DEF,ARS,4.7,2.080444059
2021-22,16,56,Duffy,DEF,BHA,4.2,0.0
2021-22,16,39,Targett,DEF,AVL,4.7,1.31160644
2021-22,16,431,Saiss,DEF,WOL,5.0,1.599758367
2021-22,16,491,Livramento,DEF,SOU,4.5,2.30532586
2021-22,16,147,Tomkins,DEF,CRY,4.3,2.559830801
2021-22,16,279,Telles,DEF,MUN,5.0,1.548170847
2021-22,16,44,Cash,DEF,AVL,5.0,1.527174924
2021-22,16,424,Diop,DEF,WHU,4.3,2.485577371
2021-22,16,62,Veltman,DEF,BHA,4.3,0.0
2021-22,16,38,Mings,DEF,AVL,4.9,1.476659832
2021-22,16,429,Coady,DEF,WOL,4.5,1.566234765
2021-22,16,201,Evans,DEF,LEI,5.4,3.94406079
2021-22,16,342,Walker-Peters,DEF,SOU,4.8,2.013492446
2021-22,16,243,Konate,DEF,LIV,5.1,1.560695222
2021-22,16,209,Castagne,DEF,LEI,5.3,3.73664437
2021-22,16,370,Reguilon,DEF,TOT,5.2,0.0
2021-22,16,217,Soyuncu,DEF,LEI,4.9,3.800222273
2021-22,16,71,Lamptey,DEF,BHA,4.4,0.0
2021-22,16,87,Goode,DEF,BRE,3.9,3.186856328
2021-22,16,110,Lowton,DEF,BUR,4.4,1.615737986
2021-22,16,510,Dalot,DEF,MUN,4.4,2.185335885
2021-22,16,466,Tavares,DEF,ARS,4.3,1.585832678
2021-22,16,351,Salisu,DEF,SOU,4.5,0.0
2021-22,16,179,Godfrey,DEF,EVE,4.8,2.765659344
2021-22,16,61,Webster,DEF,BHA,4.4,0.0
2021-22,16,128,Zouma,DEF,WHU,5.4,0.675568999
2021-22,16,59,Dunk,DEF,BHA,5.0,0.0
2021-22,16,58,Burn,DEF,BHA,4.4,0.0
2021-22,16,470,Ait-Nouri,DEF,WOL,4.3,1.00590775
2021-22,16,428,Boly,DEF,WOL,4.9,0.607511154
2021-22,16,165,Coleman,DEF,EVE,4.9,2.384484861
2021-22,16,585,C Roberts,DEF,BUR,4.5,0.984706859
2021-22,16,245,Tsimikas,DEF,LIV,3.8,0.47086333
2021-22,16,382,Femenia,DEF,WAT,4.3,2.042198202
2021-22,16,387,Troost-Ekong,DEF,WAT,4.4,2.169101808
2021-22,16,361,Dier,DEF,TOT,4.5,0.0
2021-22,16,326,Aarons,DEF,NOR,4.3,2.076760706
2021-22,16,377,Rose,DEF,WAT,4.2,2.141002914
2021-22,16,527,T Chalobah,DEF,CHE,4.8,0.221009394
2021-22,16,588,Emerson R,DEF,TOT,4.9,0.0
2021-22,16,319,Hanley,DEF,NOR,4.4,1.983999369
2021-22,16,439,Kilman,DEF,WOL,4.5,1.269834257
2021-22,16,292,Ritchie,DEF,NEW,4.9,2.651308116
2021-22,16,89,Roerslev,DEF,BRE,4.3,2.755664758
2021-22,16,379,Cathcart,DEF,WAT,4.4,2.183820058
2021-22,16,364,Ben T Davies,DEF,TOT,4.4,0.0
2021-22,16,338,J Stephens,DEF,SOU,4.4,2.076245735
2021-22,16,488,Andersen,DEF,CRY,4.5,0.522731426
2021-22,16,219,L Thomas,DEF,LEI,4.3,2.43961285
2021-22,16,567,Lyanco,DEF,SOU,4.4,2.078587459
2021-22,16,178,Holgate,DEF,EVE,4.2,1.339623834
2021-22,16,432,Marcal,DEF,WOL,4.2,0.674750505
2021-22,16,460,Perraud,DEF,SOU,4.8,0.88563658
2021-22,16,258,Ake,DEF,MCI,4.8,0.336521339
2021-22,16,343,Bednarek,DEF,SOU,4.4,0.126800994
2021-22,16,238,Gomez,DEF,LIV,4.7,0.35125824
2021-22,16,175,Mina,DEF,EVE,4.9,0.586580947
2021-22,16,286,Bailly,DEF,MUN,4.9,0.566995437
2021-22,16,456,Gibson,DEF,NOR,4.4,1.433424819
2021-22,16,473,Bertrand,DEF,LEI,4.6,1.287681758
2021-22,16,283,Tuanzebe,DEF,AVL,4.4,0.205185997
2021-22,16,367,D Sanchez,DEF,TOT,4.5,0.0
2021-22,16,100,Pieters,DEF,BUR,4.2,0.486624267
2021-22,16,36,Hause,DEF,AVL,4.4,0.129740663
2021-22,16,396,Sierralta,DEF,WAT,4.3,0.0
2021-22,16,451,Collins,DEF,BUR,4.3,0.819728824
2021-22,16,425,Johnson,DEF,WHU,4.0,0.242763487
2021-22,16,14,Holding,DEF,ARS,4.1,0.364789322
2021-22,16,218,Justin,DEF,LEI,4.9,0.698268308
2021-22,16,417,Masuaku,DEF,WHU,4.4,1.066177383
2021-22,16,494,Romero,DEF,TOT,4.9,0.0
2021-22,16,290,B Williams,DEF,NOR,3.9,0.0
2021-22,16,580,Kabak,DEF,NOR,4.5,1.524035898
2021-22,16,384,Kabasele,DEF,WAT,4.3,0.330891474
2021-22,16,158,Jach,DEF,CRY,4.3,0.322888539
2021-22,16,52,Young,DEF,AVL,4.7,1.09850283
2021-22,16,371,Tanganga,DEF,TOT,4.3,0.0
2021-22,16,493,Clyne,DEF,CRY,4.3,0.291423863
2021-22,16,8,Mari,DEF,ARS,4.2,0.18153698
2021-22,16,246,N Williams,DEF,LIV,3.9,0.130241387
2021-22,16,483,Ajer,DEF,BRE,4.4,0.0
2021-22,16,10,Chambers,DEF,ARS,4.2,0.184799902
2021-22,16,501,M Sarr,DEF,CHE,4.9,0.177590517
2021-22,16,90,M Sorensen,DEF,BRE,4.3,0.30079502
2021-22,16,5,Cedric,DEF,ARS,4.2,0.157105139
2021-22,16,374,Rodon,DEF,TOT,4.3,0.0
2021-22,16,11,Kolasinac,DEF,ARS,4.3,0.071724533
2021-22,16,594,Zanka,DEF,BRE,4.5,0.071315948
2021-22,16,293,Clark,DEF,NEW,4.4,1.90180533
2021-22,16,299,Lascelles,DEF,NEW,4.4,2.317059168
2021-22,16,360,Doherty,DEF,TOT,4.7,0.0
2021-22,16,151,Kelly,DEF,CRY,3.9,0.080433863
2021-22,16,415,Fredericks,DEF,WHU,4.4,0.355929223
2021-22,16,465,F Fernandez,DEF,NEW,4.3,0.767972492
2021-22,16,135,Chilwell,DEF,CHE,5.8,0.0
2021-22,16,560,H Roberts,DEF,BHA,4.0,0.0
2021-22,16,400,Ngakia,DEF,WAT,4.3,0.641396084
2021-22,16,340,Vestergaard,DEF,LEI,4.7,0.089303964
2021-22,16,99,Bardsley,DEF,BUR,3.9,0.029620164
2021-22,16,632,P Jones,DEF,MUN,4.5,0.036961721
2021-22,16,498,Thompson,DEF,BRE,4.4,0.074925742
2021-22,16,368,Sessegnon,DEF,TOT,4.3,0.0
2021-22,16,241,N Phillips,DEF,LIV,4.2,0.017937439
2021-22,16,331,Omobamidele,DEF,NOR,3.9,0.238943459
2021-22,16,544,Branthwaite,DEF,EVE,4.0,0.129733781
2021-22,16,161,Ferguson,DEF,CRY,4.5,0.05878188
2021-22,16,502,Kenny,DEF,EVE,4.4,0.130488056
2021-22,16,103,K Long,DEF,BUR,4.0,0.011210524
2021-22,16,554,J Baptiste,DEF,WHU,4.0,0.005700994
2021-22,16,569,Stevens,DEF,BRE,4.0,0.012637828
2021-22,16,565,Dodgson,DEF,BUR,3.9,0.002757134
2021-22,16,534,B Thomas,DEF,BUR,4.0,0.00251389
2021-22,16,390,Masina,DEF,WAT,4.3,0.0
2021-22,16,446,Mosquera,DEF,WOL,4.5,0.0
2021-22,16,433,Jonny,DEF,WOL,4.5,0.0
2021-22,16,409,Ogbonna,DEF,WHU,5.0,0.0
2021-22,16,540,Hannam,DEF,CRY,4.0,0.005265564
2021-22,16,598,Omole,DEF,TOT,4.0,0.0
2021-22,16,627,Beck,DEF,LIV,4.0,0.002300556
2021-22,16,604,Wilson-Esbrand,DEF,MCI,4.0,0.005010937
2021-22,16,603,Mbete,DEF,MCI,4.0,0.004969726
2021-22,16,546,Valery,DEF,SOU,4.0,0.004198847
2021-22,16,610,Bogarde,DEF,AVL,4.0,0.002834443
2021-22,16,626,Bradley,DEF,LIV,4.0,0.004667132
2021-22,16,639,Daley-Campbell,DEF,LEI,4.0,0.002768889
2021-22,16,617,Ashby,DEF,WHU,4.0,0.004200529
2021-22,16,515,Mumba,DEF,NOR,3.9,0.003507006
2021-22,16,635,Bueno,DEF,WOL,4.0,0.002943383
2021-22,16,623,Welch,DEF,EVE,4.0,0.00381243
2021-22,16,633,Morris,DEF,WAT,4.0,0.003318618
2021-22,16,608,Hjelde,DEF,LEE,4.0,0.003041434
2021-22,16,321,Byram,DEF,NOR,4.4,0.34721002
2021-22,16,562,Drameh,DEF,LEE,4.0,0.007399212
2021-22,16,618,Nkoulou,DEF,WAT,4.5,0.2583789
2021-22,16,327,J Sorensen,DEF,NOR,4.3,0.184767358
2021-22,16,301,Dummett,DEF,NEW,4.5,0.084835192
2021-22,16,324,Zimmermann,DEF,NOR,4.4,0.064046311
2021-22,16,220,Fofana,DEF,LEI,4.3,0.0
2021-22,16,207,R Pereira,DEF,LEI,5.3,0.0
2021-22,16,311,J Lewis,DEF,NEW,4.2,0.217175692
2021-22,16,443,Hoever,DEF,WOL,3.9,0.255945259
2021-22,16,194,Koch,DEF,LEE,4.3,0.0
2021-22,16,303,Krafth,DEF,NEW,4.3,0.453838311
2021-22,16,305,Schar,DEF,NEW,4.3,1.83296937
2021-22,16,208,Amartey,DEF,LEI,3.9,0.172763545
2021-22,16,563,C Cresswell,DEF,LEE,4.0,0.397026741
2021-22,16,184,Cooper,DEF,LEE,4.5,0.0
2021-22,16,457,Giannoulis,DEF,NOR,4.4,1.874476298
2021-22,16,185,Ayling,DEF,LEE,4.3,1.875342024
2021-22,16,302,Manquillo,DEF,NEW,4.0,1.335592288
2021-22,16,463,Firpo,DEF,LEE,4.7,1.802261138
2021-22,16,190,Llorente,DEF,LEE,4.5,1.7794083
2021-22,16,198,Struijk,DEF,LEE,4.4,1.343426812
2021-22,16,233,Salah,MID,LIV,13.0,6.765855243
2021-22,16,230,Mane,MID,LIV,12.0,5.536989485
2021-22,16,240,Jota,MID,LIV,7.9,5.588133147
2021-22,16,277,Fernandes,MID,MUN,11.6,5.291883332
2021-22,16,251,De Bruyne,MID,MCI,11.8,3.59374404
2021-22,16,265,Foden,MID,MCI,8.1,3.31125911
2021-22,16,154,Zaha,MID,CRY,7.0,4.315088709
2021-22,16,138,Mount,MID,CHE,7.4,4.688001922
2021-22,16,420,Bowen,MID,WHU,6.4,3.962142839
2021-22,16,281,Rashford,MID,MUN,9.4,4.321210888
2021-22,16,254,Mahrez,MID,MCI,8.6,3.820890384
2021-22,16,255,Sterling,MID,MCI,10.6,3.696509308
2021-22,16,250,Gundogan,MID,MCI,7.3,3.505281753
2021-22,16,96,Mbeumo,MID,BRE,5.5,4.470120482
2021-22,16,419,Benrahma,MID,WHU,6.2,3.609557173
2021-22,16,422,Soucek,MID,WHU,5.7,3.542654968
2021-22,16,261,B Silva,MID,MCI,7.3,3.567660793
2021-22,16,33,Grealish,MID,MCI,7.6,3.287931597
2021-22,16,485,Sancho,MID,MUN,8.9,3.799319954
2021-22,16,423,Fornals,MID,WHU,6.0,3.342091765
2021-22,16,22,Saka,MID,ARS,6.3,3.42065919
2021-22,16,341,Ward-Prowse,MID,SOU,6.3,3.174008952
2021-22,16,196,Raphinha,MID,LEE,6.7,3.20204712
2021-22,16,43,Buendia,MID,AVL,6.2,2.617649277
2021-22,16,359,Son,MID,TOT,10.4,0.0
2021-22,16,107,Westwood,MID,BUR,5.3,3.039858708
2021-22,16,118,McNeil,MID,BUR,5.8,3.031212546
2021-22,16,21,Smith Rowe,MID,ARS,6.0,2.766542782
2021-22,16,64,Trossard,MID,BHA,6.5,0.0
2021-22,16,215,H Barnes,MID,LEI,6.5,4.220290189
2021-22,16,144,Gallagher,MID,CRY,6.2,3.183744123
2021-22,16,212,Maddison,MID,LEI,6.7,4.194803999
2021-22,16,484,D Gray,MID,EVE,5.5,3.032625373
2021-22,16,578,Cornet,MID,BUR,6.1,2.136912863
2021-22,16,266,Rodri,MID,MCI,5.5,2.934079159
2021-22,16,173,Doucoure,MID,EVE,5.4,2.972730556
2021-22,16,222,J Henderson,MID,LIV,5.0,2.814253705
2021-22,16,289,M Greenwood,MID,MUN,7.3,2.892059879
2021-22,16,35,McGinn,MID,AVL,5.8,2.50576767
2021-22,16,55,Gross,MID,BHA,5.8,0.0
2021-22,16,141,Havertz,MID,CHE,7.9,2.756572955
2021-22,16,285,McTominay,MID,MUN,5.4,2.736994352
2021-22,16,274,Fred,MID,MUN,4.9,2.799025239
2021-22,16,225,Thiago,MID,LIV,5.3,2.591877251
2021-22,16,421,Rice,MID,WHU,5.1,2.76519413
2021-22,16,336,Redmond,MID,SOU,5.9,2.600826195
2021-22,16,267,Harrison,MID,LEE,5.6,2.598644559
2021-22,16,482,Townsend,MID,EVE,5.5,2.742557895
2021-22,16,188,Dallas,MID,LEE,5.1,2.551083966
2021-22,16,291,Shelvey,MID,NEW,5.3,2.710453685
2021-22,16,232,Fabinho,MID,LIV,5.4,2.569616675
2021-22,16,77,Norgaard,MID,BRE,5.0,2.973404953
2021-22,16,461,Trincao,MID,WOL,5.7,2.042047626
2021-22,16,558,Odegaard,MID,ARS,5.4,2.730130081
2021-22,16,84,Janelt,MID,BRE,5.0,2.780030035
2021-22,16,81,Canos,MID,BRE,5.5,0.0
2021-22,16,517,Elyounoussi,MID,SOU,5.5,2.462585544
2021-22,16,160,Eze,MID,CRY,5.9,2.053225946
2021-22,16,115,Brownhill,MID,BUR,4.4,2.51274102
2021-22,16,152,Milivojevic,MID,CRY,5.4,2.770677887
2021-22,16,132,Loftus-Cheek,MID,CHE,5.4,2.06476949
2021-22,16,495,Kucka,MID,WAT,5.5,2.441503803
2021-22,16,239,Keita,MID,LIV,5.0,1.773346058
2021-22,16,123,Jorginho,MID,CHE,5.8,1.082496518
2021-22,16,436,Neves,MID,WOL,5.3,2.078593301
2021-22,16,17,Pepe,MID,ARS,6.9,1.332916497
2021-22,16,287,D James,MID,LEE,6.0,2.308637757
2021-22,16,50,Douglas Luiz,MID,AVL,4.5,2.050003602
2021-22,16,318,McLean,MID,NOR,4.9,2.361325974
2021-22,16,426,Moutinho,MID,WOL,5.0,2.058175167
2021-22,16,216,Ndidi,MID,LEI,4.8,2.916942631
2021-22,16,354,Sissoko,MID,WAT,4.5,2.358124861
2021-22,16,148,McArthur,MID,CRY,4.4,0.938323338
2021-22,16,7,Xhaka,MID,ARS,4.8,2.412646824
2021-22,16,381,Cleverley,MID,WAT,4.8,2.259151681
2021-22,16,592,Saul,MID,CHE,5.0,2.585613061
2021-22,16,210,Tielemans,MID,LEI,6.4,0.917782396
2021-22,16,171,Allan,MID,EVE,4.5,2.354226728
2021-22,16,137,Pulisic,MID,CHE,7.9,1.664696959
2021-22,16,53,Lallana,MID,BHA,5.4,0.0
2021-22,16,15,Partey,MID,ARS,5.0,2.256360695
2021-22,16,86,Jensen,MID,BRE,4.9,2.000695001
2021-22,16,75,Moder,MID,BHA,4.5,0.0
2021-22,16,124,Barkley,MID,CHE,5.2,2.279683657
2021-22,16,365,Hojbjerg,MID,TOT,5.0,0.0
2021-22,16,19,Willock,MID,NEW,5.7,2.201845242
2021-22,16,42,El Ghazi,MID,AVL,5.6,1.859009777
2021-22,16,70,Bissouma,MID,BHA,4.4,0.0
2021-22,16,174,Iwobi,MID,EVE,5.8,2.181712138
2021-22,16,471,Lees-Melou,MID,NOR,4.8,1.341571365
2021-22,16,335,Romeu,MID,SOU,4.5,0.0
2021-22,16,145,Gilmour,MID,NOR,4.4,1.945880784
2021-22,16,202,Albrighton,MID,LEI,5.2,2.260687686
2021-22,16,362,Lucas Moura,MID,TOT,6.4,0.0
2021-22,16,131,Ziyech,MID,CHE,7.3,0.88508416
2021-22,16,60,March,MID,BHA,5.3,0.0
2021-22,16,458,Soumare,MID,LEI,4.8,2.30932625
2021-22,16,581,Normann,MID,NOR,4.5,0.642655809
2021-22,16,51,J Ramsey,MID,AVL,4.5,1.724261296
2021-22,16,130,Kante,MID,CHE,4.9,0.467582626
2021-22,16,140,Hudson-Odoi,MID,CHE,5.3,0.844976664
2021-22,16,26,Martinelli,MID,ARS,5.2,1.032720756
2021-22,16,557,Tufan,MID,WAT,5.0,1.239848755
2021-22,16,372,Lo Celso,MID,TOT,5.9,0.0
2021-22,16,101,Cork,MID,BUR,4.4,0.586301962
2021-22,16,587,Lookman,MID,LEI,6.0,0.174745382
2021-22,16,317,Rupp,MID,NOR,4.4,1.808845658
2021-22,16,323,Dowell,MID,NOR,5.2,1.039746606
2021-22,16,193,T Roberts,MID,LEE,4.8,2.032743515
2021-22,16,325,Cantwell,MID,NOR,5.3,0.918897466
2021-22,16,227,Chamberlain,MID,LIV,5.8,0.953401865
2021-22,16,186,Klich,MID,LEE,5.3,1.810370792
2021-22,16,524,Wissa,MID,BRE,5.9,1.809474838
2021-22,16,125,Kovacic,MID,CHE,5.1,0.0
2021-22,16,350,Djenepo,MID,SOU,5.3,1.586407922
2021-22,16,416,Lanzini,MID,WHU,5.8,1.164278092
2021-22,16,346,Tella,MID,SOU,4.7,1.568540715
2021-22,16,363,Alli,MID,TOT,6.3,0.0
2021-22,16,479,Onyeka,MID,BRE,4.9,1.955322179
2021-22,16,304,Murphy,MID,NEW,4.9,1.404329279
2021-22,16,375,Ndombele,MID,TOT,5.8,0.0
2021-22,16,339,S Armstrong,MID,SOU,5.8,0.596675165
2021-22,16,399,I Sarr,MID,WAT,5.9,0.0
2021-22,16,582,Vlasic,MID,WHU,5.7,1.279837756
2021-22,16,282,van de Beek,MID,MUN,5.7,0.848196788
2021-22,16,528,Tzolis,MID,NOR,4.8,1.176052215
2021-22,16,449,Rashica,MID,NOR,5.2,0.0
2021-22,16,505,Dewsbury-Hall,MID,LEI,4.5,0.627825502
2021-22,16,236,Minamino,MID,LIV,5.1,0.746135603
2021-22,16,507,Palmer,MID,MCI,4.5,0.223420858
2021-22,16,369,Bergwijn,MID,TOT,5.9,0.0
2021-22,16,462,Mwepu,MID,BHA,5.9,0.0
2021-22,16,268,Torres,MID,MCI,6.7,0.0
2021-22,16,74,Mac Allister,MID,BHA,5.4,0.0
2021-22,16,459,Mata,MID,MUN,4.8,0.029297151
2021-22,16,211,Perez,MID,LEI,5.7,0.031888208
2021-22,16,191,K Phillips,MID,LEE,4.8,0.0
2021-22,16,506,Elliott,MID,LIV,5.3,0.0
2021-22,16,203,N Mendy,MID,LEI,4.4,0.0
2021-22,16,467,Etebo,MID,WAT,4.4,0.0
2021-22,16,405,Baah,MID,WAT,4.4,0.0
2021-22,16,612,Sarmiento,MID,BHA,4.5,0.0
2021-22,16,82,Dasilva,MID,BRE,5.3,0.0
2021-22,16,441,Neto,MID,WOL,6.4,0.0
2021-22,16,272,Pogba,MID,MUN,7.4,0.0
2021-22,16,79,Fosu,MID,BRE,5.1,0.0
2021-22,16,629,McAtee,MID,MCI,4.5,0.00231138
2021-22,16,597,Markanday,MID,TOT,4.5,0.0
2021-22,16,512,Elanga,MID,MUN,4.8,0.004854719
2021-22,16,628,Haygarth,MID,BRE,4.5,0.001896592
2021-22,16,630,Onyango,MID,EVE,4.5,0.001749194
2021-22,16,625,K Gordon,MID,LIV,4.5,0.004302881
2021-22,16,508,Edozie,MID,MCI,4.8,0.0041729
2021-22,16,634,Perkins,MID,WHU,4.5,0.004146629
2021-22,16,613,Whitaker,MID,EVE,4.5,0.004045013
2021-22,16,609,Anderson,MID,NEW,4.5,0.004022941
2021-22,16,543,Banks,MID,CRY,4.5,0.003915425
2021-22,16,620,Morton,MID,LIV,4.5,0.003868951
2021-22,16,605,Lavia,MID,MCI,4.5,0.003818016
2021-22,16,541,Rak-Sakyi,MID,CRY,4.5,0.003760778
2021-22,16,614,Maghoma,MID,BRE,4.5,0.003898978
2021-22,16,601,McKinstry,MID,LEE,4.4,0.003516587
2021-22,16,638,Iroegbunam,MID,AVL,4.5,0.003306322
2021-22,16,37,Trezeguet,MID,AVL,5.4,0.0
2021-22,16,547,Cundle,MID,WOL,4.5,0.007938714
2021-22,16,600,Kenneh,MID,LEE,4.4,0.003316725
2021-22,16,599,J White,MID,NEW,4.4,0.003333157
2021-22,16,537,Richards,MID,BHA,4.5,0.0
2021-22,16,548,Campbell,MID,WOL,4.5,0.00780291
2021-22,16,73,Alzate,MID,BHA,4.8,0.0
2021-22,16,492,Bailey,MID,AVL,6.4,0.0
2021-22,16,32,B Traore,MID,AVL,5.7,0.0
2021-22,16,93,Zamburek,MID,BRE,4.4,0.023424379
2021-22,16,576,McCarron,MID,LEE,4.5,0.020179205
2021-22,16,244,C Jones,MID,LIV,5.0,0.10060074
2021-22,16,496,A Ramsey,MID,AVL,4.5,0.017813822
2021-22,16,373,Skipp,MID,TOT,4.5,0.0
2021-22,16,497,Philogene-Bidace,MID,AVL,5.0,0.036854437
2021-22,16,435,A Traore,MID,WOL,5.7,1.59398671
2021-22,16,631,Jenkins,MID,LEE,4.5,0.072275506
2021-22,16,97,Bidstrup,MID,BRE,4.4,0.091429014
2021-22,16,487,Bryan Gil,MID,TOT,5.7,0.0
2021-22,16,366,Winks,MID,TOT,4.4,0.0
2021-22,16,403,Louza,MID,WAT,5.2,0.829021157
2021-22,16,214,Choudhury,MID,LEI,4.4,0.522737914
2021-22,16,552,Forshaw,MID,LEE,4.5,1.840141683
2021-22,16,347,Smallbone,MID,SOU,4.5,0.077158853
2021-22,16,297,Hendrick,MID,NEW,4.8,0.134416878
2021-22,16,157,Riedewald,MID,CRY,4.8,0.272097321
2021-22,16,102,D Stephens,MID,BUR,4.4,0.038276027
2021-22,16,332,Walcott,MID,SOU,5.8,0.377816102
2021-22,16,438,Podence,MID,WOL,5.5,0.509011317
2021-22,16,589,Kral,MID,WHU,4.4,0.268734215
2021-22,16,406,Noble,MID,WHU,4.4,0.457482298
2021-22,16,386,Hughes,MID,CRY,4.7,0.127104725
2021-22,16,12,Elneny,MID,ARS,4.4,0.283186477
2021-22,16,551,Summerville,MID,LEE,4.5,0.262593802
2021-22,16,453,Fernandinho,MID,MCI,4.8,0.528370365
2021-22,16,328,Placheta,MID,NOR,4.7,0.163698345
2021-22,16,276,Lingard,MID,MUN,6.8,0.615407985
2021-22,16,176,T Davies,MID,EVE,4.9,0.190801931
2021-22,16,478,Lokonga,MID,ARS,4.8,1.229249196
2021-22,16,378,Gosling,MID,WAT,4.8,0.369541887
2021-22,16,41,Nakamba,MID,AVL,4.5,1.348019962
2021-22,16,85,Ghoddos,MID,BRE,5.3,0.740278116
2021-22,16,34,Sanson,MID,AVL,5.0,0.316382003
2021-22,16,221,Milner,MID,LIV,4.9,0.666855641
2021-22,16,575,Lennon,MID,BUR,4.9,1.22339023
2021-22,16,526,Chukwuemeka,MID,AVL,4.5,0.315115827
2021-22,16,271,Matic,MID,MUN,4.5,0.999861195
2021-22,16,624,Bate,MID,LEE,4.5,0.321181747
2021-22,16,172,Gomes,MID,EVE,4.9,0.901387515
2021-22,16,108,Gudmundsson,MID,BUR,5.4,1.760235986
2021-22,16,309,S Longstaff,MID,NEW,4.5,0.545431311
2021-22,16,306,Hayden,MID,NEW,4.5,1.733882804
2021-22,16,391,Sema,MID,WAT,5.2,0.151869258
2021-22,16,503,A Gordon,MID,EVE,4.5,0.566216918
2021-22,16,504,Gbamin,MID,EVE,4.5,0.617797851
2021-22,16,434,Dendoncker,MID,WOL,4.8,1.061446039
2021-22,16,13,Maitland-Niles,MID,ARS,5.3,0.506630002
2021-22,16,163,Delph,MID,EVE,4.4,0.416918294
2021-22,16,349,I Diallo,MID,SOU,4.5,1.627981676
2021-22,16,499,S Baptiste,MID,BRE,4.9,1.410720828
2021-22,16,464,Olise,MID,CRY,5.4,1.422724593
2021-22,16,155,Schlupp,MID,CRY,5.4,0.76493173
2021-22,16,197,Shackleton,MID,LEE,4.5,0.969974326
2021-22,16,308,Almiron,MID,NEW,5.2,1.248017812
2021-22,16,298,Fraser,MID,NEW,5.3,1.405038066
2021-22,16,412,Yarmolenko,MID,WHU,5.1,1.481723469
2021-22,16,529,Lukaku,FWD,CHE,11.5,5.242941429
2021-22,16,4,Aubameyang,FWD,ARS,9.8,4.614000738
2021-22,16,579,Ronaldo,FWD,MUN,12.3,4.792660778
2021-22,16,413,Antonio,FWD,WHU,8.0,4.355226397
2021-22,16,109,Wood,FWD,BUR,6.7,4.170695165
2021-22,16,40,Watkins,FWD,AVL,7.4,3.302622488
2021-22,16,468,King,FWD,WAT,5.7,3.847490775
2021-22,16,263,Jesus,FWD,MCI,8.7,3.101020052
2021-22,16,430,Jimenez,FWD,WOL,7.8,2.913824505
2021-22,16,315,Pukki,FWD,NOR,5.9,3.494202393
2021-22,16,205,Vardy,FWD,LEI,10.7,4.744313996
2021-22,16,180,Richarlison,FWD,EVE,7.4,3.517333039
2021-22,16,345,Adams,FWD,SOU,6.8,3.189810284
2021-22,16,525,A Armstrong,FWD,SOU,6.0,3.181917152
2021-22,16,296,Wilson,FWD,NEW,7.4,3.710909558
2021-22,16,357,Kane,FWD,TOT,12.3,0.0
2021-22,16,228,Firmino,FWD,LIV,8.7,1.528505077
2021-22,16,450,Dennis,FWD,WAT,5.4,3.117050563
2021-22,16,149,Benteke,FWD,CRY,6.4,2.951440637
2021-22,16,583,Hwang,FWD,WOL,5.8,2.426245913
2021-22,16,307,Saint-Maximin,FWD,NEW,6.9,3.040204534
2021-22,16,6,Lacazette,FWD,ARS,8.3,2.875189026
2021-22,16,177,Calvert-Lewin,FWD,EVE,7.9,0.939281752
2021-22,16,134,Werner,FWD,CHE,8.6,2.489807138
2021-22,16,63,Maupay,FWD,BHA,6.3,0.0
2021-22,16,78,Toney,FWD,BRE,6.7,0.0
2021-22,16,337,Ings,FWD,AVL,7.7,1.134340389
2021-22,16,88,Forss,FWD,BRE,5.3,3.788815647
2021-22,16,111,Vydra,FWD,BUR,5.2,2.518545512
2021-22,16,455,Daka,FWD,LEI,7.1,3.122422163
2021-22,16,516,Sargent,FWD,NOR,5.4,2.270560869
2021-22,16,586,Edouard,FWD,CRY,6.5,2.141704997
2021-22,16,472,Cucho,FWD,WAT,5.0,2.145125
2021-22,16,189,Bamford,FWD,LEE,7.7,0.692030961
2021-22,16,310,Joelinton,FWD,NEW,5.8,1.909451747
2021-22,16,404,Joao Pedro,FWD,WAT,5.4,2.102318158
2021-22,16,187,Rodrigo,FWD,LEE,6.3,0.0
2021-22,16,269,Cavani,FWD,MUN,8.4,0.245257347
2021-22,16,213,Iheanacho,FWD,LEI,7.0,0.163728646
2021-22,16,235,Origi,FWD,LIV,4.9,0.736338666
2021-22,16,278,Martial,FWD,MUN,7.6,0.346374427
2021-22,16,447,Welbeck,FWD,BHA,5.9,0.0
2021-22,16,20,Nketiah,FWD,ARS,5.4,0.162278598
2021-22,16,636,A Diallo,FWD,MUN,5.0,0.006036499
2021-22,16,159,Mateta,FWD,CRY,5.3,0.053128686
2021-22,16,533,Richardson,FWD,BUR,4.5,0.001877474
2021-22,16,520,Scarlett,FWD,TOT,4.5,0.0
2021-22,16,602,Simms,FWD,EVE,4.5,0.003850484
2021-22,16,542,Street,FWD,CRY,4.5,0.003770859
2021-22,16,622,Tosun,FWD,EVE,5.0,0.013179655
2021-22,16,519,S Long,FWD,SOU,5.4,0.045571048
2021-22,16,395,Fletcher,FWD,WAT,4.9,0.044832126
2021-22,16,105,A Barnes,FWD,BUR,5.2,0.0
2021-22,16,568,Archer,FWD,AVL,4.5,0.035189438
2021-22,16,640,Young-Coombes,FWD,BRE,4.5,0.267634587
2021-22,16,595,Locadia,FWD,BHA,4.4,0.0
2021-22,16,530,Balogun,FWD,ARS,4.8,0.087674992
2021-22,16,153,Ayew,FWD,CRY,5.8,1.476217243
2021-22,16,550,S Greenwood,FWD,LEE,4.5,0.083540786
2021-22,16,591,Rondon,FWD,EVE,6.0,0.496371975
2021-22,16,72,Connolly,FWD,BHA,5.3,0.0
2021-22,16,518,Broja,FWD,SOU,5.0,1.604163853
2021-22,16,607,Dobbin,FWD,EVE,4.5,0.069718322
2021-22,16,49,Davis,FWD,AVL,4.4,0.333785479
2021-22,16,300,Gayle,FWD,NEW,5.2,0.22532422
2021-22,16,104,Jay Rodriguez,FWD,BUR,5.2,1.767233696
2021-22,16,577,Gelhardt,FWD,LEE,4.5,0.579930821
2021-22,16,329,Idah,FWD,NOR,4.9,0.797345355
2021-22,16,445,F Silva,FWD,WOL,5.7,0.598728164
2021-22,17,257,Ederson,GK,MCI,6.0,4.044003
2021-22,17,231,Alisson,GK,LIV,6.0,4.072635464
2021-22,17,30,Martinez,GK,AVL,5.5,3.166296299
2021-22,17,143,E Mendy,GK,CHE,6.3,3.252894467
2021-22,17,559,Ramsdale,GK,ARS,4.9,3.007636198
2021-22,17,112,Pope,GK,BUR,5.4,3.052640813
2021-22,17,353,Lloris,GK,TOT,5.4,2.612074441
2021-22,17,408,Fabianski,GK,WHU,5.0,2.060659512
2021-22,17,69,R Sanchez,GK,BHA,4.6,1.9081327
2021-22,17,641,Caballero,GK,SOU,4.5,2.503405349
2021-22,17,270,de Gea,GK,MUN,5.0,0.0
2021-22,17,295,Dubravka,GK,NEW,4.4,2.325968317
2021-22,17,146,Guaita,GK,CRY,4.6,2.240275346
2021-22,17,170,Pickford,GK,EVE,4.9,1.952516413
2021-22,17,54,Steele,GK,BHA,4.0,1.375058153
2021-22,17,156,Butland,GK,CRY,4.4,1.034751121
2021-22,17,333,Forster,GK,SOU,4.4,0.307369915
2021-22,17,489,Areola,GK,WHU,4.7,0.208986119
2021-22,17,129,Kepa,GK,CHE,4.8,0.245534542
2021-22,17,280,D Henderson,GK,MUN,4.7,0.0
2021-22,17,476,Scherpen,GK,BHA,4.5,0.340291652
2021-22,17,480,Hennessey,GK,BUR,4.5,0.203056967
2021-22,17,556,A Fernandez,GK,BRE,4.5,0.0
2021-22,17,242,Kelleher,GK,LIV,4.4,0.101976519
2021-22,17,1,Leno,GK,ARS,4.6,0.075929322
2021-22,17,260,Steffen,GK,MCI,4.5,0.08329911
2021-22,17,452,Ruddy,GK,WOL,4.4,0.073979026
2021-22,17,28,Steer,GK,AVL,4.0,0.067172796
2021-22,17,448,Gunn,GK,NOR,4.0,0.135692321
2021-22,17,486,Gollini,GK,TOT,4.3,0.06329437
2021-22,17,637,H Lewis,GK,SOU,4.0,0.064696502
2021-22,17,490,Klaesson,GK,LEE,4.4,0.056794967
2021-22,17,619,Cox,GK,BRE,4.0,0.0
2021-22,17,532,Hein,GK,ARS,4.0,0.051286813
2021-22,17,204,D Ward,GK,LEI,4.0,0.05754353
2021-22,17,574,Elliot,GK,WAT,4.0,0.055616099
2021-22,17,481,Begovic,GK,EVE,4.0,0.042733834
2021-22,17,593,Carson,GK,MCI,3.9,0.009109983
2021-22,17,606,Bettinelli,GK,CHE,4.0,0.008672364
2021-22,17,596,Sinisalo,GK,AVL,4.0,0.007442629
2021-22,17,407,Randolph,GK,WHU,4.4,0.005808884
2021-22,17,561,Matthews,GK,CRY,4.0,0.007824446
2021-22,17,114,Norris,GK,BUR,4.4,0.007530543
2021-22,17,509,Heaton,GK,MUN,4.0,0.0
2021-22,17,514,Gillespie,GK,NEW,4.0,0.005851356
2021-22,17,572,Okonkwo,GK,ARS,4.0,0.003486527
2021-22,17,571,Lonergan,GK,EVE,4.0,0.005198505
2021-22,17,313,McGovern,GK,NOR,4.0,0.006278449
2021-22,17,573,Jakupovic,GK,LEI,4.0,0.006225267
2021-22,17,223,Adrian,GK,LIV,4.3,0.000924915
2021-22,17,615,Slicker,GK,MCI,4.0,0.000810115
2021-22,17,513,Woodman,GK,NEW,4.4,0.019727236
2021-22,17,616,Tyrer,GK,EVE,4.0,0.000490361
2021-22,17,376,Foster,GK,WAT,4.1,0.0
2021-22,17,80,Raya,GK,BRE,4.4,0.0
2021-22,17,334,McCarthy,GK,SOU,4.6,0.0
2021-22,17,621,Storer,GK,WOL,4.0,0.004117401
2021-22,17,611,Moulden,GK,WOL,4.0,0.004111815
2021-22,17,642,Angelini,GK,WAT,4.0,0.003552774
2021-22,17,294,Darlow,GK,NEW,4.5,0.052997612
2021-22,17,475,Sa,GK,WOL,5.0,1.752232433
2021-22,17,200,Schmeichel,GK,LEI,4.9,2.227081362
2021-22,17,199,Meslier,GK,LEE,4.9,1.57382209
2021-22,17,314,Krul,GK,NOR,4.5,1.921877247
2021-22,17,389,Bachmann,GK,WAT,4.2,1.228420798
2021-22,17,237,Trent,DEF,LIV,8.0,6.349459576
2021-22,17,122,Alonso,DEF,CHE,5.7,4.920163813
2021-22,17,234,Robertson,DEF,LIV,7.0,5.229986015
2021-22,17,229,van Dijk,DEF,LIV,6.6,4.823035438
2021-22,17,127,Rudiger,DEF,CHE,6.0,4.416388301
2021-22,17,142,R James,DEF,CHE,6.3,4.717000811
2021-22,17,262,Dias,DEF,MCI,6.0,3.940450804
2021-22,17,249,Walker,DEF,MCI,5.5,4.541704876
2021-22,17,256,Cancelo,DEF,MCI,6.7,0.0
2021-22,17,259,Laporte,DEF,MCI,5.5,3.504005341
2021-22,17,119,Azpilicueta,DEF,CHE,5.7,3.965086415
2021-22,17,584,Cucurella,DEF,BHA,5.0,4.334389598
2021-22,17,411,A Cresswell,DEF,WHU,5.5,2.100756199
2021-22,17,121,T Silva,DEF,CHE,5.5,3.631574869
2021-22,17,45,Konsa,DEF,AVL,4.9,3.592149945
2021-22,17,252,Stones,DEF,MCI,5.3,3.019073711
2021-22,17,437,Semedo,DEF,WOL,4.9,3.437576396
2021-22,17,264,Zinchenko,DEF,MCI,5.3,4.513497811
2021-22,17,414,Dawson,DEF,WHU,4.9,2.671849208
2021-22,17,98,Tarkowski,DEF,BUR,4.9,3.78768184
2021-22,17,23,Gabriel,DEF,ARS,5.1,3.405527075
2021-22,17,418,Coufal,DEF,WHU,4.7,2.576940034
2021-22,17,370,Reguilon,DEF,TOT,5.2,2.807368289
2021-22,17,39,Targett,DEF,AVL,4.7,3.354551548
2021-22,17,44,Cash,DEF,AVL,5.0,3.574050259
2021-22,17,38,Mings,DEF,AVL,4.9,3.53851703
2021-22,17,16,Tierney,DEF,ARS,4.7,2.995306908
2021-22,17,431,Saiss,DEF,WOL,5.0,2.966775849
2021-22,17,224,Matip,DEF,LIV,4.9,2.531648199
2021-22,17,477,Guehi,DEF,CRY,4.5,3.556803068
2021-22,17,590,Tomiyasu,DEF,ARS,4.6,3.092354206
2021-22,17,106,Mee,DEF,BUR,4.9,3.455838343
2021-22,17,273,Maguire,DEF,MUN,5.4,0.0
2021-22,17,67,B White,DEF,ARS,4.4,3.125795877
2021-22,17,288,Wan-Bissaka,DEF,MUN,5.2,0.0
2021-22,17,429,Coady,DEF,WOL,4.5,3.100292898
2021-22,17,488,Andersen,DEF,CRY,4.5,3.496868121
2021-22,17,113,Taylor,DEF,BUR,4.4,3.285289055
2021-22,17,162,Mitchell,DEF,CRY,4.5,3.384621733
2021-22,17,150,Kouyate,DEF,CRY,4.5,3.255884045
2021-22,17,133,Christensen,DEF,CHE,4.8,1.950726568
2021-22,17,58,Burn,DEF,BHA,4.4,3.687657012
2021-22,17,361,Dier,DEF,TOT,4.5,2.724394309
2021-22,17,169,Keane,DEF,EVE,5.0,2.09692095
2021-22,17,491,Livramento,DEF,SOU,4.5,2.536123641
2021-22,17,62,Veltman,DEF,BHA,4.3,2.124644983
2021-22,17,351,Salisu,DEF,SOU,4.5,2.806699449
2021-22,17,342,Walker-Peters,DEF,SOU,4.8,2.509805056
2021-22,17,275,Shaw,DEF,MUN,5.1,0.0
2021-22,17,555,Varane,DEF,MUN,5.5,0.0
2021-22,17,470,Ait-Nouri,DEF,WOL,4.3,2.156333695
2021-22,17,71,Lamptey,DEF,BHA,4.4,1.991905519
2021-22,17,474,J Ward,DEF,CRY,4.5,2.781700836
2021-22,17,588,Emerson R,DEF,TOT,4.9,2.107106773
2021-22,17,428,Boly,DEF,WOL,4.9,1.52872444
2021-22,17,243,Konate,DEF,LIV,5.1,2.022559622
2021-22,17,61,Webster,DEF,BHA,4.4,1.165991678
2021-22,17,439,Kilman,DEF,WOL,4.5,2.336510559
2021-22,17,128,Zouma,DEF,WHU,5.4,0.82194094
2021-22,17,110,Lowton,DEF,BUR,4.4,1.964885963
2021-22,17,91,Pinnock,DEF,BRE,4.6,0.0
2021-22,17,424,Diop,DEF,WHU,4.3,1.709733809
2021-22,17,76,Jansson,DEF,BRE,4.6,0.0
2021-22,17,165,Coleman,DEF,EVE,4.9,1.860094556
2021-22,17,201,Evans,DEF,LEI,5.4,3.105867106
2021-22,17,364,Ben T Davies,DEF,TOT,4.4,1.070516739
2021-22,17,209,Castagne,DEF,LEI,5.3,2.943122516
2021-22,17,179,Godfrey,DEF,EVE,4.8,1.827610265
2021-22,17,83,Henry,DEF,BRE,4.5,0.0
2021-22,17,326,Aarons,DEF,NOR,4.3,2.857967271
2021-22,17,279,Telles,DEF,MUN,5.0,0.0
2021-22,17,217,Soyuncu,DEF,LEI,4.9,2.969067517
2021-22,17,56,Duffy,DEF,BHA,4.2,0.0
2021-22,17,382,Femenia,DEF,WAT,4.3,2.290135888
2021-22,17,527,T Chalobah,DEF,CHE,4.8,0.571209365
2021-22,17,432,Marcal,DEF,WOL,4.2,1.424908782
2021-22,17,387,Troost-Ekong,DEF,WAT,4.4,2.273634543
2021-22,17,52,Young,DEF,AVL,4.7,2.219947768
2021-22,17,585,C Roberts,DEF,BUR,4.5,1.192447394
2021-22,17,367,D Sanchez,DEF,TOT,4.5,1.772023318
2021-22,17,460,Perraud,DEF,SOU,4.8,1.283927866
2021-22,17,175,Mina,DEF,EVE,4.9,0.793158405
2021-22,17,284,Lindelof,DEF,MUN,4.8,0.0
2021-22,17,245,Tsimikas,DEF,LIV,3.8,0.519953628
2021-22,17,456,Gibson,DEF,NOR,4.4,2.219998133
2021-22,17,567,Lyanco,DEF,SOU,4.4,1.667774105
2021-22,17,379,Cathcart,DEF,WAT,4.4,2.01865523
2021-22,17,343,Bednarek,DEF,SOU,4.4,0.483450257
2021-22,17,580,Kabak,DEF,NOR,4.5,2.668855284
2021-22,17,258,Ake,DEF,MCI,4.8,0.773000087
2021-22,17,338,J Stephens,DEF,SOU,4.4,1.096189078
2021-22,17,377,Rose,DEF,WAT,4.2,1.891271513
2021-22,17,178,Holgate,DEF,EVE,4.2,1.568038694
2021-22,17,238,Gomez,DEF,LIV,4.7,0.583811508
2021-22,17,417,Masuaku,DEF,WHU,4.4,1.344801191
2021-22,17,466,Tavares,DEF,ARS,4.3,0.789007933
2021-22,17,283,Tuanzebe,DEF,AVL,4.4,0.47440395
2021-22,17,87,Goode,DEF,BRE,3.9,0.0
2021-22,17,371,Tanganga,DEF,TOT,4.3,1.530796071
2021-22,17,218,Justin,DEF,LEI,4.9,0.968059104
2021-22,17,36,Hause,DEF,AVL,4.4,0.290758045
2021-22,17,321,Byram,DEF,NOR,4.4,1.574194086
2021-22,17,396,Sierralta,DEF,WAT,4.3,0.251073945
2021-22,17,494,Romero,DEF,TOT,4.9,0.388006512
2021-22,17,425,Johnson,DEF,WHU,4.0,0.312666442
2021-22,17,168,Digne,DEF,EVE,5.1,0.359317383
2021-22,17,360,Doherty,DEF,TOT,4.7,1.291617556
2021-22,17,219,L Thomas,DEF,LEI,4.3,1.853148527
2021-22,17,100,Pieters,DEF,BUR,4.2,0.577760396
2021-22,17,510,Dalot,DEF,MUN,4.4,0.0
2021-22,17,292,Ritchie,DEF,NEW,4.9,1.5347992
2021-22,17,290,B Williams,DEF,NOR,3.9,2.363808457
2021-22,17,390,Masina,DEF,WAT,4.3,0.227668619
2021-22,17,286,Bailly,DEF,MUN,4.9,0.0
2021-22,17,473,Bertrand,DEF,LEI,4.6,1.02722641
2021-22,17,14,Holding,DEF,ARS,4.1,0.333882915
2021-22,17,560,H Roberts,DEF,BHA,4.0,0.712390701
2021-22,17,451,Collins,DEF,BUR,4.3,0.49494921
2021-22,17,374,Rodon,DEF,TOT,4.3,0.389727633
2021-22,17,400,Ngakia,DEF,WAT,4.3,0.979269158
2021-22,17,147,Tomkins,DEF,CRY,4.3,0.276994726
2021-22,17,483,Ajer,DEF,BRE,4.4,0.0
2021-22,17,493,Clyne,DEF,CRY,4.3,0.388345715
2021-22,17,161,Ferguson,DEF,CRY,4.5,0.236437734
2021-22,17,8,Mari,DEF,ARS,4.2,0.166448553
2021-22,17,246,N Williams,DEF,LIV,3.9,0.143502624
2021-22,17,594,Zanka,DEF,BRE,4.5,0.0
2021-22,17,319,Hanley,DEF,NOR,4.4,0.140415446
2021-22,17,501,M Sarr,DEF,CHE,4.9,0.089880559
2021-22,17,90,M Sorensen,DEF,BRE,4.3,0.0
2021-22,17,135,Chilwell,DEF,CHE,5.8,0.0
2021-22,17,443,Hoever,DEF,WOL,3.9,0.342908912
2021-22,17,5,Cedric,DEF,ARS,4.2,0.072381522
2021-22,17,151,Kelly,DEF,CRY,3.9,0.080490055
2021-22,17,158,Jach,DEF,CRY,4.3,0.080427941
2021-22,17,10,Chambers,DEF,ARS,4.2,0.041781434
2021-22,17,99,Bardsley,DEF,BUR,3.9,0.073442515
2021-22,17,368,Sessegnon,DEF,TOT,4.3,0.101434119
2021-22,17,415,Fredericks,DEF,WHU,4.4,0.243715373
2021-22,17,340,Vestergaard,DEF,LEI,4.7,0.071577653
2021-22,17,241,N Phillips,DEF,LIV,4.2,0.019813878
2021-22,17,632,P Jones,DEF,MUN,4.5,0.0
2021-22,17,327,J Sorensen,DEF,NOR,4.3,0.126265181
2021-22,17,498,Thompson,DEF,BRE,4.4,0.0
2021-22,17,103,K Long,DEF,BUR,4.0,0.013050975
2021-22,17,554,J Baptiste,DEF,WHU,4.0,0.0047301
2021-22,17,565,Dodgson,DEF,BUR,3.9,0.003227071
2021-22,17,610,Bogarde,DEF,AVL,4.0,0.005602837
2021-22,17,569,Stevens,DEF,BRE,4.0,0.0
2021-22,17,534,B Thomas,DEF,BUR,4.0,0.002903284
2021-22,17,59,Dunk,DEF,BHA,5.0,0.0
2021-22,17,384,Kabasele,DEF,WAT,4.3,0.0
2021-22,17,11,Kolasinac,DEF,ARS,4.3,0.0
2021-22,17,446,Mosquera,DEF,WOL,4.5,0.0
2021-22,17,433,Jonny,DEF,WOL,4.5,0.0
2021-22,17,409,Ogbonna,DEF,WHU,5.0,0.0
2021-22,17,544,Branthwaite,DEF,EVE,4.0,0.004083391
2021-22,17,546,Valery,DEF,SOU,4.0,0.004926162
2021-22,17,627,Beck,DEF,LIV,4.0,0.002449949
2021-22,17,331,Omobamidele,DEF,NOR,3.9,0.0
2021-22,17,540,Hannam,DEF,CRY,4.0,0.005243219
2021-22,17,604,Wilson-Esbrand,DEF,MCI,4.0,0.004879767
2021-22,17,603,Mbete,DEF,MCI,4.0,0.004830105
2021-22,17,626,Bradley,DEF,LIV,4.0,0.004968859
2021-22,17,502,Kenny,DEF,EVE,4.4,0.003682833
2021-22,17,598,Omole,DEF,TOT,4.0,0.004276575
2021-22,17,617,Ashby,DEF,WHU,4.0,0.003725232
2021-22,17,644,Alese,DEF,WHU,4.0,0.003514543
2021-22,17,515,Mumba,DEF,NOR,3.9,0.004416063
2021-22,17,635,Bueno,DEF,WOL,4.0,0.003957972
2021-22,17,639,Daley-Campbell,DEF,LEI,4.0,0.002321087
2021-22,17,623,Welch,DEF,EVE,4.0,0.00311281
2021-22,17,633,Morris,DEF,WAT,4.0,0.003397988
2021-22,17,643,Tomkinson,DEF,NOR,4.0,0.00373738
2021-22,17,645,B Nelson,DEF,LEI,4.0,0.003678718
2021-22,17,608,Hjelde,DEF,LEE,4.0,0.002667645
2021-22,17,562,Drameh,DEF,LEE,4.0,0.005564239
2021-22,17,618,Nkoulou,DEF,WAT,4.5,0.26849116
2021-22,17,324,Zimmermann,DEF,NOR,4.4,0.086890033
2021-22,17,89,Roerslev,DEF,BRE,4.3,0.0
2021-22,17,301,Dummett,DEF,NEW,4.5,0.081048333
2021-22,17,220,Fofana,DEF,LEI,4.3,0.0
2021-22,17,207,R Pereira,DEF,LEI,5.3,0.0
2021-22,17,465,F Fernandez,DEF,NEW,4.3,0.389066585
2021-22,17,311,J Lewis,DEF,NEW,4.2,0.124534529
2021-22,17,194,Koch,DEF,LEE,4.3,0.0
2021-22,17,208,Amartey,DEF,LEI,3.9,0.136585902
2021-22,17,303,Krafth,DEF,NEW,4.3,0.258751254
2021-22,17,293,Clark,DEF,NEW,4.4,1.06543228
2021-22,17,198,Struijk,DEF,LEE,4.4,0.122014132
2021-22,17,184,Cooper,DEF,LEE,4.5,0.182017868
2021-22,17,185,Ayling,DEF,LEE,4.3,1.293203631
2021-22,17,563,C Cresswell,DEF,LEE,4.0,0.275223628
2021-22,17,457,Giannoulis,DEF,NOR,4.4,0.828219774
2021-22,17,299,Lascelles,DEF,NEW,4.4,1.254503076
2021-22,17,463,Firpo,DEF,LEE,4.7,1.247637485
2021-22,17,305,Schar,DEF,NEW,4.3,0.991529495
2021-22,17,302,Manquillo,DEF,NEW,4.0,0.748858641
2021-22,17,190,Llorente,DEF,LEE,4.5,1.205874379
2021-22,17,233,Salah,MID,LIV,13.0,6.938150678
2021-22,17,230,Mane,MID,LIV,12.0,5.551477348
2021-22,17,240,Jota,MID,LIV,7.9,4.639593428
2021-22,17,251,De Bruyne,MID,MCI,11.8,4.706465297
2021-22,17,359,Son,MID,TOT,10.4,3.985962214
2021-22,17,265,Foden,MID,MCI,8.1,4.161144699
2021-22,17,420,Bowen,MID,WHU,6.4,3.484310662
2021-22,17,154,Zaha,MID,CRY,7.0,4.28103127
2021-22,17,138,Mount,MID,CHE,7.4,4.254595282
2021-22,17,255,Sterling,MID,MCI,10.6,4.192432622
2021-22,17,250,Gundogan,MID,MCI,7.3,3.808638586
2021-22,17,254,Mahrez,MID,MCI,8.6,4.072042419
2021-22,17,419,Benrahma,MID,WHU,6.2,3.246679984
2021-22,17,422,Soucek,MID,WHU,5.7,3.182375376
2021-22,17,33,Grealish,MID,MCI,7.6,3.779747619
2021-22,17,261,B Silva,MID,MCI,7.3,3.917784819
2021-22,17,64,Trossard,MID,BHA,6.5,3.738630151
2021-22,17,423,Fornals,MID,WHU,6.0,3.002431798
2021-22,17,341,Ward-Prowse,MID,SOU,6.3,3.317593881
2021-22,17,22,Saka,MID,ARS,6.3,3.464325422
2021-22,17,336,Redmond,MID,SOU,5.9,3.357618701
2021-22,17,43,Buendia,MID,AVL,6.2,3.549005168
2021-22,17,55,Gross,MID,BHA,5.8,3.57908027
2021-22,17,277,Fernandes,MID,MUN,11.6,0.0
2021-22,17,212,Maddison,MID,LEI,6.7,3.847285015
2021-22,17,144,Gallagher,MID,CRY,6.2,3.602693855
2021-22,17,215,H Barnes,MID,LEI,6.5,3.796434682
2021-22,17,196,Raphinha,MID,LEE,6.7,2.84941473
2021-22,17,21,Smith Rowe,MID,ARS,6.0,3.230187233
2021-22,17,107,Westwood,MID,BUR,5.3,3.435074484
2021-22,17,118,McNeil,MID,BUR,5.8,3.41455118
2021-22,17,281,Rashford,MID,MUN,9.4,0.0
2021-22,17,35,McGinn,MID,AVL,5.8,3.279475917
2021-22,17,266,Rodri,MID,MCI,5.5,3.061164362
2021-22,17,484,D Gray,MID,EVE,5.5,2.580123895
2021-22,17,461,Trincao,MID,WOL,5.7,3.007045318
2021-22,17,222,J Henderson,MID,LIV,5.0,2.89067838
2021-22,17,141,Havertz,MID,CHE,7.9,3.366100388
2021-22,17,485,Sancho,MID,MUN,8.9,0.0
2021-22,17,578,Cornet,MID,BUR,6.1,2.174241493
2021-22,17,173,Doucoure,MID,EVE,5.4,2.533632627
2021-22,17,558,Odegaard,MID,ARS,5.4,2.958266901
2021-22,17,517,Elyounoussi,MID,SOU,5.5,2.760513789
2021-22,17,96,Mbeumo,MID,BRE,5.5,0.0
2021-22,17,267,Harrison,MID,LEE,5.6,2.467722788
2021-22,17,482,Townsend,MID,EVE,5.5,2.519700906
2021-22,17,421,Rice,MID,WHU,5.1,2.570876116
2021-22,17,225,Thiago,MID,LIV,5.3,2.677495303
2021-22,17,188,Dallas,MID,LEE,5.1,2.371031856
2021-22,17,436,Neves,MID,WOL,5.3,2.623778568
2021-22,17,50,Douglas Luiz,MID,AVL,4.5,2.685910312
2021-22,17,365,Hojbjerg,MID,TOT,5.0,2.57712307
2021-22,17,210,Tielemans,MID,LEI,6.4,1.445709098
2021-22,17,123,Jorginho,MID,CHE,5.8,1.633938707
2021-22,17,232,Fabinho,MID,LIV,5.4,2.653444999
2021-22,17,115,Brownhill,MID,BUR,4.4,2.683703546
2021-22,17,426,Moutinho,MID,WOL,5.0,2.440080594
2021-22,17,152,Milivojevic,MID,CRY,5.4,2.715119159
2021-22,17,75,Moder,MID,BHA,4.5,2.716812671
2021-22,17,291,Shelvey,MID,NEW,5.3,2.33993053
2021-22,17,17,Pepe,MID,ARS,6.9,1.693286741
2021-22,17,239,Keita,MID,LIV,5.0,2.083340311
2021-22,17,160,Eze,MID,CRY,5.9,2.073540218
2021-22,17,495,Kucka,MID,WAT,5.5,2.459693896
2021-22,17,53,Lallana,MID,BHA,5.4,2.10319418
2021-22,17,287,D James,MID,LEE,6.0,2.20286539
2021-22,17,81,Canos,MID,BRE,5.5,0.0
2021-22,17,289,M Greenwood,MID,MUN,7.3,0.0
2021-22,17,216,Ndidi,MID,LEI,4.8,2.679356287
2021-22,17,285,McTominay,MID,MUN,5.4,0.0
2021-22,17,318,McLean,MID,NOR,4.9,2.526738741
2021-22,17,174,Iwobi,MID,EVE,5.8,2.182331619
2021-22,17,274,Fred,MID,MUN,4.9,0.0
2021-22,17,70,Bissouma,MID,BHA,4.4,2.540293834
2021-22,17,60,March,MID,BHA,5.3,2.691514695
2021-22,17,354,Sissoko,MID,WAT,4.5,2.380556347
2021-22,17,132,Loftus-Cheek,MID,CHE,5.4,2.475461642
2021-22,17,381,Cleverley,MID,WAT,4.8,2.288396737
2021-22,17,145,Gilmour,MID,NOR,4.4,2.427447299
2021-22,17,7,Xhaka,MID,ARS,4.8,2.351263394
2021-22,17,42,El Ghazi,MID,AVL,5.6,2.196355165
2021-22,17,335,Romeu,MID,SOU,4.5,2.290605843
2021-22,17,435,A Traore,MID,WOL,5.7,2.771762608
2021-22,17,362,Lucas Moura,MID,TOT,6.4,1.977130357
2021-22,17,26,Martinelli,MID,ARS,5.2,2.11996996
2021-22,17,51,J Ramsey,MID,AVL,4.5,2.163928206
2021-22,17,171,Allan,MID,EVE,4.5,1.595472037
2021-22,17,137,Pulisic,MID,CHE,7.9,1.594351423
2021-22,17,15,Partey,MID,ARS,5.0,2.11422712
2021-22,17,84,Janelt,MID,BRE,5.0,0.0
2021-22,17,592,Saul,MID,CHE,5.0,2.079580158
2021-22,17,77,Norgaard,MID,BRE,5.0,0.0
2021-22,17,108,Gudmundsson,MID,BUR,5.4,2.550096149
2021-22,17,471,Lees-Melou,MID,NOR,4.8,1.430828593
2021-22,17,74,Mac Allister,MID,BHA,5.4,2.454540459
2021-22,17,372,Lo Celso,MID,TOT,5.9,1.668356357
2021-22,17,19,Willock,MID,NEW,5.7,1.933295922
2021-22,17,462,Mwepu,MID,BHA,5.9,1.946367574
2021-22,17,325,Cantwell,MID,NOR,5.3,1.786615278
2021-22,17,581,Normann,MID,NOR,4.5,1.461033186
2021-22,17,148,McArthur,MID,CRY,4.4,0.264638854
2021-22,17,346,Tella,MID,SOU,4.7,1.257204788
2021-22,17,193,T Roberts,MID,LEE,4.8,1.885227982
2021-22,17,130,Kante,MID,CHE,4.9,1.078762286
2021-22,17,369,Bergwijn,MID,TOT,5.9,1.827354507
2021-22,17,350,Djenepo,MID,SOU,5.3,0.950909854
2021-22,17,131,Ziyech,MID,CHE,7.3,0.844962467
2021-22,17,587,Lookman,MID,LEI,6.0,0.160360419
2021-22,17,186,Klich,MID,LEE,5.3,1.770891732
2021-22,17,363,Alli,MID,TOT,6.3,0.731331476
2021-22,17,332,Walcott,MID,SOU,5.8,1.092673583
2021-22,17,375,Ndombele,MID,TOT,5.8,1.373716732
2021-22,17,125,Kovacic,MID,CHE,5.1,0.38035854
2021-22,17,202,Albrighton,MID,LEI,5.2,1.871459369
2021-22,17,86,Jensen,MID,BRE,4.9,0.0
2021-22,17,317,Rupp,MID,NOR,4.4,1.719138285
2021-22,17,323,Dowell,MID,NOR,5.2,1.123133923
2021-22,17,140,Hudson-Odoi,MID,CHE,5.3,0.650131686
2021-22,17,557,Tufan,MID,WAT,5.0,1.184201121
2021-22,17,304,Murphy,MID,NEW,4.9,1.242049232
2021-22,17,339,S Armstrong,MID,SOU,5.8,0.956628172
2021-22,17,101,Cork,MID,BUR,4.4,0.625855349
2021-22,17,458,Soumare,MID,LEI,4.8,2.027424011
2021-22,17,416,Lanzini,MID,WHU,5.8,1.074141619
2021-22,17,124,Barkley,MID,CHE,5.2,0.938191443
2021-22,17,399,I Sarr,MID,WAT,5.9,0.0
2021-22,17,582,Vlasic,MID,WHU,5.7,1.186955742
2021-22,17,552,Forshaw,MID,LEE,4.5,1.840605527
2021-22,17,227,Chamberlain,MID,LIV,5.8,0.912903787
2021-22,17,449,Rashica,MID,NOR,5.2,0.0
2021-22,17,236,Minamino,MID,LIV,5.1,0.803634725
2021-22,17,507,Palmer,MID,MCI,4.5,0.241255182
2021-22,17,373,Skipp,MID,TOT,4.5,1.916313319
2021-22,17,282,van de Beek,MID,MUN,5.7,0.0
2021-22,17,438,Podence,MID,WOL,5.5,0.916345651
2021-22,17,268,Torres,MID,MCI,6.7,0.0
2021-22,17,526,Chukwuemeka,MID,AVL,4.5,1.293835448
2021-22,17,479,Onyeka,MID,BRE,4.9,0.0
2021-22,17,505,Dewsbury-Hall,MID,LEI,4.5,0.340544651
2021-22,17,211,Perez,MID,LEI,5.7,0.029633081
2021-22,17,459,Mata,MID,MUN,4.8,0.0
2021-22,17,191,K Phillips,MID,LEE,4.8,0.0
2021-22,17,506,Elliott,MID,LIV,5.3,0.0
2021-22,17,203,N Mendy,MID,LEI,4.4,0.0
2021-22,17,467,Etebo,MID,WAT,4.4,0.0
2021-22,17,405,Baah,MID,WAT,4.4,0.0
2021-22,17,612,Sarmiento,MID,BHA,4.5,0.0
2021-22,17,82,Dasilva,MID,BRE,5.3,0.0
2021-22,17,441,Neto,MID,WOL,6.4,0.0
2021-22,17,272,Pogba,MID,MUN,7.4,0.0
2021-22,17,79,Fosu,MID,BRE,5.1,0.0
2021-22,17,629,McAtee,MID,MCI,4.5,0.002452407
2021-22,17,512,Elanga,MID,MUN,4.8,0.0
2021-22,17,628,Haygarth,MID,BRE,4.5,0.0
2021-22,17,597,Markanday,MID,TOT,4.5,0.004326925
2021-22,17,630,Onyango,MID,EVE,4.5,0.001674719
2021-22,17,625,K Gordon,MID,LIV,4.5,0.004400236
2021-22,17,614,Maghoma,MID,BRE,4.5,0.0
2021-22,17,508,Edozie,MID,MCI,4.8,0.004302735
2021-22,17,634,Perkins,MID,WHU,4.5,0.003954043
2021-22,17,613,Whitaker,MID,EVE,4.5,0.003753561
2021-22,17,609,Anderson,MID,NEW,4.5,0.003752088
2021-22,17,620,Morton,MID,LIV,4.5,0.003943122
2021-22,17,543,Banks,MID,CRY,4.5,0.003913141
2021-22,17,605,Lavia,MID,MCI,4.5,0.003855877
2021-22,17,541,Rak-Sakyi,MID,CRY,4.5,0.003765129
2021-22,17,547,Cundle,MID,WOL,4.5,0.008747444
2021-22,17,647,McAteer,MID,LEI,4.5,0.003759012
2021-22,17,638,Iroegbunam,MID,AVL,4.5,0.003573071
2021-22,17,601,McKinstry,MID,LEE,4.4,0.003439482
2021-22,17,646,Brunt,MID,LEI,4.5,0.003485151
2021-22,17,37,Trezeguet,MID,AVL,5.4,0.049490444
2021-22,17,600,Kenneh,MID,LEE,4.4,0.003267879
2021-22,17,548,Campbell,MID,WOL,4.5,0.00850282
2021-22,17,599,J White,MID,NEW,4.4,0.003228045
2021-22,17,537,Richards,MID,BHA,4.5,0.02395236
2021-22,17,93,Zamburek,MID,BRE,4.4,0.0
2021-22,17,73,Alzate,MID,BHA,4.8,0.0
2021-22,17,492,Bailey,MID,AVL,6.4,0.0
2021-22,17,32,B Traore,MID,AVL,5.7,0.0
2021-22,17,576,McCarron,MID,LEE,4.5,0.019536252
2021-22,17,496,A Ramsey,MID,AVL,4.5,0.020045327
2021-22,17,244,C Jones,MID,LIV,5.0,0.209196964
2021-22,17,497,Philogene-Bidace,MID,AVL,5.0,0.041831105
2021-22,17,406,Noble,MID,WHU,4.4,0.438339709
2021-22,17,97,Bidstrup,MID,BRE,4.4,0.0
2021-22,17,631,Jenkins,MID,LEE,4.5,0.035366959
2021-22,17,157,Riedewald,MID,CRY,4.8,0.62950534
2021-22,17,589,Kral,MID,WHU,4.4,0.257027171
2021-22,17,347,Smallbone,MID,SOU,4.5,0.07892731
2021-22,17,551,Summerville,MID,LEE,4.5,0.249397855
2021-22,17,271,Matic,MID,MUN,4.5,0.0
2021-22,17,403,Louza,MID,WAT,5.2,0.775082812
2021-22,17,297,Hendrick,MID,NEW,4.8,0.123527894
2021-22,17,386,Hughes,MID,CRY,4.7,0.129804938
2021-22,17,102,D Stephens,MID,BUR,4.4,0.084548153
2021-22,17,276,Lingard,MID,MUN,6.8,0.0
2021-22,17,12,Elneny,MID,ARS,4.4,0.278523486
2021-22,17,453,Fernandinho,MID,MCI,4.8,0.528541094
2021-22,17,34,Sanson,MID,AVL,5.0,0.429179233
2021-22,17,41,Nakamba,MID,AVL,4.5,0.08169906
2021-22,17,328,Placheta,MID,NOR,4.7,0.170542002
2021-22,17,214,Choudhury,MID,LEI,4.4,0.4947205
2021-22,17,176,T Davies,MID,EVE,4.9,0.166490244
2021-22,17,478,Lokonga,MID,ARS,4.8,1.229534871
2021-22,17,487,Bryan Gil,MID,TOT,5.7,0.167516441
2021-22,17,378,Gosling,MID,WAT,4.8,0.374218342
2021-22,17,366,Winks,MID,TOT,4.4,0.151540072
2021-22,17,221,Milner,MID,LIV,4.9,0.680817683
2021-22,17,85,Ghoddos,MID,BRE,5.3,0.0
2021-22,17,528,Tzolis,MID,NOR,4.8,0.083646216
2021-22,17,575,Lennon,MID,BUR,4.9,1.42045254
2021-22,17,434,Dendoncker,MID,WOL,4.8,1.200914444
2021-22,17,349,I Diallo,MID,SOU,4.5,1.377361757
2021-22,17,524,Wissa,MID,BRE,5.9,0.0
2021-22,17,172,Gomes,MID,EVE,4.9,1.105312403
2021-22,17,624,Bate,MID,LEE,4.5,0.391870316
2021-22,17,503,A Gordon,MID,EVE,4.5,0.480360309
2021-22,17,309,S Longstaff,MID,NEW,4.5,0.501809129
2021-22,17,504,Gbamin,MID,EVE,4.5,0.467451186
2021-22,17,391,Sema,MID,WAT,5.2,0.271084807
2021-22,17,306,Hayden,MID,NEW,4.5,1.578991974
2021-22,17,163,Delph,MID,EVE,4.4,0.320114224
2021-22,17,13,Maitland-Niles,MID,ARS,5.3,0.49966788
2021-22,17,499,S Baptiste,MID,BRE,4.9,0.0
2021-22,17,197,Shackleton,MID,LEE,4.5,1.320347722
2021-22,17,464,Olise,MID,CRY,5.4,1.42379339
2021-22,17,155,Schlupp,MID,CRY,5.4,0.763141208
2021-22,17,308,Almiron,MID,NEW,5.2,1.135788073
2021-22,17,298,Fraser,MID,NEW,5.3,1.265320565
2021-22,17,412,Yarmolenko,MID,WHU,5.1,1.407282786
2021-22,17,357,Kane,FWD,TOT,12.3,4.659351705
2021-22,17,413,Antonio,FWD,WHU,8.0,3.849216005
2021-22,17,40,Watkins,FWD,AVL,7.4,4.411475802
2021-22,17,109,Wood,FWD,BUR,6.7,4.44383702
2021-22,17,205,Vardy,FWD,LEI,10.7,4.384573957
2021-22,17,263,Jesus,FWD,MCI,8.7,3.874807064
2021-22,17,468,King,FWD,WAT,5.7,3.822725838
2021-22,17,6,Lacazette,FWD,ARS,8.3,4.240964132
2021-22,17,315,Pukki,FWD,NOR,5.9,3.777748024
2021-22,17,529,Lukaku,FWD,CHE,11.5,2.616346669
2021-22,17,579,Ronaldo,FWD,MUN,12.3,0.0
2021-22,17,430,Jimenez,FWD,WOL,7.8,0.0
2021-22,17,180,Richarlison,FWD,EVE,7.4,2.290713118
2021-22,17,228,Firmino,FWD,LIV,8.7,2.259974413
2021-22,17,583,Hwang,FWD,WOL,5.8,3.135585758
2021-22,17,450,Dennis,FWD,WAT,5.4,3.196331997
2021-22,17,296,Wilson,FWD,NEW,7.4,3.068415101
2021-22,17,134,Werner,FWD,CHE,8.6,3.148125174
2021-22,17,149,Benteke,FWD,CRY,6.4,2.971067991
2021-22,17,63,Maupay,FWD,BHA,6.3,1.971663405
2021-22,17,78,Toney,FWD,BRE,6.7,0.0
2021-22,17,4,Aubameyang,FWD,ARS,9.8,0.0
2021-22,17,337,Ings,FWD,AVL,7.7,1.969886974
2021-22,17,307,Saint-Maximin,FWD,NEW,6.9,2.605129028
2021-22,17,525,A Armstrong,FWD,SOU,6.0,1.247231544
2021-22,17,177,Calvert-Lewin,FWD,EVE,7.9,0.57457382
2021-22,17,455,Daka,FWD,LEI,7.1,2.845375457
2021-22,17,111,Vydra,FWD,BUR,5.2,2.604835369
2021-22,17,189,Bamford,FWD,LEE,7.7,0.891199372
2021-22,17,516,Sargent,FWD,NOR,5.4,2.413995747
2021-22,17,586,Edouard,FWD,CRY,6.5,2.140044366
2021-22,17,472,Cucho,FWD,WAT,5.0,2.124900043
2021-22,17,591,Rondon,FWD,EVE,6.0,1.758622783
2021-22,17,187,Rodrigo,FWD,LEE,6.3,0.458155049
2021-22,17,310,Joelinton,FWD,NEW,5.8,1.723798883
2021-22,17,404,Joao Pedro,FWD,WAT,5.4,2.104986304
2021-22,17,345,Adams,FWD,SOU,6.8,0.129938561
2021-22,17,213,Iheanacho,FWD,LEI,7.0,0.15191598
2021-22,17,519,S Long,FWD,SOU,5.4,1.458223941
2021-22,17,235,Origi,FWD,LIV,4.9,0.809224304
2021-22,17,269,Cavani,FWD,MUN,8.4,0.0
2021-22,17,447,Welbeck,FWD,BHA,5.9,0.104581568
2021-22,17,20,Nketiah,FWD,ARS,5.4,0.348231818
2021-22,17,278,Martial,FWD,MUN,7.6,0.0
2021-22,17,636,A Diallo,FWD,MUN,5.0,0.0
2021-22,17,533,Richardson,FWD,BUR,4.5,0.001972048
2021-22,17,159,Mateta,FWD,CRY,5.3,0.053244909
2021-22,17,640,Young-Coombes,FWD,BRE,4.5,0.0
2021-22,17,602,Simms,FWD,EVE,4.5,0.003667396
2021-22,17,542,Street,FWD,CRY,4.5,0.003778263
2021-22,17,520,Scarlett,FWD,TOT,4.5,0.008329556
2021-22,17,622,Tosun,FWD,EVE,5.0,0.012202795
2021-22,17,607,Dobbin,FWD,EVE,4.5,0.010240579
2021-22,17,153,Ayew,FWD,CRY,5.8,1.505225715
2021-22,17,395,Fletcher,FWD,WAT,4.9,0.044897511
2021-22,17,105,A Barnes,FWD,BUR,5.2,0.0
2021-22,17,568,Archer,FWD,AVL,4.5,0.038309718
2021-22,17,530,Balogun,FWD,ARS,4.8,0.087126321
2021-22,17,72,Connolly,FWD,BHA,5.3,0.865175855
2021-22,17,550,S Greenwood,FWD,LEE,4.5,0.08124865
2021-22,17,595,Locadia,FWD,BHA,4.4,0.082130384
2021-22,17,49,Davis,FWD,AVL,4.4,0.28752325
2021-22,17,300,Gayle,FWD,NEW,5.2,0.204569833
2021-22,17,88,Forss,FWD,BRE,5.3,0.0
2021-22,17,104,Jay Rodriguez,FWD,BUR,5.2,1.958013594
2021-22,17,445,F Silva,FWD,WOL,5.7,1.483450298
2021-22,17,518,Broja,FWD,SOU,5.0,0.62409591
2021-22,17,577,Gelhardt,FWD,LEE,4.5,0.489030426
2021-22,17,329,Idah,FWD,NOR,4.9,0.837726748
2021-22,18,257,Ederson,GK,MCI,6.0,4.365067762
2021-22,18,231,Alisson,GK,LIV,6.0,3.828827831
2021-22,18,30,Martinez,GK,AVL,5.5,4.41015612
2021-22,18,559,Ramsdale,GK,ARS,4.9,3.879729699
2021-22,18,143,E Mendy,GK,CHE,6.3,4.052231075
2021-22,18,353,Lloris,GK,TOT,5.4,3.178382444
2021-22,18,475,Sa,GK,WOL,5.0,3.282012778
2021-22,18,112,Pope,GK,BUR,5.4,3.304862802
2021-22,18,199,Meslier,GK,LEE,4.9,3.51880401
2021-22,18,69,R Sanchez,GK,BHA,4.6,0.0
2021-22,18,295,Dubravka,GK,NEW,4.4,2.887868747
2021-22,18,408,Fabianski,GK,WHU,5.0,0.0
2021-22,18,270,de Gea,GK,MUN,5.0,0.0
2021-22,18,556,A Fernandez,GK,BRE,4.5,0.0
2021-22,18,170,Pickford,GK,EVE,4.9,0.0
2021-22,18,146,Guaita,GK,CRY,4.6,0.0
2021-22,18,389,Bachmann,GK,WAT,4.2,0.0
2021-22,18,314,Krul,GK,NOR,4.5,0.0
2021-22,18,200,Schmeichel,GK,LEI,4.9,0.0
2021-22,18,333,Forster,GK,SOU,4.4,0.0
2021-22,18,129,Kepa,GK,CHE,4.8,0.24206248
2021-22,18,641,Caballero,GK,SOU,4.5,0.0
2021-22,18,280,D Henderson,GK,MUN,4.7,0.0
2021-22,18,489,Areola,GK,WHU,4.7,0.0
2021-22,18,480,Hennessey,GK,BUR,4.5,0.168426928
2021-22,18,1,Leno,GK,ARS,4.6,0.077835237
2021-22,18,242,Kelleher,GK,LIV,4.4,0.086394107
2021-22,18,260,Steffen,GK,MCI,4.5,0.085657973
2021-22,18,156,Butland,GK,CRY,4.4,0.0
2021-22,18,486,Gollini,GK,TOT,4.3,0.05893378
2021-22,18,334,McCarthy,GK,SOU,4.6,0.0
2021-22,18,28,Steer,GK,AVL,4.0,0.071647171
2021-22,18,452,Ruddy,GK,WOL,4.4,0.063556054
2021-22,18,294,Darlow,GK,NEW,4.5,0.077299595
2021-22,18,54,Steele,GK,BHA,4.0,0.0
2021-22,18,490,Klaesson,GK,LEE,4.4,0.068377637
2021-22,18,448,Gunn,GK,NOR,4.0,0.0
2021-22,18,532,Hein,GK,ARS,4.0,0.04919519
2021-22,18,619,Cox,GK,BRE,4.0,0.0
2021-22,18,481,Begovic,GK,EVE,4.0,0.0
2021-22,18,476,Scherpen,GK,BHA,4.5,0.0
2021-22,18,513,Woodman,GK,NEW,4.4,0.025203991
2021-22,18,593,Carson,GK,MCI,3.9,0.009191722
2021-22,18,606,Bettinelli,GK,CHE,4.0,0.008465518
2021-22,18,574,Elliot,GK,WAT,4.0,0.0
2021-22,18,596,Sinisalo,GK,AVL,4.0,0.00786113
2021-22,18,114,Norris,GK,BUR,4.4,0.00656653
2021-22,18,509,Heaton,GK,MUN,4.0,0.0
2021-22,18,514,Gillespie,GK,NEW,4.0,0.006220513
2021-22,18,407,Randolph,GK,WHU,4.4,0.0
2021-22,18,572,Okonkwo,GK,ARS,4.0,0.003345692
2021-22,18,571,Lonergan,GK,EVE,4.0,0.0
2021-22,18,561,Matthews,GK,CRY,4.0,0.0
2021-22,18,637,H Lewis,GK,SOU,4.0,0.0
2021-22,18,223,Adrian,GK,LIV,4.3,0.000759573
2021-22,18,615,Slicker,GK,MCI,4.0,0.000817441
2021-22,18,313,McGovern,GK,NOR,4.0,0.0
2021-22,18,616,Tyrer,GK,EVE,4.0,0.0
2021-22,18,376,Foster,GK,WAT,4.1,0.0
2021-22,18,80,Raya,GK,BRE,4.4,0.0
2021-22,18,573,Jakupovic,GK,LEI,4.0,0.0
2021-22,18,656,Pitaluga,GK,LIV,4.0,0.004166198
2021-22,18,642,Angelini,GK,WAT,4.0,0.0
2021-22,18,650,Marschall,GK,AVL,4.0,0.004330648
2021-22,18,621,Storer,GK,WOL,4.0,0.003715718
2021-22,18,611,Moulden,GK,WOL,4.0,0.003702213
2021-22,18,204,D Ward,GK,LEI,4.0,0.0
2021-22,18,237,Trent,DEF,LIV,8.0,4.690097998
2021-22,18,256,Cancelo,DEF,MCI,6.7,5.415117272
2021-22,18,122,Alonso,DEF,CHE,5.7,4.358148074
2021-22,18,234,Robertson,DEF,LIV,7.0,3.828029481
2021-22,18,142,R James,DEF,CHE,6.3,4.300973883
2021-22,18,127,Rudiger,DEF,CHE,6.0,4.002568572
2021-22,18,262,Dias,DEF,MCI,6.0,3.927547614
2021-22,18,259,Laporte,DEF,MCI,5.5,3.340235295
2021-22,18,224,Matip,DEF,LIV,4.9,3.452526203
2021-22,18,249,Walker,DEF,MCI,5.5,2.758170892
2021-22,18,119,Azpilicueta,DEF,CHE,5.7,3.241561922
2021-22,18,437,Semedo,DEF,WOL,4.9,2.790664797
2021-22,18,16,Tierney,DEF,ARS,4.7,2.988270833
2021-22,18,45,Konsa,DEF,AVL,4.9,3.855241619
2021-22,18,121,T Silva,DEF,CHE,5.5,3.146537638
2021-22,18,370,Reguilon,DEF,TOT,5.2,2.015806123
2021-22,18,23,Gabriel,DEF,ARS,5.1,3.048309766
2021-22,18,252,Stones,DEF,MCI,5.3,2.275062648
2021-22,18,243,Konate,DEF,LIV,5.1,2.916795416
2021-22,18,44,Cash,DEF,AVL,5.0,3.863710382
2021-22,18,38,Mings,DEF,AVL,4.9,3.805081932
2021-22,18,39,Targett,DEF,AVL,4.7,3.635763682
2021-22,18,590,Tomiyasu,DEF,ARS,4.6,2.821502187
2021-22,18,98,Tarkowski,DEF,BUR,4.9,2.710021056
2021-22,18,67,B White,DEF,ARS,4.4,2.814401798
2021-22,18,264,Zinchenko,DEF,MCI,5.3,2.230766748
2021-22,18,431,Saiss,DEF,WOL,5.0,2.194500807
2021-22,18,429,Coady,DEF,WOL,4.5,2.447912749
2021-22,18,133,Christensen,DEF,CHE,4.8,2.386123544
2021-22,18,584,Cucurella,DEF,BHA,5.0,0.0
2021-22,18,411,A Cresswell,DEF,WHU,5.5,0.0
2021-22,18,361,Dier,DEF,TOT,4.5,2.132523412
2021-22,18,106,Mee,DEF,BUR,4.9,2.52544016
2021-22,18,113,Taylor,DEF,BUR,4.4,2.458810606
2021-22,18,432,Marcal,DEF,WOL,4.2,2.333186447
2021-22,18,288,Wan-Bissaka,DEF,MUN,5.2,0.0
2021-22,18,414,Dawson,DEF,WHU,4.9,0.0
2021-22,18,273,Maguire,DEF,MUN,5.4,0.0
2021-22,18,428,Boly,DEF,WOL,4.9,1.599767621
2021-22,18,588,Emerson R,DEF,TOT,4.9,1.593130759
2021-22,18,364,Ben T Davies,DEF,TOT,4.4,2.074629643
2021-22,18,61,Webster,DEF,BHA,4.4,0.0
2021-22,18,62,Veltman,DEF,BHA,4.3,0.0
2021-22,18,418,Coufal,DEF,WHU,4.7,0.0
2021-22,18,555,Varane,DEF,MUN,5.5,0.0
2021-22,18,110,Lowton,DEF,BUR,4.4,2.196021542
2021-22,18,169,Keane,DEF,EVE,5.0,0.0
2021-22,18,71,Lamptey,DEF,BHA,4.4,0.0
2021-22,18,527,T Chalobah,DEF,CHE,4.8,0.955760321
2021-22,18,275,Shaw,DEF,MUN,5.1,0.0
2021-22,18,56,Duffy,DEF,BHA,4.2,0.0
2021-22,18,439,Kilman,DEF,WOL,4.5,1.689635729
2021-22,18,91,Pinnock,DEF,BRE,4.6,0.0
2021-22,18,128,Zouma,DEF,WHU,5.4,0.0
2021-22,18,165,Coleman,DEF,EVE,4.9,0.0
2021-22,18,76,Jansson,DEF,BRE,4.6,0.0
2021-22,18,292,Ritchie,DEF,NEW,4.9,1.945545272
2021-22,18,229,van Dijk,DEF,LIV,6.6,0.391380963
2021-22,18,179,Godfrey,DEF,EVE,4.8,0.0
2021-22,18,83,Henry,DEF,BRE,4.5,0.0
2021-22,18,245,Tsimikas,DEF,LIV,3.8,0.476557662
2021-22,18,175,Mina,DEF,EVE,4.9,0.0
2021-22,18,367,D Sanchez,DEF,TOT,4.5,1.02987347
2021-22,18,279,Telles,DEF,MUN,5.0,0.0
2021-22,18,258,Ake,DEF,MCI,4.8,0.53548626
2021-22,18,58,Burn,DEF,BHA,4.4,0.0
2021-22,18,585,C Roberts,DEF,BUR,4.5,0.144760099
2021-22,18,162,Mitchell,DEF,CRY,4.5,0.0
2021-22,18,424,Diop,DEF,WHU,4.3,0.0
2021-22,18,477,Guehi,DEF,CRY,4.5,0.0
2021-22,18,488,Andersen,DEF,CRY,4.5,0.0
2021-22,18,494,Romero,DEF,TOT,4.9,0.193911792
2021-22,18,150,Kouyate,DEF,CRY,4.5,0.0
2021-22,18,326,Aarons,DEF,NOR,4.3,0.0
2021-22,18,284,Lindelof,DEF,MUN,4.8,0.0
2021-22,18,456,Gibson,DEF,NOR,4.4,0.0
2021-22,18,178,Holgate,DEF,EVE,4.2,0.0
2021-22,18,52,Young,DEF,AVL,4.7,1.232221601
2021-22,18,470,Ait-Nouri,DEF,WOL,4.3,0.241359348
2021-22,18,466,Tavares,DEF,ARS,4.3,0.531999625
2021-22,18,185,Ayling,DEF,LEE,4.3,2.912901164
2021-22,18,360,Doherty,DEF,TOT,4.7,1.071682235
2021-22,18,425,Johnson,DEF,WHU,4.0,0.0
2021-22,18,293,Clark,DEF,NEW,4.4,1.643693936
2021-22,18,283,Tuanzebe,DEF,AVL,4.4,0.515769755
2021-22,18,342,Walker-Peters,DEF,SOU,4.8,0.0
2021-22,18,371,Tanganga,DEF,TOT,4.3,0.77585577
2021-22,18,491,Livramento,DEF,SOU,4.5,0.0
2021-22,18,396,Sierralta,DEF,WAT,4.3,0.0
2021-22,18,238,Gomez,DEF,LIV,4.7,0.309377992
2021-22,18,387,Troost-Ekong,DEF,WAT,4.4,0.0
2021-22,18,580,Kabak,DEF,NOR,4.5,0.0
2021-22,18,36,Hause,DEF,AVL,4.4,0.316408327
2021-22,18,299,Lascelles,DEF,NEW,4.4,1.747859605
2021-22,18,87,Goode,DEF,BRE,3.9,0.0
2021-22,18,382,Femenia,DEF,WAT,4.3,0.0
2021-22,18,100,Pieters,DEF,BUR,4.2,0.438667103
2021-22,18,343,Bednarek,DEF,SOU,4.4,0.0
2021-22,18,474,J Ward,DEF,CRY,4.5,0.0
2021-22,18,14,Holding,DEF,ARS,4.1,0.302992672
2021-22,18,168,Digne,DEF,EVE,5.1,0.0
2021-22,18,374,Rodon,DEF,TOT,4.3,0.308255082
2021-22,18,390,Masina,DEF,WAT,4.3,0.0
2021-22,18,305,Schar,DEF,NEW,4.3,1.640209811
2021-22,18,417,Masuaku,DEF,WHU,4.4,0.0
2021-22,18,510,Dalot,DEF,MUN,4.4,0.0
2021-22,18,379,Cathcart,DEF,WAT,4.4,0.0
2021-22,18,286,Bailly,DEF,MUN,4.9,0.0
2021-22,18,351,Salisu,DEF,SOU,4.5,0.0
2021-22,18,483,Ajer,DEF,BRE,4.4,0.0
2021-22,18,451,Collins,DEF,BUR,4.3,0.369920807
2021-22,18,460,Perraud,DEF,SOU,4.8,0.0
2021-22,18,8,Mari,DEF,ARS,4.2,0.150038248
2021-22,18,319,Hanley,DEF,NOR,4.4,0.0
2021-22,18,594,Zanka,DEF,BRE,4.5,0.0
2021-22,18,246,N Williams,DEF,LIV,3.9,0.109064589
2021-22,18,135,Chilwell,DEF,CHE,5.8,0.0
2021-22,18,338,J Stephens,DEF,SOU,4.4,0.0
2021-22,18,562,Drameh,DEF,LEE,4.0,1.143960791
2021-22,18,321,Byram,DEF,NOR,4.4,0.0
2021-22,18,377,Rose,DEF,WAT,4.2,0.0
2021-22,18,501,M Sarr,DEF,CHE,4.9,0.08549489
2021-22,18,465,F Fernandez,DEF,NEW,4.3,0.095412932
2021-22,18,190,Llorente,DEF,LEE,4.5,2.683487104
2021-22,18,368,Sessegnon,DEF,TOT,4.3,0.142713262
2021-22,18,290,B Williams,DEF,NOR,3.9,0.0
2021-22,18,90,M Sorensen,DEF,BRE,4.3,0.0
2021-22,18,147,Tomkins,DEF,CRY,4.3,0.0
2021-22,18,5,Cedric,DEF,ARS,4.2,0.066225742
2021-22,18,161,N Ferguson,DEF,CRY,4.5,0.0
2021-22,18,10,Chambers,DEF,ARS,4.2,0.038141094
2021-22,18,99,Bardsley,DEF,BUR,3.9,0.055406861
2021-22,18,443,Hoever,DEF,WOL,3.9,0.281799131
2021-22,18,632,P Jones,DEF,MUN,4.5,0.0
2021-22,18,498,Thompson,DEF,BRE,4.4,0.0
2021-22,18,301,Dummett,DEF,NEW,4.5,0.044821328
2021-22,18,331,Omobamidele,DEF,NOR,3.9,0.0
2021-22,18,151,Kelly,DEF,CRY,3.9,0.0
2021-22,18,493,Clyne,DEF,CRY,4.3,0.0
2021-22,18,158,Jach,DEF,CRY,4.3,0.0
2021-22,18,560,H Roberts,DEF,BHA,4.0,0.0
2021-22,18,608,Hjelde,DEF,LEE,4.0,0.470070168
2021-22,18,415,Fredericks,DEF,WHU,4.4,0.0
2021-22,18,327,J Sorensen,DEF,NOR,4.3,0.0
2021-22,18,563,C Cresswell,DEF,LEE,4.0,1.911166602
2021-22,18,103,K Long,DEF,BUR,4.0,0.010318923
2021-22,18,554,J Baptiste,DEF,WHU,4.0,0.0
2021-22,18,544,Branthwaite,DEF,EVE,4.0,0.0
2021-22,18,569,Stevens,DEF,BRE,4.0,0.0
2021-22,18,565,Dodgson,DEF,BUR,3.9,0.002515861
2021-22,18,610,Bogarde,DEF,AVL,4.0,0.00607776
2021-22,18,59,Dunk,DEF,BHA,5.0,0.0
2021-22,18,384,Kabasele,DEF,WAT,4.3,0.0
2021-22,18,11,Kolasinac,DEF,ARS,4.3,0.0
2021-22,18,241,N Phillips,DEF,LIV,4.2,0.0
2021-22,18,446,Mosquera,DEF,WOL,4.5,0.0
2021-22,18,433,Jonny,DEF,WOL,4.5,0.0
2021-22,18,409,Ogbonna,DEF,WHU,5.0,0.0
2021-22,18,534,B Thomas,DEF,BUR,4.0,0.002319492
2021-22,18,502,Kenny,DEF,EVE,4.4,0.0
2021-22,18,617,Ashby,DEF,WHU,4.0,0.0
2021-22,18,653,Turns,DEF,BHA,4.0,0.0
2021-22,18,627,Beck,DEF,LIV,4.0,0.002063212
2021-22,18,546,Valery,DEF,SOU,4.0,0.0
2021-22,18,540,Hannam,DEF,CRY,4.0,0.0
2021-22,18,604,Wilson-Esbrand,DEF,MCI,4.0,0.004841114
2021-22,18,644,Alese,DEF,WHU,4.0,0.0
2021-22,18,603,Mbete,DEF,MCI,4.0,0.004805779
2021-22,18,515,Mumba,DEF,NOR,3.9,0.0
2021-22,18,651,Egan-Riley,DEF,MCI,4.0,0.004726626
2021-22,18,623,Welch,DEF,EVE,4.0,0.0
2021-22,18,598,Omole,DEF,TOT,4.0,0.003621194
2021-22,18,626,Bradley,DEF,LIV,4.0,0.004186879
2021-22,18,643,Tomkinson,DEF,NOR,4.0,0.0
2021-22,18,633,Morris,DEF,WAT,4.0,0.0
2021-22,18,639,Daley-Campbell,DEF,LEI,4.0,0.0
2021-22,18,645,B Nelson,DEF,LEI,4.0,0.0
2021-22,18,635,Bueno,DEF,WOL,4.0,0.003551227
2021-22,18,324,Zimmermann,DEF,NOR,4.4,0.0
2021-22,18,303,Krafth,DEF,NEW,4.3,0.353616296
2021-22,18,567,Lyanco,DEF,SOU,4.4,0.0
2021-22,18,400,Ngakia,DEF,WAT,4.3,0.0
2021-22,18,89,Roerslev,DEF,BRE,4.3,0.0
2021-22,18,311,J Lewis,DEF,NEW,4.2,0.073954589
2021-22,18,618,Nkoulou,DEF,WAT,4.5,0.0
2021-22,18,220,Fofana,DEF,LEI,4.3,0.0
2021-22,18,340,Vestergaard,DEF,LEI,4.7,0.0
2021-22,18,207,R Pereira,DEF,LEI,5.3,0.0
2021-22,18,457,Giannoulis,DEF,NOR,4.4,0.0
2021-22,18,194,Koch,DEF,LEE,4.3,0.098917053
2021-22,18,473,Bertrand,DEF,LEI,4.6,0.0
2021-22,18,302,Manquillo,DEF,NEW,4.0,1.046303411
2021-22,18,218,Justin,DEF,LEI,4.9,0.0
2021-22,18,219,L Thomas,DEF,LEI,4.3,0.0
2021-22,18,184,Cooper,DEF,LEE,4.5,0.25945135
2021-22,18,198,Struijk,DEF,LEE,4.4,0.260639431
2021-22,18,208,Amartey,DEF,LEI,3.9,0.0
2021-22,18,209,Castagne,DEF,LEI,5.3,0.0
2021-22,18,201,Evans,DEF,LEI,5.4,0.0
2021-22,18,217,Soyuncu,DEF,LEI,4.9,0.0
2021-22,18,463,Firpo,DEF,LEE,4.7,0.0
2021-22,18,233,Salah,MID,LIV,13.0,5.402175895
2021-22,18,230,Mane,MID,LIV,12.0,4.295084828
2021-22,18,240,Jota,MID,LIV,7.9,4.184181099
2021-22,18,359,Son,MID,TOT,10.4,4.218131806
2021-22,18,251,De Bruyne,MID,MCI,11.8,4.432156772
2021-22,18,265,Foden,MID,MCI,8.1,3.98242315
2021-22,18,138,Mount,MID,CHE,7.4,4.004319099
2021-22,18,255,Sterling,MID,MCI,10.6,3.948990627
2021-22,18,196,Raphinha,MID,LEE,6.7,4.46252301
2021-22,18,250,Gundogan,MID,MCI,7.3,3.353581027
2021-22,18,33,Grealish,MID,MCI,7.6,3.478224224
2021-22,18,254,Mahrez,MID,MCI,8.6,3.116771228
2021-22,18,22,Saka,MID,ARS,6.3,3.286915851
2021-22,18,141,Havertz,MID,CHE,7.9,3.353886657
2021-22,18,261,B Silva,MID,MCI,7.3,2.572231174
2021-22,18,43,Buendia,MID,AVL,6.2,3.714750227
2021-22,18,461,Trincao,MID,WOL,5.7,2.882865378
2021-22,18,21,Smith Rowe,MID,ARS,6.0,3.150801475
2021-22,18,267,Harrison,MID,LEE,5.6,3.488688706
2021-22,18,222,J Henderson,MID,LIV,5.0,2.841967248
2021-22,18,277,Fernandes,MID,MUN,11.6,0.0
2021-22,18,35,McGinn,MID,AVL,5.8,3.373742825
2021-22,18,435,A Traore,MID,WOL,5.7,2.612503253
2021-22,18,420,Bowen,MID,WHU,6.4,0.0
2021-22,18,64,Trossard,MID,BHA,6.5,0.0
2021-22,18,118,McNeil,MID,BUR,5.8,2.754368294
2021-22,18,107,Westwood,MID,BUR,5.3,2.700515822
2021-22,18,188,Dallas,MID,LEE,5.1,3.238828793
2021-22,18,266,Rodri,MID,MCI,5.5,2.771886819
2021-22,18,225,Thiago,MID,LIV,5.3,2.608215381
2021-22,18,26,Martinelli,MID,ARS,5.2,2.720528162
2021-22,18,419,Benrahma,MID,WHU,6.2,0.0
2021-22,18,422,Soucek,MID,WHU,5.7,0.0
2021-22,18,281,Rashford,MID,MUN,9.4,0.0
2021-22,18,239,Keita,MID,LIV,5.0,2.459301629
2021-22,18,558,Odegaard,MID,ARS,5.4,2.648790328
2021-22,18,137,Pulisic,MID,CHE,7.9,2.605472319
2021-22,18,55,Gross,MID,BHA,5.8,0.0
2021-22,18,37,Trezeguet,MID,AVL,5.4,2.746273908
2021-22,18,154,Zaha,MID,CRY,7.0,0.0
2021-22,18,578,Cornet,MID,BUR,6.1,1.642940503
2021-22,18,423,Fornals,MID,WHU,6.0,0.0
2021-22,18,436,Neves,MID,WOL,5.3,2.344227423
2021-22,18,291,Shelvey,MID,NEW,5.3,2.372869233
2021-22,18,365,Hojbjerg,MID,TOT,5.0,2.420646665
2021-22,18,123,Jorginho,MID,CHE,5.8,2.087417442
2021-22,18,485,Sancho,MID,MUN,8.9,0.0
2021-22,18,193,T Roberts,MID,LEE,4.8,2.949336457
2021-22,18,426,Moutinho,MID,WOL,5.0,2.303606755
2021-22,18,96,Mbeumo,MID,BRE,5.5,0.0
2021-22,18,341,Ward-Prowse,MID,SOU,6.3,0.0
2021-22,18,50,Douglas Luiz,MID,AVL,4.5,2.705527761
2021-22,18,336,Redmond,MID,SOU,5.9,0.0
2021-22,18,131,Ziyech,MID,CHE,7.3,2.02210942
2021-22,18,484,D Gray,MID,EVE,5.5,0.0
2021-22,18,51,J Ramsey,MID,AVL,4.5,2.639539338
2021-22,18,17,Pepe,MID,ARS,6.9,1.176251603
2021-22,18,173,Doucoure,MID,EVE,5.4,0.0
2021-22,18,115,Brownhill,MID,BUR,4.4,2.28832031
2021-22,18,186,Klich,MID,LEE,5.3,2.707904282
2021-22,18,362,Lucas Moura,MID,TOT,6.4,2.026656312
2021-22,18,7,Xhaka,MID,ARS,4.8,2.305743014
2021-22,18,482,Townsend,MID,EVE,5.5,0.0
2021-22,18,144,Gallagher,MID,CRY,6.2,0.0
2021-22,18,289,M Greenwood,MID,MUN,7.3,0.0
2021-22,18,421,Rice,MID,WHU,5.1,0.0
2021-22,18,285,McTominay,MID,MUN,5.4,0.0
2021-22,18,53,Lallana,MID,BHA,5.4,0.0
2021-22,18,274,Fred,MID,MUN,4.9,0.0
2021-22,18,81,Canos,MID,BRE,5.5,0.0
2021-22,18,19,Willock,MID,NEW,5.7,1.918608366
2021-22,18,75,Moder,MID,BHA,4.5,0.0
2021-22,18,372,Lo Celso,MID,TOT,5.9,1.697670178
2021-22,18,70,Bissouma,MID,BHA,4.4,0.0
2021-22,18,15,Partey,MID,ARS,5.0,1.999097284
2021-22,18,210,Tielemans,MID,LEI,6.4,0.0
2021-22,18,318,McLean,MID,NOR,4.9,0.0
2021-22,18,174,Iwobi,MID,EVE,5.8,0.0
2021-22,18,517,Elyounoussi,MID,SOU,5.5,0.0
2021-22,18,438,Podence,MID,WOL,5.5,1.622953583
2021-22,18,171,Allan,MID,EVE,4.5,0.0
2021-22,18,130,Kante,MID,CHE,4.9,1.842814259
2021-22,18,227,Chamberlain,MID,LIV,5.8,1.512119569
2021-22,18,215,H Barnes,MID,LEI,6.5,0.0
2021-22,18,145,Gilmour,MID,NOR,4.4,0.0
2021-22,18,363,Alli,MID,TOT,6.3,0.831741455
2021-22,18,84,Janelt,MID,BRE,5.0,0.0
2021-22,18,125,Kovacic,MID,CHE,5.1,0.72638082
2021-22,18,160,Eze,MID,CRY,5.9,0.0
2021-22,18,132,Loftus-Cheek,MID,CHE,5.4,1.184403726
2021-22,18,212,Maddison,MID,LEI,6.7,0.0
2021-22,18,495,Kucka,MID,WAT,5.5,0.0
2021-22,18,77,Norgaard,MID,BRE,5.0,0.0
2021-22,18,354,Sissoko,MID,WAT,4.5,0.0
2021-22,18,592,Saul,MID,CHE,5.0,1.422607199
2021-22,18,381,Cleverley,MID,WAT,4.8,0.0
2021-22,18,375,Ndombele,MID,TOT,5.8,1.303687562
2021-22,18,304,Murphy,MID,NEW,4.9,1.221050013
2021-22,18,148,McArthur,MID,CRY,4.4,0.0
2021-22,18,60,March,MID,BHA,5.3,0.0
2021-22,18,108,Gudmundsson,MID,BUR,5.4,2.010873791
2021-22,18,152,Milivojevic,MID,CRY,5.4,0.0
2021-22,18,232,Fabinho,MID,LIV,5.4,0.246169531
2021-22,18,471,Lees-Melou,MID,NOR,4.8,0.0
2021-22,18,552,Forshaw,MID,LEE,4.5,2.253137629
2021-22,18,86,Jensen,MID,BRE,4.9,0.0
2021-22,18,581,Normann,MID,NOR,4.5,0.0
2021-22,18,335,Romeu,MID,SOU,4.5,0.0
2021-22,18,101,Cork,MID,BUR,4.4,0.555861032
2021-22,18,449,Rashica,MID,NOR,5.2,0.0
2021-22,18,325,Cantwell,MID,NOR,5.3,0.0
2021-22,18,399,I Sarr,MID,WAT,5.9,0.0
2021-22,18,587,Lookman,MID,LEI,6.0,0.0
2021-22,18,369,Bergwijn,MID,TOT,5.9,1.307097133
2021-22,18,323,Dowell,MID,NOR,5.2,0.0
2021-22,18,416,Lanzini,MID,WHU,5.8,0.0
2021-22,18,551,Summerville,MID,LEE,4.5,0.847883579
2021-22,18,74,Mac Allister,MID,BHA,5.4,0.0
2021-22,18,216,Ndidi,MID,LEI,4.8,0.0
2021-22,18,462,Mwepu,MID,BHA,5.9,0.0
2021-22,18,339,S Armstrong,MID,SOU,5.8,0.0
2021-22,18,317,Rupp,MID,NOR,4.4,0.0
2021-22,18,582,Vlasic,MID,WHU,5.7,0.0
2021-22,18,332,Walcott,MID,SOU,5.8,0.0
2021-22,18,507,Palmer,MID,MCI,4.5,0.222187177
2021-22,18,268,Torres,MID,MCI,6.7,0.0
2021-22,18,346,Tella,MID,SOU,4.7,0.0
2021-22,18,282,van de Beek,MID,MUN,5.7,0.0
2021-22,18,350,Djenepo,MID,SOU,5.3,0.0
2021-22,18,140,Hudson-Odoi,MID,CHE,5.3,0.102058353
2021-22,18,459,Mata,MID,MUN,4.8,0.0
2021-22,18,191,K Phillips,MID,LEE,4.8,0.0
2021-22,18,506,Elliott,MID,LIV,5.3,0.0
2021-22,18,203,N Mendy,MID,LEI,4.4,0.0
2021-22,18,467,Etebo,MID,WAT,4.4,0.0
2021-22,18,405,Baah,MID,WAT,4.4,0.0
2021-22,18,612,Sarmiento,MID,BHA,4.5,0.0
2021-22,18,41,Nakamba,MID,AVL,4.5,0.0
2021-22,18,82,Dasilva,MID,BRE,5.3,0.0
2021-22,18,441,Neto,MID,WOL,6.4,0.0
2021-22,18,272,Pogba,MID,MUN,7.4,0.0
2021-22,18,79,Fosu,MID,BRE,5.1,0.0
2021-22,18,512,Elanga,MID,MUN,4.8,0.0
2021-22,18,629,McAtee,MID,MCI,4.5,0.00230047
2021-22,18,628,Haygarth,MID,BRE,4.5,0.0
2021-22,18,630,Onyango,MID,EVE,4.5,0.0
2021-22,18,634,Perkins,MID,WHU,4.5,0.0
2021-22,18,613,Whitaker,MID,EVE,4.5,0.0
2021-22,18,654,Leonard,MID,BHA,4.5,0.0
2021-22,18,537,Richards,MID,BHA,4.5,0.0
2021-22,18,648,Rowe,MID,NOR,4.5,0.0
2021-22,18,652,Oko-Flex,MID,WHU,4.5,0.0
2021-22,18,543,Banks,MID,CRY,4.5,0.0
2021-22,18,614,Maghoma,MID,BRE,4.5,0.0
2021-22,18,541,Rak-Sakyi,MID,CRY,4.5,0.0
2021-22,18,647,McAteer,MID,LEI,4.5,0.0
2021-22,18,597,Markanday,MID,TOT,4.5,0.004181447
2021-22,18,646,Brunt,MID,LEI,4.5,0.0
2021-22,18,625,K Gordon,MID,LIV,4.5,0.004051957
2021-22,18,508,Edozie,MID,MCI,4.8,0.004153365
2021-22,18,406,Noble,MID,WHU,4.4,0.0
2021-22,18,609,Anderson,MID,NEW,4.5,0.003745423
2021-22,18,620,Morton,MID,LIV,4.5,0.003692347
2021-22,18,605,Lavia,MID,MCI,4.5,0.003773121
2021-22,18,547,Cundle,MID,WOL,4.5,0.008505585
2021-22,18,638,Iroegbunam,MID,AVL,4.5,0.003642023
2021-22,18,548,Campbell,MID,WOL,4.5,0.008277414
2021-22,18,599,J White,MID,NEW,4.4,0.003287565
2021-22,18,93,Zamburek,MID,BRE,4.4,0.0
2021-22,18,244,C Jones,MID,LIV,5.0,0.046364905
2021-22,18,557,Tufan,MID,WAT,5.0,0.0
2021-22,18,73,Alzate,MID,BHA,4.8,0.0
2021-22,18,496,A Ramsey,MID,AVL,4.5,0.020621437
2021-22,18,492,Bailey,MID,AVL,6.4,0.117207236
2021-22,18,589,Kral,MID,WHU,4.4,0.0
2021-22,18,124,Barkley,MID,CHE,5.2,0.25211124
2021-22,18,601,McKinstry,MID,LEE,4.4,0.040003387
2021-22,18,505,Dewsbury-Hall,MID,LEI,4.5,0.0
2021-22,18,236,Minamino,MID,LIV,5.1,0.501412828
2021-22,18,97,Bidstrup,MID,BRE,4.4,0.0
2021-22,18,600,Kenneh,MID,LEE,4.4,0.036453606
2021-22,18,32,B Traore,MID,AVL,5.7,0.105526805
2021-22,18,157,Riedewald,MID,CRY,4.8,0.0
2021-22,18,497,Philogene-Bidace,MID,AVL,5.0,0.043072997
2021-22,18,576,McCarron,MID,LEE,4.5,0.094046323
2021-22,18,347,Smallbone,MID,SOU,4.5,0.0
2021-22,18,386,Hughes,MID,CRY,4.7,0.0
2021-22,18,328,Placheta,MID,NOR,4.7,0.0
2021-22,18,102,D Stephens,MID,BUR,4.4,0.037158204
2021-22,18,631,Jenkins,MID,LEE,4.5,0.128188826
2021-22,18,42,El Ghazi,MID,AVL,5.6,0.22692732
2021-22,18,211,Perez,MID,LEI,5.7,0.0
2021-22,18,297,Hendrick,MID,NEW,4.8,0.12507575
2021-22,18,214,Choudhury,MID,LEI,4.4,0.0
2021-22,18,221,Milner,MID,LIV,4.9,1.029183232
2021-22,18,287,D James,MID,LEE,6.0,0.212991035
2021-22,18,176,T Davies,MID,EVE,4.9,0.0
2021-22,18,276,Lingard,MID,MUN,6.8,0.0
2021-22,18,378,Gosling,MID,WAT,4.8,0.0
2021-22,18,503,A Gordon,MID,EVE,4.5,0.0
2021-22,18,12,Elneny,MID,ARS,4.4,0.27103999
2021-22,18,403,Louza,MID,WAT,5.2,0.0
2021-22,18,487,Bryan Gil,MID,TOT,5.7,0.161902466
2021-22,18,34,Sanson,MID,AVL,5.0,0.088601341
2021-22,18,504,Gbamin,MID,EVE,4.5,0.0
2021-22,18,453,Fernandinho,MID,MCI,4.8,0.474879678
2021-22,18,271,Matic,MID,MUN,4.5,0.0
2021-22,18,202,Albrighton,MID,LEI,5.2,0.0
2021-22,18,172,Gomes,MID,EVE,4.9,0.0
2021-22,18,528,Tzolis,MID,NOR,4.8,0.0
2021-22,18,366,Winks,MID,TOT,4.4,0.148591169
2021-22,18,163,Delph,MID,EVE,4.4,0.0
2021-22,18,479,Onyeka,MID,BRE,4.9,0.0
2021-22,18,85,Ghoddos,MID,BRE,5.3,0.0
2021-22,18,526,Chukwuemeka,MID,AVL,4.5,0.601100291
2021-22,18,458,Soumare,MID,LEI,4.8,0.0
2021-22,18,524,Wissa,MID,BRE,5.9,0.0
2021-22,18,434,Dendoncker,MID,WOL,4.8,1.195398478
2021-22,18,624,Bate,MID,LEE,4.5,0.560175246
2021-22,18,478,Lokonga,MID,ARS,4.8,1.149777673
2021-22,18,349,I Diallo,MID,SOU,4.5,0.0
2021-22,18,373,Skipp,MID,TOT,4.5,1.506531896
2021-22,18,309,S Longstaff,MID,NEW,4.5,0.499516101
2021-22,18,391,Sema,MID,WAT,5.2,0.0
2021-22,18,499,S Baptiste,MID,BRE,4.9,0.0
2021-22,18,155,Schlupp,MID,CRY,5.4,0.0
2021-22,18,412,Yarmolenko,MID,WHU,5.1,0.0
2021-22,18,575,Lennon,MID,BUR,4.9,1.254321623
2021-22,18,13,Maitland-Niles,MID,ARS,5.3,0.48913874
2021-22,18,464,Olise,MID,CRY,5.4,0.0
2021-22,18,306,Hayden,MID,NEW,4.5,1.576483146
2021-22,18,197,Shackleton,MID,LEE,4.5,0.299213248
2021-22,18,308,Almiron,MID,NEW,5.2,1.130678597
2021-22,18,298,Fraser,MID,NEW,5.3,1.247935271
2021-22,18,357,Kane,FWD,TOT,12.3,4.342984864
2021-22,18,430,Jimenez,FWD,WOL,7.8,3.587840285
2021-22,18,6,Lacazette,FWD,ARS,8.3,4.090347389
2021-22,18,40,Watkins,FWD,AVL,7.4,4.529197932
2021-22,18,337,Ings,FWD,AVL,7.7,4.057791461
2021-22,18,109,Wood,FWD,BUR,6.7,3.333252722
2021-22,18,263,Jesus,FWD,MCI,8.7,3.415607815
2021-22,18,228,Firmino,FWD,LIV,8.7,2.564885811
2021-22,18,296,Wilson,FWD,NEW,7.4,2.976170629
2021-22,18,413,Antonio,FWD,WHU,8.0,0.0
2021-22,18,579,Ronaldo,FWD,MUN,12.3,0.0
2021-22,18,307,Saint-Maximin,FWD,NEW,6.9,2.508384794
2021-22,18,315,Pukki,FWD,NOR,5.9,0.0
2021-22,18,63,Maupay,FWD,BHA,6.3,0.0
2021-22,18,177,Calvert-Lewin,FWD,EVE,7.9,0.0
2021-22,18,180,Richarlison,FWD,EVE,7.4,0.0
2021-22,18,468,King,FWD,WAT,5.7,0.0
2021-22,18,78,Toney,FWD,BRE,6.7,0.0
2021-22,18,529,Lukaku,FWD,CHE,11.5,0.568471225
2021-22,18,205,Vardy,FWD,LEI,10.7,0.0
2021-22,18,525,A Armstrong,FWD,SOU,6.0,0.0
2021-22,18,450,Dennis,FWD,WAT,5.4,0.0
2021-22,18,111,Vydra,FWD,BUR,5.2,2.105459241
2021-22,18,149,Benteke,FWD,CRY,6.4,0.0
2021-22,18,583,Hwang,FWD,WOL,5.8,0.493124516
2021-22,18,4,Aubameyang,FWD,ARS,9.8,0.0
2021-22,18,134,Werner,FWD,CHE,8.6,0.435139881
2021-22,18,189,Bamford,FWD,LEE,7.7,0.50715599
2021-22,18,516,Sargent,FWD,NOR,5.4,0.0
2021-22,18,310,Joelinton,FWD,NEW,5.8,1.651048555
2021-22,18,345,Adams,FWD,SOU,6.8,0.0
2021-22,18,591,Rondon,FWD,EVE,6.0,0.0
2021-22,18,586,Edouard,FWD,CRY,6.5,0.0
2021-22,18,472,Cucho,FWD,WAT,5.0,0.0
2021-22,18,187,Rodrigo,FWD,LEE,6.3,0.397579293
2021-22,18,269,Cavani,FWD,MUN,8.4,0.0
2021-22,18,447,Welbeck,FWD,BHA,5.9,0.0
2021-22,18,213,Iheanacho,FWD,LEI,7.0,0.0
2021-22,18,404,Joao Pedro,FWD,WAT,5.4,0.0
2021-22,18,278,Martial,FWD,MUN,7.6,0.0
2021-22,18,235,Origi,FWD,LIV,4.9,0.102196837
2021-22,18,20,Nketiah,FWD,ARS,5.4,0.156088792
2021-22,18,636,A Diallo,FWD,MUN,5.0,0.0
2021-22,18,602,Simms,FWD,EVE,4.5,0.0
2021-22,18,649,Dickson-Peters,FWD,NOR,4.5,0.0
2021-22,18,640,Young-Coombes,FWD,BRE,4.5,0.0
2021-22,18,655,E Ferguson,FWD,BHA,4.5,0.0
2021-22,18,542,Street,FWD,CRY,4.5,0.0
2021-22,18,533,Richardson,FWD,BUR,4.5,0.001816643
2021-22,18,622,Tosun,FWD,EVE,5.0,0.0
2021-22,18,520,Scarlett,FWD,TOT,4.5,0.008120124
2021-22,18,159,Mateta,FWD,CRY,5.3,0.0
2021-22,18,607,Dobbin,FWD,EVE,4.5,0.0
2021-22,18,395,Fletcher,FWD,WAT,4.9,0.0
2021-22,18,595,Locadia,FWD,BHA,4.4,0.0
2021-22,18,49,Davis,FWD,AVL,4.4,0.022627741
2021-22,18,72,Connolly,FWD,BHA,5.3,0.0
2021-22,18,519,S Long,FWD,SOU,5.4,0.0
2021-22,18,568,Archer,FWD,AVL,4.5,0.038975351
2021-22,18,530,Balogun,FWD,ARS,4.8,0.085619892
2021-22,18,105,A Barnes,FWD,BUR,5.2,0.083850184
2021-22,18,445,F Silva,FWD,WOL,5.7,0.161782028
2021-22,18,577,Gelhardt,FWD,LEE,4.5,1.844587097
2021-22,18,550,S Greenwood,FWD,LEE,4.5,0.268005231
2021-22,18,518,Broja,FWD,SOU,5.0,0.0
2021-22,18,455,Daka,FWD,LEI,7.1,0.0
2021-22,18,300,Gayle,FWD,NEW,5.2,0.201699694
2021-22,18,153,Ayew,FWD,CRY,5.8,0.0
2021-22,18,88,Forss,FWD,BRE,5.3,0.0
2021-22,18,329,Idah,FWD,NOR,4.9,0.0
2021-22,18,104,Jay Rodriguez,FWD,BUR,5.2,1.645362259
2021-22,19,353,Lloris,GK,TOT,5.4,4.200491463
2021-22,19,30,Martinez,GK,AVL,5.5,3.697688634
2021-22,19,270,de Gea,GK,MUN,5.1,3.63142508
2021-22,19,112,Pope,GK,BUR,5.4,0.0
2021-22,19,69,R Sanchez,GK,BHA,4.6,4.268669822
2021-22,19,559,Ramsdale,GK,ARS,5.1,4.225955534
2021-22,19,231,Alisson,GK,LIV,6.0,0.0
2021-22,19,257,Ederson,GK,MCI,6.0,4.197126239
2021-22,19,556,A Fernandez,GK,BRE,4.5,3.539840535
2021-22,19,408,Fabianski,GK,WHU,5.0,3.802106329
2021-22,19,170,Pickford,GK,EVE,4.9,0.0
2021-22,19,146,Guaita,GK,CRY,4.6,2.989122722
2021-22,19,199,Meslier,GK,LEE,4.9,0.0
2021-22,19,200,Schmeichel,GK,LEI,4.8,2.414392123
2021-22,19,475,Sa,GK,WOL,5.1,0.0
2021-22,19,143,E Mendy,GK,CHE,6.2,3.914381167
2021-22,19,295,Dubravka,GK,NEW,4.4,2.983504798
2021-22,19,314,Krul,GK,NOR,4.5,2.792534713
2021-22,19,389,Bachmann,GK,WAT,4.2,0.0
2021-22,19,334,McCarthy,GK,SOU,4.5,0.150384563
2021-22,19,129,Kepa,GK,CHE,4.7,0.149392838
2021-22,19,376,Foster,GK,WAT,4.1,0.0
2021-22,19,333,Forster,GK,SOU,4.4,1.531343832
2021-22,19,280,D Henderson,GK,MUN,4.7,0.288592358
2021-22,19,489,Areola,GK,WHU,4.7,0.195678566
2021-22,19,156,Butland,GK,CRY,4.4,0.162499296
2021-22,19,641,Caballero,GK,SOU,4.5,0.920266789
2021-22,19,242,Kelleher,GK,LIV,4.3,0.0
2021-22,19,481,Begovic,GK,EVE,4.0,0.0
2021-22,19,1,Leno,GK,ARS,4.5,0.102200426
2021-22,19,260,Steffen,GK,MCI,4.5,0.081741296
2021-22,19,486,Gollini,GK,TOT,4.3,0.075629061
2021-22,19,480,Hennessey,GK,BUR,4.5,0.0
2021-22,19,448,Gunn,GK,NOR,4.0,0.120957848
2021-22,19,28,Steer,GK,AVL,4.0,0.058904225
2021-22,19,294,Darlow,GK,NEW,4.5,0.079203429
2021-22,19,54,Steele,GK,BHA,4.0,0.05848703
2021-22,19,490,Klaesson,GK,LEE,4.4,0.0
2021-22,19,619,Cox,GK,BRE,4.0,0.065738987
2021-22,19,204,D Ward,GK,LEI,4.0,0.042589817
2021-22,19,452,Ruddy,GK,WOL,4.4,0.0
2021-22,19,606,Bettinelli,GK,CHE,4.0,0.008013195
2021-22,19,476,Scherpen,GK,BHA,4.5,0.025865235
2021-22,19,513,Woodman,GK,NEW,4.4,0.025688726
2021-22,19,509,Heaton,GK,MUN,4.0,0.00775594
2021-22,19,593,Carson,GK,MCI,3.9,0.008765721
2021-22,19,561,Matthews,GK,CRY,4.0,0.006428515
2021-22,19,114,Norris,GK,BUR,4.4,0.0
2021-22,19,596,Sinisalo,GK,AVL,4.0,0.006374647
2021-22,19,407,Randolph,GK,WHU,4.4,0.007023918
2021-22,19,571,Lonergan,GK,EVE,4.0,0.0
2021-22,19,514,Gillespie,GK,NEW,4.0,0.006378585
2021-22,19,650,Marschall,GK,AVL,4.0,0.005659862
2021-22,19,573,Jakupovic,GK,LEI,4.0,0.004503432
2021-22,19,574,Elliot,GK,WAT,4.0,0.0
2021-22,19,572,Okonkwo,GK,ARS,4.0,0.003722326
2021-22,19,532,Hein,GK,ARS,4.0,0.003714342
2021-22,19,313,McGovern,GK,NOR,4.0,0.005660274
2021-22,19,656,Pitaluga,GK,LIV,4.0,0.0
2021-22,19,223,Adrian,GK,LIV,4.3,0.0
2021-22,19,615,Slicker,GK,MCI,4.0,0.00078106
2021-22,19,616,Tyrer,GK,EVE,4.0,0.0
2021-22,19,80,Raya,GK,BRE,4.4,0.0
2021-22,19,659,Austin,GK,TOT,4.0,0.004462366
2021-22,19,621,Storer,GK,WOL,4.0,0.0
2021-22,19,611,Moulden,GK,WOL,4.0,0.0
2021-22,19,642,Angelini,GK,WAT,4.0,0.0
2021-22,19,637,H Lewis,GK,SOU,4.0,0.003553602
2021-22,19,237,Trent,DEF,LIV,8.3,0.0
2021-22,19,256,Cancelo,DEF,MCI,6.8,5.368847314
2021-22,19,555,Varane,DEF,MUN,5.5,2.492458702
2021-22,19,273,Maguire,DEF,MUN,5.4,3.616322356
2021-22,19,370,Reguilon,DEF,TOT,5.2,4.351195533
2021-22,19,288,Wan-Bissaka,DEF,MUN,5.1,3.466330241
2021-22,19,142,R James,DEF,CHE,6.3,4.03096869
2021-22,19,229,van Dijk,DEF,LIV,6.6,0.0
2021-22,19,234,Robertson,DEF,LIV,7.1,0.0
2021-22,19,127,Rudiger,DEF,CHE,6.2,3.832041528
2021-22,19,275,Shaw,DEF,MUN,5.0,3.122739172
2021-22,19,584,Cucurella,DEF,BHA,5.0,4.0015895
2021-22,19,262,Dias,DEF,MCI,6.1,3.281326959
2021-22,19,169,Keane,DEF,EVE,4.9,0.0
2021-22,19,45,Konsa,DEF,AVL,4.9,2.702293876
2021-22,19,411,A Cresswell,DEF,WHU,5.3,2.194446369
2021-22,19,39,Targett,DEF,AVL,4.7,2.622856393
2021-22,19,361,Dier,DEF,TOT,4.5,3.793326342
2021-22,19,44,Cash,DEF,AVL,5.0,2.648206479
2021-22,19,259,Laporte,DEF,MCI,5.5,3.42468834
2021-22,19,364,Ben T Davies,DEF,TOT,4.5,3.792945697
2021-22,19,122,Alonso,DEF,CHE,5.7,4.040720642
2021-22,19,414,Dawson,DEF,WHU,4.9,3.642254849
2021-22,19,38,Mings,DEF,AVL,5.0,2.62440316
2021-22,19,16,Tierney,DEF,ARS,4.8,3.632663042
2021-22,19,98,Tarkowski,DEF,BUR,4.9,0.0
2021-22,19,588,Emerson R,DEF,TOT,4.9,3.618928132
2021-22,19,23,Gabriel,DEF,ARS,5.3,3.613938798
2021-22,19,61,Webster,DEF,BHA,4.4,3.241980354
2021-22,19,165,Coleman,DEF,EVE,4.9,0.0
2021-22,19,62,Veltman,DEF,BHA,4.2,2.467339054
2021-22,19,249,Walker,DEF,MCI,5.5,1.738602563
2021-22,19,91,Pinnock,DEF,BRE,4.5,3.0300924
2021-22,19,179,Godfrey,DEF,EVE,4.8,0.0
2021-22,19,106,Mee,DEF,BUR,4.8,0.0
2021-22,19,121,T Silva,DEF,CHE,5.6,2.929691086
2021-22,19,110,Lowton,DEF,BUR,4.4,0.0
2021-22,19,343,Bednarek,DEF,SOU,4.4,2.439643903
2021-22,19,67,B White,DEF,ARS,4.5,3.320165819
2021-22,19,590,Tomiyasu,DEF,ARS,4.8,2.681740243
2021-22,19,488,Andersen,DEF,CRY,4.5,2.376281298
2021-22,19,477,Guehi,DEF,CRY,4.6,2.371436027
2021-22,19,113,Taylor,DEF,BUR,4.4,0.0
2021-22,19,418,Coufal,DEF,WHU,4.7,3.664102014
2021-22,19,162,Mitchell,DEF,CRY,4.5,2.403901053
2021-22,19,76,Jansson,DEF,BRE,4.6,2.881338319
2021-22,19,437,Semedo,DEF,WOL,4.8,0.0
2021-22,19,71,Lamptey,DEF,BHA,4.5,3.193420471
2021-22,19,185,Ayling,DEF,LEE,4.3,0.0
2021-22,19,252,Stones,DEF,MCI,5.3,2.564445265
2021-22,19,209,Castagne,DEF,LEI,5.3,0.208133838
2021-22,19,224,Matip,DEF,LIV,4.9,0.0
2021-22,19,59,Dunk,DEF,BHA,4.9,0.0
2021-22,19,83,Henry,DEF,BRE,4.5,2.302291985
2021-22,19,382,Femenia,DEF,WAT,4.3,0.0
2021-22,19,128,Zouma,DEF,WHU,5.4,0.56639867
2021-22,19,56,Duffy,DEF,BHA,4.1,3.88726145
2021-22,19,133,Christensen,DEF,CHE,4.7,1.918243125
2021-22,19,491,Livramento,DEF,SOU,4.4,2.271453616
2021-22,19,474,J Ward,DEF,CRY,4.5,2.161642583
2021-22,19,396,Sierralta,DEF,WAT,4.3,0.0
2021-22,19,264,Zinchenko,DEF,MCI,5.3,3.07940221
2021-22,19,342,Walker-Peters,DEF,SOU,4.8,2.135191389
2021-22,19,201,Evans,DEF,LEI,5.4,0.41222418
2021-22,19,527,T Chalobah,DEF,CHE,4.7,1.543880278
2021-22,19,119,Azpilicueta,DEF,CHE,5.7,2.334577721
2021-22,19,175,Mina,DEF,EVE,4.9,0.0
2021-22,19,463,Firpo,DEF,LEE,4.7,0.0
2021-22,19,429,Coady,DEF,WOL,4.5,0.0
2021-22,19,190,Llorente,DEF,LEE,4.5,0.0
2021-22,19,292,Ritchie,DEF,NEW,4.9,2.818293673
2021-22,19,379,Cathcart,DEF,WAT,4.3,0.0
2021-22,19,135,Chilwell,DEF,CHE,5.6,0.187299547
2021-22,19,217,Soyuncu,DEF,LEI,4.9,0.387169837
2021-22,19,178,Holgate,DEF,EVE,4.2,0.0
2021-22,19,279,Telles,DEF,MUN,5.0,1.035526173
2021-22,19,340,Vestergaard,DEF,LEI,4.7,1.242415187
2021-22,19,299,Lascelles,DEF,NEW,4.4,2.394886155
2021-22,19,58,Burn,DEF,BHA,4.4,3.344573127
2021-22,19,367,D Sanchez,DEF,TOT,4.5,2.051412397
2021-22,19,198,Struijk,DEF,LEE,4.3,0.0
2021-22,19,470,Ait-Nouri,DEF,WOL,4.3,0.0
2021-22,19,431,Saiss,DEF,WOL,5.0,0.0
2021-22,19,424,Diop,DEF,WHU,4.3,3.18279852
2021-22,19,305,Schar,DEF,NEW,4.3,2.119135671
2021-22,19,150,Kouyate,DEF,CRY,4.5,2.349527407
2021-22,19,439,Kilman,DEF,WOL,4.5,0.0
2021-22,19,494,Romero,DEF,TOT,4.9,0.0
2021-22,19,243,Konate,DEF,LIV,5.1,0.0
2021-22,19,425,Johnson,DEF,WHU,4.0,0.436460367
2021-22,19,326,Aarons,DEF,NOR,4.3,2.31480039
2021-22,19,483,Ajer,DEF,BRE,4.4,0.0
2021-22,19,567,Lyanco,DEF,SOU,4.4,0.268318973
2021-22,19,168,Digne,DEF,EVE,5.0,0.0
2021-22,19,184,Cooper,DEF,LEE,4.5,0.0
2021-22,19,245,Tsimikas,DEF,LIV,3.7,0.0
2021-22,19,218,Justin,DEF,LEI,4.9,0.07067797
2021-22,19,417,Masuaku,DEF,WHU,4.4,2.408284467
2021-22,19,52,Young,DEF,AVL,4.7,0.803888382
2021-22,19,428,Boly,DEF,WOL,4.9,0.0
2021-22,19,302,Manquillo,DEF,NEW,3.9,1.549489189
2021-22,19,432,Marcal,DEF,WOL,4.2,0.0
2021-22,19,456,Gibson,DEF,NOR,4.4,2.213008251
2021-22,19,371,Tanganga,DEF,TOT,4.2,1.409947541
2021-22,19,377,Rose,DEF,WAT,4.2,0.0
2021-22,19,284,Lindelof,DEF,MUN,4.8,0.593606796
2021-22,19,351,Salisu,DEF,SOU,4.5,2.099193137
2021-22,19,293,Clark,DEF,NEW,4.4,1.289799009
2021-22,19,460,Perraud,DEF,SOU,4.8,0.652906806
2021-22,19,219,L Thomas,DEF,LEI,4.3,1.149478419
2021-22,19,238,Gomez,DEF,LIV,4.7,0.0
2021-22,19,319,Hanley,DEF,NOR,4.4,0.237994987
2021-22,19,510,Dalot,DEF,MUN,4.5,0.451568299
2021-22,19,338,J Stephens,DEF,SOU,4.4,0.346718764
2021-22,19,400,Ngakia,DEF,WAT,4.3,0.0
2021-22,19,258,Ake,DEF,MCI,4.7,0.513011522
2021-22,19,580,Kabak,DEF,NOR,4.4,1.672567529
2021-22,19,207,R Pereira,DEF,LEI,5.2,0.0
2021-22,19,390,Masina,DEF,WAT,4.3,0.0
2021-22,19,360,Doherty,DEF,TOT,4.7,0.839357504
2021-22,19,473,Bertrand,DEF,LEI,4.6,0.91023875
2021-22,19,90,M Sorensen,DEF,BRE,4.3,0.667409604
2021-22,19,147,Tomkins,DEF,CRY,4.3,0.292769865
2021-22,19,374,Rodon,DEF,TOT,4.3,0.638599669
2021-22,19,220,Fofana,DEF,LEI,4.3,0.0
2021-22,19,194,Koch,DEF,LEE,4.3,0.0
2021-22,19,387,Troost-Ekong,DEF,WAT,4.3,0.0
2021-22,19,466,Tavares,DEF,ARS,4.3,0.669381295
2021-22,19,286,Bailly,DEF,MUN,4.9,1.225430011
2021-22,19,594,Zanka,DEF,BRE,4.5,0.0
2021-22,19,283,Tuanzebe,DEF,AVL,4.4,0.58961884
2021-22,19,311,J Lewis,DEF,NEW,4.2,0.0
2021-22,19,14,Holding,DEF,ARS,4.1,0.486968569
2021-22,19,585,C Roberts,DEF,BUR,4.5,0.0
2021-22,19,5,Cedric,DEF,ARS,4.2,0.7632542
2021-22,19,87,Goode,DEF,BRE,3.9,0.0
2021-22,19,290,B Williams,DEF,NOR,3.9,1.832200155
2021-22,19,303,Krafth,DEF,NEW,4.3,0.419809497
2021-22,19,100,Pieters,DEF,BUR,4.2,0.0
2021-22,19,493,Clyne,DEF,CRY,4.3,0.2730738
2021-22,19,301,Dummett,DEF,NEW,4.5,0.0
2021-22,19,36,Hause,DEF,AVL,4.4,0.127456487
2021-22,19,451,Collins,DEF,BUR,4.3,0.0
2021-22,19,618,Nkoulou,DEF,WAT,4.4,0.0
2021-22,19,89,Roerslev,DEF,BRE,4.3,1.133004951
2021-22,19,246,N Williams,DEF,LIV,3.9,0.0
2021-22,19,465,F Fernandez,DEF,NEW,4.3,0.0
2021-22,19,331,Omobamidele,DEF,NOR,3.9,0.426613429
2021-22,19,8,Mari,DEF,ARS,4.2,0.0
2021-22,19,161,N Ferguson,DEF,CRY,4.5,0.025841254
2021-22,19,368,Sessegnon,DEF,TOT,4.3,0.0
2021-22,19,501,M Sarr,DEF,CHE,4.9,0.07907765
2021-22,19,384,Kabasele,DEF,WAT,4.3,0.0
2021-22,19,321,Byram,DEF,NOR,4.4,0.938072316
2021-22,19,443,Hoever,DEF,WOL,3.9,0.0
2021-22,19,544,Branthwaite,DEF,EVE,4.0,0.0
2021-22,19,433,Jonny,DEF,WOL,4.5,0.0
2021-22,19,632,P Jones,DEF,MUN,4.5,0.036336014
2021-22,19,99,Bardsley,DEF,BUR,3.9,0.0
2021-22,19,563,C Cresswell,DEF,LEE,4.0,0.0
2021-22,19,498,Thompson,DEF,BRE,4.4,0.25190392
2021-22,19,151,Kelly,DEF,CRY,3.9,0.029155719
2021-22,19,158,Jach,DEF,CRY,4.3,0.028846007
2021-22,19,11,Kolasinac,DEF,ARS,4.3,0.0
2021-22,19,10,Chambers,DEF,ARS,4.2,0.0
2021-22,19,208,Amartey,DEF,LEI,3.8,0.054720371
2021-22,19,562,Drameh,DEF,LEE,3.9,0.0
2021-22,19,560,H Roberts,DEF,BHA,4.0,0.015136829
2021-22,19,327,J Sorensen,DEF,NOR,4.3,0.108475927
2021-22,19,502,Kenny,DEF,EVE,4.4,0.0
2021-22,19,446,Mosquera,DEF,WOL,4.4,0.0
2021-22,19,569,Stevens,DEF,BRE,4.0,0.060836937
2021-22,19,103,K Long,DEF,BUR,4.0,0.0
2021-22,19,415,Fredericks,DEF,WHU,4.4,0.0227129
2021-22,19,554,J Baptiste,DEF,WHU,4.0,0.006200317
2021-22,19,610,Bogarde,DEF,AVL,4.0,0.004576624
2021-22,19,635,Bueno,DEF,WOL,4.0,0.0
2021-22,19,565,Dodgson,DEF,BUR,3.9,0.0
2021-22,19,534,B Thomas,DEF,BUR,4.0,0.0
2021-22,19,241,N Phillips,DEF,LIV,4.2,0.0
2021-22,19,409,Ogbonna,DEF,WHU,4.9,0.0
2021-22,19,598,Omole,DEF,TOT,4.0,0.005496993
2021-22,19,546,Valery,DEF,SOU,3.9,0.004307784
2021-22,19,627,Beck,DEF,LIV,4.0,0.0
2021-22,19,540,Hannam,DEF,CRY,3.9,0.004155573
2021-22,19,626,Bradley,DEF,LIV,4.0,0.0
2021-22,19,660,Quansah,DEF,LIV,4.0,0.0
2021-22,19,604,Wilson-Esbrand,DEF,MCI,3.9,0.004711368
2021-22,19,603,Mbete,DEF,MCI,4.0,0.00467134
2021-22,19,651,Egan-Riley,DEF,MCI,4.0,0.004581611
2021-22,19,617,Ashby,DEF,WHU,4.0,0.004433639
2021-22,19,608,Hjelde,DEF,LEE,4.0,0.0
2021-22,19,623,Welch,DEF,EVE,4.0,0.0
2021-22,19,653,Turns,DEF,BHA,4.0,0.004395856
2021-22,19,657,Moore,DEF,LEE,4.0,0.0
2021-22,19,644,Alese,DEF,WHU,4.0,0.004152822
2021-22,19,633,Morris,DEF,WAT,4.0,0.0
2021-22,19,515,Mumba,DEF,NOR,3.9,0.003862446
2021-22,19,639,Daley-Campbell,DEF,LEI,4.0,0.002670407
2021-22,19,645,B Nelson,DEF,LEI,4.0,0.002640315
2021-22,19,643,Tomkinson,DEF,NOR,4.0,0.00342609
2021-22,19,324,Zimmermann,DEF,NOR,4.4,0.0
2021-22,19,457,Giannoulis,DEF,NOR,4.4,0.83347589
2021-22,19,359,Son,MID,TOT,10.4,5.308240265
2021-22,19,277,Fernandes,MID,MUN,11.6,4.661756911
2021-22,19,420,Bowen,MID,WHU,6.5,4.538432042
2021-22,19,240,Jota,MID,LIV,8.1,0.0
2021-22,19,281,Rashford,MID,MUN,9.4,3.692420938
2021-22,19,251,De Bruyne,MID,MCI,11.9,4.745159587
2021-22,19,233,Salah,MID,LIV,13.1,0.0
2021-22,19,485,Sancho,MID,MUN,8.9,3.493264734
2021-22,19,210,Tielemans,MID,LEI,6.4,2.859955419
2021-22,19,196,Raphinha,MID,LEE,6.6,0.0
2021-22,19,255,Sterling,MID,MCI,10.6,4.709199642
2021-22,19,64,Trossard,MID,BHA,6.2,4.044618419
2021-22,19,96,Mbeumo,MID,BRE,5.4,3.258244081
2021-22,19,422,Soucek,MID,WHU,5.7,3.754789571
2021-22,19,138,Mount,MID,CHE,7.7,3.995958066
2021-22,19,265,Foden,MID,MCI,8.1,2.968009371
2021-22,19,212,Maddison,MID,LEI,6.8,2.652943233
2021-22,19,341,Ward-Prowse,MID,SOU,6.3,3.307571235
2021-22,19,118,McNeil,MID,BUR,5.7,0.0
2021-22,19,22,Saka,MID,ARS,6.3,3.556477551
2021-22,19,250,Gundogan,MID,MCI,7.3,3.751486886
2021-22,19,107,Westwood,MID,BUR,5.3,0.0
2021-22,19,423,Fornals,MID,WHU,6.0,3.132819912
2021-22,19,55,Gross,MID,BHA,5.8,3.462835973
2021-22,19,26,Martinelli,MID,ARS,5.4,3.084932774
2021-22,19,43,Buendia,MID,AVL,6.2,2.67001888
2021-22,19,144,Gallagher,MID,CRY,6.1,2.981916637
2021-22,19,173,Doucoure,MID,EVE,5.4,0.0
2021-22,19,484,D Gray,MID,EVE,5.6,0.0
2021-22,19,261,B Silva,MID,MCI,7.6,3.093590388
2021-22,19,35,McGinn,MID,AVL,5.9,2.672599146
2021-22,19,230,Mane,MID,LIV,11.8,0.0
2021-22,19,108,Gudmundsson,MID,BUR,5.4,0.0
2021-22,19,81,Canos,MID,BRE,5.5,2.689531186
2021-22,19,267,Harrison,MID,LEE,5.6,0.0
2021-22,19,188,Dallas,MID,LEE,5.0,0.0
2021-22,19,289,M Greenwood,MID,MUN,7.2,2.335769809
2021-22,19,215,H Barnes,MID,LEI,6.5,0.0
2021-22,19,558,Odegaard,MID,ARS,5.6,3.196624306
2021-22,19,285,McTominay,MID,MUN,5.4,2.680805551
2021-22,19,416,Lanzini,MID,WHU,5.8,2.865493961
2021-22,19,33,Grealish,MID,MCI,7.6,2.299577462
2021-22,19,154,Zaha,MID,CRY,6.8,3.502472913
2021-22,19,365,Hojbjerg,MID,TOT,5.0,2.777288372
2021-22,19,274,Fred,MID,MUN,5.0,2.66752152
2021-22,19,421,Rice,MID,WHU,5.1,2.896376575
2021-22,19,115,Brownhill,MID,BUR,4.4,0.0
2021-22,19,254,Mahrez,MID,MCI,8.6,4.379191394
2021-22,19,495,Kucka,MID,WAT,5.5,0.0
2021-22,19,222,J Henderson,MID,LIV,5.1,0.0
2021-22,19,354,Sissoko,MID,WAT,4.5,0.0
2021-22,19,336,Redmond,MID,SOU,5.9,3.123298173
2021-22,19,587,Lookman,MID,LEI,6.0,1.577306673
2021-22,19,50,Douglas Luiz,MID,AVL,4.5,2.24842876
2021-22,19,291,Shelvey,MID,NEW,5.3,2.269935092
2021-22,19,232,Fabinho,MID,LIV,5.4,0.0
2021-22,19,77,Norgaard,MID,BRE,5.0,2.342368209
2021-22,19,123,Jorginho,MID,CHE,5.8,2.202180883
2021-22,19,84,Janelt,MID,BRE,5.0,2.197916465
2021-22,19,225,Thiago,MID,LIV,5.3,0.0
2021-22,19,137,Pulisic,MID,CHE,7.9,3.521505498
2021-22,19,7,Xhaka,MID,ARS,4.8,2.566408394
2021-22,19,21,Smith Rowe,MID,ARS,6.1,2.495550934
2021-22,19,141,Havertz,MID,CHE,7.8,1.080722098
2021-22,19,482,Townsend,MID,EVE,5.2,0.0
2021-22,19,53,Lallana,MID,BHA,5.3,2.332356634
2021-22,19,152,Milivojevic,MID,CRY,5.3,1.174136585
2021-22,19,287,D James,MID,LEE,6.0,0.0
2021-22,19,51,J Ramsey,MID,AVL,4.6,2.219359024
2021-22,19,266,Rodri,MID,MCI,5.5,2.581604251
2021-22,19,318,McLean,MID,NOR,4.9,2.495380599
2021-22,19,75,Moder,MID,BHA,4.5,2.401866184
2021-22,19,458,Soumare,MID,LEI,4.8,1.400676386
2021-22,19,419,Benrahma,MID,WHU,5.9,3.190684374
2021-22,19,517,Elyounoussi,MID,SOU,5.4,2.180181344
2021-22,19,381,Cleverley,MID,WAT,4.8,0.0
2021-22,19,436,Neves,MID,WOL,5.3,0.0
2021-22,19,171,Allan,MID,EVE,4.4,0.0
2021-22,19,125,Kovacic,MID,CHE,5.0,2.116351846
2021-22,19,145,Gilmour,MID,NOR,4.4,2.466465573
2021-22,19,578,Cornet,MID,BUR,5.9,0.0
2021-22,19,426,Moutinho,MID,WOL,4.9,0.0
2021-22,19,362,Lucas Moura,MID,TOT,6.4,1.873837507
2021-22,19,236,Minamino,MID,LIV,5.1,0.0
2021-22,19,372,Lo Celso,MID,TOT,5.9,1.830471337
2021-22,19,335,Romeu,MID,SOU,4.5,2.15472925
2021-22,19,86,Jensen,MID,BRE,4.9,1.773536665
2021-22,19,325,Cantwell,MID,NOR,5.3,2.814461795
2021-22,19,435,A Traore,MID,WOL,5.7,0.0
2021-22,19,130,Kante,MID,CHE,4.9,1.984613579
2021-22,19,42,El Ghazi,MID,AVL,5.6,0.579396529
2021-22,19,19,Willock,MID,NEW,5.7,2.713462829
2021-22,19,386,Hughes,MID,CRY,4.7,1.645728216
2021-22,19,449,Rashica,MID,NOR,5.2,0.0
2021-22,19,304,Murphy,MID,NEW,4.7,2.81801172
2021-22,19,160,Eze,MID,CRY,5.9,0.832732067
2021-22,19,15,Partey,MID,ARS,5.0,2.525184462
2021-22,19,462,Mwepu,MID,BHA,5.9,1.848532552
2021-22,19,346,Tella,MID,SOU,4.7,2.116179907
2021-22,19,399,I Sarr,MID,WAT,5.8,0.0
2021-22,19,70,Bissouma,MID,BHA,4.4,0.0
2021-22,19,363,Alli,MID,TOT,6.2,1.133396045
2021-22,19,227,Chamberlain,MID,LIV,5.8,0.0
2021-22,19,492,Bailey,MID,AVL,6.3,0.094769687
2021-22,19,298,Fraser,MID,NEW,5.3,2.271242019
2021-22,19,391,Sema,MID,WAT,5.2,0.0
2021-22,19,148,McArthur,MID,CRY,4.3,0.104896327
2021-22,19,375,Ndombele,MID,TOT,5.7,1.317809496
2021-22,19,239,Keita,MID,LIV,5.0,0.0
2021-22,19,186,Klich,MID,LEE,5.2,0.0
2021-22,19,101,Cork,MID,BUR,4.4,0.0
2021-22,19,461,Trincao,MID,WOL,5.6,0.0
2021-22,19,174,Iwobi,MID,EVE,5.8,0.0
2021-22,19,131,Ziyech,MID,CHE,7.3,1.786232996
2021-22,19,193,T Roberts,MID,LEE,4.8,0.0
2021-22,19,373,Skipp,MID,TOT,4.5,1.699740543
2021-22,19,216,Ndidi,MID,LEI,4.8,2.067085355
2021-22,19,60,March,MID,BHA,5.3,1.543249757
2021-22,19,221,Milner,MID,LIV,4.9,0.0
2021-22,19,478,Lokonga,MID,ARS,4.8,0.0
2021-22,19,328,Placheta,MID,NOR,4.7,2.167676492
2021-22,19,464,Olise,MID,CRY,5.4,1.473854657
2021-22,19,172,Gomes,MID,EVE,4.9,0.0
2021-22,19,438,Podence,MID,WOL,5.5,0.0
2021-22,19,403,Louza,MID,WAT,5.2,0.0
2021-22,19,471,Lees-Melou,MID,NOR,4.8,0.253846901
2021-22,19,308,Almiron,MID,NEW,5.1,1.859862158
2021-22,19,557,Tufan,MID,WAT,5.0,0.0
2021-22,19,282,van de Beek,MID,MUN,5.7,0.802306989
2021-22,19,582,Vlasic,MID,WHU,5.7,0.588527425
2021-22,19,503,A Gordon,MID,EVE,4.5,0.0
2021-22,19,434,Dendoncker,MID,WOL,4.8,0.0
2021-22,19,369,Bergwijn,MID,TOT,5.9,1.112767995
2021-22,19,176,T Davies,MID,EVE,4.8,0.0
2021-22,19,17,Pepe,MID,ARS,6.9,0.831303208
2021-22,19,323,Dowell,MID,NOR,5.1,2.084182527
2021-22,19,339,S Armstrong,MID,SOU,5.8,0.086749019
2021-22,19,505,Dewsbury-Hall,MID,LEI,4.4,1.11683307
2021-22,19,552,Forshaw,MID,LEE,4.5,0.0
2021-22,19,191,K Phillips,MID,LEE,4.8,0.0
2021-22,19,271,Matic,MID,MUN,4.4,0.740471307
2021-22,19,37,Trezeguet,MID,AVL,5.4,1.348670601
2021-22,19,592,Saul,MID,CHE,5.0,0.68742636
2021-22,19,211,Perez,MID,LEI,5.7,0.810549778
2021-22,19,524,Wissa,MID,BRE,5.9,1.3513326
2021-22,19,499,S Baptiste,MID,BRE,4.9,1.283894662
2021-22,19,74,Mac Allister,MID,BHA,5.3,1.025983111
2021-22,19,140,Hudson-Odoi,MID,CHE,5.3,0.222856431
2021-22,19,412,Yarmolenko,MID,WHU,5.1,0.46660723
2021-22,19,317,Rupp,MID,NOR,4.4,0.277223479
2021-22,19,276,Lingard,MID,MUN,6.8,0.72210594
2021-22,19,441,Neto,MID,WOL,6.4,0.0
2021-22,19,214,Choudhury,MID,LEI,4.4,0.034926626
2021-22,19,132,Loftus-Cheek,MID,CHE,5.4,0.217443071
2021-22,19,202,Albrighton,MID,LEI,5.2,1.41974043
2021-22,19,244,C Jones,MID,LIV,5.0,0.0
2021-22,19,32,B Traore,MID,AVL,5.7,0.087787541
2021-22,19,124,Barkley,MID,CHE,5.2,0.202936128
2021-22,19,350,Djenepo,MID,SOU,5.2,0.577921461
2021-22,19,507,Palmer,MID,MCI,4.5,0.309108082
2021-22,19,506,Elliott,MID,LIV,5.3,0.0
2021-22,19,459,Mata,MID,MUN,4.7,0.027572421
2021-22,19,551,Summerville,MID,LEE,4.5,0.0
2021-22,19,625,K Gordon,MID,LIV,4.5,0.0
2021-22,19,34,Sanson,MID,AVL,5.0,0.165810006
2021-22,19,203,N Mendy,MID,LEI,4.3,0.0
2021-22,19,467,Etebo,MID,WAT,4.4,0.0
2021-22,19,405,Baah,MID,WAT,4.4,0.0
2021-22,19,581,Normann,MID,NOR,4.5,0.0
2021-22,19,612,Sarmiento,MID,BHA,4.5,0.0
2021-22,19,41,Nakamba,MID,AVL,4.5,0.0
2021-22,19,79,Fosu,MID,BRE,5.1,0.0
2021-22,19,82,Dasilva,MID,BRE,5.3,0.0
2021-22,19,268,Torres,MID,MCI,6.7,0.0
2021-22,19,272,Pogba,MID,MUN,7.4,0.0
2021-22,19,512,Elanga,MID,MUN,4.8,0.004665672
2021-22,19,629,McAtee,MID,MCI,4.5,0.002363507
2021-22,19,631,Jenkins,MID,LEE,4.5,0.0
2021-22,19,537,Richards,MID,BHA,4.5,0.024926069
2021-22,19,597,Markanday,MID,TOT,4.5,0.004596904
2021-22,19,613,Whitaker,MID,EVE,4.5,0.0
2021-22,19,630,Onyango,MID,EVE,4.5,0.0
2021-22,19,576,McCarron,MID,LEE,4.5,0.0
2021-22,19,628,Haygarth,MID,BRE,4.5,0.001786704
2021-22,19,601,McKinstry,MID,LEE,4.3,0.0
2021-22,19,332,Walcott,MID,SOU,5.8,0.481546674
2021-22,19,658,Archie Gray,MID,LEE,4.5,0.0
2021-22,19,634,Perkins,MID,WHU,4.5,0.004226271
2021-22,19,93,Zamburek,MID,BRE,4.4,0.003957108
2021-22,19,648,Rowe,MID,NOR,4.5,0.004188303
2021-22,19,654,Leonard,MID,BHA,4.5,0.004026812
2021-22,19,652,Oko-Flex,MID,WHU,4.5,0.004112298
2021-22,19,600,Kenneh,MID,LEE,4.4,0.0
2021-22,19,661,Jordao,MID,WOL,4.5,0.0
2021-22,19,609,Anderson,MID,NEW,4.5,0.004087407
2021-22,19,508,Edozie,MID,MCI,4.8,0.0041983
2021-22,19,547,Cundle,MID,WOL,4.5,0.0
2021-22,19,638,Iroegbunam,MID,AVL,4.5,0.003442295
2021-22,19,647,McAteer,MID,LEI,4.5,0.003431837
2021-22,19,543,Banks,MID,CRY,4.5,0.00369233
2021-22,19,614,Maghoma,MID,BRE,4.5,0.003615276
2021-22,19,548,Campbell,MID,WOL,4.5,0.0
2021-22,19,605,Lavia,MID,MCI,4.5,0.003791261
2021-22,19,646,Brunt,MID,LEI,4.5,0.003277826
2021-22,19,599,J White,MID,NEW,4.4,0.003361045
2021-22,19,97,Bidstrup,MID,BRE,4.4,0.020172047
2021-22,19,496,A Ramsey,MID,AVL,4.4,0.018404639
2021-22,19,378,Gosling,MID,WAT,4.7,0.0
2021-22,19,541,Rak-Sakyi,MID,CRY,4.4,0.003588411
2021-22,19,497,Philogene-Bidace,MID,AVL,5.0,0.038300952
2021-22,19,102,D Stephens,MID,BUR,4.4,0.0
2021-22,19,487,Bryan Gil,MID,TOT,5.7,0.289547363
2021-22,19,589,Kral,MID,WHU,4.4,0.242020998
2021-22,19,157,Riedewald,MID,CRY,4.7,0.076167344
2021-22,19,406,Noble,MID,WHU,4.4,0.237059333
2021-22,19,624,Bate,MID,LEE,4.5,0.0
2021-22,19,13,Maitland-Niles,MID,ARS,5.2,0.158134525
2021-22,19,453,Fernandinho,MID,MCI,4.8,0.725665198
2021-22,19,297,Hendrick,MID,NEW,4.8,0.129828697
2021-22,19,366,Winks,MID,TOT,4.4,0.376212005
2021-22,19,347,Smallbone,MID,SOU,4.5,0.077893811
2021-22,19,73,Alzate,MID,BHA,4.8,0.276855494
2021-22,19,620,Morton,MID,LIV,4.5,0.0
2021-22,19,12,Elneny,MID,ARS,4.4,0.772280694
2021-22,19,504,Gbamin,MID,EVE,4.4,0.0
2021-22,19,528,Tzolis,MID,NOR,4.8,0.42836238
2021-22,19,349,I Diallo,MID,SOU,4.5,1.190815541
2021-22,19,85,Ghoddos,MID,BRE,5.3,0.50949821
2021-22,19,526,Chukwuemeka,MID,AVL,4.5,0.500694504
2021-22,19,197,Shackleton,MID,LEE,4.4,0.0
2021-22,19,309,S Longstaff,MID,NEW,4.5,0.204625318
2021-22,19,575,Lennon,MID,BUR,4.9,0.0
2021-22,19,163,Delph,MID,EVE,4.3,0.0
2021-22,19,155,Schlupp,MID,CRY,5.4,0.796207414
2021-22,19,479,Onyeka,MID,BRE,4.9,1.253660856
2021-22,19,306,Hayden,MID,NEW,4.5,0.0
2021-22,19,357,Kane,FWD,TOT,12.1,5.286245304
2021-22,19,579,Ronaldo,FWD,MUN,12.5,4.507009879
2021-22,19,413,Antonio,FWD,WHU,7.8,4.213905667
2021-22,19,177,Calvert-Lewin,FWD,EVE,7.9,0.0
2021-22,19,468,King,FWD,WAT,5.8,0.0
2021-22,19,205,Vardy,FWD,LEI,10.5,0.0
2021-22,19,40,Watkins,FWD,AVL,7.9,3.397152914
2021-22,19,109,Wood,FWD,BUR,6.7,0.0
2021-22,19,529,Lukaku,FWD,CHE,11.5,2.772644506
2021-22,19,228,Firmino,FWD,LIV,8.7,0.0
2021-22,19,78,Toney,FWD,BRE,6.6,2.349785214
2021-22,19,337,Ings,FWD,AVL,7.7,3.168529195
2021-22,19,6,Lacazette,FWD,ARS,8.5,3.798293554
2021-22,19,189,Bamford,FWD,LEE,7.7,0.0
2021-22,19,263,Jesus,FWD,MCI,8.7,4.323785332
2021-22,19,315,Pukki,FWD,NOR,5.9,3.717795137
2021-22,19,296,Wilson,FWD,NEW,7.4,3.734246862
2021-22,19,430,Jimenez,FWD,WOL,7.5,0.0
2021-22,19,455,Daka,FWD,LEI,7.1,2.763152692
2021-22,19,63,Maupay,FWD,BHA,6.4,3.809839051
2021-22,19,345,Adams,FWD,SOU,6.8,1.127591771
2021-22,19,525,A Armstrong,FWD,SOU,5.8,1.017159443
2021-22,19,180,Richarlison,FWD,EVE,7.4,0.0
2021-22,19,586,Edouard,FWD,CRY,6.3,2.160242964
2021-22,19,307,Saint-Maximin,FWD,NEW,6.6,3.046450678
2021-22,19,404,Joao Pedro,FWD,WAT,5.4,0.0
2021-22,19,472,Cucho,FWD,WAT,5.0,0.0
2021-22,19,111,Vydra,FWD,BUR,5.2,0.0
2021-22,19,447,Welbeck,FWD,BHA,5.9,1.942912888
2021-22,19,149,Benteke,FWD,CRY,6.4,1.724698659
2021-22,19,187,Rodrigo,FWD,LEE,6.3,0.0
2021-22,19,450,Dennis,FWD,WAT,6.0,0.0
2021-22,19,4,Aubameyang,FWD,ARS,9.6,2.580844035
2021-22,19,583,Hwang,FWD,WOL,5.5,0.0
2021-22,19,134,Werner,FWD,CHE,8.6,0.611994264
2021-22,19,104,Jay Rodriguez,FWD,BUR,5.2,0.0
2021-22,19,310,Joelinton,FWD,NEW,5.8,2.509362052
2021-22,19,213,Iheanacho,FWD,LEI,6.9,2.811732206
2021-22,19,518,Broja,FWD,SOU,5.2,2.618597654
2021-22,19,516,Sargent,FWD,NOR,5.4,0.871893173
2021-22,19,153,Ayew,FWD,CRY,5.8,2.166765866
2021-22,19,591,Rondon,FWD,EVE,6.0,0.0
2021-22,19,269,Cavani,FWD,MUN,8.4,0.232855088
2021-22,19,235,Origi,FWD,LIV,4.8,0.0
2021-22,19,278,Martial,FWD,MUN,7.6,0.110563882
2021-22,19,159,Mateta,FWD,CRY,5.2,0.023750264
2021-22,19,105,A Barnes,FWD,BUR,5.2,0.0
2021-22,19,20,Nketiah,FWD,ARS,5.4,0.696514316
2021-22,19,636,A Diallo,FWD,MUN,5.0,0.005605476
2021-22,19,533,Richardson,FWD,BUR,4.5,0.0
2021-22,19,395,Fletcher,FWD,WAT,4.9,0.0
2021-22,19,602,Simms,FWD,EVE,4.5,0.0
2021-22,19,530,Balogun,FWD,ARS,4.7,0.100002878
2021-22,19,655,E Ferguson,FWD,BHA,4.5,0.003910685
2021-22,19,649,Dickson-Peters,FWD,NOR,4.5,0.004050076
2021-22,19,640,Young-Coombes,FWD,BRE,4.5,0.003653156
2021-22,19,542,Street,FWD,CRY,4.5,0.003609091
2021-22,19,520,Scarlett,FWD,TOT,4.5,0.008637766
2021-22,19,622,Tosun,FWD,EVE,5.0,0.0
2021-22,19,550,S Greenwood,FWD,LEE,4.5,0.0
2021-22,19,607,Dobbin,FWD,EVE,4.5,0.0
2021-22,19,49,Davis,FWD,AVL,4.5,0.019886723
2021-22,19,72,Connolly,FWD,BHA,5.3,0.427510664
2021-22,19,519,S Long,FWD,SOU,5.4,0.291029793
2021-22,19,577,Gelhardt,FWD,LEE,4.6,0.0
2021-22,19,568,Archer,FWD,AVL,4.5,0.080527993
2021-22,19,595,Locadia,FWD,BHA,4.5,0.086336535
2021-22,19,300,Gayle,FWD,NEW,5.2,0.183079178
2021-22,19,445,F Silva,FWD,WOL,5.6,0.0
2021-22,19,88,Forss,FWD,BRE,5.3,0.592235003
2021-22,19,329,Idah,FWD,NOR,4.9,1.319735526
2021-22,2,257,Ederson,GK,MCI,6.0,4.431933845
2021-22,2,143,E Mendy,GK,CHE,6.0,3.651764148
2021-22,2,231,Alisson,GK,LIV,6.0,4.441862818
2021-22,2,30,Martinez,GK,AVL,5.5,4.385833736
2021-22,2,199,Meslier,GK,LEE,5.0,3.840969967
2021-22,2,353,Lloris,GK,TOT,5.5,3.851821205
2021-22,2,69,R Sanchez,GK,BHA,4.5,4.331431189
2021-22,2,1,Leno,GK,ARS,5.0,3.644404237
2021-22,2,112,Pope,GK,BUR,5.5,2.82320648
2021-22,2,170,Pickford,GK,EVE,5.0,3.101183688
2021-22,2,475,Sa,GK,WOL,5.0,3.209237727
2021-22,2,146,Guaita,GK,CRY,4.5,3.80686693
2021-22,2,200,Schmeichel,GK,LEI,5.0,3.012369468
2021-22,2,280,D Henderson,GK,MUN,5.0,0.930111766
2021-22,2,334,McCarthy,GK,SOU,4.5,2.260643822
2021-22,2,80,Raya,GK,BRE,4.5,3.042438652
2021-22,2,270,de Gea,GK,MUN,5.0,3.056185039
2021-22,2,489,Areola,GK,WHU,5.0,1.685600182
2021-22,2,314,Krul,GK,NOR,4.5,2.01575122
2021-22,2,408,Fabianski,GK,WHU,5.0,1.621026129
2021-22,2,295,Dubravka,GK,NEW,4.5,0.0
2021-22,2,389,Bachmann,GK,WAT,4.5,2.270084665
2021-22,2,513,Woodman,GK,NEW,4.5,2.99546027
2021-22,2,294,Darlow,GK,NEW,4.5,0.0
2021-22,2,333,Forster,GK,SOU,4.5,0.72500574
2021-22,2,260,Steffen,GK,MCI,4.5,0.09453501
2021-22,2,242,Kelleher,GK,LIV,4.5,0.1004097
2021-22,2,129,Arrizabalaga,GK,CHE,5.0,0.270543795
2021-22,2,28,Steer,GK,AVL,4.0,0.079346493
2021-22,2,376,Foster,GK,WAT,4.0,0.299265509
2021-22,2,156,Butland,GK,CRY,4.5,0.14027317
2021-22,2,448,Gunn,GK,NOR,4.0,0.185715823
2021-22,2,480,Hennessey,GK,BUR,4.5,0.126891764
2021-22,2,486,Gollini,GK,TOT,4.5,0.071191066
2021-22,2,490,Klaesson,GK,LEE,4.5,0.074686171
2021-22,2,444,Sondergaard,GK,WOL,4.0,0.069914555
2021-22,2,452,Ruddy,GK,WOL,4.5,0.069910812
2021-22,2,204,D Ward,GK,LEI,4.0,0.064075145
2021-22,2,54,Steele,GK,BHA,4.0,0.069909696
2021-22,2,476,Scherpen,GK,BHA,4.5,0.017939506
2021-22,2,181,Virginia,GK,EVE,4.0,0.031592419
2021-22,2,514,Gillespie,GK,NEW,4.0,0.065132561
2021-22,2,481,Begovic,GK,EVE,4.0,0.028707027
2021-22,2,556,A Fernandez,GK,BRE,4.5,0.033427468
2021-22,2,94,Gunnarsson,GK,BRE,4.0,0.031972452
2021-22,2,509,Heaton,GK,MUN,4.0,0.00805961
2021-22,2,2,Runarsson,GK,ARS,4.0,0.007287461
2021-22,2,407,Randolph,GK,WHU,4.5,0.006017827
2021-22,2,114,Norris,GK,BUR,4.5,0.005784968
2021-22,2,313,McGovern,GK,NOR,4.0,0.00444858
2021-22,2,223,Adrian,GK,LIV,4.5,0.0008904
2021-22,2,532,Hein,GK,ARS,4.0,0.000686966
2021-22,2,92,Balcombe,GK,BRE,4.0,0.0
2021-22,2,352,Hart,GK,TOT,4.5,0.0
2021-22,2,65,Ryan,GK,BHA,4.5,0.0
2021-22,2,117,Peacock-Farrell,GK,BUR,4.5,0.0
2021-22,2,183,Casilla,GK,LEE,4.5,0.0
2021-22,2,427,Patricio,GK,WOL,5.0,0.0
2021-22,2,237,Trent,DEF,LIV,7.5,5.902466671
2021-22,2,262,Dias,DEF,MCI,6.0,4.796063194
2021-22,2,229,van Dijk,DEF,LIV,6.5,4.353456449
2021-22,2,275,Shaw,DEF,MUN,5.5,3.737065235
2021-22,2,59,Dunk,DEF,BHA,5.0,4.749228957
2021-22,2,135,Chilwell,DEF,CHE,6.0,2.809953388
2021-22,2,288,Wan-Bissaka,DEF,MUN,5.5,3.627223474
2021-22,2,119,Azpilicueta,DEF,CHE,6.0,3.526345624
2021-22,2,168,Digne,DEF,EVE,5.5,3.072965527
2021-22,2,127,Rudiger,DEF,CHE,5.5,3.309072363
2021-22,2,273,Maguire,DEF,MUN,5.5,3.474850723
2021-22,2,234,Robertson,DEF,LIV,7.0,0.466092531
2021-22,2,370,Reguilon,DEF,TOT,5.0,3.358758257
2021-22,2,252,Stones,DEF,MCI,5.5,3.047139245
2021-22,2,249,Walker,DEF,MCI,5.5,3.633510409
2021-22,2,256,Cancelo,DEF,MCI,6.0,2.18993544
2021-22,2,61,Webster,DEF,BHA,4.5,4.09673483
2021-22,2,437,Semedo,DEF,WOL,5.0,2.882166355
2021-22,2,555,Varane,DEF,MUN,5.5,1.598246835
2021-22,2,411,Cresswell,DEF,WHU,5.5,3.214765048
2021-22,2,142,R James,DEF,CHE,5.5,2.321524965
2021-22,2,431,Saiss,DEF,WOL,5.0,3.386611434
2021-22,2,418,Coufal,DEF,WHU,5.0,3.188654875
2021-22,2,16,Tierney,DEF,ARS,5.0,2.969209659
2021-22,2,264,Zinchenko,DEF,MCI,5.5,3.669679684
2021-22,2,185,Ayling,DEF,LEE,4.5,3.330158026
2021-22,2,463,Firpo,DEF,LEE,5.0,2.742450514
2021-22,2,10,Chambers,DEF,ARS,4.5,2.676688888
2021-22,2,429,Coady,DEF,WOL,4.5,2.98246055
2021-22,2,45,Konsa,DEF,AVL,5.0,3.719752861
2021-22,2,62,Veltman,DEF,BHA,4.5,0.110669572
2021-22,2,292,Ritchie,DEF,NEW,5.0,2.626638014
2021-22,2,67,White,DEF,ARS,4.5,2.854766786
2021-22,2,169,Keane,DEF,EVE,5.0,2.349265408
2021-22,2,44,Cash,DEF,AVL,5.0,3.724193773
2021-22,2,38,Mings,DEF,AVL,5.0,3.590652422
2021-22,2,217,Soyuncu,DEF,LEI,5.0,2.576271681
2021-22,2,39,Targett,DEF,AVL,5.0,3.378938147
2021-22,2,494,Romero,DEF,TOT,5.0,2.818194489
2021-22,2,207,R Pereira,DEF,LEI,5.5,2.44780742
2021-22,2,409,Ogbonna,DEF,WHU,5.0,2.842823612
2021-22,2,121,T Silva,DEF,CHE,5.5,1.638726753
2021-22,2,414,Dawson,DEF,WHU,5.0,2.574788792
2021-22,2,361,Dier,DEF,TOT,4.5,2.12370832
2021-22,2,460,Perraud,DEF,SOU,5.0,2.427436511
2021-22,2,342,Walker-Peters,DEF,SOU,5.0,2.418635773
2021-22,2,98,Tarkowski,DEF,BUR,5.0,1.653593703
2021-22,2,23,Gabriel,DEF,ARS,5.0,0.458099044
2021-22,2,470,Ait-Nouri,DEF,WOL,4.5,2.145222092
2021-22,2,343,Bednarek,DEF,SOU,4.5,2.478227493
2021-22,2,340,Vestergaard,DEF,LEI,5.0,2.426229359
2021-22,2,245,Tsimikas,DEF,LIV,4.0,4.075614572
2021-22,2,175,Mina,DEF,EVE,5.0,2.092440765
2021-22,2,488,Andersen,DEF,CRY,4.5,3.252703813
2021-22,2,179,Godfrey,DEF,EVE,5.0,1.972925863
2021-22,2,162,Mitchell,DEF,CRY,4.5,3.214507587
2021-22,2,190,Llorente,DEF,LEE,4.5,0.604715098
2021-22,2,358,Aurier,DEF,TOT,5.0,1.503180608
2021-22,2,428,Boly,DEF,WOL,5.0,0.158845751
2021-22,2,201,Evans,DEF,LEI,5.5,0.232206282
2021-22,2,91,Pinnock,DEF,BRE,4.5,2.952995784
2021-22,2,465,F Fernandez,DEF,NEW,4.5,2.008100086
2021-22,2,209,Castagne,DEF,LEI,5.5,1.073570259
2021-22,2,238,Gomez,DEF,LIV,5.0,1.745437221
2021-22,2,56,Duffy,DEF,BHA,4.0,4.169194075
2021-22,2,243,Konate,DEF,LIV,5.5,1.796455469
2021-22,2,106,Mee,DEF,BUR,5.0,1.484005719
2021-22,2,184,Cooper,DEF,LEE,4.5,2.741563328
2021-22,2,473,Bertrand,DEF,LEI,5.0,1.702004048
2021-22,2,338,J Stephens,DEF,SOU,4.5,1.63593852
2021-22,2,198,Struijk,DEF,LEE,4.5,2.80089114
2021-22,2,299,Lascelles,DEF,NEW,4.5,1.939125797
2021-22,2,133,Christensen,DEF,CHE,5.0,1.136736845
2021-22,2,76,Jansson,DEF,BRE,4.5,2.733455964
2021-22,2,259,Laporte,DEF,MCI,5.5,1.206618078
2021-22,2,258,Ake,DEF,MCI,5.0,1.306588379
2021-22,2,150,Kouyate,DEF,CRY,4.5,3.174169296
2021-22,2,305,Schar,DEF,NEW,4.5,1.874941651
2021-22,2,110,Lowton,DEF,BUR,4.5,1.41114745
2021-22,2,483,Ajer,DEF,BRE,4.5,2.686093134
2021-22,2,474,J Ward,DEF,CRY,4.5,2.915385701
2021-22,2,367,D Sanchez,DEF,TOT,4.5,1.347716897
2021-22,2,224,Matip,DEF,LIV,5.0,1.543439255
2021-22,2,178,Holgate,DEF,EVE,4.5,1.378942998
2021-22,2,477,Guehi,DEF,CRY,4.5,2.194497147
2021-22,2,83,Henry,DEF,BRE,4.5,2.244562417
2021-22,2,165,Coleman,DEF,EVE,5.0,1.415973017
2021-22,2,122,Alonso,DEF,CHE,5.5,1.231566572
2021-22,2,113,Taylor,DEF,BUR,4.5,1.307483699
2021-22,2,8,Mari,DEF,ARS,4.5,2.659171571
2021-22,2,371,Tanganga,DEF,TOT,4.5,1.309295935
2021-22,2,52,Young,DEF,AVL,5.0,2.618042484
2021-22,2,253,B Mendy,DEF,MCI,5.5,0.855534132
2021-22,2,58,Burn,DEF,BHA,4.5,0.092167433
2021-22,2,439,Kilman,DEF,WOL,4.5,2.005427551
2021-22,2,360,Doherty,DEF,TOT,5.0,0.701737827
2021-22,2,293,Clark,DEF,NEW,4.5,1.174724421
2021-22,2,326,Aarons,DEF,NOR,4.5,0.928386282
2021-22,2,351,Salisu,DEF,SOU,4.5,1.269803301
2021-22,2,194,Koch,DEF,LEE,4.5,2.440145062
2021-22,2,284,Lindelof,DEF,MUN,5.0,1.594885084
2021-22,2,71,Lamptey,DEF,BHA,4.5,0.081007247
2021-22,2,387,Troost-Ekong,DEF,WAT,4.5,1.942701212
2021-22,2,128,Zouma,DEF,CHE,5.5,0.490187199
2021-22,2,396,Sierralta,DEF,WAT,4.5,1.683956576
2021-22,2,319,Hanley,DEF,NOR,4.5,0.873339413
2021-22,2,5,Cedric,DEF,ARS,4.5,0.538013985
2021-22,2,382,Femenia,DEF,WAT,4.5,1.182712491
2021-22,2,303,Krafth,DEF,NEW,4.5,0.941350771
2021-22,2,432,Marcal,DEF,WOL,4.5,1.096092139
2021-22,2,147,Tomkins,DEF,CRY,4.5,0.885059563
2021-22,2,14,Holding,DEF,ARS,4.5,0.413537747
2021-22,2,456,Gibson,DEF,NOR,4.5,0.778477236
2021-22,2,374,Rodon,DEF,TOT,4.5,0.393404804
2021-22,2,364,Ben T Davies,DEF,TOT,4.5,0.583767728
2021-22,2,384,Kabasele,DEF,WAT,4.5,1.041180797
2021-22,2,491,Livramento,DEF,SOU,4.0,0.813469426
2021-22,2,390,Masina,DEF,WAT,4.5,2.069325143
2021-22,2,527,T Chalobah,DEF,CHE,5.0,0.381514535
2021-22,2,36,Hause,DEF,AVL,4.5,0.515230937
2021-22,2,90,M Sorensen,DEF,BRE,4.5,0.919582178
2021-22,2,301,Dummett,DEF,NEW,4.5,0.115431799
2021-22,2,219,L Thomas,DEF,LEI,4.5,0.984902964
2021-22,2,424,Diop,DEF,WHU,4.5,0.521100198
2021-22,2,501,M Sarr,DEF,CHE,5.0,0.29114787
2021-22,2,279,Telles,DEF,MUN,5.0,0.104147488
2021-22,2,208,Amartey,DEF,LEI,4.0,0.786458033
2021-22,2,510,Dalot,DEF,MUN,4.5,0.286227273
2021-22,2,9,Bellerin,DEF,ARS,5.0,0.171757224
2021-22,2,286,Bailly,DEF,MUN,5.0,0.421795017
2021-22,2,417,Masuaku,DEF,WHU,4.5,0.331444166
2021-22,2,89,Roerslev,DEF,BRE,4.5,0.769297235
2021-22,2,425,Johnson,DEF,WHU,4.0,0.72781613
2021-22,2,283,Tuanzebe,DEF,AVL,4.5,0.39739293
2021-22,2,368,Sessegnon,DEF,TOT,4.5,0.048029382
2021-22,2,379,Cathcart,DEF,WAT,4.5,0.968872136
2021-22,2,446,Mosquera,DEF,WOL,4.5,0.057273365
2021-22,2,290,B Williams,DEF,MUN,4.0,0.320306769
2021-22,2,443,Hoever,DEF,WOL,4.0,0.665397839
2021-22,2,246,N Williams,DEF,LIV,4.0,0.181305549
2021-22,2,139,Ampadu,DEF,CHE,4.5,0.144137514
2021-22,2,158,Jach,DEF,CRY,4.5,0.324730963
2021-22,2,377,Rose,DEF,WAT,4.5,0.786468661
2021-22,2,11,Kolasinac,DEF,ARS,4.5,0.109268687
2021-22,2,321,Byram,DEF,NOR,4.5,0.0
2021-22,2,311,Lewis,DEF,NEW,4.5,0.219137712
2021-22,2,218,Justin,DEF,LEI,5.0,0.0
2021-22,2,493,Clyne,DEF,CRY,4.5,0.552180904
2021-22,2,46,Guilbert,DEF,AVL,4.5,0.164784286
2021-22,2,103,K Long,DEF,BUR,4.0,0.017228081
2021-22,2,302,Manquillo,DEF,NEW,4.0,0.208916552
2021-22,2,241,N Phillips,DEF,LIV,4.5,0.053088046
2021-22,2,410,Reid,DEF,WHU,4.0,0.123764529
2021-22,2,247,R Williams,DEF,LIV,4.5,0.049323688
2021-22,2,87,Goode,DEF,BRE,4.0,0.135538217
2021-22,2,498,Thompson,DEF,BRE,4.5,0.127702439
2021-22,2,544,Branthwaite,DEF,EVE,4.0,0.051854604
2021-22,2,99,Bardsley,DEF,BUR,4.0,0.129832998
2021-22,2,546,Valery,DEF,SOU,4.0,0.103451615
2021-22,2,466,Tavares,DEF,ARS,4.5,0.03081408
2021-22,2,549,Marques,DEF,WOL,4.0,0.029445237
2021-22,2,536,Karbownik,DEF,BHA,4.0,0.017422874
2021-22,2,457,Giannoulis,DEF,NOR,4.5,0.705422518
2021-22,2,151,Kelly,DEF,CRY,4.0,0.065745198
2021-22,2,248,Ben K Davies,DEF,LIV,4.0,0.0
2021-22,2,68,Bernardo,DEF,BHA,4.0,0.0
2021-22,2,521,Alves,DEF,WHU,4.0,0.0
2021-22,2,220,Fofana,DEF,LEI,4.5,0.0
2021-22,2,24,Mavropanos,DEF,ARS,4.5,0.0
2021-22,2,27,Saliba,DEF,ARS,4.5,0.0
2021-22,2,31,Engels,DEF,AVL,4.5,0.0
2021-22,2,161,Ferguson,DEF,CRY,4.5,0.0
2021-22,2,401,Wilmot,DEF,WAT,4.5,0.0
2021-22,2,433,Jonny,DEF,WOL,4.5,0.0
2021-22,2,539,Emerson,DEF,CHE,4.5,0.0
2021-22,2,355,Alderweireld,DEF,TOT,5.0,0.0
2021-22,2,554,J Baptiste,DEF,WHU,4.0,0.005185673
2021-22,2,502,Kenny,DEF,EVE,4.5,0.021796182
2021-22,2,454,Pollock,DEF,WAT,4.0,0.104479712
2021-22,2,451,Collins,DEF,BUR,4.5,0.032707619
2021-22,2,540,Hannam,DEF,CRY,4.0,0.015857121
2021-22,2,534,B Thomas,DEF,BUR,4.0,0.02988303
2021-22,2,331,Omobamidele,DEF,NOR,4.0,0.12812649
2021-22,2,327,J Sorensen,DEF,NOR,4.5,0.236174215
2021-22,2,400,Ngakia,DEF,WAT,4.5,0.308601311
2021-22,2,515,Mumba,DEF,NOR,4.0,0.022577435
2021-22,2,415,Fredericks,DEF,WHU,4.5,0.398138897
2021-22,2,398,Navarro,DEF,WAT,4.0,0.176291773
2021-22,2,100,Pieters,DEF,BUR,4.5,0.262787919
2021-22,2,324,Zimmermann,DEF,NOR,4.5,0.16975708
2021-22,2,233,Salah,MID,LIV,12.5,7.048542392
2021-22,2,277,Fernandes,MID,MUN,12.0,4.701961795
2021-22,2,230,Mane,MID,LIV,12.0,5.871693785
2021-22,2,359,Son,MID,TOT,10.0,4.305405292
2021-22,2,251,De Bruyne,MID,MCI,12.0,3.748960962
2021-22,2,254,Mahrez,MID,MCI,9.0,6.344572915
2021-22,2,255,Sterling,MID,MCI,11.0,5.758311888
2021-22,2,240,Jota,MID,LIV,7.5,4.876522136
2021-22,2,196,Raphinha,MID,LEE,6.5,4.258422589
2021-22,2,399,I Sarr,MID,WAT,6.0,3.460794168
2021-22,2,485,Sancho,MID,MUN,9.5,3.761694437
2021-22,2,55,Gross,MID,BHA,6.0,4.513879582
2021-22,2,154,Zaha,MID,CRY,7.0,4.746829466
2021-22,2,289,M Greenwood,MID,MUN,7.5,3.88546313
2021-22,2,267,Harrison,MID,LEE,6.0,3.673727003
2021-22,2,422,Soucek,MID,WHU,6.0,3.630616687
2021-22,2,64,Trossard,MID,BHA,6.5,4.175784609
2021-22,2,363,Alli,MID,TOT,6.5,3.043213791
2021-22,2,341,Ward-Prowse,MID,SOU,6.5,3.354019601
2021-22,2,419,Benrahma,MID,WHU,6.0,3.505278186
2021-22,2,215,H Barnes,MID,LEI,7.0,3.258075443
2021-22,2,43,Buendia,MID,AVL,6.5,4.192802735
2021-22,2,138,Mount,MID,CHE,7.5,2.818288056
2021-22,2,420,Bowen,MID,WHU,6.5,3.449022772
2021-22,2,33,Grealish,MID,MCI,8.0,4.250599961
2021-22,2,272,Pogba,MID,MUN,7.5,3.221123164
2021-22,2,188,Dallas,MID,LEE,5.5,3.451599898
2021-22,2,210,Tielemans,MID,LEI,6.5,3.142356741
2021-22,2,212,Maddison,MID,LEI,7.0,2.450082152
2021-22,2,435,A Traore,MID,WOL,6.0,3.244794446
2021-22,2,423,Fornals,MID,WHU,6.0,3.220472634
2021-22,2,17,Pepe,MID,ARS,7.5,3.422297171
2021-22,2,137,Pulisic,MID,CHE,8.0,2.742529155
2021-22,2,461,Trincao,MID,WOL,6.0,3.241887077
2021-22,2,268,Torres,MID,MCI,7.0,3.070355128
2021-22,2,173,Doucoure,MID,EVE,5.5,2.841095921
2021-22,2,141,Havertz,MID,CHE,8.5,3.112518532
2021-22,2,60,March,MID,BHA,5.5,3.53493896
2021-22,2,250,Gundogan,MID,MCI,7.5,2.515788794
2021-22,2,118,McNeil,MID,BUR,6.0,2.559010456
2021-22,2,19,Willock,MID,NEW,6.0,2.61210734
2021-22,2,22,Saka,MID,ARS,6.5,2.7488946
2021-22,2,107,Westwood,MID,BUR,5.5,2.513087072
2021-22,2,492,Bailey,MID,AVL,6.5,2.751283152
2021-22,2,304,Murphy,MID,NEW,5.0,2.654812921
2021-22,2,96,Mbeumo,MID,BRE,5.5,2.964892491
2021-22,2,81,Canos,MID,BRE,5.5,2.873085314
2021-22,2,211,Perez,MID,LEI,6.0,2.384685935
2021-22,2,436,Neves,MID,WOL,5.5,2.766203119
2021-22,2,35,McGinn,MID,AVL,6.0,3.111333503
2021-22,2,421,Rice,MID,WHU,5.0,2.778343542
2021-22,2,222,J Henderson,MID,LIV,5.0,2.385940612
2021-22,2,308,Almiron,MID,NEW,5.5,2.773055427
2021-22,2,325,Cantwell,MID,NOR,5.5,2.196198639
2021-22,2,291,Shelvey,MID,NEW,5.5,0.26609808
2021-22,2,365,Hojbjerg,MID,TOT,5.0,2.538127578
2021-22,2,426,Moutinho,MID,WOL,5.0,2.639359579
2021-22,2,266,Rodri,MID,MCI,5.5,3.068895507
2021-22,2,166,James Rodriguez,MID,EVE,7.0,1.684822091
2021-22,2,123,Jorginho,MID,CHE,6.0,2.084325166
2021-22,2,42,El Ghazi,MID,AVL,6.0,3.320410364
2021-22,2,391,Sema,MID,WAT,5.5,2.215362116
2021-22,2,216,Ndidi,MID,LEI,5.0,2.555581254
2021-22,2,225,Thiago,MID,LIV,5.5,2.213178515
2021-22,2,152,Milivojevic,MID,CRY,5.5,0.167974103
2021-22,2,339,S Armstrong,MID,SOU,6.0,2.304891508
2021-22,2,362,Lucas Moura,MID,TOT,6.5,2.506268932
2021-22,2,21,Smith Rowe,MID,ARS,5.5,2.332795443
2021-22,2,232,Fabinho,MID,LIV,5.5,2.700602999
2021-22,2,449,Rashica,MID,NOR,5.5,2.103913862
2021-22,2,261,B Silva,MID,MCI,7.0,2.569510105
2021-22,2,558,Odegaard,MID,ARS,5.5,0.530691054
2021-22,2,53,Lallana,MID,BHA,5.5,2.931368768
2021-22,2,285,McTominay,MID,MUN,5.5,2.066130759
2021-22,2,484,D Gray,MID,EVE,5.5,1.460881751
2021-22,2,70,Bissouma,MID,BHA,4.5,2.671293421
2021-22,2,281,Rashford,MID,MUN,9.5,0.0
2021-22,2,7,Xhaka,MID,ARS,5.0,2.270617416
2021-22,2,265,Foden,MID,MCI,8.0,0.0
2021-22,2,108,Gudmundsson,MID,BUR,5.5,2.06835748
2021-22,2,77,Norgaard,MID,BRE,5.0,2.447184996
2021-22,2,155,Schlupp,MID,CRY,5.5,2.804573841
2021-22,2,26,Martinelli,MID,ARS,5.5,2.979496716
2021-22,2,482,Townsend,MID,EVE,5.5,1.571611166
2021-22,2,381,Cleverley,MID,WAT,5.0,2.142443807
2021-22,2,191,K Phillips,MID,LEE,5.0,1.457867507
2021-22,2,462,Mwepu,MID,BHA,6.0,2.530480289
2021-22,2,336,Redmond,MID,SOU,6.0,2.062395787
2021-22,2,471,Lees-Melou,MID,NOR,5.0,1.154489299
2021-22,2,50,Douglas Luiz,MID,AVL,4.5,2.308320572
2021-22,2,186,Klich,MID,LEE,5.5,2.212242274
2021-22,2,464,Olise,MID,CRY,5.5,0.574708807
2021-22,2,335,Romeu,MID,SOU,4.5,2.225627953
2021-22,2,32,B Traore,MID,AVL,6.0,0.0
2021-22,2,148,McArthur,MID,CRY,4.5,2.689104063
2021-22,2,171,Allan,MID,EVE,4.5,2.161806853
2021-22,2,101,Cork,MID,BUR,4.5,2.018163872
2021-22,2,84,Janelt,MID,BRE,5.0,2.313660752
2021-22,2,332,Walcott,MID,SOU,6.0,1.954839513
2021-22,2,274,Fred,MID,MUN,5.0,1.621906237
2021-22,2,372,Lo Celso,MID,TOT,6.0,1.837546716
2021-22,2,306,Hayden,MID,NEW,4.5,2.268190596
2021-22,2,75,Moder,MID,BHA,4.5,2.08132778
2021-22,2,287,D James,MID,MUN,6.0,1.366588432
2021-22,2,373,Skipp,MID,TOT,4.5,1.669299351
2021-22,2,125,Kovacic,MID,CHE,5.0,1.964153782
2021-22,2,86,Jensen,MID,BRE,5.0,0.225223368
2021-22,2,115,Brownhill,MID,BUR,4.5,1.763810501
2021-22,2,130,Kante,MID,CHE,5.0,1.636068659
2021-22,2,369,Bergwijn,MID,TOT,6.0,1.284088152
2021-22,2,131,Ziyech,MID,CHE,7.5,0.439069012
2021-22,2,74,Mac Allister,MID,BHA,5.5,2.110767229
2021-22,2,438,Podence,MID,WOL,5.5,0.0
2021-22,2,144,Gallagher,MID,CRY,5.5,1.436963684
2021-22,2,487,Bryan Gil,MID,TOT,6.0,0.656914327
2021-22,2,140,Hudson-Odoi,MID,CHE,5.5,1.613226137
2021-22,2,453,Fernandinho,MID,MCI,5.0,1.492183552
2021-22,2,318,McLean,MID,NOR,5.0,1.277117468
2021-22,2,145,Gilmour,MID,NOR,4.5,1.844651822
2021-22,2,3,Willian,MID,ARS,6.5,0.82975454
2021-22,2,434,Dendoncker,MID,WOL,5.0,2.060566601
2021-22,2,73,Alzate,MID,BHA,5.0,1.918856263
2021-22,2,192,Costa,MID,LEE,5.5,1.099504435
2021-22,2,82,Dasilva,MID,BRE,5.5,0.105612793
2021-22,2,317,Rupp,MID,NOR,4.5,1.243651982
2021-22,2,403,Louza,MID,WAT,5.5,0.712096751
2021-22,2,524,Wissa,MID,BRE,6.0,0.43216862
2021-22,2,478,Lokonga,MID,ARS,5.0,2.141262866
2021-22,2,385,N Chalobah,MID,WAT,5.0,1.449721042
2021-22,2,386,Hughes,MID,WAT,5.0,0.90113581
2021-22,2,495,Kucka,MID,WAT,5.5,0.880843737
2021-22,2,276,Lingard,MID,MUN,7.0,0.181758214
2021-22,2,323,Dowell,MID,NOR,5.5,1.595201514
2021-22,2,193,Roberts,MID,LEE,5.0,1.44392914
2021-22,2,459,Mata,MID,MUN,5.0,0.520315885
2021-22,2,479,Onyeka,MID,BRE,5.0,1.743332446
2021-22,2,51,J Ramsey,MID,AVL,4.5,1.922861298
2021-22,2,416,Lanzini,MID,WHU,6.0,1.799117696
2021-22,2,239,Keita,MID,LIV,5.0,1.588496182
2021-22,2,34,Sanson,MID,AVL,5.0,0.311458254
2021-22,2,320,O Hernandez,MID,NOR,5.0,0.79563967
2021-22,2,29,Hourihane,MID,AVL,5.0,0.351317039
2021-22,2,202,Albrighton,MID,LEI,5.5,0.870156614
2021-22,2,506,Elliott,MID,LIV,5.5,0.823194615
2021-22,2,124,Barkley,MID,CHE,5.5,0.119273089
2021-22,2,328,Placheta,MID,NOR,5.0,0.0818638
2021-22,2,160,Eze,MID,CRY,6.0,0.0
2021-22,2,298,Fraser,MID,NEW,5.5,1.233849621
2021-22,2,132,Loftus-Cheek,MID,CHE,5.5,0.106507315
2021-22,2,537,Richards,MID,BHA,4.5,0.121328855
2021-22,2,25,Guendouzi,MID,ARS,4.5,0.0
2021-22,2,57,Propper,MID,BHA,4.5,0.0
2021-22,2,116,Benson,MID,BUR,4.5,0.0
2021-22,2,394,Dele-Bashiru,MID,WAT,4.5,0.0
2021-22,2,402,Hungbo,MID,WAT,4.5,0.0
2021-22,2,316,Stiepermann,MID,NOR,5.0,0.0
2021-22,2,330,J Martin,MID,NOR,5.0,0.0
2021-22,2,511,A Pereira,MID,MUN,5.0,0.0
2021-22,2,37,Trezeguet,MID,AVL,5.5,0.0
2021-22,2,392,Zinckernagel,MID,WAT,5.5,0.0
2021-22,2,66,Jahanbakhsh,MID,BHA,5.5,0.0
2021-22,2,167,Bernard,MID,EVE,5.5,0.0
2021-22,2,182,P Hernandez,MID,LEE,5.5,0.0
2021-22,2,356,Lamela,MID,TOT,6.0,0.0
2021-22,2,441,Neto,MID,WOL,6.5,0.0
2021-22,2,164,Sigurdsson,MID,EVE,7.0,0.0
2021-22,2,551,Summerville,MID,LEE,4.5,0.026664548
2021-22,2,282,van de Beek,MID,MUN,6.0,0.555722817
2021-22,2,538,Caicedo,MID,BHA,4.5,0.228881516
2021-22,2,547,Cundle,MID,WOL,4.5,0.009010452
2021-22,2,271,Matic,MID,MUN,4.5,0.50940097
2021-22,2,548,Campbell,MID,WOL,4.5,0.008644922
2021-22,2,543,Banks,MID,CRY,4.5,0.014446805
2021-22,2,507,Palmer,MID,MCI,4.5,0.026318669
2021-22,2,375,Ndombele,MID,TOT,6.0,0.297708925
2021-22,2,512,Elanga,MID,MUN,5.0,0.048400162
2021-22,2,505,Dewsbury-Hall,MID,LEI,4.5,0.021486438
2021-22,2,553,Woodburn,MID,LIV,4.5,0.051609952
2021-22,2,508,Edozie,MID,MCI,5.0,0.022099209
2021-22,2,12,Elneny,MID,ARS,4.5,0.423433997
2021-22,2,499,S Baptiste,MID,BRE,5.0,0.046754604
2021-22,2,226,Shaqiri,MID,LIV,6.0,0.049958268
2021-22,2,458,Soumare,MID,LEI,5.0,1.17903825
2021-22,2,522,Coventry,MID,WHU,4.5,0.018170724
2021-22,2,346,Tella,MID,SOU,5.0,0.864079739
2021-22,2,312,M Longstaff,MID,NEW,4.5,0.088566
2021-22,2,378,Gosling,MID,WAT,5.0,0.292401075
2021-22,2,18,Torreira,MID,ARS,4.5,0.091352404
2021-22,2,15,Partey,MID,ARS,5.0,0.234579531
2021-22,2,541,Rak-Sakyi,MID,CRY,4.5,0.025023175
2021-22,2,496,A Ramsey,MID,AVL,4.5,0.041246497
2021-22,2,174,Iwobi,MID,EVE,6.0,0.86650216
2021-22,2,440,Gibbs-White,MID,WOL,4.5,1.524034405
2021-22,2,236,Minamino,MID,LIV,5.5,0.156423639
2021-22,2,528,Tzolis,MID,NOR,5.0,0.528758856
2021-22,2,517,Elyounoussi,MID,SOU,5.5,0.186925737
2021-22,2,85,Ghoddos,MID,BRE,5.5,0.851205309
2021-22,2,13,Maitland-Niles,MID,ARS,5.5,0.389763092
2021-22,2,206,Praet,MID,LEI,5.0,0.189755159
2021-22,2,412,Yarmolenko,MID,WHU,5.5,1.299160379
2021-22,2,552,Forshaw,MID,LEE,4.5,0.088336191
2021-22,2,497,Philogene-Bidace,MID,AVL,5.0,0.093138893
2021-22,2,297,Hendrick,MID,NEW,5.0,0.521280867
2021-22,2,93,Zamburek,MID,BRE,4.5,0.085741504
2021-22,2,195,Poveda,MID,LEE,4.5,0.724368954
2021-22,2,347,Smallbone,MID,SOU,4.5,0.040797155
2021-22,2,557,Tufan,MID,WAT,5.0,0.178673935
2021-22,2,405,Baah,MID,WAT,4.5,0.078447381
2021-22,2,203,N Mendy,MID,LEI,4.5,0.034461133
2021-22,2,397,Quina,MID,WAT,4.5,0.379337938
2021-22,2,531,Nelson,MID,ARS,5.0,0.240323264
2021-22,2,176,T Davies,MID,EVE,5.0,0.682217325
2021-22,2,214,Choudhury,MID,LEI,4.5,0.121101662
2021-22,2,526,Chukwuemeka,MID,AVL,4.5,0.183690703
2021-22,2,244,C Jones,MID,LIV,5.0,0.187591946
2021-22,2,354,Sissoko,MID,TOT,4.5,0.268942104
2021-22,2,97,Bidstrup,MID,BRE,4.5,1.09256013
2021-22,2,504,Gbamin,MID,EVE,4.5,0.055059025
2021-22,2,503,Gordon,MID,EVE,4.5,0.160356103
2021-22,2,197,Shackleton,MID,LEE,4.5,0.132641479
2021-22,2,227,Chamberlain,MID,LIV,6.0,0.402653443
2021-22,2,366,Winks,MID,TOT,4.5,0.667846998
2021-22,2,221,Milner,MID,LIV,5.0,1.479911849
2021-22,2,309,S Longstaff,MID,NEW,4.5,1.334889721
2021-22,2,79,Fosu,MID,BRE,5.5,0.562919539
2021-22,2,442,Otasowie,MID,WOL,4.5,0.249570819
2021-22,2,350,Djenepo,MID,SOU,5.5,0.647301509
2021-22,2,102,D Stephens,MID,BUR,4.5,0.033993738
2021-22,2,163,Delph,MID,EVE,4.5,0.220950698
2021-22,2,41,Nakamba,MID,AVL,4.5,0.661788349
2021-22,2,157,Riedewald,MID,CRY,5.0,1.54321754
2021-22,2,406,Noble,MID,WHU,4.5,0.740957187
2021-22,2,172,Gomes,MID,EVE,5.0,1.176435397
2021-22,2,349,I Diallo,MID,SOU,4.5,1.266972582
2021-22,2,467,Etebo,MID,WAT,4.5,1.409925327
2021-22,2,357,Kane,FWD,TOT,12.5,3.067854611
2021-22,2,413,Antonio,FWD,WHU,7.5,4.39603024
2021-22,2,177,Calvert-Lewin,FWD,EVE,8.0,4.088468557
2021-22,2,205,Vardy,FWD,LEI,10.5,3.933515196
2021-22,2,529,Lukaku,FWD,CHE,11.5,2.464619942
2021-22,2,430,Jimenez,FWD,WOL,7.5,4.251375804
2021-22,2,189,Bamford,FWD,LEE,8.0,4.07574398
2021-22,2,109,Wood,FWD,BUR,7.0,3.256806183
2021-22,2,337,Ings,FWD,AVL,8.0,4.544292764
2021-22,2,296,Wilson,FWD,NEW,7.5,3.720991288
2021-22,2,4,Aubameyang,FWD,ARS,10.0,1.271556567
2021-22,2,78,Toney,FWD,BRE,6.5,3.563074133
2021-22,2,228,Firmino,FWD,LIV,9.0,3.60814946
2021-22,2,180,Richarlison,FWD,EVE,7.5,3.511594468
2021-22,2,315,Pukki,FWD,NOR,6.0,2.693554896
2021-22,2,63,Maupay,FWD,BHA,6.5,4.258032475
2021-22,2,263,Jesus,FWD,MCI,8.5,4.389091724
2021-22,2,278,Martial,FWD,MUN,8.0,3.614007908
2021-22,2,149,Benteke,FWD,CRY,6.5,4.009168375
2021-22,2,134,Werner,FWD,CHE,9.0,2.975220258
2021-22,2,213,Iheanacho,FWD,LEI,7.5,2.841368994
2021-22,2,6,Lacazette,FWD,ARS,8.5,0.067175191
2021-22,2,345,Adams,FWD,SOU,7.0,2.974275958
2021-22,2,525,A Armstrong,FWD,SOU,6.0,2.293173224
2021-22,2,187,Rodrigo,FWD,LEE,6.5,2.993941937
2021-22,2,40,Watkins,FWD,AVL,7.5,0.149067838
2021-22,2,455,Daka,FWD,LEI,7.5,2.512089217
2021-22,2,307,Saint-Maximin,FWD,NEW,6.5,2.770468721
2021-22,2,447,Welbeck,FWD,BHA,6.0,0.137111018
2021-22,2,269,Cavani,FWD,MUN,8.5,0.100139311
2021-22,2,153,Ayew,FWD,CRY,6.0,2.976968718
2021-22,2,445,F Silva,FWD,WOL,6.0,2.10551121
2021-22,2,159,Mateta,FWD,CRY,5.5,1.484629596
2021-22,2,111,Vydra,FWD,BUR,5.5,1.933401839
2021-22,2,380,Deeney,FWD,WAT,5.5,0.89646625
2021-22,2,468,King,FWD,WAT,5.5,1.626814978
2021-22,2,104,Jay Rodriguez,FWD,BUR,5.5,1.810858485
2021-22,2,450,Dennis,FWD,WAT,5.0,1.589327874
2021-22,2,404,Joao Pedro,FWD,WAT,5.5,0.085884368
2021-22,2,72,Connolly,FWD,BHA,5.5,0.411108731
2021-22,2,136,Abraham,FWD,CHE,6.5,0.425524364
2021-22,2,322,Hugill,FWD,NOR,5.5,0.514843759
2021-22,2,516,Sargent,FWD,NOR,5.5,0.741944707
2021-22,2,383,A Gray,FWD,WAT,5.5,0.212468287
2021-22,2,344,Nlundulu,FWD,SOU,4.5,0.0
2021-22,2,469,Mebude,FWD,WAT,4.5,0.0
2021-22,2,388,Perica,FWD,WAT,4.5,0.0
2021-22,2,545,Broadhead,FWD,EVE,4.5,0.0
2021-22,2,523,Cutrone,FWD,WOL,5.0,0.0
2021-22,2,48,Samatta,FWD,AVL,5.5,0.0
2021-22,2,126,Batshuayi,FWD,CHE,5.5,0.0
2021-22,2,120,Giroud,FWD,CHE,6.5,0.0
2021-22,2,520,Scarlett,FWD,TOT,4.5,0.008018876
2021-22,2,542,Street,FWD,CRY,4.5,0.011643296
2021-22,2,235,Origi,FWD,LIV,5.0,0.021982443
2021-22,2,20,Nketiah,FWD,ARS,5.5,0.0
2021-22,2,393,Success,FWD,WAT,5.0,0.018015362
2021-22,2,533,Richardson,FWD,BUR,4.5,0.017669434
2021-22,2,500,Andone,FWD,BHA,5.0,0.047857637
2021-22,2,300,Gayle,FWD,NEW,5.5,0.300207983
2021-22,2,95,Dervisoglu,FWD,BRE,5.5,0.092797412
2021-22,2,47,Wesley,FWD,AVL,5.5,0.040720803
2021-22,2,519,S Long,FWD,SOU,5.5,0.189256004
2021-22,2,88,Forss,FWD,BRE,5.5,1.688067369
2021-22,2,530,Balogun,FWD,ARS,5.0,1.082245625
2021-22,2,395,Fletcher,FWD,WAT,5.0,0.082597459
2021-22,2,535,Zeqiri,FWD,BHA,4.5,0.09321007
2021-22,2,348,Obafemi,FWD,SOU,4.5,0.285828825
2021-22,2,49,Davis,FWD,AVL,4.5,0.578707242
2021-22,2,472,Cucho,FWD,WAT,5.0,0.478075621
2021-22,2,550,S Greenwood,FWD,LEE,4.5,0.18896719
2021-22,2,518,Broja,FWD,SOU,5.0,0.37369358
2021-22,2,329,Idah,FWD,NOR,5.0,0.530890052
2021-22,2,310,Joelinton,FWD,NEW,6.0,1.1511021
2021-22,2,105,A Barnes,FWD,BUR,5.5,0.975454467
2021-22,20,112,Pope,GK,BUR,5.4,2.974400848
2021-22,20,270,de Gea,GK,MUN,5.1,3.892997206
2021-22,20,30,Martinez,GK,AVL,5.5,0.0
2021-22,20,231,Alisson,GK,LIV,6.0,3.736021107
2021-22,20,353,Lloris,GK,TOT,5.4,3.727849755
2021-22,20,69,R Sanchez,GK,BHA,4.6,3.269893671
2021-22,20,170,Pickford,GK,EVE,4.9,3.887929926
2021-22,20,556,A Fernandez,GK,BRE,4.5,2.949027955
2021-22,20,199,Meslier,GK,LEE,4.9,0.0
2021-22,20,559,Ramsdale,GK,ARS,5.1,0.0
2021-22,20,408,Fabianski,GK,WHU,5.0,3.536607397
2021-22,20,257,Ederson,GK,MCI,6.0,4.140619974
2021-22,20,200,Schmeichel,GK,LEI,4.8,2.543412907
2021-22,20,475,Sa,GK,WOL,5.1,0.0
2021-22,20,143,E Mendy,GK,CHE,6.2,4.441464974
2021-22,20,146,Guaita,GK,CRY,4.6,0.442780714
2021-22,20,295,Dubravka,GK,NEW,4.4,3.332453658
2021-22,20,389,Bachmann,GK,WAT,4.2,2.822781795
2021-22,20,334,McCarthy,GK,SOU,4.5,0.469274281
2021-22,20,314,Krul,GK,NOR,4.5,0.315916247
2021-22,20,156,Butland,GK,CRY,4.4,3.830345302
2021-22,20,376,Foster,GK,WAT,4.1,0.06175809
2021-22,20,129,Kepa,GK,CHE,4.7,0.170604839
2021-22,20,333,Forster,GK,SOU,4.4,1.943618107
2021-22,20,280,D Henderson,GK,MUN,4.7,0.307178997
2021-22,20,448,Gunn,GK,NOR,4.0,2.675878341
2021-22,20,489,Areola,GK,WHU,4.7,0.183875549
2021-22,20,242,Kelleher,GK,LIV,4.3,0.084049752
2021-22,20,481,Begovic,GK,EVE,4.0,0.435878959
2021-22,20,1,Leno,GK,ARS,4.5,0.0
2021-22,20,480,Hennessey,GK,BUR,4.5,0.063462395
2021-22,20,486,Gollini,GK,TOT,4.3,0.068138005
2021-22,20,260,Steffen,GK,MCI,4.5,0.08062429
2021-22,20,28,Steer,GK,AVL,4.0,0.0
2021-22,20,490,Klaesson,GK,LEE,4.4,0.0
2021-22,20,294,Darlow,GK,NEW,4.5,0.035371004
2021-22,20,452,Ruddy,GK,WOL,4.4,0.0
2021-22,20,54,Steele,GK,BHA,4.0,0.04432578
2021-22,20,641,Caballero,GK,SOU,4.5,0.418735333
2021-22,20,619,Cox,GK,BRE,4.0,0.050749561
2021-22,20,204,D Ward,GK,LEI,4.0,0.0
2021-22,20,476,Scherpen,GK,BHA,4.5,0.019879515
2021-22,20,573,Jakupovic,GK,LEI,4.0,0.049189711
2021-22,20,606,Bettinelli,GK,CHE,4.0,0.009111232
2021-22,20,513,Woodman,GK,NEW,4.4,0.070272222
2021-22,20,561,Matthews,GK,CRY,4.0,0.042549864
2021-22,20,509,Heaton,GK,MUN,4.0,0.008224349
2021-22,20,593,Carson,GK,MCI,3.9,0.008621552
2021-22,20,114,Norris,GK,BUR,4.4,0.005721133
2021-22,20,596,Sinisalo,GK,AVL,4.0,0.0
2021-22,20,571,Lonergan,GK,EVE,4.0,0.007661341
2021-22,20,407,Randolph,GK,WHU,4.4,0.006531071
2021-22,20,650,Marschall,GK,AVL,4.0,0.0
2021-22,20,574,Elliot,GK,WAT,4.0,0.005559702
2021-22,20,572,Okonkwo,GK,ARS,4.0,0.0
2021-22,20,532,Hein,GK,ARS,4.0,0.0
2021-22,20,313,McGovern,GK,NOR,4.0,0.006134007
2021-22,20,656,Pitaluga,GK,LIV,4.0,0.002789583
2021-22,20,223,Adrian,GK,LIV,4.3,0.000737242
2021-22,20,615,Slicker,GK,MCI,4.0,0.000768719
2021-22,20,514,Gillespie,GK,NEW,4.0,0.000699108
2021-22,20,616,Tyrer,GK,EVE,4.0,0.000695626
2021-22,20,80,Raya,GK,BRE,4.4,0.0
2021-22,20,659,Austin,GK,TOT,4.0,0.004092055
2021-22,20,621,Storer,GK,WOL,4.0,0.0
2021-22,20,611,Moulden,GK,WOL,4.0,0.0
2021-22,20,637,H Lewis,GK,SOU,4.0,0.003725024
2021-22,20,642,Angelini,GK,WAT,4.0,0.003565066
2021-22,20,237,Trent,DEF,LIV,8.3,4.624199465
2021-22,20,256,Cancelo,DEF,MCI,6.8,5.082048607
2021-22,20,555,Varane,DEF,MUN,5.5,4.114234403
2021-22,20,229,van Dijk,DEF,LIV,6.6,3.395985787
2021-22,20,234,Robertson,DEF,LIV,7.1,0.0
2021-22,20,370,Reguilon,DEF,TOT,5.2,3.587150579
2021-22,20,273,Maguire,DEF,MUN,5.4,3.979898525
2021-22,20,288,Wan-Bissaka,DEF,MUN,5.1,3.559769731
2021-22,20,169,Keane,DEF,EVE,4.9,4.04645077
2021-22,20,275,Shaw,DEF,MUN,5.0,3.505926061
2021-22,20,142,R James,DEF,CHE,6.3,4.751401435
2021-22,20,45,Konsa,DEF,AVL,4.9,0.0
2021-22,20,411,A Cresswell,DEF,WHU,5.3,2.540532927
2021-22,20,39,Targett,DEF,AVL,4.7,0.0
2021-22,20,44,Cash,DEF,AVL,5.0,0.0
2021-22,20,584,Cucurella,DEF,BHA,5.0,2.294692374
2021-22,20,98,Tarkowski,DEF,BUR,4.9,2.014614716
2021-22,20,262,Dias,DEF,MCI,6.1,3.695086119
2021-22,20,414,Dawson,DEF,WHU,4.9,3.387379495
2021-22,20,127,Rudiger,DEF,CHE,6.2,4.614771212
2021-22,20,361,Dier,DEF,TOT,4.5,3.098504085
2021-22,20,165,Coleman,DEF,EVE,4.9,3.488145028
2021-22,20,437,Semedo,DEF,WOL,4.8,0.0
2021-22,20,588,Emerson R,DEF,TOT,4.9,2.991773429
2021-22,20,179,Godfrey,DEF,EVE,4.8,3.47968338
2021-22,20,106,Mee,DEF,BUR,4.8,1.864389387
2021-22,20,259,Laporte,DEF,MCI,5.5,3.143186818
2021-22,20,364,Ben T Davies,DEF,TOT,4.5,2.847475463
2021-22,20,110,Lowton,DEF,BUR,4.4,1.866371571
2021-22,20,38,Mings,DEF,AVL,5.0,0.0
2021-22,20,113,Taylor,DEF,BUR,4.4,1.874274483
2021-22,20,16,Tierney,DEF,ARS,4.8,0.0
2021-22,20,91,Pinnock,DEF,BRE,4.5,1.903055477
2021-22,20,209,Castagne,DEF,LEI,5.3,0.49884476
2021-22,20,61,Webster,DEF,BHA,4.4,2.085719141
2021-22,20,249,Walker,DEF,MCI,5.5,2.343376024
2021-22,20,185,Ayling,DEF,LEE,4.3,0.0
2021-22,20,343,Bednarek,DEF,SOU,4.4,2.941277764
2021-22,20,23,Gabriel,DEF,ARS,5.3,0.0
2021-22,20,488,Andersen,DEF,CRY,4.5,3.988805793
2021-22,20,62,Veltman,DEF,BHA,4.2,1.202763304
2021-22,20,162,Mitchell,DEF,CRY,4.5,3.807278039
2021-22,20,224,Matip,DEF,LIV,4.9,2.012616383
2021-22,20,76,Jansson,DEF,BRE,4.6,1.783230337
2021-22,20,59,Dunk,DEF,BHA,4.9,0.0
2021-22,20,382,Femenia,DEF,WAT,4.3,2.38374976
2021-22,20,122,Alonso,DEF,CHE,5.7,4.92267179
2021-22,20,590,Tomiyasu,DEF,ARS,4.8,0.0
2021-22,20,429,Coady,DEF,WOL,4.5,0.0
2021-22,20,477,Guehi,DEF,CRY,4.6,2.830898606
2021-22,20,71,Lamptey,DEF,BHA,4.5,1.998610007
2021-22,20,67,B White,DEF,ARS,4.5,0.0
2021-22,20,201,Evans,DEF,LEI,5.4,0.816091596
2021-22,20,491,Livramento,DEF,SOU,4.4,2.666872551
2021-22,20,396,Sierralta,DEF,WAT,4.3,1.634352919
2021-22,20,175,Mina,DEF,EVE,4.9,0.890354019
2021-22,20,474,J Ward,DEF,CRY,4.5,3.604902065
2021-22,20,463,Firpo,DEF,LEE,4.7,0.0
2021-22,20,252,Stones,DEF,MCI,5.3,2.107009417
2021-22,20,128,Zouma,DEF,WHU,5.4,0.325254026
2021-22,20,133,Christensen,DEF,CHE,4.7,3.71182047
2021-22,20,342,Walker-Peters,DEF,SOU,4.8,2.426472125
2021-22,20,190,Llorente,DEF,LEE,4.5,0.0
2021-22,20,351,Salisu,DEF,SOU,4.5,2.529005926
2021-22,20,418,Coufal,DEF,WHU,4.7,2.14338004
2021-22,20,340,Vestergaard,DEF,LEI,4.7,1.637002837
2021-22,20,178,Holgate,DEF,EVE,4.2,3.248269097
2021-22,20,135,Chilwell,DEF,CHE,5.6,0.445857215
2021-22,20,379,Cathcart,DEF,WAT,4.3,1.135529666
2021-22,20,217,Soyuncu,DEF,LEI,4.9,0.190177943
2021-22,20,431,Saiss,DEF,WOL,5.0,0.0
2021-22,20,119,Azpilicueta,DEF,CHE,5.7,3.292900216
2021-22,20,439,Kilman,DEF,WOL,4.5,0.0
2021-22,20,299,Lascelles,DEF,NEW,4.4,2.71519806
2021-22,20,527,T Chalobah,DEF,CHE,4.7,2.102614709
2021-22,20,56,Duffy,DEF,BHA,4.1,1.240560835
2021-22,20,121,T Silva,DEF,CHE,5.6,0.901012746
2021-22,20,470,Ait-Nouri,DEF,WOL,4.3,0.0
2021-22,20,264,Zinchenko,DEF,MCI,5.3,2.304026636
2021-22,20,425,Johnson,DEF,WHU,4.0,2.005176269
2021-22,20,150,Kouyate,DEF,CRY,4.5,3.846039261
2021-22,20,279,Telles,DEF,MUN,5.0,1.175548229
2021-22,20,367,D Sanchez,DEF,TOT,4.5,1.921002047
2021-22,20,305,Schar,DEF,NEW,4.3,2.679895311
2021-22,20,494,Romero,DEF,TOT,4.9,0.0
2021-22,20,483,Ajer,DEF,BRE,4.4,0.127388972
2021-22,20,424,Diop,DEF,WHU,4.3,2.86411672
2021-22,20,243,Konate,DEF,LIV,5.1,1.050064641
2021-22,20,432,Marcal,DEF,WOL,4.2,0.0
2021-22,20,428,Boly,DEF,WOL,4.9,0.0
2021-22,20,168,Digne,DEF,EVE,5.0,2.70640489
2021-22,20,326,Aarons,DEF,NOR,4.3,2.498223682
2021-22,20,58,Burn,DEF,BHA,4.4,2.17518608
2021-22,20,184,Cooper,DEF,LEE,4.5,0.0
2021-22,20,89,Roerslev,DEF,BRE,4.3,0.503314919
2021-22,20,219,L Thomas,DEF,LEI,4.3,1.677385332
2021-22,20,83,Henry,DEF,BRE,4.5,0.0
2021-22,20,218,Justin,DEF,LEI,4.9,0.200823262
2021-22,20,245,Tsimikas,DEF,LIV,3.7,3.182896048
2021-22,20,302,Manquillo,DEF,NEW,3.9,0.0
2021-22,20,194,Koch,DEF,LEE,4.3,0.0
2021-22,20,52,Young,DEF,AVL,4.7,0.0
2021-22,20,371,Tanganga,DEF,TOT,4.2,1.368631176
2021-22,20,510,Dalot,DEF,MUN,4.5,0.726611879
2021-22,20,460,Perraud,DEF,SOU,4.8,0.90517346
2021-22,20,377,Rose,DEF,WAT,4.2,0.425136205
2021-22,20,292,Ritchie,DEF,NEW,4.9,0.067760203
2021-22,20,456,Gibson,DEF,NOR,4.4,2.390630816
2021-22,20,473,Bertrand,DEF,LEI,4.6,0.475119781
2021-22,20,238,Gomez,DEF,LIV,4.7,0.578836718
2021-22,20,319,Hanley,DEF,NOR,4.4,0.394672793
2021-22,20,147,Tomkins,DEF,CRY,4.3,1.558162958
2021-22,20,284,Lindelof,DEF,MUN,4.8,0.090342008
2021-22,20,390,Masina,DEF,WAT,4.3,1.956452593
2021-22,20,303,Krafth,DEF,NEW,4.3,2.676091691
2021-22,20,198,Struijk,DEF,LEE,4.3,0.0
2021-22,20,283,Tuanzebe,DEF,AVL,4.4,0.0
2021-22,20,207,R Pereira,DEF,LEI,5.2,0.0
2021-22,20,580,Kabak,DEF,NOR,4.4,2.252247421
2021-22,20,400,Ngakia,DEF,WAT,4.3,0.50654606
2021-22,20,258,Ake,DEF,MCI,4.7,0.496742966
2021-22,20,311,J Lewis,DEF,NEW,4.2,0.0
2021-22,20,220,Fofana,DEF,LEI,4.3,0.0
2021-22,20,360,Doherty,DEF,TOT,4.7,0.717731896
2021-22,20,293,Clark,DEF,NEW,4.4,0.068510547
2021-22,20,387,Troost-Ekong,DEF,WAT,4.3,2.13655541
2021-22,20,594,Zanka,DEF,BRE,4.5,0.0
2021-22,20,161,N Ferguson,DEF,CRY,4.5,1.088282668
2021-22,20,90,M Sorensen,DEF,BRE,4.3,1.578555282
2021-22,20,417,Masuaku,DEF,WHU,4.4,0.982138508
2021-22,20,286,Bailly,DEF,MUN,4.9,0.814126945
2021-22,20,466,Tavares,DEF,ARS,4.3,0.0
2021-22,20,208,Amartey,DEF,LEI,3.8,1.529257939
2021-22,20,290,B Williams,DEF,NOR,3.9,1.994842423
2021-22,20,36,Hause,DEF,AVL,4.4,0.0
2021-22,20,585,C Roberts,DEF,BUR,4.5,0.048512256
2021-22,20,87,Goode,DEF,BRE,3.9,0.0
2021-22,20,338,J Stephens,DEF,SOU,4.4,0.060799922
2021-22,20,100,Pieters,DEF,BUR,4.2,0.231839448
2021-22,20,374,Rodon,DEF,TOT,4.3,0.302132107
2021-22,20,14,Holding,DEF,ARS,4.1,0.0
2021-22,20,451,Collins,DEF,BUR,4.3,0.168930529
2021-22,20,301,Dummett,DEF,NEW,4.5,0.0
2021-22,20,618,Nkoulou,DEF,WAT,4.4,0.035628019
2021-22,20,443,Hoever,DEF,WOL,3.9,0.0
2021-22,20,8,Mari,DEF,ARS,4.2,0.0
2021-22,20,498,Thompson,DEF,BRE,4.4,1.560640706
2021-22,20,246,N Williams,DEF,LIV,3.9,0.103250323
2021-22,20,493,Clyne,DEF,CRY,4.3,0.083578829
2021-22,20,563,C Cresswell,DEF,LEE,4.0,0.0
2021-22,20,465,F Fernandez,DEF,NEW,4.3,0.0
2021-22,20,368,Sessegnon,DEF,TOT,4.3,0.0
2021-22,20,331,Omobamidele,DEF,NOR,3.9,0.481999915
2021-22,20,384,Kabasele,DEF,WAT,4.3,0.0
2021-22,20,544,Branthwaite,DEF,EVE,4.0,0.170041302
2021-22,20,433,Jonny,DEF,WOL,4.5,0.0
2021-22,20,501,M Sarr,DEF,CHE,4.9,0.093210848
2021-22,20,5,Cedric,DEF,ARS,4.2,0.0
2021-22,20,567,Lyanco,DEF,SOU,4.4,0.049415863
2021-22,20,99,Bardsley,DEF,BUR,3.9,0.041496322
2021-22,20,11,Kolasinac,DEF,ARS,4.3,0.0
2021-22,20,632,P Jones,DEF,MUN,4.5,0.039085532
2021-22,20,10,Chambers,DEF,ARS,4.2,0.0
2021-22,20,151,Kelly,DEF,CRY,3.9,0.045407834
2021-22,20,158,Jach,DEF,CRY,4.3,0.045599036
2021-22,20,321,Byram,DEF,NOR,4.4,0.230109297
2021-22,20,562,Drameh,DEF,LEE,3.9,0.0
2021-22,20,327,J Sorensen,DEF,NOR,4.3,0.058881122
2021-22,20,502,Kenny,DEF,EVE,4.4,0.07155048
2021-22,20,560,H Roberts,DEF,BHA,4.0,0.009662871
2021-22,20,446,Mosquera,DEF,WOL,4.4,0.0
2021-22,20,415,Fredericks,DEF,WHU,4.4,0.099267367
2021-22,20,665,Simeu,DEF,SOU,4.0,0.003624741
2021-22,20,103,K Long,DEF,BUR,4.0,0.008113112
2021-22,20,635,Bueno,DEF,WOL,4.0,0.0
2021-22,20,554,J Baptiste,DEF,WHU,4.0,0.00555132
2021-22,20,610,Bogarde,DEF,AVL,4.0,0.0
2021-22,20,565,Dodgson,DEF,BUR,3.9,0.001967414
2021-22,20,534,B Thomas,DEF,BUR,4.0,0.001799297
2021-22,20,241,N Phillips,DEF,LIV,4.2,0.0
2021-22,20,409,Ogbonna,DEF,WHU,4.9,0.0
2021-22,20,546,Valery,DEF,SOU,3.9,0.004749507
2021-22,20,598,Omole,DEF,TOT,4.0,0.004734232
2021-22,20,540,Hannam,DEF,CRY,3.9,0.005758706
2021-22,20,627,Beck,DEF,LIV,4.0,0.00199426
2021-22,20,626,Bradley,DEF,LIV,4.0,0.004050555
2021-22,20,660,Quansah,DEF,LIV,4.0,0.003927658
2021-22,20,604,Wilson-Esbrand,DEF,MCI,3.9,0.004612972
2021-22,20,603,Mbete,DEF,MCI,4.0,0.004582419
2021-22,20,617,Ashby,DEF,WHU,4.0,0.004168443
2021-22,20,651,Egan-Riley,DEF,MCI,4.0,0.004505668
2021-22,20,653,Turns,DEF,BHA,4.0,0.003398952
2021-22,20,608,Hjelde,DEF,LEE,4.0,0.0
2021-22,20,623,Welch,DEF,EVE,4.0,0.004262295
2021-22,20,644,Alese,DEF,WHU,4.0,0.003879821
2021-22,20,657,Moore,DEF,LEE,4.0,0.0
2021-22,20,515,Mumba,DEF,NOR,3.9,0.004196432
2021-22,20,639,Daley-Campbell,DEF,LEI,4.0,0.003040762
2021-22,20,645,B Nelson,DEF,LEI,4.0,0.002983981
2021-22,20,633,Morris,DEF,WAT,4.0,0.003385872
2021-22,20,643,Tomkinson,DEF,NOR,4.0,0.003591019
2021-22,20,324,Zimmermann,DEF,NOR,4.4,0.023846761
2021-22,20,569,Stevens,DEF,BRE,4.0,0.157548278
2021-22,20,457,Giannoulis,DEF,NOR,4.4,1.036448337
2021-22,20,359,Son,MID,TOT,10.4,4.747490528
2021-22,20,277,Fernandes,MID,MUN,11.6,0.0
2021-22,20,240,Jota,MID,LIV,8.1,3.545057916
2021-22,20,420,Bowen,MID,WHU,6.5,4.417913417
2021-22,20,233,Salah,MID,LIV,13.1,5.598889782
2021-22,20,196,Raphinha,MID,LEE,6.6,0.0
2021-22,20,281,Rashford,MID,MUN,9.4,4.645409394
2021-22,20,210,Tielemans,MID,LEI,6.4,3.519076416
2021-22,20,485,Sancho,MID,MUN,8.9,4.322069779
2021-22,20,96,Mbeumo,MID,BRE,5.4,2.839018691
2021-22,20,251,De Bruyne,MID,MCI,11.9,4.252567572
2021-22,20,64,Trossard,MID,BHA,6.2,2.27714055
2021-22,20,422,Soucek,MID,WHU,5.7,3.823051856
2021-22,20,265,Foden,MID,MCI,8.1,3.524625137
2021-22,20,255,Sterling,MID,MCI,10.6,4.19646947
2021-22,20,118,McNeil,MID,BUR,5.7,2.605152588
2021-22,20,212,Maddison,MID,LEI,6.8,3.370861658
2021-22,20,341,Ward-Prowse,MID,SOU,6.3,3.629118658
2021-22,20,107,Westwood,MID,BUR,5.3,2.531219982
2021-22,20,230,Mane,MID,LIV,11.8,4.322659998
2021-22,20,173,Doucoure,MID,EVE,5.4,3.498318913
2021-22,20,484,D Gray,MID,EVE,5.6,2.606109078
2021-22,20,138,Mount,MID,CHE,7.7,4.233205743
2021-22,20,43,Buendia,MID,AVL,6.2,0.0
2021-22,20,108,Gudmundsson,MID,BUR,5.4,2.35049907
2021-22,20,267,Harrison,MID,LEE,5.6,0.0
2021-22,20,188,Dallas,MID,LEE,5.0,0.0
2021-22,20,35,McGinn,MID,AVL,5.9,0.0
2021-22,20,22,Saka,MID,ARS,6.3,0.0
2021-22,20,144,Gallagher,MID,CRY,6.1,3.158007939
2021-22,20,289,M Greenwood,MID,MUN,7.2,4.184289647
2021-22,20,81,Canos,MID,BRE,5.5,2.429035098
2021-22,20,215,H Barnes,MID,LEI,6.5,0.252018414
2021-22,20,423,Fornals,MID,WHU,6.0,3.041514065
2021-22,20,55,Gross,MID,BHA,5.8,1.975999115
2021-22,20,261,B Silva,MID,MCI,7.6,3.410071905
2021-22,20,26,Martinelli,MID,ARS,5.4,0.0
2021-22,20,285,McTominay,MID,MUN,5.4,2.772316321
2021-22,20,115,Brownhill,MID,BUR,4.4,1.942289725
2021-22,20,33,Grealish,MID,MCI,7.6,2.684236687
2021-22,20,250,Gundogan,MID,MCI,7.3,3.023024454
2021-22,20,495,Kucka,MID,WAT,5.5,2.389369154
2021-22,20,365,Hojbjerg,MID,TOT,5.0,2.556949896
2021-22,20,222,J Henderson,MID,LIV,5.1,1.632969045
2021-22,20,274,Fred,MID,MUN,5.0,2.707459366
2021-22,20,558,Odegaard,MID,ARS,5.6,0.0
2021-22,20,354,Sissoko,MID,WAT,4.5,2.407968001
2021-22,20,587,Lookman,MID,LEI,6.0,1.994555331
2021-22,20,416,Lanzini,MID,WHU,5.8,2.613924411
2021-22,20,50,Douglas Luiz,MID,AVL,4.5,0.0
2021-22,20,77,Norgaard,MID,BRE,5.0,0.0
2021-22,20,232,Fabinho,MID,LIV,5.4,2.237385538
2021-22,20,225,Thiago,MID,LIV,5.3,2.078463069
2021-22,20,421,Rice,MID,WHU,5.1,0.0
2021-22,20,291,Shelvey,MID,NEW,5.3,2.919263329
2021-22,20,435,A Traore,MID,WOL,5.7,0.0
2021-22,20,436,Neves,MID,WOL,5.3,0.0
2021-22,20,254,Mahrez,MID,MCI,8.6,3.260009292
2021-22,20,336,Redmond,MID,SOU,5.9,2.691214721
2021-22,20,154,Zaha,MID,CRY,6.8,0.0
2021-22,20,381,Cleverley,MID,WAT,4.8,1.996255419
2021-22,20,84,Janelt,MID,BRE,5.0,0.0
2021-22,20,426,Moutinho,MID,WOL,4.9,0.0
2021-22,20,482,Townsend,MID,EVE,5.2,0.455676306
2021-22,20,21,Smith Rowe,MID,ARS,6.1,0.0
2021-22,20,86,Jensen,MID,BRE,4.9,2.311992675
2021-22,20,51,J Ramsey,MID,AVL,4.6,0.0
2021-22,20,461,Trincao,MID,WOL,5.6,0.0
2021-22,20,123,Jorginho,MID,CHE,5.8,3.104755616
2021-22,20,7,Xhaka,MID,ARS,4.8,0.0
2021-22,20,578,Cornet,MID,BUR,5.9,0.825390402
2021-22,20,171,Allan,MID,EVE,4.4,1.391120166
2021-22,20,362,Lucas Moura,MID,TOT,6.4,1.832782082
2021-22,20,53,Lallana,MID,BHA,5.3,1.677837809
2021-22,20,318,McLean,MID,NOR,4.9,2.409182684
2021-22,20,517,Elyounoussi,MID,SOU,5.4,2.444679299
2021-22,20,266,Rodri,MID,MCI,5.5,2.657223087
2021-22,20,419,Benrahma,MID,WHU,5.9,3.145913338
2021-22,20,458,Soumare,MID,LEI,4.8,1.688268409
2021-22,20,236,Minamino,MID,LIV,5.1,0.18838318
2021-22,20,75,Moder,MID,BHA,4.5,1.834527009
2021-22,20,193,T Roberts,MID,LEE,4.8,0.0
2021-22,20,145,Gilmour,MID,NOR,4.4,2.386291388
2021-22,20,386,Hughes,MID,CRY,4.7,2.734697948
2021-22,20,438,Podence,MID,WOL,5.5,0.0
2021-22,20,372,Lo Celso,MID,TOT,5.9,1.682307633
2021-22,20,42,El Ghazi,MID,AVL,5.6,0.0
2021-22,20,335,Romeu,MID,SOU,4.5,2.29984242
2021-22,20,304,Murphy,MID,NEW,4.7,3.168710149
2021-22,20,141,Havertz,MID,CHE,7.8,0.559229574
2021-22,20,287,D James,MID,LEE,6.0,0.0
2021-22,20,298,Fraser,MID,NEW,5.3,2.914981749
2021-22,20,449,Rashica,MID,NOR,5.2,0.0
2021-22,20,125,Kovacic,MID,CHE,5.0,2.645913193
2021-22,20,186,Klich,MID,LEE,5.2,0.0
2021-22,20,70,Bissouma,MID,BHA,4.4,2.005452114
2021-22,20,152,Milivojevic,MID,CRY,5.3,0.121435278
2021-22,20,399,I Sarr,MID,WAT,5.8,0.0
2021-22,20,391,Sema,MID,WAT,5.2,1.080049753
2021-22,20,137,Pulisic,MID,CHE,7.9,3.101196643
2021-22,20,325,Cantwell,MID,NOR,5.3,2.608873882
2021-22,20,160,Eze,MID,CRY,5.9,0.121483627
2021-22,20,239,Keita,MID,LIV,5.0,2.476274324
2021-22,20,434,Dendoncker,MID,WOL,4.8,0.0
2021-22,20,557,Tufan,MID,WAT,5.0,0.794128212
2021-22,20,363,Alli,MID,TOT,6.2,1.036500161
2021-22,20,346,Tella,MID,SOU,4.7,2.055322494
2021-22,20,492,Bailey,MID,AVL,6.3,0.0
2021-22,20,216,Ndidi,MID,LEI,4.8,2.304706356
2021-22,20,227,Chamberlain,MID,LIV,5.8,1.207864855
2021-22,20,308,Almiron,MID,NEW,5.1,2.630588967
2021-22,20,552,Forshaw,MID,LEE,4.5,0.0
2021-22,20,174,Iwobi,MID,EVE,5.8,1.956605447
2021-22,20,19,Willock,MID,NEW,5.7,0.247458934
2021-22,20,101,Cork,MID,BUR,4.4,0.907638289
2021-22,20,462,Mwepu,MID,BHA,5.9,1.078021292
2021-22,20,375,Ndombele,MID,TOT,5.7,1.226633523
2021-22,20,582,Vlasic,MID,WHU,5.7,0.585350101
2021-22,20,478,Lokonga,MID,ARS,4.8,0.0
2021-22,20,373,Skipp,MID,TOT,4.5,1.60487222
2021-22,20,499,S Baptiste,MID,BRE,4.9,2.097826261
2021-22,20,15,Partey,MID,ARS,5.0,0.0
2021-22,20,60,March,MID,BHA,5.3,1.106019893
2021-22,20,464,Olise,MID,CRY,5.4,0.340349391
2021-22,20,172,Gomes,MID,EVE,4.9,1.86153855
2021-22,20,130,Kante,MID,CHE,4.9,0.457780875
2021-22,20,155,Schlupp,MID,CRY,5.4,2.083158837
2021-22,20,221,Milner,MID,LIV,4.9,1.309139716
2021-22,20,471,Lees-Melou,MID,NOR,4.8,0.44060741
2021-22,20,211,Perez,MID,LEI,5.7,1.114573298
2021-22,20,505,Dewsbury-Hall,MID,LEI,4.4,0.936317361
2021-22,20,369,Bergwijn,MID,TOT,5.9,1.034591805
2021-22,20,271,Matic,MID,MUN,4.4,1.354111711
2021-22,20,339,S Armstrong,MID,SOU,5.8,0.232629887
2021-22,20,282,van de Beek,MID,MUN,5.7,1.226474328
2021-22,20,503,A Gordon,MID,EVE,4.5,1.469098629
2021-22,20,131,Ziyech,MID,CHE,7.3,1.738214907
2021-22,20,524,Wissa,MID,BRE,5.9,1.693216575
2021-22,20,176,T Davies,MID,EVE,4.8,1.019722238
2021-22,20,412,Yarmolenko,MID,WHU,5.1,0.404906314
2021-22,20,37,Trezeguet,MID,AVL,5.4,0.0
2021-22,20,328,Placheta,MID,NOR,4.7,1.787076338
2021-22,20,140,Hudson-Odoi,MID,CHE,5.3,1.070186737
2021-22,20,17,Pepe,MID,ARS,6.9,0.0
2021-22,20,74,Mac Allister,MID,BHA,5.3,0.653839586
2021-22,20,276,Lingard,MID,MUN,6.8,1.213850373
2021-22,20,148,McArthur,MID,CRY,4.3,0.0
2021-22,20,323,Dowell,MID,NOR,5.1,1.830029674
2021-22,20,592,Saul,MID,CHE,5.0,0.728213146
2021-22,20,406,Noble,MID,WHU,4.4,2.057380226
2021-22,20,317,Rupp,MID,NOR,4.4,0.375548258
2021-22,20,441,Neto,MID,WOL,6.4,0.0
2021-22,20,202,Albrighton,MID,LEI,5.2,1.210049641
2021-22,20,191,K Phillips,MID,LEE,4.8,0.0
2021-22,20,589,Kral,MID,WHU,4.4,1.273182265
2021-22,20,214,Choudhury,MID,LEI,4.4,0.077105495
2021-22,20,132,Loftus-Cheek,MID,CHE,5.4,0.630340321
2021-22,20,350,Djenepo,MID,SOU,5.2,0.447194259
2021-22,20,244,C Jones,MID,LIV,5.0,0.0
2021-22,20,32,B Traore,MID,AVL,5.7,0.0
2021-22,20,157,Riedewald,MID,CRY,4.7,1.419781333
2021-22,20,34,Sanson,MID,AVL,5.0,0.0
2021-22,20,506,Elliott,MID,LIV,5.3,0.0
2021-22,20,459,Mata,MID,MUN,4.7,0.030094412
2021-22,20,625,K Gordon,MID,LIV,4.5,0.004059173
2021-22,20,551,Summerville,MID,LEE,4.5,0.0
2021-22,20,13,Maitland-Niles,MID,ARS,5.2,0.0
2021-22,20,332,Walcott,MID,SOU,5.8,0.445376985
2021-22,20,512,Elanga,MID,MUN,4.8,0.004986029
2021-22,20,203,N Mendy,MID,LEI,4.3,0.0
2021-22,20,467,Etebo,MID,WAT,4.4,0.0
2021-22,20,405,Baah,MID,WAT,4.4,0.0
2021-22,20,581,Normann,MID,NOR,4.5,0.0
2021-22,20,612,Sarmiento,MID,BHA,4.5,0.0
2021-22,20,41,Nakamba,MID,AVL,4.5,0.0
2021-22,20,79,Fosu,MID,BRE,5.1,0.0
2021-22,20,82,Dasilva,MID,BRE,5.3,0.0
2021-22,20,268,Torres,MID,MCI,6.7,0.0
2021-22,20,272,Pogba,MID,MUN,7.4,0.0
2021-22,20,537,Richards,MID,BHA,4.5,0.020854396
2021-22,20,629,McAtee,MID,MCI,4.5,0.002268593
2021-22,20,597,Markanday,MID,TOT,4.5,0.004361549
2021-22,20,631,Jenkins,MID,LEE,4.5,0.0
2021-22,20,547,Cundle,MID,WOL,4.5,0.0
2021-22,20,613,Whitaker,MID,EVE,4.5,0.004396396
2021-22,20,628,Haygarth,MID,BRE,4.5,0.001721847
2021-22,20,630,Onyango,MID,EVE,4.5,0.001829705
2021-22,20,124,Barkley,MID,CHE,5.2,0.210062372
2021-22,20,576,McCarron,MID,LEE,4.5,0.0
2021-22,20,634,Perkins,MID,WHU,4.5,0.004207747
2021-22,20,93,Zamburek,MID,BRE,4.4,0.003762717
2021-22,20,661,Jordao,MID,WOL,4.5,0.0
2021-22,20,601,McKinstry,MID,LEE,4.3,0.0
2021-22,20,548,Campbell,MID,WOL,4.5,0.0
2021-22,20,662,Peart-Harris,MID,BRE,4.5,0.003674527
2021-22,20,648,Rowe,MID,NOR,4.5,0.004077981
2021-22,20,654,Leonard,MID,BHA,4.5,0.003596605
2021-22,20,664,Patino,MID,ARS,4.5,0.0
2021-22,20,652,Oko-Flex,MID,WHU,4.5,0.004082898
2021-22,20,658,Archie Gray,MID,LEE,4.5,0.0
2021-22,20,609,Anderson,MID,NEW,4.5,0.004097902
2021-22,20,638,Iroegbunam,MID,AVL,4.5,0.0
2021-22,20,508,Edozie,MID,MCI,4.8,0.004101724
2021-22,20,647,McAteer,MID,LEI,4.5,0.003607019
2021-22,20,600,Kenneh,MID,LEE,4.4,0.0
2021-22,20,614,Maghoma,MID,BRE,4.5,0.003480875
2021-22,20,605,Lavia,MID,MCI,4.5,0.003728199
2021-22,20,646,Brunt,MID,LEI,4.5,0.003373373
2021-22,20,507,Palmer,MID,MCI,4.5,0.050456887
2021-22,20,496,A Ramsey,MID,AVL,4.4,0.0
2021-22,20,620,Morton,MID,LIV,4.5,0.003638818
2021-22,20,97,Bidstrup,MID,BRE,4.4,0.019115745
2021-22,20,487,Bryan Gil,MID,TOT,5.7,0.271626003
2021-22,20,497,Philogene-Bidace,MID,AVL,5.0,0.0
2021-22,20,378,Gosling,MID,WAT,4.7,0.177112754
2021-22,20,599,J White,MID,NEW,4.4,0.070291552
2021-22,20,624,Bate,MID,LEE,4.5,0.0
2021-22,20,102,D Stephens,MID,BUR,4.4,0.017261185
2021-22,20,528,Tzolis,MID,NOR,4.8,0.646012096
2021-22,20,12,Elneny,MID,ARS,4.4,0.0
2021-22,20,543,Banks,MID,CRY,4.5,0.2616313
2021-22,20,366,Winks,MID,TOT,4.4,0.35451293
2021-22,20,541,Rak-Sakyi,MID,CRY,4.4,0.248761908
2021-22,20,73,Alzate,MID,BHA,4.8,0.152329785
2021-22,20,526,Chukwuemeka,MID,AVL,4.5,0.0
2021-22,20,349,I Diallo,MID,SOU,4.5,1.383364514
2021-22,20,347,Smallbone,MID,SOU,4.5,0.07993464
2021-22,20,85,Ghoddos,MID,BRE,5.3,1.399609042
2021-22,20,197,Shackleton,MID,LEE,4.4,0.0
2021-22,20,504,Gbamin,MID,EVE,4.4,0.658589618
2021-22,20,297,Hendrick,MID,NEW,4.8,1.159138767
2021-22,20,403,Louza,MID,WAT,5.2,0.906138135
2021-22,20,306,Hayden,MID,NEW,4.5,2.194580113
2021-22,20,575,Lennon,MID,BUR,4.9,0.297975035
2021-22,20,309,S Longstaff,MID,NEW,4.5,1.151065489
2021-22,20,453,Fernandinho,MID,MCI,4.8,0.46352953
2021-22,20,163,Delph,MID,EVE,4.3,0.631910026
2021-22,20,479,Onyeka,MID,BRE,4.9,1.706462404
2021-22,20,357,Kane,FWD,TOT,12.1,4.741541641
2021-22,20,177,Calvert-Lewin,FWD,EVE,7.9,5.033124713
2021-22,20,579,Ronaldo,FWD,MUN,12.5,5.05753776
2021-22,20,413,Antonio,FWD,WHU,7.8,4.857534991
2021-22,20,468,King,FWD,WAT,5.8,3.940920748
2021-22,20,205,Vardy,FWD,LEI,10.5,1.009021015
2021-22,20,109,Wood,FWD,BUR,6.7,3.341341495
2021-22,20,40,Watkins,FWD,AVL,7.9,0.0
2021-22,20,228,Firmino,FWD,LIV,8.7,3.388186499
2021-22,20,78,Toney,FWD,BRE,6.6,2.959721235
2021-22,20,189,Bamford,FWD,LEE,7.7,0.0
2021-22,20,430,Jimenez,FWD,WOL,7.5,0.0
2021-22,20,337,Ings,FWD,AVL,7.7,0.0
2021-22,20,529,Lukaku,FWD,CHE,11.5,3.906141108
2021-22,20,6,Lacazette,FWD,ARS,8.5,0.0
2021-22,20,315,Pukki,FWD,NOR,5.9,3.391477107
2021-22,20,263,Jesus,FWD,MCI,8.7,3.75671096
2021-22,20,345,Adams,FWD,SOU,6.8,1.886894858
2021-22,20,525,A Armstrong,FWD,SOU,5.8,1.772692325
2021-22,20,180,Richarlison,FWD,EVE,7.4,0.871375652
2021-22,20,63,Maupay,FWD,BHA,6.4,2.274483319
2021-22,20,586,Edouard,FWD,CRY,6.3,3.927195108
2021-22,20,404,Joao Pedro,FWD,WAT,5.4,2.459705094
2021-22,20,472,Cucho,FWD,WAT,5.0,2.46916622
2021-22,20,307,Saint-Maximin,FWD,NEW,6.6,2.014227637
2021-22,20,455,Daka,FWD,LEI,7.1,0.269626131
2021-22,20,111,Vydra,FWD,BUR,5.2,2.125545935
2021-22,20,447,Welbeck,FWD,BHA,5.9,1.880072321
2021-22,20,187,Rodrigo,FWD,LEE,6.3,0.0
2021-22,20,296,Wilson,FWD,NEW,7.4,0.25653839
2021-22,20,450,Dennis,FWD,WAT,6.0,2.827130223
2021-22,20,213,Iheanacho,FWD,LEI,6.9,4.035630362
2021-22,20,149,Benteke,FWD,CRY,6.4,2.315974606
2021-22,20,104,Jay Rodriguez,FWD,BUR,5.2,1.802743964
2021-22,20,310,Joelinton,FWD,NEW,5.8,2.62542273
2021-22,20,153,Ayew,FWD,CRY,5.8,3.533011698
2021-22,20,4,Aubameyang,FWD,ARS,9.6,0.0
2021-22,20,134,Werner,FWD,CHE,8.6,0.460649329
2021-22,20,516,Sargent,FWD,NOR,5.4,1.001611899
2021-22,20,269,Cavani,FWD,MUN,8.4,2.103606901
2021-22,20,518,Broja,FWD,SOU,5.2,2.520950631
2021-22,20,591,Rondon,FWD,EVE,6.0,1.137439093
2021-22,20,583,Hwang,FWD,WOL,5.5,0.0
2021-22,20,300,Gayle,FWD,NEW,5.2,2.538782494
2021-22,20,235,Origi,FWD,LIV,4.8,0.04814391
2021-22,20,20,Nketiah,FWD,ARS,5.4,0.0
2021-22,20,105,A Barnes,FWD,BUR,5.2,0.0
2021-22,20,278,Martial,FWD,MUN,7.6,0.185050956
2021-22,20,159,Mateta,FWD,CRY,5.2,0.885072499
2021-22,20,445,F Silva,FWD,WOL,5.6,0.0
2021-22,20,530,Balogun,FWD,ARS,4.7,0.0
2021-22,20,636,A Diallo,FWD,MUN,5.0,0.006218696
2021-22,20,395,Fletcher,FWD,WAT,4.9,0.045667991
2021-22,20,533,Richardson,FWD,BUR,4.5,0.001790022
2021-22,20,602,Simms,FWD,EVE,4.5,0.004096484
2021-22,20,655,E Ferguson,FWD,BHA,4.5,0.003567145
2021-22,20,649,Dickson-Peters,FWD,NOR,4.5,0.003925394
2021-22,20,640,Young-Coombes,FWD,BRE,4.5,0.003561077
2021-22,20,520,Scarlett,FWD,TOT,4.5,0.008298025
2021-22,20,663,Kayky,FWD,MCI,5.0,0.003769944
2021-22,20,622,Tosun,FWD,EVE,5.0,0.096428381
2021-22,20,519,S Long,FWD,SOU,5.4,0.193212535
2021-22,20,550,S Greenwood,FWD,LEE,4.5,0.0
2021-22,20,49,Davis,FWD,AVL,4.5,0.0
2021-22,20,607,Dobbin,FWD,EVE,4.5,0.037054295
2021-22,20,72,Connolly,FWD,BHA,5.3,0.155164478
2021-22,20,568,Archer,FWD,AVL,4.5,0.0
2021-22,20,577,Gelhardt,FWD,LEE,4.6,0.0
2021-22,20,595,Locadia,FWD,BHA,4.5,0.075181245
2021-22,20,542,Street,FWD,CRY,4.5,0.250949962
2021-22,20,88,Forss,FWD,BRE,5.3,0.743157934
2021-22,20,329,Idah,FWD,NOR,4.9,1.24660572
2021-22,21,170,Pickford,GK,EVE,4.9,7.211026923
2021-22,21,353,Lloris,GK,TOT,5.4,3.795666584
2021-22,21,69,R Sanchez,GK,BHA,4.6,3.84041937
2021-22,21,559,Ramsdale,GK,ARS,5.1,3.547567006
2021-22,21,231,Alisson,GK,LIV,6.0,0.375729229
2021-22,21,112,Pope,GK,BUR,5.4,2.817456171
2021-22,21,270,de Gea,GK,MUN,5.1,3.915073689
2021-22,21,556,A Fernandez,GK,BRE,4.5,7.008982115
2021-22,21,475,Sa,GK,WOL,5.1,3.059990861
2021-22,21,408,Fabianski,GK,WHU,5.0,7.802998016
2021-22,21,199,Meslier,GK,LEE,4.9,3.986678631
2021-22,21,30,Martinez,GK,AVL,5.5,4.078639431
2021-22,21,257,Ederson,GK,MCI,6.0,3.796694457
2021-22,21,295,Dubravka,GK,NEW,4.4,0.0
2021-22,21,200,Schmeichel,GK,LEI,4.8,3.151361627
2021-22,21,146,Guaita,GK,CRY,4.6,3.451771352
2021-22,21,334,McCarthy,GK,SOU,4.5,2.709027372
2021-22,21,129,Kepa,GK,CHE,4.7,0.128686945
2021-22,21,143,E Mendy,GK,CHE,6.2,3.476313228
2021-22,21,389,Bachmann,GK,WAT,4.2,2.46628299
2021-22,21,314,Krul,GK,NOR,4.5,2.644725712
2021-22,21,376,Foster,GK,WAT,4.1,0.132440605
2021-22,21,242,Kelleher,GK,LIV,4.3,3.105494248
2021-22,21,333,Forster,GK,SOU,4.4,1.026411062
2021-22,21,280,D Henderson,GK,MUN,4.7,0.309777117
2021-22,21,489,Areola,GK,WHU,4.7,0.401323229
2021-22,21,156,Butland,GK,CRY,4.4,0.183139914
2021-22,21,480,Hennessey,GK,BUR,4.5,0.655713279
2021-22,21,1,Leno,GK,ARS,4.5,0.083313363
2021-22,21,294,Darlow,GK,NEW,4.5,0.0
2021-22,21,486,Gollini,GK,TOT,4.3,0.069629778
2021-22,21,260,Steffen,GK,MCI,4.5,0.072696118
2021-22,21,481,Begovic,GK,EVE,4.0,0.121074434
2021-22,21,452,Ruddy,GK,WOL,4.4,0.057840714
2021-22,21,490,Klaesson,GK,LEE,4.4,0.07685295
2021-22,21,619,Cox,GK,BRE,4.0,0.133842018
2021-22,21,54,Steele,GK,BHA,4.0,0.052095907
2021-22,21,28,Steer,GK,AVL,4.0,0.065452712
2021-22,21,448,Gunn,GK,NOR,4.0,0.111866679
2021-22,21,606,Bettinelli,GK,CHE,4.0,0.006980266
2021-22,21,204,D Ward,GK,LEI,4.0,0.032329007
2021-22,21,476,Scherpen,GK,BHA,4.5,0.023104881
2021-22,21,509,Heaton,GK,MUN,4.0,0.008308601
2021-22,21,571,Lonergan,GK,EVE,4.0,0.013705245
2021-22,21,573,Jakupovic,GK,LEI,4.0,0.031466336
2021-22,21,593,Carson,GK,MCI,3.9,0.007754307
2021-22,21,407,Randolph,GK,WHU,4.4,0.014418663
2021-22,21,114,Norris,GK,BUR,4.4,0.006709328
2021-22,21,513,Woodman,GK,NEW,4.4,0.0
2021-22,21,656,Pitaluga,GK,LIV,4.0,0.033325995
2021-22,21,596,Sinisalo,GK,AVL,4.0,0.007131883
2021-22,21,561,Matthews,GK,CRY,4.0,0.007244306
2021-22,21,650,Marschall,GK,AVL,4.0,0.00632083
2021-22,21,572,Okonkwo,GK,ARS,4.0,0.002892977
2021-22,21,532,Hein,GK,ARS,4.0,0.002881078
2021-22,21,574,Elliot,GK,WAT,4.0,0.015127746
2021-22,21,641,Caballero,GK,SOU,4.5,0.003487043
2021-22,21,313,McGovern,GK,NOR,4.0,0.005327277
2021-22,21,223,Adrian,GK,LIV,4.3,0.000705569
2021-22,21,514,Gillespie,GK,NEW,4.0,0.0
2021-22,21,616,Tyrer,GK,EVE,4.0,0.001255357
2021-22,21,615,Slicker,GK,MCI,4.0,0.000694808
2021-22,21,80,Raya,GK,BRE,4.4,0.0
2021-22,21,659,Austin,GK,TOT,4.0,0.004152018
2021-22,21,621,Storer,GK,WOL,4.0,0.003499274
2021-22,21,611,Moulden,GK,WOL,4.0,0.003482331
2021-22,21,637,H Lewis,GK,SOU,4.0,0.00417437
2021-22,21,642,Angelini,GK,WAT,4.0,0.003372413
2021-22,21,666,McCracken,GK,NOR,4.0,0.003298327
2021-22,21,237,Trent,DEF,LIV,8.3,3.89050992
2021-22,21,234,Robertson,DEF,LIV,7.1,0.0
2021-22,21,229,van Dijk,DEF,LIV,6.6,2.958428167
2021-22,21,256,Cancelo,DEF,MCI,6.8,4.319778963
2021-22,21,169,Keane,DEF,EVE,4.9,6.883704641
2021-22,21,370,Reguilon,DEF,TOT,5.2,3.895207648
2021-22,21,555,Varane,DEF,MUN,5.5,4.151700825
2021-22,21,122,Alonso,DEF,CHE,5.7,3.388491363
2021-22,21,584,Cucurella,DEF,BHA,5.0,3.458763112
2021-22,21,273,Maguire,DEF,MUN,5.4,3.921877219
2021-22,21,165,Coleman,DEF,EVE,4.9,5.9772046
2021-22,21,179,Godfrey,DEF,EVE,4.8,5.932539829
2021-22,21,437,Semedo,DEF,WOL,4.8,2.531004585
2021-22,21,288,Wan-Bissaka,DEF,MUN,5.1,3.534830604
2021-22,21,127,Rudiger,DEF,CHE,6.2,3.065147538
2021-22,21,414,Dawson,DEF,WHU,4.9,7.621042185
2021-22,21,275,Shaw,DEF,MUN,5.0,3.419921981
2021-22,21,361,Dier,DEF,TOT,4.5,3.277624527
2021-22,21,119,Azpilicueta,DEF,CHE,5.7,3.159495786
2021-22,21,91,Pinnock,DEF,BRE,4.5,6.515001166
2021-22,21,588,Emerson R,DEF,TOT,4.9,3.170637306
2021-22,21,16,Tierney,DEF,ARS,4.8,2.346372865
2021-22,21,262,Dias,DEF,MCI,6.1,3.375010994
2021-22,21,62,Veltman,DEF,BHA,4.2,3.108892056
2021-22,21,98,Tarkowski,DEF,BUR,4.9,2.805587568
2021-22,21,61,Webster,DEF,BHA,4.4,3.007470615
2021-22,21,23,Gabriel,DEF,ARS,5.3,2.195232947
2021-22,21,364,Ben T Davies,DEF,TOT,4.5,3.022732382
2021-22,21,76,Jansson,DEF,BRE,4.6,6.205793252
2021-22,21,59,Dunk,DEF,BHA,4.9,0.376093426
2021-22,21,259,Laporte,DEF,MCI,5.5,3.032917284
2021-22,21,429,Coady,DEF,WOL,4.5,2.17818765
2021-22,21,590,Tomiyasu,DEF,ARS,4.8,0.449834913
2021-22,21,175,Mina,DEF,EVE,4.9,2.670838876
2021-22,21,45,Konsa,DEF,AVL,4.9,3.248890118
2021-22,21,39,Targett,DEF,AVL,4.7,3.276558358
2021-22,21,224,Matip,DEF,LIV,4.9,1.770228202
2021-22,21,411,A Cresswell,DEF,WHU,5.3,3.44606973
2021-22,21,44,Cash,DEF,AVL,5.0,3.2380435
2021-22,21,106,Mee,DEF,BUR,4.8,2.603363805
2021-22,21,71,Lamptey,DEF,BHA,4.5,2.766935594
2021-22,21,67,B White,DEF,ARS,4.5,2.043494559
2021-22,21,249,Walker,DEF,MCI,5.5,2.215555507
2021-22,21,110,Lowton,DEF,BUR,4.4,2.612833075
2021-22,21,527,T Chalobah,DEF,CHE,4.7,2.804871919
2021-22,21,185,Ayling,DEF,LEE,4.3,3.583196652
2021-22,21,113,Taylor,DEF,BUR,4.4,2.550203156
2021-22,21,299,Lascelles,DEF,NEW,4.4,0.0
2021-22,21,425,Johnson,DEF,WHU,4.0,6.124250878
2021-22,21,343,Bednarek,DEF,SOU,4.4,3.54772156
2021-22,21,38,Mings,DEF,AVL,5.0,0.0
2021-22,21,424,Diop,DEF,WHU,4.3,6.585693381
2021-22,21,209,Castagne,DEF,LEI,5.3,2.774126959
2021-22,21,418,Coufal,DEF,WHU,4.7,5.23157232
2021-22,21,431,Saiss,DEF,WOL,5.0,2.412994815
2021-22,21,302,Manquillo,DEF,NEW,3.9,0.0
2021-22,21,190,Llorente,DEF,LEE,4.5,3.335740857
2021-22,21,305,Schar,DEF,NEW,4.3,0.0
2021-22,21,194,Koch,DEF,LEE,4.3,3.353788585
2021-22,21,178,Holgate,DEF,EVE,4.2,4.881521674
2021-22,21,439,Kilman,DEF,WOL,4.5,1.948799459
2021-22,21,252,Stones,DEF,MCI,5.3,1.395039365
2021-22,21,463,Firpo,DEF,LEE,4.7,3.142836728
2021-22,21,470,Ait-Nouri,DEF,WOL,4.3,0.919677121
2021-22,21,162,Mitchell,DEF,CRY,4.5,3.02515823
2021-22,21,56,Duffy,DEF,BHA,4.1,2.011398708
2021-22,21,477,Guehi,DEF,CRY,4.6,3.017820254
2021-22,21,491,Livramento,DEF,SOU,4.4,3.281212842
2021-22,21,396,Sierralta,DEF,WAT,4.3,1.854814025
2021-22,21,342,Walker-Peters,DEF,SOU,4.8,2.999075763
2021-22,21,494,Romero,DEF,TOT,4.9,0.0
2021-22,21,488,Andersen,DEF,CRY,4.5,1.652764807
2021-22,21,340,Vestergaard,DEF,LEI,4.7,2.349348948
2021-22,21,351,Salisu,DEF,SOU,4.5,3.079919378
2021-22,21,367,D Sanchez,DEF,TOT,4.5,2.057849099
2021-22,21,483,Ajer,DEF,BRE,4.4,2.533614488
2021-22,21,264,Zinchenko,DEF,MCI,5.3,1.699771288
2021-22,21,198,Struijk,DEF,LEE,4.3,0.915549876
2021-22,21,201,Evans,DEF,LEI,5.4,2.173824809
2021-22,21,89,Roerslev,DEF,BRE,4.3,4.834517627
2021-22,21,121,T Silva,DEF,CHE,5.6,0.277992056
2021-22,21,474,J Ward,DEF,CRY,4.5,2.579160631
2021-22,21,292,Ritchie,DEF,NEW,4.9,0.0
2021-22,21,432,Marcal,DEF,WOL,4.2,0.760776768
2021-22,21,379,Cathcart,DEF,WAT,4.3,1.691989681
2021-22,21,128,Zouma,DEF,WHU,5.4,0.635438196
2021-22,21,243,Konate,DEF,LIV,5.1,0.944373001
2021-22,21,150,Kouyate,DEF,CRY,4.5,2.95503299
2021-22,21,428,Boly,DEF,WOL,4.9,0.246341257
2021-22,21,83,Henry,DEF,BRE,4.5,0.673791466
2021-22,21,279,Telles,DEF,MUN,5.0,1.141760092
2021-22,21,382,Femenia,DEF,WAT,4.3,0.0
2021-22,21,133,Christensen,DEF,CHE,4.7,0.259139193
2021-22,21,217,Soyuncu,DEF,LEI,4.9,1.814840758
2021-22,21,58,Burn,DEF,BHA,4.4,2.272997097
2021-22,21,311,J Lewis,DEF,NEW,4.2,0.0
2021-22,21,142,R James,DEF,CHE,6.3,0.0
2021-22,21,400,Ngakia,DEF,WAT,4.3,0.906916016
2021-22,21,219,L Thomas,DEF,LEI,4.3,1.348696687
2021-22,21,168,Digne,DEF,EVE,5.0,1.179715951
2021-22,21,218,Justin,DEF,LEI,4.9,1.11208668
2021-22,21,371,Tanganga,DEF,TOT,4.2,1.437212179
2021-22,21,293,Clark,DEF,NEW,4.4,0.0
2021-22,21,473,Bertrand,DEF,LEI,4.6,0.789053162
2021-22,21,390,Masina,DEF,WAT,4.3,2.174451346
2021-22,21,245,Tsimikas,DEF,LIV,3.7,2.814357873
2021-22,21,238,Gomez,DEF,LIV,4.7,0.523511042
2021-22,21,510,Dalot,DEF,MUN,4.5,0.70821235
2021-22,21,387,Troost-Ekong,DEF,WAT,4.3,1.88883182
2021-22,21,284,Lindelof,DEF,MUN,4.8,0.227342535
2021-22,21,326,Aarons,DEF,NOR,4.3,1.912588687
2021-22,21,360,Doherty,DEF,TOT,4.7,0.810628403
2021-22,21,501,M Sarr,DEF,CHE,4.9,1.536058033
2021-22,21,90,M Sorensen,DEF,BRE,4.3,2.655574128
2021-22,21,460,Perraud,DEF,SOU,4.8,0.913269417
2021-22,21,207,R Pereira,DEF,LEI,5.2,0.396079269
2021-22,21,283,Tuanzebe,DEF,AVL,4.4,2.672370048
2021-22,21,594,Zanka,DEF,BRE,4.5,0.746112772
2021-22,21,319,Hanley,DEF,NOR,4.4,1.246202704
2021-22,21,147,Tomkins,DEF,CRY,4.3,1.734514261
2021-22,21,258,Ake,DEF,MCI,4.7,0.517061233
2021-22,21,377,Rose,DEF,WAT,4.2,0.183421421
2021-22,21,466,Tavares,DEF,ARS,4.3,0.563039159
2021-22,21,417,Masuaku,DEF,WHU,4.4,1.811785094
2021-22,21,87,Goode,DEF,BRE,3.9,0.826009701
2021-22,21,301,Dummett,DEF,NEW,4.5,0.0
2021-22,21,220,Fofana,DEF,LEI,4.3,0.372236553
2021-22,21,303,Krafth,DEF,NEW,4.3,0.0
2021-22,21,456,Gibson,DEF,NOR,4.4,1.459952677
2021-22,21,498,Thompson,DEF,BRE,4.4,1.225784252
2021-22,21,338,J Stephens,DEF,SOU,4.4,0.494752
2021-22,21,36,Hause,DEF,AVL,4.4,0.871470967
2021-22,21,14,Holding,DEF,ARS,4.1,1.326711584
2021-22,21,585,C Roberts,DEF,BUR,4.5,0.0
2021-22,21,52,Young,DEF,AVL,4.7,0.415444455
2021-22,21,286,Bailly,DEF,MUN,4.9,0.546880261
2021-22,21,100,Pieters,DEF,BUR,4.2,0.36667158
2021-22,21,374,Rodon,DEF,TOT,4.3,0.313969379
2021-22,21,465,F Fernandez,DEF,NEW,4.3,0.0
2021-22,21,246,N Williams,DEF,LIV,3.9,0.183490281
2021-22,21,443,Hoever,DEF,WOL,3.9,0.562433656
2021-22,21,451,Collins,DEF,BUR,4.3,0.230151816
2021-22,21,161,N Ferguson,DEF,CRY,4.5,0.280893101
2021-22,21,8,Mari,DEF,ARS,4.2,0.108917702
2021-22,21,580,Kabak,DEF,NOR,4.4,1.466266105
2021-22,21,368,Sessegnon,DEF,TOT,4.3,0.0
2021-22,21,493,Clyne,DEF,CRY,4.3,0.203740944
2021-22,21,433,Jonny,DEF,WOL,4.5,0.0
2021-22,21,562,Drameh,DEF,LEE,3.9,0.453966421
2021-22,21,384,Kabasele,DEF,WAT,4.3,0.0
2021-22,21,544,Branthwaite,DEF,EVE,4.0,0.227341149
2021-22,21,5,Cedric,DEF,ARS,4.2,0.205484175
2021-22,21,11,Kolasinac,DEF,ARS,4.3,0.0
2021-22,21,10,Chambers,DEF,ARS,4.2,0.112391639
2021-22,21,632,P Jones,DEF,MUN,4.5,0.088513148
2021-22,21,331,Omobamidele,DEF,NOR,3.9,0.467948288
2021-22,21,633,Morris,DEF,WAT,4.0,0.00321327
2021-22,21,99,Bardsley,DEF,BUR,3.9,0.056111913
2021-22,21,158,Jach,DEF,CRY,4.3,0.072722732
2021-22,21,567,Lyanco,DEF,SOU,4.4,0.366592102
2021-22,21,151,Kelly,DEF,CRY,3.9,0.035774638
2021-22,21,184,Cooper,DEF,LEE,4.5,0.0
2021-22,21,208,Amartey,DEF,LEI,3.8,0.0
2021-22,21,415,Fredericks,DEF,WHU,4.4,0.219902114
2021-22,21,563,C Cresswell,DEF,LEE,4.0,0.0
2021-22,21,608,Hjelde,DEF,LEE,4.0,0.136854253
2021-22,21,667,Small,DEF,SOU,4.0,0.034429901
2021-22,21,560,H Roberts,DEF,BHA,4.0,0.013011679
2021-22,21,657,Moore,DEF,LEE,4.0,0.133237747
2021-22,21,446,Mosquera,DEF,WOL,4.4,0.0
2021-22,21,569,Stevens,DEF,BRE,4.0,0.023104374
2021-22,21,103,K Long,DEF,BUR,4.0,0.010446163
2021-22,21,635,Bueno,DEF,WOL,4.0,0.003324299
2021-22,21,554,J Baptiste,DEF,WHU,4.0,0.012700409
2021-22,21,502,Kenny,DEF,EVE,4.4,0.010461595
2021-22,21,565,Dodgson,DEF,BUR,3.9,0.002549627
2021-22,21,327,J Sorensen,DEF,NOR,4.3,0.046261956
2021-22,21,610,Bogarde,DEF,AVL,4.0,0.005289426
2021-22,21,598,Omole,DEF,TOT,4.0,0.004858943
2021-22,21,534,B Thomas,DEF,BUR,4.0,0.002324456
2021-22,21,321,Byram,DEF,NOR,4.4,0.09032839
2021-22,21,241,N Phillips,DEF,LIV,4.2,0.0
2021-22,21,409,Ogbonna,DEF,WHU,4.9,0.0
2021-22,21,135,Chilwell,DEF,CHE,5.6,0.0
2021-22,21,627,Beck,DEF,LIV,4.0,0.001871072
2021-22,21,546,Valery,DEF,SOU,3.9,0.005515664
2021-22,21,626,Bradley,DEF,LIV,4.0,0.003792835
2021-22,21,660,Quansah,DEF,LIV,4.0,0.003713261
2021-22,21,540,Hannam,DEF,CRY,3.9,0.0048124
2021-22,21,653,Turns,DEF,BHA,4.0,0.004007322
2021-22,21,617,Ashby,DEF,WHU,4.0,0.00900576
2021-22,21,604,Wilson-Esbrand,DEF,MCI,3.9,0.004249052
2021-22,21,603,Mbete,DEF,MCI,4.0,0.004223538
2021-22,21,651,Egan-Riley,DEF,MCI,4.0,0.004156809
2021-22,21,623,Welch,DEF,EVE,4.0,0.00779094
2021-22,21,644,Alese,DEF,WHU,4.0,0.008427961
2021-22,21,515,Mumba,DEF,NOR,3.9,0.003477529
2021-22,21,639,Daley-Campbell,DEF,LEI,4.0,0.00369252
2021-22,21,665,Simeu,DEF,SOU,4.0,0.004069053
2021-22,21,645,B Nelson,DEF,LEI,4.0,0.003629559
2021-22,21,643,Tomkinson,DEF,NOR,4.0,0.003190898
2021-22,21,324,Zimmermann,DEF,NOR,4.4,0.083639976
2021-22,21,618,Nkoulou,DEF,WAT,4.4,0.0
2021-22,21,290,B Williams,DEF,NOR,3.9,1.47709705
2021-22,21,457,Giannoulis,DEF,NOR,4.4,0.557686668
2021-22,21,359,Son,MID,TOT,10.4,5.574512693
2021-22,21,240,Jota,MID,LIV,8.1,3.798960265
2021-22,21,277,Fernandes,MID,MUN,11.6,4.508221147
2021-22,21,420,Bowen,MID,WHU,6.5,9.349121526
2021-22,21,196,Raphinha,MID,LEE,6.6,4.765853794
2021-22,21,233,Salah,MID,LIV,13.1,4.800225007
2021-22,21,64,Trossard,MID,BHA,6.2,3.111311172
2021-22,21,484,D Gray,MID,EVE,5.6,6.538758853
2021-22,21,96,Mbeumo,MID,BRE,5.4,5.68940595
2021-22,21,422,Soucek,MID,WHU,5.7,7.810235307
2021-22,21,173,Doucoure,MID,EVE,5.4,5.91207607
2021-22,21,265,Foden,MID,MCI,8.1,3.786868624
2021-22,21,281,Rashford,MID,MUN,9.4,3.319762497
2021-22,21,251,De Bruyne,MID,MCI,11.9,3.963515838
2021-22,21,485,Sancho,MID,MUN,8.9,3.295536602
2021-22,21,255,Sterling,MID,MCI,10.6,3.412461207
2021-22,21,210,Tielemans,MID,LEI,6.4,3.49201149
2021-22,21,138,Mount,MID,CHE,7.7,3.456774216
2021-22,21,22,Saka,MID,ARS,6.3,2.684332873
2021-22,21,118,McNeil,MID,BUR,5.7,2.999635931
2021-22,21,230,Mane,MID,LIV,11.8,3.962679891
2021-22,21,81,Canos,MID,BRE,5.5,5.981874956
2021-22,21,107,Westwood,MID,BUR,5.3,2.943908864
2021-22,21,188,Dallas,MID,LEE,5.0,3.496543913
2021-22,21,341,Ward-Prowse,MID,SOU,6.3,3.828693257
2021-22,21,26,Martinelli,MID,ARS,5.4,2.391819959
2021-22,21,267,Harrison,MID,LEE,5.6,3.379911691
2021-22,21,212,Maddison,MID,LEI,6.8,3.059932946
2021-22,21,222,J Henderson,MID,LIV,5.1,2.641462086
2021-22,21,291,Shelvey,MID,NEW,5.3,0.0
2021-22,21,55,Gross,MID,BHA,5.8,2.003302013
2021-22,21,108,Gudmundsson,MID,BUR,5.4,2.870168784
2021-22,21,558,Odegaard,MID,ARS,5.6,2.423253322
2021-22,21,215,H Barnes,MID,LEI,6.5,2.79838074
2021-22,21,423,Fornals,MID,WHU,6.0,4.250937361
2021-22,21,365,Hojbjerg,MID,TOT,5.0,2.740044762
2021-22,21,261,B Silva,MID,MCI,7.6,3.024824829
2021-22,21,416,Lanzini,MID,WHU,5.8,6.225130687
2021-22,21,154,Zaha,MID,CRY,6.8,4.057222204
2021-22,21,285,McTominay,MID,MUN,5.4,2.74329043
2021-22,21,33,Grealish,MID,MCI,7.6,2.804609535
2021-22,21,77,Norgaard,MID,BRE,5.0,5.143080288
2021-22,21,421,Rice,MID,WHU,5.1,5.794317633
2021-22,21,250,Gundogan,MID,MCI,7.3,2.802780818
2021-22,21,482,Townsend,MID,EVE,5.2,2.251739042
2021-22,21,43,Buendia,MID,AVL,6.2,2.925900627
2021-22,21,289,M Greenwood,MID,MUN,7.2,2.339427408
2021-22,21,35,McGinn,MID,AVL,5.9,2.917430117
2021-22,21,435,A Traore,MID,WOL,5.7,2.422169434
2021-22,21,436,Neves,MID,WOL,5.3,2.361992809
2021-22,21,232,Fabinho,MID,LIV,5.4,2.215646225
2021-22,21,171,Allan,MID,EVE,4.4,4.085134058
2021-22,21,144,Gallagher,MID,CRY,6.1,1.603130513
2021-22,21,274,Fred,MID,MUN,5.0,2.620832197
2021-22,21,426,Moutinho,MID,WOL,4.9,2.367067517
2021-22,21,587,Lookman,MID,LEI,6.0,2.203040454
2021-22,21,21,Smith Rowe,MID,ARS,6.1,2.226199133
2021-22,21,495,Kucka,MID,WAT,5.5,2.338840033
2021-22,21,354,Sissoko,MID,WAT,4.5,2.357289097
2021-22,21,115,Brownhill,MID,BUR,4.4,0.0
2021-22,21,84,Janelt,MID,BRE,5.0,3.363112471
2021-22,21,86,Jensen,MID,BRE,4.9,4.744830765
2021-22,21,362,Lucas Moura,MID,TOT,6.4,2.702320941
2021-22,21,19,Willock,MID,NEW,5.7,0.0
2021-22,21,461,Trincao,MID,WOL,5.6,2.316406164
2021-22,21,123,Jorginho,MID,CHE,5.8,2.509148696
2021-22,21,7,Xhaka,MID,ARS,4.8,2.120534467
2021-22,21,287,D James,MID,LEE,6.0,2.94790513
2021-22,21,578,Cornet,MID,BUR,5.9,2.034588314
2021-22,21,53,Lallana,MID,BHA,5.3,2.137783733
2021-22,21,141,Havertz,MID,CHE,7.8,2.427564683
2021-22,21,75,Moder,MID,BHA,4.5,1.833597426
2021-22,21,254,Mahrez,MID,MCI,8.6,2.865072316
2021-22,21,298,Fraser,MID,NEW,5.3,0.0
2021-22,21,304,Murphy,MID,NEW,4.7,0.0
2021-22,21,381,Cleverley,MID,WAT,4.8,1.936395219
2021-22,21,438,Podence,MID,WOL,5.5,2.164679039
2021-22,21,336,Redmond,MID,SOU,5.9,2.380985721
2021-22,21,236,Minamino,MID,LIV,5.1,0.0
2021-22,21,137,Pulisic,MID,CHE,7.9,2.482967172
2021-22,21,399,I Sarr,MID,WAT,5.8,0.0
2021-22,21,419,Benrahma,MID,WHU,5.9,3.328340197
2021-22,21,372,Lo Celso,MID,TOT,5.9,1.835364409
2021-22,21,266,Rodri,MID,MCI,5.5,2.276452788
2021-22,21,50,Douglas Luiz,MID,AVL,4.5,2.372258063
2021-22,21,227,Chamberlain,MID,LIV,5.8,1.697388273
2021-22,21,308,Almiron,MID,NEW,5.1,0.0
2021-22,21,221,Milner,MID,LIV,4.9,1.64232658
2021-22,21,186,Klich,MID,LEE,5.2,2.697658716
2021-22,21,51,J Ramsey,MID,AVL,4.6,2.367920628
2021-22,21,70,Bissouma,MID,BHA,4.4,2.263833045
2021-22,21,225,Thiago,MID,LIV,5.3,0.0
2021-22,21,125,Kovacic,MID,CHE,5.0,1.773753478
2021-22,21,517,Elyounoussi,MID,SOU,5.4,2.253329067
2021-22,21,458,Soumare,MID,LEI,4.8,2.233165603
2021-22,21,582,Vlasic,MID,WHU,5.7,3.657174873
2021-22,21,449,Rashica,MID,NOR,5.2,1.522748682
2021-22,21,434,Dendoncker,MID,WOL,4.8,1.734379111
2021-22,21,318,McLean,MID,NOR,4.9,2.330334387
2021-22,21,335,Romeu,MID,SOU,4.5,2.402804132
2021-22,21,363,Alli,MID,TOT,6.2,1.347279514
2021-22,21,130,Kante,MID,CHE,4.9,1.865962444
2021-22,21,140,Hudson-Odoi,MID,CHE,5.3,1.856059772
2021-22,21,499,S Baptiste,MID,BRE,4.9,3.605596317
2021-22,21,373,Skipp,MID,TOT,4.5,1.672974106
2021-22,21,462,Mwepu,MID,BHA,5.9,0.643725342
2021-22,21,375,Ndombele,MID,TOT,5.7,1.313658133
2021-22,21,172,Gomes,MID,EVE,4.9,3.482193881
2021-22,21,239,Keita,MID,LIV,5.0,1.949149069
2021-22,21,478,Lokonga,MID,ARS,4.8,0.56807011
2021-22,21,145,Gilmour,MID,NOR,4.4,2.202999558
2021-22,21,15,Partey,MID,ARS,5.0,2.065600312
2021-22,21,131,Ziyech,MID,CHE,7.3,1.322917526
2021-22,21,60,March,MID,BHA,5.3,1.251175395
2021-22,21,193,T Roberts,MID,LEE,4.8,2.59834776
2021-22,21,503,A Gordon,MID,EVE,4.5,2.343976367
2021-22,21,101,Cork,MID,BUR,4.4,2.155689885
2021-22,21,152,Milivojevic,MID,CRY,5.3,1.354180817
2021-22,21,524,Wissa,MID,BRE,5.9,3.084483031
2021-22,21,176,T Davies,MID,EVE,4.8,2.033958334
2021-22,21,42,El Ghazi,MID,AVL,5.6,1.748408258
2021-22,21,386,Hughes,MID,CRY,4.7,2.426299071
2021-22,21,174,Iwobi,MID,EVE,5.8,2.037912663
2021-22,21,505,Dewsbury-Hall,MID,LEI,4.4,0.959159339
2021-22,21,412,Yarmolenko,MID,WHU,5.1,2.975318915
2021-22,21,211,Perez,MID,LEI,5.7,0.85904314
2021-22,21,339,S Armstrong,MID,SOU,5.8,1.161653033
2021-22,21,148,McArthur,MID,CRY,4.3,0.0
2021-22,21,557,Tufan,MID,WAT,5.0,0.764537278
2021-22,21,160,Eze,MID,CRY,5.9,0.925490045
2021-22,21,492,Bailey,MID,AVL,6.3,0.0
2021-22,21,369,Bergwijn,MID,TOT,5.9,0.0
2021-22,21,391,Sema,MID,WAT,5.2,1.048745254
2021-22,21,216,Ndidi,MID,LEI,4.8,0.0
2021-22,21,325,Cantwell,MID,NOR,5.3,1.454623995
2021-22,21,346,Tella,MID,SOU,4.7,1.662889686
2021-22,21,74,Mac Allister,MID,BHA,5.3,0.690053604
2021-22,21,552,Forshaw,MID,LEE,4.5,2.019130227
2021-22,21,37,Trezeguet,MID,AVL,5.4,0.923006764
2021-22,21,471,Lees-Melou,MID,NOR,4.8,1.095871232
2021-22,21,282,van de Beek,MID,MUN,5.7,0.80462095
2021-22,21,17,Pepe,MID,ARS,6.9,0.893729763
2021-22,21,271,Matic,MID,MUN,4.4,0.936032299
2021-22,21,202,Albrighton,MID,LEI,5.2,0.373990543
2021-22,21,441,Neto,MID,WOL,6.4,0.0
2021-22,21,276,Lingard,MID,MUN,6.8,0.723132647
2021-22,21,350,Djenepo,MID,SOU,5.2,0.0
2021-22,21,244,C Jones,MID,LIV,5.0,0.0
2021-22,21,575,Lennon,MID,BUR,4.9,0.57881296
2021-22,21,328,Placheta,MID,NOR,4.7,0.793176335
2021-22,21,306,Hayden,MID,NEW,4.5,0.0
2021-22,21,32,B Traore,MID,AVL,5.7,0.44218054
2021-22,21,592,Saul,MID,CHE,5.0,0.764183769
2021-22,21,132,Loftus-Cheek,MID,CHE,5.4,0.104388273
2021-22,21,155,Schlupp,MID,CRY,5.4,1.908464439
2021-22,21,13,Maitland-Niles,MID,ARS,5.2,0.075668395
2021-22,21,366,Winks,MID,TOT,4.4,0.379655126
2021-22,21,85,Ghoddos,MID,BRE,5.3,1.085472237
2021-22,21,124,Barkley,MID,CHE,5.2,0.195952538
2021-22,21,506,Elliott,MID,LIV,5.3,0.0
2021-22,21,487,Bryan Gil,MID,TOT,5.7,0.291035239
2021-22,21,625,K Gordon,MID,LIV,4.5,0.00383642
2021-22,21,459,Mata,MID,MUN,4.7,0.027692278
2021-22,21,551,Summerville,MID,LEE,4.5,0.1202324
2021-22,21,191,K Phillips,MID,LEE,4.8,0.0
2021-22,21,317,Rupp,MID,NOR,4.4,0.91225855
2021-22,21,537,Richards,MID,BHA,4.5,0.004641393
2021-22,21,203,N Mendy,MID,LEI,4.3,0.0
2021-22,21,467,Etebo,MID,WAT,4.4,0.0
2021-22,21,405,Baah,MID,WAT,4.4,0.0
2021-22,21,581,Normann,MID,NOR,4.5,0.0
2021-22,21,612,Sarmiento,MID,BHA,4.5,0.0
2021-22,21,41,Nakamba,MID,AVL,4.5,0.0
2021-22,21,79,Fosu,MID,BRE,5.1,0.0
2021-22,21,82,Dasilva,MID,BRE,5.3,0.0
2021-22,21,272,Pogba,MID,MUN,7.4,0.0
2021-22,21,512,Elanga,MID,MUN,4.8,0.004679316
2021-22,21,597,Markanday,MID,TOT,4.5,0.004595709
2021-22,21,629,McAtee,MID,MCI,4.5,0.002180539
2021-22,21,613,Whitaker,MID,EVE,4.5,0.008394145
2021-22,21,609,Anderson,MID,NEW,4.5,0.0
2021-22,21,620,Morton,MID,LIV,4.5,0.0739267
2021-22,21,630,Onyango,MID,EVE,4.5,0.003566129
2021-22,21,628,Haygarth,MID,BRE,4.5,0.00363412
2021-22,21,631,Jenkins,MID,LEE,4.5,0.001885739
2021-22,21,93,Zamburek,MID,BRE,4.4,0.008187384
2021-22,21,634,Perkins,MID,WHU,4.5,0.008533375
2021-22,21,547,Cundle,MID,WOL,4.5,0.00841769
2021-22,21,668,H White,MID,TOT,4.5,0.004164818
2021-22,21,662,Peart-Harris,MID,BRE,4.5,0.008073765
2021-22,21,654,Leonard,MID,BHA,4.5,0.003843819
2021-22,21,652,Oko-Flex,MID,WHU,4.5,0.008290982
2021-22,21,661,Jordao,MID,WOL,4.5,0.003685013
2021-22,21,648,Rowe,MID,NOR,4.5,0.00400084
2021-22,21,548,Campbell,MID,WOL,4.5,0.008179605
2021-22,21,508,Edozie,MID,MCI,4.8,0.003979561
2021-22,21,664,Patino,MID,ARS,4.5,0.003502942
2021-22,21,614,Maghoma,MID,BRE,4.5,0.007415225
2021-22,21,601,McKinstry,MID,LEE,4.3,0.003909962
2021-22,21,589,Kral,MID,WHU,4.4,0.488441403
2021-22,21,599,J White,MID,NEW,4.4,0.0
2021-22,21,647,McAteer,MID,LEI,4.5,0.003717268
2021-22,21,658,Archie Gray,MID,LEE,4.5,0.003752881
2021-22,21,543,Banks,MID,CRY,4.5,0.00384901
2021-22,21,669,Conteh,MID,WAT,4.5,0.003454982
2021-22,21,541,Rak-Sakyi,MID,CRY,4.4,0.003713897
2021-22,21,605,Lavia,MID,MCI,4.5,0.003638448
2021-22,21,600,Kenneh,MID,LEE,4.4,0.003561003
2021-22,21,638,Iroegbunam,MID,AVL,4.5,0.003503827
2021-22,21,646,Brunt,MID,LEI,4.5,0.003452245
2021-22,21,576,McCarron,MID,LEE,4.5,0.023507626
2021-22,21,507,Palmer,MID,MCI,4.5,0.048203803
2021-22,21,97,Bidstrup,MID,BRE,4.4,0.041954149
2021-22,21,624,Bate,MID,LEE,4.5,0.038659249
2021-22,21,297,Hendrick,MID,NEW,4.8,0.0
2021-22,21,496,A Ramsey,MID,AVL,4.4,0.019163299
2021-22,21,378,Gosling,MID,WAT,4.7,0.17333159
2021-22,21,406,Noble,MID,WHU,4.4,0.475809815
2021-22,21,73,Alzate,MID,BHA,4.8,0.16488648
2021-22,21,332,Walcott,MID,SOU,5.8,0.413712195
2021-22,21,497,Philogene-Bidace,MID,AVL,5.0,0.039923632
2021-22,21,309,S Longstaff,MID,NEW,4.5,0.0
2021-22,21,403,Louza,MID,WAT,5.2,1.113773042
2021-22,21,12,Elneny,MID,ARS,4.4,0.251030125
2021-22,21,34,Sanson,MID,AVL,5.0,0.785319363
2021-22,21,464,Olise,MID,CRY,5.4,1.42262094
2021-22,21,347,Smallbone,MID,SOU,4.5,0.082606878
2021-22,21,504,Gbamin,MID,EVE,4.4,0.318258639
2021-22,21,214,Choudhury,MID,LEI,4.4,0.608462081
2021-22,21,323,Dowell,MID,NOR,5.1,0.686859526
2021-22,21,197,Shackleton,MID,LEE,4.4,0.0
2021-22,21,102,D Stephens,MID,BUR,4.4,0.605377081
2021-22,21,453,Fernandinho,MID,MCI,4.8,0.687905697
2021-22,21,526,Chukwuemeka,MID,AVL,4.5,0.329946859
2021-22,21,163,Delph,MID,EVE,4.3,0.778492664
2021-22,21,157,Riedewald,MID,CRY,4.7,0.08910567
2021-22,21,528,Tzolis,MID,NOR,4.8,0.819391281
2021-22,21,349,I Diallo,MID,SOU,4.5,0.936754481
2021-22,21,479,Onyeka,MID,BRE,4.9,1.727605554
2021-22,21,177,Calvert-Lewin,FWD,EVE,7.9,9.148244665
2021-22,21,357,Kane,FWD,TOT,12.1,5.544766302
2021-22,21,579,Ronaldo,FWD,MUN,12.5,4.372452795
2021-22,21,413,Antonio,FWD,WHU,7.8,9.745678031
2021-22,21,430,Jimenez,FWD,WOL,7.5,3.501170142
2021-22,21,468,King,FWD,WAT,5.8,3.684191704
2021-22,21,78,Toney,FWD,BRE,6.6,7.287919691
2021-22,21,109,Wood,FWD,BUR,6.7,3.58457165
2021-22,21,189,Bamford,FWD,LEE,7.7,2.222752182
2021-22,21,228,Firmino,FWD,LIV,8.7,0.317501905
2021-22,21,6,Lacazette,FWD,ARS,8.5,3.329532203
2021-22,21,40,Watkins,FWD,AVL,7.9,3.78771966
2021-22,21,529,Lukaku,FWD,CHE,11.5,3.663459574
2021-22,21,180,Richarlison,FWD,EVE,7.4,3.14216621
2021-22,21,450,Dennis,FWD,WAT,6.0,3.086460903
2021-22,21,205,Vardy,FWD,LEI,10.5,4.325304152
2021-22,21,307,Saint-Maximin,FWD,NEW,6.6,0.0
2021-22,21,337,Ings,FWD,AVL,7.7,3.526630764
2021-22,21,63,Maupay,FWD,BHA,6.4,2.802372809
2021-22,21,263,Jesus,FWD,MCI,8.7,3.379228911
2021-22,21,525,A Armstrong,FWD,SOU,5.8,3.690971757
2021-22,21,345,Adams,FWD,SOU,6.8,3.702045449
2021-22,21,296,Wilson,FWD,NEW,7.4,0.0
2021-22,21,315,Pukki,FWD,NOR,5.9,3.248548515
2021-22,21,447,Welbeck,FWD,BHA,5.9,2.304832722
2021-22,21,310,Joelinton,FWD,NEW,5.8,0.0
2021-22,21,187,Rodrigo,FWD,LEE,6.3,0.143271962
2021-22,21,404,Joao Pedro,FWD,WAT,5.4,2.233408685
2021-22,21,586,Edouard,FWD,CRY,6.3,2.431541585
2021-22,21,472,Cucho,FWD,WAT,5.0,2.157937798
2021-22,21,455,Daka,FWD,LEI,7.1,2.569347471
2021-22,21,134,Werner,FWD,CHE,8.6,0.599487486
2021-22,21,111,Vydra,FWD,BUR,5.2,2.243957429
2021-22,21,4,Aubameyang,FWD,ARS,9.6,0.0
2021-22,21,591,Rondon,FWD,EVE,6.0,3.410723146
2021-22,21,153,Ayew,FWD,CRY,5.8,2.376329205
2021-22,21,583,Hwang,FWD,WOL,5.5,0.0
2021-22,21,149,Benteke,FWD,CRY,6.4,1.926149343
2021-22,21,104,Jay Rodriguez,FWD,BUR,5.2,1.347761407
2021-22,21,269,Cavani,FWD,MUN,8.4,1.037314608
2021-22,21,213,Iheanacho,FWD,LEI,6.9,0.0
2021-22,21,516,Sargent,FWD,NOR,5.4,2.02621701
2021-22,21,235,Origi,FWD,LIV,4.8,0.046779592
2021-22,21,518,Broja,FWD,SOU,5.2,1.786802649
2021-22,21,300,Gayle,FWD,NEW,5.2,0.0
2021-22,21,20,Nketiah,FWD,ARS,5.4,0.817780804
2021-22,21,105,A Barnes,FWD,BUR,5.2,0.0
2021-22,21,278,Martial,FWD,MUN,7.6,0.436471625
2021-22,21,445,F Silva,FWD,WOL,5.6,0.3146615
2021-22,21,622,Tosun,FWD,EVE,5.0,0.137201195
2021-22,21,636,A Diallo,FWD,MUN,5.0,0.005562837
2021-22,21,530,Balogun,FWD,ARS,4.7,0.129583529
2021-22,21,533,Richardson,FWD,BUR,4.5,0.001859138
2021-22,21,602,Simms,FWD,EVE,4.5,0.007937553
2021-22,21,577,Gelhardt,FWD,LEE,4.6,0.741477381
2021-22,21,655,E Ferguson,FWD,BHA,4.5,0.003766224
2021-22,21,640,Young-Coombes,FWD,BRE,4.5,0.007602002
2021-22,21,520,Scarlett,FWD,TOT,4.5,0.008824571
2021-22,21,649,Dickson-Peters,FWD,NOR,4.5,0.003902723
2021-22,21,663,Kayky,FWD,MCI,5.0,0.003710849
2021-22,21,542,Street,FWD,CRY,4.5,0.003747902
2021-22,21,395,Fletcher,FWD,WAT,4.9,0.044578483
2021-22,21,607,Dobbin,FWD,EVE,4.5,0.020891734
2021-22,21,519,S Long,FWD,SOU,5.4,0.048250798
2021-22,21,550,S Greenwood,FWD,LEE,4.5,0.019443118
2021-22,21,72,Connolly,FWD,BHA,5.3,0.171089985
2021-22,21,595,Locadia,FWD,BHA,4.5,0.081713726
2021-22,21,88,Forss,FWD,BRE,5.3,1.173227986
2021-22,21,568,Archer,FWD,AVL,4.5,0.036787491
2021-22,21,49,Davis,FWD,AVL,4.5,0.083494074
2021-22,21,159,Mateta,FWD,CRY,5.2,0.02582787
2021-22,21,329,Idah,FWD,NOR,4.9,0.635192124
2021-22,22,30,Martinez,GK,AVL,5.5,3.527782316
2021-22,22,69,R Sanchez,GK,BHA,4.6,7.716472272
2021-22,22,353,Lloris,GK,TOT,5.4,4.497803996
2021-22,22,231,Alisson,GK,LIV,6.0,3.883554629
2021-22,22,270,de Gea,GK,MUN,5.2,6.652931954
2021-22,22,199,Meslier,GK,LEE,4.9,2.890424877
2021-22,22,257,Ederson,GK,MCI,6.1,3.625086543
2021-22,22,112,Pope,GK,BUR,5.4,1.856923247
2021-22,22,475,Sa,GK,WOL,5.1,3.87085303
2021-22,22,295,Dubravka,GK,NEW,4.4,3.62414007
2021-22,22,170,Pickford,GK,EVE,4.9,3.538980437
2021-22,22,146,Guaita,GK,CRY,4.6,2.240085965
2021-22,22,556,A Fernandez,GK,BRE,4.5,5.261326521
2021-22,22,408,Fabianski,GK,WHU,5.0,3.311687727
2021-22,22,559,Ramsdale,GK,ARS,5.1,1.230633931
2021-22,22,334,McCarthy,GK,SOU,4.4,2.134408879
2021-22,22,129,Kepa,GK,CHE,4.7,6.706022409
2021-22,22,200,Schmeichel,GK,LEI,4.8,2.758768115
2021-22,22,314,Krul,GK,NOR,4.5,2.971756216
2021-22,22,376,Foster,GK,WAT,4.1,1.351870868
2021-22,22,389,Bachmann,GK,WAT,4.3,2.77397186
2021-22,22,143,E Mendy,GK,CHE,6.2,0.0
2021-22,22,156,Butland,GK,CRY,4.4,1.297432996
2021-22,22,80,Raya,GK,BRE,4.3,0.0
2021-22,22,333,Forster,GK,SOU,4.4,1.172658806
2021-22,22,280,D Henderson,GK,MUN,4.7,0.518860516
2021-22,22,673,Lossl,GK,BRE,4.5,0.344584839
2021-22,22,242,Kelleher,GK,LIV,4.3,0.47161546
2021-22,22,489,Areola,GK,WHU,4.7,0.171324231
2021-22,22,260,Steffen,GK,MCI,4.4,0.069589483
2021-22,22,486,Gollini,GK,TOT,4.3,0.08264635
2021-22,22,28,Steer,GK,AVL,4.0,0.057563424
2021-22,22,294,Darlow,GK,NEW,4.5,0.038154868
2021-22,22,1,Leno,GK,ARS,4.5,0.029718969
2021-22,22,480,Hennessey,GK,BUR,4.5,0.043373915
2021-22,22,54,Steele,GK,BHA,4.0,0.104304715
2021-22,22,452,Ruddy,GK,WOL,4.3,0.075344265
2021-22,22,490,Klaesson,GK,LEE,4.4,0.055762996
2021-22,22,448,Gunn,GK,NOR,4.0,0.130935373
2021-22,22,606,Bettinelli,GK,CHE,4.0,0.140455513
2021-22,22,481,Begovic,GK,EVE,4.0,0.059423642
2021-22,22,476,Scherpen,GK,BHA,4.5,0.046210731
2021-22,22,204,D Ward,GK,LEI,4.0,0.050839842
2021-22,22,513,Woodman,GK,NEW,4.3,0.038504404
2021-22,22,593,Carson,GK,MCI,3.9,0.007450675
2021-22,22,596,Sinisalo,GK,AVL,4.0,0.006267768
2021-22,22,509,Heaton,GK,MUN,3.9,0.013794786
2021-22,22,561,Matthews,GK,CRY,4.0,0.007306975
2021-22,22,650,Marschall,GK,AVL,4.0,0.005582404
2021-22,22,114,Norris,GK,BUR,4.4,0.003419305
2021-22,22,407,Randolph,GK,WHU,4.3,0.006134021
2021-22,22,571,Lonergan,GK,EVE,4.0,0.006723054
2021-22,22,619,Cox,GK,BRE,4.0,0.016830053
2021-22,22,574,Elliot,GK,WAT,4.0,0.008027498
2021-22,22,573,Jakupovic,GK,LEI,4.0,0.005486727
2021-22,22,532,Hein,GK,ARS,4.0,0.001051246
2021-22,22,572,Okonkwo,GK,ARS,3.9,0.00105206
2021-22,22,656,Pitaluga,GK,LIV,4.0,0.003259666
2021-22,22,313,McGovern,GK,NOR,3.9,0.006080864
2021-22,22,641,Caballero,GK,SOU,4.4,0.003077846
2021-22,22,223,Adrian,GK,LIV,4.3,0.00085574
2021-22,22,514,Gillespie,GK,NEW,4.0,0.000751524
2021-22,22,615,Slicker,GK,MCI,4.0,0.000666735
2021-22,22,616,Tyrer,GK,EVE,4.0,0.000615036
2021-22,22,642,Angelini,GK,WAT,4.0,0.000727571
2021-22,22,659,Austin,GK,TOT,4.0,0.004967591
2021-22,22,621,Storer,GK,WOL,4.0,0.004174584
2021-22,22,611,Moulden,GK,WOL,4.0,0.004176437
2021-22,22,637,H Lewis,GK,SOU,4.0,0.003827649
2021-22,22,666,McCracken,GK,NOR,4.0,0.003638491
2021-22,22,237,Trent,DEF,LIV,8.4,5.891120383
2021-22,22,256,Cancelo,DEF,MCI,7.0,4.056805648
2021-22,22,234,Robertson,DEF,LIV,7.0,4.754687519
2021-22,22,584,Cucurella,DEF,BHA,5.1,7.2028529
2021-22,22,229,van Dijk,DEF,LIV,6.6,4.284190897
2021-22,22,45,Konsa,DEF,AVL,4.9,2.858980771
2021-22,22,44,Cash,DEF,AVL,5.1,2.785443743
2021-22,22,38,Mings,DEF,AVL,5.0,2.760662696
2021-22,22,122,Alonso,DEF,CHE,5.7,6.511089382
2021-22,22,555,Varane,DEF,MUN,5.5,6.331103495
2021-22,22,262,Dias,DEF,MCI,6.3,3.076260001
2021-22,22,168,Digne,DEF,AVL,5.0,0.287190678
2021-22,22,437,Semedo,DEF,WOL,4.8,3.919571541
2021-22,22,62,Veltman,DEF,BHA,4.2,6.339715984
2021-22,22,273,Maguire,DEF,MUN,5.4,5.788556877
2021-22,22,127,Rudiger,DEF,CHE,6.2,6.027113215
2021-22,22,259,Laporte,DEF,MCI,5.6,2.903759823
2021-22,22,61,Webster,DEF,BHA,4.4,5.846878987
2021-22,22,249,Walker,DEF,MCI,5.4,2.919330194
2021-22,22,288,Wan-Bissaka,DEF,MUN,5.1,5.346234322
2021-22,22,119,Azpilicueta,DEF,CHE,5.7,6.192943993
2021-22,22,588,Emerson R,DEF,TOT,5.0,3.60107237
2021-22,22,370,Reguilon,DEF,TOT,5.4,2.430998574
2021-22,22,59,Dunk,DEF,BHA,4.8,0.777480978
2021-22,22,411,A Cresswell,DEF,WHU,5.3,3.429421603
2021-22,22,71,Lamptey,DEF,BHA,4.5,5.527504597
2021-22,22,185,Ayling,DEF,LEE,4.3,2.079580507
2021-22,22,169,Keane,DEF,EVE,4.9,3.378020795
2021-22,22,121,T Silva,DEF,CHE,5.6,5.699324284
2021-22,22,429,Coady,DEF,WOL,4.6,3.442729757
2021-22,22,364,Ben T Davies,DEF,TOT,4.5,3.682615711
2021-22,22,678,Trippier,DEF,NEW,5.0,2.462373658
2021-22,22,224,Matip,DEF,LIV,4.9,2.598768815
2021-22,22,91,Pinnock,DEF,BRE,4.5,3.862052231
2021-22,22,16,Tierney,DEF,ARS,5.0,0.994183476
2021-22,22,275,Shaw,DEF,MUN,5.0,2.362611066
2021-22,22,361,Dier,DEF,TOT,4.6,0.779038639
2021-22,22,162,Mitchell,DEF,CRY,4.5,2.920865555
2021-22,22,414,Dawson,DEF,WHU,4.9,3.306012514
2021-22,22,98,Tarkowski,DEF,BUR,4.9,1.681922474
2021-22,22,299,Lascelles,DEF,NEW,4.4,3.272221309
2021-22,22,252,Stones,DEF,MCI,5.3,1.439858353
2021-22,22,477,Guehi,DEF,CRY,4.6,2.858899401
2021-22,22,488,Andersen,DEF,CRY,4.5,2.894737245
2021-22,22,76,Jansson,DEF,BRE,4.6,3.557635127
2021-22,22,343,Bednarek,DEF,SOU,4.4,2.996702573
2021-22,22,470,Ait-Nouri,DEF,WOL,4.3,2.566687025
2021-22,22,23,Gabriel,DEF,ARS,5.3,0.912782609
2021-22,22,382,Femenia,DEF,WAT,4.3,3.456388313
2021-22,22,367,D Sanchez,DEF,TOT,4.6,3.813175599
2021-22,22,190,Llorente,DEF,LEE,4.5,0.0
2021-22,22,463,Firpo,DEF,LEE,4.7,1.564395577
2021-22,22,179,Godfrey,DEF,EVE,4.8,2.875449684
2021-22,22,106,Mee,DEF,BUR,4.8,1.554797947
2021-22,22,110,Lowton,DEF,BUR,4.4,1.548526361
2021-22,22,431,Saiss,DEF,WOL,5.1,0.0
2021-22,22,305,Schar,DEF,NEW,4.3,3.170008727
2021-22,22,439,Kilman,DEF,WOL,4.5,3.260060964
2021-22,22,67,B White,DEF,ARS,4.5,0.84677819
2021-22,22,113,Taylor,DEF,BUR,4.4,1.327389878
2021-22,22,590,Tomiyasu,DEF,ARS,4.7,0.180538405
2021-22,22,676,Kamara,DEF,WAT,4.5,2.591966549
2021-22,22,474,J Ward,DEF,CRY,4.5,2.593081568
2021-22,22,56,Duffy,DEF,BHA,4.1,4.38903792
2021-22,22,483,Ajer,DEF,BRE,4.4,3.306382326
2021-22,22,83,Henry,DEF,BRE,4.5,1.758370664
2021-22,22,279,Telles,DEF,MUN,5.0,4.212261989
2021-22,22,264,Zinchenko,DEF,MCI,5.3,1.045596913
2021-22,22,150,Kouyate,DEF,CRY,4.5,0.0
2021-22,22,494,Romero,DEF,TOT,4.8,0.360427192
2021-22,22,342,Walker-Peters,DEF,SOU,4.8,2.473205928
2021-22,22,198,Struijk,DEF,LEE,4.3,1.151198336
2021-22,22,128,Zouma,DEF,WHU,5.4,0.651476699
2021-22,22,396,Sierralta,DEF,WAT,4.3,3.345507198
2021-22,22,360,Doherty,DEF,TOT,4.7,2.756221132
2021-22,22,491,Livramento,DEF,SOU,4.3,0.0
2021-22,22,675,Mykolenko,DEF,EVE,5.0,1.349695745
2021-22,22,209,Castagne,DEF,LEI,5.3,2.519543095
2021-22,22,58,Burn,DEF,BHA,4.4,3.827101537
2021-22,22,418,Coufal,DEF,WHU,4.7,1.86288084
2021-22,22,165,Coleman,DEF,EVE,4.9,2.542064791
2021-22,22,175,Mina,DEF,EVE,4.9,1.310571663
2021-22,22,351,Salisu,DEF,SOU,4.5,2.585577457
2021-22,22,432,Marcal,DEF,WOL,4.2,2.843182456
2021-22,22,501,M Sarr,DEF,CHE,4.9,4.316917502
2021-22,22,428,Boly,DEF,WOL,4.9,0.0
2021-22,22,243,Konate,DEF,LIV,5.1,1.411097752
2021-22,22,39,Targett,DEF,AVL,4.7,2.774118198
2021-22,22,217,Soyuncu,DEF,LEI,4.9,2.124475565
2021-22,22,133,Christensen,DEF,CHE,4.6,0.429447179
2021-22,22,527,T Chalobah,DEF,CHE,4.7,0.567585918
2021-22,22,194,Koch,DEF,LEE,4.3,1.963653587
2021-22,22,425,Johnson,DEF,WHU,4.0,1.729173646
2021-22,22,142,R James,DEF,CHE,6.2,0.0
2021-22,22,424,Diop,DEF,WHU,4.3,2.520618044
2021-22,22,292,Ritchie,DEF,NEW,4.9,1.945606715
2021-22,22,379,Cathcart,DEF,WAT,4.3,2.946919906
2021-22,22,460,Perraud,DEF,SOU,4.8,2.877414229
2021-22,22,36,Hause,DEF,AVL,4.4,1.680400377
2021-22,22,311,J Lewis,DEF,NEW,4.2,0.564193
2021-22,22,340,Vestergaard,DEF,LEI,4.7,2.204734386
2021-22,22,326,Aarons,DEF,NOR,4.3,2.710193583
2021-22,22,387,Troost-Ekong,DEF,WAT,4.3,0.0
2021-22,22,677,Samir,DEF,WAT,4.5,1.13095454
2021-22,22,510,Dalot,DEF,MUN,4.5,1.413699643
2021-22,22,238,Gomez,DEF,LIV,4.7,0.747067937
2021-22,22,52,Young,DEF,AVL,4.7,0.375908431
2021-22,22,293,Clark,DEF,NEW,4.4,0.517196739
2021-22,22,371,Tanganga,DEF,TOT,4.2,1.95249097
2021-22,22,319,Hanley,DEF,NOR,4.4,1.735682798
2021-22,22,219,L Thomas,DEF,LEI,4.3,1.954984574
2021-22,22,245,Tsimikas,DEF,LIV,3.7,0.768324576
2021-22,22,284,Lindelof,DEF,MUN,4.8,1.317265093
2021-22,22,258,Ake,DEF,MCI,4.7,0.411998266
2021-22,22,178,Holgate,DEF,EVE,4.2,1.640611312
2021-22,22,594,Zanka,DEF,BRE,4.5,0.389288641
2021-22,22,89,Roerslev,DEF,BRE,4.3,2.185193649
2021-22,22,218,Justin,DEF,LEI,4.9,0.985191396
2021-22,22,303,Krafth,DEF,NEW,4.3,1.593190675
2021-22,22,220,Fofana,DEF,LEI,4.3,0.215924216
2021-22,22,674,Patterson,DEF,EVE,4.5,0.413117914
2021-22,22,207,R Pereira,DEF,LEI,5.2,0.0
2021-22,22,456,Gibson,DEF,NOR,4.4,2.456350582
2021-22,22,5,Cedric,DEF,ARS,4.2,0.69267602
2021-22,22,301,Dummett,DEF,NEW,4.5,0.489187419
2021-22,22,390,Masina,DEF,WAT,4.3,0.0
2021-22,22,147,Tomkins,DEF,CRY,4.3,0.0
2021-22,22,465,F Fernandez,DEF,NEW,4.3,0.0
2021-22,22,580,Kabak,DEF,NOR,4.4,2.406778212
2021-22,22,14,Holding,DEF,ARS,4.1,0.300557328
2021-22,22,10,Chambers,DEF,ARS,4.2,0.484490682
2021-22,22,473,Bertrand,DEF,LEI,4.6,0.1186546
2021-22,22,466,Tavares,DEF,ARS,4.3,0.291364748
2021-22,22,338,J Stephens,DEF,SOU,4.4,0.339590041
2021-22,22,302,Manquillo,DEF,NEW,3.9,0.0
2021-22,22,585,C Roberts,DEF,BUR,4.5,0.244456019
2021-22,22,443,Hoever,DEF,WOL,3.9,0.733553918
2021-22,22,368,Sessegnon,DEF,TOT,4.3,0.270255506
2021-22,22,374,Rodon,DEF,TOT,4.3,0.578024502
2021-22,22,161,N Ferguson,DEF,CRY,4.5,0.274279766
2021-22,22,286,Bailly,DEF,MUN,4.9,0.0
2021-22,22,184,Cooper,DEF,LEE,4.4,0.0
2021-22,22,8,Mari,DEF,ARS,4.2,0.183862282
2021-22,22,246,N Williams,DEF,LIV,3.8,0.130077102
2021-22,22,493,Clyne,DEF,CRY,4.3,0.262674482
2021-22,22,100,Pieters,DEF,BUR,4.2,0.106037924
2021-22,22,87,Goode,DEF,BRE,3.9,0.134370894
2021-22,22,208,Amartey,DEF,LEI,3.8,0.0
2021-22,22,201,Evans,DEF,LEI,5.4,0.0
2021-22,22,90,M Sorensen,DEF,BRE,4.3,0.546823161
2021-22,22,433,Jonny,DEF,WOL,4.5,0.0
2021-22,22,417,Masuaku,DEF,WHU,4.4,0.655209104
2021-22,22,451,Collins,DEF,BUR,4.3,0.102066002
2021-22,22,400,Ngakia,DEF,WAT,4.3,1.416934393
2021-22,22,632,P Jones,DEF,MUN,4.5,0.182155808
2021-22,22,11,Kolasinac,DEF,ARS,4.2,0.0
2021-22,22,384,Kabasele,DEF,WAT,4.3,0.08500229
2021-22,22,151,Kelly,DEF,CRY,3.9,0.105748689
2021-22,22,158,Jach,DEF,CRY,4.3,0.103804052
2021-22,22,567,Lyanco,DEF,SOU,4.4,0.751846802
2021-22,22,546,Valery,DEF,SOU,3.9,0.216739983
2021-22,22,321,Byram,DEF,NOR,4.4,0.250783455
2021-22,22,498,Thompson,DEF,BRE,4.4,0.136628048
2021-22,22,99,Bardsley,DEF,BUR,3.9,0.033029123
2021-22,22,560,H Roberts,DEF,BHA,4.0,0.02617334
2021-22,22,446,Mosquera,DEF,WOL,4.4,0.0
2021-22,22,327,J Sorensen,DEF,NOR,4.3,0.123658249
2021-22,22,667,Small,DEF,SOU,4.0,0.029323257
2021-22,22,635,Bueno,DEF,WOL,4.0,0.062581465
2021-22,22,639,Daley-Campbell,DEF,LEI,4.0,0.092383683
2021-22,22,544,Branthwaite,DEF,EVE,4.0,0.006412227
2021-22,22,610,Bogarde,DEF,AVL,4.0,0.004656205
2021-22,22,103,K Long,DEF,BUR,4.0,0.005921849
2021-22,22,569,Stevens,DEF,BRE,3.9,0.01475485
2021-22,22,554,J Baptiste,DEF,WHU,4.0,0.005410672
2021-22,22,565,Dodgson,DEF,BUR,3.9,0.001452087
2021-22,22,241,N Phillips,DEF,LIV,4.2,0.0
2021-22,22,409,Ogbonna,DEF,WHU,4.9,0.0
2021-22,22,135,Chilwell,DEF,CHE,5.6,0.0
2021-22,22,598,Omole,DEF,TOT,3.9,0.005567
2021-22,22,534,B Thomas,DEF,BUR,3.9,0.001314964
2021-22,22,502,Kenny,DEF,EVE,4.4,0.005153128
2021-22,22,627,Beck,DEF,LIV,4.0,0.002249119
2021-22,22,626,Bradley,DEF,LIV,4.0,0.004558835
2021-22,22,540,Hannam,DEF,CRY,3.9,0.004639793
2021-22,22,660,Quansah,DEF,LIV,4.0,0.004415462
2021-22,22,604,Wilson-Esbrand,DEF,MCI,3.9,0.004042058
2021-22,22,603,Mbete,DEF,MCI,3.9,0.004017293
2021-22,22,563,C Cresswell,DEF,LEE,4.0,0.0
2021-22,22,653,Turns,DEF,BHA,4.0,0.007939665
2021-22,22,651,Egan-Riley,DEF,MCI,4.0,0.003964196
2021-22,22,670,Feeney,DEF,AVL,4.0,0.003507999
2021-22,22,617,Ashby,DEF,WHU,4.0,0.00398096
2021-22,22,682,Ekwah,DEF,WHU,4.0,0.003695132
2021-22,22,644,Alese,DEF,WHU,4.0,0.003683017
2021-22,22,623,Welch,DEF,EVE,4.0,0.003783783
2021-22,22,645,B Nelson,DEF,LEI,4.0,0.003222101
2021-22,22,657,Moore,DEF,LEE,4.0,0.002938083
2021-22,22,665,Simeu,DEF,SOU,4.0,0.003680669
2021-22,22,633,Morris,DEF,WAT,4.0,0.004883405
2021-22,22,643,Tomkinson,DEF,NOR,4.0,0.003604646
2021-22,22,331,Omobamidele,DEF,NOR,3.9,0.0
2021-22,22,415,Fredericks,DEF,WHU,4.4,0.095409081
2021-22,22,608,Hjelde,DEF,LEE,4.0,0.81686559
2021-22,22,324,Zimmermann,DEF,NOR,4.4,0.0
2021-22,22,618,Nkoulou,DEF,WAT,4.4,0.213550708
2021-22,22,290,B Williams,DEF,NOR,3.9,2.282289837
2021-22,22,457,Giannoulis,DEF,NOR,4.4,0.562750707
2021-22,22,277,Fernandes,MID,MUN,11.6,8.339736443
2021-22,22,240,Jota,MID,LIV,8.3,5.610180676
2021-22,22,196,Raphinha,MID,LEE,6.5,3.414826184
2021-22,22,233,Salah,MID,LIV,12.8,0.0
2021-22,22,420,Bowen,MID,WHU,6.7,4.607583228
2021-22,22,681,Coutinho,MID,AVL,7.0,2.272306112
2021-22,22,64,Trossard,MID,BHA,6.1,6.702838271
2021-22,22,265,Foden,MID,MCI,8.0,3.297220684
2021-22,22,251,De Bruyne,MID,MCI,12.0,3.475352934
2021-22,22,255,Sterling,MID,MCI,10.7,3.711906762
2021-22,22,281,Rashford,MID,MUN,9.4,5.499859365
2021-22,22,485,Sancho,MID,MUN,8.9,5.770571489
2021-22,22,230,Mane,MID,LIV,11.8,0.0
2021-22,22,188,Dallas,MID,LEE,5.0,2.647107995
2021-22,22,43,Buendia,MID,AVL,6.2,3.279174572
2021-22,22,35,McGinn,MID,AVL,5.8,0.0
2021-22,22,341,Ward-Prowse,MID,SOU,6.3,3.098399289
2021-22,22,359,Son,MID,TOT,10.7,0.0
2021-22,22,267,Harrison,MID,LEE,5.5,2.5763086
2021-22,22,96,Mbeumo,MID,BRE,5.3,5.315378616
2021-22,22,210,Tielemans,MID,LEI,6.4,3.583250481
2021-22,22,138,Mount,MID,CHE,7.7,5.555389657
2021-22,22,261,B Silva,MID,MCI,7.5,3.006723117
2021-22,22,33,Grealish,MID,MCI,7.6,2.924386969
2021-22,22,154,Zaha,MID,CRY,6.8,0.0
2021-22,22,422,Soucek,MID,WHU,5.7,1.339417334
2021-22,22,250,Gundogan,MID,MCI,7.3,2.825967451
2021-22,22,173,Doucoure,MID,EVE,5.4,3.213277216
2021-22,22,212,Maddison,MID,LEI,6.9,3.432178047
2021-22,22,484,D Gray,MID,EVE,5.5,3.278112952
2021-22,22,291,Shelvey,MID,NEW,5.3,3.430638845
2021-22,22,362,Lucas Moura,MID,TOT,6.5,4.077559068
2021-22,22,118,McNeil,MID,BUR,5.7,1.428226058
2021-22,22,215,H Barnes,MID,LEI,6.5,3.197440076
2021-22,22,50,Douglas Luiz,MID,AVL,4.5,2.388694298
2021-22,22,144,Gallagher,MID,CRY,6.1,2.920137497
2021-22,22,107,Westwood,MID,BUR,5.3,1.51145525
2021-22,22,289,M Greenwood,MID,MUN,7.2,4.599134769
2021-22,22,222,J Henderson,MID,LIV,5.1,3.160122504
2021-22,22,578,Cornet,MID,BUR,5.9,0.0
2021-22,22,81,Canos,MID,BRE,5.5,4.299655046
2021-22,22,365,Hojbjerg,MID,TOT,5.0,3.193969625
2021-22,22,423,Fornals,MID,WHU,6.0,3.134020593
2021-22,22,53,Lallana,MID,BHA,5.3,4.738919685
2021-22,22,75,Moder,MID,BHA,4.5,4.707326736
2021-22,22,274,Fred,MID,MUN,4.9,4.494904376
2021-22,22,287,D James,MID,LEE,6.0,2.245842782
2021-22,22,26,Martinelli,MID,ARS,5.4,1.220611864
2021-22,22,482,Townsend,MID,EVE,5.2,2.258656803
2021-22,22,19,Willock,MID,NEW,5.7,3.033291523
2021-22,22,354,Sissoko,MID,WAT,4.4,3.169714357
2021-22,22,51,J Ramsey,MID,AVL,4.6,2.523213344
2021-22,22,108,Gudmundsson,MID,BUR,5.4,1.268268133
2021-22,22,495,Kucka,MID,WAT,5.5,2.984801931
2021-22,22,77,Norgaard,MID,BRE,5.0,4.313559033
2021-22,22,436,Neves,MID,WOL,5.3,2.758020431
2021-22,22,22,Saka,MID,ARS,6.4,0.385920183
2021-22,22,123,Jorginho,MID,CHE,5.9,4.465880535
2021-22,22,399,I Sarr,MID,WAT,5.8,0.208506752
2021-22,22,426,Moutinho,MID,WOL,4.9,2.744876959
2021-22,22,232,Fabinho,MID,LIV,5.4,2.749286564
2021-22,22,435,A Traore,MID,WOL,5.6,2.774601154
2021-22,22,416,Lanzini,MID,WHU,5.8,3.003976337
2021-22,22,254,Mahrez,MID,MCI,8.7,0.0
2021-22,22,524,Wissa,MID,BRE,5.9,4.145792314
2021-22,22,266,Rodri,MID,MCI,5.5,2.372715983
2021-22,22,587,Lookman,MID,LEI,6.0,2.754515242
2021-22,22,304,Murphy,MID,NEW,4.7,3.115674081
2021-22,22,421,Rice,MID,WHU,5.1,2.64925932
2021-22,22,285,McTominay,MID,MUN,5.4,2.191366874
2021-22,22,84,Janelt,MID,BRE,5.0,4.139124135
2021-22,22,141,Havertz,MID,CHE,7.8,3.808922077
2021-22,22,336,Redmond,MID,SOU,5.9,2.235962268
2021-22,22,60,March,MID,BHA,5.3,4.094674856
2021-22,22,55,Gross,MID,BHA,5.7,3.991599447
2021-22,22,115,Brownhill,MID,BUR,4.3,0.979273865
2021-22,22,372,Lo Celso,MID,TOT,5.9,3.149460784
2021-22,22,461,Trincao,MID,WOL,5.6,2.646337083
2021-22,22,449,Rashica,MID,NOR,5.2,1.951915521
2021-22,22,186,Klich,MID,LEE,5.2,2.001565921
2021-22,22,419,Benrahma,MID,WHU,5.9,0.0
2021-22,22,363,Alli,MID,TOT,6.2,3.262072989
2021-22,22,558,Odegaard,MID,ARS,5.6,0.093546058
2021-22,22,74,Mac Allister,MID,BHA,5.3,3.414993235
2021-22,22,86,Jensen,MID,BRE,4.9,3.828592835
2021-22,22,125,Kovacic,MID,CHE,5.0,3.29364963
2021-22,22,137,Pulisic,MID,CHE,7.9,3.075970258
2021-22,22,171,Allan,MID,EVE,4.4,2.303332298
2021-22,22,318,McLean,MID,NOR,4.9,2.504063261
2021-22,22,70,Bissouma,MID,BHA,4.4,0.0
2021-22,22,438,Podence,MID,WOL,5.5,2.479171382
2021-22,22,225,Thiago,MID,LIV,5.3,0.628021655
2021-22,22,298,Fraser,MID,NEW,5.3,2.474961608
2021-22,22,335,Romeu,MID,SOU,4.5,2.125835267
2021-22,22,381,Cleverley,MID,WAT,4.8,2.454862453
2021-22,22,148,McArthur,MID,CRY,4.3,0.101977318
2021-22,22,325,Cantwell,MID,NOR,5.3,2.126897376
2021-22,22,21,Smith Rowe,MID,ARS,6.0,0.331149683
2021-22,22,236,Minamino,MID,LIV,5.1,2.623459365
2021-22,22,517,Elyounoussi,MID,SOU,5.4,0.0
2021-22,22,130,Kante,MID,CHE,4.9,3.120607322
2021-22,22,373,Skipp,MID,TOT,4.4,2.463293529
2021-22,22,386,W Hughes,MID,CRY,4.7,2.38068524
2021-22,22,7,Xhaka,MID,ARS,4.8,0.0
2021-22,22,239,Keita,MID,LIV,5.0,0.0
2021-22,22,339,S Armstrong,MID,SOU,5.8,1.960275255
2021-22,22,552,Forshaw,MID,LEE,4.5,1.707019612
2021-22,22,471,Lees-Melou,MID,NOR,4.8,2.151716239
2021-22,22,462,Mwepu,MID,BHA,5.9,0.0
2021-22,22,227,Chamberlain,MID,LIV,5.8,2.658973491
2021-22,22,434,Dendoncker,MID,WOL,4.8,2.347902126
2021-22,22,131,Ziyech,MID,CHE,7.3,1.838986512
2021-22,22,216,Ndidi,MID,LEI,4.8,0.0
2021-22,22,308,Almiron,MID,NEW,5.1,2.013266566
2021-22,22,140,Hudson-Odoi,MID,CHE,5.3,2.161699287
2021-22,22,101,Cork,MID,BUR,4.4,0.811942057
2021-22,22,15,Partey,MID,ARS,5.0,0.0
2021-22,22,152,Milivojevic,MID,CRY,5.3,1.965914958
2021-22,22,221,Milner,MID,LIV,4.9,2.243045487
2021-22,22,211,Perez,MID,LEI,5.7,1.207986796
2021-22,22,160,Eze,MID,CRY,5.9,1.567118243
2021-22,22,271,Matic,MID,MUN,4.4,3.326056346
2021-22,22,191,K Phillips,MID,LEE,4.7,0.0
2021-22,22,582,Vlasic,MID,WHU,5.7,1.813086816
2021-22,22,499,S Baptiste,MID,BRE,4.9,2.759934356
2021-22,22,37,Trezeguet,MID,AVL,5.4,0.0
2021-22,22,369,Bergwijn,MID,TOT,5.9,0.0
2021-22,22,505,Dewsbury-Hall,MID,LEI,4.4,1.899397041
2021-22,22,174,Iwobi,MID,EVE,5.8,0.0
2021-22,22,282,van de Beek,MID,MUN,5.7,1.827791716
2021-22,22,346,Tella,MID,SOU,4.7,1.943284849
2021-22,22,478,Lokonga,MID,ARS,4.8,0.775191843
2021-22,22,557,Tufan,MID,WAT,5.0,1.50389666
2021-22,22,503,A Gordon,MID,EVE,4.5,1.819407181
2021-22,22,492,Bailey,MID,AVL,6.3,0.0
2021-22,22,155,Schlupp,MID,CRY,5.4,2.017195222
2021-22,22,145,Gilmour,MID,NOR,4.3,0.0
2021-22,22,17,Pepe,MID,ARS,6.9,0.0
2021-22,22,441,Neto,MID,WOL,6.4,0.0
2021-22,22,458,Soumare,MID,LEI,4.8,0.682207447
2021-22,22,328,Placheta,MID,NOR,4.7,1.315157117
2021-22,22,202,Albrighton,MID,LEI,5.2,1.584420801
2021-22,22,391,Sema,MID,WAT,5.2,2.286493473
2021-22,22,42,El Ghazi,MID,EVE,5.6,0.3014001
2021-22,22,32,B Traore,MID,AVL,5.7,0.0
2021-22,22,592,Saul,MID,CHE,4.9,1.703725725
2021-22,22,244,C Jones,MID,LIV,5.0,0.615023287
2021-22,22,506,Elliott,MID,LIV,5.3,0.0
2021-22,22,350,Djenepo,MID,SOU,5.2,0.0
2021-22,22,317,Rupp,MID,NOR,4.4,0.0
2021-22,22,412,Yarmolenko,MID,WHU,5.1,1.485825226
2021-22,22,575,Lennon,MID,BUR,4.9,1.007513351
2021-22,22,589,Kral,MID,WHU,4.4,1.056606089
2021-22,22,132,Loftus-Cheek,MID,CHE,5.4,0.371063798
2021-22,22,406,Noble,MID,WHU,4.4,0.728146215
2021-22,22,459,Mata,MID,MUN,4.7,0.431977502
2021-22,22,124,Barkley,MID,CHE,5.2,0.344876852
2021-22,22,507,Palmer,MID,MCI,4.5,0.201162391
2021-22,22,203,N Mendy,MID,LEI,4.3,0.0
2021-22,22,467,Etebo,MID,WAT,4.3,0.0
2021-22,22,405,Baah,MID,WAT,4.3,0.0
2021-22,22,41,Nakamba,MID,AVL,4.4,0.0
2021-22,22,581,Normann,MID,NOR,4.5,0.0
2021-22,22,612,Sarmiento,MID,BHA,4.5,0.0
2021-22,22,272,Pogba,MID,MUN,7.4,0.0
2021-22,22,512,Elanga,MID,MUN,4.8,0.008628309
2021-22,22,629,McAtee,MID,MCI,4.4,0.0019918
2021-22,22,597,Markanday,MID,TOT,4.5,0.005438776
2021-22,22,631,Jenkins,MID,LEE,4.5,0.001596584
2021-22,22,671,Hall,MID,CHE,4.5,0.006867736
2021-22,22,672,Vale,MID,CHE,4.5,0.006913405
2021-22,22,628,Haygarth,MID,BRE,4.5,0.003279532
2021-22,22,323,Dowell,MID,NOR,5.1,1.219387642
2021-22,22,668,H White,MID,TOT,4.5,0.004949058
2021-22,22,630,Onyango,MID,EVE,4.5,0.001702958
2021-22,22,609,Anderson,MID,NEW,4.5,0.004433464
2021-22,22,613,Whitaker,MID,EVE,4.5,0.00409548
2021-22,22,634,Perkins,MID,WHU,4.5,0.003894599
2021-22,22,662,Peart-Harris,MID,BRE,4.5,0.007176755
2021-22,22,648,Rowe,MID,NOR,4.4,0.004101456
2021-22,22,508,Edozie,MID,MCI,4.8,0.003671405
2021-22,22,652,Oko-Flex,MID,WHU,4.4,0.003777814
2021-22,22,661,Jordao,MID,WOL,4.5,0.003868668
2021-22,22,601,McKinstry,MID,LEE,4.3,0.003280472
2021-22,22,547,Cundle,MID,WOL,4.5,0.008942218
2021-22,22,647,McAteer,MID,LEI,4.5,0.003366198
2021-22,22,658,Archie Gray,MID,LEE,4.5,0.003192047
2021-22,22,614,Maghoma,MID,BRE,4.5,0.006672001
2021-22,22,551,Summerville,MID,LEE,4.5,0.174260229
2021-22,22,605,Lavia,MID,MCI,4.4,0.003397291
2021-22,22,638,Iroegbunam,MID,AVL,4.5,0.003397806
2021-22,22,669,Conteh,MID,WAT,4.5,0.004942385
2021-22,22,646,Brunt,MID,LEI,4.5,0.003125622
2021-22,22,600,Kenneh,MID,LEE,4.4,0.003038195
2021-22,22,683,Gibbs,MID,NOR,4.5,0.003482689
2021-22,22,548,Campbell,MID,WOL,4.5,0.008593655
2021-22,22,680,Chauke,MID,SOU,4.5,0.003397352
2021-22,22,599,J White,MID,NEW,4.4,0.003387372
2021-22,22,654,Leonard,MID,BHA,4.5,0.079806648
2021-22,22,576,McCarron,MID,LEE,4.5,0.019138608
2021-22,22,543,Banks,MID,CRY,4.5,0.039283721
2021-22,22,34,Sanson,MID,AVL,5.0,1.419684022
2021-22,22,97,Bidstrup,MID,BRE,4.4,0.037151728
2021-22,22,82,Dasilva,MID,BRE,5.3,0.0
2021-22,22,625,K Gordon,MID,LIV,4.5,0.284388871
2021-22,22,12,Elneny,MID,ARS,4.4,0.0
2021-22,22,193,T Roberts,MID,LEE,4.8,0.0
2021-22,22,541,Rak-Sakyi,MID,CRY,4.4,0.076452707
2021-22,22,378,Gosling,MID,WAT,4.7,0.123333487
2021-22,22,332,Walcott,MID,SOU,5.8,0.0
2021-22,22,403,Louza,MID,WAT,5.2,0.0
2021-22,22,497,Philogene-Bidace,MID,AVL,5.0,0.167013438
2021-22,22,157,Riedewald,MID,CRY,4.7,0.080958788
2021-22,22,538,Caicedo,MID,BHA,4.5,1.195756708
2021-22,22,624,Bate,MID,LEE,4.5,0.205742562
2021-22,22,297,Hendrick,MID,NEW,4.8,0.285247476
2021-22,22,276,Lingard,MID,MUN,6.8,1.337592416
2021-22,22,79,Fosu,MID,BRE,5.1,0.0
2021-22,22,347,Smallbone,MID,SOU,4.5,0.0
2021-22,22,664,Patino,MID,ARS,4.5,0.757781089
2021-22,22,102,D Stephens,MID,BUR,4.4,0.07977535
2021-22,22,176,T Davies,MID,EVE,4.8,0.0
2021-22,22,306,Hayden,MID,NEW,4.5,0.0
2021-22,22,487,Bryan Gil,MID,TOT,5.7,0.34006988
2021-22,22,73,Alzate,MID,BHA,4.8,1.715183658
2021-22,22,620,Morton,MID,LIV,4.5,0.694449956
2021-22,22,504,Gbamin,MID,EVE,4.4,0.115468402
2021-22,22,214,Choudhury,MID,LEI,4.4,1.496541528
2021-22,22,528,Tzolis,MID,NOR,4.8,1.370240172
2021-22,22,366,Winks,MID,TOT,4.4,0.564319206
2021-22,22,375,Ndombele,MID,TOT,5.7,0.687748851
2021-22,22,309,S Longstaff,MID,NEW,4.5,0.845617454
2021-22,22,464,Olise,MID,CRY,5.4,1.80799567
2021-22,22,85,Ghoddos,MID,BRE,5.3,1.055095285
2021-22,22,453,Fernandinho,MID,MCI,4.8,0.413020125
2021-22,22,172,Gomes,MID,EVE,4.9,1.10278839
2021-22,22,679,Kayembe,MID,WAT,5.0,0.233279177
2021-22,22,197,Shackleton,MID,LEE,4.4,0.0
2021-22,22,526,Chukwuemeka,MID,AVL,4.5,1.104679118
2021-22,22,163,Delph,MID,EVE,4.3,0.216629091
2021-22,22,349,I Diallo,MID,SOU,4.5,1.426644777
2021-22,22,479,Onyeka,MID,BRE,4.9,0.0
2021-22,22,357,Kane,FWD,TOT,12.2,6.017558978
2021-22,22,40,Watkins,FWD,AVL,7.7,3.888036708
2021-22,22,579,Ronaldo,FWD,MUN,12.5,6.955180854
2021-22,22,189,Bamford,FWD,LEE,7.7,3.320893722
2021-22,22,177,Calvert-Lewin,FWD,EVE,7.9,4.509263575
2021-22,22,337,Ings,FWD,AVL,7.7,3.796298783
2021-22,22,468,King,FWD,WAT,5.8,5.097683945
2021-22,22,413,Antonio,FWD,WHU,7.9,4.654392278
2021-22,22,109,Wood,FWD,NEW,6.7,4.717418641
2021-22,22,63,Maupay,FWD,BHA,6.5,6.333409517
2021-22,22,430,Jimenez,FWD,WOL,7.4,4.071213541
2021-22,22,228,Firmino,FWD,LIV,8.7,4.31092242
2021-22,22,78,Toney,FWD,BRE,6.6,5.814915157
2021-22,22,450,Dennis,FWD,WAT,6.1,4.284493415
2021-22,22,263,Jesus,FWD,MCI,8.6,3.111373674
2021-22,22,529,Lukaku,FWD,CHE,11.5,5.836236971
2021-22,22,307,Saint-Maximin,FWD,NEW,6.6,3.918704714
2021-22,22,345,Adams,FWD,SOU,6.8,2.906568316
2021-22,22,180,Richarlison,FWD,EVE,7.4,2.795089588
2021-22,22,525,A Armstrong,FWD,SOU,5.8,2.853678024
2021-22,22,315,Pukki,FWD,NOR,5.8,3.552894316
2021-22,22,187,Rodrigo,FWD,LEE,6.2,1.999393368
2021-22,22,6,Lacazette,FWD,ARS,8.4,1.385402925
2021-22,22,455,Daka,FWD,LEI,7.1,3.498503098
2021-22,22,586,Edouard,FWD,CRY,6.4,3.144182421
2021-22,22,404,Joao Pedro,FWD,WAT,5.4,3.397517831
2021-22,22,310,Joelinton,FWD,NEW,5.8,2.744390264
2021-22,22,472,Cucho,FWD,WAT,5.0,3.402300502
2021-22,22,213,Iheanacho,FWD,LEI,6.9,0.0
2021-22,22,149,Benteke,FWD,CRY,6.2,2.814973702
2021-22,22,111,Vydra,FWD,BUR,5.2,1.537144244
2021-22,22,134,Werner,FWD,CHE,8.6,2.684982465
2021-22,22,447,Welbeck,FWD,BHA,5.9,2.595826951
2021-22,22,153,Ayew,FWD,CRY,5.8,0.0
2021-22,22,4,Aubameyang,FWD,ARS,9.6,0.0
2021-22,22,269,Cavani,FWD,MUN,8.4,3.363845366
2021-22,22,105,A Barnes,FWD,BUR,5.2,0.0
2021-22,22,104,Jay Rodriguez,FWD,BUR,5.2,1.339650274
2021-22,22,583,Hwang,FWD,WOL,5.4,0.0
2021-22,22,296,Wilson,FWD,NEW,7.3,0.0
2021-22,22,516,Sargent,FWD,NOR,5.4,2.417502644
2021-22,22,518,Broja,FWD,SOU,5.3,1.217506349
2021-22,22,20,Nketiah,FWD,ARS,5.4,0.934665606
2021-22,22,205,Vardy,FWD,LEI,10.4,0.0
2021-22,22,159,Mateta,FWD,CRY,5.2,1.668150308
2021-22,22,235,Origi,FWD,LIV,4.8,0.117423419
2021-22,22,591,Rondon,FWD,EVE,6.0,1.441223615
2021-22,22,278,Martial,FWD,MUN,7.6,0.511003735
2021-22,22,445,F Silva,FWD,WOL,5.6,0.568900242
2021-22,22,636,A Diallo,FWD,MUN,5.0,0.010362378
2021-22,22,533,Richardson,FWD,BUR,4.5,0.000883018
2021-22,22,655,E Ferguson,FWD,BHA,4.5,0.007301084
2021-22,22,602,Simms,FWD,EVE,4.5,0.003874184
2021-22,22,649,Dickson-Peters,FWD,NOR,4.5,0.003933087
2021-22,22,640,Young-Coombes,FWD,BRE,4.5,0.006905936
2021-22,22,520,Scarlett,FWD,TOT,4.5,0.010445753
2021-22,22,663,Kayky,FWD,MCI,5.0,0.00340911
2021-22,22,622,Tosun,FWD,EVE,5.0,0.013687364
2021-22,22,395,Fletcher,FWD,WAT,4.9,0.031560485
2021-22,22,550,S Greenwood,FWD,LEE,4.5,0.0
2021-22,22,607,Dobbin,FWD,EVE,4.5,0.010029853
2021-22,22,519,S Long,FWD,SOU,5.4,0.042183833
2021-22,22,542,Street,FWD,CRY,4.5,0.037636581
2021-22,22,577,Gelhardt,FWD,LEE,4.6,0.0
2021-22,22,568,Archer,FWD,AVL,4.5,0.036190096
2021-22,22,300,Gayle,FWD,NEW,5.2,0.205500074
2021-22,22,88,Forss,FWD,BRE,5.3,0.633285586
2021-22,22,329,Idah,FWD,NOR,4.9,0.919003536
2021-22,23,112,Pope,GK,BUR,5.4,6.532385852
2021-22,23,353,Lloris,GK,TOT,5.4,3.243679271
2021-22,23,30,Martinez,GK,AVL,5.5,3.799646355
2021-22,23,231,Alisson,GK,LIV,6.0,4.047897527
2021-22,23,257,Ederson,GK,MCI,6.1,4.022615365
2021-22,23,69,R Sanchez,GK,BHA,4.6,3.419530582
2021-22,23,475,Sa,GK,WOL,5.2,3.80990375
2021-22,23,295,Dubravka,GK,NEW,4.4,2.954250431
2021-22,23,559,Ramsdale,GK,ARS,5.1,3.850182718
2021-22,23,146,Guaita,GK,CRY,4.6,2.539375461
2021-22,23,170,Pickford,GK,EVE,4.9,3.389797587
2021-22,23,199,Meslier,GK,LEE,4.8,3.485818018
2021-22,23,270,de Gea,GK,MUN,5.2,3.397169028
2021-22,23,376,Foster,GK,WAT,4.1,5.124930276
2021-22,23,408,Fabianski,GK,WHU,5.0,2.793269057
2021-22,23,200,Schmeichel,GK,LEI,4.8,3.427569202
2021-22,23,673,Lossl,GK,BRE,4.5,3.421911494
2021-22,23,334,McCarthy,GK,SOU,4.4,0.0
2021-22,23,143,E Mendy,GK,CHE,6.1,0.0
2021-22,23,333,Forster,GK,SOU,4.4,2.773488466
2021-22,23,314,Krul,GK,NOR,4.5,0.0
2021-22,23,129,Kepa,GK,CHE,4.7,3.687847399
2021-22,23,389,Bachmann,GK,WAT,4.3,1.390930533
2021-22,23,448,Gunn,GK,NOR,4.0,2.79753025
2021-22,23,80,Raya,GK,BRE,4.3,0.0
2021-22,23,280,D Henderson,GK,MUN,4.7,0.261163378
2021-22,23,156,Butland,GK,CRY,4.4,0.262947441
2021-22,23,489,Areola,GK,WHU,4.7,0.148322307
2021-22,23,556,A Fernandez,GK,BRE,4.5,0.233441085
2021-22,23,242,Kelleher,GK,LIV,4.3,0.091780548
2021-22,23,260,Steffen,GK,MCI,4.4,0.077602729
2021-22,23,480,Hennessey,GK,BUR,4.5,0.150697375
2021-22,23,1,Leno,GK,ARS,4.5,0.09518103
2021-22,23,294,Darlow,GK,NEW,4.5,0.077260881
2021-22,23,486,Gollini,GK,TOT,4.3,0.060679274
2021-22,23,28,Steer,GK,AVL,3.9,0.062389933
2021-22,23,452,Ruddy,GK,WOL,4.3,0.071177329
2021-22,23,54,Steele,GK,BHA,4.0,0.019847648
2021-22,23,490,Klaesson,GK,LEE,4.4,0.068309315
2021-22,23,481,Begovic,GK,EVE,4.0,0.057776065
2021-22,23,476,Scherpen,GK,BHA,4.5,0.020681575
2021-22,23,204,D Ward,GK,LEI,4.0,0.063042713
2021-22,23,606,Bettinelli,GK,CHE,4.0,0.076775593
2021-22,23,593,Carson,GK,MCI,3.9,0.008338506
2021-22,23,114,Norris,GK,BUR,4.4,0.012202235
2021-22,23,596,Sinisalo,GK,AVL,4.0,0.006809544
2021-22,23,513,Woodman,GK,NEW,4.3,0.006267089
2021-22,23,561,Matthews,GK,CRY,4.0,0.005826402
2021-22,23,509,Heaton,GK,MUN,3.9,0.006949117
2021-22,23,650,Marschall,GK,AVL,4.0,0.00604927
2021-22,23,313,McGovern,GK,NOR,3.9,0.058712219
2021-22,23,619,Cox,GK,BRE,4.0,0.021995723
2021-22,23,574,Elliot,GK,WAT,4.0,0.012564529
2021-22,23,407,Randolph,GK,WHU,4.3,0.00518431
2021-22,23,571,Lonergan,GK,EVE,4.0,0.006533894
2021-22,23,532,Hein,GK,ARS,4.0,0.003526126
2021-22,23,572,Okonkwo,GK,ARS,3.9,0.003522112
2021-22,23,656,Pitaluga,GK,LIV,4.0,0.003084169
2021-22,23,573,Jakupovic,GK,LEI,4.0,0.006842137
2021-22,23,223,Adrian,GK,LIV,4.3,0.000808825
2021-22,23,514,Gillespie,GK,NEW,4.0,0.000622952
2021-22,23,615,Slicker,GK,MCI,4.0,0.000744136
2021-22,23,616,Tyrer,GK,EVE,4.0,0.000598848
2021-22,23,642,Angelini,GK,WAT,4.0,0.001135158
2021-22,23,688,McGill,GK,BHA,4.0,0.003722383
2021-22,23,641,Caballero,GK,SOU,4.4,0.045363521
2021-22,23,659,Austin,GK,TOT,4.0,0.003657138
2021-22,23,691,Olsen,GK,AVL,4.0,0.003948013
2021-22,23,637,H Lewis,GK,SOU,3.9,0.004726362
2021-22,23,621,Storer,GK,WOL,4.0,0.004002972
2021-22,23,611,Moulden,GK,WOL,4.0,0.003999513
2021-22,23,666,McCracken,GK,NOR,4.0,0.005817038
2021-22,23,237,Trent,DEF,LIV,8.4,5.170293987
2021-22,23,256,Cancelo,DEF,MCI,7.1,4.73479666
2021-22,23,234,Robertson,DEF,LIV,7.0,4.344300209
2021-22,23,229,van Dijk,DEF,LIV,6.6,4.020658446
2021-22,23,168,Digne,DEF,AVL,5.0,3.207344795
2021-22,23,262,Dias,DEF,MCI,6.3,3.54649831
2021-22,23,370,Reguilon,DEF,TOT,5.4,2.350379255
2021-22,23,259,Laporte,DEF,MCI,5.7,3.370890874
2021-22,23,44,Cash,DEF,AVL,5.1,3.004407156
2021-22,23,45,Konsa,DEF,AVL,4.9,1.978973765
2021-22,23,584,Cucurella,DEF,BHA,5.1,2.922918045
2021-22,23,38,Mings,DEF,AVL,5.0,3.004162808
2021-22,23,98,Tarkowski,DEF,BUR,4.9,5.307493536
2021-22,23,59,Dunk,DEF,BHA,4.8,1.587513015
2021-22,23,249,Walker,DEF,MCI,5.4,3.384968717
2021-22,23,437,Semedo,DEF,WOL,4.8,3.455253371
2021-22,23,588,Emerson R,DEF,TOT,5.0,2.023292754
2021-22,23,16,Tierney,DEF,ARS,5.0,3.717896007
2021-22,23,106,Mee,DEF,BUR,4.8,4.93449404
2021-22,23,110,Lowton,DEF,BUR,4.4,4.861707531
2021-22,23,364,Ben T Davies,DEF,TOT,4.5,2.302627784
2021-22,23,678,Trippier,DEF,NEW,5.0,2.183351007
2021-22,23,224,Matip,DEF,LIV,4.9,1.222055172
2021-22,23,23,Gabriel,DEF,ARS,5.3,3.538909446
2021-22,23,113,Taylor,DEF,BUR,4.4,4.571813359
2021-22,23,382,Femenia,DEF,WAT,4.3,5.616732296
2021-22,23,61,Webster,DEF,BHA,4.4,2.579973673
2021-22,23,122,Alonso,DEF,CHE,5.7,4.189583889
2021-22,23,62,Veltman,DEF,BHA,4.2,2.587591248
2021-22,23,429,Coady,DEF,WOL,4.7,3.160900836
2021-22,23,411,A Cresswell,DEF,WHU,5.3,2.429772675
2021-22,23,590,Tomiyasu,DEF,ARS,4.7,3.359511094
2021-22,23,169,Keane,DEF,EVE,4.9,3.195605474
2021-22,23,361,Dier,DEF,TOT,4.6,0.0
2021-22,23,343,Bednarek,DEF,SOU,4.4,1.820512684
2021-22,23,67,B White,DEF,ARS,4.5,3.266730284
2021-22,23,162,Mitchell,DEF,CRY,4.5,1.840531593
2021-22,23,555,Varane,DEF,MUN,5.5,3.179280981
2021-22,23,367,D Sanchez,DEF,TOT,4.6,2.430966056
2021-22,23,676,Kamara,DEF,WAT,4.5,5.600737429
2021-22,23,299,Lascelles,DEF,NEW,4.4,2.328023544
2021-22,23,127,Rudiger,DEF,CHE,6.2,3.776763321
2021-22,23,477,Guehi,DEF,CRY,4.5,1.772283339
2021-22,23,488,Andersen,DEF,CRY,4.5,1.764774271
2021-22,23,470,Ait-Nouri,DEF,WOL,4.3,3.244102785
2021-22,23,91,Pinnock,DEF,BRE,4.5,3.586677021
2021-22,23,491,Livramento,DEF,SOU,4.3,0.0
2021-22,23,431,Saiss,DEF,WOL,5.0,0.0
2021-22,23,414,Dawson,DEF,WHU,4.9,2.227798929
2021-22,23,252,Stones,DEF,MCI,5.2,1.801846717
2021-22,23,275,Shaw,DEF,MUN,5.0,1.797665687
2021-22,23,150,Kouyate,DEF,CRY,4.5,0.0
2021-22,23,119,Azpilicueta,DEF,CHE,5.7,3.625393214
2021-22,23,185,Ayling,DEF,LEE,4.3,3.26640557
2021-22,23,179,Godfrey,DEF,EVE,4.8,2.830712158
2021-22,23,76,Jansson,DEF,BRE,4.6,3.50451564
2021-22,23,396,Sierralta,DEF,WAT,4.3,5.330933311
2021-22,23,83,Henry,DEF,BRE,4.5,3.284495512
2021-22,23,273,Maguire,DEF,MUN,5.4,2.562231298
2021-22,23,342,Walker-Peters,DEF,SOU,4.8,1.75796136
2021-22,23,288,Wan-Bissaka,DEF,MUN,5.1,1.701532337
2021-22,23,494,Romero,DEF,TOT,4.8,0.397899068
2021-22,23,474,J Ward,DEF,CRY,4.5,1.61123347
2021-22,23,305,Schar,DEF,NEW,4.3,2.141099591
2021-22,23,351,Salisu,DEF,SOU,4.5,1.556918317
2021-22,23,71,Lamptey,DEF,BHA,4.5,2.086876848
2021-22,23,121,T Silva,DEF,CHE,5.6,3.228015747
2021-22,23,264,Zinchenko,DEF,MCI,5.3,1.206866741
2021-22,23,128,Zouma,DEF,WHU,5.4,0.805140628
2021-22,23,439,Kilman,DEF,WOL,4.5,2.863136476
2021-22,23,360,Doherty,DEF,TOT,4.7,1.142614073
2021-22,23,675,Mykolenko,DEF,EVE,5.0,1.774899603
2021-22,23,428,Boly,DEF,WOL,4.9,0.0
2021-22,23,175,Mina,DEF,EVE,4.9,1.91829852
2021-22,23,243,Konate,DEF,LIV,5.1,2.515772234
2021-22,23,190,Llorente,DEF,LEE,4.5,2.984038231
2021-22,23,379,Cathcart,DEF,WAT,4.3,4.775454967
2021-22,23,483,Ajer,DEF,BRE,4.4,3.043772483
2021-22,23,418,Coufal,DEF,WHU,4.7,1.325313996
2021-22,23,133,Christensen,DEF,CHE,4.6,1.858878649
2021-22,23,165,Coleman,DEF,EVE,4.9,2.199561507
2021-22,23,142,R James,DEF,CHE,6.2,0.175628747
2021-22,23,527,T Chalobah,DEF,CHE,4.7,1.336235823
2021-22,23,311,J Lewis,DEF,NEW,4.2,1.169788873
2021-22,23,217,Soyuncu,DEF,LEI,4.9,3.176246455
2021-22,23,198,Struijk,DEF,LEE,4.3,2.905801323
2021-22,23,279,Telles,DEF,MUN,5.0,1.712444756
2021-22,23,510,Dalot,DEF,MUN,4.5,1.640062013
2021-22,23,387,Troost-Ekong,DEF,WAT,4.3,0.0
2021-22,23,677,Samir,DEF,WAT,4.5,2.252528419
2021-22,23,36,Hause,DEF,AVL,4.4,1.602827751
2021-22,23,425,Johnson,DEF,WHU,4.0,1.209301494
2021-22,23,463,Firpo,DEF,LEE,4.7,0.0
2021-22,23,432,Marcal,DEF,WOL,4.2,1.827770567
2021-22,23,58,Burn,DEF,BHA,4.4,1.724875399
2021-22,23,292,Ritchie,DEF,NEW,4.9,0.992336351
2021-22,23,56,Duffy,DEF,BHA,4.1,0.698943312
2021-22,23,14,Holding,DEF,ARS,4.1,1.902163477
2021-22,23,293,Clark,DEF,NEW,4.4,0.366503672
2021-22,23,460,Perraud,DEF,SOU,4.8,1.84869705
2021-22,23,194,Koch,DEF,LEE,4.3,2.898205506
2021-22,23,219,L Thomas,DEF,LEI,4.3,2.898461426
2021-22,23,218,Justin,DEF,LEI,4.9,1.787401153
2021-22,23,371,Tanganga,DEF,TOT,4.2,1.608066975
2021-22,23,424,Diop,DEF,WHU,4.3,1.417039817
2021-22,23,319,Hanley,DEF,NOR,4.4,2.404012277
2021-22,23,258,Ake,DEF,MCI,4.7,0.3790757
2021-22,23,245,Tsimikas,DEF,LIV,3.7,0.708317453
2021-22,23,340,Vestergaard,DEF,LEI,4.7,2.774959127
2021-22,23,284,Lindelof,DEF,MUN,4.8,0.939702209
2021-22,23,594,Zanka,DEF,BRE,4.5,0.812950025
2021-22,23,674,Patterson,DEF,EVE,4.5,0.537768476
2021-22,23,207,R Pereira,DEF,LEI,5.2,0.0
2021-22,23,326,Aarons,DEF,NOR,4.3,2.100985665
2021-22,23,39,Targett,DEF,AVL,4.7,0.307415013
2021-22,23,465,F Fernandez,DEF,NEW,4.3,0.0
2021-22,23,220,Fofana,DEF,LEI,4.3,0.074585472
2021-22,23,208,Amartey,DEF,LEI,3.8,1.405917951
2021-22,23,301,Dummett,DEF,NEW,4.5,0.462246919
2021-22,23,390,Masina,DEF,WAT,4.3,0.0
2021-22,23,147,Tomkins,DEF,CRY,4.3,0.096337357
2021-22,23,466,Tavares,DEF,ARS,4.3,0.446371219
2021-22,23,178,Holgate,DEF,EVE,4.2,0.741674334
2021-22,23,338,J Stephens,DEF,SOU,4.4,0.260746373
2021-22,23,302,Manquillo,DEF,NEW,3.9,0.529925926
2021-22,23,52,Young,DEF,AVL,4.7,0.649266615
2021-22,23,585,C Roberts,DEF,BUR,4.5,0.458797451
2021-22,23,501,M Sarr,DEF,CHE,4.9,0.712505011
2021-22,23,184,Cooper,DEF,LEE,4.4,0.0
2021-22,23,368,Sessegnon,DEF,TOT,4.3,0.150812194
2021-22,23,473,Bertrand,DEF,LEI,4.6,0.074394741
2021-22,23,100,Pieters,DEF,BUR,4.2,0.46257452
2021-22,23,303,Krafth,DEF,NEW,4.3,0.294806279
2021-22,23,161,N Ferguson,DEF,CRY,4.5,0.172077528
2021-22,23,238,Gomez,DEF,LIV,4.7,0.161595239
2021-22,23,456,Gibson,DEF,NOR,4.4,1.874970659
2021-22,23,374,Rodon,DEF,TOT,4.3,0.113495913
2021-22,23,5,Cedric,DEF,ARS,4.2,0.149957617
2021-22,23,451,Collins,DEF,BUR,4.3,0.398800525
2021-22,23,10,Chambers,DEF,ARS,4.2,0.356962479
2021-22,23,246,N Williams,DEF,LIV,3.8,0.117891236
2021-22,23,90,M Sorensen,DEF,BRE,4.3,0.301777231
2021-22,23,286,Bailly,DEF,MUN,4.9,0.0
2021-22,23,89,Roerslev,DEF,BRE,4.3,0.466489431
2021-22,23,493,Clyne,DEF,CRY,4.3,0.163809046
2021-22,23,433,Jonny,DEF,WOL,4.5,0.0
2021-22,23,201,Evans,DEF,LEI,5.4,0.0
2021-22,23,608,Hjelde,DEF,LEE,4.0,0.619854397
2021-22,23,443,Hoever,DEF,WOL,3.9,0.505143846
2021-22,23,87,Goode,DEF,BRE,3.9,0.0
2021-22,23,632,P Jones,DEF,MUN,4.5,0.073056694
2021-22,23,685,Toti,DEF,WOL,4.5,0.347872231
2021-22,23,384,Kabasele,DEF,WAT,4.3,0.136907263
2021-22,23,400,Ngakia,DEF,WAT,4.3,1.52595972
2021-22,23,498,Thompson,DEF,BRE,4.4,0.074080401
2021-22,23,99,Bardsley,DEF,BUR,3.9,0.230632452
2021-22,23,151,Kelly,DEF,CRY,3.9,0.066857565
2021-22,23,158,Jach,DEF,CRY,4.3,0.066934748
2021-22,23,446,Mosquera,DEF,WOL,4.4,0.0
2021-22,23,209,Castagne,DEF,LEI,5.3,0.0
2021-22,23,667,Small,DEF,SOU,4.0,0.020026688
2021-22,23,560,H Roberts,DEF,BHA,4.0,0.010885184
2021-22,23,417,Masuaku,DEF,WHU,4.4,0.504394977
2021-22,23,544,Branthwaite,DEF,EVE,4.0,0.006238583
2021-22,23,569,Stevens,DEF,BRE,3.9,0.01309145
2021-22,23,610,Bogarde,DEF,AVL,4.0,0.005095018
2021-22,23,565,Dodgson,DEF,BUR,3.9,0.004793503
2021-22,23,103,K Long,DEF,BUR,4.0,0.093775945
2021-22,23,534,B Thomas,DEF,BUR,3.9,0.004368006
2021-22,23,241,N Phillips,DEF,LIV,4.2,0.0
2021-22,23,409,Ogbonna,DEF,WHU,4.9,0.0
2021-22,23,135,Chilwell,DEF,CHE,5.6,0.0
2021-22,23,554,J Baptiste,DEF,WHU,4.0,0.00407594
2021-22,23,690,Kenedy,DEF,CHE,4.5,0.004804897
2021-22,23,598,Omole,DEF,TOT,3.9,0.003827152
2021-22,23,502,Kenny,DEF,EVE,4.4,0.005080373
2021-22,23,635,Bueno,DEF,WOL,4.0,0.028720879
2021-22,23,626,Bradley,DEF,LIV,4.0,0.004337204
2021-22,23,247,R Williams,DEF,LIV,4.4,0.004333771
2021-22,23,540,Hannam,DEF,CRY,3.9,0.003446728
2021-22,23,627,Beck,DEF,LIV,4.0,0.004278466
2021-22,23,604,Wilson-Esbrand,DEF,MCI,3.9,0.00447579
2021-22,23,660,Quansah,DEF,LIV,4.0,0.004223489
2021-22,23,603,Mbete,DEF,MCI,3.9,0.004445276
2021-22,23,651,Egan-Riley,DEF,MCI,4.0,0.004376944
2021-22,23,653,Turns,DEF,BHA,4.0,0.003567787
2021-22,23,684,K Hayden,DEF,AVL,4.0,0.00386821
2021-22,23,563,C Cresswell,DEF,LEE,4.0,0.0
2021-22,23,670,Feeney,DEF,AVL,4.0,0.003724066
2021-22,23,617,Ashby,DEF,WHU,4.0,0.003415002
2021-22,23,686,Sanderson,DEF,WOL,4.0,0.003937403
2021-22,23,623,Welch,DEF,EVE,4.0,0.003795811
2021-22,23,682,Ekwah,DEF,WHU,4.0,0.00321996
2021-22,23,644,Alese,DEF,WHU,4.0,0.003211351
2021-22,23,639,Daley-Campbell,DEF,LEI,4.0,0.003848019
2021-22,23,665,Simeu,DEF,SOU,4.0,0.002977369
2021-22,23,645,B Nelson,DEF,LEI,4.0,0.003787991
2021-22,23,633,Morris,DEF,WAT,4.0,0.007241727
2021-22,23,657,Moore,DEF,LEE,4.0,0.003639232
2021-22,23,327,J Sorensen,DEF,NOR,4.3,0.056008913
2021-22,23,643,Tomkinson,DEF,NOR,4.0,0.003518898
2021-22,23,546,Valery,DEF,SOU,3.9,0.040599048
2021-22,23,321,Byram,DEF,NOR,4.4,0.112259029
2021-22,23,331,Omobamidele,DEF,NOR,3.9,0.0
2021-22,23,415,Fredericks,DEF,WHU,4.4,0.076940897
2021-22,23,324,Zimmermann,DEF,NOR,4.4,0.0
2021-22,23,580,Kabak,DEF,NOR,4.4,2.050838479
2021-22,23,618,Nkoulou,DEF,WAT,4.4,0.0
2021-22,23,567,Lyanco,DEF,SOU,4.4,0.372946427
2021-22,23,290,B Williams,DEF,NOR,3.9,1.999801747
2021-22,23,457,Giannoulis,DEF,NOR,4.4,1.011957216
2021-22,23,233,Salah,MID,LIV,12.7,0.0
2021-22,23,681,Coutinho,MID,AVL,7.0,3.76677067
2021-22,23,240,Jota,MID,LIV,8.4,5.020380435
2021-22,23,277,Fernandes,MID,MUN,11.7,4.642571042
2021-22,23,230,Mane,MID,LIV,11.7,0.0
2021-22,23,420,Bowen,MID,WHU,6.8,3.832067874
2021-22,23,251,De Bruyne,MID,MCI,12.1,4.017044196
2021-22,23,265,Foden,MID,MCI,8.0,3.997295653
2021-22,23,196,Raphinha,MID,LEE,6.6,4.310854863
2021-22,23,255,Sterling,MID,MCI,10.7,3.950078988
2021-22,23,359,Son,MID,TOT,10.6,0.0
2021-22,23,341,Ward-Prowse,MID,SOU,6.3,2.821420188
2021-22,23,118,McNeil,MID,BUR,5.7,5.131316615
2021-22,23,64,Trossard,MID,BHA,6.1,3.266187369
2021-22,23,107,Westwood,MID,BUR,5.3,5.351140308
2021-22,23,154,Zaha,MID,CRY,6.8,0.0
2021-22,23,578,Cornet,MID,BUR,5.9,2.441967455
2021-22,23,43,Buendia,MID,AVL,6.2,3.017746739
2021-22,23,35,McGinn,MID,AVL,5.8,2.821159225
2021-22,23,212,Maddison,MID,LEI,7.0,3.858229709
2021-22,23,422,Soucek,MID,WHU,5.7,2.457925941
2021-22,23,22,Saka,MID,ARS,6.4,3.691352458
2021-22,23,261,B Silva,MID,MCI,7.5,3.06350617
2021-22,23,267,Harrison,MID,LEE,5.5,3.368535772
2021-22,23,210,Tielemans,MID,LEI,6.4,3.757048768
2021-22,23,33,Grealish,MID,MCI,7.6,3.039036973
2021-22,23,108,Gudmundsson,MID,BUR,5.4,4.471177611
2021-22,23,254,Mahrez,MID,MCI,8.6,2.064005281
2021-22,23,250,Gundogan,MID,MCI,7.3,2.849496026
2021-22,23,188,Dallas,MID,LEE,5.0,3.153550826
2021-22,23,365,Hojbjerg,MID,TOT,5.0,2.299593759
2021-22,23,354,Sissoko,MID,WAT,4.4,4.929554424
2021-22,23,291,Shelvey,MID,NEW,5.3,2.61819108
2021-22,23,173,Doucoure,MID,EVE,5.4,3.102577106
2021-22,23,362,Lucas Moura,MID,TOT,6.6,2.598708086
2021-22,23,144,Gallagher,MID,CRY,6.1,2.857480825
2021-22,23,289,M Greenwood,MID,MUN,7.2,3.325569125
2021-22,23,484,D Gray,MID,EVE,5.5,3.267293847
2021-22,23,495,Kucka,MID,WAT,5.5,4.736308143
2021-22,23,96,Mbeumo,MID,BRE,5.3,3.166709609
2021-22,23,26,Martinelli,MID,ARS,5.4,3.523859155
2021-22,23,558,Odegaard,MID,ARS,5.6,3.068781488
2021-22,23,115,Brownhill,MID,BUR,4.3,3.884078345
2021-22,23,51,J Ramsey,MID,AVL,4.6,2.469267094
2021-22,23,222,J Henderson,MID,LIV,5.1,2.922961704
2021-22,23,215,H Barnes,MID,LEI,6.5,3.241572075
2021-22,23,138,Mount,MID,CHE,7.7,3.602552733
2021-22,23,485,Sancho,MID,MUN,8.9,3.049658155
2021-22,23,19,Willock,MID,NEW,5.7,2.361841547
2021-22,23,281,Rashford,MID,MUN,9.4,2.903073758
2021-22,23,482,Townsend,MID,EVE,5.2,2.746015529
2021-22,23,423,Fornals,MID,WHU,6.0,2.727405709
2021-22,23,419,Benrahma,MID,WHU,5.9,1.780755203
2021-22,23,399,I Sarr,MID,WAT,5.8,0.0
2021-22,23,50,Douglas Luiz,MID,AVL,4.5,2.323745663
2021-22,23,435,A Traore,MID,WOL,5.6,2.683838899
2021-22,23,266,Rodri,MID,MCI,5.5,2.604440893
2021-22,23,285,McTominay,MID,MUN,5.4,2.448595884
2021-22,23,336,Redmond,MID,SOU,5.9,1.820476792
2021-22,23,436,Neves,MID,WOL,5.3,2.322629658
2021-22,23,232,Fabinho,MID,LIV,5.4,2.430320056
2021-22,23,426,Moutinho,MID,WOL,4.9,2.594069502
2021-22,23,21,Smith Rowe,MID,ARS,5.9,2.842249382
2021-22,23,81,Canos,MID,BRE,5.5,2.697488188
2021-22,23,304,Murphy,MID,NEW,4.7,2.184850084
2021-22,23,421,Rice,MID,WHU,5.1,2.411347147
2021-22,23,381,Cleverley,MID,WAT,4.8,3.862247907
2021-22,23,75,Moder,MID,BHA,4.5,2.460393025
2021-22,23,335,Romeu,MID,SOU,4.5,1.997843244
2021-22,23,287,D James,MID,LEE,6.0,2.795838816
2021-22,23,587,Lookman,MID,LEI,6.0,2.803145055
2021-22,23,274,Fred,MID,MUN,4.9,2.651950373
2021-22,23,416,Lanzini,MID,WHU,5.8,2.44205174
2021-22,23,70,Bissouma,MID,BHA,4.4,0.0
2021-22,23,517,Elyounoussi,MID,SOU,5.4,1.18895698
2021-22,23,461,Trincao,MID,WOL,5.6,2.436878025
2021-22,23,77,Norgaard,MID,BRE,5.0,2.571949837
2021-22,23,53,Lallana,MID,BHA,5.3,0.946754595
2021-22,23,148,McArthur,MID,CRY,4.3,0.249433515
2021-22,23,449,Rashica,MID,NOR,5.2,2.822665492
2021-22,23,15,Partey,MID,ARS,5.0,0.0
2021-22,23,363,Alli,MID,TOT,6.2,1.417673852
2021-22,23,298,Fraser,MID,NEW,5.3,1.960822158
2021-22,23,7,Xhaka,MID,ARS,4.8,0.0
2021-22,23,373,Skipp,MID,TOT,4.4,1.780043948
2021-22,23,225,Thiago,MID,LIV,5.3,0.110897666
2021-22,23,339,S Armstrong,MID,SOU,5.8,1.50662204
2021-22,23,171,Allan,MID,EVE,4.4,1.981234876
2021-22,23,272,Pogba,MID,MUN,7.4,0.0
2021-22,23,123,Jorginho,MID,CHE,5.9,2.626667792
2021-22,23,524,Wissa,MID,BRE,5.9,2.187509753
2021-22,23,318,McLean,MID,NOR,4.9,2.203374856
2021-22,23,141,Havertz,MID,CHE,7.8,2.368332537
2021-22,23,438,Podence,MID,WOL,5.5,2.297420896
2021-22,23,239,Keita,MID,LIV,5.0,0.0
2021-22,23,74,Mac Allister,MID,BHA,5.3,2.428622948
2021-22,23,55,Gross,MID,BHA,5.7,2.587383418
2021-22,23,101,Cork,MID,BUR,4.4,2.509293723
2021-22,23,84,Janelt,MID,BRE,5.0,2.392721493
2021-22,23,186,Klich,MID,LEE,5.2,2.584350123
2021-22,23,462,Mwepu,MID,BHA,5.9,0.0
2021-22,23,372,Lo Celso,MID,TOT,5.9,1.131708942
2021-22,23,386,W Hughes,MID,CRY,4.7,2.201066808
2021-22,23,137,Pulisic,MID,CHE,7.9,1.892163419
2021-22,23,86,Jensen,MID,BRE,4.9,2.239193941
2021-22,23,216,Ndidi,MID,LEI,4.8,0.0
2021-22,23,125,Kovacic,MID,CHE,5.0,1.906297741
2021-22,23,60,March,MID,BHA,5.3,1.693970205
2021-22,23,308,Almiron,MID,NEW,5.1,1.535710024
2021-22,23,145,Gilmour,MID,NOR,4.3,0.0
2021-22,23,193,T Roberts,MID,LEE,4.8,2.1199329
2021-22,23,434,Dendoncker,MID,WOL,4.7,2.341361335
2021-22,23,191,K Phillips,MID,LEE,4.7,0.0
2021-22,23,575,Lennon,MID,BUR,4.9,2.843676963
2021-22,23,557,Tufan,MID,WAT,5.0,2.294921146
2021-22,23,369,Bergwijn,MID,TOT,5.9,0.912650857
2021-22,23,130,Kante,MID,CHE,4.9,1.965521025
2021-22,23,131,Ziyech,MID,CHE,7.3,1.153256686
2021-22,23,17,Pepe,MID,ARS,6.9,0.0
2021-22,23,221,Milner,MID,LIV,4.9,2.580235143
2021-22,23,160,Eze,MID,CRY,5.9,1.476246639
2021-22,23,236,Minamino,MID,LIV,5.1,2.31329636
2021-22,23,152,Milivojevic,MID,CRY,5.3,1.795669524
2021-22,23,174,Iwobi,MID,EVE,5.8,0.0
2021-22,23,366,Winks,MID,TOT,4.4,1.339577977
2021-22,23,471,Lees-Melou,MID,NOR,4.8,1.987803392
2021-22,23,140,Hudson-Odoi,MID,CHE,5.3,1.20023938
2021-22,23,478,Lokonga,MID,ARS,4.8,2.28265123
2021-22,23,441,Neto,MID,WOL,6.4,0.0
2021-22,23,346,Tella,MID,SOU,4.7,1.332501171
2021-22,23,227,Chamberlain,MID,LIV,5.8,1.95397297
2021-22,23,581,Normann,MID,NOR,4.5,0.0
2021-22,23,505,Dewsbury-Hall,MID,LEI,4.4,1.939661342
2021-22,23,506,Elliott,MID,LIV,5.3,0.0
2021-22,23,211,Perez,MID,LEI,5.7,1.025029498
2021-22,23,155,Schlupp,MID,CRY,5.4,1.862811875
2021-22,23,42,El Ghazi,MID,EVE,5.6,0.0
2021-22,23,202,Albrighton,MID,LEI,5.2,2.057219689
2021-22,23,244,C Jones,MID,LIV,5.0,1.192027704
2021-22,23,350,Djenepo,MID,SOU,5.2,0.043893588
2021-22,23,582,Vlasic,MID,WHU,5.7,1.097044637
2021-22,23,391,Sema,MID,WAT,5.2,2.237616723
2021-22,23,325,Cantwell,MID,NOR,5.3,1.865230366
2021-22,23,503,A Gordon,MID,EVE,4.5,1.434496445
2021-22,23,492,Bailey,MID,AVL,6.3,0.0
2021-22,23,37,Trezeguet,MID,AVL,5.4,0.0
2021-22,23,32,B Traore,MID,AVL,5.7,0.0
2021-22,23,664,Patino,MID,ARS,4.5,0.709733746
2021-22,23,459,Mata,MID,MUN,4.7,0.11764225
2021-22,23,132,Loftus-Cheek,MID,CHE,5.4,0.216368407
2021-22,23,328,Placheta,MID,NOR,4.7,1.080293594
2021-22,23,551,Summerville,MID,LEE,4.5,0.197800801
2021-22,23,124,Barkley,MID,CHE,5.2,0.202844383
2021-22,23,203,N Mendy,MID,LEI,4.3,0.0
2021-22,23,467,Etebo,MID,WAT,4.3,0.0
2021-22,23,405,Baah,MID,WAT,4.3,0.0
2021-22,23,41,Nakamba,MID,AVL,4.4,0.0
2021-22,23,612,Sarmiento,MID,BHA,4.5,0.0
2021-22,23,629,McAtee,MID,MCI,4.4,0.002197182
2021-22,23,512,Elanga,MID,MUN,4.8,0.653903282
2021-22,23,597,Markanday,MID,TOT,4.5,0.003888924
2021-22,23,507,Palmer,MID,MCI,4.5,0.024393013
2021-22,23,671,Hall,MID,CHE,4.5,0.003795192
2021-22,23,672,Vale,MID,CHE,4.5,0.003769684
2021-22,23,631,Jenkins,MID,LEE,4.5,0.001687855
2021-22,23,628,Haygarth,MID,BRE,4.5,0.001802398
2021-22,23,630,Onyango,MID,EVE,4.5,0.001745889
2021-22,23,609,Anderson,MID,NEW,4.5,0.003769361
2021-22,23,654,Leonard,MID,BHA,4.5,0.003646147
2021-22,23,687,Giles,MID,WOL,4.5,0.004034965
2021-22,23,613,Whitaker,MID,EVE,4.5,0.004139657
2021-22,23,689,Chiquinho,MID,WOL,5.5,0.004006938
2021-22,23,668,H White,MID,TOT,4.4,0.003581014
2021-22,23,508,Edozie,MID,MCI,4.8,0.003987337
2021-22,23,634,Perkins,MID,WHU,4.5,0.003833453
2021-22,23,648,Rowe,MID,NOR,4.4,0.004255177
2021-22,23,662,Peart-Harris,MID,BRE,4.5,0.003982213
2021-22,23,652,Oko-Flex,MID,WHU,4.4,0.003733768
2021-22,23,661,Jordao,MID,WOL,4.5,0.003786317
2021-22,23,543,Banks,MID,CRY,4.5,0.003528934
2021-22,23,647,McAteer,MID,LEI,4.5,0.003622414
2021-22,23,547,Cundle,MID,WOL,4.5,0.008726217
2021-22,23,601,McKinstry,MID,LEE,4.3,0.003490062
2021-22,23,605,Lavia,MID,MCI,4.4,0.003632211
2021-22,23,669,Conteh,MID,WAT,4.5,0.006922978
2021-22,23,658,Archie Gray,MID,LEE,4.5,0.003360004
2021-22,23,614,Maghoma,MID,BRE,4.5,0.003676637
2021-22,23,646,Brunt,MID,LEI,4.5,0.003382828
2021-22,23,638,Iroegbunam,MID,AVL,4.5,0.003424557
2021-22,23,680,Chauke,MID,SOU,4.5,0.003320665
2021-22,23,548,Campbell,MID,WOL,4.5,0.008444726
2021-22,23,683,Gibbs,MID,NOR,4.5,0.00359955
2021-22,23,600,Kenneh,MID,LEE,4.4,0.003196128
2021-22,23,599,J White,MID,NEW,4.4,0.003021126
2021-22,23,576,McCarron,MID,LEE,4.5,0.020874817
2021-22,23,97,Bidstrup,MID,BRE,4.4,0.020721017
2021-22,23,82,Dasilva,MID,BRE,5.3,0.0
2021-22,23,497,Philogene-Bidace,MID,AVL,5.0,0.019589228
2021-22,23,541,Rak-Sakyi,MID,CRY,4.4,0.072132024
2021-22,23,323,Dowell,MID,NOR,5.1,1.199634613
2021-22,23,332,Walcott,MID,SOU,5.8,0.199817019
2021-22,23,12,Elneny,MID,ARS,4.4,0.0
2021-22,23,625,K Gordon,MID,LIV,4.5,0.762511429
2021-22,23,378,Gosling,MID,WAT,4.7,0.180697766
2021-22,23,157,Riedewald,MID,CRY,4.7,0.076344449
2021-22,23,317,Rupp,MID,NOR,4.4,0.0
2021-22,23,297,Hendrick,MID,NEW,4.8,0.079367875
2021-22,23,347,Smallbone,MID,SOU,4.5,0.0
2021-22,23,403,Louza,MID,WAT,5.2,0.0
2021-22,23,592,Saul,MID,CHE,4.9,0.787748018
2021-22,23,79,Fosu,MID,BRE,5.1,0.0
2021-22,23,458,Soumare,MID,LEI,4.8,1.871319945
2021-22,23,102,D Stephens,MID,BUR,4.4,0.144117605
2021-22,23,620,Morton,MID,LIV,4.5,0.402001759
2021-22,23,624,Bate,MID,LEE,4.5,0.914562668
2021-22,23,412,Yarmolenko,MID,WHU,5.1,0.755902664
2021-22,23,276,Lingard,MID,MUN,6.7,0.740390123
2021-22,23,176,T Davies,MID,EVE,4.8,0.0
2021-22,23,589,Kral,MID,WHU,4.4,0.354024926
2021-22,23,487,Bryan Gil,MID,TOT,5.7,0.23804481
2021-22,23,406,Noble,MID,WHU,4.4,0.210363213
2021-22,23,504,Gbamin,MID,EVE,4.4,0.116568555
2021-22,23,34,Sanson,MID,AVL,5.0,0.293919097
2021-22,23,375,Ndombele,MID,TOT,5.7,0.487505636
2021-22,23,679,Kayembe,MID,WAT,5.0,1.074860546
2021-22,23,538,Caicedo,MID,BHA,4.5,0.67452374
2021-22,23,306,I Hayden,MID,NEW,4.5,0.0
2021-22,23,552,Forshaw,MID,LEE,4.5,0.0
2021-22,23,453,Fernandinho,MID,MCI,4.8,0.448290128
2021-22,23,464,Olise,MID,CRY,5.4,1.72052032
2021-22,23,271,Matic,MID,MUN,4.4,0.911905874
2021-22,23,309,S Longstaff,MID,NEW,4.5,0.394193191
2021-22,23,282,van de Beek,MID,MUN,5.7,0.686608615
2021-22,23,349,I Diallo,MID,SOU,4.5,0.870471004
2021-22,23,526,Chukwuemeka,MID,AVL,4.5,0.23000081
2021-22,23,528,Tzolis,MID,NOR,4.8,0.926294668
2021-22,23,172,Gomes,MID,EVE,4.9,1.339824612
2021-22,23,85,Ghoddos,MID,BRE,5.3,0.662302849
2021-22,23,214,Choudhury,MID,LEI,4.4,1.045856643
2021-22,23,73,Alzate,MID,BHA,4.8,0.291487264
2021-22,23,499,S Baptiste,MID,BRE,4.9,1.546419961
2021-22,23,163,Delph,MID,EVE,4.3,0.22109983
2021-22,23,197,Shackleton,MID,LEE,4.4,0.07291534
2021-22,23,479,Onyeka,MID,BRE,4.9,0.0
2021-22,23,357,Kane,FWD,TOT,12.3,3.665073357
2021-22,23,468,King,FWD,WAT,5.8,8.267599435
2021-22,23,40,Watkins,FWD,AVL,7.7,3.737381462
2021-22,23,177,Calvert-Lewin,FWD,EVE,7.9,4.403167435
2021-22,23,579,Ronaldo,FWD,MUN,12.5,4.743665602
2021-22,23,413,Antonio,FWD,WHU,7.9,3.818868524
2021-22,23,109,Wood,FWD,NEW,6.7,3.579453484
2021-22,23,430,Jimenez,FWD,WOL,7.4,3.754199832
2021-22,23,450,Dennis,FWD,WAT,6.1,6.560995901
2021-22,23,228,Firmino,FWD,LIV,8.7,3.945883758
2021-22,23,337,Ings,FWD,AVL,7.7,3.229787846
2021-22,23,345,Adams,FWD,SOU,6.8,2.630713989
2021-22,23,525,A Armstrong,FWD,SOU,5.8,2.627273859
2021-22,23,263,Jesus,FWD,MCI,8.6,3.377350784
2021-22,23,307,Saint-Maximin,FWD,NEW,6.7,3.04794488
2021-22,23,63,Maupay,FWD,BHA,6.5,3.186430991
2021-22,23,180,Richarlison,FWD,EVE,7.4,3.395139431
2021-22,23,6,Lacazette,FWD,ARS,8.4,4.288127539
2021-22,23,189,Bamford,FWD,LEE,7.7,0.0
2021-22,23,78,Toney,FWD,BRE,6.6,3.52352392
2021-22,23,315,Pukki,FWD,NOR,5.8,3.711226641
2021-22,23,404,Joao Pedro,FWD,WAT,5.4,5.144064184
2021-22,23,529,Lukaku,FWD,CHE,11.5,3.872965044
2021-22,23,455,Daka,FWD,LEI,7.1,3.638882863
2021-22,23,586,Edouard,FWD,CRY,6.4,3.157095524
2021-22,23,472,Cucho,FWD,WAT,5.0,4.976906542
2021-22,23,213,Iheanacho,FWD,LEI,6.9,0.0
2021-22,23,187,Rodrigo,FWD,LEE,6.2,3.169088414
2021-22,23,111,Vydra,FWD,BUR,5.2,4.412123368
2021-22,23,310,Joelinton,FWD,NEW,5.8,2.229987343
2021-22,23,104,Jay Rodriguez,FWD,BUR,5.2,4.382087715
2021-22,23,4,Aubameyang,FWD,ARS,9.6,0.0
2021-22,23,153,Ayew,FWD,CRY,5.8,0.0
2021-22,23,105,A Barnes,FWD,BUR,5.2,1.5173992
2021-22,23,149,Benteke,FWD,CRY,6.2,2.831567911
2021-22,23,447,Welbeck,FWD,BHA,5.9,1.774668561
2021-22,23,583,Hwang,FWD,WOL,5.4,0.0
2021-22,23,134,Werner,FWD,CHE,8.6,1.729322604
2021-22,23,296,Wilson,FWD,NEW,7.2,0.0
2021-22,23,269,Cavani,FWD,MUN,8.4,1.120366163
2021-22,23,518,Broja,FWD,SOU,5.2,1.453469321
2021-22,23,516,Sargent,FWD,NOR,5.4,2.485460459
2021-22,23,205,Vardy,FWD,LEI,10.3,0.0
2021-22,23,20,Nketiah,FWD,ARS,5.4,1.487314146
2021-22,23,159,Mateta,FWD,CRY,5.2,1.651653063
2021-22,23,235,Origi,FWD,LIV,4.8,0.025333433
2021-22,23,278,Martial,FWD,MUN,7.6,0.028361286
2021-22,23,636,A Diallo,FWD,MUN,5.0,0.005735782
2021-22,23,591,Rondon,FWD,EVE,6.0,0.717968445
2021-22,23,533,Richardson,FWD,BUR,4.4,0.003378616
2021-22,23,655,E Ferguson,FWD,BHA,4.5,0.003621973
2021-22,23,602,Simms,FWD,EVE,4.5,0.003910566
2021-22,23,649,Dickson-Peters,FWD,NOR,4.5,0.004124311
2021-22,23,568,Archer,FWD,AVL,4.5,0.003610813
2021-22,23,663,Kayky,FWD,MCI,5.0,0.003655954
2021-22,23,640,Young-Coombes,FWD,BRE,4.5,0.003692686
2021-22,23,395,Fletcher,FWD,WAT,4.8,0.046310447
2021-22,23,520,Scarlett,FWD,TOT,4.5,0.00743205
2021-22,23,622,Tosun,FWD,EVE,5.0,0.013488282
2021-22,23,445,F Silva,FWD,WOL,5.6,0.547876091
2021-22,23,519,S Long,FWD,SOU,5.4,0.040802734
2021-22,23,542,Street,FWD,CRY,4.5,0.03687663
2021-22,23,607,Dobbin,FWD,EVE,4.5,0.010215303
2021-22,23,550,S Greenwood,FWD,LEE,4.5,0.0
2021-22,23,577,Gelhardt,FWD,LEE,4.6,0.373921047
2021-22,23,300,Gayle,FWD,NEW,5.2,0.169443788
2021-22,23,88,Forss,FWD,BRE,5.3,0.357836462
2021-22,23,329,Idah,FWD,NOR,4.9,1.219297211
2021-22,24,112,Pope,GK,BUR,5.4,3.457317379
2021-22,24,559,Ramsdale,GK,ARS,5.1,4.141854807
2021-22,24,231,Alisson,GK,LIV,6.0,3.999355965
2021-22,24,353,Lloris,GK,TOT,5.4,4.164124835
2021-22,24,270,de Gea,GK,MUN,5.2,3.842402376
2021-22,24,257,Ederson,GK,MCI,6.1,4.502089648
2021-22,24,69,R Sanchez,GK,BHA,4.6,0.0
2021-22,24,146,Guaita,GK,CRY,4.6,3.761751245
2021-22,24,475,Sa,GK,WOL,5.2,3.664510401
2021-22,24,30,Martinez,GK,AVL,5.5,4.069601179
2021-22,24,199,Meslier,GK,LEE,4.8,3.209774906
2021-22,24,295,Dubravka,GK,NEW,4.4,3.667468866
2021-22,24,170,Pickford,GK,EVE,4.9,3.498244364
2021-22,24,143,E Mendy,GK,CHE,6.1,0.0
2021-22,24,408,Fabianski,GK,WHU,5.0,3.074848919
2021-22,24,80,Raya,GK,BRE,4.3,2.34550973
2021-22,24,333,Forster,GK,SOU,4.4,2.777905164
2021-22,24,200,Schmeichel,GK,LEI,4.8,2.249537936
2021-22,24,376,Foster,GK,WAT,4.1,1.957301426
2021-22,24,448,Gunn,GK,NOR,4.0,3.305719733
2021-22,24,314,Krul,GK,NOR,4.5,0.170836382
2021-22,24,334,McCarthy,GK,SOU,4.4,0.0
2021-22,24,389,Bachmann,GK,WAT,4.3,0.56176991
2021-22,24,489,Areola,GK,WHU,4.7,0.827537435
2021-22,24,156,Butland,GK,CRY,4.4,0.207557369
2021-22,24,280,D Henderson,GK,MUN,4.7,0.143475749
2021-22,24,242,Kelleher,GK,LIV,4.3,0.0907484
2021-22,24,129,Kepa,GK,CHE,4.7,0.0
2021-22,24,1,Leno,GK,ARS,4.5,0.101299438
2021-22,24,486,Gollini,GK,TOT,4.3,0.075888339
2021-22,24,294,Darlow,GK,NEW,4.5,0.093899785
2021-22,24,480,Hennessey,GK,BUR,4.5,0.077991833
2021-22,24,691,Olsen,GK,AVL,4.0,0.077212374
2021-22,24,260,Steffen,GK,MCI,4.4,0.009670064
2021-22,24,452,Ruddy,GK,WOL,4.3,0.069532111
2021-22,24,54,Steele,GK,BHA,4.0,0.0
2021-22,24,673,Lossl,GK,BRE,4.5,0.074726005
2021-22,24,490,Klaesson,GK,LEE,4.3,0.062691418
2021-22,24,593,Carson,GK,MCI,3.9,0.084296408
2021-22,24,481,Begovic,GK,EVE,4.0,0.06003668
2021-22,24,204,D Ward,GK,LEI,4.0,0.038892309
2021-22,24,556,A Fernandez,GK,BRE,4.5,0.012352092
2021-22,24,509,Heaton,GK,MUN,3.9,0.007548781
2021-22,24,561,Matthews,GK,CRY,3.9,0.007847464
2021-22,24,114,Norris,GK,BUR,4.4,0.006365696
2021-22,24,606,Bettinelli,GK,CHE,4.0,0.0
2021-22,24,407,Randolph,GK,WHU,4.3,0.006980671
2021-22,24,571,Lonergan,GK,EVE,4.0,0.006781911
2021-22,24,572,Okonkwo,GK,ARS,3.9,0.003712364
2021-22,24,596,Sinisalo,GK,AVL,4.0,0.006601295
2021-22,24,650,Marschall,GK,AVL,4.0,0.006568033
2021-22,24,641,Caballero,GK,SOU,4.3,0.058848504
2021-22,24,656,Pitaluga,GK,LIV,4.0,0.00304436
2021-22,24,619,Cox,GK,BRE,4.0,0.002310601
2021-22,24,574,Elliot,GK,WAT,4.0,0.00474348
2021-22,24,573,Jakupovic,GK,LEI,4.0,0.004086405
2021-22,24,223,Adrian,GK,LIV,4.3,0.000797976
2021-22,24,615,Slicker,GK,MCI,4.0,0.000832605
2021-22,24,514,Gillespie,GK,NEW,4.0,0.000753576
2021-22,24,616,Tyrer,GK,EVE,4.0,0.000621092
2021-22,24,642,Angelini,GK,WAT,4.0,0.000423034
2021-22,24,313,McGovern,GK,NOR,3.9,0.006072826
2021-22,24,688,McGill,GK,BHA,4.0,0.0
2021-22,24,637,H Lewis,GK,SOU,3.9,0.00491786
2021-22,24,659,Austin,GK,TOT,4.0,0.004441272
2021-22,24,621,Storer,GK,WOL,4.0,0.003979072
2021-22,24,666,McCracken,GK,NOR,4.0,0.003968851
2021-22,24,237,Trent,DEF,LIV,8.5,5.678269997
2021-22,24,234,Robertson,DEF,LIV,7.1,4.559332678
2021-22,24,256,Cancelo,DEF,MCI,7.1,5.563019981
2021-22,24,229,van Dijk,DEF,LIV,6.7,4.101217243
2021-22,24,16,Tierney,DEF,ARS,5.1,3.686002897
2021-22,24,370,Reguilon,DEF,TOT,5.4,4.000973604
2021-22,24,262,Dias,DEF,MCI,6.3,4.321237667
2021-22,24,259,Laporte,DEF,MCI,5.8,3.681784009
2021-22,24,555,Varane,DEF,MUN,5.5,3.458827605
2021-22,24,23,Gabriel,DEF,ARS,5.3,3.476209394
2021-22,24,59,Dunk,DEF,BHA,4.8,0.0
2021-22,24,584,Cucurella,DEF,BHA,5.1,0.0
2021-22,24,224,Matip,DEF,LIV,4.9,2.933645606
2021-22,24,590,Tomiyasu,DEF,ARS,4.7,3.151531889
2021-22,24,67,B White,DEF,ARS,4.5,3.291757618
2021-22,24,168,Digne,DEF,AVL,5.1,3.828450416
2021-22,24,249,Walker,DEF,MCI,5.4,3.763656984
2021-22,24,437,Semedo,DEF,WOL,4.8,3.445833878
2021-22,24,588,Emerson R,DEF,TOT,4.9,3.420764059
2021-22,24,162,Mitchell,DEF,CRY,4.5,3.426651921
2021-22,24,431,Saiss,DEF,WOL,5.0,3.403353068
2021-22,24,361,Dier,DEF,TOT,4.6,2.467943333
2021-22,24,273,Maguire,DEF,MUN,5.4,3.328494404
2021-22,24,411,A Cresswell,DEF,WHU,5.3,4.192284339
2021-22,24,488,Andersen,DEF,CRY,4.5,3.354289145
2021-22,24,477,Guehi,DEF,CRY,4.5,3.340657435
2021-22,24,98,Tarkowski,DEF,BUR,4.9,2.72573146
2021-22,24,364,Ben T Davies,DEF,TOT,4.5,3.645018862
2021-22,24,45,Konsa,DEF,AVL,4.9,3.59389006
2021-22,24,169,Keane,DEF,EVE,4.9,3.338658722
2021-22,24,61,Webster,DEF,BHA,4.4,0.0
2021-22,24,62,Veltman,DEF,BHA,4.2,0.0
2021-22,24,678,Trippier,DEF,NEW,5.0,3.518048289
2021-22,24,127,Rudiger,DEF,CHE,6.2,0.0
2021-22,24,44,Cash,DEF,AVL,5.1,3.507674157
2021-22,24,38,Mings,DEF,AVL,5.0,3.50296315
2021-22,24,429,Coady,DEF,WOL,4.7,3.087097091
2021-22,24,150,Kouyate,DEF,CRY,4.5,2.996367179
2021-22,24,142,R James,DEF,CHE,6.2,0.0
2021-22,24,106,Mee,DEF,BUR,4.8,2.516461206
2021-22,24,110,Lowton,DEF,BUR,4.4,2.476400945
2021-22,24,494,Romero,DEF,TOT,4.8,2.861994096
2021-22,24,414,Dawson,DEF,WHU,4.9,3.682813118
2021-22,24,128,Zouma,DEF,WHU,5.4,3.671924868
2021-22,24,474,J Ward,DEF,CRY,4.5,2.87065319
2021-22,24,113,Taylor,DEF,BUR,4.4,1.572007323
2021-22,24,39,Targett,DEF,NEW,4.7,3.509222007
2021-22,24,675,Mykolenko,DEF,EVE,5.0,2.9348725
2021-22,24,367,D Sanchez,DEF,TOT,4.6,2.9142683
2021-22,24,510,Dalot,DEF,MUN,4.5,2.190083248
2021-22,24,279,Telles,DEF,MUN,5.0,1.288126998
2021-22,24,165,Coleman,DEF,EVE,4.9,2.796722841
2021-22,24,252,Stones,DEF,MCI,5.2,2.250102598
2021-22,24,470,Ait-Nouri,DEF,WOL,4.3,2.881168833
2021-22,24,121,T Silva,DEF,CHE,5.6,0.0
2021-22,24,122,Alonso,DEF,CHE,5.7,0.0
2021-22,24,275,Shaw,DEF,MUN,5.0,2.571844175
2021-22,24,119,Azpilicueta,DEF,CHE,5.6,0.0
2021-22,24,91,Pinnock,DEF,BRE,4.5,1.415027085
2021-22,24,343,Bednarek,DEF,SOU,4.4,2.0650652
2021-22,24,185,Ayling,DEF,LEE,4.3,2.47720504
2021-22,24,439,Kilman,DEF,WOL,4.5,2.810649677
2021-22,24,133,Christensen,DEF,CHE,4.6,0.0
2021-22,24,305,Schar,DEF,NEW,4.3,3.070753317
2021-22,24,71,Lamptey,DEF,BHA,4.5,0.0
2021-22,24,264,Zinchenko,DEF,MCI,5.3,1.677088762
2021-22,24,299,Lascelles,DEF,NEW,4.4,3.059055923
2021-22,24,418,Coufal,DEF,WHU,4.7,2.70991882
2021-22,24,83,Henry,DEF,BRE,4.5,1.277305859
2021-22,24,175,Mina,DEF,EVE,4.9,2.252400966
2021-22,24,288,Wan-Bissaka,DEF,MUN,5.1,1.500029893
2021-22,24,76,Jansson,DEF,BRE,4.5,1.201770481
2021-22,24,178,Holgate,DEF,EVE,4.2,2.204435994
2021-22,24,382,Femenia,DEF,WAT,4.3,1.848956792
2021-22,24,491,Livramento,DEF,SOU,4.3,1.5103415
2021-22,24,360,Doherty,DEF,TOT,4.7,1.34000022
2021-22,24,342,Walker-Peters,DEF,SOU,4.8,1.808489417
2021-22,24,243,Konate,DEF,LIV,5.1,1.060974887
2021-22,24,351,Salisu,DEF,SOU,4.5,1.786294666
2021-22,24,56,Duffy,DEF,BHA,4.1,0.0
2021-22,24,676,Kamara,DEF,WAT,4.5,1.442590416
2021-22,24,190,Llorente,DEF,LEE,4.5,2.13939717
2021-22,24,425,Johnson,DEF,WHU,4.0,2.103826402
2021-22,24,58,Burn,DEF,NEW,4.4,0.323490467
2021-22,24,483,Ajer,DEF,BRE,4.4,1.053681706
2021-22,24,218,Justin,DEF,LEI,4.9,0.9370176
2021-22,24,217,Soyuncu,DEF,LEI,4.9,1.082981267
2021-22,24,207,R Pereira,DEF,LEI,5.2,0.864731666
2021-22,24,194,Koch,DEF,LEE,4.3,2.162431349
2021-22,24,428,Boly,DEF,WOL,4.9,0.0
2021-22,24,501,M Sarr,DEF,CHE,4.9,0.0
2021-22,24,198,Struijk,DEF,LEE,4.3,2.055020864
2021-22,24,387,Troost-Ekong,DEF,WAT,4.3,1.492736674
2021-22,24,245,Tsimikas,DEF,LIV,3.7,0.602130143
2021-22,24,433,Jonny,DEF,WOL,4.5,0.27458022
2021-22,24,396,Sierralta,DEF,WAT,4.3,0.982556663
2021-22,24,527,T Chalobah,DEF,CHE,4.7,0.0
2021-22,24,258,Ake,DEF,MCI,4.7,0.551590458
2021-22,24,460,Perraud,DEF,SOU,4.8,0.901121619
2021-22,24,36,Hause,DEF,AVL,4.4,0.611099662
2021-22,24,220,Fofana,DEF,LEI,4.3,0.0
2021-22,24,284,Lindelof,DEF,MUN,4.8,0.253090559
2021-22,24,594,Zanka,DEF,BRE,4.5,0.239388154
2021-22,24,14,Holding,DEF,ARS,4.1,0.596571605
2021-22,24,303,Krafth,DEF,NEW,4.3,0.49125558
2021-22,24,463,Firpo,DEF,LEE,4.7,0.0
2021-22,24,424,Diop,DEF,WHU,4.3,0.709033827
2021-22,24,677,Samir,DEF,WAT,4.5,0.767855204
2021-22,24,674,Patterson,DEF,EVE,4.5,0.580520842
2021-22,24,302,Manquillo,DEF,NEW,3.9,0.465886626
2021-22,24,219,L Thomas,DEF,LEI,4.3,0.728455749
2021-22,24,319,Hanley,DEF,NOR,4.4,2.808096692
2021-22,24,326,Aarons,DEF,NOR,4.3,2.949003037
2021-22,24,390,Masina,DEF,WAT,4.3,0.672006879
2021-22,24,466,Tavares,DEF,ARS,4.3,0.361478073
2021-22,24,100,Pieters,DEF,BUR,4.2,1.162367263
2021-22,24,456,Gibson,DEF,NOR,4.4,2.860597761
2021-22,24,161,N Ferguson,DEF,CRY,4.5,0.315754898
2021-22,24,432,Marcal,DEF,WOL,4.2,0.30143283
2021-22,24,371,Tanganga,DEF,TOT,4.2,0.170673891
2021-22,24,179,Godfrey,DEF,EVE,4.8,0.0
2021-22,24,585,C Roberts,DEF,BUR,4.5,0.535496032
2021-22,24,368,Sessegnon,DEF,TOT,4.3,0.308809217
2021-22,24,208,Amartey,DEF,LEI,3.8,0.903993149
2021-22,24,238,Gomez,DEF,LIV,4.7,0.159119917
2021-22,24,5,Cedric,DEF,ARS,4.2,0.149480696
2021-22,24,286,Bailly,DEF,MUN,4.9,0.077914757
2021-22,24,340,Vestergaard,DEF,LEI,4.7,0.432501571
2021-22,24,493,Clyne,DEF,CRY,4.3,0.22778018
2021-22,24,379,Cathcart,DEF,WAT,4.3,0.453411303
2021-22,24,184,Cooper,DEF,LEE,4.4,0.0
2021-22,24,52,Young,DEF,AVL,4.7,0.599233411
2021-22,24,632,P Jones,DEF,MUN,4.5,0.2505239
2021-22,24,301,Dummett,DEF,NEW,4.5,0.0
2021-22,24,151,Kelly,DEF,CRY,3.9,0.124754683
2021-22,24,158,Jach,DEF,CRY,4.3,0.123857489
2021-22,24,147,Tomkins,DEF,CRY,4.3,0.0
2021-22,24,451,Collins,DEF,BUR,4.3,0.225445292
2021-22,24,374,Rodon,DEF,TOT,4.2,0.089045979
2021-22,24,90,M Sorensen,DEF,BRE,4.3,0.121569946
2021-22,24,465,F Fernandez,DEF,NEW,4.3,0.0
2021-22,24,685,Toti,DEF,WOL,4.5,0.409265553
2021-22,24,338,J Stephens,DEF,SOU,4.4,0.246485419
2021-22,24,89,Roerslev,DEF,BRE,4.3,0.221601479
2021-22,24,209,Castagne,DEF,LEI,5.3,0.0
2021-22,24,446,Mosquera,DEF,WOL,4.4,0.0
2021-22,24,247,R Williams,DEF,LIV,4.4,0.038559643
2021-22,24,10,Chambers,DEF,AVL,4.2,0.044951379
2021-22,24,99,Bardsley,DEF,BUR,3.9,0.055128115
2021-22,24,384,Kabasele,DEF,WAT,4.3,0.046073698
2021-22,24,560,H Roberts,DEF,BHA,4.0,0.0
2021-22,24,417,Masuaku,DEF,WHU,4.4,0.0
2021-22,24,567,Lyanco,DEF,SOU,4.4,0.076846416
2021-22,24,667,Small,DEF,SOU,4.0,0.022426032
2021-22,24,443,Hoever,DEF,WOL,3.9,0.108302822
2021-22,24,544,Branthwaite,DEF,EVE,4.0,0.006464907
2021-22,24,292,Ritchie,DEF,NEW,4.9,0.0
2021-22,24,103,K Long,DEF,BUR,4.0,0.01018027
2021-22,24,690,Kenedy,DEF,CHE,4.5,0.0
2021-22,24,554,J Baptiste,DEF,WHU,4.0,0.006262386
2021-22,24,610,Bogarde,DEF,AVL,4.0,0.005623027
2021-22,24,565,Dodgson,DEF,BUR,3.9,0.002500236
2021-22,24,569,Stevens,DEF,BRE,3.9,0.005990357
2021-22,24,598,Omole,DEF,TOT,3.9,0.005494249
2021-22,24,201,Evans,DEF,LEI,5.4,0.0
2021-22,24,473,Bertrand,DEF,LEI,4.6,0.0
2021-22,24,618,Nkoulou,DEF,WAT,4.4,0.0
2021-22,24,409,Ogbonna,DEF,WHU,4.9,0.0
2021-22,24,135,Chilwell,DEF,CHE,5.6,0.0
2021-22,24,534,B Thomas,DEF,BUR,3.9,0.002275959
2021-22,24,502,Kenny,DEF,EVE,4.4,0.005181713
2021-22,24,540,Hannam,DEF,CRY,3.9,0.005210047
2021-22,24,626,Bradley,DEF,LIV,4.0,0.004422114
2021-22,24,627,Beck,DEF,LIV,4.0,0.004355099
2021-22,24,660,Quansah,DEF,LIV,4.0,0.004257428
2021-22,24,604,Wilson-Esbrand,DEF,MCI,3.9,0.004956742
2021-22,24,546,Valery,DEF,SOU,3.9,0.003792068
2021-22,24,603,Mbete,DEF,MCI,3.9,0.004914121
2021-22,24,651,Egan-Riley,DEF,MCI,4.0,0.004821689
2021-22,24,653,Turns,DEF,BHA,4.0,0.0
2021-22,24,617,Ashby,DEF,WHU,4.0,0.004569081
2021-22,24,684,K Hayden,DEF,AVL,4.0,0.004211577
2021-22,24,670,Feeney,DEF,AVL,4.0,0.003981212
2021-22,24,682,Ekwah,DEF,WHU,4.0,0.004221076
2021-22,24,644,Alese,DEF,WHU,4.0,0.00420664
2021-22,24,635,Bueno,DEF,WOL,4.0,0.00385266
2021-22,24,623,Welch,DEF,EVE,4.0,0.003902699
2021-22,24,639,Daley-Campbell,DEF,LEI,4.0,0.002568247
2021-22,24,657,Moore,DEF,LEE,4.0,0.003392243
2021-22,24,645,B Nelson,DEF,LEI,4.0,0.002522483
2021-22,24,633,Morris,DEF,WAT,4.0,0.003034468
2021-22,24,643,Tomkinson,DEF,NOR,4.0,0.003916258
2021-22,24,331,Omobamidele,DEF,NOR,3.9,0.069889892
2021-22,24,327,J Sorensen,DEF,NOR,4.3,0.0
2021-22,24,324,Zimmermann,DEF,NOR,4.4,0.031624839
2021-22,24,563,C Cresswell,DEF,LEE,4.0,0.200842342
2021-22,24,415,Fredericks,DEF,WHU,4.4,0.110092456
2021-22,24,608,Hjelde,DEF,LEE,4.0,0.197797916
2021-22,24,580,Kabak,DEF,NOR,4.3,0.677969423
2021-22,24,321,Byram,DEF,NOR,4.4,0.271724597
2021-22,24,457,Giannoulis,DEF,NOR,4.4,0.406915842
2021-22,24,400,Ngakia,DEF,WAT,4.3,0.373097038
2021-22,24,290,B Williams,DEF,NOR,3.9,2.606460913
2021-22,24,233,Salah,MID,LIV,12.7,3.049099359
2021-22,24,359,Son,MID,TOT,10.6,5.484251383
2021-22,24,240,Jota,MID,LIV,8.4,5.767031985
2021-22,24,277,Fernandes,MID,MUN,11.7,4.398524368
2021-22,24,420,Bowen,MID,WHU,6.9,5.584476134
2021-22,24,230,Mane,MID,LIV,11.7,1.151164166
2021-22,24,251,De Bruyne,MID,MCI,12.2,4.805884185
2021-22,24,154,Zaha,MID,CRY,6.8,4.135888051
2021-22,24,196,Raphinha,MID,LEE,6.6,3.301327317
2021-22,24,265,Foden,MID,MCI,8.0,4.672082042
2021-22,24,681,Coutinho,MID,AVL,7.0,4.702709224
2021-22,24,255,Sterling,MID,MCI,10.8,4.506547684
2021-22,24,399,I Sarr,MID,WAT,5.7,1.275962375
2021-22,24,22,Saka,MID,ARS,6.4,3.163100158
2021-22,24,281,Rashford,MID,MUN,9.4,3.780263252
2021-22,24,64,Trossard,MID,BHA,6.1,0.0
2021-22,24,26,Martinelli,MID,ARS,5.4,2.936113689
2021-22,24,578,Cornet,MID,BUR,5.9,2.484468928
2021-22,24,118,McNeil,MID,BUR,5.7,2.92550848
2021-22,24,267,Harrison,MID,LEE,5.5,3.091145192
2021-22,24,485,Sancho,MID,MUN,8.9,2.717443716
2021-22,24,107,Westwood,MID,BUR,5.3,2.884978615
2021-22,24,422,Soucek,MID,WHU,5.7,4.17753276
2021-22,24,254,Mahrez,MID,MCI,8.6,3.797547088
2021-22,24,341,Ward-Prowse,MID,SOU,6.3,3.101929803
2021-22,24,210,Tielemans,MID,LEI,6.4,3.073424844
2021-22,24,558,Odegaard,MID,ARS,5.6,2.789489623
2021-22,24,261,B Silva,MID,MCI,7.5,3.74685033
2021-22,24,33,Grealish,MID,MCI,7.5,3.578686882
2021-22,24,188,Dallas,MID,LEE,4.9,2.879854416
2021-22,24,144,Gallagher,MID,CRY,6.2,3.642246004
2021-22,24,250,Gundogan,MID,MCI,7.2,3.352517539
2021-22,24,212,Maddison,MID,LEI,7.0,2.865829655
2021-22,24,419,Benrahma,MID,WHU,5.9,3.977766595
2021-22,24,21,Smith Rowe,MID,ARS,5.9,2.578876101
2021-22,24,138,Mount,MID,CHE,7.6,0.0
2021-22,24,285,McTominay,MID,MUN,5.4,2.774037882
2021-22,24,365,Hojbjerg,MID,TOT,4.9,3.002917512
2021-22,24,423,Fornals,MID,WHU,6.0,3.89961439
2021-22,24,215,H Barnes,MID,LEI,6.5,2.612349094
2021-22,24,43,Buendia,MID,AVL,6.2,3.599428838
2021-22,24,222,J Henderson,MID,LIV,5.0,3.069540156
2021-22,24,461,Trincao,MID,WOL,5.6,3.113985774
2021-22,24,96,Mbeumo,MID,BRE,5.3,1.983653257
2021-22,24,35,McGinn,MID,AVL,5.8,3.326374362
2021-22,24,484,D Gray,MID,EVE,5.5,2.955691237
2021-22,24,232,Fabinho,MID,LIV,5.4,2.473884205
2021-22,24,115,Brownhill,MID,BUR,4.3,2.375531304
2021-22,24,15,Partey,MID,ARS,5.0,2.33133447
2021-22,24,274,Fred,MID,MUN,4.9,2.552149713
2021-22,24,7,Xhaka,MID,ARS,4.8,2.339885201
2021-22,24,291,Shelvey,MID,NEW,5.3,3.03547507
2021-22,24,436,Neves,MID,WOL,5.3,2.65351553
2021-22,24,426,Moutinho,MID,WOL,4.9,2.577687851
2021-22,24,266,Rodri,MID,MCI,5.5,2.980476084
2021-22,24,438,Podence,MID,WOL,5.5,3.018246887
2021-22,24,287,D James,MID,LEE,6.0,2.49549107
2021-22,24,482,Townsend,MID,EVE,5.2,2.179692922
2021-22,24,362,Lucas Moura,MID,TOT,6.5,2.925199997
2021-22,24,225,Thiago,MID,LIV,5.3,1.715765226
2021-22,24,75,Moder,MID,BHA,4.5,0.0
2021-22,24,421,Rice,MID,WHU,5.1,3.059438663
2021-22,24,53,Lallana,MID,BHA,5.3,0.0
2021-22,24,51,J Ramsey,MID,AVL,4.6,2.912777214
2021-22,24,336,Redmond,MID,SOU,5.9,2.534707085
2021-22,24,81,Canos,MID,BRE,5.5,2.021461062
2021-22,24,123,Jorginho,MID,CHE,5.9,0.0
2021-22,24,70,Bissouma,MID,BHA,4.4,0.0
2021-22,24,587,Lookman,MID,LEI,6.0,2.114794405
2021-22,24,19,Willock,MID,NEW,5.7,2.758235332
2021-22,24,354,Sissoko,MID,WAT,4.4,2.138058153
2021-22,24,141,Havertz,MID,CHE,7.8,0.0
2021-22,24,512,Elanga,MID,MUN,4.8,2.292335066
2021-22,24,148,McArthur,MID,CRY,4.3,0.923180216
2021-22,24,363,Alli,MID,EVE,6.2,1.336109956
2021-22,24,697,Guimaraes,MID,NEW,5.0,1.28678018
2021-22,24,701,Kulusevski,MID,TOT,6.0,1.695454911
2021-22,24,186,Klich,MID,LEE,5.2,2.462978749
2021-22,24,193,T Roberts,MID,LEE,4.8,2.34320061
2021-22,24,702,Bentancur,MID,TOT,5.0,1.975233664
2021-22,24,298,Fraser,MID,NEW,5.3,2.371111984
2021-22,24,50,Douglas Luiz,MID,AVL,4.4,2.629902522
2021-22,24,171,Allan,MID,EVE,4.3,2.29422911
2021-22,24,137,Pulisic,MID,CHE,7.9,0.0
2021-22,24,272,Pogba,MID,MUN,7.4,0.920206891
2021-22,24,125,Kovacic,MID,CHE,5.0,0.0
2021-22,24,77,Norgaard,MID,BRE,5.0,1.929849861
2021-22,24,216,Ndidi,MID,LEI,4.8,2.108342875
2021-22,24,130,Kante,MID,CHE,4.9,0.0
2021-22,24,55,Gross,MID,BHA,5.7,0.0
2021-22,24,239,Keita,MID,LIV,5.0,1.313055935
2021-22,24,318,McLean,MID,NOR,4.9,2.544224299
2021-22,24,84,Janelt,MID,BRE,5.0,1.869216962
2021-22,24,60,March,MID,BHA,5.3,0.0
2021-22,24,441,Neto,MID,WOL,6.4,0.0
2021-22,24,449,Rashica,MID,NOR,5.2,2.383614352
2021-22,24,335,Romeu,MID,SOU,4.5,2.098312328
2021-22,24,173,Doucoure,MID,EVE,5.4,0.0
2021-22,24,17,Pepe,MID,ARS,6.9,0.822298109
2021-22,24,524,Wissa,MID,BRE,5.9,1.594887881
2021-22,24,101,Cork,MID,BUR,4.4,1.32992606
2021-22,24,386,W Hughes,MID,CRY,4.7,2.16937018
2021-22,24,131,Ziyech,MID,CHE,7.3,0.0
2021-22,24,86,Jensen,MID,BRE,4.9,1.691460676
2021-22,24,145,Gilmour,MID,NOR,4.3,2.266714052
2021-22,24,506,Elliott,MID,LIV,5.3,0.756135453
2021-22,24,495,Kucka,MID,WAT,5.5,1.37164149
2021-22,24,575,Lennon,MID,BUR,4.9,1.871768201
2021-22,24,74,Mac Allister,MID,BHA,5.3,0.0
2021-22,24,679,Kayembe,MID,WAT,5.0,1.356782434
2021-22,24,339,S Armstrong,MID,SOU,5.8,1.867069549
2021-22,24,172,Gomes,MID,EVE,4.9,2.232999594
2021-22,24,308,Almiron,MID,NEW,5.1,1.865078103
2021-22,24,373,Skipp,MID,TOT,4.4,0.832624955
2021-22,24,581,Normann,MID,NOR,4.5,2.349021221
2021-22,24,304,Murphy,MID,NEW,4.7,1.895631868
2021-22,24,381,Cleverley,MID,WAT,4.8,1.682827083
2021-22,24,517,Elyounoussi,MID,SOU,5.4,1.245179523
2021-22,24,416,Lanzini,MID,WHU,5.8,0.0
2021-22,24,582,Vlasic,MID,WHU,5.7,1.648735089
2021-22,24,503,A Gordon,MID,EVE,4.5,1.315502518
2021-22,24,160,Eze,MID,CRY,5.9,0.939464616
2021-22,24,346,Tella,MID,SOU,4.7,0.281808283
2021-22,24,434,Dendoncker,MID,WOL,4.7,2.121319069
2021-22,24,505,Dewsbury-Hall,MID,LEI,4.4,1.446132901
2021-22,24,227,Chamberlain,MID,LIV,5.8,2.350802848
2021-22,24,42,El Ghazi,MID,EVE,5.6,0.825048312
2021-22,24,236,Minamino,MID,LIV,5.1,1.744978306
2021-22,24,696,Diaz,MID,LIV,8.0,0.564156029
2021-22,24,140,Hudson-Odoi,MID,CHE,5.3,0.0
2021-22,24,191,K Phillips,MID,LEE,4.7,0.0
2021-22,24,155,Schlupp,MID,CRY,5.4,0.999812642
2021-22,24,152,Milivojevic,MID,CRY,5.3,0.931948755
2021-22,24,108,Gudmundsson,MID,BUR,5.4,0.0
2021-22,24,244,C Jones,MID,LIV,5.0,0.944741271
2021-22,24,32,B Traore,MID,AVL,5.7,1.182077882
2021-22,24,369,Bergwijn,MID,TOT,5.9,0.94743748
2021-22,24,459,Mata,MID,MUN,4.7,0.441309545
2021-22,24,174,Iwobi,MID,EVE,5.8,0.765046381
2021-22,24,699,Eriksen,MID,BRE,5.5,0.0
2021-22,24,211,Perez,MID,LEI,5.7,0.398772809
2021-22,24,478,Lokonga,MID,ARS,4.8,0.884464393
2021-22,24,412,Yarmolenko,MID,WHU,5.1,1.382842454
2021-22,24,462,Mwepu,MID,BHA,5.9,0.0
2021-22,24,221,Milner,MID,LIV,4.9,1.077503044
2021-22,24,328,Placheta,MID,NOR,4.7,0.815172415
2021-22,24,132,Loftus-Cheek,MID,CHE,5.4,0.0
2021-22,24,492,Bailey,MID,AVL,6.3,0.0
2021-22,24,366,Winks,MID,TOT,4.4,0.77677909
2021-22,24,592,Saul,MID,CHE,4.9,0.0
2021-22,24,124,Barkley,MID,CHE,5.2,0.0
2021-22,24,203,N Mendy,MID,LEI,4.3,0.0
2021-22,24,612,Sarmiento,MID,BHA,4.5,0.0
2021-22,24,289,M Greenwood,MID,MUN,7.2,0.0
2021-22,24,692,Hutchinson,MID,ARS,4.5,0.004154006
2021-22,24,629,McAtee,MID,MCI,4.4,0.002422838
2021-22,24,625,K Gordon,MID,LIV,4.5,0.004490155
2021-22,24,671,Hall,MID,CHE,4.5,0.0
2021-22,24,672,Vale,MID,CHE,4.5,0.0
2021-22,24,693,Oulad,MID,ARS,4.5,0.003893946
2021-22,24,631,Jenkins,MID,LEE,4.5,0.001781296
2021-22,24,630,Onyango,MID,EVE,4.5,0.001766415
2021-22,24,628,Haygarth,MID,BRE,4.5,0.001684719
2021-22,24,654,Leonard,MID,BHA,4.5,0.0
2021-22,24,687,Giles,MID,WOL,4.5,0.004142653
2021-22,24,613,Whitaker,MID,EVE,4.5,0.00415655
2021-22,24,609,Anderson,MID,NEW,4.5,0.004304201
2021-22,24,689,Chiquinho,MID,WOL,5.5,0.004143751
2021-22,24,668,H White,MID,TOT,4.4,0.004172581
2021-22,24,620,Morton,MID,LIV,4.5,0.003806407
2021-22,24,508,Edozie,MID,MCI,4.7,0.004277985
2021-22,24,634,Perkins,MID,WHU,4.5,0.004415496
2021-22,24,648,Rowe,MID,NOR,4.4,0.004299802
2021-22,24,652,Oko-Flex,MID,WHU,4.4,0.004280946
2021-22,24,662,Peart-Harris,MID,BRE,4.5,0.003534676
2021-22,24,543,Banks,MID,CRY,4.5,0.003906733
2021-22,24,547,Cundle,MID,WOL,4.5,0.003777541
2021-22,24,541,Rak-Sakyi,MID,CRY,4.4,0.003767559
2021-22,24,601,McKinstry,MID,LEE,4.3,0.003659598
2021-22,24,605,Lavia,MID,MCI,4.4,0.003849616
2021-22,24,548,Campbell,MID,WOL,4.4,0.003674744
2021-22,24,658,Archie Gray,MID,LEE,4.5,0.00355768
2021-22,24,507,Palmer,MID,MCI,4.5,0.024889851
2021-22,24,614,Maghoma,MID,BRE,4.5,0.003389427
2021-22,24,638,Iroegbunam,MID,AVL,4.5,0.003614799
2021-22,24,669,Conteh,MID,WAT,4.5,0.003419206
2021-22,24,683,Gibbs,MID,NOR,4.5,0.003672748
2021-22,24,680,Chauke,MID,SOU,4.5,0.003405607
2021-22,24,600,Kenneh,MID,LEE,4.4,0.003388426
2021-22,24,646,Brunt,MID,LEI,4.5,0.003290601
2021-22,24,471,Lees-Melou,MID,NOR,4.8,0.689994313
2021-22,24,664,Patino,MID,ARS,4.5,0.020362352
2021-22,24,176,T Davies,MID,EVE,4.8,0.0
2021-22,24,576,McCarron,MID,LEE,4.5,0.021360292
2021-22,24,157,Riedewald,MID,CRY,4.7,0.020300279
2021-22,24,37,Trezeguet,MID,AVL,5.4,0.101853293
2021-22,24,41,Nakamba,MID,AVL,4.4,0.0
2021-22,24,12,Elneny,MID,ARS,4.4,0.038454824
2021-22,24,350,Djenepo,MID,SOU,5.2,0.042286115
2021-22,24,551,Summerville,MID,LEE,4.5,0.389207792
2021-22,24,317,Rupp,MID,NOR,4.4,0.784097154
2021-22,24,405,Baah,MID,WAT,4.3,0.018766774
2021-22,24,163,Delph,MID,EVE,4.3,0.0
2021-22,24,276,Lingard,MID,MUN,6.7,0.096533653
2021-22,24,347,Smallbone,MID,SOU,4.5,0.038067995
2021-22,24,309,S Longstaff,MID,NEW,4.4,0.085438185
2021-22,24,82,Dasilva,MID,BRE,5.3,0.337356731
2021-22,24,332,Walcott,MID,SOU,5.8,0.36232322
2021-22,24,102,D Stephens,MID,BUR,4.4,0.079004891
2021-22,24,504,Gbamin,MID,EVE,4.4,0.07885221
2021-22,24,589,Kral,MID,WHU,4.4,0.250185835
2021-22,24,79,Fosu,MID,BRE,5.1,0.0
2021-22,24,406,Noble,MID,WHU,4.4,0.418228177
2021-22,24,271,Matic,MID,MUN,4.3,0.68039724
2021-22,24,464,Olise,MID,CRY,5.4,1.300759909
2021-22,24,458,Soumare,MID,LEI,4.8,0.546131732
2021-22,24,214,Choudhury,MID,LEI,4.4,0.10778332
2021-22,24,323,Dowell,MID,NOR,5.1,0.631441569
2021-22,24,552,Forshaw,MID,LEE,4.5,0.609511541
2021-22,24,34,Sanson,MID,AVL,5.0,0.279430989
2021-22,24,282,van de Beek,MID,EVE,5.7,0.531866651
2021-22,24,526,Chukwuemeka,MID,AVL,4.5,0.219904506
2021-22,24,453,Fernandinho,MID,MCI,4.8,0.491534676
2021-22,24,202,Albrighton,MID,LEI,5.2,0.73616729
2021-22,24,538,Caicedo,MID,BHA,4.5,0.0
2021-22,24,624,Bate,MID,LEE,4.5,0.628731932
2021-22,24,467,Etebo,MID,WAT,4.3,0.037787384
2021-22,24,403,Louza,MID,WAT,5.2,0.620802305
2021-22,24,73,Alzate,MID,BHA,4.8,0.0
2021-22,24,197,Shackleton,MID,LEE,4.4,0.142533097
2021-22,24,391,Sema,MID,WAT,5.2,0.698658602
2021-22,24,85,Ghoddos,MID,BRE,5.3,0.629317309
2021-22,24,698,Kalu,MID,WAT,5.0,0.677972711
2021-22,24,499,S Baptiste,MID,BRE,4.9,0.98630849
2021-22,24,349,I Diallo,MID,SOU,4.5,1.493453256
2021-22,24,528,Tzolis,MID,NOR,4.8,0.960114365
2021-22,24,479,Onyeka,MID,BRE,4.9,1.123397967
2021-22,24,357,Kane,FWD,TOT,12.3,5.487255901
2021-22,24,579,Ronaldo,FWD,MUN,12.5,4.612280972
2021-22,24,177,Calvert-Lewin,FWD,EVE,7.9,3.338309379
2021-22,24,413,Antonio,FWD,WHU,7.9,4.561800252
2021-22,24,228,Firmino,FWD,LIV,8.7,4.473050334
2021-22,24,109,Wood,FWD,NEW,6.7,4.277723423
2021-22,24,700,Weghorst,FWD,BUR,6.5,2.9803235
2021-22,24,40,Watkins,FWD,AVL,7.7,4.65621257
2021-22,24,6,Lacazette,FWD,ARS,8.4,3.17982152
2021-22,24,468,King,FWD,WAT,5.9,3.398602941
2021-22,24,430,Jimenez,FWD,WOL,7.4,2.820475197
2021-22,24,63,Maupay,FWD,BHA,6.5,0.0
2021-22,24,307,Saint-Maximin,FWD,NEW,6.7,3.699887823
2021-22,24,263,Jesus,FWD,MCI,8.5,2.980715692
2021-22,24,180,Richarlison,FWD,EVE,7.4,3.323258027
2021-22,24,78,Toney,FWD,BRE,6.6,2.65269948
2021-22,24,337,Ings,FWD,AVL,7.7,3.62658264
2021-22,24,187,Rodrigo,FWD,LEE,6.2,2.987229326
2021-22,24,345,Adams,FWD,SOU,6.8,2.799469202
2021-22,24,315,Pukki,FWD,NOR,5.8,3.585807006
2021-22,24,213,Iheanacho,FWD,LEI,6.9,2.913293559
2021-22,24,586,Edouard,FWD,CRY,6.5,2.817681093
2021-22,24,529,Lukaku,FWD,CHE,11.5,0.0
2021-22,24,450,Dennis,FWD,WAT,6.2,2.84186846
2021-22,24,455,Daka,FWD,LEI,7.2,2.648024447
2021-22,24,583,Hwang,FWD,WOL,5.4,1.056660601
2021-22,24,189,Bamford,FWD,LEE,7.7,0.0
2021-22,24,518,Broja,FWD,SOU,5.2,1.869151006
2021-22,24,153,Ayew,FWD,CRY,5.8,2.313530405
2021-22,24,447,Welbeck,FWD,BHA,5.9,0.0
2021-22,24,104,Jay Rodriguez,FWD,BUR,5.2,2.307697674
2021-22,24,269,Cavani,FWD,MUN,8.4,1.201043346
2021-22,24,310,Joelinton,FWD,NEW,5.8,1.866374308
2021-22,24,205,Vardy,FWD,LEI,10.3,0.0
2021-22,24,525,A Armstrong,FWD,SOU,5.7,2.389579239
2021-22,24,134,Werner,FWD,CHE,8.6,0.0
2021-22,24,149,Benteke,FWD,CRY,6.1,1.948968535
2021-22,24,404,Joao Pedro,FWD,WAT,5.4,2.151066292
2021-22,24,516,Sargent,FWD,NOR,5.4,1.555669209
2021-22,24,329,Idah,FWD,NOR,4.9,2.287788263
2021-22,24,300,Gayle,FWD,NEW,5.2,1.282846311
2021-22,24,472,Cucho,FWD,WAT,5.0,1.435988194
2021-22,24,105,A Barnes,FWD,BUR,5.2,0.176031546
2021-22,24,20,Nketiah,FWD,ARS,5.4,0.687505718
2021-22,24,235,Origi,FWD,LIV,4.8,0.0
2021-22,24,296,Wilson,FWD,NEW,7.2,0.0
2021-22,24,159,Mateta,FWD,CRY,5.2,0.026097472
2021-22,24,622,Tosun,FWD,EVE,5.0,0.004498351
2021-22,24,533,Richardson,FWD,BUR,4.4,0.001860894
2021-22,24,694,Biereth,FWD,ARS,4.5,0.003701959
2021-22,24,655,E Ferguson,FWD,BHA,4.5,0.0
2021-22,24,663,Kayky,FWD,MCI,5.0,0.003877588
2021-22,24,640,Young-Coombes,FWD,BRE,4.5,0.003442152
2021-22,24,607,Dobbin,FWD,EVE,4.5,0.003448266
2021-22,24,520,Scarlett,FWD,TOT,4.5,0.008667757
2021-22,24,519,S Long,FWD,SOU,5.4,0.021728608
2021-22,24,395,Fletcher,FWD,WAT,4.8,0.021687642
2021-22,24,550,S Greenwood,FWD,LEE,4.5,0.0
2021-22,24,591,Rondon,FWD,EVE,6.0,0.827394913
2021-22,24,577,Gelhardt,FWD,LEE,4.6,0.372783433
2021-22,24,445,F Silva,FWD,WOL,5.6,1.265970069
2021-22,24,111,Vydra,FWD,BUR,5.2,0.0
2021-22,25,112,Pope,GK,BUR,5.4,3.033950046
2021-22,25,69,R Sanchez,GK,BHA,4.6,7.349162026
2021-22,25,559,Ramsdale,GK,ARS,5.1,0.0
2021-22,25,231,Alisson,GK,LIV,6.0,4.305378408
2021-22,25,353,Lloris,GK,TOT,5.4,4.30411486
2021-22,25,270,de Gea,GK,MUN,5.2,7.777883249
2021-22,25,475,Sa,GK,WOL,5.2,3.113554595
2021-22,25,257,Ederson,GK,MCI,6.1,4.423841322
2021-22,25,146,Guaita,GK,CRY,4.6,3.523392305
2021-22,25,143,E Mendy,GK,CHE,6.1,0.0
2021-22,25,30,Martinez,GK,AVL,5.5,3.895239583
2021-22,25,199,Meslier,GK,LEE,4.8,3.385517142
2021-22,25,295,Dubravka,GK,NEW,4.4,3.459512772
2021-22,25,170,Pickford,GK,EVE,4.9,3.587343044
2021-22,25,408,Fabianski,GK,WHU,5.0,2.884502747
2021-22,25,80,Raya,GK,BRE,4.3,3.653076888
2021-22,25,200,Schmeichel,GK,LEI,4.8,3.112968771
2021-22,25,376,Foster,GK,WAT,4.1,2.55744072
2021-22,25,333,Forster,GK,SOU,4.4,2.654730628
2021-22,25,314,Krul,GK,NOR,4.5,0.25685232
2021-22,25,334,McCarthy,GK,SOU,4.4,0.0
2021-22,25,389,Bachmann,GK,WAT,4.3,0.699033461
2021-22,25,448,Gunn,GK,NOR,4.0,2.196442851
2021-22,25,156,Butland,GK,CRY,4.4,0.197132041
2021-22,25,489,Areola,GK,WHU,4.7,0.364507017
2021-22,25,280,D Henderson,GK,MUN,4.7,0.292621865
2021-22,25,129,Kepa,GK,CHE,4.7,0.0
2021-22,25,242,Kelleher,GK,LIV,4.3,0.097858329
2021-22,25,1,Leno,GK,ARS,4.5,0.0
2021-22,25,486,Gollini,GK,TOT,4.3,0.078013792
2021-22,25,480,Hennessey,GK,BUR,4.5,0.065241118
2021-22,25,294,Darlow,GK,NEW,4.5,0.089234411
2021-22,25,260,Steffen,GK,MCI,4.4,0.047476366
2021-22,25,691,Olsen,GK,AVL,4.0,0.074328793
2021-22,25,54,Steele,GK,BHA,4.0,0.099214593
2021-22,25,673,Lossl,GK,BRE,4.5,0.081075815
2021-22,25,452,Ruddy,GK,WOL,4.3,0.059088344
2021-22,25,490,Klaesson,GK,LEE,4.3,0.066220695
2021-22,25,481,Begovic,GK,EVE,4.0,0.059453552
2021-22,25,204,D Ward,GK,LEI,4.0,0.056965502
2021-22,25,593,Carson,GK,MCI,3.9,0.045990535
2021-22,25,556,A Fernandez,GK,BRE,4.5,0.016204103
2021-22,25,606,Bettinelli,GK,CHE,4.0,0.0
2021-22,25,561,Matthews,GK,CRY,3.9,0.007441981
2021-22,25,509,Heaton,GK,MUN,3.9,0.015408466
2021-22,25,114,Norris,GK,BUR,4.4,0.005701776
2021-22,25,641,Caballero,GK,SOU,4.3,0.058931712
2021-22,25,407,Randolph,GK,WHU,4.3,0.005752017
2021-22,25,572,Okonkwo,GK,ARS,3.9,0.0
2021-22,25,571,Lonergan,GK,EVE,4.0,0.006744331
2021-22,25,596,Sinisalo,GK,AVL,4.0,0.006387547
2021-22,25,656,Pitaluga,GK,LIV,4.0,0.003287737
2021-22,25,573,Jakupovic,GK,LEI,4.0,0.006157337
2021-22,25,619,Cox,GK,BRE,4.0,0.003722624
2021-22,25,574,Elliot,GK,WAT,4.0,0.006359158
2021-22,25,223,Adrian,GK,LIV,4.3,0.000862628
2021-22,25,615,Slicker,GK,MCI,4.0,0.000818253
2021-22,25,514,Gillespie,GK,NEW,4.0,0.000717671
2021-22,25,616,Tyrer,GK,EVE,4.0,0.000618968
2021-22,25,642,Angelini,GK,WAT,4.0,0.000573951
2021-22,25,313,McGovern,GK,NOR,3.9,0.0044592
2021-22,25,688,McGill,GK,BHA,4.0,0.007952399
2021-22,25,659,Austin,GK,TOT,4.0,0.004562155
2021-22,25,637,H Lewis,GK,SOU,3.9,0.004919121
2021-22,25,621,Storer,GK,WOL,4.0,0.003545301
2021-22,25,666,McCracken,GK,NOR,4.0,0.003081577
2021-22,25,237,Trent,DEF,LIV,8.5,5.854091791
2021-22,25,234,Robertson,DEF,LIV,7.1,4.788692013
2021-22,25,256,Cancelo,DEF,MCI,7.1,5.38012535
2021-22,25,229,van Dijk,DEF,LIV,6.7,4.439756863
2021-22,25,59,Dunk,DEF,BHA,4.8,6.593114922
2021-22,25,584,Cucurella,DEF,BHA,5.1,6.449141332
2021-22,25,23,Gabriel,DEF,ARS,5.3,0.0
2021-22,25,16,Tierney,DEF,ARS,5.1,0.0
2021-22,25,259,Laporte,DEF,MCI,5.8,4.399684373
2021-22,25,370,Reguilon,DEF,TOT,5.4,4.200695482
2021-22,25,555,Varane,DEF,MUN,5.5,7.465463447
2021-22,25,262,Dias,DEF,MCI,6.3,4.159459633
2021-22,25,224,Matip,DEF,LIV,4.9,3.22609744
2021-22,25,127,Rudiger,DEF,CHE,6.2,0.0
2021-22,25,67,B White,DEF,ARS,4.5,0.0
2021-22,25,142,R James,DEF,CHE,6.2,0.0
2021-22,25,61,Webster,DEF,BHA,4.4,5.57783688
2021-22,25,62,Veltman,DEF,BHA,4.2,5.56237948
2021-22,25,437,Semedo,DEF,WOL,4.8,2.562074709
2021-22,25,590,Tomiyasu,DEF,ARS,4.7,0.0
2021-22,25,431,Saiss,DEF,WOL,5.0,2.456747669
2021-22,25,168,Digne,DEF,AVL,5.1,3.547675158
2021-22,25,364,Ben T Davies,DEF,TOT,4.5,3.865031303
2021-22,25,162,Mitchell,DEF,CRY,4.5,3.071619087
2021-22,25,98,Tarkowski,DEF,BUR,4.9,1.762544641
2021-22,25,588,Emerson R,DEF,TOT,4.9,3.514848457
2021-22,25,273,Maguire,DEF,MUN,5.4,6.256877506
2021-22,25,477,Guehi,DEF,CRY,4.5,2.980660187
2021-22,25,411,A Cresswell,DEF,WHU,5.3,2.894637379
2021-22,25,488,Andersen,DEF,CRY,4.5,2.982555424
2021-22,25,429,Coady,DEF,WOL,4.7,2.317372256
2021-22,25,249,Walker,DEF,MCI,5.4,2.885483892
2021-22,25,361,Dier,DEF,TOT,4.6,1.642865465
2021-22,25,38,Mings,DEF,AVL,5.0,3.332682309
2021-22,25,510,Dalot,DEF,MUN,4.5,5.386159042
2021-22,25,678,Trippier,DEF,NEW,5.0,3.246590596
2021-22,25,121,T Silva,DEF,CHE,5.6,0.0
2021-22,25,122,Alonso,DEF,CHE,5.7,0.0
2021-22,25,106,Mee,DEF,BUR,4.8,1.622888759
2021-22,25,91,Pinnock,DEF,BRE,4.5,3.653003634
2021-22,25,44,Cash,DEF,AVL,5.1,3.205797536
2021-22,25,150,Kouyate,DEF,CRY,4.5,2.336483466
2021-22,25,113,Taylor,DEF,BUR,4.4,0.69191414
2021-22,25,119,Azpilicueta,DEF,CHE,5.6,0.0
2021-22,25,169,Keane,DEF,EVE,4.9,3.391991695
2021-22,25,83,Henry,DEF,BRE,4.5,3.40435426
2021-22,25,133,Christensen,DEF,CHE,4.6,0.0
2021-22,25,494,Romero,DEF,TOT,4.8,3.609231647
2021-22,25,474,J Ward,DEF,CRY,4.5,2.768162297
2021-22,25,343,Bednarek,DEF,SOU,4.4,2.100358315
2021-22,25,414,Dawson,DEF,WHU,4.9,2.584430572
2021-22,25,76,Jansson,DEF,BRE,4.5,3.481507679
2021-22,25,71,Lamptey,DEF,BHA,4.5,4.40243791
2021-22,25,45,Konsa,DEF,AVL,4.9,0.0
2021-22,25,275,Shaw,DEF,MUN,5.0,4.736234185
2021-22,25,185,Ayling,DEF,LEE,4.3,2.726165071
2021-22,25,128,Zouma,DEF,WHU,5.4,2.369930817
2021-22,25,165,Coleman,DEF,EVE,4.9,3.252094695
2021-22,25,39,Targett,DEF,NEW,4.7,0.0
2021-22,25,439,Kilman,DEF,WOL,4.5,2.032179525
2021-22,25,252,Stones,DEF,MCI,5.2,1.915409897
2021-22,25,279,Telles,DEF,MUN,5.0,3.288787077
2021-22,25,367,D Sanchez,DEF,TOT,4.6,2.947404522
2021-22,25,491,Livramento,DEF,SOU,4.3,1.791064835
2021-22,25,675,Mykolenko,DEF,EVE,5.0,1.119667174
2021-22,25,110,Lowton,DEF,BUR,4.4,1.156562424
2021-22,25,470,Ait-Nouri,DEF,WOL,4.3,1.477900591
2021-22,25,264,Zinchenko,DEF,MCI,5.3,1.782109161
2021-22,25,483,Ajer,DEF,BRE,4.4,2.701701007
2021-22,25,351,Salisu,DEF,SOU,4.5,1.811451509
2021-22,25,342,Walker-Peters,DEF,SOU,4.8,1.790066251
2021-22,25,190,Llorente,DEF,LEE,4.5,2.516592712
2021-22,25,305,Schar,DEF,NEW,4.3,2.848446699
2021-22,25,217,Soyuncu,DEF,LEI,4.9,2.407006161
2021-22,25,382,Femenia,DEF,WAT,4.3,2.764856928
2021-22,25,418,Coufal,DEF,WHU,4.7,1.80270307
2021-22,25,299,Lascelles,DEF,NEW,4.4,2.682174348
2021-22,25,178,Holgate,DEF,EVE,4.2,3.052547819
2021-22,25,218,Justin,DEF,LEI,4.9,2.20794836
2021-22,25,56,Duffy,DEF,BHA,4.1,2.168519672
2021-22,25,207,R Pereira,DEF,LEI,5.2,1.887407564
2021-22,25,360,Doherty,DEF,TOT,4.7,1.357594694
2021-22,25,243,Konate,DEF,LIV,5.1,1.159632021
2021-22,25,58,Burn,DEF,NEW,4.4,0.939268049
2021-22,25,288,Wan-Bissaka,DEF,MUN,5.1,2.322256827
2021-22,25,676,Kamara,DEF,WAT,4.5,2.056234544
2021-22,25,175,Mina,DEF,EVE,4.9,1.229126654
2021-22,25,198,Struijk,DEF,LEE,4.3,2.416650873
2021-22,25,501,M Sarr,DEF,CHE,4.9,0.0
2021-22,25,425,Johnson,DEF,WHU,4.0,1.4628539
2021-22,25,10,Chambers,DEF,AVL,4.2,2.842665005
2021-22,25,194,Koch,DEF,LEE,4.3,2.425710111
2021-22,25,585,C Roberts,DEF,BUR,4.5,0.648766539
2021-22,25,387,Troost-Ekong,DEF,WAT,4.3,2.334921123
2021-22,25,527,T Chalobah,DEF,CHE,4.7,0.0
2021-22,25,463,Firpo,DEF,LEE,4.7,0.350499984
2021-22,25,432,Marcal,DEF,WOL,4.2,0.845074439
2021-22,25,208,Amartey,DEF,LEI,3.8,2.430808353
2021-22,25,219,L Thomas,DEF,LEI,4.3,1.784022499
2021-22,25,428,Boly,DEF,WOL,4.9,0.118805285
2021-22,25,245,Tsimikas,DEF,LIV,3.7,0.641849543
2021-22,25,594,Zanka,DEF,BRE,4.5,0.995569195
2021-22,25,220,Fofana,DEF,LEI,4.3,0.245571815
2021-22,25,396,Sierralta,DEF,WAT,4.3,1.487775602
2021-22,25,433,Jonny,DEF,WOL,4.5,0.218692614
2021-22,25,460,Perraud,DEF,SOU,4.8,0.627992727
2021-22,25,258,Ake,DEF,MCI,4.7,0.536690487
2021-22,25,284,Lindelof,DEF,MUN,4.8,1.055432395
2021-22,25,674,Patterson,DEF,EVE,4.5,1.235147792
2021-22,25,677,Samir,DEF,WAT,4.5,1.145268277
2021-22,25,14,Holding,DEF,ARS,4.1,0.0
2021-22,25,147,Tomkins,DEF,CRY,4.3,0.489112489
2021-22,25,303,Krafth,DEF,NEW,4.3,1.652801115
2021-22,25,36,Hause,DEF,AVL,4.4,1.178206327
2021-22,25,424,Diop,DEF,WHU,4.3,0.431393839
2021-22,25,179,Godfrey,DEF,EVE,4.8,0.0
2021-22,25,184,Cooper,DEF,LEE,4.4,0.0
2021-22,25,390,Masina,DEF,WAT,4.3,0.981363176
2021-22,25,302,Manquillo,DEF,NEW,3.9,1.538470676
2021-22,25,466,Tavares,DEF,ARS,4.3,0.0
2021-22,25,5,Cedric,DEF,ARS,4.2,0.0
2021-22,25,338,J Stephens,DEF,SOU,4.4,0.29634579
2021-22,25,340,Vestergaard,DEF,LEI,4.7,0.135950694
2021-22,25,209,Castagne,DEF,LEI,5.3,0.0
2021-22,25,371,Tanganga,DEF,TOT,4.2,0.177899707
2021-22,25,368,Sessegnon,DEF,TOT,4.3,0.316614324
2021-22,25,161,N Ferguson,DEF,CRY,4.5,0.0
2021-22,25,286,Bailly,DEF,MUN,4.9,0.410044173
2021-22,25,238,Gomez,DEF,LIV,4.7,0.173991848
2021-22,25,379,Cathcart,DEF,WAT,4.3,0.698143828
2021-22,25,493,Clyne,DEF,CRY,4.3,0.277881824
2021-22,25,89,Roerslev,DEF,BRE,4.3,0.476012129
2021-22,25,52,Young,DEF,AVL,4.7,1.151639246
2021-22,25,90,M Sorensen,DEF,BRE,4.3,0.30529946
2021-22,25,544,Branthwaite,DEF,EVE,4.0,0.637550704
2021-22,25,301,Dummett,DEF,NEW,4.5,0.140355938
2021-22,25,100,Pieters,DEF,BUR,4.2,1.282487729
2021-22,25,451,Collins,DEF,BUR,4.3,0.13398475
2021-22,25,502,Kenny,DEF,EVE,4.4,0.598095014
2021-22,25,201,Evans,DEF,LEI,5.4,0.0
2021-22,25,465,F Fernandez,DEF,NEW,4.3,0.0
2021-22,25,319,Hanley,DEF,NOR,4.4,1.45460705
2021-22,25,374,Rodon,DEF,TOT,4.2,0.093457164
2021-22,25,632,P Jones,DEF,MUN,4.5,0.165457536
2021-22,25,446,Mosquera,DEF,WOL,4.4,0.0
2021-22,25,326,Aarons,DEF,NOR,4.3,1.400678387
2021-22,25,247,R Williams,DEF,LIV,4.4,0.041816569
2021-22,25,292,Ritchie,DEF,NEW,4.9,0.0
2021-22,25,417,Masuaku,DEF,WHU,4.4,0.089804625
2021-22,25,151,Kelly,DEF,CRY,3.9,0.074002924
2021-22,25,158,Jach,DEF,CRY,4.3,0.072889874
2021-22,25,473,Bertrand,DEF,LEI,4.6,0.0
2021-22,25,685,Toti,DEF,WOL,4.5,0.254850049
2021-22,25,384,Kabasele,DEF,WAT,4.3,0.066554329
2021-22,25,560,H Roberts,DEF,BHA,4.0,0.024010551
2021-22,25,667,Small,DEF,SOU,4.0,0.022520277
2021-22,25,99,Bardsley,DEF,BUR,3.9,0.017931289
2021-22,25,443,Hoever,DEF,WOL,3.9,0.084793514
2021-22,25,569,Stevens,DEF,BRE,3.9,0.013255636
2021-22,25,103,K Long,DEF,BUR,4.0,0.003618689
2021-22,25,690,Kenedy,DEF,CHE,4.5,0.0
2021-22,25,565,Dodgson,DEF,BUR,3.9,0.001775043
2021-22,25,554,J Baptiste,DEF,WHU,4.0,0.004615809
2021-22,25,610,Bogarde,DEF,AVL,4.0,0.005466436
2021-22,25,567,Lyanco,DEF,SOU,4.4,0.0
2021-22,25,618,Nkoulou,DEF,WAT,4.4,0.0
2021-22,25,409,Ogbonna,DEF,WHU,4.9,0.0
2021-22,25,135,Chilwell,DEF,CHE,5.6,0.0
2021-22,25,534,B Thomas,DEF,BUR,3.9,0.001598661
2021-22,25,598,Omole,DEF,TOT,3.9,0.005714863
2021-22,25,540,Hannam,DEF,CRY,3.9,0.004815513
2021-22,25,626,Bradley,DEF,LIV,4.0,0.004632711
2021-22,25,627,Beck,DEF,LIV,4.0,0.004564619
2021-22,25,660,Quansah,DEF,LIV,4.0,0.004485869
2021-22,25,546,Valery,DEF,SOU,3.9,0.003793219
2021-22,25,705,Awe,DEF,ARS,4.0,0.0
2021-22,25,604,Wilson-Esbrand,DEF,MCI,3.9,0.004864849
2021-22,25,603,Mbete,DEF,MCI,3.9,0.004826419
2021-22,25,651,Egan-Riley,DEF,MCI,4.0,0.004740196
2021-22,25,653,Turns,DEF,BHA,4.0,0.007671959
2021-22,25,617,Ashby,DEF,WHU,4.0,0.003723807
2021-22,25,684,K Hayden,DEF,AVL,4.0,0.004077909
2021-22,25,635,Bueno,DEF,WOL,4.0,0.003380428
2021-22,25,670,Feeney,DEF,AVL,4.0,0.003918786
2021-22,25,682,Ekwah,DEF,WHU,4.0,0.00348845
2021-22,25,644,Alese,DEF,WHU,4.0,0.003478222
2021-22,25,623,Welch,DEF,EVE,4.0,0.003893348
2021-22,25,639,Daley-Campbell,DEF,LEI,4.0,0.003701331
2021-22,25,645,B Nelson,DEF,LEI,4.0,0.003624705
2021-22,25,657,Moore,DEF,LEE,4.0,0.003546999
2021-22,25,633,Morris,DEF,WAT,4.0,0.003681251
2021-22,25,643,Tomkinson,DEF,NOR,4.0,0.002892645
2021-22,25,327,J Sorensen,DEF,NOR,4.3,0.018201611
2021-22,25,563,C Cresswell,DEF,LEE,4.0,0.161551915
2021-22,25,331,Omobamidele,DEF,NOR,3.9,0.024920687
2021-22,25,608,Hjelde,DEF,LEE,4.0,0.159628469
2021-22,25,456,Gibson,DEF,NOR,4.4,1.397280402
2021-22,25,415,Fredericks,DEF,WHU,4.4,0.085020162
2021-22,25,324,Zimmermann,DEF,NOR,4.4,0.122097496
2021-22,25,580,Kabak,DEF,NOR,4.3,0.067459995
2021-22,25,321,Byram,DEF,NOR,4.4,0.158404758
2021-22,25,457,Giannoulis,DEF,NOR,4.4,0.229967604
2021-22,25,400,Ngakia,DEF,WAT,4.3,0.498782021
2021-22,25,290,B Williams,DEF,NOR,3.9,1.179068658
2021-22,25,233,Salah,MID,LIV,12.7,6.089565726
2021-22,25,359,Son,MID,TOT,10.6,5.09161264
2021-22,25,277,Fernandes,MID,MUN,11.7,9.171948593
2021-22,25,240,Jota,MID,LIV,8.4,4.82643382
2021-22,25,230,Mane,MID,LIV,11.7,3.756184376
2021-22,25,196,Raphinha,MID,LEE,6.6,3.885107619
2021-22,25,251,De Bruyne,MID,MCI,12.2,5.062195842
2021-22,25,154,Zaha,MID,CRY,6.8,3.776096274
2021-22,25,64,Trossard,MID,BHA,6.1,6.948862136
2021-22,25,420,Bowen,MID,WHU,6.9,4.263529887
2021-22,25,265,Foden,MID,MCI,8.0,5.09449773
2021-22,25,399,I Sarr,MID,WAT,5.7,3.67058779
2021-22,25,255,Sterling,MID,MCI,10.8,5.017836414
2021-22,25,22,Saka,MID,ARS,6.4,0.0
2021-22,25,681,Coutinho,MID,AVL,7.0,4.191389023
2021-22,25,578,Cornet,MID,BUR,5.9,2.620931017
2021-22,25,341,Ward-Prowse,MID,SOU,6.3,3.227068592
2021-22,25,138,Mount,MID,CHE,7.6,0.0
2021-22,25,267,Harrison,MID,LEE,5.5,3.151459548
2021-22,25,118,McNeil,MID,BUR,5.7,2.585427065
2021-22,25,485,Sancho,MID,MUN,8.9,6.089606011
2021-22,25,107,Westwood,MID,BUR,5.3,2.539992056
2021-22,25,210,Tielemans,MID,LEI,6.4,3.932791471
2021-22,25,558,Odegaard,MID,ARS,5.6,0.0
2021-22,25,281,Rashford,MID,MUN,9.4,5.784412045
2021-22,25,272,Pogba,MID,MUN,7.4,6.313962785
2021-22,25,422,Soucek,MID,WHU,5.7,3.355014444
2021-22,25,254,Mahrez,MID,MCI,8.6,3.521621975
2021-22,25,188,Dallas,MID,LEE,4.9,2.970851643
2021-22,25,261,B Silva,MID,MCI,7.5,3.881755216
2021-22,25,21,Smith Rowe,MID,ARS,5.9,0.0
2021-22,25,212,Maddison,MID,LEI,7.0,3.817064036
2021-22,25,96,Mbeumo,MID,BRE,5.3,3.724595499
2021-22,25,285,McTominay,MID,MUN,5.4,5.747162993
2021-22,25,250,Gundogan,MID,MCI,7.2,3.531390664
2021-22,25,33,Grealish,MID,MCI,7.5,3.261416389
2021-22,25,144,Gallagher,MID,CRY,6.2,3.254342945
2021-22,25,215,H Barnes,MID,LEI,6.5,3.405553515
2021-22,25,365,Hojbjerg,MID,TOT,4.9,2.8569562
2021-22,25,26,Martinelli,MID,ARS,5.4,0.0
2021-22,25,419,Benrahma,MID,WHU,5.9,3.143695414
2021-22,25,15,Partey,MID,ARS,5.0,0.0
2021-22,25,7,Xhaka,MID,ARS,4.8,0.0
2021-22,25,436,Neves,MID,WOL,5.3,2.46381537
2021-22,25,461,Trincao,MID,WOL,5.6,2.759189576
2021-22,25,232,Fabinho,MID,LIV,5.4,2.518599961
2021-22,25,222,J Henderson,MID,LIV,5.0,2.234611715
2021-22,25,115,Brownhill,MID,BUR,4.3,2.079199939
2021-22,25,287,D James,MID,LEE,6.0,2.696747629
2021-22,25,35,McGinn,MID,AVL,5.8,2.905447919
2021-22,25,123,Jorginho,MID,CHE,5.9,0.0
2021-22,25,423,Fornals,MID,WHU,6.0,2.970502859
2021-22,25,141,Havertz,MID,CHE,7.8,0.0
2021-22,25,75,Moder,MID,BHA,4.5,4.415118974
2021-22,25,81,Canos,MID,BRE,5.5,2.97841448
2021-22,25,482,Townsend,MID,EVE,5.2,3.112462904
2021-22,25,70,Bissouma,MID,BHA,4.4,4.426072046
2021-22,25,291,Shelvey,MID,NEW,5.3,2.786757845
2021-22,25,43,Buendia,MID,AVL,6.2,2.230623262
2021-22,25,148,McArthur,MID,CRY,4.3,1.932931765
2021-22,25,225,Thiago,MID,LIV,5.3,2.246816411
2021-22,25,363,Alli,MID,EVE,6.2,2.824224419
2021-22,25,53,Lallana,MID,BHA,5.3,4.134504161
2021-22,25,484,D Gray,MID,EVE,5.5,1.880795734
2021-22,25,266,Rodri,MID,MCI,5.5,2.951307611
2021-22,25,426,Moutinho,MID,WOL,4.9,1.178702006
2021-22,25,51,J Ramsey,MID,AVL,4.6,2.790528481
2021-22,25,587,Lookman,MID,LEI,6.0,2.670407266
2021-22,25,354,Sissoko,MID,WAT,4.4,2.300299298
2021-22,25,697,Guimaraes,MID,NEW,5.0,1.491804532
2021-22,25,438,Podence,MID,WOL,5.5,2.641640223
2021-22,25,137,Pulisic,MID,CHE,7.9,0.0
2021-22,25,421,Rice,MID,WHU,5.1,2.573823374
2021-22,25,362,Lucas Moura,MID,TOT,6.5,2.524743277
2021-22,25,125,Kovacic,MID,CHE,5.0,0.0
2021-22,25,701,Kulusevski,MID,TOT,6.0,1.924511997
2021-22,25,77,Norgaard,MID,BRE,5.0,2.779577557
2021-22,25,19,Willock,MID,NEW,5.7,2.619140414
2021-22,25,298,Fraser,MID,NEW,5.3,2.320160848
2021-22,25,702,Bentancur,MID,TOT,5.0,2.199013625
2021-22,25,441,Neto,MID,WOL,6.4,0.112857356
2021-22,25,512,Elanga,MID,MUN,4.8,3.600952462
2021-22,25,274,Fred,MID,MUN,4.9,2.714801671
2021-22,25,74,Mac Allister,MID,BHA,5.3,3.677832541
2021-22,25,173,Doucoure,MID,EVE,5.4,0.0
2021-22,25,130,Kante,MID,CHE,4.9,0.0
2021-22,25,216,Ndidi,MID,LEI,4.8,2.54582811
2021-22,25,186,Klich,MID,LEE,5.2,2.013797381
2021-22,25,50,Douglas Luiz,MID,AVL,4.4,2.417569572
2021-22,25,171,Allan,MID,EVE,4.3,2.415021584
2021-22,25,193,T Roberts,MID,LEE,4.8,1.94813006
2021-22,25,336,Redmond,MID,SOU,5.9,0.0
2021-22,25,524,Wissa,MID,BRE,5.9,2.757960176
2021-22,25,17,Pepe,MID,ARS,6.9,0.0
2021-22,25,84,Janelt,MID,BRE,5.0,2.04279069
2021-22,25,239,Keita,MID,LIV,5.0,1.510112537
2021-22,25,517,Elyounoussi,MID,SOU,5.4,2.238456444
2021-22,25,335,Romeu,MID,SOU,4.5,2.102434483
2021-22,25,131,Ziyech,MID,CHE,7.3,0.0
2021-22,25,55,Gross,MID,BHA,5.7,1.98418911
2021-22,25,60,March,MID,BHA,5.3,2.305428628
2021-22,25,86,Jensen,MID,BRE,4.9,2.298847472
2021-22,25,318,McLean,MID,NOR,4.9,2.120186721
2021-22,25,449,Rashica,MID,NOR,5.2,1.975594566
2021-22,25,506,Elliott,MID,LIV,5.3,1.290462485
2021-22,25,101,Cork,MID,BUR,4.4,1.002294595
2021-22,25,339,S Armstrong,MID,SOU,5.8,2.07265488
2021-22,25,495,Kucka,MID,WAT,5.5,1.502663657
2021-22,25,575,Lennon,MID,BUR,4.9,1.640034843
2021-22,25,145,Gilmour,MID,NOR,4.3,1.937335085
2021-22,25,679,Kayembe,MID,WAT,5.0,1.438609121
2021-22,25,416,Lanzini,MID,WHU,5.8,0.214512758
2021-22,25,434,Dendoncker,MID,WOL,4.7,2.198168205
2021-22,25,373,Skipp,MID,TOT,4.4,0.814083493
2021-22,25,346,Tella,MID,SOU,4.7,0.912529206
2021-22,25,696,Diaz,MID,LIV,8.0,0.930489961
2021-22,25,386,W Hughes,MID,CRY,4.7,1.297747346
2021-22,25,381,Cleverley,MID,WAT,4.8,1.760923905
2021-22,25,308,Almiron,MID,NEW,5.1,1.526565647
2021-22,25,191,K Phillips,MID,LEE,4.7,0.0
2021-22,25,160,Eze,MID,CRY,5.9,0.880581358
2021-22,25,581,Normann,MID,NOR,4.5,1.861004435
2021-22,25,505,Dewsbury-Hall,MID,LEI,4.4,1.718549975
2021-22,25,140,Hudson-Odoi,MID,CHE,5.3,0.0
2021-22,25,108,Gudmundsson,MID,BUR,5.4,0.0
2021-22,25,304,Murphy,MID,NEW,4.7,1.5993297
2021-22,25,85,Ghoddos,MID,BRE,5.3,2.325740511
2021-22,25,462,Mwepu,MID,BHA,5.9,0.0
2021-22,25,172,Gomes,MID,EVE,4.9,2.086479599
2021-22,25,42,El Ghazi,MID,EVE,5.6,0.774568467
2021-22,25,582,Vlasic,MID,WHU,5.7,1.404829648
2021-22,25,699,Eriksen,MID,BRE,5.5,0.0
2021-22,25,459,Mata,MID,MUN,4.7,1.09769461
2021-22,25,478,Lokonga,MID,ARS,4.8,0.0
2021-22,25,503,A Gordon,MID,EVE,4.5,1.271789626
2021-22,25,155,Schlupp,MID,CRY,5.4,0.809540851
2021-22,25,211,Perez,MID,LEI,5.7,0.484011517
2021-22,25,152,Milivojevic,MID,CRY,5.3,0.725369704
2021-22,25,244,C Jones,MID,LIV,5.0,0.610166001
2021-22,25,174,Iwobi,MID,EVE,5.8,0.696640473
2021-22,25,369,Bergwijn,MID,TOT,5.9,0.756506866
2021-22,25,492,Bailey,MID,AVL,6.3,0.043791871
2021-22,25,236,Minamino,MID,LIV,5.1,0.213080028
2021-22,25,32,B Traore,MID,AVL,5.7,0.426744584
2021-22,25,132,Loftus-Cheek,MID,CHE,5.4,0.0
2021-22,25,124,Barkley,MID,CHE,5.2,0.0
2021-22,25,366,Winks,MID,TOT,4.4,0.790446054
2021-22,25,612,Sarmiento,MID,BHA,4.5,0.0
2021-22,25,289,M Greenwood,MID,MUN,7.2,0.0
2021-22,25,692,Hutchinson,MID,ARS,4.5,0.0
2021-22,25,629,McAtee,MID,MCI,4.4,0.002377594
2021-22,25,625,K Gordon,MID,LIV,4.5,0.004425933
2021-22,25,693,Oulad,MID,ARS,4.5,0.0
2021-22,25,671,Hall,MID,CHE,4.5,0.0
2021-22,25,672,Vale,MID,CHE,4.5,0.0
2021-22,25,631,Jenkins,MID,LEE,4.5,0.001803518
2021-22,25,628,Haygarth,MID,BRE,4.5,0.001868672
2021-22,25,630,Onyango,MID,EVE,4.5,0.001811495
2021-22,25,687,Giles,MID,WOL,4.5,0.003927203
2021-22,25,689,Chiquinho,MID,WOL,5.5,0.003881978
2021-22,25,613,Whitaker,MID,EVE,4.5,0.004427733
2021-22,25,620,Morton,MID,LIV,4.5,0.003785335
2021-22,25,609,Anderson,MID,NEW,4.5,0.004235069
2021-22,25,668,H White,MID,TOT,4.4,0.004107577
2021-22,25,508,Edozie,MID,MCI,4.7,0.004228594
2021-22,25,654,Leonard,MID,BHA,4.5,0.007669743
2021-22,25,634,Perkins,MID,WHU,4.5,0.004025875
2021-22,25,662,Peart-Harris,MID,BRE,4.5,0.004150027
2021-22,25,648,Rowe,MID,NOR,4.4,0.003764182
2021-22,25,221,Milner,MID,LIV,4.9,0.666594438
2021-22,25,652,Oko-Flex,MID,WHU,4.4,0.003914562
2021-22,25,543,Banks,MID,CRY,4.5,0.003801125
2021-22,25,547,Cundle,MID,WOL,4.5,0.003632759
2021-22,25,601,McKinstry,MID,LEE,4.3,0.003710274
2021-22,25,541,Rak-Sakyi,MID,CRY,4.4,0.003689104
2021-22,25,548,Campbell,MID,WOL,4.4,0.003553989
2021-22,25,605,Lavia,MID,MCI,4.4,0.003803357
2021-22,25,614,Maghoma,MID,BRE,4.5,0.003797979
2021-22,25,658,Archie Gray,MID,LEE,4.5,0.003603344
2021-22,25,638,Iroegbunam,MID,AVL,4.5,0.003522773
2021-22,25,592,Saul,MID,CHE,4.9,0.0
2021-22,25,600,Kenneh,MID,LEE,4.4,0.003427539
2021-22,25,680,Chauke,MID,SOU,4.5,0.003408802
2021-22,25,683,Gibbs,MID,NOR,4.5,0.003406133
2021-22,25,703,Chrisene,MID,AVL,4.5,0.003502252
2021-22,25,646,Brunt,MID,LEI,4.5,0.003484969
2021-22,25,507,Palmer,MID,MCI,4.5,0.024399249
2021-22,25,664,Patino,MID,ARS,4.5,0.0
2021-22,25,551,Summerville,MID,LEE,4.5,0.300009694
2021-22,25,458,Soumare,MID,LEI,4.8,1.464368863
2021-22,25,576,McCarron,MID,LEE,4.5,0.021808106
2021-22,25,176,T Davies,MID,EVE,4.8,0.0
2021-22,25,157,Riedewald,MID,CRY,4.7,0.019763027
2021-22,25,82,Dasilva,MID,BRE,5.3,0.422561459
2021-22,25,332,Walcott,MID,SOU,5.8,0.389396443
2021-22,25,350,Djenepo,MID,SOU,5.2,0.085898153
2021-22,25,37,Trezeguet,MID,AVL,5.4,0.405812321
2021-22,25,328,Placheta,MID,NOR,4.7,0.980014328
2021-22,25,282,van de Beek,MID,EVE,5.7,1.403902824
2021-22,25,12,Elneny,MID,ARS,4.4,0.0
2021-22,25,405,Baah,MID,WAT,4.3,0.027962147
2021-22,25,464,Olise,MID,CRY,5.4,1.251310862
2021-22,25,227,Chamberlain,MID,LIV,5.8,0.278843945
2021-22,25,471,Lees-Melou,MID,NOR,4.8,0.701097954
2021-22,25,412,Yarmolenko,MID,WHU,5.1,1.175795223
2021-22,25,163,Delph,MID,EVE,4.3,0.0
2021-22,25,317,Rupp,MID,NOR,4.4,0.538534747
2021-22,25,309,S Longstaff,MID,NEW,4.4,0.084065196
2021-22,25,41,Nakamba,MID,AVL,4.4,0.0
2021-22,25,347,Smallbone,MID,SOU,4.5,0.076552779
2021-22,25,552,Forshaw,MID,LEE,4.5,1.020682386
2021-22,25,102,D Stephens,MID,BUR,4.4,0.075562462
2021-22,25,276,Lingard,MID,MUN,6.7,0.766163685
2021-22,25,504,Gbamin,MID,EVE,4.4,0.081586795
2021-22,25,214,Choudhury,MID,LEI,4.4,0.078865143
2021-22,25,589,Kral,MID,WHU,4.4,0.226292351
2021-22,25,624,Bate,MID,LEE,4.5,0.434775609
2021-22,25,406,Noble,MID,WHU,4.4,0.22019934
2021-22,25,202,Albrighton,MID,LEI,5.2,0.854773416
2021-22,25,79,Fosu,MID,BRE,5.1,0.0
2021-22,25,526,Chukwuemeka,MID,AVL,4.5,0.351852742
2021-22,25,34,Sanson,MID,AVL,5.0,0.260838744
2021-22,25,323,Dowell,MID,NOR,5.1,0.529067532
2021-22,25,453,Fernandinho,MID,MCI,4.8,0.605998731
2021-22,25,271,Matic,MID,MUN,4.3,0.533951984
2021-22,25,403,Louza,MID,WAT,5.2,0.655138903
2021-22,25,538,Caicedo,MID,BHA,4.5,0.843901496
2021-22,25,391,Sema,MID,WAT,5.2,0.235945221
2021-22,25,467,Etebo,MID,WAT,4.3,0.081933634
2021-22,25,499,S Baptiste,MID,BRE,4.9,1.204978914
2021-22,25,197,Shackleton,MID,LEE,4.4,0.395331084
2021-22,25,73,Alzate,MID,BHA,4.8,0.807953491
2021-22,25,698,Kalu,MID,WAT,5.0,0.703998715
2021-22,25,203,N Mendy,MID,LEI,4.3,0.320200389
2021-22,25,349,I Diallo,MID,SOU,4.5,1.434724471
2021-22,25,528,Tzolis,MID,NOR,4.8,0.831960126
2021-22,25,479,Onyeka,MID,BRE,4.9,1.378706034
2021-22,25,357,Kane,FWD,TOT,12.3,4.921450849
2021-22,25,579,Ronaldo,FWD,MUN,12.5,8.820964212
2021-22,25,177,Calvert-Lewin,FWD,EVE,7.9,4.059807753
2021-22,25,6,Lacazette,FWD,ARS,8.4,0.0
2021-22,25,700,Weghorst,FWD,BUR,6.5,3.043214427
2021-22,25,430,Jimenez,FWD,WOL,7.4,2.940322283
2021-22,25,413,Antonio,FWD,WHU,7.9,4.125158941
2021-22,25,63,Maupay,FWD,BHA,6.5,6.522244271
2021-22,25,109,Wood,FWD,NEW,6.7,4.075946355
2021-22,25,468,King,FWD,WAT,5.9,3.33733043
2021-22,25,40,Watkins,FWD,AVL,7.7,3.839287855
2021-22,25,228,Firmino,FWD,LIV,8.7,3.507392703
2021-22,25,307,Saint-Maximin,FWD,NEW,6.7,3.59483697
2021-22,25,529,Lukaku,FWD,CHE,11.5,0.0
2021-22,25,180,Richarlison,FWD,EVE,7.4,3.989053486
2021-22,25,345,Adams,FWD,SOU,6.8,3.135275405
2021-22,25,78,Toney,FWD,BRE,6.6,1.418357
2021-22,25,263,Jesus,FWD,MCI,8.5,0.573716846
2021-22,25,189,Bamford,FWD,LEE,7.7,0.322248609
2021-22,25,450,Dennis,FWD,WAT,6.2,2.815869631
2021-22,25,187,Rodrigo,FWD,LEE,6.2,2.987565681
2021-22,25,337,Ings,FWD,AVL,7.7,3.079481537
2021-22,25,315,Pukki,FWD,NOR,5.8,2.767422686
2021-22,25,586,Edouard,FWD,CRY,6.5,2.581620305
2021-22,25,213,Iheanacho,FWD,LEI,6.9,3.777928013
2021-22,25,583,Hwang,FWD,WOL,5.4,1.498920566
2021-22,25,518,Broja,FWD,SOU,5.2,2.808030547
2021-22,25,205,Vardy,FWD,LEI,10.3,0.0
2021-22,25,455,Daka,FWD,LEI,7.2,3.352322174
2021-22,25,447,Welbeck,FWD,BHA,5.9,4.136416291
2021-22,25,153,Ayew,FWD,CRY,5.8,2.161945796
2021-22,25,269,Cavani,FWD,MUN,8.4,3.275104491
2021-22,25,104,Jay Rodriguez,FWD,BUR,5.2,1.970129339
2021-22,25,310,Joelinton,FWD,NEW,5.8,2.265788516
2021-22,25,525,A Armstrong,FWD,SOU,5.7,1.854522562
2021-22,25,134,Werner,FWD,CHE,8.6,0.0
2021-22,25,404,Joao Pedro,FWD,WAT,5.4,1.804609787
2021-22,25,149,Benteke,FWD,CRY,6.1,1.817039695
2021-22,25,516,Sargent,FWD,NOR,5.4,0.696042187
2021-22,25,329,Idah,FWD,NOR,4.9,1.997840672
2021-22,25,20,Nketiah,FWD,ARS,5.4,0.0
2021-22,25,296,Wilson,FWD,NEW,7.2,0.0
2021-22,25,300,Gayle,FWD,NEW,5.2,1.117000735
2021-22,25,235,Origi,FWD,LIV,4.8,0.0
2021-22,25,105,A Barnes,FWD,BUR,5.2,0.339551227
2021-22,25,622,Tosun,FWD,EVE,5.0,0.004950685
2021-22,25,694,Biereth,FWD,ARS,4.5,0.0
2021-22,25,533,Richardson,FWD,BUR,4.4,0.001806919
2021-22,25,655,E Ferguson,FWD,BHA,4.5,0.007582022
2021-22,25,159,Mateta,FWD,CRY,5.2,0.023833419
2021-22,25,640,Young-Coombes,FWD,BRE,4.5,0.003885009
2021-22,25,663,Kayky,FWD,MCI,5.0,0.003833907
2021-22,25,607,Dobbin,FWD,EVE,4.5,0.003561903
2021-22,25,520,Scarlett,FWD,TOT,4.5,0.008391782
2021-22,25,704,Delap,FWD,MCI,4.5,0.003285506
2021-22,25,395,Fletcher,FWD,WAT,4.8,0.021948459
2021-22,25,550,S Greenwood,FWD,LEE,4.5,0.0
2021-22,25,577,Gelhardt,FWD,LEE,4.6,0.33232137
2021-22,25,519,S Long,FWD,SOU,5.4,0.351910893
2021-22,25,591,Rondon,FWD,EVE,6.0,0.528703888
2021-22,25,445,F Silva,FWD,WOL,5.6,0.844393697
2021-22,25,472,Cucho,FWD,WAT,5.0,0.918241722
2021-22,25,111,Vydra,FWD,BUR,5.2,0.0
2021-22,26,231,Alisson,GK,LIV,6.0,9.042262245
2021-22,26,559,Ramsdale,GK,ARS,5.1,8.951353719
2021-22,26,112,Pope,GK,BUR,5.4,7.208055856
2021-22,26,475,Sa,GK,WOL,5.2,7.061758888
2021-22,26,353,Lloris,GK,TOT,5.4,7.131299702
2021-22,26,199,Meslier,GK,LEE,4.8,6.019436407
2021-22,26,30,Martinez,GK,AVL,5.5,4.330727882
2021-22,26,69,R Sanchez,GK,BHA,4.6,4.489943147
2021-22,26,295,Dubravka,GK,NEW,4.4,3.216469667
2021-22,26,146,Guaita,GK,CRY,4.6,6.606717382
2021-22,26,257,Ederson,GK,MCI,6.1,3.993176029
2021-22,26,143,E Mendy,GK,CHE,6.1,4.145194342
2021-22,26,170,Pickford,GK,EVE,4.9,3.306057643
2021-22,26,408,Fabianski,GK,WHU,5.0,3.883624563
2021-22,26,270,de Gea,GK,MUN,5.2,3.558763001
2021-22,26,80,Raya,GK,BRE,4.3,2.938961399
2021-22,26,376,Foster,GK,WAT,4.1,4.703527631
2021-22,26,333,Forster,GK,SOU,4.4,3.465144745
2021-22,26,200,Schmeichel,GK,LEI,4.8,3.222206773
2021-22,26,334,McCarthy,GK,SOU,4.4,0.177592908
2021-22,26,448,Gunn,GK,NOR,4.0,2.113400053
2021-22,26,314,Krul,GK,NOR,4.5,0.0
2021-22,26,389,Bachmann,GK,WAT,4.3,1.296366586
2021-22,26,156,Butland,GK,CRY,4.4,0.371741936
2021-22,26,489,Areola,GK,WHU,4.7,0.199562036
2021-22,26,129,Kepa,GK,CHE,4.7,0.15929335
2021-22,26,242,Kelleher,GK,LIV,4.3,0.202200716
2021-22,26,1,Leno,GK,ARS,4.5,0.195557857
2021-22,26,294,Darlow,GK,NEW,4.5,0.082826737
2021-22,26,480,Hennessey,GK,BUR,4.5,0.163060674
2021-22,26,486,Gollini,GK,TOT,4.3,0.130757536
2021-22,26,452,Ruddy,GK,WOL,4.3,0.131379153
2021-22,26,260,Steffen,GK,MCI,4.4,0.076497635
2021-22,26,691,Olsen,GK,AVL,4.0,0.082036987
2021-22,26,280,D Henderson,GK,MUN,4.7,0.087663243
2021-22,26,490,Klaesson,GK,LEE,4.3,0.114871212
2021-22,26,54,Steele,GK,BHA,4.0,0.061000352
2021-22,26,673,Lossl,GK,BRE,4.5,0.058770066
2021-22,26,481,Begovic,GK,EVE,4.0,0.053979686
2021-22,26,204,D Ward,GK,LEI,4.0,0.059235814
2021-22,26,641,Caballero,GK,SOU,4.3,0.033498281
2021-22,26,556,A Fernandez,GK,BRE,4.5,0.013436218
2021-22,26,114,Norris,GK,BUR,4.4,0.01331304
2021-22,26,593,Carson,GK,MCI,3.9,0.008222515
2021-22,26,561,Matthews,GK,CRY,3.9,0.01413807
2021-22,26,606,Bettinelli,GK,CHE,4.0,0.008464315
2021-22,26,407,Randolph,GK,WHU,4.3,0.007298894
2021-22,26,596,Sinisalo,GK,AVL,4.0,0.007062447
2021-22,26,572,Okonkwo,GK,ARS,3.9,0.007982568
2021-22,26,571,Lonergan,GK,EVE,4.0,0.006184434
2021-22,26,509,Heaton,GK,MUN,3.9,0.0
2021-22,26,656,Pitaluga,GK,LIV,4.0,0.006832645
2021-22,26,574,Elliot,GK,WAT,4.0,0.011666969
2021-22,26,573,Jakupovic,GK,LEI,4.0,0.006427361
2021-22,26,619,Cox,GK,BRE,4.0,0.002809628
2021-22,26,223,Adrian,GK,LIV,4.3,0.001789377
2021-22,26,514,Gillespie,GK,NEW,4.0,0.000667101
2021-22,26,615,Slicker,GK,MCI,4.0,0.000735215
2021-22,26,616,Tyrer,GK,EVE,4.0,0.000571984
2021-22,26,642,Angelini,GK,WAT,4.0,0.001053981
2021-22,26,313,McGovern,GK,NOR,3.9,0.043600819
2021-22,26,621,Storer,GK,WOL,4.0,0.007630797
2021-22,26,659,Austin,GK,TOT,4.0,0.007707796
2021-22,26,688,McGill,GK,BHA,4.0,0.004658508
2021-22,26,637,H Lewis,GK,SOU,3.9,0.004080261
2021-22,26,666,McCracken,GK,NOR,4.0,0.002733592
2021-22,26,237,Trent,DEF,LIV,8.5,13.01243712
2021-22,26,234,Robertson,DEF,LIV,7.1,10.54364364
2021-22,26,229,van Dijk,DEF,LIV,6.7,9.627646906
2021-22,26,23,Gabriel,DEF,ARS,5.3,8.377655893
2021-22,26,16,Tierney,DEF,ARS,5.1,8.345725886
2021-22,26,437,Semedo,DEF,WOL,4.8,5.996175972
2021-22,26,256,Cancelo,DEF,MCI,7.1,4.42880105
2021-22,26,431,Saiss,DEF,WOL,5.0,5.772189463
2021-22,26,168,Digne,DEF,AVL,5.1,4.624403368
2021-22,26,429,Coady,DEF,WOL,4.7,5.508613194
2021-22,26,67,B White,DEF,ARS,4.5,7.517093846
2021-22,26,224,Matip,DEF,LIV,4.9,6.989924423
2021-22,26,584,Cucurella,DEF,BHA,5.1,4.488682589
2021-22,26,364,Ben T Davies,DEF,TOT,4.5,5.154347833
2021-22,26,590,Tomiyasu,DEF,ARS,4.7,6.436064068
2021-22,26,98,Tarkowski,DEF,BUR,4.9,5.49501482
2021-22,26,259,Laporte,DEF,MCI,5.8,3.76840837
2021-22,26,61,Webster,DEF,BHA,4.4,4.225412237
2021-22,26,343,Bednarek,DEF,SOU,4.4,2.959837873
2021-22,26,38,Mings,DEF,AVL,5.0,3.971648753
2021-22,26,262,Dias,DEF,MCI,6.3,3.578603216
2021-22,26,127,Rudiger,DEF,CHE,6.2,4.050973969
2021-22,26,44,Cash,DEF,AVL,5.1,3.867861807
2021-22,26,361,Dier,DEF,TOT,4.6,4.370817068
2021-22,26,62,Veltman,DEF,BHA,4.2,4.047639889
2021-22,26,106,Mee,DEF,BUR,4.8,5.139940812
2021-22,26,39,Targett,DEF,NEW,4.7,2.611908203
2021-22,26,59,Dunk,DEF,BHA,4.8,0.0
2021-22,26,585,C Roberts,DEF,BUR,4.5,4.975550899
2021-22,26,488,Andersen,DEF,CRY,4.5,5.71919546
2021-22,26,411,A Cresswell,DEF,WHU,5.3,4.277744124
2021-22,26,162,Mitchell,DEF,CRY,4.5,5.689573549
2021-22,26,491,Livramento,DEF,SOU,4.3,3.15980741
2021-22,26,185,Ayling,DEF,LEE,4.3,3.579250227
2021-22,26,439,Kilman,DEF,WOL,4.5,4.571316739
2021-22,26,477,Guehi,DEF,CRY,4.5,5.545504703
2021-22,26,351,Salisu,DEF,SOU,4.5,3.096997241
2021-22,26,342,Walker-Peters,DEF,SOU,4.8,2.954379046
2021-22,26,370,Reguilon,DEF,TOT,5.4,1.440902499
2021-22,26,122,Alonso,DEF,CHE,5.7,3.840123767
2021-22,26,588,Emerson R,DEF,TOT,4.9,3.837958441
2021-22,26,45,Konsa,DEF,AVL,4.9,0.0
2021-22,26,494,Romero,DEF,TOT,4.8,4.156904966
2021-22,26,150,Kouyate,DEF,CRY,4.5,5.244281803
2021-22,26,142,R James,DEF,CHE,6.2,0.0
2021-22,26,414,Dawson,DEF,WHU,4.9,3.904350996
2021-22,26,121,T Silva,DEF,CHE,5.6,3.400182151
2021-22,26,249,Walker,DEF,MCI,5.4,2.624626487
2021-22,26,119,Azpilicueta,DEF,CHE,5.6,3.992879201
2021-22,26,190,Llorente,DEF,LEE,4.5,3.115606664
2021-22,26,91,Pinnock,DEF,BRE,4.5,2.395295692
2021-22,26,474,J Ward,DEF,CRY,4.5,4.767209308
2021-22,26,133,Christensen,DEF,CHE,4.6,3.144567875
2021-22,26,470,Ait-Nouri,DEF,WOL,4.3,3.025350686
2021-22,26,305,Schar,DEF,NEW,4.3,2.101571435
2021-22,26,382,Femenia,DEF,WAT,4.3,5.017216267
2021-22,26,71,Lamptey,DEF,BHA,4.5,3.291913262
2021-22,26,83,Henry,DEF,BRE,4.5,2.198953036
2021-22,26,128,Zouma,DEF,WHU,5.4,2.537188621
2021-22,26,100,Pieters,DEF,BUR,4.2,4.702584126
2021-22,26,360,Doherty,DEF,TOT,4.7,2.742320321
2021-22,26,555,Varane,DEF,MUN,5.5,2.756252745
2021-22,26,198,Struijk,DEF,LEE,4.3,3.145346197
2021-22,26,76,Jansson,DEF,BRE,4.5,2.185448893
2021-22,26,58,Burn,DEF,NEW,4.4,2.322618371
2021-22,26,169,Keane,DEF,EVE,4.9,2.888242218
2021-22,26,675,Mykolenko,DEF,EVE,5.0,2.520335276
2021-22,26,252,Stones,DEF,MCI,5.2,1.79566382
2021-22,26,165,Coleman,DEF,EVE,4.9,2.614912303
2021-22,26,463,Firpo,DEF,LEE,4.7,1.134997795
2021-22,26,264,Zinchenko,DEF,MCI,5.3,2.044354162
2021-22,26,194,Koch,DEF,LEE,4.3,3.165876561
2021-22,26,273,Maguire,DEF,MUN,5.4,2.840667787
2021-22,26,367,D Sanchez,DEF,TOT,4.6,2.531640209
2021-22,26,418,Coufal,DEF,WHU,4.7,2.570731313
2021-22,26,56,Duffy,DEF,BHA,4.1,2.636569141
2021-22,26,275,Shaw,DEF,MUN,5.0,2.044455832
2021-22,26,677,Samir,DEF,WAT,4.5,4.19363719
2021-22,26,379,Cathcart,DEF,WAT,4.3,4.294631518
2021-22,26,179,Godfrey,DEF,EVE,4.8,0.0
2021-22,26,510,Dalot,DEF,MUN,4.5,2.183933469
2021-22,26,676,Kamara,DEF,WAT,4.5,3.698285571
2021-22,26,428,Boly,DEF,WOL,4.9,1.513015331
2021-22,26,483,Ajer,DEF,BRE,4.4,1.958399933
2021-22,26,243,Konate,DEF,LIV,5.1,2.508896238
2021-22,26,299,Lascelles,DEF,NEW,4.4,0.77568996
2021-22,26,207,R Pereira,DEF,LEI,5.2,2.264075245
2021-22,26,303,Krafth,DEF,NEW,4.3,1.897505639
2021-22,26,10,Chambers,DEF,AVL,4.2,3.925731282
2021-22,26,217,Soyuncu,DEF,LEI,4.9,1.733746503
2021-22,26,113,Taylor,DEF,BUR,4.4,0.858000016
2021-22,26,425,Johnson,DEF,WHU,4.0,2.177051505
2021-22,26,432,Marcal,DEF,WOL,4.2,1.640942677
2021-22,26,433,Jonny,DEF,WOL,4.5,1.651107042
2021-22,26,218,Justin,DEF,LEI,4.9,1.067951437
2021-22,26,279,Telles,DEF,MUN,5.0,1.301610799
2021-22,26,368,Sessegnon,DEF,TOT,4.3,2.963378609
2021-22,26,460,Perraud,DEF,SOU,4.8,0.878831792
2021-22,26,175,Mina,DEF,EVE,4.9,1.41110449
2021-22,26,178,Holgate,DEF,EVE,4.2,2.125334174
2021-22,26,501,M Sarr,DEF,CHE,4.9,1.1881156
2021-22,26,220,Fofana,DEF,LEI,4.3,0.392879039
2021-22,26,245,Tsimikas,DEF,LIV,3.7,1.400802411
2021-22,26,527,T Chalobah,DEF,CHE,4.7,0.812183883
2021-22,26,302,Manquillo,DEF,NEW,3.9,0.0
2021-22,26,219,L Thomas,DEF,LEI,4.3,2.447839102
2021-22,26,258,Ake,DEF,MCI,4.7,0.69901453
2021-22,26,288,Wan-Bissaka,DEF,MUN,5.1,0.95379172
2021-22,26,424,Diop,DEF,WHU,4.3,1.671239646
2021-22,26,208,Amartey,DEF,LEI,3.8,2.51149031
2021-22,26,184,Cooper,DEF,LEE,4.4,0.0
2021-22,26,338,J Stephens,DEF,SOU,4.4,1.012426952
2021-22,26,594,Zanka,DEF,BRE,4.5,0.398890558
2021-22,26,14,Holding,DEF,ARS,4.1,1.219945939
2021-22,26,301,Dummett,DEF,NEW,4.5,0.84757584
2021-22,26,340,Vestergaard,DEF,LEI,4.7,2.155979885
2021-22,26,110,Lowton,DEF,BUR,4.4,0.796711124
2021-22,26,5,Cedric,DEF,ARS,4.2,1.192845139
2021-22,26,390,Masina,DEF,WAT,4.3,1.602121028
2021-22,26,466,Tavares,DEF,ARS,4.3,0.819829552
2021-22,26,147,Tomkins,DEF,CRY,4.3,0.674396676
2021-22,26,319,Hanley,DEF,NOR,4.4,0.778033941
2021-22,26,209,Castagne,DEF,LEI,5.3,0.0
2021-22,26,326,Aarons,DEF,NOR,4.3,0.758128872
2021-22,26,493,Clyne,DEF,CRY,4.3,0.768055936
2021-22,26,36,Hause,DEF,AVL,4.4,0.629784092
2021-22,26,284,Lindelof,DEF,MUN,4.8,0.572036726
2021-22,26,674,Patterson,DEF,EVE,4.5,0.504274388
2021-22,26,396,Sierralta,DEF,WAT,4.3,1.062829919
2021-22,26,456,Gibson,DEF,NOR,4.4,0.731382738
2021-22,26,238,Gomez,DEF,LIV,4.7,0.370787311
2021-22,26,451,Collins,DEF,BUR,4.3,0.432198747
2021-22,26,465,F Fernandez,DEF,NEW,4.3,0.033076359
2021-22,26,90,M Sorensen,DEF,BRE,4.3,0.200672895
2021-22,26,201,Evans,DEF,LEI,5.4,0.0
2021-22,26,446,Mosquera,DEF,WOL,4.4,0.179342093
2021-22,26,89,Roerslev,DEF,BRE,4.3,0.331990301
2021-22,26,371,Tanganga,DEF,TOT,4.2,0.076648255
2021-22,26,387,Troost-Ekong,DEF,WAT,4.3,0.970607692
2021-22,26,52,Young,DEF,AVL,4.7,1.217481643
2021-22,26,374,Rodon,DEF,TOT,4.2,0.29462164
2021-22,26,292,Ritchie,DEF,NEW,4.9,0.0
2021-22,26,417,Masuaku,DEF,WHU,4.4,0.439139415
2021-22,26,678,Trippier,DEF,NEW,5.0,0.0
2021-22,26,286,Bailly,DEF,MUN,4.9,0.131857615
2021-22,26,151,Kelly,DEF,CRY,3.9,0.135424869
2021-22,26,247,R Williams,DEF,LIV,4.4,0.089551036
2021-22,26,443,Hoever,DEF,WOL,3.9,0.198244121
2021-22,26,632,P Jones,DEF,MUN,4.5,0.068273663
2021-22,26,544,Branthwaite,DEF,EVE,4.0,0.136240812
2021-22,26,158,Jach,DEF,CRY,4.3,0.067178363
2021-22,26,473,Bertrand,DEF,LEI,4.6,0.0
2021-22,26,667,Small,DEF,SOU,4.0,0.033397502
2021-22,26,384,Kabasele,DEF,WAT,4.3,0.121936906
2021-22,26,99,Bardsley,DEF,BUR,3.9,0.054492479
2021-22,26,560,H Roberts,DEF,BHA,4.0,0.016032682
2021-22,26,502,Kenny,DEF,EVE,4.4,0.116059561
2021-22,26,103,K Long,DEF,BUR,4.0,0.010489396
2021-22,26,569,Stevens,DEF,BRE,3.9,0.009087136
2021-22,26,610,Bogarde,DEF,AVL,4.0,0.006117394
2021-22,26,565,Dodgson,DEF,BUR,3.9,0.005112586
2021-22,26,554,J Baptiste,DEF,WHU,4.0,0.006656557
2021-22,26,546,Valery,DEF,SOU,3.9,0.005357567
2021-22,26,534,B Thomas,DEF,BUR,3.9,0.004722408
2021-22,26,626,Bradley,DEF,LIV,4.0,0.009737927
2021-22,26,690,Kenedy,DEF,CHE,4.5,0.005083404
2021-22,26,567,Lyanco,DEF,SOU,4.4,0.0
2021-22,26,618,Nkoulou,DEF,WAT,4.4,0.0
2021-22,26,161,N Ferguson,DEF,CRY,4.5,0.0
2021-22,26,409,Ogbonna,DEF,WHU,4.9,0.0
2021-22,26,135,Chilwell,DEF,CHE,5.6,0.0
2021-22,26,598,Omole,DEF,TOT,3.9,0.008359906
2021-22,26,627,Beck,DEF,LIV,4.0,0.009588803
2021-22,26,660,Quansah,DEF,LIV,4.0,0.00935157
2021-22,26,540,Hannam,DEF,CRY,3.9,0.009205676
2021-22,26,604,Wilson-Esbrand,DEF,MCI,3.9,0.002256641
2021-22,26,603,Mbete,DEF,MCI,3.9,0.002239087
2021-22,26,651,Egan-Riley,DEF,MCI,4.0,0.002198902
2021-22,26,608,Hjelde,DEF,LEE,4.0,0.0
2021-22,26,705,Awe,DEF,ARS,4.0,0.008672789
2021-22,26,653,Turns,DEF,BHA,4.0,0.004561329
2021-22,26,635,Bueno,DEF,WOL,4.0,0.007343676
2021-22,26,684,K Hayden,DEF,AVL,4.0,0.004446315
2021-22,26,685,Toti,DEF,WOL,4.5,0.007295147
2021-22,26,617,Ashby,DEF,WHU,4.0,0.004653077
2021-22,26,670,Feeney,DEF,AVL,4.0,0.004201248
2021-22,26,327,J Sorensen,DEF,NOR,4.3,0.011700804
2021-22,26,682,Ekwah,DEF,WHU,4.0,0.004360568
2021-22,26,644,Alese,DEF,WHU,4.0,0.004348804
2021-22,26,623,Welch,DEF,EVE,4.0,0.003612421
2021-22,26,639,Daley-Campbell,DEF,LEI,4.0,0.003749699
2021-22,26,657,Moore,DEF,LEE,4.0,0.00587041
2021-22,26,645,B Nelson,DEF,LEI,4.0,0.003694249
2021-22,26,633,Morris,DEF,WAT,4.0,0.006984638
2021-22,26,643,Tomkinson,DEF,NOR,4.0,0.002446339
2021-22,26,331,Omobamidele,DEF,NOR,3.9,0.020291016
2021-22,26,324,Zimmermann,DEF,NOR,4.4,0.010017895
2021-22,26,415,Fredericks,DEF,WHU,4.4,0.113012286
2021-22,26,563,C Cresswell,DEF,LEE,4.0,0.142343377
2021-22,26,580,Kabak,DEF,NOR,4.3,0.158822854
2021-22,26,321,Byram,DEF,NOR,4.4,0.111370016
2021-22,26,457,Giannoulis,DEF,NOR,4.4,0.154163663
2021-22,26,400,Ngakia,DEF,WAT,4.3,0.973920263
2021-22,26,290,B Williams,DEF,NOR,3.9,0.535070991
2021-22,26,233,Salah,MID,LIV,12.7,14.35496074
2021-22,26,359,Son,MID,TOT,10.6,8.668649316
2021-22,26,230,Mane,MID,LIV,11.7,12.76935786
2021-22,26,196,Raphinha,MID,LEE,6.6,7.162874177
2021-22,26,399,I Sarr,MID,WAT,5.7,7.376881372
2021-22,26,681,Coutinho,MID,AVL,7.0,4.88250654
2021-22,26,22,Saka,MID,ARS,6.4,7.541399448
2021-22,26,154,Zaha,MID,CRY,6.8,7.455450312
2021-22,26,341,Ward-Prowse,MID,SOU,6.3,3.953914502
2021-22,26,277,Fernandes,MID,MUN,11.7,4.659313795
2021-22,26,420,Bowen,MID,WHU,6.9,5.060790256
2021-22,26,267,Harrison,MID,LEE,5.5,5.969892117
2021-22,26,255,Sterling,MID,MCI,10.8,4.8773041
2021-22,26,251,De Bruyne,MID,MCI,12.2,4.788408685
2021-22,26,265,Foden,MID,MCI,8.0,4.901933513
2021-22,26,64,Trossard,MID,BHA,6.1,4.046580931
2021-22,26,558,Odegaard,MID,ARS,5.6,6.46171986
2021-22,26,118,McNeil,MID,BUR,5.7,5.383811937
2021-22,26,107,Westwood,MID,BUR,5.3,5.377187238
2021-22,26,578,Cornet,MID,BUR,5.9,5.298872708
2021-22,26,21,Smith Rowe,MID,ARS,5.9,6.151087603
2021-22,26,240,Jota,MID,LIV,8.4,0.402861563
2021-22,26,287,D James,MID,LEE,6.0,5.339250871
2021-22,26,188,Dallas,MID,LEE,4.9,3.253026725
2021-22,26,441,Neto,MID,WOL,6.4,2.713009384
2021-22,26,436,Neves,MID,WOL,5.3,5.078199825
2021-22,26,254,Mahrez,MID,MCI,8.6,3.952050472
2021-22,26,232,Fabinho,MID,LIV,5.4,5.782202866
2021-22,26,210,Tielemans,MID,LEI,6.4,3.411838136
2021-22,26,362,Lucas Moura,MID,TOT,6.5,4.600991246
2021-22,26,43,Buendia,MID,AVL,6.2,3.488894717
2021-22,26,261,B Silva,MID,MCI,7.5,3.696553239
2021-22,26,365,Hojbjerg,MID,TOT,4.9,4.839340765
2021-22,26,422,Soucek,MID,WHU,5.7,3.842255253
2021-22,26,426,Moutinho,MID,WOL,4.9,4.35583426
2021-22,26,26,Martinelli,MID,ARS,5.4,3.259667376
2021-22,26,51,J Ramsey,MID,AVL,4.6,3.334054849
2021-22,26,35,McGinn,MID,AVL,5.8,3.35240809
2021-22,26,222,J Henderson,MID,LIV,5.0,5.25627939
2021-22,26,15,Partey,MID,ARS,5.0,5.221183644
2021-22,26,96,Mbeumo,MID,BRE,5.3,3.08458653
2021-22,26,7,Xhaka,MID,ARS,4.8,5.155512841
2021-22,26,697,Guimaraes,MID,NEW,5.0,2.012312099
2021-22,26,485,Sancho,MID,MUN,8.9,3.587117126
2021-22,26,144,Gallagher,MID,CRY,6.2,3.390576672
2021-22,26,215,H Barnes,MID,LEI,6.5,3.040728348
2021-22,26,291,Shelvey,MID,NEW,5.3,2.384187486
2021-22,26,115,Brownhill,MID,BUR,4.3,4.379362985
2021-22,26,250,Gundogan,MID,MCI,7.2,3.500191472
2021-22,26,225,Thiago,MID,LIV,5.3,4.905711623
2021-22,26,354,Sissoko,MID,WAT,4.4,4.522317855
2021-22,26,212,Maddison,MID,LEI,7.0,2.231767562
2021-22,26,419,Benrahma,MID,WHU,5.9,3.524621971
2021-22,26,461,Trincao,MID,WOL,5.6,4.916872635
2021-22,26,138,Mount,MID,CHE,7.6,0.663743718
2021-22,26,336,Redmond,MID,SOU,5.9,1.12377591
2021-22,26,173,Doucoure,MID,EVE,5.4,0.0
2021-22,26,702,Bentancur,MID,TOT,5.0,4.151006568
2021-22,26,281,Rashford,MID,MUN,9.4,3.064459175
2021-22,26,701,Kulusevski,MID,TOT,6.0,3.91528736
2021-22,26,148,McArthur,MID,CRY,4.3,4.586360291
2021-22,26,19,Willock,MID,NEW,5.7,2.211041741
2021-22,26,298,Fraser,MID,NEW,5.3,2.079940551
2021-22,26,423,Fornals,MID,WHU,6.0,3.28274672
2021-22,26,186,Klich,MID,LEE,5.2,4.367603727
2021-22,26,335,Romeu,MID,SOU,4.5,2.491657951
2021-22,26,50,Douglas Luiz,MID,AVL,4.4,2.700215155
2021-22,26,484,D Gray,MID,EVE,5.5,1.401032398
2021-22,26,339,S Armstrong,MID,SOU,5.8,2.722307163
2021-22,26,75,Moder,MID,BHA,4.5,2.848904099
2021-22,26,81,Canos,MID,BRE,5.5,2.379438814
2021-22,26,141,Havertz,MID,CHE,7.8,2.92440776
2021-22,26,193,T Roberts,MID,LEE,4.8,4.297925737
2021-22,26,266,Rodri,MID,MCI,5.5,2.844902787
2021-22,26,70,Bissouma,MID,BHA,4.4,2.609105358
2021-22,26,363,Alli,MID,EVE,6.2,2.224005272
2021-22,26,482,Townsend,MID,EVE,5.2,2.36729576
2021-22,26,272,Pogba,MID,MUN,7.4,2.938659272
2021-22,26,53,Lallana,MID,BHA,5.3,2.583833011
2021-22,26,587,Lookman,MID,LEI,6.0,2.506162526
2021-22,26,33,Grealish,MID,MCI,7.5,0.141609831
2021-22,26,421,Rice,MID,WHU,5.1,2.912554098
2021-22,26,123,Jorginho,MID,CHE,5.9,2.759650767
2021-22,26,285,McTominay,MID,MUN,5.4,2.678757266
2021-22,26,434,Dendoncker,MID,WOL,4.7,3.831527844
2021-22,26,438,Podence,MID,WOL,5.5,3.836222202
2021-22,26,696,Diaz,MID,LIV,8.0,4.103219097
2021-22,26,137,Pulisic,MID,CHE,7.9,2.308831999
2021-22,26,239,Keita,MID,LIV,5.0,3.255008602
2021-22,26,17,Pepe,MID,ARS,6.9,2.931417306
2021-22,26,449,Rashica,MID,NOR,5.2,2.151280498
2021-22,26,77,Norgaard,MID,BRE,5.0,2.255299333
2021-22,26,492,Bailey,MID,AVL,6.3,2.12778837
2021-22,26,216,Ndidi,MID,LEI,4.8,2.35269976
2021-22,26,517,Elyounoussi,MID,SOU,5.4,1.929305382
2021-22,26,125,Kovacic,MID,CHE,5.0,2.21096676
2021-22,26,55,Gross,MID,BHA,5.7,2.317143038
2021-22,26,524,Wissa,MID,BRE,5.9,2.354663561
2021-22,26,679,Kayembe,MID,WAT,5.0,2.844110361
2021-22,26,131,Ziyech,MID,CHE,7.3,2.156962962
2021-22,26,274,Fred,MID,MUN,4.9,1.752153602
2021-22,26,171,Allan,MID,EVE,4.3,2.139822457
2021-22,26,74,Mac Allister,MID,BHA,5.3,2.489778033
2021-22,26,84,Janelt,MID,BRE,5.0,2.135265373
2021-22,26,506,Elliott,MID,LIV,5.3,2.439178214
2021-22,26,495,Kucka,MID,WAT,5.5,2.669044345
2021-22,26,318,McLean,MID,NOR,4.9,2.068237582
2021-22,26,86,Jensen,MID,BRE,4.9,2.032190479
2021-22,26,381,Cleverley,MID,WAT,4.8,3.089485427
2021-22,26,60,March,MID,BHA,5.3,1.636248355
2021-22,26,308,Almiron,MID,NEW,5.1,1.414997869
2021-22,26,130,Kante,MID,CHE,4.9,2.140021123
2021-22,26,346,Tella,MID,SOU,4.7,0.0
2021-22,26,101,Cork,MID,BUR,4.4,1.882060727
2021-22,26,145,Gilmour,MID,NOR,4.3,1.966295747
2021-22,26,416,Lanzini,MID,WHU,5.8,0.758376252
2021-22,26,575,Lennon,MID,BUR,4.9,2.917842281
2021-22,26,462,Mwepu,MID,BHA,5.9,0.0
2021-22,26,512,Elanga,MID,MUN,4.8,1.515747328
2021-22,26,552,Forshaw,MID,LEE,4.5,2.59002677
2021-22,26,191,K Phillips,MID,LEE,4.7,0.0
2021-22,26,304,Murphy,MID,NEW,4.7,1.12807354
2021-22,26,108,Gudmundsson,MID,BUR,5.4,0.312437344
2021-22,26,366,Winks,MID,TOT,4.4,2.463329433
2021-22,26,373,Skipp,MID,TOT,4.4,0.56117806
2021-22,26,160,Eze,MID,CRY,5.9,1.881452632
2021-22,26,581,Normann,MID,NOR,4.5,1.559093224
2021-22,26,386,W Hughes,MID,CRY,4.7,2.777416574
2021-22,26,349,I Diallo,MID,SOU,4.5,1.944596811
2021-22,26,155,Schlupp,MID,CRY,5.4,2.2869466
2021-22,26,140,Hudson-Odoi,MID,CHE,5.3,1.010318775
2021-22,26,699,Eriksen,MID,BRE,5.5,0.0
2021-22,26,582,Vlasic,MID,WHU,5.7,1.369803191
2021-22,26,244,C Jones,MID,LIV,5.0,1.299749794
2021-22,26,478,Lokonga,MID,ARS,4.8,1.722537642
2021-22,26,505,Dewsbury-Hall,MID,LEI,4.4,1.522122213
2021-22,26,42,El Ghazi,MID,EVE,5.6,0.657044063
2021-22,26,369,Bergwijn,MID,TOT,5.9,1.130814076
2021-22,26,503,A Gordon,MID,EVE,4.5,1.188760434
2021-22,26,236,Minamino,MID,LIV,5.1,0.748514863
2021-22,26,221,Milner,MID,LIV,4.9,1.425693396
2021-22,26,152,Milivojevic,MID,CRY,5.3,1.562815065
2021-22,26,85,Ghoddos,MID,BRE,5.3,1.738300049
2021-22,26,211,Perez,MID,LEI,5.7,0.432806194
2021-22,26,471,Lees-Melou,MID,NOR,4.8,1.482361301
2021-22,26,464,Olise,MID,CRY,5.4,2.471449614
2021-22,26,227,Chamberlain,MID,LIV,5.8,1.027066503
2021-22,26,174,Iwobi,MID,EVE,5.8,0.613467114
2021-22,26,459,Mata,MID,MUN,4.7,0.766221925
2021-22,26,332,Walcott,MID,SOU,5.8,0.438895504
2021-22,26,551,Summerville,MID,LEE,4.5,0.574132151
2021-22,26,32,B Traore,MID,AVL,5.7,0.0
2021-22,26,317,Rupp,MID,NOR,4.4,0.0
2021-22,26,37,Trezeguet,MID,AVL,5.4,0.230964698
2021-22,26,328,Placheta,MID,NOR,4.7,0.655285448
2021-22,26,132,Loftus-Cheek,MID,CHE,5.4,0.20653313
2021-22,26,124,Barkley,MID,CHE,5.2,0.102267306
2021-22,26,612,Sarmiento,MID,BHA,4.5,0.0
2021-22,26,289,M Greenwood,MID,MUN,7.2,0.0
2021-22,26,625,K Gordon,MID,LIV,4.5,0.009399464
2021-22,26,692,Hutchinson,MID,ARS,4.5,0.008927438
2021-22,26,629,McAtee,MID,MCI,4.4,0.002307788
2021-22,26,693,Oulad,MID,ARS,4.5,0.008177989
2021-22,26,687,Giles,MID,WOL,4.5,0.008222193
2021-22,26,689,Chiquinho,MID,WOL,5.5,0.00819779
2021-22,26,508,Edozie,MID,MCI,4.7,0.002062286
2021-22,26,631,Jenkins,MID,LEE,4.5,0.003514351
2021-22,26,605,Lavia,MID,MCI,4.4,0.001868328
2021-22,26,620,Morton,MID,LIV,4.5,0.007857777
2021-22,26,628,Haygarth,MID,BRE,4.5,0.001759735
2021-22,26,630,Onyango,MID,EVE,4.5,0.001736742
2021-22,26,609,Anderson,MID,NEW,4.5,0.004016574
2021-22,26,668,H White,MID,TOT,4.4,0.007670142
2021-22,26,507,Palmer,MID,MCI,4.5,0.025816004
2021-22,26,671,Hall,MID,CHE,4.5,0.003881614
2021-22,26,613,Whitaker,MID,EVE,4.5,0.004051621
2021-22,26,672,Vale,MID,CHE,4.5,0.003882751
2021-22,26,634,Perkins,MID,WHU,4.5,0.004304202
2021-22,26,654,Leonard,MID,BHA,4.5,0.004099391
2021-22,26,648,Rowe,MID,NOR,4.4,0.003766892
2021-22,26,601,McKinstry,MID,LEE,4.3,0.007217763
2021-22,26,662,Peart-Harris,MID,BRE,4.5,0.00383136
2021-22,26,652,Oko-Flex,MID,WHU,4.4,0.004185251
2021-22,26,548,Campbell,MID,WOL,4.4,0.00728273
2021-22,26,543,Banks,MID,CRY,4.5,0.007547144
2021-22,26,658,Archie Gray,MID,LEE,4.5,0.007014385
2021-22,26,707,De Bolle,MID,NEW,4.5,0.003611481
2021-22,26,541,Rak-Sakyi,MID,CRY,4.4,0.007319219
2021-22,26,703,Chrisene,MID,AVL,4.5,0.003703735
2021-22,26,614,Maghoma,MID,BRE,4.5,0.003567688
2021-22,26,680,Chauke,MID,SOU,4.5,0.003566982
2021-22,26,600,Kenneh,MID,LEE,4.4,0.00669698
2021-22,26,683,Gibbs,MID,NOR,4.5,0.003357853
2021-22,26,646,Brunt,MID,LEI,4.5,0.003448202
2021-22,26,576,McCarron,MID,LEE,4.5,0.041940968
2021-22,26,664,Patino,MID,ARS,4.5,0.042728605
2021-22,26,350,Djenepo,MID,SOU,5.2,0.098494081
2021-22,26,157,Riedewald,MID,CRY,4.7,0.039117113
2021-22,26,176,T Davies,MID,EVE,4.8,0.0
2021-22,26,282,van de Beek,MID,EVE,5.7,1.649426626
2021-22,26,458,Soumare,MID,LEI,4.8,0.501757913
2021-22,26,82,Dasilva,MID,BRE,5.3,0.377219326
2021-22,26,405,Baah,MID,WAT,4.3,0.112251662
2021-22,26,12,Elneny,MID,ARS,4.4,0.547657947
2021-22,26,412,Yarmolenko,MID,WHU,5.1,0.99479472
2021-22,26,706,Mejbri,MID,MUN,4.5,0.057907863
2021-22,26,347,Smallbone,MID,SOU,4.5,0.082220589
2021-22,26,547,Cundle,MID,WOL,4.5,0.159133334
2021-22,26,309,S Longstaff,MID,NEW,4.4,0.079749491
2021-22,26,403,Louza,MID,WAT,5.2,1.285744356
2021-22,26,624,Bate,MID,LEE,4.5,0.627561621
2021-22,26,102,D Stephens,MID,BUR,4.4,0.156120234
2021-22,26,504,Gbamin,MID,EVE,4.4,0.077285306
2021-22,26,214,Choudhury,MID,LEI,4.4,0.076556773
2021-22,26,589,Kral,MID,WHU,4.4,0.245809062
2021-22,26,34,Sanson,MID,AVL,5.0,0.191024627
2021-22,26,406,Noble,MID,WHU,4.4,0.239681344
2021-22,26,163,Delph,MID,EVE,4.3,0.016546979
2021-22,26,638,Iroegbunam,MID,AVL,4.5,0.232715046
2021-22,26,41,Nakamba,MID,AVL,4.4,0.0
2021-22,26,592,Saul,MID,CHE,4.9,0.565999683
2021-22,26,202,Albrighton,MID,LEI,5.2,0.673149458
2021-22,26,698,Kalu,MID,WAT,5.0,1.408047791
2021-22,26,323,Dowell,MID,NOR,5.1,0.614879538
2021-22,26,526,Chukwuemeka,MID,AVL,4.5,0.214284148
2021-22,26,276,Lingard,MID,MUN,6.7,0.476519186
2021-22,26,79,Fosu,MID,BRE,5.1,0.075433954
2021-22,26,453,Fernandinho,MID,MCI,4.8,0.598126514
2021-22,26,172,Gomes,MID,EVE,4.9,1.763014229
2021-22,26,271,Matic,MID,MUN,4.3,0.350607471
2021-22,26,467,Etebo,MID,WAT,4.3,0.776635551
2021-22,26,538,Caicedo,MID,BHA,4.5,0.457552415
2021-22,26,391,Sema,MID,WAT,5.2,0.470902847
2021-22,26,197,Shackleton,MID,LEE,4.4,0.440884973
2021-22,26,499,S Baptiste,MID,BRE,4.9,1.131161763
2021-22,26,203,N Mendy,MID,LEI,4.3,0.31594021
2021-22,26,73,Alzate,MID,BHA,4.8,0.431179075
2021-22,26,528,Tzolis,MID,NOR,4.8,0.831549061
2021-22,26,479,Onyeka,MID,BRE,4.9,1.30226684
2021-22,26,357,Kane,FWD,TOT,12.3,8.475322725
2021-22,26,430,Jimenez,FWD,WOL,7.4,7.441383121
2021-22,26,6,Lacazette,FWD,ARS,8.4,7.885367216
2021-22,26,109,Wood,FWD,NEW,6.7,3.588887467
2021-22,26,228,Firmino,FWD,LIV,8.7,9.228708808
2021-22,26,177,Calvert-Lewin,FWD,EVE,7.9,4.025000469
2021-22,26,468,King,FWD,WAT,5.9,6.707123994
2021-22,26,579,Ronaldo,FWD,MUN,12.5,4.626601042
2021-22,26,40,Watkins,FWD,AVL,7.7,3.827720822
2021-22,26,700,Weghorst,FWD,BUR,6.5,5.832105123
2021-22,26,345,Adams,FWD,SOU,6.8,3.661951158
2021-22,26,307,Saint-Maximin,FWD,NEW,6.7,3.179461189
2021-22,26,413,Antonio,FWD,WHU,7.9,4.596548008
2021-22,26,529,Lukaku,FWD,CHE,11.5,4.367807634
2021-22,26,187,Rodrigo,FWD,LEE,6.2,5.581566837
2021-22,26,583,Hwang,FWD,WOL,5.4,5.511270349
2021-22,26,63,Maupay,FWD,BHA,6.5,3.688025389
2021-22,26,450,Dennis,FWD,WAT,6.2,5.622295052
2021-22,26,518,Broja,FWD,SOU,5.2,3.203695568
2021-22,26,263,Jesus,FWD,MCI,8.5,2.672899806
2021-22,26,78,Toney,FWD,BRE,6.6,1.373913542
2021-22,26,180,Richarlison,FWD,EVE,7.4,2.85488467
2021-22,26,315,Pukki,FWD,NOR,5.8,2.811203455
2021-22,26,586,Edouard,FWD,CRY,6.5,5.059199713
2021-22,26,205,Vardy,FWD,LEI,10.3,0.361864198
2021-22,26,213,Iheanacho,FWD,LEI,6.9,2.976798696
2021-22,26,525,A Armstrong,FWD,SOU,5.7,2.331726194
2021-22,26,310,Joelinton,FWD,NEW,5.8,2.046454388
2021-22,26,153,Ayew,FWD,CRY,5.8,4.294935905
2021-22,26,104,Jay Rodriguez,FWD,BUR,5.2,4.064345618
2021-22,26,105,A Barnes,FWD,BUR,5.2,3.642833885
2021-22,26,404,Joao Pedro,FWD,WAT,5.4,3.641022546
2021-22,26,455,Daka,FWD,LEI,7.2,2.59610331
2021-22,26,337,Ings,FWD,AVL,7.7,3.020194227
2021-22,26,516,Sargent,FWD,NOR,5.4,2.100353557
2021-22,26,189,Bamford,FWD,LEE,7.7,0.0
2021-22,26,447,Welbeck,FWD,BHA,5.9,2.034425266
2021-22,26,149,Benteke,FWD,CRY,6.1,3.59707952
2021-22,26,134,Werner,FWD,CHE,8.6,1.530431564
2021-22,26,269,Cavani,FWD,MUN,8.4,0.114749763
2021-22,26,20,Nketiah,FWD,ARS,5.4,2.149059755
2021-22,26,300,Gayle,FWD,NEW,5.2,0.9242216
2021-22,26,472,Cucho,FWD,WAT,5.0,1.854464102
2021-22,26,296,Wilson,FWD,NEW,7.2,0.0
2021-22,26,577,Gelhardt,FWD,LEE,4.6,1.309226379
2021-22,26,235,Origi,FWD,LIV,4.8,0.242481163
2021-22,26,329,Idah,FWD,NOR,4.9,0.0
2021-22,26,704,Delap,FWD,MCI,4.5,0.002163385
2021-22,26,533,Richardson,FWD,BUR,4.4,0.003646177
2021-22,26,622,Tosun,FWD,EVE,5.0,0.004415579
2021-22,26,694,Biereth,FWD,ARS,4.5,0.007737003
2021-22,26,663,Kayky,FWD,MCI,5.0,0.001898106
2021-22,26,159,Mateta,FWD,CRY,5.2,0.047105338
2021-22,26,655,E Ferguson,FWD,BHA,4.5,0.003955882
2021-22,26,520,Scarlett,FWD,TOT,4.5,0.016010567
2021-22,26,640,Young-Coombes,FWD,BRE,4.5,0.003664762
2021-22,26,607,Dobbin,FWD,EVE,4.5,0.003432029
2021-22,26,395,Fletcher,FWD,WAT,4.8,0.044366083
2021-22,26,550,S Greenwood,FWD,LEE,4.5,0.036360308
2021-22,26,519,S Long,FWD,SOU,5.4,0.287528405
2021-22,26,445,F Silva,FWD,WOL,5.6,0.541168012
2021-22,26,591,Rondon,FWD,EVE,6.0,0.465215571
2021-22,26,111,Vydra,FWD,BUR,5.2,0.082810771
2021-22,27,295,Dubravka,GK,NEW,4.4,3.556435703
2021-22,27,112,Pope,GK,BUR,5.4,7.640047269
2021-22,27,30,Martinez,GK,AVL,5.5,3.78639648
2021-22,27,475,Sa,GK,WOL,5.2,3.449367933
2021-22,27,69,R Sanchez,GK,BHA,4.6,3.941922494
2021-22,27,353,Lloris,GK,TOT,5.4,3.635369471
2021-22,27,231,Alisson,GK,LIV,6.0,0.0
2021-22,27,199,Meslier,GK,LEE,4.8,3.146958474
2021-22,27,559,Ramsdale,GK,ARS,5.1,0.0
2021-22,27,257,Ederson,GK,MCI,6.1,4.065486024
2021-22,27,170,Pickford,GK,EVE,4.9,2.948854071
2021-22,27,143,E Mendy,GK,CHE,6.1,0.0
2021-22,27,80,Raya,GK,BRE,4.3,3.899943894
2021-22,27,270,de Gea,GK,MUN,5.3,3.973501454
2021-22,27,408,Fabianski,GK,WHU,5.0,3.872306598
2021-22,27,333,Forster,GK,SOU,4.4,3.972887661
2021-22,27,146,Guaita,GK,CRY,4.6,2.679171845
2021-22,27,200,Schmeichel,GK,LEI,4.8,3.307599074
2021-22,27,314,Krul,GK,NOR,4.5,0.86837151
2021-22,27,376,Foster,GK,WAT,4.1,1.716409428
2021-22,27,334,McCarthy,GK,SOU,4.4,0.0
2021-22,27,156,Butland,GK,CRY,4.4,1.412889099
2021-22,27,448,Gunn,GK,NOR,4.0,1.853532572
2021-22,27,389,Bachmann,GK,WAT,4.2,0.530308741
2021-22,27,489,Areola,GK,WHU,4.7,0.199397748
2021-22,27,129,Kepa,GK,CHE,4.7,0.0
2021-22,27,294,Darlow,GK,NEW,4.5,0.090810409
2021-22,27,242,Kelleher,GK,LIV,4.3,0.0
2021-22,27,1,Leno,GK,ARS,4.5,0.0
2021-22,27,480,Hennessey,GK,BUR,4.5,0.175344154
2021-22,27,486,Gollini,GK,TOT,4.3,0.067150278
2021-22,27,260,Steffen,GK,MCI,4.4,0.078561499
2021-22,27,691,Olsen,GK,AVL,4.0,0.072381403
2021-22,27,452,Ruddy,GK,WOL,4.3,0.063976042
2021-22,27,280,D Henderson,GK,MUN,4.7,0.099836029
2021-22,27,673,Lossl,GK,BRE,4.5,0.083259786
2021-22,27,490,Klaesson,GK,LEE,4.3,0.060545971
2021-22,27,54,Steele,GK,BHA,4.0,0.053891174
2021-22,27,481,Begovic,GK,EVE,4.0,0.043367681
2021-22,27,204,D Ward,GK,LEI,4.0,0.060916405
2021-22,27,641,Caballero,GK,SOU,4.3,0.075870716
2021-22,27,556,A Fernandez,GK,BRE,4.5,0.016362568
2021-22,27,593,Carson,GK,MCI,3.9,0.008434939
2021-22,27,114,Norris,GK,BUR,4.4,0.014147054
2021-22,27,606,Bettinelli,GK,CHE,4.0,0.0
2021-22,27,561,Matthews,GK,CRY,3.9,0.008271404
2021-22,27,407,Randolph,GK,WHU,4.3,0.007281506
2021-22,27,596,Sinisalo,GK,AVL,4.0,0.006142182
2021-22,27,509,Heaton,GK,MUN,3.9,0.007826313
2021-22,27,571,Lonergan,GK,EVE,4.0,0.00512625
2021-22,27,313,McGovern,GK,NOR,3.9,0.02771249
2021-22,27,572,Okonkwo,GK,ARS,3.9,0.0
2021-22,27,619,Cox,GK,BRE,4.0,0.003818291
2021-22,27,573,Jakupovic,GK,LEI,3.9,0.006604075
2021-22,27,656,Pitaluga,GK,LIV,4.0,0.0
2021-22,27,514,Gillespie,GK,NEW,3.9,0.000728269
2021-22,27,223,Adrian,GK,LIV,4.3,0.0
2021-22,27,574,Elliot,GK,WAT,4.0,0.004259637
2021-22,27,615,Slicker,GK,MCI,4.0,0.000753478
2021-22,27,666,McCracken,GK,NOR,4.0,0.004925732
2021-22,27,637,H Lewis,GK,SOU,3.9,0.007029905
2021-22,27,616,Tyrer,GK,EVE,4.0,0.00048562
2021-22,27,642,Angelini,GK,WAT,4.0,0.000374738
2021-22,27,688,McGill,GK,BHA,4.0,0.004229056
2021-22,27,659,Austin,GK,TOT,4.0,0.004003734
2021-22,27,621,Storer,GK,WOL,4.0,0.003758566
2021-22,27,708,Waller,GK,BUR,4.0,0.007732802
2021-22,27,237,Trent,DEF,LIV,8.5,0.0
2021-22,27,234,Robertson,DEF,LIV,7.2,0.0
2021-22,27,256,Cancelo,DEF,MCI,7.1,3.7970551
2021-22,27,168,Digne,DEF,AVL,5.1,3.38685497
2021-22,27,59,Dunk,DEF,BHA,4.8,3.870955878
2021-22,27,584,Cucurella,DEF,BHA,5.1,3.922549325
2021-22,27,343,Bednarek,DEF,SOU,4.4,4.107108818
2021-22,27,431,Saiss,DEF,WOL,5.0,2.703158831
2021-22,27,229,van Dijk,DEF,LIV,6.7,0.0
2021-22,27,39,Targett,DEF,NEW,4.7,3.053371421
2021-22,27,437,Semedo,DEF,WOL,4.8,1.636030131
2021-22,27,429,Coady,DEF,WOL,4.7,2.622012001
2021-22,27,342,Walker-Peters,DEF,SOU,4.8,3.878982636
2021-22,27,364,Ben T Davies,DEF,TOT,4.5,3.14157514
2021-22,27,45,Konsa,DEF,AVL,4.9,2.983203763
2021-22,27,142,R James,DEF,CHE,6.2,0.0
2021-22,27,259,Laporte,DEF,MCI,5.8,3.552091942
2021-22,27,38,Mings,DEF,AVL,5.0,2.963560336
2021-22,27,262,Dias,DEF,MCI,6.3,3.628470426
2021-22,27,370,Reguilon,DEF,TOT,5.3,2.48495606
2021-22,27,127,Rudiger,DEF,CHE,6.1,0.0
2021-22,27,361,Dier,DEF,TOT,4.6,2.99601663
2021-22,27,62,Veltman,DEF,BHA,4.2,3.42798686
2021-22,27,98,Tarkowski,DEF,BUR,4.9,6.198015584
2021-22,27,351,Salisu,DEF,SOU,4.5,3.617025945
2021-22,27,44,Cash,DEF,AVL,5.1,2.816254033
2021-22,27,16,Tierney,DEF,ARS,5.1,0.0
2021-22,27,305,Schar,DEF,NEW,4.3,2.665108136
2021-22,27,23,Gabriel,DEF,ARS,5.3,0.0
2021-22,27,61,Webster,DEF,BHA,4.4,1.688060746
2021-22,27,106,Mee,DEF,BUR,4.8,6.008746216
2021-22,27,411,A Cresswell,DEF,WHU,5.3,4.311467459
2021-22,27,58,Burn,DEF,NEW,4.4,2.571235424
2021-22,27,491,Livramento,DEF,SOU,4.3,3.399894577
2021-22,27,303,Krafth,DEF,NEW,4.3,2.636432451
2021-22,27,121,T Silva,DEF,CHE,5.6,0.0
2021-22,27,224,Matip,DEF,LIV,4.9,0.0
2021-22,27,185,Ayling,DEF,LEE,4.3,2.371456328
2021-22,27,91,Pinnock,DEF,BRE,4.5,3.750948257
2021-22,27,470,Ait-Nouri,DEF,WOL,4.4,2.361935976
2021-22,27,67,B White,DEF,ARS,4.5,0.0
2021-22,27,590,Tomiyasu,DEF,ARS,4.6,0.0
2021-22,27,585,C Roberts,DEF,BUR,4.5,5.457251165
2021-22,27,169,Keane,DEF,EVE,4.8,1.986650101
2021-22,27,588,Emerson R,DEF,TOT,4.8,2.318715679
2021-22,27,439,Kilman,DEF,WOL,4.6,2.116804273
2021-22,27,83,Henry,DEF,BRE,4.5,3.567274552
2021-22,27,249,Walker,DEF,MCI,5.4,3.03001283
2021-22,27,119,Azpilicueta,DEF,CHE,5.6,0.0
2021-22,27,76,Jansson,DEF,BRE,4.5,3.56489438
2021-22,27,190,Llorente,DEF,LEE,4.5,2.183897132
2021-22,27,494,Romero,DEF,TOT,4.8,2.510074786
2021-22,27,414,Dawson,DEF,WHU,4.9,3.813932802
2021-22,27,165,Coleman,DEF,EVE,4.9,1.909272344
2021-22,27,198,Struijk,DEF,LEE,4.3,2.142462062
2021-22,27,463,Firpo,DEF,LEE,4.7,2.046884695
2021-22,27,71,Lamptey,DEF,BHA,4.5,2.831329571
2021-22,27,675,Mykolenko,DEF,EVE,5.0,1.782336013
2021-22,27,252,Stones,DEF,MCI,5.2,2.06141832
2021-22,27,555,Varane,DEF,MUN,5.5,3.792121007
2021-22,27,128,Zouma,DEF,WHU,5.4,3.609607907
2021-22,27,162,Mitchell,DEF,CRY,4.5,3.719995399
2021-22,27,360,Doherty,DEF,TOT,4.7,1.649061588
2021-22,27,488,Andersen,DEF,CRY,4.5,3.765311377
2021-22,27,194,Koch,DEF,LEE,4.3,2.016495286
2021-22,27,122,Alonso,DEF,CHE,5.6,0.0
2021-22,27,477,Guehi,DEF,CRY,4.5,3.681563323
2021-22,27,483,Ajer,DEF,BRE,4.4,2.771745149
2021-22,27,113,Taylor,DEF,BUR,4.4,3.190519716
2021-22,27,264,Zinchenko,DEF,MCI,5.3,1.996486839
2021-22,27,133,Christensen,DEF,CHE,4.6,0.0
2021-22,27,178,Holgate,DEF,EVE,4.2,1.732342233
2021-22,27,273,Maguire,DEF,MUN,5.4,3.55445424
2021-22,27,150,Kouyate,DEF,CRY,4.5,3.26023039
2021-22,27,460,Perraud,DEF,SOU,4.8,1.230549647
2021-22,27,56,Duffy,DEF,BHA,4.1,2.525049161
2021-22,27,510,Dalot,DEF,MUN,4.6,3.053844178
2021-22,27,275,Shaw,DEF,MUN,5.0,2.660109787
2021-22,27,367,D Sanchez,DEF,TOT,4.6,1.278040505
2021-22,27,217,Soyuncu,DEF,LEI,4.9,2.886812133
2021-22,27,433,Jonny,DEF,WOL,4.5,1.438833532
2021-22,27,207,R Pereira,DEF,LEI,5.2,2.22683774
2021-22,27,428,Boly,DEF,WOL,4.9,0.856203732
2021-22,27,425,Johnson,DEF,WHU,3.9,2.927848308
2021-22,27,218,Justin,DEF,LEI,4.9,2.06206923
2021-22,27,326,Aarons,DEF,NOR,4.3,2.053457594
2021-22,27,319,Hanley,DEF,NOR,4.4,2.036659706
2021-22,27,493,Clyne,DEF,CRY,4.3,3.24068014
2021-22,27,456,Gibson,DEF,NOR,4.4,1.99059428
2021-22,27,382,Femenia,DEF,WAT,4.3,1.506885131
2021-22,27,279,Telles,DEF,MUN,5.0,1.68331079
2021-22,27,220,Fofana,DEF,LEI,4.3,2.285561187
2021-22,27,100,Pieters,DEF,BUR,4.2,2.986392334
2021-22,27,299,Lascelles,DEF,NEW,4.4,0.899291033
2021-22,27,243,Konate,DEF,LIV,5.1,0.0
2021-22,27,179,Godfrey,DEF,EVE,4.7,0.0
2021-22,27,594,Zanka,DEF,BRE,4.5,1.229123362
2021-22,27,258,Ake,DEF,MCI,4.7,0.708610893
2021-22,27,676,Kamara,DEF,WAT,4.5,1.127513204
2021-22,27,527,T Chalobah,DEF,CHE,4.7,0.0
2021-22,27,219,L Thomas,DEF,LEI,4.3,1.827132757
2021-22,27,379,Cathcart,DEF,WAT,4.3,1.280013413
2021-22,27,418,Coufal,DEF,WHU,4.8,0.0
2021-22,27,110,Lowton,DEF,BUR,4.4,1.047798013
2021-22,27,245,Tsimikas,DEF,LIV,3.7,0.0
2021-22,27,501,M Sarr,DEF,CHE,4.9,0.0
2021-22,27,288,Wan-Bissaka,DEF,MUN,5.1,0.817787907
2021-22,27,677,Samir,DEF,WAT,4.5,1.204140126
2021-22,27,432,Marcal,DEF,WOL,4.2,0.37167655
2021-22,27,368,Sessegnon,DEF,TOT,4.3,0.791583157
2021-22,27,10,Chambers,DEF,AVL,4.2,0.429423984
2021-22,27,338,J Stephens,DEF,SOU,4.4,0.47413942
2021-22,27,474,J Ward,DEF,CRY,4.5,0.0
2021-22,27,209,Castagne,DEF,LEI,5.3,0.275338573
2021-22,27,301,Dummett,DEF,NEW,4.5,0.428873338
2021-22,27,208,Amartey,DEF,LEI,3.8,1.458416012
2021-22,27,424,Diop,DEF,WHU,4.3,0.6506212
2021-22,27,290,B Williams,DEF,NOR,3.9,1.705108358
2021-22,27,284,Lindelof,DEF,MUN,4.8,0.732809815
2021-22,27,147,Tomkins,DEF,CRY,4.3,0.5926071
2021-22,27,14,Holding,DEF,ARS,4.1,0.0
2021-22,27,674,Patterson,DEF,EVE,4.3,0.356676006
2021-22,27,340,Vestergaard,DEF,LEI,4.7,0.732690357
2021-22,27,302,Manquillo,DEF,NEW,3.9,0.131137879
2021-22,27,415,Fredericks,DEF,WHU,4.4,1.246973803
2021-22,27,466,Tavares,DEF,ARS,4.3,0.0
2021-22,27,89,Roerslev,DEF,BRE,4.2,0.494105786
2021-22,27,90,M Sorensen,DEF,BRE,4.3,0.318209798
2021-22,27,451,Collins,DEF,BUR,4.3,0.48483901
2021-22,27,201,Evans,DEF,LEI,5.4,0.0
2021-22,27,580,Kabak,DEF,NOR,4.3,0.444295057
2021-22,27,36,Hause,DEF,AVL,4.4,0.138516497
2021-22,27,238,Gomez,DEF,LIV,4.7,0.0
2021-22,27,5,Cedric,DEF,ARS,4.2,0.0
2021-22,27,678,Trippier,DEF,NEW,5.0,0.0
2021-22,27,151,Kelly,DEF,CRY,3.9,0.262763185
2021-22,27,465,F Fernandez,DEF,NEW,4.3,0.079292752
2021-22,27,446,Mosquera,DEF,WOL,4.4,0.086703074
2021-22,27,371,Tanganga,DEF,TOT,4.2,0.0
2021-22,27,292,Ritchie,DEF,NEW,4.9,0.0
2021-22,27,390,Masina,DEF,WAT,4.3,0.501785085
2021-22,27,184,Cooper,DEF,LEE,4.4,0.0
2021-22,27,502,Kenny,DEF,EVE,4.4,0.314061387
2021-22,27,374,Rodon,DEF,TOT,4.2,0.072035817
2021-22,27,286,Bailly,DEF,MUN,4.9,0.170211194
2021-22,27,544,Branthwaite,DEF,EVE,4.0,0.191323785
2021-22,27,396,Sierralta,DEF,WAT,4.3,0.31832222
2021-22,27,443,Hoever,DEF,WOL,3.9,0.095750192
2021-22,27,473,Bertrand,DEF,LEI,4.6,0.0
2021-22,27,632,P Jones,DEF,MUN,4.5,0.086183879
2021-22,27,247,R Williams,DEF,LIV,4.4,0.0
2021-22,27,667,Small,DEF,SOU,4.0,0.038358855
2021-22,27,158,Jach,DEF,CRY,4.3,0.043926968
2021-22,27,331,Omobamidele,DEF,NOR,3.9,0.0
2021-22,27,99,Bardsley,DEF,BUR,3.9,0.060706512
2021-22,27,563,C Cresswell,DEF,LEE,4.0,0.047373444
2021-22,27,560,H Roberts,DEF,BHA,3.9,0.01397561
2021-22,27,52,Young,DEF,AVL,4.7,0.739910691
2021-22,27,327,J Sorensen,DEF,NOR,4.3,0.025038991
2021-22,27,569,Stevens,DEF,BRE,3.9,0.01375804
2021-22,27,103,K Long,DEF,BUR,4.0,0.011551164
2021-22,27,546,Valery,DEF,SOU,3.9,0.006041385
2021-22,27,324,Zimmermann,DEF,NOR,4.4,0.022970004
2021-22,27,610,Bogarde,DEF,AVL,4.0,0.005069591
2021-22,27,565,Dodgson,DEF,BUR,3.9,0.005650365
2021-22,27,554,J Baptiste,DEF,WHU,4.0,0.006607067
2021-22,27,534,B Thomas,DEF,BUR,3.9,0.005202627
2021-22,27,690,Kenedy,DEF,CHE,4.5,0.0
2021-22,27,567,Lyanco,DEF,SOU,4.4,0.0
2021-22,27,618,Nkoulou,DEF,WAT,4.4,0.0
2021-22,27,161,N Ferguson,DEF,CRY,4.5,0.0
2021-22,27,175,Mina,DEF,EVE,4.9,0.0
2021-22,27,409,Ogbonna,DEF,WHU,4.9,0.0
2021-22,27,135,Chilwell,DEF,CHE,5.6,0.0
2021-22,27,598,Omole,DEF,TOT,3.9,0.004618321
2021-22,27,626,Bradley,DEF,LIV,4.0,0.0
2021-22,27,604,Wilson-Esbrand,DEF,MCI,3.9,0.002278958
2021-22,27,603,Mbete,DEF,MCI,3.9,0.002262739
2021-22,27,627,Beck,DEF,LIV,4.0,0.0
2021-22,27,651,Egan-Riley,DEF,MCI,4.0,0.002225569
2021-22,27,660,Quansah,DEF,LIV,4.0,0.0
2021-22,27,540,Hannam,DEF,CRY,3.9,0.005592222
2021-22,27,711,Swanson,DEF,ARS,4.0,0.0
2021-22,27,705,Awe,DEF,ARS,4.0,0.0
2021-22,27,384,Kabasele,DEF,WAT,4.3,0.038775411
2021-22,27,653,Turns,DEF,BHA,4.0,0.00413782
2021-22,27,635,Bueno,DEF,WOL,4.0,0.003607561
2021-22,27,685,Toti,DEF,WOL,4.5,0.003570352
2021-22,27,684,K Hayden,DEF,AVL,4.0,0.003803782
2021-22,27,608,Hjelde,DEF,LEE,4.0,0.0
2021-22,27,617,Ashby,DEF,WHU,4.0,0.004565557
2021-22,27,670,Feeney,DEF,AVL,4.0,0.003698107
2021-22,27,709,Adaramola,DEF,CRY,4.0,0.004376308
2021-22,27,682,Ekwah,DEF,WHU,4.0,0.0043203
2021-22,27,644,Alese,DEF,WHU,4.0,0.004310724
2021-22,27,657,Moore,DEF,LEE,4.0,0.003331502
2021-22,27,623,Welch,DEF,EVE,4.0,0.003066364
2021-22,27,639,Daley-Campbell,DEF,LEI,4.0,0.003822414
2021-22,27,643,Tomkinson,DEF,NOR,4.0,0.003345153
2021-22,27,645,B Nelson,DEF,LEI,4.0,0.003753361
2021-22,27,633,Morris,DEF,WAT,4.0,0.002815224
2021-22,27,417,Masuaku,DEF,WHU,4.4,0.238640465
2021-22,27,457,Giannoulis,DEF,NOR,4.4,0.303969419
2021-22,27,387,Troost-Ekong,DEF,WAT,4.3,0.281467862
2021-22,27,321,Byram,DEF,NOR,4.4,0.204531477
2021-22,27,400,Ngakia,DEF,WAT,4.3,0.344744767
2021-22,27,359,Son,MID,TOT,10.8,5.603239009
2021-22,27,233,Salah,MID,LIV,13.1,0.0
2021-22,27,196,Raphinha,MID,LEE,6.5,4.041858947
2021-22,27,230,Mane,MID,LIV,11.7,0.0
2021-22,27,341,Ward-Prowse,MID,SOU,6.5,4.395307157
2021-22,27,681,Coutinho,MID,AVL,7.3,3.302243076
2021-22,27,277,Fernandes,MID,MUN,11.7,5.560936025
2021-22,27,255,Sterling,MID,MCI,10.7,4.560591584
2021-22,27,399,I Sarr,MID,WAT,5.7,3.343593326
2021-22,27,420,Bowen,MID,WHU,7.1,4.49540121
2021-22,27,64,Trossard,MID,BHA,6.0,3.586439353
2021-22,27,251,De Bruyne,MID,MCI,11.9,4.255048403
2021-22,27,267,Harrison,MID,LEE,5.5,3.170050402
2021-22,27,265,Foden,MID,MCI,7.9,4.104496131
2021-22,27,240,Jota,MID,LIV,8.4,0.0
2021-22,27,22,Saka,MID,ARS,6.5,0.0
2021-22,27,154,Zaha,MID,CRY,6.8,4.397801322
2021-22,27,188,Dallas,MID,LEE,4.9,2.926903771
2021-22,27,441,Neto,MID,WOL,6.4,2.103606767
2021-22,27,210,Tielemans,MID,LEI,6.4,3.612451441
2021-22,27,697,Guimaraes,MID,NEW,4.9,2.415403923
2021-22,27,485,Sancho,MID,MUN,8.9,4.475553633
2021-22,27,254,Mahrez,MID,MCI,8.7,3.891306466
2021-22,27,26,Martinelli,MID,ARS,5.3,0.0
2021-22,27,701,Kulusevski,MID,TOT,6.0,3.113805983
2021-22,27,43,Buendia,MID,AVL,6.2,2.534959757
2021-22,27,339,S Armstrong,MID,SOU,5.8,3.389464014
2021-22,27,261,B Silva,MID,MCI,7.3,3.571568559
2021-22,27,118,McNeil,MID,BUR,5.7,5.590743177
2021-22,27,291,Shelvey,MID,NEW,5.3,2.611873478
2021-22,27,51,J Ramsey,MID,AVL,4.8,2.533598558
2021-22,27,35,McGinn,MID,AVL,5.7,2.522207258
2021-22,27,558,Odegaard,MID,ARS,5.5,0.0
2021-22,27,287,D James,MID,LEE,6.0,2.615293439
2021-22,27,138,Mount,MID,CHE,7.5,0.0
2021-22,27,173,Doucoure,MID,EVE,5.3,1.742247295
2021-22,27,19,Willock,MID,NEW,5.7,2.859230395
2021-22,27,96,Mbeumo,MID,BRE,5.2,3.533932679
2021-22,27,107,Westwood,MID,BUR,5.3,5.271336047
2021-22,27,422,Soucek,MID,WHU,5.7,3.554845234
2021-22,27,212,Maddison,MID,LEI,6.8,3.186083487
2021-22,27,215,H Barnes,MID,LEI,6.5,3.015065474
2021-22,27,436,Neves,MID,WOL,5.3,2.376581955
2021-22,27,144,Gallagher,MID,CRY,6.2,3.677089165
2021-22,27,426,Moutinho,MID,WOL,4.9,2.400743824
2021-22,27,281,Rashford,MID,MUN,9.4,4.386532114
2021-22,27,21,Smith Rowe,MID,ARS,5.8,0.0
2021-22,27,365,Hojbjerg,MID,TOT,4.9,2.844533873
2021-22,27,250,Gundogan,MID,MCI,7.1,3.226734133
2021-22,27,335,Romeu,MID,SOU,4.5,2.722462126
2021-22,27,336,Redmond,MID,SOU,5.9,2.186968235
2021-22,27,578,Cornet,MID,BUR,5.9,4.631007252
2021-22,27,298,Fraser,MID,NEW,5.3,1.637868866
2021-22,27,484,D Gray,MID,EVE,5.5,1.609685722
2021-22,27,272,Pogba,MID,MUN,7.4,3.903590111
2021-22,27,419,Benrahma,MID,WHU,5.9,3.150983807
2021-22,27,115,Brownhill,MID,BUR,4.3,4.623222833
2021-22,27,232,Fabinho,MID,LIV,5.4,0.0
2021-22,27,517,Elyounoussi,MID,SOU,5.4,3.116156724
2021-22,27,50,Douglas Luiz,MID,AVL,4.4,2.207444143
2021-22,27,696,Diaz,MID,LIV,8.0,0.0
2021-22,27,33,Grealish,MID,MCI,7.5,2.030632879
2021-22,27,81,Canos,MID,BRE,5.5,2.948660759
2021-22,27,141,Havertz,MID,CHE,7.8,0.0
2021-22,27,587,Lookman,MID,LEI,6.0,2.42435309
2021-22,27,362,Lucas Moura,MID,TOT,6.4,2.433509473
2021-22,27,75,Moder,MID,BHA,4.5,2.40703438
2021-22,27,70,Bissouma,MID,BHA,4.4,2.331248593
2021-22,27,15,Partey,MID,ARS,5.0,0.0
2021-22,27,354,Sissoko,MID,WAT,4.4,2.111468038
2021-22,27,7,Xhaka,MID,ARS,4.8,0.0
2021-22,27,423,Fornals,MID,WHU,6.0,2.914641172
2021-22,27,53,Lallana,MID,BHA,5.3,2.312325446
2021-22,27,266,Rodri,MID,MCI,5.5,2.675309133
2021-22,27,186,Klich,MID,LEE,5.2,1.992770777
2021-22,27,222,J Henderson,MID,LIV,5.0,0.0
2021-22,27,282,van de Beek,MID,EVE,5.7,2.065691028
2021-22,27,123,Jorginho,MID,CHE,5.8,0.0
2021-22,27,77,Norgaard,MID,BRE,5.0,2.780865745
2021-22,27,421,Rice,MID,WHU,5.1,2.780442874
2021-22,27,449,Rashica,MID,NOR,5.2,2.421219057
2021-22,27,461,Trincao,MID,WOL,5.6,1.964984521
2021-22,27,137,Pulisic,MID,CHE,7.9,0.0
2021-22,27,225,Thiago,MID,LIV,5.3,0.0
2021-22,27,274,Fred,MID,MUN,4.9,3.013478999
2021-22,27,699,Eriksen,MID,BRE,5.5,2.444542265
2021-22,27,482,Townsend,MID,EVE,5.2,1.424434108
2021-22,27,363,Alli,MID,EVE,6.2,1.627329273
2021-22,27,216,Ndidi,MID,LEI,4.8,2.463544133
2021-22,27,308,Almiron,MID,NEW,5.1,2.06296874
2021-22,27,492,Bailey,MID,AVL,6.3,1.571389563
2021-22,27,148,McArthur,MID,CRY,4.3,2.530751383
2021-22,27,84,Janelt,MID,BRE,5.0,2.453857168
2021-22,27,318,McLean,MID,NOR,4.9,2.283839728
2021-22,27,702,Bentancur,MID,TOT,5.0,0.0
2021-22,27,125,Kovacic,MID,CHE,5.0,0.0
2021-22,27,171,Allan,MID,EVE,4.3,1.938630001
2021-22,27,145,Gilmour,MID,NOR,4.3,2.179362086
2021-22,27,462,Mwepu,MID,BHA,5.9,0.331698083
2021-22,27,130,Kante,MID,CHE,4.9,0.0
2021-22,27,524,Wissa,MID,BRE,5.8,2.162757084
2021-22,27,131,Ziyech,MID,CHE,7.3,0.0
2021-22,27,55,Gross,MID,BHA,5.7,1.327262198
2021-22,27,86,Jensen,MID,BRE,4.9,2.078647048
2021-22,27,304,Murphy,MID,NEW,4.7,2.104459962
2021-22,27,416,Lanzini,MID,WHU,5.8,1.488411983
2021-22,27,17,Pepe,MID,ARS,6.9,0.0
2021-22,27,60,March,MID,BHA,5.3,1.398613459
2021-22,27,512,Elanga,MID,MUN,4.8,2.703196727
2021-22,27,575,Lennon,MID,BUR,4.9,3.350096646
2021-22,27,285,McTominay,MID,MUN,5.4,0.0
2021-22,27,74,Mac Allister,MID,BHA,5.3,1.125435692
2021-22,27,346,Tella,MID,SOU,4.7,0.0
2021-22,27,679,Kayembe,MID,WAT,4.8,1.313419625
2021-22,27,101,Cork,MID,BUR,4.4,2.159638968
2021-22,27,581,Normann,MID,NOR,4.5,2.020892188
2021-22,27,438,Podence,MID,WOL,5.5,1.527320137
2021-22,27,434,Dendoncker,MID,WOL,4.7,1.551305539
2021-22,27,495,Kucka,MID,WAT,5.5,1.089371274
2021-22,27,239,Keita,MID,LIV,5.0,0.0
2021-22,27,552,Forshaw,MID,LEE,4.5,1.636049846
2021-22,27,506,Elliott,MID,LIV,5.3,0.0
2021-22,27,464,Olise,MID,CRY,5.4,2.186053428
2021-22,27,366,Winks,MID,TOT,4.4,2.457893656
2021-22,27,193,T Roberts,MID,LEE,4.8,1.053041968
2021-22,27,373,Skipp,MID,TOT,4.4,0.0
2021-22,27,140,Hudson-Odoi,MID,CHE,5.3,0.0
2021-22,27,381,Cleverley,MID,WAT,4.8,1.297919895
2021-22,27,42,El Ghazi,MID,EVE,5.6,0.582472619
2021-22,27,369,Bergwijn,MID,TOT,5.9,0.882001338
2021-22,27,505,Dewsbury-Hall,MID,LEI,4.4,1.134675835
2021-22,27,503,A Gordon,MID,EVE,4.5,0.99329709
2021-22,27,211,Perez,MID,LEI,5.7,0.465255938
2021-22,27,471,Lees-Melou,MID,NOR,4.8,1.077189079
2021-22,27,582,Vlasic,MID,WHU,5.6,1.194016194
2021-22,27,328,Placheta,MID,NOR,4.7,0.722869165
2021-22,27,174,Iwobi,MID,EVE,5.8,0.55111583
2021-22,27,160,Eze,MID,CRY,5.9,0.94844113
2021-22,27,244,C Jones,MID,LIV,5.0,0.0
2021-22,27,108,Gudmundsson,MID,BUR,5.4,0.0
2021-22,27,32,B Traore,MID,AVL,5.7,0.089903365
2021-22,27,155,Schlupp,MID,CRY,5.4,1.217819098
2021-22,27,191,K Phillips,MID,LEE,4.7,0.0
2021-22,27,317,Rupp,MID,NOR,4.4,0.370127527
2021-22,27,132,Loftus-Cheek,MID,CHE,5.4,0.0
2021-22,27,551,Summerville,MID,LEE,4.5,0.025574432
2021-22,27,124,Barkley,MID,CHE,5.2,0.0
2021-22,27,37,Trezeguet,MID,AVL,5.4,0.183025596
2021-22,27,612,Sarmiento,MID,BHA,4.5,0.0
2021-22,27,289,M Greenwood,MID,MUN,7.1,0.0
2021-22,27,629,McAtee,MID,MCI,4.4,0.002263661
2021-22,27,692,Hutchinson,MID,ARS,4.5,0.0
2021-22,27,625,K Gordon,MID,LIV,4.5,0.0
2021-22,27,508,Edozie,MID,MCI,4.7,0.002045616
2021-22,27,631,Jenkins,MID,LEE,4.5,0.001802258
2021-22,27,693,Oulad,MID,ARS,4.5,0.0
2021-22,27,609,Anderson,MID,NEW,4.5,0.004091068
2021-22,27,687,Giles,MID,WOL,4.5,0.004011199
2021-22,27,605,Lavia,MID,MCI,4.4,0.001857369
2021-22,27,628,Haygarth,MID,BRE,4.5,0.001874548
2021-22,27,630,Onyango,MID,EVE,4.5,0.001687102
2021-22,27,671,Hall,MID,CHE,4.5,0.0
2021-22,27,672,Vale,MID,CHE,4.5,0.0
2021-22,27,507,Palmer,MID,MCI,4.5,0.005046298
2021-22,27,620,Morton,MID,LIV,4.5,0.0
2021-22,27,613,Whitaker,MID,EVE,4.5,0.003776761
2021-22,27,668,H White,MID,TOT,4.4,0.004081721
2021-22,27,648,Rowe,MID,NOR,4.4,0.004027083
2021-22,27,662,Peart-Harris,MID,BRE,4.5,0.004238611
2021-22,27,654,Leonard,MID,BHA,4.5,0.003845857
2021-22,27,634,Perkins,MID,WHU,4.5,0.004182949
2021-22,27,601,McKinstry,MID,LEE,4.3,0.003716261
2021-22,27,707,De Bolle,MID,NEW,4.5,0.003677062
2021-22,27,652,Oko-Flex,MID,WHU,4.4,0.004077906
2021-22,27,548,Campbell,MID,WOL,4.4,0.003603556
2021-22,27,658,Archie Gray,MID,LEE,4.5,0.003589319
2021-22,27,543,Banks,MID,CRY,4.5,0.003944254
2021-22,27,614,Maghoma,MID,BRE,4.5,0.003840209
2021-22,27,703,Chrisene,MID,AVL,4.5,0.003452015
2021-22,27,710,Chesters,MID,WHU,4.5,0.003835112
2021-22,27,624,Bate,MID,LEE,4.5,0.00351234
2021-22,27,680,Chauke,MID,SOU,4.5,0.003642632
2021-22,27,541,Rak-Sakyi,MID,CRY,4.4,0.003785357
2021-22,27,600,Kenneh,MID,LEE,4.4,0.003423292
2021-22,27,683,Gibbs,MID,NOR,4.5,0.003505099
2021-22,27,646,Brunt,MID,LEI,4.5,0.003476705
2021-22,27,576,McCarron,MID,LEE,4.4,0.021878374
2021-22,27,664,Patino,MID,ARS,4.5,0.0
2021-22,27,157,Riedewald,MID,CRY,4.7,0.020441961
2021-22,27,350,Djenepo,MID,SOU,5.2,0.098491965
2021-22,27,332,Walcott,MID,SOU,5.8,0.152539176
2021-22,27,347,Smallbone,MID,SOU,4.5,0.042782442
2021-22,27,459,Mata,MID,MUN,4.7,0.583258061
2021-22,27,458,Soumare,MID,LEI,4.8,0.517311815
2021-22,27,176,T Davies,MID,EVE,4.8,0.018075805
2021-22,27,276,Lingard,MID,MUN,6.7,1.280457854
2021-22,27,82,Dasilva,MID,BRE,5.3,0.638337711
2021-22,27,478,Lokonga,MID,ARS,4.8,0.0
2021-22,27,638,Iroegbunam,MID,AVL,4.5,0.14117642
2021-22,27,227,Chamberlain,MID,LIV,5.8,0.0
2021-22,27,405,Baah,MID,WAT,4.3,0.080893923
2021-22,27,706,Mejbri,MID,MUN,4.5,0.088980558
2021-22,27,236,Minamino,MID,LIV,5.1,0.0
2021-22,27,309,S Longstaff,MID,NEW,4.4,0.081436677
2021-22,27,349,I Diallo,MID,SOU,4.5,1.516382536
2021-22,27,547,Cundle,MID,WOL,4.4,0.078229408
2021-22,27,689,Chiquinho,MID,WOL,5.5,0.270599275
2021-22,27,102,D Stephens,MID,BUR,4.4,0.158366534
2021-22,27,85,Ghoddos,MID,BRE,5.3,0.191116031
2021-22,27,504,Gbamin,MID,EVE,4.4,0.073740301
2021-22,27,214,Choudhury,MID,LEI,4.4,0.077953896
2021-22,27,12,Elneny,MID,ARS,4.4,0.0
2021-22,27,592,Saul,MID,CHE,4.9,0.0
2021-22,27,323,Dowell,MID,NOR,5.1,0.672849793
2021-22,27,589,Kral,MID,WHU,4.4,0.240310254
2021-22,27,34,Sanson,MID,AVL,5.0,0.160467091
2021-22,27,152,Milivojevic,MID,CRY,5.3,0.303570868
2021-22,27,202,Albrighton,MID,LEI,5.2,0.755546749
2021-22,27,406,Noble,MID,WHU,4.4,0.234062503
2021-22,27,163,Delph,MID,EVE,4.3,0.099496716
2021-22,27,41,Nakamba,MID,AVL,4.4,0.0
2021-22,27,412,Yarmolenko,MID,WHU,5.1,0.931911956
2021-22,27,221,Milner,MID,LIV,4.9,0.0
2021-22,27,526,Chukwuemeka,MID,AVL,4.5,0.275325042
2021-22,27,172,Gomes,MID,EVE,4.9,0.234979144
2021-22,27,453,Fernandinho,MID,MCI,4.7,0.560851849
2021-22,27,79,Fosu,MID,BRE,5.1,0.248090824
2021-22,27,499,S Baptiste,MID,BRE,4.9,1.227154232
2021-22,27,271,Matic,MID,MUN,4.3,0.56365044
2021-22,27,538,Caicedo,MID,BHA,4.5,0.425546062
2021-22,27,197,Shackleton,MID,LEE,4.4,0.22959076
2021-22,27,403,Louza,MID,WAT,5.2,0.638382329
2021-22,27,386,W Hughes,MID,CRY,4.7,0.703932134
2021-22,27,391,Sema,MID,WAT,5.2,0.224845308
2021-22,27,467,Etebo,MID,WAT,4.3,0.571247999
2021-22,27,203,N Mendy,MID,LEI,4.3,0.319503455
2021-22,27,698,Kalu,MID,WAT,5.0,0.66192445
2021-22,27,73,Alzate,MID,BHA,4.8,0.385388858
2021-22,27,479,Onyeka,MID,BRE,4.9,0.615389977
2021-22,27,528,Tzolis,MID,NOR,4.8,0.895143437
2021-22,27,357,Kane,FWD,TOT,12.2,5.577719952
2021-22,27,109,Wood,FWD,NEW,6.7,3.726391415
2021-22,27,345,Adams,FWD,SOU,6.9,4.653321352
2021-22,27,177,Calvert-Lewin,FWD,EVE,7.8,3.340190645
2021-22,27,430,Jimenez,FWD,WOL,7.5,3.393011257
2021-22,27,40,Watkins,FWD,AVL,7.6,3.121121517
2021-22,27,700,Weghorst,FWD,BUR,6.5,7.149776441
2021-22,27,579,Ronaldo,FWD,MUN,12.4,5.239364905
2021-22,27,307,Saint-Maximin,FWD,NEW,6.9,0.610327604
2021-22,27,518,Broja,FWD,SOU,5.5,3.860454162
2021-22,27,6,Lacazette,FWD,ARS,8.3,0.0
2021-22,27,413,Antonio,FWD,WHU,7.7,4.065569768
2021-22,27,63,Maupay,FWD,BHA,6.6,3.266472749
2021-22,27,468,King,FWD,WAT,5.9,2.638472962
2021-22,27,78,Toney,FWD,BRE,6.5,4.034415166
2021-22,27,187,Rodrigo,FWD,LEE,6.2,2.869483059
2021-22,27,180,Richarlison,FWD,EVE,7.5,2.648327367
2021-22,27,583,Hwang,FWD,WOL,5.4,2.691986624
2021-22,27,529,Lukaku,FWD,CHE,11.5,0.0
2021-22,27,315,Pukki,FWD,NOR,5.8,3.212627499
2021-22,27,205,Vardy,FWD,LEI,10.3,2.189051114
2021-22,27,450,Dennis,FWD,WAT,6.1,2.752338352
2021-22,27,263,Jesus,FWD,MCI,8.4,2.22837792
2021-22,27,310,Joelinton,FWD,NEW,5.8,2.315726566
2021-22,27,213,Iheanacho,FWD,LEI,6.9,2.665352929
2021-22,27,228,Firmino,FWD,LIV,8.7,0.0
2021-22,27,516,Sargent,FWD,NOR,5.4,2.344736235
2021-22,27,455,Daka,FWD,LEI,7.2,2.205420482
2021-22,27,104,Jay Rodriguez,FWD,BUR,5.2,4.52504188
2021-22,27,586,Edouard,FWD,CRY,6.6,2.339744733
2021-22,27,447,Welbeck,FWD,BHA,5.9,1.476408973
2021-22,27,153,Ayew,FWD,CRY,5.8,2.447269335
2021-22,27,337,Ings,FWD,AVL,7.7,1.376338097
2021-22,27,404,Joao Pedro,FWD,WAT,5.4,1.678441439
2021-22,27,105,A Barnes,FWD,BUR,5.2,3.376491834
2021-22,27,134,Werner,FWD,CHE,8.6,0.0
2021-22,27,525,A Armstrong,FWD,SOU,5.7,0.845942428
2021-22,27,189,Bamford,FWD,LEE,7.7,0.0
2021-22,27,269,Cavani,FWD,MUN,8.4,0.0
2021-22,27,300,Gayle,FWD,NEW,5.2,1.066140932
2021-22,27,296,Wilson,FWD,NEW,7.2,0.0
2021-22,27,235,Origi,FWD,LIV,4.8,0.0
2021-22,27,149,Benteke,FWD,CRY,6.1,1.223203847
2021-22,27,329,Idah,FWD,NOR,4.9,0.0
2021-22,27,704,Delap,FWD,MCI,4.5,0.002097459
2021-22,27,622,Tosun,FWD,EVE,5.0,0.004083606
2021-22,27,519,S Long,FWD,SOU,5.4,0.025756177
2021-22,27,533,Richardson,FWD,BUR,4.4,0.003697777
2021-22,27,663,Kayky,FWD,MCI,5.0,0.001878635
2021-22,27,694,Biereth,FWD,ARS,4.5,0.0
2021-22,27,577,Gelhardt,FWD,LEE,4.6,0.570161836
2021-22,27,655,E Ferguson,FWD,BHA,4.5,0.003727763
2021-22,27,640,Young-Coombes,FWD,BRE,4.5,0.003922479
2021-22,27,520,Scarlett,FWD,TOT,4.5,0.008686956
2021-22,27,607,Dobbin,FWD,EVE,4.5,0.003372638
2021-22,27,395,Fletcher,FWD,WAT,4.8,0.021223824
2021-22,27,550,S Greenwood,FWD,LEE,4.5,0.018726032
2021-22,27,445,F Silva,FWD,WOL,5.6,0.083529524
2021-22,27,20,Nketiah,FWD,ARS,5.4,0.0
2021-22,27,159,Mateta,FWD,CRY,5.2,0.204127312
2021-22,27,591,Rondon,FWD,EVE,6.0,0.339591447
2021-22,27,472,Cucho,FWD,WAT,5.0,1.181598189
2021-22,27,111,Vydra,FWD,BUR,5.2,0.086054896
2021-22,28,559,Ramsdale,GK,ARS,5.1,4.12444849
2021-22,28,353,Lloris,GK,TOT,5.4,4.061520069
2021-22,28,231,Alisson,GK,LIV,6.0,4.261003704
2021-22,28,170,Pickford,GK,EVE,4.9,2.902902649
2021-22,28,143,E Mendy,GK,CHE,6.1,8.570877578
2021-22,28,295,Dubravka,GK,NEW,4.4,7.055680321
2021-22,28,69,R Sanchez,GK,BHA,4.6,3.907560754
2021-22,28,112,Pope,GK,BUR,5.4,3.599547312
2021-22,28,475,Sa,GK,WOL,5.3,8.222936959
2021-22,28,30,Martinez,GK,AVL,5.5,7.698428206
2021-22,28,199,Meslier,GK,LEE,4.8,6.580500508
2021-22,28,257,Ederson,GK,MCI,6.1,3.852374218
2021-22,28,314,Krul,GK,NOR,4.5,6.001562194
2021-22,28,334,McCarthy,GK,SOU,4.4,1.783595554
2021-22,28,80,Raya,GK,BRE,4.3,3.737810863
2021-22,28,408,Fabianski,GK,WHU,5.0,2.626087266
2021-22,28,270,de Gea,GK,MUN,5.3,3.108899134
2021-22,28,200,Schmeichel,GK,LEI,4.8,3.3216019
2021-22,28,376,Foster,GK,WAT,4.1,5.182479241
2021-22,28,146,Guaita,GK,CRY,4.6,3.51061307
2021-22,28,333,Forster,GK,SOU,4.4,4.911276096
2021-22,28,389,Bachmann,GK,WAT,4.2,0.513230474
2021-22,28,129,Kepa,GK,CHE,4.6,0.333741844
2021-22,28,489,Areola,GK,WHU,4.7,0.143665779
2021-22,28,448,Gunn,GK,NOR,4.0,0.298591107
2021-22,28,156,Butland,GK,CRY,4.4,0.189820267
2021-22,28,242,Kelleher,GK,LIV,4.3,0.096004552
2021-22,28,294,Darlow,GK,NEW,4.5,0.182858375
2021-22,28,1,Leno,GK,ARS,4.5,0.078552809
2021-22,28,486,Gollini,GK,TOT,4.3,0.074532748
2021-22,28,480,Hennessey,GK,BUR,4.5,0.081780802
2021-22,28,260,Steffen,GK,MCI,4.4,0.041058702
2021-22,28,54,Steele,GK,BHA,4.0,0.076592915
2021-22,28,452,Ruddy,GK,WOL,4.3,0.155542081
2021-22,28,691,Olsen,GK,AVL,4.0,0.14890789
2021-22,28,280,D Henderson,GK,MUN,4.7,0.07383648
2021-22,28,490,Klaesson,GK,LEE,4.3,0.126361557
2021-22,28,481,Begovic,GK,EVE,4.0,0.043531365
2021-22,28,673,Lossl,GK,BRE,4.5,0.07659599
2021-22,28,204,D Ward,GK,LEI,4.0,0.061358086
2021-22,28,593,Carson,GK,MCI,3.9,0.039655567
2021-22,28,556,A Fernandez,GK,BRE,4.5,0.015563859
2021-22,28,606,Bettinelli,GK,CHE,4.0,0.017644875
2021-22,28,688,McGill,GK,BHA,4.0,0.007623374
2021-22,28,114,Norris,GK,BUR,4.4,0.006758237
2021-22,28,571,Lonergan,GK,EVE,4.0,0.005101585
2021-22,28,407,Randolph,GK,WHU,4.3,0.004933372
2021-22,28,641,Caballero,GK,SOU,4.3,0.059917469
2021-22,28,561,Matthews,GK,CRY,3.9,0.007476662
2021-22,28,572,Okonkwo,GK,ARS,3.9,0.003628789
2021-22,28,313,McGovern,GK,NOR,3.9,0.012247361
2021-22,28,509,Heaton,GK,MUN,3.9,0.005595313
2021-22,28,596,Sinisalo,GK,AVL,4.0,0.012656087
2021-22,28,573,Jakupovic,GK,LEI,3.9,0.006616606
2021-22,28,656,Pitaluga,GK,LIV,4.0,0.003233805
2021-22,28,666,McCracken,GK,NOR,4.0,0.010987054
2021-22,28,619,Cox,GK,BRE,4.0,0.003530123
2021-22,28,574,Elliot,GK,WAT,4.0,0.010963613
2021-22,28,223,Adrian,GK,LIV,4.3,0.00084654
2021-22,28,514,Gillespie,GK,NEW,3.9,0.001465708
2021-22,28,616,Tyrer,GK,EVE,4.0,0.00048178
2021-22,28,615,Slicker,GK,MCI,4.0,0.000710537
2021-22,28,642,Angelini,GK,WAT,4.0,0.000988706
2021-22,28,637,H Lewis,GK,SOU,3.9,0.00955471
2021-22,28,659,Austin,GK,TOT,4.0,0.004407906
2021-22,28,621,Storer,GK,WOL,4.0,0.008647769
2021-22,28,708,Waller,GK,BUR,4.0,0.003694741
2021-22,28,237,Trent,DEF,LIV,8.5,5.781603415
2021-22,28,234,Robertson,DEF,LIV,7.2,4.744894266
2021-22,28,142,R James,DEF,CHE,6.2,8.640617455
2021-22,28,127,Rudiger,DEF,CHE,6.1,8.992536015
2021-22,28,229,van Dijk,DEF,LIV,6.7,4.461551328
2021-22,28,256,Cancelo,DEF,MCI,7.1,4.471980988
2021-22,28,121,T Silva,DEF,CHE,5.6,8.202615592
2021-22,28,16,Tierney,DEF,ARS,5.1,3.681909581
2021-22,28,23,Gabriel,DEF,ARS,5.3,3.630454295
2021-22,28,360,Doherty,DEF,TOT,4.7,3.371167796
2021-22,28,343,Bednarek,DEF,SOU,4.4,6.638470336
2021-22,28,364,Ben T Davies,DEF,TOT,4.4,3.686691909
2021-22,28,259,Laporte,DEF,MCI,5.8,4.345798495
2021-22,28,169,Keane,DEF,EVE,4.7,2.149454582
2021-22,28,361,Dier,DEF,TOT,4.6,3.633995292
2021-22,28,584,Cucurella,DEF,BHA,5.1,3.721328225
2021-22,28,59,Dunk,DEF,BHA,4.8,3.724429066
2021-22,28,67,B White,DEF,ARS,4.5,3.326721711
2021-22,28,168,Digne,DEF,AVL,5.1,7.452000301
2021-22,28,431,Saiss,DEF,WOL,5.0,7.574287965
2021-22,28,252,Stones,DEF,MCI,5.2,4.254997671
2021-22,28,39,Targett,DEF,NEW,4.7,6.276273259
2021-22,28,590,Tomiyasu,DEF,ARS,4.6,2.420380239
2021-22,28,342,Walker-Peters,DEF,SOU,4.8,5.484010491
2021-22,28,494,Romero,DEF,TOT,4.8,3.441336377
2021-22,28,429,Coady,DEF,WOL,4.8,7.226170379
2021-22,28,165,Coleman,DEF,EVE,4.9,2.061913558
2021-22,28,224,Matip,DEF,LIV,4.9,0.0
2021-22,28,62,Veltman,DEF,BHA,4.2,3.27595139
2021-22,28,305,Schar,DEF,NEW,4.3,5.336363917
2021-22,28,122,Alonso,DEF,CHE,5.6,5.156801504
2021-22,28,470,Ait-Nouri,DEF,WOL,4.4,6.448852838
2021-22,28,249,Walker,DEF,MCI,5.4,3.094277803
2021-22,28,351,Salisu,DEF,SOU,4.5,5.011207094
2021-22,28,98,Tarkowski,DEF,BUR,4.9,2.625331087
2021-22,28,45,Konsa,DEF,AVL,4.9,6.538594563
2021-22,28,38,Mings,DEF,AVL,5.0,6.541325596
2021-22,28,58,Burn,DEF,NEW,4.4,5.431866731
2021-22,28,44,Cash,DEF,AVL,5.1,6.419154247
2021-22,28,370,Reguilon,DEF,TOT,5.2,2.430276046
2021-22,28,491,Livramento,DEF,SOU,4.4,5.195930232
2021-22,28,411,A Cresswell,DEF,WHU,5.4,1.728827028
2021-22,28,106,Mee,DEF,BUR,4.8,1.627542799
2021-22,28,585,C Roberts,DEF,BUR,4.5,2.46656203
2021-22,28,185,Ayling,DEF,LEE,4.3,4.955809675
2021-22,28,113,Taylor,DEF,BUR,4.4,2.490167583
2021-22,28,178,Holgate,DEF,EVE,4.2,1.836775734
2021-22,28,675,Mykolenko,DEF,EVE,4.9,1.260813306
2021-22,28,119,Azpilicueta,DEF,CHE,5.6,1.37408925
2021-22,28,133,Christensen,DEF,CHE,4.6,4.433328208
2021-22,28,439,Kilman,DEF,WOL,4.6,5.892686605
2021-22,28,190,Llorente,DEF,LEE,4.5,4.527806774
2021-22,28,91,Pinnock,DEF,BRE,4.5,3.359994185
2021-22,28,414,Dawson,DEF,WHU,4.9,1.506974779
2021-22,28,128,Zouma,DEF,WHU,5.4,1.475843586
2021-22,28,198,Struijk,DEF,LEE,4.3,4.53907931
2021-22,28,433,Jonny,DEF,WOL,4.5,4.652341113
2021-22,28,83,Henry,DEF,BRE,4.5,3.173242942
2021-22,28,319,Hanley,DEF,NOR,4.4,4.865343348
2021-22,28,326,Aarons,DEF,NOR,4.3,4.760526131
2021-22,28,71,Lamptey,DEF,BHA,4.5,2.491082211
2021-22,28,56,Duffy,DEF,BHA,4.1,3.141587868
2021-22,28,217,Soyuncu,DEF,LEI,4.9,3.101669294
2021-22,28,456,Gibson,DEF,NOR,4.4,4.814186137
2021-22,28,676,Kamara,DEF,WAT,4.5,4.908616435
2021-22,28,463,Firpo,DEF,LEE,4.7,4.07570918
2021-22,28,264,Zinchenko,DEF,MCI,5.3,1.882648384
2021-22,28,555,Varane,DEF,MUN,5.5,1.697548032
2021-22,28,368,Sessegnon,DEF,TOT,4.3,1.787164701
2021-22,28,76,Jansson,DEF,BRE,4.5,3.136077037
2021-22,28,61,Webster,DEF,BHA,4.3,0.0
2021-22,28,194,Koch,DEF,LEE,4.3,4.285585568
2021-22,28,588,Emerson R,DEF,TOT,4.8,1.526501088
2021-22,28,179,Godfrey,DEF,EVE,4.7,0.0
2021-22,28,460,Perraud,DEF,SOU,4.8,3.033462876
2021-22,28,220,Fofana,DEF,LEI,4.3,2.399315005
2021-22,28,303,Krafth,DEF,NEW,4.3,4.542998839
2021-22,28,243,Konate,DEF,LIV,5.1,3.555572646
2021-22,28,162,Mitchell,DEF,CRY,4.5,3.155906624
2021-22,28,207,R Pereira,DEF,LEI,5.2,1.747025693
2021-22,28,488,Andersen,DEF,CRY,4.5,3.102535297
2021-22,28,527,T Chalobah,DEF,CHE,4.7,3.54047748
2021-22,28,275,Shaw,DEF,MUN,5.0,1.059618178
2021-22,28,477,Guehi,DEF,CRY,4.5,3.036581958
2021-22,28,382,Femenia,DEF,WAT,4.3,4.069118459
2021-22,28,677,Samir,DEF,WAT,4.5,4.411944089
2021-22,28,209,Castagne,DEF,LEI,5.3,0.290763794
2021-22,28,483,Ajer,DEF,BRE,4.4,2.427537027
2021-22,28,273,Maguire,DEF,MUN,5.4,1.22184792
2021-22,28,150,Kouyate,DEF,CRY,4.5,2.746973524
2021-22,28,379,Cathcart,DEF,WAT,4.3,4.366693017
2021-22,28,367,D Sanchez,DEF,TOT,4.5,1.084579367
2021-22,28,432,Marcal,DEF,WOL,4.2,2.465222174
2021-22,28,218,Justin,DEF,LEI,4.9,1.369754327
2021-22,28,510,Dalot,DEF,MUN,4.5,0.885771276
2021-22,28,428,Boly,DEF,WOL,4.9,1.952270188
2021-22,28,290,B Williams,DEF,NOR,3.9,4.060002706
2021-22,28,425,Johnson,DEF,WHU,3.9,1.269842303
2021-22,28,279,Telles,DEF,MUN,5.0,0.733850266
2021-22,28,418,Coufal,DEF,WHU,4.7,0.0
2021-22,28,201,Evans,DEF,LEI,5.4,0.0
2021-22,28,299,Lascelles,DEF,NEW,4.4,1.83705788
2021-22,28,501,M Sarr,DEF,CHE,4.9,1.256729519
2021-22,28,245,Tsimikas,DEF,LIV,3.7,0.691706395
2021-22,28,288,Wan-Bissaka,DEF,MUN,5.1,0.663203076
2021-22,28,474,J Ward,DEF,CRY,4.5,0.0
2021-22,28,262,Dias,DEF,MCI,6.3,0.0
2021-22,28,258,Ake,DEF,MCI,4.7,0.0
2021-22,28,284,Lindelof,DEF,MUN,4.8,0.663177403
2021-22,28,443,Hoever,DEF,WOL,3.9,1.988062567
2021-22,28,219,L Thomas,DEF,LEI,4.3,2.659163226
2021-22,28,302,Manquillo,DEF,NEW,3.9,1.057483013
2021-22,28,594,Zanka,DEF,BRE,4.5,1.090204313
2021-22,28,292,Ritchie,DEF,NEW,4.9,0.0
2021-22,28,338,J Stephens,DEF,SOU,4.4,1.353073341
2021-22,28,678,Trippier,DEF,NEW,5.0,0.0
2021-22,28,208,Amartey,DEF,LEI,3.8,1.58408605
2021-22,28,502,Kenny,DEF,EVE,4.4,1.367320455
2021-22,28,14,Holding,DEF,ARS,4.1,0.404542026
2021-22,28,10,Chambers,DEF,AVL,4.2,0.937886982
2021-22,28,493,Clyne,DEF,CRY,4.3,2.737765962
2021-22,28,110,Lowton,DEF,BUR,4.4,0.323223199
2021-22,28,466,Tavares,DEF,ARS,4.3,0.472469345
2021-22,28,424,Diop,DEF,WHU,4.3,0.293861218
2021-22,28,5,Cedric,DEF,ARS,4.2,1.00338333
2021-22,28,437,Semedo,DEF,WOL,4.8,0.0
2021-22,28,301,Dummett,DEF,NEW,4.5,0.876931204
2021-22,28,451,Collins,DEF,BUR,4.3,1.068238637
2021-22,28,674,Patterson,DEF,EVE,4.2,0.193183506
2021-22,28,580,Kabak,DEF,NOR,4.3,0.999111235
2021-22,28,340,Vestergaard,DEF,LEI,4.7,0.623561048
2021-22,28,238,Gomez,DEF,LIV,4.7,0.372745305
2021-22,28,147,Tomkins,DEF,CRY,4.3,0.367917226
2021-22,28,184,Cooper,DEF,LEE,4.4,0.0
2021-22,28,100,Pieters,DEF,BUR,4.2,0.231340879
2021-22,28,473,Bertrand,DEF,LEI,4.6,0.0
2021-22,28,685,Toti,DEF,WOL,4.5,0.318414246
2021-22,28,36,Hause,DEF,AVL,4.4,0.303849597
2021-22,28,371,Tanganga,DEF,TOT,4.2,0.0
2021-22,28,90,M Sorensen,DEF,BRE,4.3,0.285116504
2021-22,28,544,Branthwaite,DEF,EVE,4.0,0.208164805
2021-22,28,446,Mosquera,DEF,WOL,4.4,0.240722717
2021-22,28,465,F Fernandez,DEF,NEW,4.3,0.160838751
2021-22,28,89,Roerslev,DEF,BRE,4.2,0.451350345
2021-22,28,151,Kelly,DEF,CRY,3.9,0.350178974
2021-22,28,390,Masina,DEF,WAT,4.3,0.828042212
2021-22,28,374,Rodon,DEF,TOT,4.2,0.041331136
2021-22,28,247,R Williams,DEF,LIV,4.4,0.041298808
2021-22,28,415,Fredericks,DEF,WHU,4.4,0.333004623
2021-22,28,286,Bailly,DEF,MUN,4.9,0.037597589
2021-22,28,331,Omobamidele,DEF,NOR,3.9,0.119115009
2021-22,28,667,Small,DEF,SOU,4.0,0.062919613
2021-22,28,632,P Jones,DEF,MUN,4.5,0.020413561
2021-22,28,563,C Cresswell,DEF,LEE,4.0,0.098970381
2021-22,28,99,Bardsley,DEF,BUR,3.9,0.026866753
2021-22,28,158,Jach,DEF,CRY,4.3,0.03702453
2021-22,28,327,J Sorensen,DEF,NOR,4.3,0.05838445
2021-22,28,560,H Roberts,DEF,BHA,3.9,0.01372713
2021-22,28,457,Giannoulis,DEF,NOR,4.4,0.838918698
2021-22,28,324,Zimmermann,DEF,NOR,4.4,0.054210519
2021-22,28,604,Wilson-Esbrand,DEF,MCI,3.9,0.038747317
2021-22,28,603,Mbete,DEF,MCI,3.9,0.038258187
2021-22,28,651,Egan-Riley,DEF,MCI,4.0,0.037109321
2021-22,28,103,K Long,DEF,BUR,4.0,0.005160039
2021-22,28,417,Masuaku,DEF,WHU,4.4,0.19137115
2021-22,28,569,Stevens,DEF,BRE,3.9,0.012487323
2021-22,28,690,Kenedy,DEF,CHE,4.5,0.010702063
2021-22,28,546,Valery,DEF,SOU,3.9,0.010169569
2021-22,28,565,Dodgson,DEF,BUR,3.9,0.002513886
2021-22,28,534,B Thomas,DEF,BUR,3.9,0.002354825
2021-22,28,554,J Baptiste,DEF,WHU,4.0,0.003020015
2021-22,28,567,Lyanco,DEF,SOU,4.4,0.0
2021-22,28,161,N Ferguson,DEF,CRY,4.5,0.0
2021-22,28,175,Mina,DEF,EVE,4.9,0.0
2021-22,28,409,Ogbonna,DEF,WHU,4.9,0.0
2021-22,28,135,Chilwell,DEF,CHE,5.6,0.0
2021-22,28,610,Bogarde,DEF,AVL,4.0,0.010572057
2021-22,28,626,Bradley,DEF,LIV,4.0,0.004611017
2021-22,28,627,Beck,DEF,LIV,4.0,0.004545707
2021-22,28,660,Quansah,DEF,LIV,4.0,0.004453662
2021-22,28,540,Hannam,DEF,CRY,3.9,0.004935768
2021-22,28,711,Swanson,DEF,ARS,4.0,0.004197949
2021-22,28,653,Turns,DEF,BHA,4.0,0.00413813
2021-22,28,623,Welch,DEF,EVE,4.0,0.003155968
2021-22,28,598,Omole,DEF,TOT,3.9,0.004190319
2021-22,28,712,Offiah,DEF,BHA,4.0,0.004061491
2021-22,28,705,Awe,DEF,ARS,4.0,0.004043675
2021-22,28,635,Bueno,DEF,WOL,4.0,0.008435062
2021-22,28,617,Ashby,DEF,WHU,4.0,0.002946211
2021-22,28,684,K Hayden,DEF,AVL,4.0,0.008039557
2021-22,28,384,Kabasele,DEF,WAT,4.3,0.324623579
2021-22,28,643,Tomkinson,DEF,NOR,4.0,0.007212826
2021-22,28,709,Adaramola,DEF,CRY,4.0,0.004011778
2021-22,28,670,Feeney,DEF,AVL,4.0,0.007670658
2021-22,28,608,Hjelde,DEF,LEE,4.0,0.006885102
2021-22,28,682,Ekwah,DEF,WHU,4.0,0.002795098
2021-22,28,657,Moore,DEF,LEE,4.0,0.006827606
2021-22,28,644,Alese,DEF,WHU,4.0,0.002788079
2021-22,28,639,Daley-Campbell,DEF,LEI,4.0,0.003915525
2021-22,28,645,B Nelson,DEF,LEI,4.0,0.003819241
2021-22,28,633,Morris,DEF,WAT,4.0,0.006728333
2021-22,28,396,Sierralta,DEF,WAT,4.3,0.319619934
2021-22,28,618,Nkoulou,DEF,WAT,4.4,0.198104648
2021-22,28,321,Byram,DEF,NOR,4.4,0.589478233
2021-22,28,387,Troost-Ekong,DEF,WAT,4.3,0.294408307
2021-22,28,400,Ngakia,DEF,WAT,4.3,0.682025655
2021-22,28,52,Young,DEF,AVL,4.7,1.399588626
2021-22,28,233,Salah,MID,LIV,13.2,6.823111267
2021-22,28,359,Son,MID,TOT,10.8,5.862593855
2021-22,28,230,Mane,MID,LIV,11.7,5.702414482
2021-22,28,240,Jota,MID,LIV,8.3,4.159302219
2021-22,28,22,Saka,MID,ARS,6.5,3.962798824
2021-22,28,196,Raphinha,MID,LEE,6.5,8.041759909
2021-22,28,341,Ward-Prowse,MID,SOU,6.6,7.412919372
2021-22,28,399,I Sarr,MID,WAT,5.7,6.746541239
2021-22,28,681,Coutinho,MID,AVL,7.4,8.398027439
2021-22,28,138,Mount,MID,CHE,7.5,7.316455613
2021-22,28,701,Kulusevski,MID,TOT,6.0,3.926507721
2021-22,28,277,Fernandes,MID,MUN,11.7,3.085912946
2021-22,28,420,Bowen,MID,WHU,7.1,3.314561462
2021-22,28,26,Martinelli,MID,ARS,5.3,3.6333695
2021-22,28,173,Doucoure,MID,EVE,5.3,2.701875415
2021-22,28,558,Odegaard,MID,ARS,5.5,3.305293857
2021-22,28,255,Sterling,MID,MCI,10.7,4.28793528
2021-22,28,251,De Bruyne,MID,MCI,11.8,4.286878996
2021-22,28,265,Foden,MID,MCI,7.9,4.130855486
2021-22,28,210,Tielemans,MID,LEI,6.4,4.315355928
2021-22,28,64,Trossard,MID,BHA,5.9,3.28840284
2021-22,28,74,Mac Allister,MID,BHA,5.3,3.286773329
2021-22,28,267,Harrison,MID,LEE,5.5,6.260164673
2021-22,28,697,Guimaraes,MID,NEW,4.9,5.491936599
2021-22,28,141,Havertz,MID,CHE,7.8,6.463118382
2021-22,28,484,D Gray,MID,EVE,5.5,2.332645791
2021-22,28,441,Neto,MID,WOL,6.4,6.51501528
2021-22,28,154,Zaha,MID,CRY,6.8,3.593578353
2021-22,28,339,S Armstrong,MID,SOU,5.8,5.580606825
2021-22,28,215,H Barnes,MID,LEI,6.5,4.025109535
2021-22,28,188,Dallas,MID,LEE,4.9,5.833215717
2021-22,28,422,Soucek,MID,WHU,5.7,1.757249016
2021-22,28,21,Smith Rowe,MID,ARS,5.8,2.354612649
2021-22,28,298,Fraser,MID,NEW,5.3,6.000868619
2021-22,28,365,Hojbjerg,MID,TOT,4.9,2.887322836
2021-22,28,212,Maddison,MID,LEI,6.8,2.052918076
2021-22,28,254,Mahrez,MID,MCI,8.8,3.345123298
2021-22,28,261,B Silva,MID,MCI,7.3,3.452732624
2021-22,28,291,Shelvey,MID,NEW,5.3,5.03533144
2021-22,28,19,Willock,MID,NEW,5.7,5.276642789
2021-22,28,485,Sancho,MID,MUN,9.0,2.572318925
2021-22,28,123,Jorginho,MID,CHE,5.8,5.770083295
2021-22,28,35,McGinn,MID,AVL,5.7,6.134944637
2021-22,28,51,J Ramsey,MID,AVL,4.8,6.119266857
2021-22,28,232,Fabinho,MID,LIV,5.4,2.930618787
2021-22,28,15,Partey,MID,ARS,5.0,2.554151374
2021-22,28,336,Redmond,MID,SOU,5.9,4.962510864
2021-22,28,696,Diaz,MID,LIV,8.0,3.284050291
2021-22,28,107,Westwood,MID,BUR,5.3,2.542352731
2021-22,28,96,Mbeumo,MID,BRE,5.2,3.33933853
2021-22,28,43,Buendia,MID,AVL,6.2,5.969711171
2021-22,28,118,McNeil,MID,BUR,5.7,2.522526475
2021-22,28,335,Romeu,MID,SOU,4.5,4.876645281
2021-22,28,222,J Henderson,MID,LIV,5.0,3.138608348
2021-22,28,7,Xhaka,MID,ARS,4.8,2.492635987
2021-22,28,137,Pulisic,MID,CHE,7.9,5.931083021
2021-22,28,449,Rashica,MID,NOR,5.2,5.035872898
2021-22,28,354,Sissoko,MID,WAT,4.4,4.78109716
2021-22,28,287,D James,MID,LEE,6.0,5.142807624
2021-22,28,436,Neves,MID,WOL,5.3,5.649639536
2021-22,28,144,Gallagher,MID,CRY,6.2,2.966200822
2021-22,28,578,Cornet,MID,BUR,5.9,2.314898294
2021-22,28,426,Moutinho,MID,WOL,4.9,5.540272378
2021-22,28,587,Lookman,MID,LEI,6.0,2.865465183
2021-22,28,33,Grealish,MID,MCI,7.5,2.895306022
2021-22,28,75,Moder,MID,BHA,4.5,2.485730427
2021-22,28,419,Benrahma,MID,WHU,5.9,2.428331053
2021-22,28,250,Gundogan,MID,MCI,7.1,2.91455504
2021-22,28,318,McLean,MID,NOR,4.9,4.845693442
2021-22,28,125,Kovacic,MID,CHE,5.0,4.451263807
2021-22,28,282,van de Beek,MID,EVE,5.7,2.212136466
2021-22,28,702,Bentancur,MID,TOT,4.9,2.029327687
2021-22,28,81,Canos,MID,BRE,5.5,2.82752469
2021-22,28,281,Rashford,MID,MUN,9.4,2.07618153
2021-22,28,70,Bissouma,MID,BHA,4.4,2.26888969
2021-22,28,130,Kante,MID,CHE,4.9,4.761609071
2021-22,28,363,Alli,MID,EVE,6.2,1.52753924
2021-22,28,423,Fornals,MID,WHU,6.0,2.406298015
2021-22,28,503,A Gordon,MID,EVE,4.5,1.485011996
2021-22,28,50,Douglas Luiz,MID,AVL,4.4,5.003931204
2021-22,28,517,Elyounoussi,MID,SOU,5.4,3.816530995
2021-22,28,115,Brownhill,MID,BUR,4.3,2.087359664
2021-22,28,266,Rodri,MID,MCI,5.5,2.733493009
2021-22,28,216,Ndidi,MID,LEI,4.8,2.7977969
2021-22,28,272,Pogba,MID,MUN,7.4,2.028807518
2021-22,28,581,Normann,MID,NOR,4.5,4.566979577
2021-22,28,171,Allan,MID,EVE,4.3,1.544004533
2021-22,28,362,Lucas Moura,MID,TOT,6.3,1.959383531
2021-22,28,421,Rice,MID,WHU,5.1,2.259054774
2021-22,28,699,Eriksen,MID,BRE,5.5,2.666570428
2021-22,28,77,Norgaard,MID,BRE,5.0,2.669458842
2021-22,28,131,Ziyech,MID,CHE,7.3,2.436514334
2021-22,28,17,Pepe,MID,ARS,6.9,1.68859589
2021-22,28,145,Gilmour,MID,NOR,4.3,2.450863151
2021-22,28,285,McTominay,MID,MUN,5.4,1.233721941
2021-22,28,416,Lanzini,MID,WHU,5.7,1.804423138
2021-22,28,461,Trincao,MID,WOL,5.6,4.022413791
2021-22,28,381,Cleverley,MID,WAT,4.8,3.518189964
2021-22,28,186,Klich,MID,LEE,5.2,3.811586084
2021-22,28,506,Elliott,MID,LIV,5.3,2.073977187
2021-22,28,148,McArthur,MID,CRY,4.3,2.244069441
2021-22,28,274,Fred,MID,MUN,4.9,2.013606884
2021-22,28,308,Almiron,MID,NEW,5.1,2.914878047
2021-22,28,239,Keita,MID,LIV,5.0,1.041334675
2021-22,28,84,Janelt,MID,BRE,5.0,2.35236089
2021-22,28,346,Tella,MID,SOU,4.7,1.226757219
2021-22,28,55,Gross,MID,BHA,5.7,1.446305298
2021-22,28,53,Lallana,MID,BHA,5.3,0.915820451
2021-22,28,462,Mwepu,MID,BHA,5.9,0.205243461
2021-22,28,86,Jensen,MID,BRE,4.9,2.130245323
2021-22,28,60,March,MID,BHA,5.3,1.515725768
2021-22,28,524,Wissa,MID,BRE,5.8,2.088655855
2021-22,28,304,Murphy,MID,NEW,4.7,2.609654543
2021-22,28,140,Hudson-Odoi,MID,CHE,5.3,2.301763667
2021-22,28,225,Thiago,MID,LIV,5.3,0.0
2021-22,28,482,Townsend,MID,EVE,5.2,0.835224689
2021-22,28,495,Kucka,MID,WAT,5.5,3.051800299
2021-22,28,464,Olise,MID,CRY,5.4,1.944013445
2021-22,28,679,Kayembe,MID,WAT,4.7,2.538646873
2021-22,28,471,Lees-Melou,MID,NOR,4.8,2.967121725
2021-22,28,101,Cork,MID,BUR,4.4,0.911830342
2021-22,28,108,Gudmundsson,MID,BUR,5.4,0.0
2021-22,28,373,Skipp,MID,TOT,4.4,0.0
2021-22,28,438,Podence,MID,WOL,5.5,3.014792521
2021-22,28,174,Iwobi,MID,EVE,5.8,0.616227459
2021-22,28,512,Elanga,MID,MUN,4.8,1.815412531
2021-22,28,434,Dendoncker,MID,WOL,4.7,3.469277394
2021-22,28,328,Placheta,MID,NOR,4.7,1.712244764
2021-22,28,403,Louza,MID,WAT,5.2,2.057711348
2021-22,28,317,Rupp,MID,NOR,4.4,1.686217334
2021-22,28,193,T Roberts,MID,LEE,4.8,2.083428313
2021-22,28,505,Dewsbury-Hall,MID,LEI,4.4,1.661331379
2021-22,28,552,Forshaw,MID,LEE,4.5,3.207432429
2021-22,28,211,Perez,MID,LEI,5.7,0.534815345
2021-22,28,349,I Diallo,MID,SOU,4.5,2.622652757
2021-22,28,42,El Ghazi,MID,EVE,5.6,0.391644956
2021-22,28,492,Bailey,MID,AVL,6.3,2.553874249
2021-22,28,191,K Phillips,MID,LEE,4.7,0.0
2021-22,28,366,Winks,MID,TOT,4.4,1.25968024
2021-22,28,323,Dowell,MID,NOR,5.1,1.394049409
2021-22,28,155,Schlupp,MID,CRY,5.4,1.121191972
2021-22,28,369,Bergwijn,MID,TOT,5.9,0.66718451
2021-22,28,132,Loftus-Cheek,MID,CHE,5.4,0.431087094
2021-22,28,582,Vlasic,MID,WHU,5.6,1.135316545
2021-22,28,244,C Jones,MID,LIV,5.0,0.386969418
2021-22,28,124,Barkley,MID,CHE,5.2,0.215491606
2021-22,28,160,Eze,MID,CRY,5.9,0.835846747
2021-22,28,575,Lennon,MID,BUR,4.9,1.352513356
2021-22,28,458,Soumare,MID,LEI,4.8,0.551861837
2021-22,28,202,Albrighton,MID,LEI,5.2,1.447159231
2021-22,28,551,Summerville,MID,LEE,4.5,0.050723256
2021-22,28,289,M Greenwood,MID,MUN,7.1,0.0
2021-22,28,629,McAtee,MID,MCI,4.4,0.002305662
2021-22,28,613,Whitaker,MID,EVE,4.5,0.003923464
2021-22,28,508,Edozie,MID,MCI,4.7,0.002056075
2021-22,28,692,Hutchinson,MID,ARS,4.5,0.004467706
2021-22,28,625,K Gordon,MID,LIV,4.5,0.004451694
2021-22,28,630,Onyango,MID,EVE,4.5,0.001695671
2021-22,28,609,Anderson,MID,NEW,4.5,0.008173847
2021-22,28,605,Lavia,MID,MCI,4.4,0.001859702
2021-22,28,648,Rowe,MID,NOR,4.4,0.008269138
2021-22,28,631,Jenkins,MID,LEE,4.5,0.003605808
2021-22,28,628,Haygarth,MID,BRE,4.5,0.001859148
2021-22,28,714,Devine,MID,TOT,4.5,0.004252649
2021-22,28,507,Palmer,MID,MCI,4.5,0.025810094
2021-22,28,687,Giles,MID,WOL,4.5,0.008719491
2021-22,28,668,H White,MID,TOT,4.4,0.004212977
2021-22,28,671,Hall,MID,CHE,4.5,0.007967004
2021-22,28,693,Oulad,MID,ARS,4.5,0.004072956
2021-22,28,672,Vale,MID,CHE,4.5,0.007940303
2021-22,28,654,Leonard,MID,BHA,4.5,0.003881239
2021-22,28,707,De Bolle,MID,NEW,4.5,0.007366663
2021-22,28,620,Morton,MID,LIV,4.5,0.003814439
2021-22,28,634,Perkins,MID,WHU,4.5,0.003732429
2021-22,28,662,Peart-Harris,MID,BRE,4.5,0.004154886
2021-22,28,652,Oko-Flex,MID,WHU,4.4,0.003644838
2021-22,28,543,Banks,MID,CRY,4.5,0.00376604
2021-22,28,680,Chauke,MID,SOU,4.5,0.007059997
2021-22,28,683,Gibbs,MID,NOR,4.5,0.007176064
2021-22,28,601,McKinstry,MID,LEE,4.3,0.007429675
2021-22,28,548,Campbell,MID,WOL,4.4,0.007565261
2021-22,28,541,Rak-Sakyi,MID,CRY,4.4,0.003664037
2021-22,28,658,Archie Gray,MID,LEE,4.5,0.007188559
2021-22,28,710,Chesters,MID,WHU,4.5,0.003484804
2021-22,28,614,Maghoma,MID,BRE,4.5,0.003779605
2021-22,28,624,Bate,MID,LEE,4.5,0.007033857
2021-22,28,703,Chrisene,MID,AVL,4.5,0.007208476
2021-22,28,638,Iroegbunam,MID,AVL,4.5,0.007089289
2021-22,28,600,Kenneh,MID,LEE,4.4,0.00684545
2021-22,28,713,O'Reilly,MID,AVL,4.5,0.00699571
2021-22,28,646,Brunt,MID,LEI,4.5,0.003546222
2021-22,28,37,Trezeguet,MID,AVL,5.4,0.209710434
2021-22,28,592,Saul,MID,CHE,4.9,1.285320088
2021-22,28,576,McCarron,MID,LEE,4.4,0.043679449
2021-22,28,664,Patino,MID,ARS,4.5,0.021053159
2021-22,28,157,Riedewald,MID,CRY,4.7,0.019496686
2021-22,28,405,Baah,MID,WAT,4.3,0.040263656
2021-22,28,347,Smallbone,MID,SOU,4.5,0.080615357
2021-22,28,176,T Davies,MID,EVE,4.8,0.082804583
2021-22,28,32,B Traore,MID,AVL,5.7,0.3908758
2021-22,28,350,Djenepo,MID,SOU,5.2,0.218034442
2021-22,28,332,Walcott,MID,SOU,5.8,0.321211799
2021-22,28,412,Yarmolenko,MID,WHU,5.1,0.0
2021-22,28,163,Delph,MID,EVE,4.3,0.03391962
2021-22,28,34,Sanson,MID,AVL,5.0,0.177091347
2021-22,28,227,Chamberlain,MID,LIV,5.8,0.414449981
2021-22,28,706,Mejbri,MID,MUN,4.5,0.05143875
2021-22,28,309,S Longstaff,MID,NEW,4.4,0.163026726
2021-22,28,504,Gbamin,MID,EVE,4.4,0.074949507
2021-22,28,102,D Stephens,MID,BUR,4.4,0.076967305
2021-22,28,547,Cundle,MID,WOL,4.4,0.16724665
2021-22,28,459,Mata,MID,MUN,4.7,0.337265019
2021-22,28,538,Caicedo,MID,BHA,4.5,0.159874879
2021-22,28,689,Chiquinho,MID,WOL,5.5,0.379482226
2021-22,28,612,Sarmiento,MID,BHA,4.5,0.076228919
2021-22,28,214,Choudhury,MID,LEI,4.4,0.081430017
2021-22,28,82,Dasilva,MID,BRE,5.3,0.0
2021-22,28,236,Minamino,MID,LIV,5.1,0.178987469
2021-22,28,85,Ghoddos,MID,BRE,5.3,0.186577866
2021-22,28,589,Kral,MID,WHU,4.4,0.567114919
2021-22,28,152,Milivojevic,MID,CRY,5.3,0.274421054
2021-22,28,406,Noble,MID,WHU,4.4,0.359513521
2021-22,28,12,Elneny,MID,ARS,4.4,0.269354765
2021-22,28,172,Gomes,MID,EVE,4.9,0.238845053
2021-22,28,73,Alzate,MID,BHA,4.8,0.245239244
2021-22,28,526,Chukwuemeka,MID,AVL,4.5,0.0
2021-22,28,528,Tzolis,MID,NOR,4.8,1.967230421
2021-22,28,221,Milner,MID,LIV,4.9,0.931731172
2021-22,28,453,Fernandinho,MID,MCI,4.7,0.568866793
2021-22,28,478,Lokonga,MID,ARS,4.8,0.537260513
2021-22,28,271,Matic,MID,MUN,4.3,0.315459561
2021-22,28,276,Lingard,MID,MUN,6.7,0.386525572
2021-22,28,41,Nakamba,MID,AVL,4.4,0.0
2021-22,28,698,Kalu,MID,WAT,5.0,0.689197699
2021-22,28,79,Fosu,MID,BRE,5.1,0.244557045
2021-22,28,197,Shackleton,MID,LEE,4.4,0.459492197
2021-22,28,386,W Hughes,MID,CRY,4.7,0.643143594
2021-22,28,391,Sema,MID,WAT,5.2,0.984770559
2021-22,28,203,N Mendy,MID,LEI,4.3,0.327752915
2021-22,28,467,Etebo,MID,WAT,4.3,0.622891976
2021-22,28,499,S Baptiste,MID,BRE,4.9,1.20048186
2021-22,28,479,Onyeka,MID,BRE,4.9,0.596045391
2021-22,28,357,Kane,FWD,TOT,12.3,5.788573884
2021-22,28,177,Calvert-Lewin,FWD,EVE,7.7,2.644451492
2021-22,28,6,Lacazette,FWD,ARS,8.3,4.139301469
2021-22,28,345,Adams,FWD,SOU,7.0,7.659846184
2021-22,28,109,Wood,FWD,NEW,6.7,7.304978349
2021-22,28,529,Lukaku,FWD,CHE,11.5,8.182589231
2021-22,28,180,Richarlison,FWD,EVE,7.5,3.130318937
2021-22,28,205,Vardy,FWD,LEI,10.3,2.768698502
2021-22,28,430,Jimenez,FWD,WOL,7.5,7.832657857
2021-22,28,315,Pukki,FWD,NOR,5.8,6.825341583
2021-22,28,63,Maupay,FWD,BHA,6.6,3.291383606
2021-22,28,579,Ronaldo,FWD,MUN,12.4,3.046146934
2021-22,28,413,Antonio,FWD,WHU,7.6,3.173299488
2021-22,28,518,Broja,FWD,SOU,5.5,6.223955077
2021-22,28,468,King,FWD,WAT,5.8,6.120605514
2021-22,28,40,Watkins,FWD,AVL,7.5,7.050129383
2021-22,28,450,Dennis,FWD,WAT,6.1,6.017332625
2021-22,28,700,Weghorst,FWD,BUR,6.6,2.958448906
2021-22,28,78,Toney,FWD,BRE,6.5,3.929103762
2021-22,28,307,Saint-Maximin,FWD,NEW,6.8,2.827175404
2021-22,28,263,Jesus,FWD,MCI,8.4,3.556288169
2021-22,28,583,Hwang,FWD,WOL,5.4,6.33697769
2021-22,28,337,Ings,FWD,AVL,7.7,5.793097744
2021-22,28,189,Bamford,FWD,LEE,7.7,1.222739247
2021-22,28,187,Rodrigo,FWD,LEE,6.2,5.32703715
2021-22,28,516,Sargent,FWD,NOR,5.4,4.915725024
2021-22,28,310,Joelinton,FWD,NEW,5.8,4.442950164
2021-22,28,213,Iheanacho,FWD,LEI,6.9,3.277068931
2021-22,28,228,Firmino,FWD,LIV,8.7,0.955890451
2021-22,28,447,Welbeck,FWD,BHA,5.9,2.2476305
2021-22,28,455,Daka,FWD,LEI,7.2,2.628816457
2021-22,28,586,Edouard,FWD,CRY,6.4,1.969536897
2021-22,28,104,Jay Rodriguez,FWD,BUR,5.2,2.134230159
2021-22,28,134,Werner,FWD,CHE,8.6,2.445829273
2021-22,28,153,Ayew,FWD,CRY,5.8,2.130887098
2021-22,28,269,Cavani,FWD,MUN,8.4,0.671082622
2021-22,28,525,A Armstrong,FWD,SOU,5.7,1.496865449
2021-22,28,404,Joao Pedro,FWD,WAT,5.4,2.928990212
2021-22,28,296,Wilson,FWD,NEW,7.2,0.0
2021-22,28,300,Gayle,FWD,NEW,5.2,1.39114788
2021-22,28,105,A Barnes,FWD,BUR,5.2,1.379204766
2021-22,28,111,Vydra,FWD,BUR,5.2,0.0
2021-22,28,329,Idah,FWD,NOR,4.9,0.0
2021-22,28,622,Tosun,FWD,EVE,5.0,0.004289977
2021-22,28,704,Delap,FWD,MCI,4.5,0.002174761
2021-22,28,591,Rondon,FWD,EVE,6.0,0.482354601
2021-22,28,533,Richardson,FWD,BUR,4.4,0.001785558
2021-22,28,520,Scarlett,FWD,TOT,4.5,0.004398234
2021-22,28,663,Kayky,FWD,MCI,5.0,0.001906149
2021-22,28,519,S Long,FWD,SOU,5.4,0.046713103
2021-22,28,655,E Ferguson,FWD,BHA,4.5,0.003772318
2021-22,28,694,Biereth,FWD,ARS,4.5,0.003915008
2021-22,28,607,Dobbin,FWD,EVE,4.5,0.003402097
2021-22,28,640,Young-Coombes,FWD,BRE,4.5,0.00390427
2021-22,28,235,Origi,FWD,LIV,4.8,0.100364857
2021-22,28,550,S Greenwood,FWD,LEE,4.5,0.037201471
2021-22,28,149,Benteke,FWD,CRY,6.0,1.053168153
2021-22,28,577,Gelhardt,FWD,LEE,4.6,0.638452503
2021-22,28,445,F Silva,FWD,WOL,5.6,0.496629936
2021-22,28,159,Mateta,FWD,CRY,5.2,0.179177693
2021-22,28,20,Nketiah,FWD,ARS,5.4,0.75895954
2021-22,28,472,Cucho,FWD,WAT,5.0,1.358110387
2021-22,29,559,Ramsdale,GK,ARS,5.1,7.504570849
2021-22,29,353,Lloris,GK,TOT,5.4,7.011544112
2021-22,29,170,Pickford,GK,EVE,4.9,7.719850252
2021-22,29,231,Alisson,GK,LIV,6.0,7.963409581
2021-22,29,69,R Sanchez,GK,BHA,4.6,6.685825533
2021-22,29,112,Pope,GK,BUR,5.4,3.926328535
2021-22,29,295,Dubravka,GK,NEW,4.4,6.393402327
2021-22,29,143,E Mendy,GK,CHE,6.1,4.404023515
2021-22,29,257,Ederson,GK,MCI,6.1,4.146636298
2021-22,29,199,Meslier,GK,LEE,4.8,4.16300195
2021-22,29,30,Martinez,GK,AVL,5.5,3.590270152
2021-22,29,475,Sa,GK,WOL,5.3,3.554848253
2021-22,29,408,Fabianski,GK,WHU,5.0,3.519385939
2021-22,29,80,Raya,GK,BRE,4.3,3.978053552
2021-22,29,334,McCarthy,GK,SOU,4.4,1.127509206
2021-22,29,200,Schmeichel,GK,LEI,4.8,2.667204909
2021-22,29,270,de Gea,GK,MUN,5.3,3.346118897
2021-22,29,146,Guaita,GK,CRY,4.6,2.888090731
2021-22,29,314,Krul,GK,NOR,4.5,2.793660512
2021-22,29,376,Foster,GK,WAT,4.1,2.414874562
2021-22,29,333,Forster,GK,SOU,4.4,2.468813511
2021-22,29,489,Areola,GK,WHU,4.7,0.183518027
2021-22,29,389,Bachmann,GK,WAT,4.2,0.248062039
2021-22,29,129,Kepa,GK,CHE,4.6,0.173640856
2021-22,29,242,Kelleher,GK,LIV,4.3,0.178254783
2021-22,29,156,Butland,GK,CRY,4.4,0.155937972
2021-22,29,448,Gunn,GK,NOR,4.0,0.138251247
2021-22,29,1,Leno,GK,ARS,4.5,0.141052667
2021-22,29,486,Gollini,GK,TOT,4.3,0.131274978
2021-22,29,294,Darlow,GK,NEW,4.5,0.167862211
2021-22,29,480,Hennessey,GK,BUR,4.5,0.090433872
2021-22,29,260,Steffen,GK,MCI,4.4,0.080682728
2021-22,29,54,Steele,GK,BHA,4.0,0.129298011
2021-22,29,280,D Henderson,GK,MUN,4.7,0.082865408
2021-22,29,481,Begovic,GK,EVE,4.0,0.132039072
2021-22,29,490,Klaesson,GK,LEE,4.3,0.08085832
2021-22,29,691,Olsen,GK,AVL,4.0,0.070597708
2021-22,29,452,Ruddy,GK,WOL,4.3,0.066860238
2021-22,29,673,Lossl,GK,BRE,4.5,0.082702565
2021-22,29,204,D Ward,GK,LEI,4.0,0.047240426
2021-22,29,556,A Fernandez,GK,BRE,4.5,0.016385745
2021-22,29,606,Bettinelli,GK,CHE,4.0,0.009172886
2021-22,29,571,Lonergan,GK,EVE,4.0,0.014825519
2021-22,29,593,Carson,GK,MCI,3.9,0.008652073
2021-22,29,688,McGill,GK,BHA,4.0,0.012744315
2021-22,29,114,Norris,GK,BUR,4.4,0.007281392
2021-22,29,407,Randolph,GK,WHU,4.3,0.006660754
2021-22,29,572,Okonkwo,GK,ARS,3.9,0.006355827
2021-22,29,561,Matthews,GK,CRY,3.9,0.006273347
2021-22,29,509,Heaton,GK,MUN,3.9,0.00640962
2021-22,29,573,Jakupovic,GK,LEI,3.9,0.005053491
2021-22,29,313,McGovern,GK,NOR,3.9,0.005676833
2021-22,29,596,Sinisalo,GK,AVL,4.0,0.005948168
2021-22,29,656,Pitaluga,GK,LIV,4.0,0.005911069
2021-22,29,641,Caballero,GK,SOU,4.3,0.003454154
2021-22,29,619,Cox,GK,BRE,4.0,0.003807865
2021-22,29,223,Adrian,GK,LIV,4.3,0.001557377
2021-22,29,666,McCracken,GK,NOR,4.0,0.005056761
2021-22,29,574,Elliot,GK,WAT,4.0,0.005139077
2021-22,29,514,Gillespie,GK,NEW,3.9,0.001346325
2021-22,29,616,Tyrer,GK,EVE,4.0,0.001350159
2021-22,29,615,Slicker,GK,MCI,4.0,0.000772148
2021-22,29,642,Angelini,GK,WAT,4.0,0.00046021
2021-22,29,659,Austin,GK,TOT,4.0,0.007832424
2021-22,29,708,Waller,GK,BUR,4.0,0.003944138
2021-22,29,637,H Lewis,GK,SOU,3.9,0.004157029
2021-22,29,621,Storer,GK,WOL,4.0,0.003902574
2021-22,29,237,Trent,DEF,LIV,8.5,9.785183794
2021-22,29,234,Robertson,DEF,LIV,7.2,7.957646769
2021-22,29,360,Doherty,DEF,TOT,4.7,5.683833794
2021-22,29,229,van Dijk,DEF,LIV,6.7,7.103592645
2021-22,29,16,Tierney,DEF,ARS,5.1,5.916876767
2021-22,29,370,Reguilon,DEF,TOT,5.2,6.367463865
2021-22,29,169,Keane,DEF,EVE,4.7,7.313938231
2021-22,29,23,Gabriel,DEF,ARS,5.3,5.840222497
2021-22,29,364,Ben T Davies,DEF,TOT,4.4,5.585306346
2021-22,29,361,Dier,DEF,TOT,4.6,5.526699824
2021-22,29,256,Cancelo,DEF,MCI,7.1,3.390609375
2021-22,29,127,Rudiger,DEF,CHE,6.1,4.738750783
2021-22,29,59,Dunk,DEF,BHA,4.8,5.641767988
2021-22,29,67,B White,DEF,ARS,4.5,5.381550373
2021-22,29,584,Cucurella,DEF,BHA,5.1,5.536613284
2021-22,29,259,Laporte,DEF,MCI,5.8,4.495083889
2021-22,29,224,Matip,DEF,LIV,4.9,5.731060638
2021-22,29,165,Coleman,DEF,EVE,4.9,6.12119248
2021-22,29,121,T Silva,DEF,CHE,5.6,4.267301707
2021-22,29,494,Romero,DEF,TOT,4.8,4.686945581
2021-22,29,252,Stones,DEF,MCI,5.2,4.441758093
2021-22,29,343,Bednarek,DEF,SOU,4.4,3.813546171
2021-22,29,411,A Cresswell,DEF,WHU,5.4,3.832783107
2021-22,29,98,Tarkowski,DEF,BUR,4.9,3.157072938
2021-22,29,590,Tomiyasu,DEF,ARS,4.6,3.752306425
2021-22,29,249,Walker,DEF,MCI,5.4,4.030348139
2021-22,29,675,Mykolenko,DEF,EVE,4.9,5.423177181
2021-22,29,62,Veltman,DEF,BHA,4.2,4.868842617
2021-22,29,342,Walker-Peters,DEF,SOU,4.8,3.480510096
2021-22,29,168,Digne,DEF,AVL,5.1,3.197551112
2021-22,29,39,Targett,DEF,NEW,4.7,5.102080217
2021-22,29,585,C Roberts,DEF,BUR,4.5,2.930241225
2021-22,29,113,Taylor,DEF,BUR,4.4,3.012916219
2021-22,29,119,Azpilicueta,DEF,CHE,5.6,2.190274139
2021-22,29,178,Holgate,DEF,EVE,4.2,5.579114047
2021-22,29,179,Godfrey,DEF,EVE,4.7,4.106175566
2021-22,29,142,R James,DEF,CHE,6.2,0.0
2021-22,29,414,Dawson,DEF,WHU,4.9,3.363510895
2021-22,29,133,Christensen,DEF,CHE,4.6,3.75587479
2021-22,29,128,Zouma,DEF,WHU,5.4,3.305641474
2021-22,29,351,Salisu,DEF,SOU,4.5,3.248268763
2021-22,29,44,Cash,DEF,AVL,5.1,2.883558922
2021-22,29,106,Mee,DEF,BUR,4.8,0.0
2021-22,29,305,Schar,DEF,NEW,4.3,4.24166173
2021-22,29,185,Ayling,DEF,LEE,4.3,3.772182675
2021-22,29,122,Alonso,DEF,CHE,5.6,2.6295517
2021-22,29,58,Burn,DEF,NEW,4.4,4.33012263
2021-22,29,491,Livramento,DEF,SOU,4.4,2.807696034
2021-22,29,429,Coady,DEF,WOL,4.8,2.829564317
2021-22,29,38,Mings,DEF,AVL,5.0,2.803102586
2021-22,29,431,Saiss,DEF,WOL,5.0,2.558143361
2021-22,29,470,Ait-Nouri,DEF,WOL,4.4,2.563167732
2021-22,29,91,Pinnock,DEF,BRE,4.5,3.674429226
2021-22,29,190,Llorente,DEF,LEE,4.5,3.554892264
2021-22,29,71,Lamptey,DEF,BHA,4.5,3.9232468
2021-22,29,555,Varane,DEF,MUN,5.5,2.094342808
2021-22,29,61,Webster,DEF,BHA,4.3,0.462974825
2021-22,29,264,Zinchenko,DEF,MCI,5.3,2.499424818
2021-22,29,83,Henry,DEF,BRE,4.5,3.64015438
2021-22,29,56,Duffy,DEF,BHA,4.1,4.510633601
2021-22,29,194,Koch,DEF,LEE,4.3,3.480508213
2021-22,29,198,Struijk,DEF,LEE,4.3,3.442750792
2021-22,29,439,Kilman,DEF,WOL,4.6,2.306201373
2021-22,29,217,Soyuncu,DEF,LEI,4.9,1.961022712
2021-22,29,45,Konsa,DEF,AVL,4.9,2.052660662
2021-22,29,76,Jansson,DEF,BRE,4.5,3.512105684
2021-22,29,433,Jonny,DEF,WOL,4.5,2.765537482
2021-22,29,273,Maguire,DEF,MUN,5.4,2.144181947
2021-22,29,279,Telles,DEF,MUN,5.0,2.924015572
2021-22,29,588,Emerson R,DEF,TOT,4.8,1.787191236
2021-22,29,207,R Pereira,DEF,LEI,5.2,0.827462438
2021-22,29,220,Fofana,DEF,LEI,4.3,0.385321656
2021-22,29,460,Perraud,DEF,SOU,4.8,1.608700081
2021-22,29,162,Mitchell,DEF,CRY,4.5,2.060981124
2021-22,29,676,Kamara,DEF,WAT,4.5,2.180835513
2021-22,29,326,Aarons,DEF,NOR,4.3,2.153623216
2021-22,29,425,Johnson,DEF,WHU,3.9,2.581554836
2021-22,29,527,T Chalobah,DEF,CHE,4.7,2.161253406
2021-22,29,303,Krafth,DEF,NEW,4.3,2.884165026
2021-22,29,488,Andersen,DEF,CRY,4.5,2.002506311
2021-22,29,209,Castagne,DEF,LEI,5.3,0.301626987
2021-22,29,319,Hanley,DEF,NOR,4.4,2.054236403
2021-22,29,275,Shaw,DEF,MUN,5.0,0.0
2021-22,29,510,Dalot,DEF,MUN,4.5,1.560247301
2021-22,29,367,D Sanchez,DEF,TOT,4.5,1.481916491
2021-22,29,456,Gibson,DEF,NOR,4.4,2.039597906
2021-22,29,477,Guehi,DEF,CRY,4.5,1.947135554
2021-22,29,201,Evans,DEF,LEI,5.4,0.0
2021-22,29,10,Chambers,DEF,AVL,4.2,1.20941349
2021-22,29,418,Coufal,DEF,WHU,4.7,0.0
2021-22,29,243,Konate,DEF,LIV,5.1,1.586881196
2021-22,29,368,Sessegnon,DEF,TOT,4.3,0.0
2021-22,29,150,Kouyate,DEF,CRY,4.5,1.969484319
2021-22,29,483,Ajer,DEF,BRE,4.4,2.131886902
2021-22,29,218,Justin,DEF,LEI,4.9,1.013794102
2021-22,29,284,Lindelof,DEF,MUN,4.8,2.116866221
2021-22,29,428,Boly,DEF,WOL,4.9,1.1229556
2021-22,29,288,Wan-Bissaka,DEF,MUN,5.1,1.128459254
2021-22,29,382,Femenia,DEF,WAT,4.3,1.578328109
2021-22,29,474,J Ward,DEF,CRY,4.5,1.184953523
2021-22,29,451,Collins,DEF,BUR,4.3,2.821965048
2021-22,29,245,Tsimikas,DEF,LIV,3.7,1.170486212
2021-22,29,299,Lascelles,DEF,NEW,4.4,1.613960837
2021-22,29,258,Ake,DEF,MCI,4.7,0.355283157
2021-22,29,501,M Sarr,DEF,CHE,4.9,0.794338128
2021-22,29,262,Dias,DEF,MCI,6.3,0.0
2021-22,29,677,Samir,DEF,WAT,4.5,1.935162833
2021-22,29,432,Marcal,DEF,WOL,4.2,0.976320796
2021-22,29,379,Cathcart,DEF,WAT,4.3,1.944973808
2021-22,29,5,Cedric,DEF,ARS,4.2,1.737455954
2021-22,29,594,Zanka,DEF,BRE,4.5,1.503565371
2021-22,29,302,Manquillo,DEF,NEW,3.9,1.362884946
2021-22,29,208,Amartey,DEF,LEI,3.8,1.824011486
2021-22,29,502,Kenny,DEF,EVE,4.4,0.817788544
2021-22,29,678,Trippier,DEF,NEW,5.0,0.0
2021-22,29,424,Diop,DEF,WHU,4.3,0.576503765
2021-22,29,14,Holding,DEF,ARS,4.1,0.65429527
2021-22,29,219,L Thomas,DEF,LEI,4.3,1.708635187
2021-22,29,110,Lowton,DEF,BUR,4.4,0.382934489
2021-22,29,290,B Williams,DEF,NOR,3.9,1.756362763
2021-22,29,463,Firpo,DEF,LEE,4.7,0.0
2021-22,29,466,Tavares,DEF,ARS,4.3,0.615927782
2021-22,29,338,J Stephens,DEF,SOU,4.4,0.42464525
2021-22,29,292,Ritchie,DEF,NEW,4.9,0.864604192
2021-22,29,674,Patterson,DEF,EVE,4.2,0.649072901
2021-22,29,238,Gomez,DEF,LIV,4.7,0.57626204
2021-22,29,437,Semedo,DEF,WOL,4.8,0.0
2021-22,29,184,Cooper,DEF,LEE,4.4,0.0
2021-22,29,443,Hoever,DEF,WOL,3.9,0.1036917
2021-22,29,89,Roerslev,DEF,BRE,4.2,0.826564927
2021-22,29,301,Dummett,DEF,NEW,4.5,0.481268614
2021-22,29,147,Tomkins,DEF,CRY,4.3,0.241482636
2021-22,29,580,Kabak,DEF,NOR,4.3,0.464369018
2021-22,29,473,Bertrand,DEF,LEI,4.6,0.0
2021-22,29,100,Pieters,DEF,BUR,4.2,0.0
2021-22,29,415,Fredericks,DEF,WHU,4.4,0.935805988
2021-22,29,685,Toti,DEF,WOL,4.5,0.164676526
2021-22,29,90,M Sorensen,DEF,BRE,4.3,0.314921844
2021-22,29,544,Branthwaite,DEF,EVE,4.0,0.170585042
2021-22,29,465,F Fernandez,DEF,NEW,4.3,0.133008887
2021-22,29,340,Vestergaard,DEF,LEI,4.7,0.394798181
2021-22,29,371,Tanganga,DEF,TOT,4.2,0.0
2021-22,29,103,K Long,DEF,BUR,4.0,0.286750211
2021-22,29,446,Mosquera,DEF,WOL,4.4,0.095366733
2021-22,29,36,Hause,DEF,AVL,4.4,0.066827666
2021-22,29,374,Rodon,DEF,TOT,4.2,0.063520288
2021-22,29,417,Masuaku,DEF,WHU,4.4,0.436627903
2021-22,29,247,R Williams,DEF,LIV,4.4,0.071862416
2021-22,29,286,Bailly,DEF,MUN,4.9,0.062993356
2021-22,29,493,Clyne,DEF,CRY,4.3,0.755475291
2021-22,29,151,Kelly,DEF,CRY,3.9,0.049768469
2021-22,29,632,P Jones,DEF,MUN,4.5,0.032423877
2021-22,29,563,C Cresswell,DEF,LEE,4.0,0.072622667
2021-22,29,331,Omobamidele,DEF,NOR,3.9,0.052046015
2021-22,29,99,Bardsley,DEF,BUR,3.9,0.031185552
2021-22,29,667,Small,DEF,SOU,4.0,0.035237479
2021-22,29,158,Jach,DEF,CRY,4.3,0.024470047
2021-22,29,384,Kabasele,DEF,WAT,4.3,0.650992236
2021-22,29,327,J Sorensen,DEF,NOR,4.3,0.026217585
2021-22,29,560,H Roberts,DEF,BHA,3.9,0.020779108
2021-22,29,565,Dodgson,DEF,BUR,3.9,0.002892476
2021-22,29,324,Zimmermann,DEF,NOR,4.4,0.023920623
2021-22,29,554,J Baptiste,DEF,WHU,4.0,0.005912201
2021-22,29,534,B Thomas,DEF,BUR,3.9,0.002679812
2021-22,29,569,Stevens,DEF,BRE,3.9,0.013598129
2021-22,29,546,Valery,DEF,SOU,3.9,0.005642586
2021-22,29,690,Kenedy,DEF,CHE,4.5,0.00563363
2021-22,29,567,Lyanco,DEF,SOU,4.4,0.0
2021-22,29,161,N Ferguson,DEF,CRY,4.5,0.0
2021-22,29,175,Mina,DEF,EVE,4.9,0.0
2021-22,29,409,Ogbonna,DEF,WHU,4.9,0.0
2021-22,29,135,Chilwell,DEF,CHE,5.6,0.0
2021-22,29,610,Bogarde,DEF,AVL,4.0,0.004817293
2021-22,29,604,Wilson-Esbrand,DEF,MCI,3.9,0.002304279
2021-22,29,603,Mbete,DEF,MCI,3.9,0.002289206
2021-22,29,651,Egan-Riley,DEF,MCI,4.0,0.00225541
2021-22,29,626,Bradley,DEF,LIV,4.0,0.008416129
2021-22,29,627,Beck,DEF,LIV,4.0,0.008298671
2021-22,29,660,Quansah,DEF,LIV,4.0,0.008192569
2021-22,29,540,Hannam,DEF,CRY,3.9,0.003711608
2021-22,29,390,Masina,DEF,WAT,4.3,0.32176005
2021-22,29,623,Welch,DEF,EVE,4.0,0.008330386
2021-22,29,653,Turns,DEF,BHA,4.0,0.007109331
2021-22,29,711,Swanson,DEF,ARS,4.0,0.007517001
2021-22,29,712,Offiah,DEF,BHA,4.0,0.006961865
2021-22,29,598,Omole,DEF,TOT,3.9,0.007235708
2021-22,29,617,Ashby,DEF,WHU,4.0,0.004290741
2021-22,29,705,Awe,DEF,ARS,4.0,0.007235547
2021-22,29,643,Tomkinson,DEF,NOR,4.0,0.00340483
2021-22,29,709,Adaramola,DEF,CRY,4.0,0.003264518
2021-22,29,682,Ekwah,DEF,WHU,4.0,0.004038478
2021-22,29,644,Alese,DEF,WHU,4.0,0.004027881
2021-22,29,684,K Hayden,DEF,AVL,4.0,0.003763719
2021-22,29,608,Hjelde,DEF,LEE,4.0,0.004246002
2021-22,29,635,Bueno,DEF,WOL,4.0,0.003773349
2021-22,29,657,Moore,DEF,LEE,4.0,0.004186372
2021-22,29,670,Feeney,DEF,AVL,4.0,0.003630726
2021-22,29,639,Daley-Campbell,DEF,LEI,4.0,0.003163692
2021-22,29,645,B Nelson,DEF,LEI,4.0,0.003108609
2021-22,29,633,Morris,DEF,WAT,4.0,0.003205068
2021-22,29,396,Sierralta,DEF,WAT,4.3,0.20766912
2021-22,29,387,Troost-Ekong,DEF,WAT,4.3,0.0
2021-22,29,618,Nkoulou,DEF,WAT,4.4,0.194910841
2021-22,29,457,Giannoulis,DEF,NOR,4.4,0.317031023
2021-22,29,321,Byram,DEF,NOR,4.4,0.222158851
2021-22,29,400,Ngakia,DEF,WAT,4.3,0.152946036
2021-22,29,52,Young,DEF,AVL,4.7,0.883659693
2021-22,29,233,Salah,MID,LIV,13.2,11.05838802
2021-22,29,359,Son,MID,TOT,10.8,9.191813127
2021-22,29,230,Mane,MID,LIV,11.7,8.731912122
2021-22,29,22,Saka,MID,ARS,6.5,7.495303494
2021-22,29,240,Jota,MID,LIV,8.3,7.377253166
2021-22,29,701,Kulusevski,MID,TOT,6.0,5.905801011
2021-22,29,173,Doucoure,MID,EVE,5.3,6.516368302
2021-22,29,277,Fernandes,MID,MUN,11.7,4.638039923
2021-22,29,196,Raphinha,MID,LEE,6.5,5.051539973
2021-22,29,26,Martinelli,MID,ARS,5.3,6.621881212
2021-22,29,558,Odegaard,MID,ARS,5.5,6.433732017
2021-22,29,341,Ward-Prowse,MID,SOU,6.6,4.307714493
2021-22,29,681,Coutinho,MID,AVL,7.4,3.888132478
2021-22,29,251,De Bruyne,MID,MCI,11.8,4.051666763
2021-22,29,255,Sterling,MID,MCI,10.7,3.8659887
2021-22,29,138,Mount,MID,CHE,7.5,4.502866418
2021-22,29,64,Trossard,MID,BHA,5.9,6.046358419
2021-22,29,210,Tielemans,MID,LEI,6.4,3.340114184
2021-22,29,74,Mac Allister,MID,BHA,5.3,5.932960969
2021-22,29,265,Foden,MID,MCI,7.9,3.703699508
2021-22,29,215,H Barnes,MID,LEI,6.5,3.037699326
2021-22,29,484,D Gray,MID,EVE,5.5,5.172663137
2021-22,29,422,Soucek,MID,WHU,5.7,3.726612987
2021-22,29,399,I Sarr,MID,WAT,5.7,0.0
2021-22,29,365,Hojbjerg,MID,TOT,4.9,4.962838035
2021-22,29,154,Zaha,MID,CRY,6.8,3.228318504
2021-22,29,141,Havertz,MID,CHE,7.8,3.901344353
2021-22,29,118,McNeil,MID,BUR,5.7,2.832468523
2021-22,29,485,Sancho,MID,MUN,9.0,3.464677968
2021-22,29,420,Bowen,MID,WHU,7.1,0.0
2021-22,29,254,Mahrez,MID,MCI,8.8,3.139194954
2021-22,29,21,Smith Rowe,MID,ARS,5.8,4.466677605
2021-22,29,15,Partey,MID,ARS,5.0,4.868108349
2021-22,29,298,Fraser,MID,NEW,5.3,5.703099478
2021-22,29,339,S Armstrong,MID,SOU,5.8,3.217496999
2021-22,29,261,B Silva,MID,MCI,7.3,3.230594178
2021-22,29,107,Westwood,MID,BUR,5.3,2.76157655
2021-22,29,232,Fabinho,MID,LIV,5.4,4.958881366
2021-22,29,7,Xhaka,MID,ARS,4.8,4.77831148
2021-22,29,419,Benrahma,MID,WHU,5.9,3.603251269
2021-22,29,212,Maddison,MID,LEI,6.8,2.234576691
2021-22,29,19,Willock,MID,NEW,5.7,5.282929258
2021-22,29,697,Guimaraes,MID,NEW,4.9,4.09129984
2021-22,29,188,Dallas,MID,LEE,4.9,3.613538163
2021-22,29,291,Shelvey,MID,NEW,5.3,5.00616339
2021-22,29,267,Harrison,MID,LEE,5.5,3.558562028
2021-22,29,96,Mbeumo,MID,BRE,5.2,3.42903729
2021-22,29,222,J Henderson,MID,LIV,5.0,4.827598559
2021-22,29,578,Cornet,MID,BUR,5.9,2.600998973
2021-22,29,696,Diaz,MID,LIV,8.0,4.373871292
2021-22,29,423,Fornals,MID,WHU,6.0,3.415752675
2021-22,29,75,Moder,MID,BHA,4.5,4.586288189
2021-22,29,282,van de Beek,MID,EVE,5.7,4.864815878
2021-22,29,272,Pogba,MID,MUN,7.4,3.377266237
2021-22,29,144,Gallagher,MID,CRY,6.2,2.723558387
2021-22,29,441,Neto,MID,WOL,6.4,2.221821864
2021-22,29,503,A Gordon,MID,EVE,4.5,3.982602336
2021-22,29,702,Bentancur,MID,TOT,4.9,4.148672401
2021-22,29,336,Redmond,MID,SOU,5.9,2.630216514
2021-22,29,171,Allan,MID,EVE,4.3,3.995082845
2021-22,29,250,Gundogan,MID,MCI,7.1,2.728747821
2021-22,29,363,Alli,MID,EVE,6.2,3.424767917
2021-22,29,335,Romeu,MID,SOU,4.5,2.694046482
2021-22,29,33,Grealish,MID,MCI,7.5,2.663314669
2021-22,29,123,Jorginho,MID,CHE,5.8,3.076895858
2021-22,29,354,Sissoko,MID,WAT,4.4,2.405790843
2021-22,29,362,Lucas Moura,MID,TOT,6.3,3.847114903
2021-22,29,70,Bissouma,MID,BHA,4.4,4.264771013
2021-22,29,35,McGinn,MID,AVL,5.7,2.717863325
2021-22,29,51,J Ramsey,MID,AVL,4.8,2.707382338
2021-22,29,416,Lanzini,MID,WHU,5.7,3.202716064
2021-22,29,115,Brownhill,MID,BUR,4.3,2.286811257
2021-22,29,81,Canos,MID,BRE,5.5,2.914186813
2021-22,29,449,Rashica,MID,NOR,5.2,2.621563846
2021-22,29,281,Rashford,MID,MUN,9.4,2.547411637
2021-22,29,287,D James,MID,LEE,6.0,3.049566164
2021-22,29,266,Rodri,MID,MCI,5.5,2.627961294
2021-22,29,436,Neves,MID,WOL,5.3,2.501515079
2021-22,29,421,Rice,MID,WHU,5.1,2.143966631
2021-22,29,137,Pulisic,MID,CHE,7.9,1.004638836
2021-22,29,216,Ndidi,MID,LEI,4.8,2.230669577
2021-22,29,426,Moutinho,MID,WOL,4.9,2.465241408
2021-22,29,587,Lookman,MID,LEI,6.0,1.605342019
2021-22,29,125,Kovacic,MID,CHE,5.0,2.463116044
2021-22,29,318,McLean,MID,NOR,4.9,2.388393657
2021-22,29,438,Podence,MID,WOL,5.5,2.471190204
2021-22,29,17,Pepe,MID,ARS,6.9,2.29651565
2021-22,29,77,Norgaard,MID,BRE,5.0,2.318452271
2021-22,29,274,Fred,MID,MUN,4.9,2.675993788
2021-22,29,145,Gilmour,MID,NOR,4.3,2.321278882
2021-22,29,699,Eriksen,MID,BRE,5.5,2.616134145
2021-22,29,517,Elyounoussi,MID,SOU,5.4,1.621095621
2021-22,29,50,Douglas Luiz,MID,AVL,4.4,2.356859708
2021-22,29,131,Ziyech,MID,CHE,7.3,1.413472871
2021-22,29,130,Kante,MID,CHE,4.9,2.374420116
2021-22,29,140,Hudson-Odoi,MID,CHE,5.3,2.927675804
2021-22,29,53,Lallana,MID,BHA,5.3,2.619016744
2021-22,29,285,McTominay,MID,MUN,5.4,0.509720965
2021-22,29,346,Tella,MID,SOU,4.7,1.647484571
2021-22,29,239,Keita,MID,LIV,5.0,2.776525057
2021-22,29,84,Janelt,MID,BRE,5.0,2.588870088
2021-22,29,506,Elliott,MID,LIV,5.3,2.418883454
2021-22,29,304,Murphy,MID,NEW,4.7,2.955601313
2021-22,29,225,Thiago,MID,LIV,5.3,1.673286543
2021-22,29,55,Gross,MID,BHA,5.7,2.400920709
2021-22,29,462,Mwepu,MID,BHA,5.9,1.665534743
2021-22,29,43,Buendia,MID,AVL,6.2,2.174149709
2021-22,29,581,Normann,MID,NOR,4.5,2.146509427
2021-22,29,60,March,MID,BHA,5.3,2.654545163
2021-22,29,186,Klich,MID,LEE,5.2,2.589431782
2021-22,29,148,McArthur,MID,CRY,4.3,0.0
2021-22,29,381,Cleverley,MID,WAT,4.8,1.963911887
2021-22,29,512,Elanga,MID,MUN,4.8,2.053933661
2021-22,29,482,Townsend,MID,EVE,5.2,1.925751717
2021-22,29,86,Jensen,MID,BRE,4.9,2.188645002
2021-22,29,308,Almiron,MID,NEW,5.1,2.745058605
2021-22,29,524,Wissa,MID,BRE,5.8,2.127703879
2021-22,29,505,Dewsbury-Hall,MID,LEI,4.4,1.922275871
2021-22,29,101,Cork,MID,BUR,4.4,0.953072973
2021-22,29,464,Olise,MID,CRY,5.4,1.742745792
2021-22,29,366,Winks,MID,TOT,4.4,2.288923478
2021-22,29,174,Iwobi,MID,EVE,5.8,1.407769794
2021-22,29,155,Schlupp,MID,CRY,5.4,2.227173105
2021-22,29,108,Gudmundsson,MID,BUR,5.4,0.0
2021-22,29,679,Kayembe,MID,WAT,4.7,1.123282981
2021-22,29,575,Lennon,MID,BUR,4.9,1.588746979
2021-22,29,582,Vlasic,MID,WHU,5.6,2.176056891
2021-22,29,495,Kucka,MID,WAT,5.5,1.513984496
2021-22,29,42,El Ghazi,MID,EVE,5.6,0.89409793
2021-22,29,461,Trincao,MID,WOL,5.6,1.303006536
2021-22,29,373,Skipp,MID,TOT,4.4,0.268738754
2021-22,29,403,Louza,MID,WAT,5.2,1.536599895
2021-22,29,328,Placheta,MID,NOR,4.7,0.768413513
2021-22,29,471,Lees-Melou,MID,NOR,4.8,0.763890892
2021-22,29,191,K Phillips,MID,LEE,4.7,0.0
2021-22,29,211,Perez,MID,LEI,5.7,0.321690193
2021-22,29,592,Saul,MID,CHE,4.9,1.078072241
2021-22,29,309,S Longstaff,MID,NEW,4.4,1.446457345
2021-22,29,317,Rupp,MID,NOR,4.4,0.751587605
2021-22,29,552,Forshaw,MID,LEE,4.5,2.21792548
2021-22,29,244,C Jones,MID,LIV,5.0,1.146708944
2021-22,29,369,Bergwijn,MID,TOT,5.9,0.75667948
2021-22,29,132,Loftus-Cheek,MID,CHE,5.4,0.223728946
2021-22,29,124,Barkley,MID,CHE,5.2,0.11233237
2021-22,29,160,Eze,MID,CRY,5.9,0.75960864
2021-22,29,551,Summerville,MID,LEE,4.5,0.029213515
2021-22,29,193,T Roberts,MID,LEE,4.8,0.0
2021-22,29,289,M Greenwood,MID,MUN,7.1,0.0
2021-22,29,613,Whitaker,MID,EVE,4.5,0.008627629
2021-22,29,629,McAtee,MID,MCI,4.4,0.002222979
2021-22,29,625,K Gordon,MID,LIV,4.5,0.008323822
2021-22,29,508,Edozie,MID,MCI,4.7,0.002028701
2021-22,29,692,Hutchinson,MID,ARS,4.5,0.008611365
2021-22,29,630,Onyango,MID,EVE,4.5,0.003628752
2021-22,29,605,Lavia,MID,MCI,4.4,0.001854575
2021-22,29,609,Anderson,MID,NEW,4.5,0.007854085
2021-22,29,631,Jenkins,MID,LEE,4.5,0.001916946
2021-22,29,628,Haygarth,MID,BRE,4.5,0.001869889
2021-22,29,648,Rowe,MID,NOR,4.4,0.004184571
2021-22,29,714,Devine,MID,TOT,4.5,0.007829319
2021-22,29,668,H White,MID,TOT,4.4,0.007777704
2021-22,29,654,Leonard,MID,BHA,4.5,0.007554456
2021-22,29,507,Palmer,MID,MCI,4.5,0.024675211
2021-22,29,693,Oulad,MID,ARS,4.5,0.007899237
2021-22,29,671,Hall,MID,CHE,4.5,0.004093343
2021-22,29,672,Vale,MID,CHE,4.5,0.00405199
2021-22,29,620,Morton,MID,LIV,4.5,0.00728992
2021-22,29,687,Giles,MID,WOL,4.5,0.004089158
2021-22,29,707,De Bolle,MID,NEW,4.5,0.007179637
2021-22,29,634,Perkins,MID,WHU,4.5,0.004152489
2021-22,29,662,Peart-Harris,MID,BRE,4.5,0.004249587
2021-22,29,543,Banks,MID,CRY,4.5,0.003585596
2021-22,29,652,Oko-Flex,MID,WHU,4.4,0.004044413
2021-22,29,680,Chauke,MID,SOU,4.5,0.003599443
2021-22,29,683,Gibbs,MID,NOR,4.5,0.003569323
2021-22,29,541,Rak-Sakyi,MID,CRY,4.4,0.003511777
2021-22,29,601,McKinstry,MID,LEE,4.3,0.003982185
2021-22,29,658,Archie Gray,MID,LEE,4.5,0.003810663
2021-22,29,614,Maghoma,MID,BRE,4.5,0.00383998
2021-22,29,548,Campbell,MID,WOL,4.4,0.003643928
2021-22,29,703,Chrisene,MID,AVL,4.5,0.003541973
2021-22,29,600,Kenneh,MID,LEE,4.4,0.003613372
2021-22,29,638,Iroegbunam,MID,AVL,4.5,0.003458765
2021-22,29,646,Brunt,MID,LEI,4.5,0.003367839
2021-22,29,713,O'Reilly,MID,AVL,4.5,0.003441007
2021-22,29,576,McCarron,MID,LEE,4.4,0.024129763
2021-22,29,664,Patino,MID,ARS,4.5,0.040903105
2021-22,29,157,Riedewald,MID,CRY,4.7,0.0185425
2021-22,29,176,T Davies,MID,EVE,4.8,0.184408537
2021-22,29,405,Baah,MID,WAT,4.3,0.041633965
2021-22,29,347,Smallbone,MID,SOU,4.5,0.04219885
2021-22,29,163,Delph,MID,EVE,4.3,0.03640711
2021-22,29,323,Dowell,MID,NOR,5.1,0.709422476
2021-22,29,350,Djenepo,MID,SOU,5.2,0.096670112
2021-22,29,459,Mata,MID,MUN,4.7,0.398961027
2021-22,29,332,Walcott,MID,SOU,5.8,0.150236217
2021-22,29,412,Yarmolenko,MID,WHU,5.1,0.0
2021-22,29,458,Soumare,MID,LEI,4.8,0.280819969
2021-22,29,32,B Traore,MID,AVL,5.7,0.294661861
2021-22,29,102,D Stephens,MID,BUR,4.4,0.037713676
2021-22,29,706,Mejbri,MID,MUN,4.5,0.057549023
2021-22,29,227,Chamberlain,MID,LIV,5.8,0.347313736
2021-22,29,538,Caicedo,MID,BHA,4.5,0.155435741
2021-22,29,34,Sanson,MID,AVL,5.0,0.083093152
2021-22,29,710,Chesters,MID,WHU,4.5,0.340476471
2021-22,29,612,Sarmiento,MID,BHA,4.5,0.148224161
2021-22,29,547,Cundle,MID,WOL,4.4,0.079443224
2021-22,29,349,I Diallo,MID,SOU,4.5,1.342637287
2021-22,29,202,Albrighton,MID,LEI,5.2,1.120348881
2021-22,29,236,Minamino,MID,LIV,5.1,0.329958696
2021-22,29,624,Bate,MID,LEE,4.5,0.366167476
2021-22,29,589,Kral,MID,WHU,4.4,0.236192111
2021-22,29,406,Noble,MID,WHU,4.4,0.777044009
2021-22,29,172,Gomes,MID,EVE,4.9,0.533133857
2021-22,29,82,Dasilva,MID,BRE,5.3,0.0
2021-22,29,85,Ghoddos,MID,BRE,5.3,0.191891495
2021-22,29,689,Chiquinho,MID,WOL,5.5,0.2649163
2021-22,29,271,Matic,MID,MUN,4.3,1.25900599
2021-22,29,73,Alzate,MID,BHA,4.8,0.315262756
2021-22,29,12,Elneny,MID,ARS,4.4,0.521063
2021-22,29,152,Milivojevic,MID,CRY,5.3,0.434071843
2021-22,29,698,Kalu,MID,WAT,5.0,0.852187028
2021-22,29,276,Lingard,MID,MUN,6.7,0.456782809
2021-22,29,492,Bailey,MID,AVL,6.3,0.873413389
2021-22,29,221,Milner,MID,LIV,4.9,1.014144854
2021-22,29,453,Fernandinho,MID,MCI,4.7,0.554645813
2021-22,29,214,Choudhury,MID,LEI,4.4,0.498002042
2021-22,29,526,Chukwuemeka,MID,AVL,4.5,0.154381414
2021-22,29,478,Lokonga,MID,ARS,4.8,1.045387411
2021-22,29,41,Nakamba,MID,AVL,4.4,0.0
2021-22,29,79,Fosu,MID,BRE,5.1,0.248102621
2021-22,29,391,Sema,MID,WAT,5.2,0.770935991
2021-22,29,386,W Hughes,MID,CRY,4.7,0.992061045
2021-22,29,197,Shackleton,MID,LEE,4.4,0.650753041
2021-22,29,467,Etebo,MID,WAT,4.3,0.386478358
2021-22,29,203,N Mendy,MID,LEI,4.3,0.305220943
2021-22,29,528,Tzolis,MID,NOR,4.8,0.936790978
2021-22,29,499,S Baptiste,MID,BRE,4.9,1.228274071
2021-22,29,434,Dendoncker,MID,WOL,4.7,1.440205442
2021-22,29,479,Onyeka,MID,BRE,4.9,0.615494582
2021-22,29,357,Kane,FWD,TOT,12.3,9.224643137
2021-22,29,177,Calvert-Lewin,FWD,EVE,7.7,8.869068895
2021-22,29,6,Lacazette,FWD,ARS,8.3,7.778329104
2021-22,29,180,Richarlison,FWD,EVE,7.5,6.568247353
2021-22,29,345,Adams,FWD,SOU,7.0,4.48003003
2021-22,29,109,Wood,FWD,NEW,6.7,6.616979462
2021-22,29,63,Maupay,FWD,BHA,6.6,6.350815707
2021-22,29,413,Antonio,FWD,WHU,7.6,4.066876478
2021-22,29,700,Weghorst,FWD,BUR,6.6,3.383671567
2021-22,29,189,Bamford,FWD,LEE,7.7,2.99932041
2021-22,29,579,Ronaldo,FWD,MUN,12.4,3.833842747
2021-22,29,78,Toney,FWD,BRE,6.5,4.113955209
2021-22,29,450,Dennis,FWD,WAT,6.1,3.073909308
2021-22,29,315,Pukki,FWD,NOR,5.8,3.622964934
2021-22,29,430,Jimenez,FWD,WOL,7.5,3.3575439
2021-22,29,518,Broja,FWD,SOU,5.5,3.555725468
2021-22,29,40,Watkins,FWD,AVL,7.5,3.25796946
2021-22,29,529,Lukaku,FWD,CHE,11.5,3.633568084
2021-22,29,468,King,FWD,WAT,5.8,2.414830676
2021-22,29,263,Jesus,FWD,MCI,8.4,3.201602762
2021-22,29,307,Saint-Maximin,FWD,NEW,6.8,3.678578015
2021-22,29,337,Ings,FWD,AVL,7.7,2.994394958
2021-22,29,455,Daka,FWD,LEI,7.2,3.339327504
2021-22,29,228,Firmino,FWD,LIV,8.7,3.835021841
2021-22,29,205,Vardy,FWD,LEI,10.3,0.0
2021-22,29,213,Iheanacho,FWD,LEI,6.9,2.756170162
2021-22,29,583,Hwang,FWD,WOL,5.4,2.586071674
2021-22,29,447,Welbeck,FWD,BHA,5.9,3.993072547
2021-22,29,187,Rodrigo,FWD,LEE,6.2,3.173010476
2021-22,29,516,Sargent,FWD,NOR,5.4,2.513322661
2021-22,29,104,Jay Rodriguez,FWD,BUR,5.2,2.286103512
2021-22,29,134,Werner,FWD,CHE,8.6,1.901037161
2021-22,29,586,Edouard,FWD,CRY,6.4,1.782985926
2021-22,29,310,Joelinton,FWD,NEW,5.8,2.540726746
2021-22,29,153,Ayew,FWD,CRY,5.8,1.981578126
2021-22,29,525,A Armstrong,FWD,SOU,5.7,0.839273435
2021-22,29,296,Wilson,FWD,NEW,7.2,0.0
2021-22,29,269,Cavani,FWD,MUN,8.4,0.846137575
2021-22,29,404,Joao Pedro,FWD,WAT,5.4,1.046766617
2021-22,29,105,A Barnes,FWD,BUR,5.2,1.48255274
2021-22,29,472,Cucho,FWD,WAT,5.0,2.094403812
2021-22,29,300,Gayle,FWD,NEW,5.2,1.391887396
2021-22,29,591,Rondon,FWD,EVE,6.0,0.595088836
2021-22,29,20,Nketiah,FWD,ARS,5.4,1.875224706
2021-22,29,622,Tosun,FWD,EVE,5.0,0.009307286
2021-22,29,329,Idah,FWD,NOR,4.9,0.0
2021-22,29,704,Delap,FWD,MCI,4.5,0.002046826
2021-22,29,533,Richardson,FWD,BUR,4.4,0.001842626
2021-22,29,663,Kayky,FWD,MCI,5.0,0.001858139
2021-22,29,520,Scarlett,FWD,TOT,4.5,0.008123431
2021-22,29,655,E Ferguson,FWD,BHA,4.5,0.007501062
2021-22,29,694,Biereth,FWD,ARS,4.5,0.007687835
2021-22,29,607,Dobbin,FWD,EVE,4.5,0.006997853
2021-22,29,519,S Long,FWD,SOU,5.4,0.025348137
2021-22,29,640,Young-Coombes,FWD,BRE,4.5,0.003921959
2021-22,29,235,Origi,FWD,LIV,4.8,0.18394886
2021-22,29,550,S Greenwood,FWD,LEE,4.5,0.019865277
2021-22,29,159,Mateta,FWD,CRY,5.2,0.177362341
2021-22,29,149,Benteke,FWD,CRY,6.0,0.971374079
2021-22,29,445,F Silva,FWD,WOL,5.6,0.231685953
2021-22,29,111,Vydra,FWD,BUR,5.2,0.0
2021-22,29,577,Gelhardt,FWD,LEE,4.6,0.919752631
2021-22,3,143,E Mendy,GK,CHE,6.0,3.291739923
2021-22,3,257,Ederson,GK,MCI,6.0,4.11426979
2021-22,3,231,Alisson,GK,LIV,6.0,3.829819507
2021-22,3,30,Martinez,GK,AVL,5.5,4.373953808
2021-22,3,353,Lloris,GK,TOT,5.5,4.339733988
2021-22,3,199,Meslier,GK,LEE,5.0,3.692348228
2021-22,3,1,Leno,GK,ARS,5.0,3.001743291
2021-22,3,69,R Sanchez,GK,BHA,4.5,3.829571384
2021-22,3,112,Pope,GK,BUR,5.5,3.574339128
2021-22,3,170,Pickford,GK,EVE,5.0,3.53268151
2021-22,3,475,Sa,GK,WOL,5.0,3.069141003
2021-22,3,200,Schmeichel,GK,LEI,5.0,3.289598665
2021-22,3,280,D Henderson,GK,MUN,5.0,1.040454697
2021-22,3,146,Guaita,GK,CRY,4.5,2.993062995
2021-22,3,334,McCarthy,GK,SOU,4.5,2.499016393
2021-22,3,80,Raya,GK,BRE,4.5,2.659188378
2021-22,3,314,Krul,GK,NOR,4.5,2.515547101
2021-22,3,295,Dubravka,GK,NEW,4.5,0.0
2021-22,3,489,Areola,GK,WHU,5.0,2.051952421
2021-22,3,270,de Gea,GK,MUN,5.0,3.045962872
2021-22,3,408,Fabianski,GK,WHU,5.0,2.019087645
2021-22,3,389,Bachmann,GK,WAT,4.5,1.792993172
2021-22,3,294,Darlow,GK,NEW,4.5,0.391197234
2021-22,3,513,Woodman,GK,NEW,4.5,3.303974577
2021-22,3,333,Forster,GK,SOU,4.5,0.814536867
2021-22,3,242,Kelleher,GK,LIV,4.5,0.086603317
2021-22,3,129,Arrizabalaga,GK,CHE,5.0,0.244215659
2021-22,3,260,Steffen,GK,MCI,4.5,0.087847756
2021-22,3,376,Foster,GK,WAT,4.0,0.243481472
2021-22,3,28,Steer,GK,AVL,4.0,0.078271779
2021-22,3,448,Gunn,GK,NOR,4.0,0.25211036
2021-22,3,480,Hennessey,GK,BUR,4.5,0.179292104
2021-22,3,156,Butland,GK,CRY,4.5,0.115207708
2021-22,3,559,Ramsdale,GK,ARS,4.5,0.064129536
2021-22,3,444,Sondergaard,GK,WOL,4.0,0.067005956
2021-22,3,452,Ruddy,GK,WOL,4.5,0.066910792
2021-22,3,486,Gollini,GK,TOT,4.5,0.078863917
2021-22,3,490,Klaesson,GK,LEE,4.5,0.072203577
2021-22,3,204,D Ward,GK,LEI,4.0,0.069573847
2021-22,3,54,Steele,GK,BHA,4.0,0.077091112
2021-22,3,481,Begovic,GK,EVE,4.0,0.060005748
2021-22,3,476,Scherpen,GK,BHA,4.5,0.000800758
2021-22,3,514,Gillespie,GK,NEW,4.0,0.054836831
2021-22,3,556,A Fernandez,GK,BRE,4.5,0.02953991
2021-22,3,94,Gunnarsson,GK,BRE,4.0,0.027697362
2021-22,3,509,Heaton,GK,MUN,4.0,0.008319824
2021-22,3,2,Runarsson,GK,ARS,4.0,0.0
2021-22,3,114,Norris,GK,BUR,4.5,0.006940622
2021-22,3,407,Randolph,GK,WHU,4.5,0.00744531
2021-22,3,561,Matthews,GK,CRY,4.0,0.006359509
2021-22,3,313,McGovern,GK,NOR,4.0,0.005634386
2021-22,3,223,Adrian,GK,LIV,4.5,0.00076235
2021-22,3,532,Hein,GK,ARS,4.0,0.004852587
2021-22,3,237,Trent,DEF,LIV,7.5,4.251114921
2021-22,3,234,Robertson,DEF,LIV,7.0,3.676387625
2021-22,3,262,Dias,DEF,MCI,6.0,4.106080436
2021-22,3,275,Shaw,DEF,MUN,5.5,4.03091528
2021-22,3,229,van Dijk,DEF,LIV,6.5,3.534600735
2021-22,3,288,Wan-Bissaka,DEF,MUN,5.5,3.907687248
2021-22,3,135,Chilwell,DEF,CHE,6.0,2.55843381
2021-22,3,127,Rudiger,DEF,CHE,5.5,2.626522295
2021-22,3,168,Digne,DEF,EVE,5.5,3.557709157
2021-22,3,256,Cancelo,DEF,MCI,6.0,3.690638396
2021-22,3,59,Dunk,DEF,BHA,5.0,4.016423901
2021-22,3,273,Maguire,DEF,MUN,5.5,3.685639769
2021-22,3,249,Walker,DEF,MCI,5.5,3.583509332
2021-22,3,555,Varane,DEF,MUN,5.5,2.694016295
2021-22,3,370,Reguilon,DEF,TOT,5.0,4.290581016
2021-22,3,142,R James,DEF,CHE,5.5,2.417630945
2021-22,3,119,Azpilicueta,DEF,CHE,6.0,2.759054662
2021-22,3,437,Semedo,DEF,WOL,5.0,2.575603127
2021-22,3,411,A Cresswell,DEF,WHU,5.5,4.31287778
2021-22,3,259,Laporte,DEF,MCI,5.5,2.624034861
2021-22,3,418,Coufal,DEF,WHU,5.0,4.211382789
2021-22,3,61,Webster,DEF,BHA,4.5,3.504093303
2021-22,3,292,Ritchie,DEF,NEW,5.0,3.889385387
2021-22,3,16,Tierney,DEF,ARS,5.0,1.769189415
2021-22,3,62,Veltman,DEF,BHA,4.5,2.598933532
2021-22,3,429,Coady,DEF,WOL,4.5,2.740940738
2021-22,3,169,Keane,DEF,EVE,5.0,2.804400379
2021-22,3,463,Firpo,DEF,LEE,5.0,2.990596171
2021-22,3,264,Zinchenko,DEF,MCI,5.5,2.196352942
2021-22,3,428,Boly,DEF,WOL,5.0,1.048739223
2021-22,3,185,Ayling,DEF,LEE,4.5,3.069311096
2021-22,3,98,Tarkowski,DEF,BUR,5.0,3.292153598
2021-22,3,431,Saiss,DEF,WOL,5.0,2.887170517
2021-22,3,67,White,DEF,ARS,4.5,0.043258722
2021-22,3,224,Matip,DEF,LIV,5.0,2.913137764
2021-22,3,217,Soyuncu,DEF,LEI,5.0,3.069149884
2021-22,3,45,Konsa,DEF,AVL,5.0,3.593215358
2021-22,3,252,Stones,DEF,MCI,5.5,1.865481203
2021-22,3,23,Gabriel,DEF,ARS,5.0,0.722179145
2021-22,3,494,Romero,DEF,TOT,5.0,3.515782265
2021-22,3,409,Ogbonna,DEF,WHU,5.0,3.826097605
2021-22,3,361,Dier,DEF,TOT,4.5,3.135114639
2021-22,3,44,Cash,DEF,AVL,5.0,3.593970043
2021-22,3,38,Mings,DEF,AVL,5.0,3.457000198
2021-22,3,207,R Pereira,DEF,LEI,5.5,2.834975213
2021-22,3,175,Mina,DEF,EVE,5.0,2.459129256
2021-22,3,470,Ait-Nouri,DEF,WOL,4.5,1.955400548
2021-22,3,39,Targett,DEF,AVL,5.0,3.263225105
2021-22,3,460,Perraud,DEF,SOU,5.0,2.766453769
2021-22,3,133,Christensen,DEF,CHE,5.0,1.443305659
2021-22,3,106,Mee,DEF,BUR,5.0,2.960251664
2021-22,3,121,T Silva,DEF,CHE,5.5,1.5037138
2021-22,3,190,Llorente,DEF,LEE,4.5,2.250595815
2021-22,3,201,Evans,DEF,LEI,5.5,0.0
2021-22,3,465,F Fernandez,DEF,NEW,4.5,2.746470632
2021-22,3,179,Godfrey,DEF,EVE,5.0,1.466732951
2021-22,3,209,Castagne,DEF,LEI,5.5,2.390754813
2021-22,3,91,Pinnock,DEF,BRE,4.5,2.416657143
2021-22,3,343,Bednarek,DEF,SOU,4.5,2.750998812
2021-22,3,10,Chambers,DEF,ARS,4.5,0.969444214
2021-22,3,110,Lowton,DEF,BUR,4.5,2.753739578
2021-22,3,358,Aurier,DEF,TOT,5.0,1.889171415
2021-22,3,299,Lascelles,DEF,NEW,4.5,2.717082437
2021-22,3,128,Zouma,DEF,WHU,5.5,0.60231839
2021-22,3,305,Schar,DEF,NEW,4.5,2.656172734
2021-22,3,488,Andersen,DEF,CRY,4.5,2.217525576
2021-22,3,162,Mitchell,DEF,CRY,4.5,2.217767961
2021-22,3,340,Vestergaard,DEF,LEI,5.0,0.0
2021-22,3,473,Bertrand,DEF,LEI,5.0,1.647509395
2021-22,3,5,Cedric,DEF,ARS,4.5,0.92360254
2021-22,3,326,Aarons,DEF,NOR,4.5,2.431472873
2021-22,3,76,Jansson,DEF,BRE,4.5,2.224165859
2021-22,3,122,Alonso,DEF,CHE,5.5,0.717684578
2021-22,3,165,Coleman,DEF,EVE,5.0,2.58387124
2021-22,3,184,Cooper,DEF,LEE,4.5,2.015635089
2021-22,3,483,Ajer,DEF,BRE,4.5,2.209576003
2021-22,3,477,Guehi,DEF,CRY,4.5,2.109826164
2021-22,3,319,Hanley,DEF,NOR,4.5,2.238431533
2021-22,3,367,D Sanchez,DEF,TOT,4.5,1.652032326
2021-22,3,178,Holgate,DEF,EVE,4.5,1.627937193
2021-22,3,198,Struijk,DEF,LEE,4.5,1.682704803
2021-22,3,414,Dawson,DEF,WHU,5.0,3.20162706
2021-22,3,113,Taylor,DEF,BUR,4.5,2.613142419
2021-22,3,491,Livramento,DEF,SOU,4.0,2.04510151
2021-22,3,456,Gibson,DEF,NOR,4.5,2.029057716
2021-22,3,150,Kouyate,DEF,CRY,4.5,2.244901269
2021-22,3,342,Walker-Peters,DEF,SOU,5.0,1.458286478
2021-22,3,56,Duffy,DEF,BHA,4.0,1.96058055
2021-22,3,83,Henry,DEF,BRE,4.5,1.779838379
2021-22,3,58,Burn,DEF,BHA,4.5,0.250772398
2021-22,3,474,J Ward,DEF,CRY,4.5,2.013232651
2021-22,3,338,J Stephens,DEF,SOU,4.5,1.358826975
2021-22,3,243,Konate,DEF,LIV,5.5,0.587452592
2021-22,3,293,Clark,DEF,NEW,4.5,1.454085933
2021-22,3,371,Tanganga,DEF,TOT,4.5,1.581294665
2021-22,3,238,Gomez,DEF,LIV,5.0,0.574824776
2021-22,3,258,Ake,DEF,MCI,5.0,0.630085486
2021-22,3,360,Doherty,DEF,TOT,5.0,0.893160277
2021-22,3,71,Lamptey,DEF,BHA,4.5,0.0
2021-22,3,387,Troost-Ekong,DEF,WAT,4.5,1.481615418
2021-22,3,396,Sierralta,DEF,WAT,4.5,1.308000848
2021-22,3,52,Young,DEF,AVL,5.0,2.780954721
2021-22,3,439,Kilman,DEF,WOL,4.5,1.267371182
2021-22,3,382,Femenia,DEF,WAT,4.5,1.189830572
2021-22,3,567,Lyanco,DEF,SOU,4.5,1.280070165
2021-22,3,8,Mari,DEF,ARS,4.5,1.202176766
2021-22,3,303,Krafth,DEF,NEW,4.5,1.215797141
2021-22,3,284,Lindelof,DEF,MUN,5.0,1.024795501
2021-22,3,432,Marcal,DEF,WOL,4.5,1.013553764
2021-22,3,208,Amartey,DEF,LEI,4.0,2.774502609
2021-22,3,390,Masina,DEF,WAT,4.5,1.447714754
2021-22,3,14,Holding,DEF,ARS,4.5,1.814681609
2021-22,3,245,Tsimikas,DEF,LIV,4.0,0.528451309
2021-22,3,301,Dummett,DEF,NEW,4.5,0.329109115
2021-22,3,351,Salisu,DEF,SOU,4.5,0.916184657
2021-22,3,384,Kabasele,DEF,WAT,4.5,0.764643912
2021-22,3,364,Ben T Davies,DEF,TOT,4.5,0.707479967
2021-22,3,194,Koch,DEF,LEE,4.5,0.855366693
2021-22,3,36,Hause,DEF,AVL,4.5,0.502166701
2021-22,3,279,Telles,DEF,MUN,5.0,0.144677223
2021-22,3,219,L Thomas,DEF,LEI,4.5,0.695492552
2021-22,3,90,M Sorensen,DEF,BRE,4.5,0.756536497
2021-22,3,374,Rodon,DEF,TOT,4.5,0.187267373
2021-22,3,527,T Chalobah,DEF,CHE,5.0,0.185057232
2021-22,3,510,Dalot,DEF,MUN,4.5,0.298354127
2021-22,3,417,Masuaku,DEF,WHU,4.5,0.816975182
2021-22,3,9,Bellerin,DEF,ARS,5.0,0.101703662
2021-22,3,379,Cathcart,DEF,WAT,4.5,0.708036322
2021-22,3,290,B Williams,DEF,NOR,4.0,0.597233337
2021-22,3,368,Sessegnon,DEF,TOT,4.5,0.092327235
2021-22,3,443,Hoever,DEF,WOL,4.0,0.624191726
2021-22,3,457,Giannoulis,DEF,NOR,4.5,1.762944005
2021-22,3,286,Bailly,DEF,MUN,5.0,0.267174351
2021-22,3,89,Roerslev,DEF,BRE,4.5,0.647358213
2021-22,3,446,Mosquera,DEF,WOL,4.5,0.106119401
2021-22,3,377,Rose,DEF,WAT,4.5,0.610421647
2021-22,3,147,Tomkins,DEF,CRY,4.5,0.245656207
2021-22,3,424,Diop,DEF,WHU,4.5,0.519118976
2021-22,3,501,M Sarr,DEF,CHE,5.0,0.11787831
2021-22,3,425,Johnson,DEF,WHU,4.0,0.797794085
2021-22,3,246,N Williams,DEF,LIV,4.0,0.140697203
2021-22,3,283,Tuanzebe,DEF,AVL,4.5,0.381465276
2021-22,3,311,Lewis,DEF,NEW,4.5,0.297838777
2021-22,3,218,Justin,DEF,LEI,5.0,0.0
2021-22,3,11,Kolasinac,DEF,ARS,4.5,0.18201598
2021-22,3,302,Manquillo,DEF,NEW,4.0,0.285942824
2021-22,3,103,K Long,DEF,BUR,4.0,0.062278363
2021-22,3,327,J Sorensen,DEF,NOR,4.5,0.345928462
2021-22,3,139,Ampadu,DEF,CHE,4.5,0.058759043
2021-22,3,321,Byram,DEF,NOR,4.5,0.0
2021-22,3,46,Guilbert,DEF,AVL,4.5,0.159226438
2021-22,3,331,Omobamidele,DEF,NOR,4.0,0.430892629
2021-22,3,158,Jach,DEF,CRY,4.5,0.112483085
2021-22,3,87,Goode,DEF,BRE,4.0,0.112173733
2021-22,3,498,Thompson,DEF,BRE,4.5,0.106086588
2021-22,3,544,Branthwaite,DEF,EVE,4.0,0.060946634
2021-22,3,493,Clyne,DEF,CRY,4.5,0.394425651
2021-22,3,466,Tavares,DEF,ARS,4.5,0.019838911
2021-22,3,99,Bardsley,DEF,BUR,4.0,0.188809091
2021-22,3,241,N Phillips,DEF,LIV,4.5,0.0147872
2021-22,3,546,Valery,DEF,SOU,4.0,0.118835678
2021-22,3,247,R Williams,DEF,LIV,4.5,0.014650428
2021-22,3,410,Reid,DEF,WHU,4.0,0.040895231
2021-22,3,549,Marques,DEF,WOL,4.0,0.027693844
2021-22,3,536,Karbownik,DEF,BHA,4.0,0.01513514
2021-22,3,560,H Roberts,DEF,BHA,4.0,0.014012309
2021-22,3,565,Dodgson,DEF,BUR,4.0,0.061658802
2021-22,3,451,Collins,DEF,BUR,4.5,0.060367049
2021-22,3,562,Drameh,DEF,LEE,4.0,0.011196493
2021-22,3,563,C Cresswell,DEF,LEE,4.0,0.010803318
2021-22,3,454,Pollock,DEF,WAT,4.0,0.082965914
2021-22,3,554,J Baptiste,DEF,WHU,4.0,0.006731846
2021-22,3,220,Fofana,DEF,LEI,4.5,0.0
2021-22,3,161,Ferguson,DEF,CRY,4.5,0.0
2021-22,3,433,Jonny,DEF,WOL,4.5,0.0
2021-22,3,253,B Mendy,DEF,MCI,5.5,0.0
2021-22,3,534,B Thomas,DEF,BUR,4.0,0.055133427
2021-22,3,151,Kelly,DEF,CRY,4.0,0.048106871
2021-22,3,502,Kenny,DEF,EVE,4.5,0.024904172
2021-22,3,540,Hannam,DEF,CRY,4.0,0.012262309
2021-22,3,324,Zimmermann,DEF,NOR,4.5,0.099554628
2021-22,3,400,Ngakia,DEF,WAT,4.5,0.246081294
2021-22,3,100,Pieters,DEF,BUR,4.5,0.312602159
2021-22,3,515,Mumba,DEF,NOR,4.0,0.039187836
2021-22,3,415,Fredericks,DEF,WHU,4.5,0.496882622
2021-22,3,398,Navarro,DEF,WAT,4.0,0.14804525
2021-22,3,233,Salah,MID,LIV,12.5,4.923299968
2021-22,3,359,Son,MID,TOT,10.0,5.98655013
2021-22,3,277,Fernandes,MID,MUN,12.0,4.558634989
2021-22,3,230,Mane,MID,LIV,12.0,3.979329422
2021-22,3,251,De Bruyne,MID,MCI,12.0,0.877721498
2021-22,3,255,Sterling,MID,MCI,11.0,5.032307674
2021-22,3,254,Mahrez,MID,MCI,9.0,5.120276981
2021-22,3,196,Raphinha,MID,LEE,6.5,4.083311924
2021-22,3,215,H Barnes,MID,LEI,7.0,4.081699233
2021-22,3,240,Jota,MID,LIV,7.5,3.394064872
2021-22,3,154,Zaha,MID,CRY,7.0,3.824090044
2021-22,3,267,Harrison,MID,LEE,6.0,3.540205851
2021-22,3,363,Alli,MID,TOT,6.5,4.187875415
2021-22,3,422,Soucek,MID,WHU,6.0,4.122038253
2021-22,3,399,I Sarr,MID,WAT,6.0,3.310671962
2021-22,3,485,Sancho,MID,MUN,9.5,3.486734683
2021-22,3,55,Gross,MID,BHA,6.0,3.886539827
2021-22,3,341,Ward-Prowse,MID,SOU,6.5,3.529852683
2021-22,3,64,Trossard,MID,BHA,6.5,3.622736349
2021-22,3,138,Mount,MID,CHE,7.5,2.859602074
2021-22,3,419,Benrahma,MID,WHU,6.0,3.849638106
2021-22,3,289,M Greenwood,MID,MUN,7.5,3.614092517
2021-22,3,33,Grealish,MID,MCI,8.0,3.849381344
2021-22,3,420,Bowen,MID,WHU,6.5,3.695739311
2021-22,3,141,Havertz,MID,CHE,8.5,2.879523273
2021-22,3,43,Buendia,MID,AVL,6.5,4.280485775
2021-22,3,272,Pogba,MID,MUN,7.5,3.2083616
2021-22,3,212,Maddison,MID,LEI,7.0,3.509698459
2021-22,3,210,Tielemans,MID,LEI,6.5,3.435240429
2021-22,3,188,Dallas,MID,LEE,5.5,3.190766565
2021-22,3,17,Pepe,MID,ARS,7.5,2.526809335
2021-22,3,268,Torres,MID,MCI,7.0,3.378314364
2021-22,3,423,Fornals,MID,WHU,6.0,3.525796712
2021-22,3,435,A Traore,MID,WOL,6.0,2.89613513
2021-22,3,461,Trincao,MID,WOL,6.0,2.86847151
2021-22,3,173,Doucoure,MID,EVE,5.5,2.773296853
2021-22,3,118,McNeil,MID,BUR,6.0,3.255744406
2021-22,3,19,Willock,MID,NEW,6.0,3.443756792
2021-22,3,107,Westwood,MID,BUR,5.5,2.940405398
2021-22,3,250,Gundogan,MID,MCI,7.5,3.506904309
2021-22,3,304,Murphy,MID,NEW,5.0,3.345038365
2021-22,3,22,Saka,MID,ARS,6.5,1.41129495
2021-22,3,60,March,MID,BHA,5.5,3.147737
2021-22,3,96,Mbeumo,MID,BRE,5.5,2.88479091
2021-22,3,211,Perez,MID,LEI,6.0,2.829389523
2021-22,3,325,Cantwell,MID,NOR,5.5,2.766969654
2021-22,3,81,Canos,MID,BRE,5.5,2.78312424
2021-22,3,436,Neves,MID,WOL,5.5,2.536528084
2021-22,3,291,Shelvey,MID,NEW,5.5,0.0
2021-22,3,123,Jorginho,MID,CHE,6.0,2.391805919
2021-22,3,421,Rice,MID,WHU,5.0,3.064229357
2021-22,3,137,Pulisic,MID,CHE,8.0,0.549077791
2021-22,3,308,Almiron,MID,NEW,5.5,2.998356801
2021-22,3,484,D Gray,MID,EVE,5.5,2.69442974
2021-22,3,35,McGinn,MID,AVL,6.0,3.111258888
2021-22,3,222,J Henderson,MID,LIV,5.0,2.338459888
2021-22,3,365,Hojbjerg,MID,TOT,5.0,3.024694384
2021-22,3,426,Moutinho,MID,WOL,5.0,2.439666702
2021-22,3,166,James Rodriguez,MID,EVE,7.0,1.560496909
2021-22,3,449,Rashica,MID,NOR,5.5,2.665319402
2021-22,3,391,Sema,MID,WAT,5.5,2.215406956
2021-22,3,216,Ndidi,MID,LEI,5.0,2.783645214
2021-22,3,492,Bailey,MID,AVL,6.5,0.076411264
2021-22,3,266,Rodri,MID,MCI,5.5,2.68290509
2021-22,3,42,El Ghazi,MID,AVL,6.0,3.905257832
2021-22,3,558,Odegaard,MID,ARS,5.5,1.619056896
2021-22,3,21,Smith Rowe,MID,ARS,5.5,1.959246186
2021-22,3,362,Lucas Moura,MID,TOT,6.5,2.847891343
2021-22,3,152,Milivojevic,MID,CRY,5.5,0.0
2021-22,3,265,Foden,MID,MCI,8.0,0.0
2021-22,3,232,Fabinho,MID,LIV,5.5,2.194311272
2021-22,3,281,Rashford,MID,MUN,9.5,0.0
2021-22,3,339,S Armstrong,MID,SOU,6.0,0.397777689
2021-22,3,225,Thiago,MID,LIV,5.5,1.747021044
2021-22,3,108,Gudmundsson,MID,BUR,5.5,2.576384047
2021-22,3,274,Fred,MID,MUN,5.0,2.402635011
2021-22,3,191,K Phillips,MID,LEE,5.0,2.353946059
2021-22,3,7,Xhaka,MID,ARS,5.0,1.973497906
2021-22,3,70,Bissouma,MID,BHA,4.5,2.49429404
2021-22,3,471,Lees-Melou,MID,NOR,5.0,1.568017282
2021-22,3,144,Gallagher,MID,CRY,5.5,2.355357655
2021-22,3,77,Norgaard,MID,BRE,5.0,2.309748363
2021-22,3,381,Cleverley,MID,WAT,5.0,2.068811413
2021-22,3,336,Redmond,MID,SOU,6.0,2.316483823
2021-22,3,171,Allan,MID,EVE,4.5,2.264784119
2021-22,3,261,B Silva,MID,MCI,7.0,1.941508898
2021-22,3,32,B Traore,MID,AVL,6.0,0.0
2021-22,3,186,Klich,MID,LEE,5.5,2.099534222
2021-22,3,438,Podence,MID,WOL,5.5,0.852784588
2021-22,3,101,Cork,MID,BUR,4.5,2.279381315
2021-22,3,53,Lallana,MID,BHA,5.5,2.685545696
2021-22,3,335,Romeu,MID,SOU,4.5,2.30650129
2021-22,3,50,Douglas Luiz,MID,AVL,4.5,2.565233004
2021-22,3,125,Kovacic,MID,CHE,5.0,1.552227258
2021-22,3,482,Townsend,MID,EVE,5.5,1.263126482
2021-22,3,155,Schlupp,MID,CRY,5.5,2.395156627
2021-22,3,84,Janelt,MID,BRE,5.0,2.193849939
2021-22,3,332,Walcott,MID,SOU,6.0,2.186305854
2021-22,3,26,Martinelli,MID,ARS,5.5,1.917200694
2021-22,3,372,Lo Celso,MID,TOT,6.0,2.274337345
2021-22,3,464,Olise,MID,CRY,5.5,0.213610332
2021-22,3,148,McArthur,MID,CRY,4.5,2.403316989
2021-22,3,86,Jensen,MID,BRE,5.0,0.447185009
2021-22,3,115,Brownhill,MID,BUR,4.5,2.09323542
2021-22,3,145,Gilmour,MID,NOR,4.5,2.148160095
2021-22,3,373,Skipp,MID,TOT,4.5,1.876686262
2021-22,3,287,D James,MID,MUN,6.0,1.643234237
2021-22,3,318,McLean,MID,NOR,5.0,1.721529243
2021-22,3,306,Hayden,MID,NEW,4.5,1.920213931
2021-22,3,74,Mac Allister,MID,BHA,5.5,2.694491332
2021-22,3,130,Kante,MID,CHE,5.0,1.824514723
2021-22,3,462,Mwepu,MID,BHA,6.0,0.76692267
2021-22,3,369,Bergwijn,MID,TOT,6.0,1.296208878
2021-22,3,487,Bryan Gil,MID,TOT,6.0,0.839002444
2021-22,3,317,Rupp,MID,NOR,4.5,1.50432324
2021-22,3,82,Dasilva,MID,BRE,5.5,0.343966189
2021-22,3,140,Hudson-Odoi,MID,CHE,5.5,1.319476414
2021-22,3,385,N Chalobah,MID,WAT,5.0,1.860195855
2021-22,3,323,Dowell,MID,NOR,5.5,1.81276601
2021-22,3,192,Costa,MID,LEE,5.5,1.070173023
2021-22,3,403,Louza,MID,WAT,5.5,0.70582292
2021-22,3,131,Ziyech,MID,CHE,7.5,1.077537504
2021-22,3,453,Fernandinho,MID,MCI,5.0,1.145337126
2021-22,3,524,Wissa,MID,BRE,6.0,0.421652268
2021-22,3,386,Hughes,MID,WAT,5.0,0.892988542
2021-22,3,75,Moder,MID,BHA,4.5,1.463251534
2021-22,3,434,Dendoncker,MID,WOL,5.0,1.846106339
2021-22,3,495,Kucka,MID,WAT,5.5,0.986219134
2021-22,3,239,Keita,MID,LIV,5.0,1.471003644
2021-22,3,285,McTominay,MID,MUN,5.5,0.0
2021-22,3,478,Lokonga,MID,ARS,5.0,1.822944326
2021-22,3,193,T Roberts,MID,LEE,5.0,1.547605886
2021-22,3,3,Willian,MID,ARS,6.5,0.096388953
2021-22,3,479,Onyeka,MID,BRE,5.0,1.785283494
2021-22,3,320,O Hernandez,MID,NOR,5.0,1.323614072
2021-22,3,416,Lanzini,MID,WHU,6.0,1.967621134
2021-22,3,34,Sanson,MID,AVL,5.0,0.449395229
2021-22,3,276,Lingard,MID,MUN,7.0,0.23895329
2021-22,3,202,Albrighton,MID,LEI,5.5,0.70262244
2021-22,3,15,Partey,MID,ARS,5.0,0.23586575
2021-22,3,271,Matic,MID,MUN,4.5,0.762704432
2021-22,3,328,Placheta,MID,NOR,5.0,0.0
2021-22,3,29,Hourihane,MID,AVL,5.0,0.288082542
2021-22,3,412,Yarmolenko,MID,WHU,5.5,1.408436193
2021-22,3,124,Barkley,MID,CHE,5.5,0.110955569
2021-22,3,528,Tzolis,MID,NOR,5.0,0.936931726
2021-22,3,459,Mata,MID,MUN,5.0,0.116551433
2021-22,3,298,Fraser,MID,NEW,5.5,1.136411021
2021-22,3,160,Eze,MID,CRY,6.0,0.0
2021-22,3,73,Alzate,MID,BHA,5.0,0.911588477
2021-22,3,282,van de Beek,MID,MUN,6.0,0.644643782
2021-22,3,132,Loftus-Cheek,MID,CHE,5.5,0.100578882
2021-22,3,346,Tella,MID,SOU,5.0,1.005970296
2021-22,3,537,Richards,MID,BHA,4.5,0.111480428
2021-22,3,37,Trezeguet,MID,AVL,5.5,0.0
2021-22,3,441,Neto,MID,WOL,6.5,0.0
2021-22,3,164,Sigurdsson,MID,EVE,7.0,0.0
2021-22,3,18,Torreira,MID,ARS,4.5,0.0
2021-22,3,551,Summerville,MID,LEE,4.5,0.025893947
2021-22,3,566,Doyle,MID,MCI,4.5,0.026092482
2021-22,3,375,Ndombele,MID,TOT,6.0,0.34918025
2021-22,3,547,Cundle,MID,WOL,4.5,0.008663667
2021-22,3,548,Campbell,MID,WOL,4.5,0.008400037
2021-22,3,543,Banks,MID,CRY,4.5,0.013167427
2021-22,3,507,Palmer,MID,MCI,4.5,0.023613879
2021-22,3,512,Elanga,MID,MUN,5.0,0.047210449
2021-22,3,505,Dewsbury-Hall,MID,LEI,4.5,0.022596109
2021-22,3,538,Caicedo,MID,BHA,4.5,0.21214539
2021-22,3,508,Edozie,MID,MCI,5.0,0.020723778
2021-22,3,499,S Baptiste,MID,BRE,5.0,0.045625915
2021-22,3,174,Iwobi,MID,EVE,6.0,0.696139612
2021-22,3,378,Gosling,MID,WAT,5.0,0.293406151
2021-22,3,12,Elneny,MID,ARS,4.5,0.274511284
2021-22,3,312,M Longstaff,MID,NEW,4.5,0.094950602
2021-22,3,522,Coventry,MID,WHU,4.5,0.018994179
2021-22,3,297,Hendrick,MID,NEW,5.0,0.82262297
2021-22,3,176,T Davies,MID,EVE,5.0,0.680379358
2021-22,3,458,Soumare,MID,LEI,5.0,1.415624043
2021-22,3,506,Elliott,MID,LIV,5.5,0.484914303
2021-22,3,541,Rak-Sakyi,MID,CRY,4.5,0.023832149
2021-22,3,517,Elyounoussi,MID,SOU,5.5,0.198506572
2021-22,3,496,A Ramsey,MID,AVL,4.5,0.041482428
2021-22,3,13,Maitland-Niles,MID,ARS,5.5,0.167659518
2021-22,3,236,Minamino,MID,LIV,5.5,0.132774075
2021-22,3,206,Praet,MID,LEI,5.0,0.20094202
2021-22,3,552,Forshaw,MID,LEE,4.5,0.08631415
2021-22,3,51,J Ramsey,MID,AVL,4.5,1.817534176
2021-22,3,497,Philogene-Bidace,MID,AVL,5.0,0.093702129
2021-22,3,85,Ghoddos,MID,BRE,5.5,0.769676308
2021-22,3,93,Zamburek,MID,BRE,4.5,0.083763294
2021-22,3,531,Nelson,MID,ARS,5.0,0.073987821
2021-22,3,347,Smallbone,MID,SOU,4.5,0.0
2021-22,3,557,Tufan,MID,WAT,5.0,0.179542099
2021-22,3,397,Quina,MID,WAT,4.5,0.378382235
2021-22,3,405,Baah,MID,WAT,4.5,0.077801194
2021-22,3,350,Djenepo,MID,SOU,5.5,1.507276259
2021-22,3,440,Gibbs-White,MID,WOL,4.5,1.055676607
2021-22,3,203,N Mendy,MID,LEI,4.5,0.077267351
2021-22,3,309,S Longstaff,MID,NEW,4.5,1.722827701
2021-22,3,526,Chukwuemeka,MID,AVL,4.5,0.13500856
2021-22,3,214,Choudhury,MID,LEI,4.5,0.125755724
2021-22,3,354,Sissoko,MID,TOT,4.5,0.298591594
2021-22,3,244,C Jones,MID,LIV,5.0,0.262906457
2021-22,3,503,Gordon,MID,EVE,4.5,0.159264951
2021-22,3,366,Winks,MID,TOT,4.5,0.74699035
2021-22,3,79,Fosu,MID,BRE,5.5,0.503129075
2021-22,3,97,Bidstrup,MID,BRE,4.5,0.952629835
2021-22,3,504,Gbamin,MID,EVE,4.5,0.073344495
2021-22,3,157,Riedewald,MID,CRY,5.0,1.072284555
2021-22,3,197,Shackleton,MID,LEE,4.5,0.260485074
2021-22,3,227,Chamberlain,MID,LIV,6.0,0.346532319
2021-22,3,163,Delph,MID,EVE,4.5,0.0
2021-22,3,102,D Stephens,MID,BUR,4.5,0.075888931
2021-22,3,406,Noble,MID,WHU,4.5,0.787024195
2021-22,3,41,Nakamba,MID,AVL,4.5,0.604002893
2021-22,3,172,Gomes,MID,EVE,5.0,0.786450139
2021-22,3,221,Milner,MID,LIV,5.0,0.860458204
2021-22,3,349,I Diallo,MID,SOU,4.5,1.305558666
2021-22,3,467,Etebo,MID,WAT,4.5,1.021343448
2021-22,3,357,Kane,FWD,TOT,12.5,5.786211214
2021-22,3,177,Calvert-Lewin,FWD,EVE,8.0,3.913434337
2021-22,3,205,Vardy,FWD,LEI,10.5,4.768799473
2021-22,3,529,Lukaku,FWD,CHE,11.5,3.19851958
2021-22,3,413,Antonio,FWD,WHU,7.5,4.960531463
2021-22,3,189,Bamford,FWD,LEE,8.0,4.053067228
2021-22,3,430,Jimenez,FWD,WOL,7.5,3.684906232
2021-22,3,109,Wood,FWD,BUR,7.0,4.444319165
2021-22,3,4,Aubameyang,FWD,ARS,10.0,2.969422031
2021-22,3,296,Wilson,FWD,NEW,7.5,4.281518707
2021-22,3,337,Ings,FWD,AVL,8.0,4.727883606
2021-22,3,315,Pukki,FWD,NOR,6.0,3.675791341
2021-22,3,78,Toney,FWD,BRE,6.5,3.508187352
2021-22,3,228,Firmino,FWD,LIV,9.0,2.711838414
2021-22,3,180,Richarlison,FWD,EVE,7.5,3.256429109
2021-22,3,263,Jesus,FWD,MCI,8.5,3.246211472
2021-22,3,63,Maupay,FWD,BHA,6.5,2.922767022
2021-22,3,6,Lacazette,FWD,ARS,8.5,1.337860302
2021-22,3,40,Watkins,FWD,AVL,7.5,2.695642171
2021-22,3,149,Benteke,FWD,CRY,6.5,3.214119644
2021-22,3,525,A Armstrong,FWD,SOU,6.0,3.107520093
2021-22,3,345,Adams,FWD,SOU,7.0,3.133720755
2021-22,3,278,Martial,FWD,MUN,8.0,3.279385803
2021-22,3,187,Rodrigo,FWD,LEE,6.5,2.656607136
2021-22,3,213,Iheanacho,FWD,LEI,7.5,2.904384828
2021-22,3,447,Welbeck,FWD,BHA,6.0,1.704635689
2021-22,3,307,Saint-Maximin,FWD,NEW,6.5,2.522040195
2021-22,3,269,Cavani,FWD,MUN,8.5,0.551107225
2021-22,3,134,Werner,FWD,CHE,9.0,2.506112602
2021-22,3,455,Daka,FWD,LEI,7.5,2.484289592
2021-22,3,105,A Barnes,FWD,BUR,5.5,2.581710077
2021-22,3,153,Ayew,FWD,CRY,6.0,1.964082396
2021-22,3,380,Deeney,FWD,WAT,5.5,0.921246068
2021-22,3,445,F Silva,FWD,WOL,6.0,1.693925232
2021-22,3,564,Kean,FWD,EVE,6.0,0.0
2021-22,3,468,King,FWD,WAT,5.5,1.342462836
2021-22,3,404,Joao Pedro,FWD,WAT,5.5,0.277880588
2021-22,3,450,Dennis,FWD,WAT,5.0,1.942665807
2021-22,3,159,Mateta,FWD,CRY,5.5,0.989608755
2021-22,3,111,Vydra,FWD,BUR,5.5,1.721852072
2021-22,3,516,Sargent,FWD,NOR,5.5,0.79597141
2021-22,3,72,Connolly,FWD,BHA,5.5,1.234313162
2021-22,3,383,A Gray,FWD,WAT,5.5,0.219507149
2021-22,3,393,Success,FWD,WAT,5.0,0.0
2021-22,3,322,Hugill,FWD,NOR,5.5,0.0
2021-22,3,533,Richardson,FWD,BUR,4.5,0.003828901
2021-22,3,520,Scarlett,FWD,TOT,4.5,0.009309091
2021-22,3,542,Street,FWD,CRY,4.5,0.011011435
2021-22,3,235,Origi,FWD,LIV,5.0,0.019242174
2021-22,3,20,Nketiah,FWD,ARS,5.5,0.0
2021-22,3,300,Gayle,FWD,NEW,5.5,0.32855247
2021-22,3,95,Dervisoglu,FWD,BRE,5.5,0.091855394
2021-22,3,519,S Long,FWD,SOU,5.5,0.197423584
2021-22,3,47,Wesley,FWD,AVL,5.5,0.041336005
2021-22,3,49,Davis,FWD,AVL,4.5,0.0
2021-22,3,348,Obafemi,FWD,SOU,4.5,0.297779831
2021-22,3,395,Fletcher,FWD,WAT,5.0,0.084092506
2021-22,3,88,Forss,FWD,BRE,5.5,1.441808265
2021-22,3,535,Zeqiri,FWD,BHA,4.5,0.087058047
2021-22,3,550,S Greenwood,FWD,LEE,4.5,0.185047125
2021-22,3,530,Balogun,FWD,ARS,5.0,0.159221797
2021-22,3,518,Broja,FWD,SOU,5.0,0.386270862
2021-22,3,472,Cucho,FWD,WAT,5.0,0.473748154
2021-22,3,329,Idah,FWD,NOR,5.0,0.533941885
2021-22,3,104,Jay Rodriguez,FWD,BUR,5.5,1.730423419
2021-22,3,310,Joelinton,FWD,NEW,6.0,1.594239027
2021-22,30,112,Pope,GK,BUR,5.4,0.0
2021-22,30,559,Ramsdale,GK,ARS,5.1,3.871309845
2021-22,30,170,Pickford,GK,EVE,4.9,0.0
2021-22,30,353,Lloris,GK,TOT,5.4,3.829176807
2021-22,30,69,R Sanchez,GK,BHA,4.6,0.0
2021-22,30,143,E Mendy,GK,CHE,6.1,0.0
2021-22,30,231,Alisson,GK,LIV,6.0,0.0
2021-22,30,30,Martinez,GK,AVL,5.5,3.756826377
2021-22,30,408,Fabianski,GK,WHU,5.0,2.814060501
2021-22,30,257,Ederson,GK,MCI,6.1,0.0
2021-22,30,270,de Gea,GK,MUN,5.2,0.0
2021-22,30,475,Sa,GK,WOL,5.3,3.761306774
2021-22,30,199,Meslier,GK,LEE,4.8,3.596803339
2021-22,30,295,Dubravka,GK,NEW,4.4,0.0
2021-22,30,200,Schmeichel,GK,LEI,4.8,3.602287998
2021-22,30,80,Raya,GK,BRE,4.3,3.152964233
2021-22,30,146,Guaita,GK,CRY,4.6,0.0
2021-22,30,334,McCarthy,GK,SOU,4.3,0.0
2021-22,30,314,Krul,GK,NOR,4.5,0.0
2021-22,30,376,Foster,GK,WAT,4.1,0.0
2021-22,30,489,Areola,GK,WHU,4.7,0.149502028
2021-22,30,129,Kepa,GK,CHE,4.6,0.0
2021-22,30,156,Butland,GK,CRY,4.4,0.0
2021-22,30,480,Hennessey,GK,BUR,4.5,0.0
2021-22,30,389,Bachmann,GK,WAT,4.1,0.0
2021-22,30,448,Gunn,GK,NOR,4.0,0.0
2021-22,30,242,Kelleher,GK,LIV,4.3,0.0
2021-22,30,1,Leno,GK,ARS,4.5,0.07356138
2021-22,30,333,Forster,GK,SOU,4.4,0.0
2021-22,30,486,Gollini,GK,TOT,4.3,0.07135288
2021-22,30,280,D Henderson,GK,MUN,4.7,0.0
2021-22,30,294,Darlow,GK,NEW,4.5,0.0
2021-22,30,260,Steffen,GK,MCI,4.4,0.0
2021-22,30,691,Olsen,GK,AVL,4.0,0.073600429
2021-22,30,54,Steele,GK,BHA,4.0,0.0
2021-22,30,481,Begovic,GK,EVE,4.0,0.0
2021-22,30,452,Ruddy,GK,WOL,4.3,0.070685901
2021-22,30,490,Klaesson,GK,LEE,4.3,0.069793776
2021-22,30,673,Lossl,GK,BRE,4.5,0.06020101
2021-22,30,204,D Ward,GK,LEI,4.0,0.0
2021-22,30,573,Jakupovic,GK,LEI,3.9,0.071094187
2021-22,30,556,A Fernandez,GK,BRE,4.5,0.013413888
2021-22,30,114,Norris,GK,BUR,4.3,0.0
2021-22,30,606,Bettinelli,GK,CHE,4.0,0.0
2021-22,30,593,Carson,GK,MCI,3.9,0.0
2021-22,30,407,Randolph,GK,WHU,4.3,0.005289039
2021-22,30,688,McGill,GK,BHA,4.0,0.0
2021-22,30,571,Lonergan,GK,EVE,4.0,0.0
2021-22,30,509,Heaton,GK,MUN,3.9,0.0
2021-22,30,561,Matthews,GK,CRY,3.9,0.0
2021-22,30,572,Okonkwo,GK,ARS,3.9,0.003366757
2021-22,30,596,Sinisalo,GK,AVL,4.0,0.006244205
2021-22,30,313,McGovern,GK,NOR,3.9,0.0
2021-22,30,619,Cox,GK,BRE,4.0,0.002853023
2021-22,30,656,Pitaluga,GK,LIV,4.0,0.0
2021-22,30,666,McCracken,GK,NOR,4.0,0.0
2021-22,30,223,Adrian,GK,LIV,4.3,0.0
2021-22,30,641,Caballero,GK,SOU,4.2,0.0
2021-22,30,514,Gillespie,GK,NEW,3.9,0.0
2021-22,30,615,Slicker,GK,MCI,4.0,0.0
2021-22,30,616,Tyrer,GK,EVE,4.0,0.0
2021-22,30,642,Angelini,GK,WAT,4.0,0.0
2021-22,30,659,Austin,GK,TOT,4.0,0.004234675
2021-22,30,574,Elliot,GK,WAT,4.0,0.0
2021-22,30,621,Storer,GK,WOL,4.0,0.004041996
2021-22,30,708,Waller,GK,BUR,4.0,0.0
2021-22,30,637,H Lewis,GK,SOU,3.9,0.0
2021-22,30,98,Tarkowski,DEF,BUR,4.9,0.0
2021-22,30,256,Cancelo,DEF,MCI,6.9,0.0
2021-22,30,585,C Roberts,DEF,BUR,4.4,0.0
2021-22,30,234,Robertson,DEF,LIV,7.2,0.0
2021-22,30,113,Taylor,DEF,BUR,4.4,0.0
2021-22,30,16,Tierney,DEF,ARS,5.1,3.186638087
2021-22,30,127,Rudiger,DEF,CHE,6.1,0.0
2021-22,30,23,Gabriel,DEF,ARS,5.3,3.116296158
2021-22,30,259,Laporte,DEF,MCI,5.8,0.0
2021-22,30,142,R James,DEF,CHE,6.2,0.0
2021-22,30,360,Doherty,DEF,TOT,4.8,4.012972786
2021-22,30,106,Mee,DEF,BUR,4.7,0.0
2021-22,30,411,A Cresswell,DEF,WHU,5.4,2.333095063
2021-22,30,67,B White,DEF,ARS,4.5,2.975177459
2021-22,30,121,T Silva,DEF,CHE,5.7,0.0
2021-22,30,229,van Dijk,DEF,LIV,6.8,0.0
2021-22,30,59,Dunk,DEF,BHA,4.8,0.0
2021-22,30,584,Cucurella,DEF,BHA,5.0,0.0
2021-22,30,119,Azpilicueta,DEF,CHE,5.6,0.0
2021-22,30,361,Dier,DEF,TOT,4.6,3.410778641
2021-22,30,590,Tomiyasu,DEF,ARS,4.6,1.862230659
2021-22,30,252,Stones,DEF,MCI,5.2,0.0
2021-22,30,364,Ben T Davies,DEF,TOT,4.4,3.44079382
2021-22,30,414,Dawson,DEF,WHU,4.9,2.222145744
2021-22,30,128,Zouma,DEF,WHU,5.4,2.120130171
2021-22,30,370,Reguilon,DEF,TOT,5.2,4.322656935
2021-22,30,494,Romero,DEF,TOT,4.8,3.241764189
2021-22,30,61,Webster,DEF,BHA,4.3,0.0
2021-22,30,169,Keane,DEF,EVE,4.7,0.0
2021-22,30,44,Cash,DEF,AVL,5.2,3.268442629
2021-22,30,249,Walker,DEF,MCI,5.4,0.0
2021-22,30,555,Varane,DEF,MUN,5.5,0.0
2021-22,30,179,Godfrey,DEF,EVE,4.7,0.0
2021-22,30,224,Matip,DEF,LIV,4.9,0.0
2021-22,30,38,Mings,DEF,AVL,5.0,3.132640982
2021-22,30,431,Saiss,DEF,WOL,5.1,3.289552969
2021-22,30,429,Coady,DEF,WOL,4.9,3.246663205
2021-22,30,165,Coleman,DEF,EVE,4.9,0.0
2021-22,30,237,Trent,DEF,LIV,8.5,0.0
2021-22,30,122,Alonso,DEF,CHE,5.5,0.0
2021-22,30,39,Targett,DEF,NEW,4.7,0.0
2021-22,30,62,Veltman,DEF,BHA,4.2,0.0
2021-22,30,305,Schar,DEF,NEW,4.3,0.0
2021-22,30,439,Kilman,DEF,WOL,4.6,2.930213402
2021-22,30,133,Christensen,DEF,CHE,4.6,0.0
2021-22,30,185,Ayling,DEF,LEE,4.3,2.83783349
2021-22,30,168,Digne,DEF,AVL,5.1,0.0
2021-22,30,275,Shaw,DEF,MUN,5.0,0.0
2021-22,30,45,Konsa,DEF,AVL,4.9,2.267658103
2021-22,30,58,Burn,DEF,NEW,4.4,0.0
2021-22,30,675,Mykolenko,DEF,EVE,4.9,0.0
2021-22,30,273,Maguire,DEF,MUN,5.4,0.0
2021-22,30,343,Bednarek,DEF,SOU,4.4,0.0
2021-22,30,217,Soyuncu,DEF,LEI,4.9,2.411241571
2021-22,30,91,Pinnock,DEF,BRE,4.5,2.525650215
2021-22,30,162,Mitchell,DEF,CRY,4.5,0.0
2021-22,30,418,Coufal,DEF,WHU,4.7,0.220726993
2021-22,30,488,Andersen,DEF,CRY,4.5,0.0
2021-22,30,190,Llorente,DEF,LEE,4.5,2.594000143
2021-22,30,264,Zinchenko,DEF,MCI,5.3,0.0
2021-22,30,342,Walker-Peters,DEF,SOU,4.8,0.0
2021-22,30,220,Fofana,DEF,LEI,4.3,2.173225327
2021-22,30,433,Jonny,DEF,WOL,4.5,3.31574127
2021-22,30,470,Ait-Nouri,DEF,WOL,4.4,2.135653688
2021-22,30,477,Guehi,DEF,CRY,4.5,0.0
2021-22,30,425,Johnson,DEF,WHU,3.9,1.839106495
2021-22,30,207,R Pereira,DEF,LEI,5.2,2.349700305
2021-22,30,437,Semedo,DEF,WOL,4.8,0.0
2021-22,30,71,Lamptey,DEF,BHA,4.5,0.0
2021-22,30,510,Dalot,DEF,MUN,4.3,0.0
2021-22,30,150,Kouyate,DEF,CRY,4.5,0.0
2021-22,30,209,Castagne,DEF,LEI,5.3,0.417817179
2021-22,30,83,Henry,DEF,BRE,4.5,2.28207351
2021-22,30,10,Chambers,DEF,AVL,4.2,1.937041742
2021-22,30,178,Holgate,DEF,EVE,4.2,0.0
2021-22,30,76,Jansson,DEF,BRE,4.5,2.275341559
2021-22,30,279,Telles,DEF,MUN,5.0,0.0
2021-22,30,588,Emerson R,DEF,TOT,4.6,1.138995778
2021-22,30,238,Gomez,DEF,LIV,4.7,0.0
2021-22,30,351,Salisu,DEF,SOU,4.5,0.0
2021-22,30,491,Livramento,DEF,SOU,4.4,0.0
2021-22,30,326,Aarons,DEF,NOR,4.3,0.0
2021-22,30,474,J Ward,DEF,CRY,4.5,0.0
2021-22,30,368,Sessegnon,DEF,TOT,4.3,0.0
2021-22,30,319,Hanley,DEF,NOR,4.4,0.0
2021-22,30,201,Evans,DEF,LEI,5.4,0.0
2021-22,30,198,Struijk,DEF,LEE,4.3,2.584735906
2021-22,30,288,Wan-Bissaka,DEF,MUN,5.1,0.0
2021-22,30,367,D Sanchez,DEF,TOT,4.4,1.00922095
2021-22,30,502,Kenny,DEF,EVE,4.4,0.0
2021-22,30,456,Gibson,DEF,NOR,4.4,0.0
2021-22,30,218,Justin,DEF,LEI,4.9,1.989916693
2021-22,30,284,Lindelof,DEF,MUN,4.8,0.0
2021-22,30,432,Marcal,DEF,WOL,4.2,1.41088409
2021-22,30,483,Ajer,DEF,BRE,4.4,2.017768128
2021-22,30,258,Ake,DEF,MCI,4.7,0.0
2021-22,30,527,T Chalobah,DEF,CHE,4.7,0.0
2021-22,30,303,Krafth,DEF,NEW,4.3,0.0
2021-22,30,52,Young,DEF,AVL,4.7,2.812146391
2021-22,30,208,Amartey,DEF,LEI,3.9,2.908366297
2021-22,30,243,Konate,DEF,LIV,5.1,0.0
2021-22,30,184,Cooper,DEF,LEE,4.4,0.669036667
2021-22,30,219,L Thomas,DEF,LEI,4.3,2.64390073
2021-22,30,428,Boly,DEF,WOL,4.9,0.88874549
2021-22,30,262,Dias,DEF,MCI,6.2,0.0
2021-22,30,460,Perraud,DEF,SOU,4.8,0.0
2021-22,30,678,Trippier,DEF,NEW,5.0,0.0
2021-22,30,299,Lascelles,DEF,NEW,4.4,0.0
2021-22,30,501,M Sarr,DEF,CHE,4.9,0.0
2021-22,30,290,B Williams,DEF,NOR,3.9,0.0
2021-22,30,245,Tsimikas,DEF,LIV,3.7,0.0
2021-22,30,302,Manquillo,DEF,NEW,3.9,0.0
2021-22,30,103,K Long,DEF,BUR,4.0,0.0
2021-22,30,424,Diop,DEF,WHU,4.2,0.374779079
2021-22,30,194,Koch,DEF,LEE,4.3,1.578673845
2021-22,30,5,Cedric,DEF,ARS,4.2,1.052595984
2021-22,30,110,Lowton,DEF,BUR,4.4,0.0
2021-22,30,56,Duffy,DEF,BHA,4.1,0.0
2021-22,30,292,Ritchie,DEF,NEW,4.9,0.0
2021-22,30,14,Holding,DEF,ARS,4.1,0.284589337
2021-22,30,417,Masuaku,DEF,WHU,4.4,0.504396695
2021-22,30,147,Tomkins,DEF,CRY,4.3,0.0
2021-22,30,100,Pieters,DEF,BUR,4.1,0.0
2021-22,30,466,Tavares,DEF,ARS,4.3,0.309444
2021-22,30,594,Zanka,DEF,BRE,4.5,0.442662696
2021-22,30,340,Vestergaard,DEF,LEI,4.7,0.51328187
2021-22,30,674,Patterson,DEF,EVE,4.2,0.0
2021-22,30,580,Kabak,DEF,NOR,4.3,0.0
2021-22,30,301,Dummett,DEF,NEW,4.5,0.0
2021-22,30,473,Bertrand,DEF,LEI,4.6,0.0
2021-22,30,451,Collins,DEF,BUR,4.3,0.0
2021-22,30,493,Clyne,DEF,CRY,4.3,0.0
2021-22,30,338,J Stephens,DEF,SOU,4.4,0.0
2021-22,30,685,Toti,DEF,WOL,4.5,0.181594081
2021-22,30,415,Fredericks,DEF,WHU,4.4,0.391068825
2021-22,30,446,Mosquera,DEF,WOL,4.4,0.106509995
2021-22,30,465,F Fernandez,DEF,NEW,4.3,0.0
2021-22,30,90,M Sorensen,DEF,BRE,4.3,0.209535781
2021-22,30,286,Bailly,DEF,MUN,4.9,0.0
2021-22,30,36,Hause,DEF,AVL,4.4,0.0
2021-22,30,374,Rodon,DEF,TOT,4.2,0.038142659
2021-22,30,151,Kelly,DEF,CRY,3.8,0.0
2021-22,30,544,Branthwaite,DEF,EVE,4.0,0.0
2021-22,30,632,P Jones,DEF,MUN,4.5,0.0
2021-22,30,89,Roerslev,DEF,BRE,4.1,0.337871988
2021-22,30,99,Bardsley,DEF,BUR,3.9,0.0
2021-22,30,247,R Williams,DEF,LIV,4.4,0.0
2021-22,30,331,Omobamidele,DEF,NOR,3.9,0.0
2021-22,30,534,B Thomas,DEF,BUR,3.9,0.0
2021-22,30,158,Jach,DEF,CRY,4.2,0.0
2021-22,30,327,J Sorensen,DEF,NOR,4.3,0.0
2021-22,30,560,H Roberts,DEF,BHA,3.9,0.0
2021-22,30,563,C Cresswell,DEF,LEE,4.0,0.0289897
2021-22,30,667,Small,DEF,SOU,4.0,0.0
2021-22,30,554,J Baptiste,DEF,WHU,4.0,0.00408902
2021-22,30,565,Dodgson,DEF,BUR,3.9,0.0
2021-22,30,324,Zimmermann,DEF,NOR,4.4,0.0
2021-22,30,610,Bogarde,DEF,AVL,4.0,0.005199862
2021-22,30,569,Stevens,DEF,BRE,3.9,0.009417032
2021-22,30,371,Tanganga,DEF,TOT,4.2,0.0
2021-22,30,567,Lyanco,DEF,SOU,4.4,0.0
2021-22,30,161,N Ferguson,DEF,CRY,4.5,0.0
2021-22,30,175,Mina,DEF,EVE,4.9,0.0
2021-22,30,409,Ogbonna,DEF,WHU,4.9,0.0
2021-22,30,135,Chilwell,DEF,CHE,5.6,0.0
2021-22,30,690,Kenedy,DEF,CHE,4.5,0.0
2021-22,30,604,Wilson-Esbrand,DEF,MCI,3.9,0.0
2021-22,30,603,Mbete,DEF,MCI,3.9,0.0
2021-22,30,651,Egan-Riley,DEF,MCI,4.0,0.0
2021-22,30,711,Swanson,DEF,ARS,4.0,0.003916921
2021-22,30,617,Ashby,DEF,WHU,4.0,0.003442875
2021-22,30,546,Valery,DEF,SOU,3.9,0.0
2021-22,30,540,Hannam,DEF,CRY,3.9,0.0
2021-22,30,705,Awe,DEF,ARS,4.0,0.003805365
2021-22,30,684,K Hayden,DEF,AVL,4.0,0.003952435
2021-22,30,598,Omole,DEF,TOT,3.9,0.004006366
2021-22,30,682,Ekwah,DEF,WHU,4.0,0.003253159
2021-22,30,644,Alese,DEF,WHU,4.0,0.00324473
2021-22,30,635,Bueno,DEF,WOL,4.0,0.003936721
2021-22,30,463,Firpo,DEF,LEE,4.7,0.0
2021-22,30,670,Feeney,DEF,AVL,4.0,0.003793912
2021-22,30,626,Bradley,DEF,LIV,4.0,0.0
2021-22,30,627,Beck,DEF,LIV,4.0,0.0
2021-22,30,660,Quansah,DEF,LIV,4.0,0.0
2021-22,30,657,Moore,DEF,LEE,4.0,0.003726207
2021-22,30,653,Turns,DEF,BHA,4.0,0.0
2021-22,30,639,Daley-Campbell,DEF,LEI,4.0,0.004089181
2021-22,30,712,Offiah,DEF,BHA,4.0,0.0
2021-22,30,645,B Nelson,DEF,LEI,4.0,0.004006392
2021-22,30,623,Welch,DEF,EVE,4.0,0.0
2021-22,30,709,Adaramola,DEF,CRY,4.0,0.0
2021-22,30,608,Hjelde,DEF,LEE,4.0,0.0
2021-22,30,643,Tomkinson,DEF,NOR,4.0,0.0
2021-22,30,443,Hoever,DEF,WOL,3.9,0.0
2021-22,30,633,Morris,DEF,WAT,4.0,0.0
2021-22,30,321,Byram,DEF,NOR,4.4,0.0
2021-22,30,457,Giannoulis,DEF,NOR,4.4,0.0
2021-22,30,384,Kabasele,DEF,WAT,4.3,0.0
2021-22,30,387,Troost-Ekong,DEF,WAT,4.3,0.0
2021-22,30,396,Sierralta,DEF,WAT,4.3,0.0
2021-22,30,618,Nkoulou,DEF,WAT,4.4,0.0
2021-22,30,390,Masina,DEF,WAT,4.3,0.0
2021-22,30,676,Kamara,DEF,WAT,4.5,0.0
2021-22,30,400,Ngakia,DEF,WAT,4.3,0.0
2021-22,30,382,Femenia,DEF,WAT,4.3,0.0
2021-22,30,379,Cathcart,DEF,WAT,4.3,0.0
2021-22,30,677,Samir,DEF,WAT,4.5,0.0
2021-22,30,233,Salah,MID,LIV,13.3,0.0
2021-22,30,359,Son,MID,TOT,10.9,5.284945624
2021-22,30,277,Fernandes,MID,MUN,11.6,0.0
2021-22,30,230,Mane,MID,LIV,11.7,0.0
2021-22,30,578,Cornet,MID,BUR,5.9,0.0
2021-22,30,118,McNeil,MID,BUR,5.6,0.0
2021-22,30,681,Coutinho,MID,AVL,7.5,4.226645114
2021-22,30,22,Saka,MID,ARS,6.7,3.476597025
2021-22,30,240,Jota,MID,LIV,8.3,0.0
2021-22,30,255,Sterling,MID,MCI,10.6,0.0
2021-22,30,196,Raphinha,MID,LEE,6.5,1.447424997
2021-22,30,251,De Bruyne,MID,MCI,11.7,0.0
2021-22,30,173,Doucoure,MID,EVE,5.3,0.0
2021-22,30,107,Westwood,MID,BUR,5.2,0.0
2021-22,30,210,Tielemans,MID,LEI,6.4,4.155509978
2021-22,30,215,H Barnes,MID,LEI,6.5,4.084171685
2021-22,30,138,Mount,MID,CHE,7.5,0.0
2021-22,30,422,Soucek,MID,WHU,5.7,3.092282212
2021-22,30,420,Bowen,MID,WHU,6.8,0.293192722
2021-22,30,265,Foden,MID,MCI,7.9,0.0
2021-22,30,701,Kulusevski,MID,TOT,6.2,3.649562272
2021-22,30,154,Zaha,MID,CRY,6.8,0.0
2021-22,30,485,Sancho,MID,MUN,8.9,0.0
2021-22,30,558,Odegaard,MID,ARS,5.5,3.07015721
2021-22,30,341,Ward-Prowse,MID,SOU,6.5,0.0
2021-22,30,26,Martinelli,MID,ARS,5.3,3.297220397
2021-22,30,484,D Gray,MID,EVE,5.5,0.0
2021-22,30,212,Maddison,MID,LEI,6.7,4.056315427
2021-22,30,115,Brownhill,MID,BUR,4.3,0.0
2021-22,30,141,Havertz,MID,CHE,7.8,0.0
2021-22,30,261,B Silva,MID,MCI,7.2,0.0
2021-22,30,64,Trossard,MID,BHA,5.9,0.0
2021-22,30,254,Mahrez,MID,MCI,8.7,0.0
2021-22,30,419,Benrahma,MID,WHU,5.9,2.923010708
2021-22,30,399,I Sarr,MID,WAT,5.7,0.0
2021-22,30,423,Fornals,MID,WHU,6.0,2.750208779
2021-22,30,188,Dallas,MID,LEE,4.9,2.857333945
2021-22,30,74,Mac Allister,MID,BHA,5.2,0.0
2021-22,30,575,Lennon,MID,BUR,4.9,0.0
2021-22,30,363,Alli,MID,EVE,6.2,0.0
2021-22,30,144,Gallagher,MID,CRY,6.1,0.0
2021-22,30,96,Mbeumo,MID,BRE,5.2,2.962147461
2021-22,30,282,van de Beek,MID,EVE,5.7,0.0
2021-22,30,267,Harrison,MID,LEE,5.5,3.087534111
2021-22,30,272,Pogba,MID,MUN,7.4,0.0
2021-22,30,697,Guimaraes,MID,NEW,4.9,0.0
2021-22,30,21,Smith Rowe,MID,ARS,5.7,2.197433971
2021-22,30,15,Partey,MID,ARS,5.0,2.497230043
2021-22,30,287,D James,MID,LEE,6.0,2.814517524
2021-22,30,51,J Ramsey,MID,AVL,4.8,2.996848769
2021-22,30,250,Gundogan,MID,MCI,7.1,0.0
2021-22,30,33,Grealish,MID,MCI,7.5,0.0
2021-22,30,35,McGinn,MID,AVL,5.7,2.873848774
2021-22,30,281,Rashford,MID,MUN,9.4,0.0
2021-22,30,699,Eriksen,MID,BRE,5.5,2.758098573
2021-22,30,365,Hojbjerg,MID,TOT,4.9,2.830294797
2021-22,30,123,Jorginho,MID,CHE,5.8,0.0
2021-22,30,421,Rice,MID,WHU,5.0,2.348403249
2021-22,30,137,Pulisic,MID,CHE,7.9,0.0
2021-22,30,7,Xhaka,MID,ARS,4.8,2.337189276
2021-22,30,416,Lanzini,MID,WHU,5.7,2.469971958
2021-22,30,436,Neves,MID,WOL,5.3,2.905007373
2021-22,30,438,Podence,MID,WOL,5.5,3.420963368
2021-22,30,81,Canos,MID,BRE,5.5,2.543735752
2021-22,30,285,McTominay,MID,MUN,5.4,0.0
2021-22,30,426,Moutinho,MID,WOL,4.9,2.757028251
2021-22,30,266,Rodri,MID,MCI,5.5,0.0
2021-22,30,339,S Armstrong,MID,SOU,5.8,0.0
2021-22,30,291,Shelvey,MID,NEW,5.3,0.0
2021-22,30,75,Moder,MID,BHA,4.5,0.0
2021-22,30,232,Fabinho,MID,LIV,5.4,0.0
2021-22,30,274,Fred,MID,MUN,4.9,0.0
2021-22,30,503,A Gordon,MID,EVE,4.5,0.0
2021-22,30,702,Bentancur,MID,TOT,4.9,2.522625557
2021-22,30,50,Douglas Luiz,MID,AVL,4.4,2.461193583
2021-22,30,19,Willock,MID,NEW,5.8,0.0
2021-22,30,336,Redmond,MID,SOU,5.9,0.0
2021-22,30,77,Norgaard,MID,BRE,5.0,2.376656079
2021-22,30,696,Diaz,MID,LIV,8.0,0.0
2021-22,30,449,Rashica,MID,NOR,5.2,0.0
2021-22,30,125,Kovacic,MID,CHE,5.0,0.0
2021-22,30,216,Ndidi,MID,LEI,4.8,0.0
2021-22,30,43,Buendia,MID,AVL,6.2,2.532614202
2021-22,30,186,Klich,MID,LEE,5.2,2.510147601
2021-22,30,441,Neto,MID,WOL,6.4,0.262108163
2021-22,30,298,Fraser,MID,NEW,5.3,0.0
2021-22,30,222,J Henderson,MID,LIV,5.0,0.0
2021-22,30,335,Romeu,MID,SOU,4.5,0.0
2021-22,30,131,Ziyech,MID,CHE,7.3,0.0
2021-22,30,148,McArthur,MID,CRY,4.3,0.0
2021-22,30,362,Lucas Moura,MID,TOT,6.1,2.210068257
2021-22,30,318,McLean,MID,NOR,4.9,0.0
2021-22,30,462,Mwepu,MID,BHA,5.9,0.0
2021-22,30,70,Bissouma,MID,BHA,4.4,0.0
2021-22,30,505,Dewsbury-Hall,MID,LEI,4.4,2.734588917
2021-22,30,587,Lookman,MID,LEI,6.0,2.312574709
2021-22,30,512,Elanga,MID,MUN,4.8,0.0
2021-22,30,130,Kante,MID,CHE,4.9,0.0
2021-22,30,354,Sissoko,MID,WAT,4.4,0.0
2021-22,30,84,Janelt,MID,BRE,4.9,2.187312321
2021-22,30,461,Trincao,MID,WOL,5.6,2.521497033
2021-22,30,145,Gilmour,MID,NOR,4.3,0.0
2021-22,30,225,Thiago,MID,LIV,5.3,0.0
2021-22,30,172,Gomes,MID,EVE,4.9,0.0
2021-22,30,517,Elyounoussi,MID,SOU,5.4,0.0
2021-22,30,464,Olise,MID,CRY,5.4,0.0
2021-22,30,191,K Phillips,MID,LEE,4.7,0.668354865
2021-22,30,53,Lallana,MID,BHA,5.3,0.0
2021-22,30,202,Albrighton,MID,LEI,5.2,0.869920058
2021-22,30,174,Iwobi,MID,EVE,5.8,0.0
2021-22,30,482,Townsend,MID,EVE,5.2,0.0
2021-22,30,581,Normann,MID,NOR,4.5,0.0
2021-22,30,524,Wissa,MID,BRE,5.7,1.684431726
2021-22,30,582,Vlasic,MID,WHU,5.6,1.45465591
2021-22,30,86,Jensen,MID,BRE,4.9,1.657898541
2021-22,30,346,Tella,MID,SOU,4.7,0.0
2021-22,30,101,Cork,MID,BUR,4.4,0.0
2021-22,30,506,Elliott,MID,LIV,5.3,0.0
2021-22,30,17,Pepe,MID,ARS,6.9,0.986193336
2021-22,30,412,Yarmolenko,MID,WHU,5.1,1.456072308
2021-22,30,55,Gross,MID,BHA,5.7,0.0
2021-22,30,551,Summerville,MID,LEE,4.5,1.249978597
2021-22,30,239,Keita,MID,LIV,5.0,0.0
2021-22,30,140,Hudson-Odoi,MID,CHE,5.3,0.0
2021-22,30,60,March,MID,BHA,5.3,0.0
2021-22,30,211,Perez,MID,LEI,5.7,0.680622575
2021-22,30,304,Murphy,MID,NEW,4.7,0.0
2021-22,30,492,Bailey,MID,AVL,6.3,1.09197692
2021-22,30,171,Allan,MID,EVE,4.3,0.0
2021-22,30,155,Schlupp,MID,CRY,5.4,0.0
2021-22,30,203,N Mendy,MID,LEI,4.3,1.924369824
2021-22,30,308,Almiron,MID,NEW,5.1,0.0
2021-22,30,42,El Ghazi,MID,EVE,5.6,0.0
2021-22,30,552,Forshaw,MID,LEE,4.5,2.021659282
2021-22,30,366,Winks,MID,TOT,4.4,0.769600118
2021-22,30,160,Eze,MID,CRY,5.9,0.0
2021-22,30,369,Bergwijn,MID,TOT,5.9,0.420313845
2021-22,30,328,Placheta,MID,NOR,4.7,0.0
2021-22,30,32,B Traore,MID,AVL,5.7,0.307178498
2021-22,30,689,Chiquinho,MID,WOL,5.5,0.739862094
2021-22,30,471,Lees-Melou,MID,NOR,4.8,0.0
2021-22,30,434,Dendoncker,MID,WOL,4.7,1.439850646
2021-22,30,108,Gudmundsson,MID,BUR,5.4,0.0
2021-22,30,317,Rupp,MID,NOR,4.4,0.0
2021-22,30,132,Loftus-Cheek,MID,CHE,5.4,0.0
2021-22,30,124,Barkley,MID,CHE,5.2,0.0
2021-22,30,214,Choudhury,MID,LEI,4.4,0.633993105
2021-22,30,193,T Roberts,MID,LEE,4.8,0.0
2021-22,30,289,M Greenwood,MID,MUN,7.1,0.0
2021-22,30,629,McAtee,MID,MCI,4.4,0.0
2021-22,30,692,Hutchinson,MID,ARS,4.5,0.004173833
2021-22,30,631,Jenkins,MID,LEE,4.5,0.001806336
2021-22,30,687,Giles,MID,WOL,4.5,0.004394366
2021-22,30,508,Edozie,MID,MCI,4.7,0.0
2021-22,30,664,Patino,MID,ARS,4.5,0.004033413
2021-22,30,613,Whitaker,MID,EVE,4.5,0.0
2021-22,30,628,Haygarth,MID,BRE,4.5,0.00176818
2021-22,30,634,Perkins,MID,WHU,4.5,0.003883075
2021-22,30,714,Devine,MID,TOT,4.5,0.004177239
2021-22,30,630,Onyango,MID,EVE,4.5,0.0
2021-22,30,668,H White,MID,TOT,4.4,0.004139969
2021-22,30,221,Milner,MID,LIV,4.9,0.0
2021-22,30,605,Lavia,MID,MCI,4.4,0.0
2021-22,30,693,Oulad,MID,ARS,4.5,0.003884746
2021-22,30,652,Oko-Flex,MID,WHU,4.4,0.003784518
2021-22,30,625,K Gordon,MID,LIV,4.5,0.0
2021-22,30,662,Peart-Harris,MID,BRE,4.5,0.003931123
2021-22,30,601,McKinstry,MID,LEE,4.3,0.003706712
2021-22,30,609,Anderson,MID,NEW,4.5,0.0
2021-22,30,548,Campbell,MID,WOL,4.4,0.003758203
2021-22,30,710,Chesters,MID,WHU,4.5,0.003587873
2021-22,30,648,Rowe,MID,NOR,4.4,0.0
2021-22,30,658,Archie Gray,MID,LEE,4.5,0.003608835
2021-22,30,507,Palmer,MID,MCI,4.5,0.0
2021-22,30,703,Chrisene,MID,AVL,4.5,0.00358611
2021-22,30,624,Bate,MID,LEE,4.5,0.003538454
2021-22,30,638,Iroegbunam,MID,AVL,4.5,0.00353152
2021-22,30,654,Leonard,MID,BHA,4.5,0.0
2021-22,30,713,O'Reilly,MID,AVL,4.5,0.003492904
2021-22,30,671,Hall,MID,CHE,4.5,0.0
2021-22,30,614,Maghoma,MID,BRE,4.5,0.003611947
2021-22,30,600,Kenneh,MID,LEE,4.4,0.003443432
2021-22,30,576,McCarron,MID,LEE,4.4,0.021748444
2021-22,30,672,Vale,MID,CHE,4.5,0.0
2021-22,30,646,Brunt,MID,LEI,4.5,0.003556294
2021-22,30,543,Banks,MID,CRY,4.5,0.0
2021-22,30,707,De Bolle,MID,NEW,4.5,0.0
2021-22,30,620,Morton,MID,LIV,4.5,0.0
2021-22,30,541,Rak-Sakyi,MID,CRY,4.4,0.0
2021-22,30,683,Gibbs,MID,NOR,4.5,0.0
2021-22,30,680,Chauke,MID,SOU,4.5,0.0
2021-22,30,589,Kral,MID,WHU,4.4,0.218183764
2021-22,30,459,Mata,MID,MUN,4.7,0.0
2021-22,30,157,Riedewald,MID,CRY,4.7,0.0
2021-22,30,34,Sanson,MID,AVL,5.0,0.085899272
2021-22,30,406,Noble,MID,WHU,4.4,0.212255721
2021-22,30,163,Delph,MID,EVE,4.3,0.0
2021-22,30,405,Baah,MID,WAT,4.3,0.0
2021-22,30,176,T Davies,MID,EVE,4.8,0.0
2021-22,30,347,Smallbone,MID,SOU,4.5,0.0
2021-22,30,102,D Stephens,MID,BUR,4.4,0.0
2021-22,30,547,Cundle,MID,WOL,4.4,0.083419802
2021-22,30,350,Djenepo,MID,SOU,5.2,0.0
2021-22,30,706,Mejbri,MID,MUN,4.5,0.0
2021-22,30,458,Soumare,MID,LEI,4.8,0.0
2021-22,30,85,Ghoddos,MID,BRE,5.3,0.173562675
2021-22,30,309,S Longstaff,MID,NEW,4.4,0.0
2021-22,30,538,Caicedo,MID,BHA,4.5,0.0
2021-22,30,373,Skipp,MID,TOT,4.4,0.0
2021-22,30,526,Chukwuemeka,MID,AVL,4.5,0.29470854
2021-22,30,592,Saul,MID,CHE,4.9,0.0
2021-22,30,612,Sarmiento,MID,BHA,4.5,0.0
2021-22,30,12,Elneny,MID,ARS,4.4,0.160106557
2021-22,30,227,Chamberlain,MID,LIV,5.8,0.0
2021-22,30,332,Walcott,MID,SOU,5.8,0.0
2021-22,30,244,C Jones,MID,LIV,5.0,0.0
2021-22,30,679,Kayembe,MID,WAT,4.6,0.0
2021-22,30,152,Milivojevic,MID,CRY,5.3,0.0
2021-22,30,236,Minamino,MID,LIV,5.1,0.0
2021-22,30,323,Dowell,MID,NOR,5.1,0.0
2021-22,30,73,Alzate,MID,BHA,4.8,0.0
2021-22,30,381,Cleverley,MID,WAT,4.8,0.0
2021-22,30,276,Lingard,MID,MUN,6.7,0.0
2021-22,30,478,Lokonga,MID,ARS,4.8,0.407447509
2021-22,30,271,Matic,MID,MUN,4.3,0.0
2021-22,30,197,Shackleton,MID,LEE,4.4,0.072743312
2021-22,30,79,Fosu,MID,BRE,5.1,0.230486821
2021-22,30,453,Fernandinho,MID,MCI,4.7,0.0
2021-22,30,499,S Baptiste,MID,BRE,4.9,0.794533016
2021-22,30,82,Dasilva,MID,BRE,5.3,0.0
2021-22,30,386,W Hughes,MID,CRY,4.7,0.0
2021-22,30,403,Louza,MID,WAT,5.2,0.0
2021-22,30,41,Nakamba,MID,AVL,4.4,0.0
2021-22,30,698,Kalu,MID,WAT,4.9,0.0
2021-22,30,479,Onyeka,MID,BRE,4.9,0.557806315
2021-22,30,495,Kucka,MID,WAT,5.5,0.0
2021-22,30,467,Etebo,MID,WAT,4.3,0.0
2021-22,30,391,Sema,MID,WAT,5.2,0.0
2021-22,30,528,Tzolis,MID,NOR,4.8,0.0
2021-22,30,349,I Diallo,MID,SOU,4.5,0.0
2021-22,30,357,Kane,FWD,TOT,12.4,5.846711616
2021-22,30,177,Calvert-Lewin,FWD,EVE,7.7,0.0
2021-22,30,700,Weghorst,FWD,BUR,6.5,0.0
2021-22,30,180,Richarlison,FWD,EVE,7.5,0.0
2021-22,30,413,Antonio,FWD,WHU,7.5,3.215185787
2021-22,30,579,Ronaldo,FWD,MUN,12.2,0.0
2021-22,30,6,Lacazette,FWD,ARS,8.4,3.543701336
2021-22,30,189,Bamford,FWD,LEE,7.7,3.443820139
2021-22,30,78,Toney,FWD,BRE,6.6,3.553300059
2021-22,30,345,Adams,FWD,SOU,7.0,0.0
2021-22,30,109,Wood,FWD,NEW,6.7,0.0
2021-22,30,430,Jimenez,FWD,WOL,7.6,4.159493185
2021-22,30,63,Maupay,FWD,BHA,6.5,0.0
2021-22,30,40,Watkins,FWD,AVL,7.5,3.471933844
2021-22,30,529,Lukaku,FWD,CHE,11.4,0.0
2021-22,30,205,Vardy,FWD,LEI,10.3,0.0
2021-22,30,263,Jesus,FWD,MCI,8.4,0.0
2021-22,30,307,Saint-Maximin,FWD,NEW,6.8,0.0
2021-22,30,315,Pukki,FWD,NOR,5.8,0.0
2021-22,30,337,Ings,FWD,AVL,7.7,3.201951746
2021-22,30,468,King,FWD,WAT,5.7,0.0
2021-22,30,213,Iheanacho,FWD,LEI,6.9,4.601921065
2021-22,30,450,Dennis,FWD,WAT,6.0,0.0
2021-22,30,187,Rodrigo,FWD,LEE,6.2,1.855436097
2021-22,30,228,Firmino,FWD,LIV,8.7,0.0
2021-22,30,518,Broja,FWD,SOU,5.5,0.0
2021-22,30,583,Hwang,FWD,WOL,5.4,2.544456839
2021-22,30,455,Daka,FWD,LEI,7.1,0.28136844
2021-22,30,516,Sargent,FWD,NOR,5.4,0.0
2021-22,30,586,Edouard,FWD,CRY,6.3,0.0
2021-22,30,104,Jay Rodriguez,FWD,BUR,5.2,0.0
2021-22,30,447,Welbeck,FWD,BHA,5.9,0.0
2021-22,30,153,Ayew,FWD,CRY,5.8,0.0
2021-22,30,134,Werner,FWD,CHE,8.6,0.0
2021-22,30,296,Wilson,FWD,NEW,7.2,0.0
2021-22,30,310,Joelinton,FWD,NEW,5.8,0.0
2021-22,30,269,Cavani,FWD,MUN,8.4,0.0
2021-22,30,525,A Armstrong,FWD,SOU,5.7,0.0
2021-22,30,111,Vydra,FWD,BUR,5.2,0.0
2021-22,30,105,A Barnes,FWD,BUR,5.2,0.0
2021-22,30,445,F Silva,FWD,WOL,5.6,0.77126392
2021-22,30,149,Benteke,FWD,CRY,6.0,0.0
2021-22,30,550,S Greenwood,FWD,LEE,4.5,0.076750154
2021-22,30,329,Idah,FWD,NOR,4.9,0.0
2021-22,30,622,Tosun,FWD,EVE,5.0,0.0
2021-22,30,533,Richardson,FWD,BUR,4.5,0.0
2021-22,30,704,Delap,FWD,MCI,4.5,0.0
2021-22,30,520,Scarlett,FWD,TOT,4.5,0.004334184
2021-22,30,663,Kayky,FWD,MCI,5.0,0.0
2021-22,30,694,Biereth,FWD,ARS,4.5,0.003746518
2021-22,30,640,Young-Coombes,FWD,BRE,4.5,0.003725988
2021-22,30,655,E Ferguson,FWD,BHA,4.5,0.0
2021-22,30,607,Dobbin,FWD,EVE,4.5,0.0
2021-22,30,519,S Long,FWD,SOU,5.4,0.0
2021-22,30,591,Rondon,FWD,EVE,6.0,0.0
2021-22,30,159,Mateta,FWD,CRY,5.2,0.0
2021-22,30,235,Origi,FWD,LIV,4.8,0.0
2021-22,30,300,Gayle,FWD,NEW,5.2,0.0
2021-22,30,577,Gelhardt,FWD,LEE,4.6,0.32246064
2021-22,30,404,Joao Pedro,FWD,WAT,5.4,0.0
2021-22,30,20,Nketiah,FWD,ARS,5.4,0.62191206
2021-22,30,472,Cucho,FWD,WAT,5.0,0.0
2021-22,31,112,Pope,GK,BUR,5.4,7.419543175
2021-22,31,143,E Mendy,GK,CHE,6.1,4.39900307
2021-22,31,559,Ramsdale,GK,ARS,5.1,2.296413075
2021-22,31,231,Alisson,GK,LIV,6.0,4.609902639
2021-22,31,170,Pickford,GK,EVE,4.9,6.742425411
2021-22,31,257,Ederson,GK,MCI,6.1,4.251878191
2021-22,31,69,R Sanchez,GK,BHA,4.6,4.516658324
2021-22,31,353,Lloris,GK,TOT,5.4,4.164915877
2021-22,31,270,de Gea,GK,MUN,5.2,3.641174417
2021-22,31,200,Schmeichel,GK,LEI,4.8,2.579064674
2021-22,31,30,Martinez,GK,AVL,5.5,3.983549831
2021-22,31,295,Dubravka,GK,NEW,4.4,2.689163343
2021-22,31,408,Fabianski,GK,WHU,5.0,3.784868797
2021-22,31,146,Guaita,GK,CRY,4.6,2.556166684
2021-22,31,475,Sa,GK,WOL,5.3,3.699060135
2021-22,31,80,Raya,GK,BRE,4.3,2.967950762
2021-22,31,334,McCarthy,GK,SOU,4.3,1.095301171
2021-22,31,199,Meslier,GK,LEE,4.8,3.132666619
2021-22,31,314,Krul,GK,NOR,4.5,2.9017467
2021-22,31,376,Foster,GK,WAT,4.1,1.702335758
2021-22,31,333,Forster,GK,SOU,4.4,1.902227346
2021-22,31,1,Leno,GK,ARS,4.5,1.679812541
2021-22,31,156,Butland,GK,CRY,4.4,0.919539491
2021-22,31,389,Bachmann,GK,WAT,4.1,0.206637813
2021-22,31,129,Kepa,GK,CHE,4.6,0.173265728
2021-22,31,489,Areola,GK,WHU,4.7,0.196028284
2021-22,31,480,Hennessey,GK,BUR,4.5,0.171494979
2021-22,31,448,Gunn,GK,NOR,4.0,0.14025772
2021-22,31,294,Darlow,GK,NEW,4.5,0.194909552
2021-22,31,242,Kelleher,GK,LIV,4.3,0.102062211
2021-22,31,280,D Henderson,GK,MUN,4.7,0.09119649
2021-22,31,490,Klaesson,GK,LEE,4.3,0.462862418
2021-22,31,260,Steffen,GK,MCI,4.4,0.082530789
2021-22,31,54,Steele,GK,BHA,4.0,0.088093315
2021-22,31,486,Gollini,GK,TOT,4.3,0.077378793
2021-22,31,481,Begovic,GK,EVE,4.0,0.122361866
2021-22,31,204,D Ward,GK,LEI,4.0,0.045018824
2021-22,31,691,Olsen,GK,AVL,4.0,0.078227206
2021-22,31,673,Lossl,GK,BRE,4.5,0.051848018
2021-22,31,452,Ruddy,GK,WOL,4.3,0.070446225
2021-22,31,114,Norris,GK,BUR,4.3,0.014006084
2021-22,31,606,Bettinelli,GK,CHE,4.0,0.009153144
2021-22,31,593,Carson,GK,MCI,3.9,0.008880805
2021-22,31,641,Caballero,GK,SOU,4.2,0.010963863
2021-22,31,688,McGill,GK,BHA,4.0,0.008809513
2021-22,31,509,Heaton,GK,MUN,3.9,0.007116403
2021-22,31,573,Jakupovic,GK,LEI,3.9,0.004809629
2021-22,31,561,Matthews,GK,CRY,3.9,0.007041306
2021-22,31,407,Randolph,GK,WHU,4.3,0.007148152
2021-22,31,571,Lonergan,GK,EVE,4.0,0.012505869
2021-22,31,556,A Fernandez,GK,BRE,4.5,0.006429594
2021-22,31,572,Okonkwo,GK,ARS,3.9,0.003688475
2021-22,31,596,Sinisalo,GK,AVL,4.0,0.006716255
2021-22,31,313,McGovern,GK,NOR,3.9,0.005798674
2021-22,31,574,Elliot,GK,WAT,4.0,0.003458786
2021-22,31,656,Pitaluga,GK,LIV,4.0,0.003448568
2021-22,31,666,McCracken,GK,NOR,4.0,0.00518112
2021-22,31,619,Cox,GK,BRE,4.0,0.002611202
2021-22,31,223,Adrian,GK,LIV,4.3,0.000902913
2021-22,31,514,Gillespie,GK,NEW,3.9,0.00061243
2021-22,31,615,Slicker,GK,MCI,4.0,0.000791579
2021-22,31,708,Waller,GK,BUR,4.0,0.007598066
2021-22,31,616,Tyrer,GK,EVE,4.0,0.00115565
2021-22,31,642,Angelini,GK,WAT,4.0,0.000288144
2021-22,31,659,Austin,GK,TOT,4.0,0.004537902
2021-22,31,637,H Lewis,GK,SOU,3.9,0.003600518
2021-22,31,621,Storer,GK,WOL,4.0,0.004046262
2021-22,31,237,Trent,DEF,LIV,8.5,4.797554201
2021-22,31,142,R James,DEF,CHE,6.2,4.999707348
2021-22,31,256,Cancelo,DEF,MCI,6.9,4.763993831
2021-22,31,234,Robertson,DEF,LIV,7.2,5.382361485
2021-22,31,127,Rudiger,DEF,CHE,6.1,4.480861735
2021-22,31,98,Tarkowski,DEF,BUR,4.9,5.647738876
2021-22,31,585,C Roberts,DEF,BUR,4.4,5.569752443
2021-22,31,229,van Dijk,DEF,LIV,6.8,4.842690469
2021-22,31,259,Laporte,DEF,MCI,5.8,4.640008051
2021-22,31,121,T Silva,DEF,CHE,5.7,3.982948719
2021-22,31,113,Taylor,DEF,BUR,4.4,5.342787619
2021-22,31,16,Tierney,DEF,ARS,5.1,3.603657646
2021-22,31,23,Gabriel,DEF,ARS,5.3,3.591994144
2021-22,31,67,B White,DEF,ARS,4.5,3.391523913
2021-22,31,168,Digne,DEF,AVL,5.1,3.691433391
2021-22,31,360,Doherty,DEF,TOT,4.8,3.846976681
2021-22,31,224,Matip,DEF,LIV,4.9,3.887171409
2021-22,31,411,A Cresswell,DEF,WHU,5.4,4.21914266
2021-22,31,59,Dunk,DEF,BHA,4.8,4.716409805
2021-22,31,584,Cucurella,DEF,BHA,5.0,4.701778786
2021-22,31,119,Azpilicueta,DEF,CHE,5.6,2.661734807
2021-22,31,262,Dias,DEF,MCI,6.2,0.0
2021-22,31,361,Dier,DEF,TOT,4.6,3.838160552
2021-22,31,555,Varane,DEF,MUN,5.5,3.291529268
2021-22,31,44,Cash,DEF,AVL,5.2,3.496018175
2021-22,31,249,Walker,DEF,MCI,5.4,3.477460031
2021-22,31,364,Ben T Davies,DEF,TOT,4.4,3.566256529
2021-22,31,165,Coleman,DEF,EVE,4.9,5.730574097
2021-22,31,106,Mee,DEF,BUR,4.7,0.56986525
2021-22,31,590,Tomiyasu,DEF,ARS,4.6,1.402451632
2021-22,31,370,Reguilon,DEF,TOT,5.2,4.797078438
2021-22,31,128,Zouma,DEF,WHU,5.4,3.865117607
2021-22,31,414,Dawson,DEF,WHU,4.9,3.901511284
2021-22,31,494,Romero,DEF,TOT,4.8,3.719196757
2021-22,31,38,Mings,DEF,AVL,5.0,3.403892175
2021-22,31,39,Targett,DEF,NEW,4.7,2.093761419
2021-22,31,252,Stones,DEF,MCI,5.2,4.135874263
2021-22,31,201,Evans,DEF,LEI,5.4,1.309230959
2021-22,31,488,Andersen,DEF,CRY,4.5,2.937093498
2021-22,31,179,Godfrey,DEF,EVE,4.7,5.109651508
2021-22,31,343,Bednarek,DEF,SOU,4.4,2.730041158
2021-22,31,162,Mitchell,DEF,CRY,4.5,2.878120474
2021-22,31,275,Shaw,DEF,MUN,5.0,2.659522465
2021-22,31,122,Alonso,DEF,CHE,5.5,3.074625956
2021-22,31,169,Keane,DEF,EVE,4.7,5.234438279
2021-22,31,209,Castagne,DEF,LEI,5.3,1.75596505
2021-22,31,305,Schar,DEF,NEW,4.3,1.714468071
2021-22,31,273,Maguire,DEF,MUN,5.4,2.85954851
2021-22,31,477,Guehi,DEF,CRY,4.5,2.834805389
2021-22,31,220,Fofana,DEF,LEI,4.3,1.502414654
2021-22,31,62,Veltman,DEF,BHA,4.2,4.062579281
2021-22,31,217,Soyuncu,DEF,LEI,4.9,1.696872713
2021-22,31,342,Walker-Peters,DEF,SOU,4.8,2.59718906
2021-22,31,58,Burn,DEF,NEW,4.4,1.832622665
2021-22,31,218,Justin,DEF,LEI,4.9,1.491190064
2021-22,31,45,Konsa,DEF,AVL,4.9,2.477999865
2021-22,31,351,Salisu,DEF,SOU,4.5,2.362531136
2021-22,31,264,Zinchenko,DEF,MCI,5.3,1.998613112
2021-22,31,207,R Pereira,DEF,LEI,5.2,1.23112902
2021-22,31,491,Livramento,DEF,SOU,4.4,2.088313827
2021-22,31,71,Lamptey,DEF,BHA,4.5,3.669556297
2021-22,31,91,Pinnock,DEF,BRE,4.5,2.013974722
2021-22,31,429,Coady,DEF,WOL,4.9,3.181500827
2021-22,31,431,Saiss,DEF,WOL,5.1,3.06245057
2021-22,31,437,Semedo,DEF,WOL,4.8,1.560913516
2021-22,31,61,Webster,DEF,BHA,4.3,0.0
2021-22,31,502,Kenny,DEF,EVE,4.4,3.960320041
2021-22,31,527,T Chalobah,DEF,CHE,4.7,2.262366013
2021-22,31,288,Wan-Bissaka,DEF,MUN,5.1,1.720784497
2021-22,31,510,Dalot,DEF,MUN,4.3,1.733261653
2021-22,31,150,Kouyate,DEF,CRY,4.5,2.218917289
2021-22,31,76,Jansson,DEF,BRE,4.5,1.822343806
2021-22,31,319,Hanley,DEF,NOR,4.4,2.257605206
2021-22,31,133,Christensen,DEF,CHE,4.6,1.0992715
2021-22,31,185,Ayling,DEF,LEE,4.3,3.098712817
2021-22,31,178,Holgate,DEF,EVE,4.2,3.799241946
2021-22,31,676,Kamara,DEF,WAT,4.5,0.864062185
2021-22,31,83,Henry,DEF,BRE,4.5,1.819356209
2021-22,31,425,Johnson,DEF,WHU,3.9,2.907318961
2021-22,31,456,Gibson,DEF,NOR,4.4,2.130304567
2021-22,31,588,Emerson R,DEF,TOT,4.6,1.441495096
2021-22,31,418,Coufal,DEF,WHU,4.7,0.665255868
2021-22,31,474,J Ward,DEF,CRY,4.5,1.492203928
2021-22,31,279,Telles,DEF,MUN,5.0,1.117943628
2021-22,31,56,Duffy,DEF,BHA,4.1,2.930791595
2021-22,31,368,Sessegnon,DEF,TOT,4.3,0.0
2021-22,31,451,Collins,DEF,BUR,4.3,3.023662605
2021-22,31,10,Chambers,DEF,AVL,4.2,1.363731757
2021-22,31,483,Ajer,DEF,BRE,4.4,1.649284173
2021-22,31,470,Ait-Nouri,DEF,WOL,4.4,1.942249343
2021-22,31,367,D Sanchez,DEF,TOT,4.4,1.300437582
2021-22,31,501,M Sarr,DEF,CHE,4.9,0.913040678
2021-22,31,439,Kilman,DEF,WOL,4.6,2.007095948
2021-22,31,303,Krafth,DEF,NEW,4.3,0.914959463
2021-22,31,175,Mina,DEF,EVE,4.9,0.0
2021-22,31,460,Perraud,DEF,SOU,4.8,1.025376734
2021-22,31,428,Boly,DEF,WOL,4.9,1.79984761
2021-22,31,382,Femenia,DEF,WAT,4.3,0.803707069
2021-22,31,493,Clyne,DEF,CRY,4.3,1.271764281
2021-22,31,677,Samir,DEF,WAT,4.5,0.650111962
2021-22,31,302,Manquillo,DEF,NEW,3.9,0.884604369
2021-22,31,284,Lindelof,DEF,MUN,4.8,0.970550135
2021-22,31,5,Cedric,DEF,ARS,4.2,2.096230709
2021-22,31,258,Ake,DEF,MCI,4.7,1.122249072
2021-22,31,243,Konate,DEF,LIV,5.1,1.054362355
2021-22,31,326,Aarons,DEF,NOR,4.3,0.0
2021-22,31,678,Trippier,DEF,NEW,5.0,0.0
2021-22,31,299,Lascelles,DEF,NEW,4.4,0.715584371
2021-22,31,190,Llorente,DEF,LEE,4.5,2.354376836
2021-22,31,379,Cathcart,DEF,WAT,4.3,0.668127157
2021-22,31,219,L Thomas,DEF,LEI,4.3,0.169005387
2021-22,31,238,Gomez,DEF,LIV,4.7,1.327587953
2021-22,31,675,Mykolenko,DEF,EVE,4.9,2.417952947
2021-22,31,245,Tsimikas,DEF,LIV,3.7,0.773156131
2021-22,31,433,Jonny,DEF,WOL,4.5,2.40431288
2021-22,31,321,Byram,DEF,NOR,4.4,2.163690644
2021-22,31,184,Cooper,DEF,LEE,4.4,1.77869042
2021-22,31,324,Zimmermann,DEF,NOR,4.4,2.014179935
2021-22,31,432,Marcal,DEF,WOL,4.2,1.245775014
2021-22,31,198,Struijk,DEF,LEE,4.3,2.257392164
2021-22,31,290,B Williams,DEF,NOR,3.9,0.178975847
2021-22,31,292,Ritchie,DEF,NEW,4.9,0.523537376
2021-22,31,14,Holding,DEF,ARS,4.1,0.397252051
2021-22,31,110,Lowton,DEF,BUR,4.4,0.547968293
2021-22,31,338,J Stephens,DEF,SOU,4.4,0.308920072
2021-22,31,424,Diop,DEF,WHU,4.2,0.394147111
2021-22,31,208,Amartey,DEF,LEI,3.9,0.342793381
2021-22,31,147,Tomkins,DEF,CRY,4.3,0.220250732
2021-22,31,99,Bardsley,DEF,BUR,3.9,0.37187065
2021-22,31,463,Firpo,DEF,LEE,4.7,0.233598462
2021-22,31,594,Zanka,DEF,BRE,4.5,0.254646642
2021-22,31,384,Kabasele,DEF,WAT,4.3,0.136023042
2021-22,31,100,Pieters,DEF,BUR,4.1,0.0
2021-22,31,327,J Sorensen,DEF,NOR,4.3,0.352692939
2021-22,31,674,Patterson,DEF,EVE,4.2,0.447749858
2021-22,31,89,Roerslev,DEF,BRE,4.1,0.579407042
2021-22,31,90,M Sorensen,DEF,BRE,4.3,0.173708311
2021-22,31,466,Tavares,DEF,ARS,4.3,0.18406267
2021-22,31,465,F Fernandez,DEF,NEW,4.3,0.054327982
2021-22,31,390,Masina,DEF,WAT,4.3,0.092259364
2021-22,31,473,Bertrand,DEF,LEI,4.6,0.046119274
2021-22,31,286,Bailly,DEF,MUN,4.9,0.073590581
2021-22,31,301,Dummett,DEF,NEW,4.5,0.046390423
2021-22,31,340,Vestergaard,DEF,LEI,4.7,0.042695202
2021-22,31,151,Kelly,DEF,CRY,3.8,0.068112122
2021-22,31,194,Koch,DEF,LEE,4.3,1.706940437
2021-22,31,417,Masuaku,DEF,WHU,4.4,0.664961949
2021-22,31,632,P Jones,DEF,MUN,4.5,0.037488659
2021-22,31,247,R Williams,DEF,LIV,4.4,0.04529904
2021-22,31,374,Rodon,DEF,TOT,4.2,0.043468692
2021-22,31,457,Giannoulis,DEF,NOR,4.4,0.229057738
2021-22,31,544,Branthwaite,DEF,EVE,4.0,0.066636447
2021-22,31,158,Jach,DEF,CRY,4.2,0.033958006
2021-22,31,52,Young,DEF,AVL,4.7,1.226021383
2021-22,31,415,Fredericks,DEF,WHU,4.4,0.427520368
2021-22,31,667,Small,DEF,SOU,4.0,0.027295241
2021-22,31,103,K Long,DEF,BUR,4.0,1.856024211
2021-22,31,685,Toti,DEF,WOL,4.5,0.035024927
2021-22,31,396,Sierralta,DEF,WAT,4.3,0.021679955
2021-22,31,618,Nkoulou,DEF,WAT,4.4,0.042235367
2021-22,31,446,Mosquera,DEF,WOL,4.4,0.032160097
2021-22,31,560,H Roberts,DEF,BHA,3.9,0.007307877
2021-22,31,643,Tomkinson,DEF,NOR,4.0,0.023159797
2021-22,31,554,J Baptiste,DEF,WHU,4.0,0.006460038
2021-22,31,569,Stevens,DEF,BRE,3.9,0.008082568
2021-22,31,387,Troost-Ekong,DEF,WAT,4.3,0.018947318
2021-22,31,546,Valery,DEF,SOU,3.9,0.00449942
2021-22,31,610,Bogarde,DEF,AVL,4.0,0.005748747
2021-22,31,690,Kenedy,DEF,CHE,4.5,0.00280457
2021-22,31,540,Hannam,DEF,CRY,3.9,0.004647363
2021-22,31,443,Hoever,DEF,WOL,3.9,0.056208786
2021-22,31,711,Swanson,DEF,ARS,4.0,0.004170196
2021-22,31,604,Wilson-Esbrand,DEF,MCI,3.9,0.002360317
2021-22,31,705,Awe,DEF,ARS,4.0,0.004054947
2021-22,31,603,Mbete,DEF,MCI,3.9,0.002343845
2021-22,31,626,Bradley,DEF,LIV,4.0,0.004909552
2021-22,31,651,Egan-Riley,DEF,MCI,4.0,0.002305447
2021-22,31,627,Beck,DEF,LIV,4.0,0.004833517
2021-22,31,331,Omobamidele,DEF,NOR,3.9,0.0
2021-22,31,371,Tanganga,DEF,TOT,4.2,0.0
2021-22,31,580,Kabak,DEF,NOR,4.3,0.0
2021-22,31,36,Hause,DEF,AVL,4.4,0.0
2021-22,31,567,Lyanco,DEF,SOU,4.4,0.0
2021-22,31,161,N Ferguson,DEF,CRY,4.5,0.0
2021-22,31,409,Ogbonna,DEF,WHU,4.9,0.0
2021-22,31,135,Chilwell,DEF,CHE,5.6,0.0
2021-22,31,653,Turns,DEF,BHA,4.0,0.004631517
2021-22,31,660,Quansah,DEF,LIV,4.0,0.004710034
2021-22,31,617,Ashby,DEF,WHU,4.0,0.00457607
2021-22,31,639,Daley-Campbell,DEF,LEI,4.0,0.003065971
2021-22,31,712,Offiah,DEF,BHA,4.0,0.00206679
2021-22,31,645,B Nelson,DEF,LEI,4.0,0.003008061
2021-22,31,682,Ekwah,DEF,WHU,4.0,0.004280508
2021-22,31,644,Alese,DEF,WHU,4.0,0.004268819
2021-22,31,598,Omole,DEF,TOT,3.9,0.004328698
2021-22,31,623,Welch,DEF,EVE,4.0,0.003447616
2021-22,31,709,Adaramola,DEF,CRY,4.0,0.003818126
2021-22,31,563,C Cresswell,DEF,LEE,4.0,0.010486499
2021-22,31,684,K Hayden,DEF,AVL,4.0,0.004169475
2021-22,31,670,Feeney,DEF,AVL,4.0,0.004044242
2021-22,31,608,Hjelde,DEF,LEE,4.0,0.0
2021-22,31,635,Bueno,DEF,WOL,4.0,0.003937917
2021-22,31,633,Morris,DEF,WAT,4.0,0.002340416
2021-22,31,657,Moore,DEF,LEE,4.0,0.003698116
2021-22,31,565,Dodgson,DEF,BUR,3.9,0.089401776
2021-22,31,534,B Thomas,DEF,BUR,3.9,0.278296445
2021-22,31,400,Ngakia,DEF,WAT,4.3,0.140383539
2021-22,31,233,Salah,MID,LIV,13.3,7.706488875
2021-22,31,359,Son,MID,TOT,10.9,5.708558499
2021-22,31,277,Fernandes,MID,MUN,11.6,5.30343229
2021-22,31,251,De Bruyne,MID,MCI,11.7,4.836706259
2021-22,31,230,Mane,MID,LIV,11.7,5.652091791
2021-22,31,681,Coutinho,MID,AVL,7.5,4.242910955
2021-22,31,141,Havertz,MID,CHE,7.8,4.49200947
2021-22,31,215,H Barnes,MID,LEI,6.5,2.973076821
2021-22,31,265,Foden,MID,MCI,7.9,4.198478665
2021-22,31,240,Jota,MID,LIV,8.3,5.189264954
2021-22,31,138,Mount,MID,CHE,7.5,4.353289197
2021-22,31,22,Saka,MID,ARS,6.7,3.181264232
2021-22,31,118,McNeil,MID,BUR,5.6,5.746224079
2021-22,31,210,Tielemans,MID,LEI,6.4,3.043557567
2021-22,31,212,Maddison,MID,LEI,6.7,3.200452928
2021-22,31,255,Sterling,MID,MCI,10.6,3.505974598
2021-22,31,485,Sancho,MID,MUN,8.9,4.070305102
2021-22,31,578,Cornet,MID,BUR,5.9,5.504999892
2021-22,31,254,Mahrez,MID,MCI,8.7,3.57765857
2021-22,31,261,B Silva,MID,MCI,7.2,3.778320622
2021-22,31,341,Ward-Prowse,MID,SOU,6.5,3.754447361
2021-22,31,154,Zaha,MID,CRY,6.8,1.539028855
2021-22,31,107,Westwood,MID,BUR,5.2,5.301808343
2021-22,31,558,Odegaard,MID,ARS,5.5,3.16842888
2021-22,31,420,Bowen,MID,WHU,6.8,1.440337961
2021-22,31,173,Doucoure,MID,EVE,5.3,5.84555828
2021-22,31,399,I Sarr,MID,WAT,5.7,2.878833832
2021-22,31,26,Martinelli,MID,ARS,5.3,2.560509062
2021-22,31,137,Pulisic,MID,CHE,7.9,2.901457852
2021-22,31,701,Kulusevski,MID,TOT,6.2,3.770767569
2021-22,31,64,Trossard,MID,BHA,5.9,4.078911071
2021-22,31,422,Soucek,MID,WHU,5.7,3.936445565
2021-22,31,196,Raphinha,MID,LEE,6.5,4.423460026
2021-22,31,144,Gallagher,MID,CRY,6.1,3.31036886
2021-22,31,115,Brownhill,MID,BUR,4.3,4.728971402
2021-22,31,484,D Gray,MID,EVE,5.5,4.889165569
2021-22,31,503,A Gordon,MID,EVE,4.5,4.795318143
2021-22,31,250,Gundogan,MID,MCI,7.1,2.819390045
2021-22,31,21,Smith Rowe,MID,ARS,5.7,2.899676042
2021-22,31,15,Partey,MID,ARS,5.0,2.621164558
2021-22,31,419,Benrahma,MID,WHU,5.9,3.77837528
2021-22,31,123,Jorginho,MID,CHE,5.8,2.812332894
2021-22,31,423,Fornals,MID,WHU,6.0,3.775078342
2021-22,31,339,S Armstrong,MID,SOU,5.8,3.166659536
2021-22,31,517,Elyounoussi,MID,SOU,5.4,3.003820971
2021-22,31,33,Grealish,MID,MCI,7.5,2.52843569
2021-22,31,96,Mbeumo,MID,BRE,5.2,2.546220152
2021-22,31,272,Pogba,MID,MUN,7.4,2.902334637
2021-22,31,281,Rashford,MID,MUN,9.4,3.069736424
2021-22,31,298,Fraser,MID,NEW,5.3,2.448345315
2021-22,31,282,van de Beek,MID,EVE,5.7,5.006034516
2021-22,31,19,Willock,MID,NEW,5.8,2.45705245
2021-22,31,130,Kante,MID,CHE,4.9,2.710285048
2021-22,31,266,Rodri,MID,MCI,5.5,2.811591367
2021-22,31,35,McGinn,MID,AVL,5.7,2.759940082
2021-22,31,7,Xhaka,MID,ARS,4.8,2.426434026
2021-22,31,575,Lennon,MID,BUR,4.9,4.148360097
2021-22,31,74,Mac Allister,MID,BHA,5.2,3.246998818
2021-22,31,505,Dewsbury-Hall,MID,LEI,4.4,2.223436885
2021-22,31,291,Shelvey,MID,NEW,5.3,2.063310077
2021-22,31,449,Rashica,MID,NOR,5.2,2.526847797
2021-22,31,51,J Ramsey,MID,AVL,4.8,2.689786125
2021-22,31,285,McTominay,MID,MUN,5.4,2.674357749
2021-22,31,232,Fabinho,MID,LIV,5.4,2.899361272
2021-22,31,464,Olise,MID,CRY,5.4,0.911122681
2021-22,31,365,Hojbjerg,MID,TOT,4.9,2.953169317
2021-22,31,699,Eriksen,MID,BRE,5.5,2.212314666
2021-22,31,421,Rice,MID,WHU,5.0,2.855610444
2021-22,31,416,Lanzini,MID,WHU,5.7,2.650369107
2021-22,31,696,Diaz,MID,LIV,8.0,2.5470697
2021-22,31,287,D James,MID,LEE,6.0,3.178268661
2021-22,31,188,Dallas,MID,LEE,4.9,3.120586984
2021-22,31,354,Sissoko,MID,WAT,4.4,2.120375618
2021-22,31,125,Kovacic,MID,CHE,5.0,2.325125702
2021-22,31,222,J Henderson,MID,LIV,5.0,2.754413122
2021-22,31,318,McLean,MID,NOR,4.9,2.323763787
2021-22,31,335,Romeu,MID,SOU,4.5,2.161569155
2021-22,31,55,Gross,MID,BHA,5.7,2.473433876
2021-22,31,438,Podence,MID,WOL,5.5,3.141404986
2021-22,31,155,Schlupp,MID,CRY,5.4,2.180564625
2021-22,31,131,Ziyech,MID,CHE,7.3,1.65281378
2021-22,31,702,Bentancur,MID,TOT,4.9,2.623795604
2021-22,31,267,Harrison,MID,LEE,5.5,2.895651461
2021-22,31,512,Elanga,MID,MUN,4.8,2.353022045
2021-22,31,50,Douglas Luiz,MID,AVL,4.4,2.311481753
2021-22,31,225,Thiago,MID,LIV,5.3,2.542077713
2021-22,31,363,Alli,MID,EVE,6.2,3.878527222
2021-22,31,81,Canos,MID,BRE,5.5,1.940728926
2021-22,31,697,Guimaraes,MID,NEW,4.9,2.036240742
2021-22,31,426,Moutinho,MID,WOL,4.9,2.807422939
2021-22,31,145,Gilmour,MID,NOR,4.3,2.077615973
2021-22,31,148,McArthur,MID,CRY,4.3,1.637177507
2021-22,31,77,Norgaard,MID,BRE,5.0,2.009832037
2021-22,31,304,Murphy,MID,NEW,4.7,1.547701197
2021-22,31,70,Bissouma,MID,BHA,4.4,2.368271325
2021-22,31,60,March,MID,BHA,5.3,2.107532697
2021-22,31,587,Lookman,MID,LEI,6.0,1.284449165
2021-22,31,84,Janelt,MID,BRE,4.9,1.897861553
2021-22,31,43,Buendia,MID,AVL,6.2,2.089170705
2021-22,31,75,Moder,MID,BHA,4.5,2.285456954
2021-22,31,202,Albrighton,MID,LEI,5.2,0.936924183
2021-22,31,434,Dendoncker,MID,WOL,4.7,2.855826341
2021-22,31,462,Mwepu,MID,BHA,5.9,1.842059783
2021-22,31,381,Cleverley,MID,WAT,4.8,1.735317477
2021-22,31,274,Fred,MID,MUN,4.9,1.839377803
2021-22,31,524,Wissa,MID,BRE,5.7,1.825927008
2021-22,31,86,Jensen,MID,BRE,4.9,1.735207072
2021-22,31,441,Neto,MID,WOL,6.4,1.902156722
2021-22,31,336,Redmond,MID,SOU,5.9,1.854822077
2021-22,31,171,Allan,MID,EVE,4.3,0.0
2021-22,31,581,Normann,MID,NOR,4.5,1.821505074
2021-22,31,174,Iwobi,MID,EVE,5.8,2.526964619
2021-22,31,191,K Phillips,MID,LEE,4.7,2.287820544
2021-22,31,403,Louza,MID,WAT,5.2,1.416452481
2021-22,31,203,N Mendy,MID,LEI,4.3,1.130915926
2021-22,31,53,Lallana,MID,BHA,5.3,0.0
2021-22,31,346,Tella,MID,SOU,4.7,0.708342747
2021-22,31,506,Elliott,MID,LIV,5.3,1.159968449
2021-22,31,17,Pepe,MID,ARS,6.9,1.424506356
2021-22,31,362,Lucas Moura,MID,TOT,6.1,2.030341348
2021-22,31,239,Keita,MID,LIV,5.0,0.745284598
2021-22,31,471,Lees-Melou,MID,NOR,4.8,1.601080574
2021-22,31,495,Kucka,MID,WAT,5.5,1.157115569
2021-22,31,436,Neves,MID,WOL,5.3,0.0
2021-22,31,373,Skipp,MID,TOT,4.4,0.0
2021-22,31,140,Hudson-Odoi,MID,CHE,5.3,0.0
2021-22,31,592,Saul,MID,CHE,4.9,0.889554839
2021-22,31,582,Vlasic,MID,WHU,5.6,2.006155739
2021-22,31,186,Klich,MID,LEE,5.2,2.112508205
2021-22,31,461,Trincao,MID,WOL,5.6,1.914886264
2021-22,31,453,Fernandinho,MID,MCI,4.7,0.476675388
2021-22,31,101,Cork,MID,BUR,4.4,0.687172574
2021-22,31,317,Rupp,MID,NOR,4.4,1.159771503
2021-22,31,308,Almiron,MID,NEW,5.1,0.824438226
2021-22,31,271,Matic,MID,MUN,4.3,0.567493704
2021-22,31,73,Alzate,MID,BHA,4.8,0.630551411
2021-22,31,276,Lingard,MID,MUN,6.7,0.576772051
2021-22,31,244,C Jones,MID,LIV,5.0,0.659279219
2021-22,31,369,Bergwijn,MID,TOT,5.9,1.442277291
2021-22,31,32,B Traore,MID,AVL,5.7,0.534210232
2021-22,31,132,Loftus-Cheek,MID,CHE,5.4,0.514112386
2021-22,31,211,Perez,MID,LEI,5.7,0.299404707
2021-22,31,492,Bailey,MID,AVL,6.3,1.141155523
2021-22,31,386,W Hughes,MID,CRY,4.7,1.11985355
2021-22,31,328,Placheta,MID,NOR,4.7,1.393681003
2021-22,31,412,Yarmolenko,MID,WHU,5.1,1.422307357
2021-22,31,221,Milner,MID,LIV,4.9,0.573916885
2021-22,31,458,Soumare,MID,LEI,4.8,0.309531893
2021-22,31,366,Winks,MID,TOT,4.4,0.791459747
2021-22,31,459,Mata,MID,MUN,4.7,0.180454433
2021-22,31,309,S Longstaff,MID,NEW,4.4,0.162317579
2021-22,31,214,Choudhury,MID,LEI,4.4,0.306036395
2021-22,31,42,El Ghazi,MID,EVE,5.6,0.53195625
2021-22,31,478,Lokonga,MID,ARS,4.8,0.166536557
2021-22,31,332,Walcott,MID,SOU,5.8,0.092668572
2021-22,31,350,Djenepo,MID,SOU,5.2,0.087852779
2021-22,31,347,Smallbone,MID,SOU,4.5,0.039782359
2021-22,31,227,Chamberlain,MID,LIV,5.8,0.199277184
2021-22,31,538,Caicedo,MID,BHA,4.5,0.0
2021-22,31,160,Eze,MID,CRY,5.9,0.712137328
2021-22,31,507,Palmer,MID,MCI,4.5,0.025584168
2021-22,31,124,Barkley,MID,CHE,5.2,0.005608828
2021-22,31,405,Baah,MID,WAT,4.3,0.0
2021-22,31,609,Anderson,MID,NEW,4.5,0.003896848
2021-22,31,692,Hutchinson,MID,ARS,4.5,0.003919494
2021-22,31,629,McAtee,MID,MCI,4.4,0.002291647
2021-22,31,625,K Gordon,MID,LIV,4.5,0.004734294
2021-22,31,216,Ndidi,MID,LEI,4.8,0.0
2021-22,31,193,T Roberts,MID,LEE,4.8,0.0
2021-22,31,482,Townsend,MID,EVE,5.2,0.0
2021-22,31,82,Dasilva,MID,BRE,5.3,0.0
2021-22,31,289,M Greenwood,MID,MUN,7.1,0.0
2021-22,31,102,D Stephens,MID,BUR,4.4,0.037526738
2021-22,31,12,Elneny,MID,ARS,4.4,0.03879116
2021-22,31,706,Mejbri,MID,MUN,4.5,0.003988542
2021-22,31,508,Edozie,MID,MCI,4.7,0.002066611
2021-22,31,613,Whitaker,MID,EVE,4.5,0.003785224
2021-22,31,671,Hall,MID,CHE,4.5,0.002045346
2021-22,31,672,Vale,MID,CHE,4.5,0.002024946
2021-22,31,654,Leonard,MID,BHA,4.5,0.00194166
2021-22,31,693,Oulad,MID,ARS,4.5,0.003680836
2021-22,31,634,Perkins,MID,WHU,4.5,0.00429522
2021-22,31,714,Devine,MID,TOT,4.5,0.004269405
2021-22,31,707,De Bolle,MID,NEW,4.5,0.003546555
2021-22,31,652,Oko-Flex,MID,WHU,4.4,0.004176607
2021-22,31,668,H White,MID,TOT,4.4,0.004228911
2021-22,31,605,Lavia,MID,MCI,4.4,0.001874788
2021-22,31,662,Peart-Harris,MID,BRE,4.5,0.001719782
2021-22,31,646,Brunt,MID,LEI,4.5,0.003350774
2021-22,31,664,Patino,MID,ARS,4.5,0.003475918
2021-22,31,630,Onyango,MID,EVE,4.5,0.00331462
2021-22,31,680,Chauke,MID,SOU,4.5,0.003481313
2021-22,31,614,Maghoma,MID,BRE,4.5,0.00164792
2021-22,31,710,Chesters,MID,WHU,4.5,0.003888067
2021-22,31,628,Haygarth,MID,BRE,4.5,0.001636159
2021-22,31,543,Banks,MID,CRY,4.5,0.003790701
2021-22,31,687,Giles,MID,WOL,4.5,0.001929017
2021-22,31,79,Fosu,MID,BRE,5.1,0.003605819
2021-22,31,551,Summerville,MID,LEE,4.5,0.026424289
2021-22,31,620,Morton,MID,LIV,4.5,0.003946192
2021-22,31,631,Jenkins,MID,LEE,4.5,0.001837609
2021-22,31,541,Rak-Sakyi,MID,CRY,4.4,0.003667475
2021-22,31,108,Gudmundsson,MID,BUR,5.4,0.0
2021-22,31,548,Campbell,MID,WOL,4.4,0.001740424
2021-22,31,612,Sarmiento,MID,BHA,4.5,0.020328992
2021-22,31,683,Gibbs,MID,NOR,4.5,0.003499515
2021-22,31,703,Chrisene,MID,AVL,4.5,0.003609805
2021-22,31,601,McKinstry,MID,LEE,4.3,0.00379184
2021-22,31,638,Iroegbunam,MID,AVL,4.5,0.003525538
2021-22,31,658,Archie Gray,MID,LEE,4.5,0.003660489
2021-22,31,713,O'Reilly,MID,AVL,4.5,0.003510776
2021-22,31,624,Bate,MID,LEE,4.5,0.003582846
2021-22,31,600,Kenneh,MID,LEE,4.4,0.003494341
2021-22,31,163,Delph,MID,EVE,4.3,0.016760602
2021-22,31,157,Riedewald,MID,CRY,4.7,0.019625371
2021-22,31,236,Minamino,MID,LIV,5.1,0.192746481
2021-22,31,576,McCarron,MID,LEE,4.4,0.022576582
2021-22,31,589,Kral,MID,WHU,4.4,0.041465692
2021-22,31,528,Tzolis,MID,NOR,4.8,0.163595396
2021-22,31,698,Kalu,MID,WAT,4.9,0.386634272
2021-22,31,85,Ghoddos,MID,BRE,5.3,0.46826702
2021-22,31,679,Kayembe,MID,WAT,4.6,0.625710526
2021-22,31,323,Dowell,MID,NOR,5.1,0.407959337
2021-22,31,172,Gomes,MID,EVE,4.9,0.316840511
2021-22,31,552,Forshaw,MID,LEE,4.5,1.801048019
2021-22,31,526,Chukwuemeka,MID,AVL,4.5,0.07869155
2021-22,31,391,Sema,MID,WAT,5.2,0.302010069
2021-22,31,406,Noble,MID,WHU,4.4,0.333129801
2021-22,31,349,I Diallo,MID,SOU,4.5,0.526022867
2021-22,31,499,S Baptiste,MID,BRE,4.9,0.300006415
2021-22,31,479,Onyeka,MID,BRE,4.9,0.283183981
2021-22,31,197,Shackleton,MID,LEE,4.4,0.0
2021-22,31,41,Nakamba,MID,AVL,4.4,0.307169011
2021-22,31,547,Cundle,MID,WOL,4.4,0.552403477
2021-22,31,467,Etebo,MID,WAT,4.3,0.274227101
2021-22,31,152,Milivojevic,MID,CRY,5.3,0.56716469
2021-22,31,34,Sanson,MID,AVL,5.0,0.337223238
2021-22,31,648,Rowe,MID,NOR,4.4,1.214747005
2021-22,31,689,Chiquinho,MID,WOL,5.5,0.917790847
2021-22,31,357,Kane,FWD,TOT,12.4,5.963777227
2021-22,31,177,Calvert-Lewin,FWD,EVE,7.7,7.191132714
2021-22,31,579,Ronaldo,FWD,MUN,12.2,4.967613033
2021-22,31,700,Weghorst,FWD,BUR,6.5,6.314016591
2021-22,31,6,Lacazette,FWD,ARS,8.4,3.750298809
2021-22,31,180,Richarlison,FWD,EVE,7.5,6.311119322
2021-22,31,345,Adams,FWD,SOU,7.0,4.079334759
2021-22,31,109,Wood,FWD,NEW,6.7,3.309016977
2021-22,31,413,Antonio,FWD,WHU,7.5,4.277465391
2021-22,31,40,Watkins,FWD,AVL,7.5,3.203666273
2021-22,31,315,Pukki,FWD,NOR,5.8,3.154232661
2021-22,31,205,Vardy,FWD,LEI,10.3,0.0
2021-22,31,63,Maupay,FWD,BHA,6.5,4.012608353
2021-22,31,78,Toney,FWD,BRE,6.6,2.801365685
2021-22,31,213,Iheanacho,FWD,LEI,6.9,3.078161709
2021-22,31,307,Saint-Maximin,FWD,NEW,6.8,2.894895555
2021-22,31,263,Jesus,FWD,MCI,8.4,2.216358734
2021-22,31,450,Dennis,FWD,WAT,6.0,2.496795097
2021-22,31,518,Broja,FWD,SOU,5.5,3.136259802
2021-22,31,529,Lukaku,FWD,CHE,11.4,2.603082606
2021-22,31,104,Jay Rodriguez,FWD,BUR,5.2,4.351846168
2021-22,31,228,Firmino,FWD,LIV,8.7,3.100560393
2021-22,31,159,Mateta,FWD,CRY,5.2,3.215261075
2021-22,31,337,Ings,FWD,AVL,7.7,2.633312868
2021-22,31,447,Welbeck,FWD,BHA,5.9,3.269782231
2021-22,31,468,King,FWD,WAT,5.7,2.189240763
2021-22,31,455,Daka,FWD,LEI,7.1,2.216219482
2021-22,31,187,Rodrigo,FWD,LEE,6.2,3.064428193
2021-22,31,516,Sargent,FWD,NOR,5.4,0.914051049
2021-22,31,310,Joelinton,FWD,NEW,5.8,2.063782457
2021-22,31,134,Werner,FWD,CHE,8.6,1.831350773
2021-22,31,430,Jimenez,FWD,WOL,7.6,0.0
2021-22,31,583,Hwang,FWD,WOL,5.4,2.916876317
2021-22,31,296,Wilson,FWD,NEW,7.2,0.0
2021-22,31,153,Ayew,FWD,CRY,5.8,2.353160625
2021-22,31,404,Joao Pedro,FWD,WAT,5.4,1.377175711
2021-22,31,105,A Barnes,FWD,BUR,5.2,2.840893801
2021-22,31,586,Edouard,FWD,CRY,6.3,1.926135377
2021-22,31,111,Vydra,FWD,BUR,5.2,0.234584628
2021-22,31,525,A Armstrong,FWD,SOU,5.7,0.603213802
2021-22,31,269,Cavani,FWD,MUN,8.4,0.0
2021-22,31,149,Benteke,FWD,CRY,6.0,0.805304627
2021-22,31,472,Cucho,FWD,WAT,5.0,0.640889005
2021-22,31,20,Nketiah,FWD,ARS,5.4,1.370723053
2021-22,31,235,Origi,FWD,LIV,4.8,0.109230574
2021-22,31,300,Gayle,FWD,NEW,5.2,0.042031371
2021-22,31,445,F Silva,FWD,WOL,5.6,1.864868111
2021-22,31,591,Rondon,FWD,EVE,6.0,0.043327321
2021-22,31,533,Richardson,FWD,BUR,4.5,0.003670063
2021-22,31,329,Idah,FWD,NOR,4.9,0.0
2021-22,31,189,Bamford,FWD,LEE,7.7,0.0
2021-22,31,704,Delap,FWD,MCI,4.5,0.002110132
2021-22,31,622,Tosun,FWD,EVE,5.0,0.003829506
2021-22,31,655,E Ferguson,FWD,BHA,4.5,0.001884189
2021-22,31,663,Kayky,FWD,MCI,5.0,0.001879428
2021-22,31,694,Biereth,FWD,ARS,4.5,0.003542131
2021-22,31,640,Young-Coombes,FWD,BRE,4.5,0.001661535
2021-22,31,607,Dobbin,FWD,EVE,4.5,0.003276884
2021-22,31,520,Scarlett,FWD,TOT,4.5,0.021891623
2021-22,31,519,S Long,FWD,SOU,5.4,1.038036209
2021-22,31,550,S Greenwood,FWD,LEE,4.5,0.01893717
2021-22,31,577,Gelhardt,FWD,LEE,4.6,1.083506417
2021-22,32,559,Ramsdale,GK,ARS,5.1,4.629013726
2021-22,32,112,Pope,GK,BUR,5.4,4.326482844
2021-22,32,143,E Mendy,GK,CHE,6.1,3.740459962
2021-22,32,257,Ederson,GK,MCI,6.1,3.525782147
2021-22,32,200,Schmeichel,GK,LEI,4.8,3.535003199
2021-22,32,231,Alisson,GK,LIV,6.0,3.463282373
2021-22,32,270,de Gea,GK,MUN,5.1,3.754863426
2021-22,32,353,Lloris,GK,TOT,5.4,3.585227166
2021-22,32,295,Dubravka,GK,NEW,4.4,3.929389142
2021-22,32,69,R Sanchez,GK,BHA,4.6,3.325039731
2021-22,32,170,Pickford,GK,EVE,4.9,3.097452133
2021-22,32,30,Martinez,GK,AVL,5.5,3.403981142
2021-22,32,146,Guaita,GK,CRY,4.6,2.970110618
2021-22,32,408,Fabianski,GK,WHU,5.0,3.432579786
2021-22,32,475,Sa,GK,WOL,5.3,3.635985201
2021-22,32,80,Raya,GK,BRE,4.3,3.41589849
2021-22,32,314,Krul,GK,NOR,4.5,3.483600416
2021-22,32,199,Meslier,GK,LEE,4.8,3.564978549
2021-22,32,376,Foster,GK,WAT,4.1,2.860424074
2021-22,32,334,McCarthy,GK,SOU,4.3,0.303800548
2021-22,32,333,Forster,GK,SOU,4.4,2.711193763
2021-22,32,389,Bachmann,GK,WAT,4.1,0.281250305
2021-22,32,156,Butland,GK,CRY,4.4,0.369729452
2021-22,32,129,Kepa,GK,CHE,4.6,0.146784499
2021-22,32,489,Areola,GK,WHU,4.7,0.179962697
2021-22,32,480,Hennessey,GK,BUR,4.5,0.101504687
2021-22,32,448,Gunn,GK,NOR,4.0,0.166738554
2021-22,32,280,D Henderson,GK,MUN,4.7,0.094289084
2021-22,32,294,Darlow,GK,NEW,4.5,0.101593523
2021-22,32,242,Kelleher,GK,LIV,4.3,0.078445298
2021-22,32,1,Leno,GK,ARS,4.5,0.087971796
2021-22,32,260,Steffen,GK,MCI,4.4,0.066968738
2021-22,32,486,Gollini,GK,TOT,4.2,0.068059413
2021-22,32,204,D Ward,GK,LEI,4.0,0.06445817
2021-22,32,54,Steele,GK,BHA,4.0,0.063819872
2021-22,32,691,Olsen,GK,AVL,4.0,0.067369195
2021-22,32,481,Begovic,GK,EVE,4.0,0.055908207
2021-22,32,673,Lossl,GK,BRE,4.5,0.065065454
2021-22,32,452,Ruddy,GK,WOL,4.3,0.069142881
2021-22,32,490,Klaesson,GK,LEE,4.3,0.069773978
2021-22,32,641,Caballero,GK,SOU,4.2,0.010933883
2021-22,32,606,Bettinelli,GK,CHE,4.0,0.007776231
2021-22,32,593,Carson,GK,MCI,3.9,0.007120225
2021-22,32,114,Norris,GK,BUR,4.3,0.00800296
2021-22,32,509,Heaton,GK,MUN,3.9,0.007356354
2021-22,32,573,Jakupovic,GK,LEI,3.9,0.00698373
2021-22,32,561,Matthews,GK,CRY,3.9,0.006776683
2021-22,32,688,McGill,GK,BHA,4.0,0.006301294
2021-22,32,556,A Fernandez,GK,BRE,4.5,0.007130863
2021-22,32,407,Randolph,GK,WHU,4.3,0.00647514
2021-22,32,572,Okonkwo,GK,ARS,3.9,0.004152539
2021-22,32,571,Lonergan,GK,EVE,4.0,0.005677503
2021-22,32,574,Elliot,GK,WAT,4.0,0.006085897
2021-22,32,313,McGovern,GK,NOR,3.9,0.006822394
2021-22,32,596,Sinisalo,GK,AVL,4.0,0.005681631
2021-22,32,656,Pitaluga,GK,LIV,4.0,0.002461216
2021-22,32,666,McCracken,GK,NOR,4.0,0.006185219
2021-22,32,619,Cox,GK,BRE,4.0,0.003183471
2021-22,32,708,Waller,GK,BUR,4.0,0.004253921
2021-22,32,223,Adrian,GK,LIV,4.3,0.000668036
2021-22,32,514,Gillespie,GK,NEW,3.9,0.000811674
2021-22,32,615,Slicker,GK,MCI,4.0,0.000641945
2021-22,32,616,Tyrer,GK,EVE,4.0,0.000529294
2021-22,32,637,H Lewis,GK,SOU,3.9,0.003593866
2021-22,32,642,Angelini,GK,WAT,4.0,0.000549335
2021-22,32,659,Austin,GK,TOT,4.0,0.004055157
2021-22,32,621,Storer,GK,WOL,4.0,0.003995877
2021-22,32,256,Cancelo,DEF,MCI,7.0,3.517266515
2021-22,32,237,Trent,DEF,LIV,8.4,3.304838136
2021-22,32,142,R James,DEF,CHE,6.2,3.722980381
2021-22,32,234,Robertson,DEF,LIV,7.3,2.729037326
2021-22,32,127,Rudiger,DEF,CHE,6.1,3.487344295
2021-22,32,23,Gabriel,DEF,ARS,5.3,4.223659109
2021-22,32,259,Laporte,DEF,MCI,5.8,3.077801062
2021-22,32,229,van Dijk,DEF,LIV,6.8,2.530731178
2021-22,32,121,T Silva,DEF,CHE,5.7,3.097635623
2021-22,32,67,B White,DEF,ARS,4.6,3.962097505
2021-22,32,262,Dias,DEF,MCI,6.1,1.826406082
2021-22,32,360,Doherty,DEF,TOT,4.9,3.412194808
2021-22,32,98,Tarkowski,DEF,BUR,4.9,3.680385872
2021-22,32,585,C Roberts,DEF,BUR,4.4,3.59434228
2021-22,32,113,Taylor,DEF,BUR,4.4,3.487460781
2021-22,32,201,Evans,DEF,LEI,5.4,2.904996516
2021-22,32,224,Matip,DEF,LIV,5.0,2.025455046
2021-22,32,555,Varane,DEF,MUN,5.5,3.368234013
2021-22,32,119,Azpilicueta,DEF,CHE,5.6,2.491760582
2021-22,32,466,Tavares,DEF,ARS,4.3,3.663881873
2021-22,32,106,Mee,DEF,BUR,4.7,1.341827742
2021-22,32,168,Digne,DEF,AVL,5.1,3.116870105
2021-22,32,361,Dier,DEF,TOT,4.6,2.962712104
2021-22,32,39,Targett,DEF,NEW,4.7,3.486671721
2021-22,32,364,Ben T Davies,DEF,TOT,4.4,2.910650677
2021-22,32,249,Walker,DEF,MCI,5.4,2.273446266
2021-22,32,209,Castagne,DEF,LEI,5.3,2.640393213
2021-22,32,217,Soyuncu,DEF,LEI,4.9,2.737954788
2021-22,32,488,Andersen,DEF,CRY,4.5,2.730864175
2021-22,32,220,Fofana,DEF,LEI,4.3,2.78763266
2021-22,32,411,A Cresswell,DEF,WHU,5.4,3.518622373
2021-22,32,305,Schar,DEF,NEW,4.3,3.269366455
2021-22,32,494,Romero,DEF,TOT,4.8,2.70369261
2021-22,32,162,Mitchell,DEF,CRY,4.5,2.667428254
2021-22,32,343,Bednarek,DEF,SOU,4.4,2.603482188
2021-22,32,584,Cucurella,DEF,BHA,5.0,2.677003729
2021-22,32,5,Cedric,DEF,ARS,4.2,3.705721771
2021-22,32,59,Dunk,DEF,BHA,4.8,2.724316022
2021-22,32,44,Cash,DEF,AVL,5.3,2.833008123
2021-22,32,477,Guehi,DEF,CRY,4.5,2.574790387
2021-22,32,342,Walker-Peters,DEF,SOU,4.8,2.496011762
2021-22,32,273,Maguire,DEF,MUN,5.4,2.876225337
2021-22,32,275,Shaw,DEF,MUN,5.0,1.94661817
2021-22,32,252,Stones,DEF,MCI,5.2,2.173601458
2021-22,32,58,Burn,DEF,NEW,4.4,3.044141162
2021-22,32,38,Mings,DEF,AVL,5.0,2.704506037
2021-22,32,128,Zouma,DEF,WHU,5.4,3.195743146
2021-22,32,414,Dawson,DEF,WHU,4.9,3.198500673
2021-22,32,218,Justin,DEF,LEI,4.9,2.075276502
2021-22,32,207,R Pereira,DEF,LEI,5.2,2.04690635
2021-22,32,122,Alonso,DEF,CHE,5.5,1.743459361
2021-22,32,370,Reguilon,DEF,TOT,5.2,2.104599288
2021-22,32,351,Salisu,DEF,SOU,4.5,2.276134918
2021-22,32,165,Coleman,DEF,EVE,4.9,2.17448198
2021-22,32,676,H Kamara,DEF,WAT,4.5,2.986271194
2021-22,32,491,Livramento,DEF,SOU,4.4,1.980688922
2021-22,32,61,Webster,DEF,BHA,4.3,0.393023126
2021-22,32,62,Veltman,DEF,BHA,4.2,2.38580628
2021-22,32,91,Pinnock,DEF,BRE,4.4,3.068739801
2021-22,32,264,Zinchenko,DEF,MCI,5.3,1.400539634
2021-22,32,437,Semedo,DEF,WOL,4.8,2.703928638
2021-22,32,179,Godfrey,DEF,EVE,4.7,2.254941103
2021-22,32,169,Keane,DEF,EVE,4.7,2.166008397
2021-22,32,76,Jansson,DEF,BRE,4.4,2.933315631
2021-22,32,288,Wan-Bissaka,DEF,MUN,5.1,1.761036077
2021-22,32,510,Dalot,DEF,MUN,4.2,1.746756683
2021-22,32,150,Kouyate,DEF,CRY,4.5,1.680347181
2021-22,32,45,Konsa,DEF,AVL,4.9,1.958811259
2021-22,32,429,Coady,DEF,WOL,4.9,3.041713335
2021-22,32,431,Saiss,DEF,WOL,5.0,2.916121263
2021-22,32,677,Samir,DEF,WAT,4.5,2.646362755
2021-22,32,83,Henry,DEF,BRE,4.5,2.786533934
2021-22,32,382,Femenia,DEF,WAT,4.3,2.56017805
2021-22,32,319,Hanley,DEF,NOR,4.4,3.090579063
2021-22,32,133,Christensen,DEF,CHE,4.6,1.208627656
2021-22,32,527,T Chalobah,DEF,CHE,4.7,1.113910894
2021-22,32,368,Sessegnon,DEF,TOT,4.3,1.100712802
2021-22,32,379,Cathcart,DEF,WAT,4.3,2.359346609
2021-22,32,590,Tomiyasu,DEF,ARS,4.5,0.0
2021-22,32,71,Lamptey,DEF,BHA,4.5,2.11487538
2021-22,32,483,Ajer,DEF,BRE,4.4,2.573259319
2021-22,32,474,J Ward,DEF,CRY,4.5,1.350347568
2021-22,32,178,Holgate,DEF,EVE,4.2,2.070455459
2021-22,32,279,Telles,DEF,MUN,5.0,1.768617061
2021-22,32,456,Gibson,DEF,NOR,4.4,2.943454233
2021-22,32,185,Ayling,DEF,LEE,4.3,2.90946317
2021-22,32,588,Emerson R,DEF,TOT,4.5,1.271494277
2021-22,32,502,Kenny,DEF,EVE,4.4,1.756257569
2021-22,32,418,Coufal,DEF,WHU,4.7,0.880179984
2021-22,32,303,Krafth,DEF,NEW,4.3,1.682065435
2021-22,32,175,Mina,DEF,EVE,4.9,0.0
2021-22,32,302,Manquillo,DEF,NEW,3.9,1.646669456
2021-22,32,460,Perraud,DEF,SOU,4.8,0.975732011
2021-22,32,493,Clyne,DEF,CRY,4.3,1.155610666
2021-22,32,299,Lascelles,DEF,NEW,4.4,1.713253288
2021-22,32,425,Johnson,DEF,WHU,3.9,2.176617323
2021-22,32,284,Lindelof,DEF,MUN,4.8,1.002641276
2021-22,32,367,D Sanchez,DEF,TOT,4.3,0.891043904
2021-22,32,470,Ait-Nouri,DEF,WOL,4.3,1.868353126
2021-22,32,678,Trippier,DEF,NEW,4.9,0.160509371
2021-22,32,501,M Sarr,DEF,CHE,4.9,0.719129685
2021-22,32,10,Chambers,DEF,AVL,4.2,1.090282927
2021-22,32,326,Aarons,DEF,NOR,4.3,0.709323892
2021-22,32,439,Kilman,DEF,WOL,4.6,1.919768159
2021-22,32,219,L Thomas,DEF,LEI,4.3,0.898289433
2021-22,32,428,Boly,DEF,WOL,4.9,1.723544578
2021-22,32,451,Collins,DEF,BUR,4.3,2.312764493
2021-22,32,14,Holding,DEF,ARS,4.1,1.12871244
2021-22,32,243,Konate,DEF,LIV,5.1,0.552810441
2021-22,32,258,Ake,DEF,MCI,4.7,0.558676771
2021-22,32,190,Llorente,DEF,LEE,4.5,2.215388325
2021-22,32,245,Tsimikas,DEF,LIV,3.7,0.406673831
2021-22,32,238,Gomez,DEF,LIV,4.7,0.162364628
2021-22,32,324,Zimmermann,DEF,NOR,4.4,1.869781227
2021-22,32,56,Duffy,DEF,BHA,4.1,1.252499171
2021-22,32,675,Mykolenko,DEF,EVE,4.9,1.227240399
2021-22,32,321,Byram,DEF,NOR,4.4,2.400082552
2021-22,32,432,Marcal,DEF,WOL,4.2,1.204581954
2021-22,32,184,Cooper,DEF,LEE,4.4,1.675439685
2021-22,32,292,Ritchie,DEF,NEW,4.9,0.755678215
2021-22,32,433,Jonny,DEF,WOL,4.5,0.984786741
2021-22,32,290,B Williams,DEF,NOR,3.9,1.067749441
2021-22,32,198,Struijk,DEF,LEE,4.3,1.821024586
2021-22,32,110,Lowton,DEF,BUR,4.4,0.352750311
2021-22,32,208,Amartey,DEF,LEI,4.0,0.289751788
2021-22,32,567,Lyanco,DEF,SOU,4.4,0.186086522
2021-22,32,384,Kabasele,DEF,WAT,4.3,0.408335778
2021-22,32,147,Tomkins,DEF,CRY,4.3,0.202350801
2021-22,32,424,Diop,DEF,WHU,4.2,0.334290635
2021-22,32,89,Roerslev,DEF,BRE,4.1,0.792129456
2021-22,32,594,Zanka,DEF,BRE,4.5,0.378547848
2021-22,32,390,Masina,DEF,WAT,4.3,0.266333823
2021-22,32,99,Bardsley,DEF,BUR,3.9,0.239744481
2021-22,32,100,Pieters,DEF,BUR,4.1,0.0
2021-22,32,338,J Stephens,DEF,SOU,4.4,0.293331893
2021-22,32,90,M Sorensen,DEF,BRE,4.3,0.253065038
2021-22,32,327,J Sorensen,DEF,NOR,4.3,0.3062689
2021-22,32,465,F Fernandez,DEF,NEW,4.3,0.098506978
2021-22,32,473,Bertrand,DEF,LEI,4.6,0.078005954
2021-22,32,286,Bailly,DEF,MUN,4.9,0.076025824
2021-22,32,340,Vestergaard,DEF,LEI,4.7,0.071259773
2021-22,32,301,Dummett,DEF,NEW,4.5,0.083385921
2021-22,32,151,Kelly,DEF,CRY,3.8,0.062725632
2021-22,32,463,Firpo,DEF,LEE,4.7,0.217015987
2021-22,32,618,Nkoulou,DEF,WAT,4.4,0.113300372
2021-22,32,632,P Jones,DEF,MUN,4.5,0.038910046
2021-22,32,457,Giannoulis,DEF,NOR,4.4,0.298592344
2021-22,32,247,R Williams,DEF,LIV,4.4,0.025977646
2021-22,32,374,Rodon,DEF,TOT,4.2,0.034575429
2021-22,32,158,Jach,DEF,CRY,4.2,0.031289027
2021-22,32,396,Sierralta,DEF,WAT,4.3,0.062128796
2021-22,32,417,Masuaku,DEF,WHU,4.4,0.388668626
2021-22,32,194,Koch,DEF,LEE,4.3,1.412850558
2021-22,32,400,Ngakia,DEF,WAT,4.2,0.284586712
2021-22,32,544,Branthwaite,DEF,EVE,4.0,0.029854414
2021-22,32,667,Small,DEF,SOU,4.0,0.025885896
2021-22,32,387,Troost-Ekong,DEF,WAT,4.3,0.056213834
2021-22,32,103,K Long,DEF,BUR,4.0,0.079417619
2021-22,32,685,Toti,DEF,WOL,4.5,0.033611331
2021-22,32,443,Hoever,DEF,WOL,3.9,0.238321841
2021-22,32,446,Mosquera,DEF,WOL,4.4,0.030754523
2021-22,32,643,Tomkinson,DEF,NOR,4.0,0.029618745
2021-22,32,569,Stevens,DEF,BRE,3.9,0.011132051
2021-22,32,560,H Roberts,DEF,BHA,3.9,0.004741202
2021-22,32,565,Dodgson,DEF,BUR,3.9,0.003338707
2021-22,32,546,Valery,DEF,SOU,3.9,0.004348921
2021-22,32,534,B Thomas,DEF,BUR,3.9,0.003065712
2021-22,32,554,J Baptiste,DEF,WHU,3.9,0.005569629
2021-22,32,540,Hannam,DEF,CRY,3.9,0.00441329
2021-22,32,711,Swanson,DEF,ARS,4.0,0.004562202
2021-22,32,415,Fredericks,DEF,WHU,4.4,0.260543637
2021-22,32,690,Kenedy,DEF,CHE,4.5,0.002403852
2021-22,32,705,Awe,DEF,ARS,4.0,0.004414422
2021-22,32,610,Bogarde,DEF,AVL,4.0,0.004628096
2021-22,32,639,Daley-Campbell,DEF,LEI,4.0,0.004015935
2021-22,32,604,Wilson-Esbrand,DEF,MCI,3.9,0.001995979
2021-22,32,645,B Nelson,DEF,LEI,4.0,0.003945156
2021-22,32,603,Mbete,DEF,MCI,3.9,0.001983679
2021-22,32,651,Egan-Riley,DEF,MCI,4.0,0.001952681
2021-22,32,626,Bradley,DEF,LIV,4.0,0.003497074
2021-22,32,627,Beck,DEF,LIV,4.0,0.003450041
2021-22,32,719,Ogungbo,DEF,ARS,4.0,0.002002808
2021-22,32,660,Quansah,DEF,LIV,4.0,0.003428322
2021-22,32,331,Omobamidele,DEF,NOR,3.9,0.0
2021-22,32,674,Patterson,DEF,EVE,4.2,0.0
2021-22,32,371,Tanganga,DEF,TOT,4.2,0.0
2021-22,32,580,Kabak,DEF,NOR,4.3,0.0
2021-22,32,36,Hause,DEF,AVL,4.4,0.0
2021-22,32,161,N Ferguson,DEF,CRY,4.5,0.0
2021-22,32,409,Ogbonna,DEF,WHU,4.9,0.0
2021-22,32,16,Tierney,DEF,ARS,5.1,0.0
2021-22,32,135,Chilwell,DEF,CHE,5.6,0.0
2021-22,32,653,Turns,DEF,BHA,4.0,0.003521596
2021-22,32,712,Offiah,DEF,BHA,4.0,0.001649161
2021-22,32,598,Omole,DEF,TOT,3.9,0.003794534
2021-22,32,617,Ashby,DEF,WHU,4.0,0.004120255
2021-22,32,709,Adaramola,DEF,CRY,4.0,0.003668
2021-22,32,623,Welch,DEF,EVE,4.0,0.001644825
2021-22,32,682,Ekwah,DEF,WHU,4.0,0.003883379
2021-22,32,644,Alese,DEF,WHU,4.0,0.003873299
2021-22,32,633,Morris,DEF,WAT,4.0,0.003583071
2021-22,32,684,K Hayden,DEF,AVL,4.0,0.003696134
2021-22,32,563,C Cresswell,DEF,LEE,4.0,0.009959286
2021-22,32,670,Feeney,DEF,AVL,4.0,0.003540074
2021-22,32,635,Bueno,DEF,WOL,4.0,0.003875311
2021-22,32,608,Hjelde,DEF,LEE,4.0,0.003649833
2021-22,32,657,Moore,DEF,LEE,4.0,0.003617958
2021-22,32,52,Young,DEF,AVL,4.7,0.899882682
2021-22,32,233,Salah,MID,LIV,13.3,4.112028294
2021-22,32,359,Son,MID,TOT,10.9,4.852673291
2021-22,32,277,Fernandes,MID,MUN,11.6,4.839746871
2021-22,32,215,H Barnes,MID,LEI,6.6,3.958871043
2021-22,32,212,Maddison,MID,LEI,6.8,3.969908782
2021-22,32,251,De Bruyne,MID,MCI,11.7,3.961114482
2021-22,32,230,Mane,MID,LIV,11.7,3.063907399
2021-22,32,265,Foden,MID,MCI,7.8,3.660240538
2021-22,32,22,Saka,MID,ARS,6.8,3.938913429
2021-22,32,210,Tielemans,MID,LEI,6.4,3.525067488
2021-22,32,681,Coutinho,MID,AVL,7.3,4.365534843
2021-22,32,141,Havertz,MID,CHE,7.9,3.642081814
2021-22,32,240,Jota,MID,LIV,8.3,2.840819092
2021-22,32,138,Mount,MID,CHE,7.5,3.386805619
2021-22,32,255,Sterling,MID,MCI,10.5,3.083618004
2021-22,32,154,Zaha,MID,CRY,6.8,3.378737725
2021-22,32,558,Odegaard,MID,ARS,5.5,3.547905715
2021-22,32,485,Sancho,MID,MUN,8.9,3.723380525
2021-22,32,254,Mahrez,MID,MCI,8.7,3.229506617
2021-22,32,420,Bowen,MID,WHU,6.8,4.116678428
2021-22,32,341,Ward-Prowse,MID,SOU,6.4,3.368294301
2021-22,32,399,I Sarr,MID,WAT,5.7,4.384351873
2021-22,32,261,B Silva,MID,MCI,7.1,3.196056736
2021-22,32,26,Martinelli,MID,ARS,5.3,3.388713957
2021-22,32,701,Kulusevski,MID,TOT,6.3,3.14467674
2021-22,32,578,Cornet,MID,BUR,5.9,3.373211568
2021-22,32,137,Pulisic,MID,CHE,7.9,2.281764913
2021-22,32,144,Gallagher,MID,CRY,6.1,3.184988472
2021-22,32,21,Smith Rowe,MID,ARS,5.7,2.978343888
2021-22,32,64,Trossard,MID,BHA,5.9,2.907851629
2021-22,32,107,Westwood,MID,BUR,5.2,2.991072383
2021-22,32,196,Raphinha,MID,LEE,6.5,4.276256383
2021-22,32,250,Gundogan,MID,MCI,7.1,2.519312249
2021-22,32,173,Doucoure,MID,EVE,5.3,2.945037965
2021-22,32,422,Soucek,MID,WHU,5.7,3.492023673
2021-22,32,96,Mbeumo,MID,BRE,5.2,3.46620874
2021-22,32,15,Partey,MID,ARS,5.0,1.703829161
2021-22,32,123,Jorginho,MID,CHE,5.8,2.48674838
2021-22,32,517,Elyounoussi,MID,SOU,5.4,2.596075506
2021-22,32,298,Fraser,MID,NEW,5.3,2.797368595
2021-22,32,272,Pogba,MID,MUN,7.4,2.733832344
2021-22,32,33,Grealish,MID,MCI,7.5,2.220330893
2021-22,32,699,Eriksen,MID,BRE,5.5,3.169070632
2021-22,32,281,Rashford,MID,MUN,9.4,2.879016763
2021-22,32,115,Brownhill,MID,BUR,4.3,2.62921529
2021-22,32,7,Xhaka,MID,ARS,4.8,2.63518902
2021-22,32,118,McNeil,MID,BUR,5.6,2.613691423
2021-22,32,505,Dewsbury-Hall,MID,LEI,4.4,2.220684651
2021-22,32,291,Shelvey,MID,NEW,5.3,2.581202298
2021-22,32,339,S Armstrong,MID,SOU,5.8,2.455092538
2021-22,32,266,Rodri,MID,MCI,5.5,2.462058357
2021-22,32,130,Kante,MID,CHE,4.9,2.422462656
2021-22,32,503,A Gordon,MID,EVE,4.6,2.492476475
2021-22,32,19,Willock,MID,NEW,5.7,1.953748296
2021-22,32,464,Olise,MID,CRY,5.4,2.088097324
2021-22,32,484,D Gray,MID,EVE,5.5,2.486302459
2021-22,32,449,Rashica,MID,NOR,5.2,2.972647596
2021-22,32,419,Benrahma,MID,WHU,5.9,3.283341286
2021-22,32,74,Mac Allister,MID,BHA,5.2,2.43624679
2021-22,32,285,McTominay,MID,MUN,5.4,2.501857665
2021-22,32,423,Fornals,MID,WHU,6.0,3.148635299
2021-22,32,365,Hojbjerg,MID,TOT,4.9,2.247712207
2021-22,32,35,McGinn,MID,AVL,5.7,2.770214657
2021-22,32,232,Fabinho,MID,LIV,5.4,2.094082562
2021-22,32,354,Sissoko,MID,WAT,4.4,2.764492261
2021-22,32,575,Lennon,MID,BUR,4.8,2.301650923
2021-22,32,131,Ziyech,MID,CHE,7.3,2.166507214
2021-22,32,51,J Ramsey,MID,AVL,4.8,2.65997324
2021-22,32,335,Romeu,MID,SOU,4.5,2.235747566
2021-22,32,125,Kovacic,MID,CHE,5.0,2.095903888
2021-22,32,318,McLean,MID,NOR,4.9,2.621323418
2021-22,32,696,Diaz,MID,LIV,8.1,1.614596061
2021-22,32,421,Rice,MID,WHU,5.0,2.662224715
2021-22,32,697,Guimaraes,MID,NEW,4.9,2.105573775
2021-22,32,55,Gross,MID,BHA,5.7,1.884713678
2021-22,32,287,D James,MID,LEE,6.0,3.056145626
2021-22,32,512,Elanga,MID,MUN,4.8,2.378356917
2021-22,32,222,J Henderson,MID,LIV,4.9,1.721024742
2021-22,32,304,Murphy,MID,NEW,4.7,2.269135727
2021-22,32,188,Dallas,MID,LEE,4.9,2.985270253
2021-22,32,155,Schlupp,MID,CRY,5.4,1.894574744
2021-22,32,81,Canos,MID,BRE,5.5,2.516384058
2021-22,32,84,Janelt,MID,BRE,4.9,2.500145567
2021-22,32,702,Bentancur,MID,TOT,4.9,2.043870992
2021-22,32,416,Lanzini,MID,WHU,5.7,1.526694904
2021-22,32,438,Podence,MID,WOL,5.5,2.920184859
2021-22,32,267,Harrison,MID,LEE,5.5,2.904614239
2021-22,32,145,Gilmour,MID,NOR,4.3,2.354411761
2021-22,32,77,Norgaard,MID,BRE,5.0,2.493256308
2021-22,32,225,Thiago,MID,LIV,5.3,1.680013634
2021-22,32,282,van de Beek,MID,EVE,5.7,0.0
2021-22,32,148,McArthur,MID,CRY,4.3,2.125955823
2021-22,32,587,Lookman,MID,LEI,6.0,1.205308548
2021-22,32,202,Albrighton,MID,LEI,5.2,1.306193921
2021-22,32,50,Douglas Luiz,MID,AVL,4.4,2.254109844
2021-22,32,70,Bissouma,MID,BHA,4.4,1.909917012
2021-22,32,381,Cleverley,MID,WAT,4.8,2.225395232
2021-22,32,426,Moutinho,MID,WOL,4.9,2.724188943
2021-22,32,60,March,MID,BHA,5.3,1.737808509
2021-22,32,274,Fred,MID,MUN,4.9,1.811961372
2021-22,32,524,Wissa,MID,BRE,5.7,2.29443436
2021-22,32,462,Mwepu,MID,BHA,5.9,1.615062249
2021-22,32,86,Jensen,MID,BRE,4.9,2.109920532
2021-22,32,43,Buendia,MID,AVL,6.2,2.04268113
2021-22,32,171,Allan,MID,EVE,4.3,2.009766168
2021-22,32,53,Lallana,MID,BHA,5.3,1.025044212
2021-22,32,441,Neto,MID,WOL,6.3,2.202971576
2021-22,32,581,Normann,MID,NOR,4.5,2.142549171
2021-22,32,403,Louza,MID,WAT,5.2,1.839569889
2021-22,32,336,Redmond,MID,SOU,5.9,1.978822398
2021-22,32,434,Dendoncker,MID,WOL,4.7,2.748248178
2021-22,32,436,Neves,MID,WOL,5.3,0.0
2021-22,32,346,Tella,MID,SOU,4.7,1.136009268
2021-22,32,17,Pepe,MID,ARS,6.9,1.250370828
2021-22,32,362,Lucas Moura,MID,TOT,6.0,1.647561091
2021-22,32,191,K Phillips,MID,LEE,4.7,2.316078429
2021-22,32,495,Kucka,MID,WAT,5.5,1.509779276
2021-22,32,471,Lees-Melou,MID,NOR,4.8,1.823947997
2021-22,32,239,Keita,MID,LIV,5.0,1.005659071
2021-22,32,506,Elliott,MID,LIV,5.3,0.836492502
2021-22,32,203,N Mendy,MID,LEI,4.3,1.009657971
2021-22,32,363,Alli,MID,EVE,6.2,1.859834026
2021-22,32,140,Hudson-Odoi,MID,CHE,5.3,0.72742631
2021-22,32,174,Iwobi,MID,EVE,5.8,1.380434311
2021-22,32,592,Saul,MID,CHE,4.9,0.671012858
2021-22,32,373,Skipp,MID,TOT,4.4,1.37589942
2021-22,32,186,Klich,MID,LEE,5.1,2.231289262
2021-22,32,317,Rupp,MID,NOR,4.4,1.296010027
2021-22,32,453,Fernandinho,MID,MCI,4.7,0.436520608
2021-22,32,308,Almiron,MID,NEW,5.0,0.982909136
2021-22,32,369,Bergwijn,MID,TOT,5.9,1.039319467
2021-22,32,101,Cork,MID,BUR,4.4,0.367272821
2021-22,32,73,Alzate,MID,BHA,4.8,0.692388353
2021-22,32,582,Vlasic,MID,WHU,5.6,1.573650868
2021-22,32,271,Matic,MID,MUN,4.3,0.554871196
2021-22,32,276,Lingard,MID,MUN,6.7,0.674233383
2021-22,32,461,Trincao,MID,WOL,5.6,1.726824534
2021-22,32,108,Gudmundsson,MID,BUR,5.4,0.0
2021-22,32,386,W Hughes,MID,CRY,4.7,0.912710309
2021-22,32,244,C Jones,MID,LIV,5.0,0.514844844
2021-22,32,132,Loftus-Cheek,MID,CHE,5.4,0.469261483
2021-22,32,366,Winks,MID,TOT,4.4,0.271668237
2021-22,32,211,Perez,MID,LEI,5.7,0.202026452
2021-22,32,32,B Traore,MID,AVL,5.7,0.543399921
2021-22,32,478,Lokonga,MID,ARS,4.8,1.046754652
2021-22,32,221,Milner,MID,LIV,4.9,0.466600043
2021-22,32,328,Placheta,MID,NOR,4.7,1.109000551
2021-22,32,458,Soumare,MID,LEI,4.8,0.334147323
2021-22,32,214,Choudhury,MID,LEI,4.4,0.332158951
2021-22,32,679,Kayembe,MID,WAT,4.6,0.730508838
2021-22,32,412,Yarmolenko,MID,WHU,5.1,0.69624087
2021-22,32,492,Bailey,MID,AVL,6.3,1.152133664
2021-22,32,309,S Longstaff,MID,NEW,4.4,0.60224393
2021-22,32,459,Mata,MID,MUN,4.7,0.364710276
2021-22,32,698,Kalu,MID,WAT,4.9,0.471905172
2021-22,32,85,Ghoddos,MID,BRE,5.2,0.546144196
2021-22,32,332,Walcott,MID,SOU,5.8,0.085798006
2021-22,32,552,Forshaw,MID,LEE,4.5,1.845142783
2021-22,32,42,El Ghazi,MID,EVE,5.6,0.269981483
2021-22,32,350,Djenepo,MID,SOU,5.2,0.081873133
2021-22,32,160,Eze,MID,CRY,5.9,0.346859554
2021-22,32,538,Caicedo,MID,BHA,4.5,0.03778535
2021-22,32,349,I Diallo,MID,SOU,4.5,0.437503804
2021-22,32,347,Smallbone,MID,SOU,4.5,0.080993752
2021-22,32,227,Chamberlain,MID,LIV,5.8,0.157521839
2021-22,32,507,Palmer,MID,MCI,4.5,0.023653741
2021-22,32,323,Dowell,MID,NOR,5.1,0.449665121
2021-22,32,236,Minamino,MID,LIV,5.1,0.149187714
2021-22,32,405,Baah,MID,WAT,4.3,0.020448916
2021-22,32,124,Barkley,MID,CHE,5.2,0.005104992
2021-22,32,102,D Stephens,MID,BUR,4.4,0.01959844
2021-22,32,609,Anderson,MID,NEW,4.5,0.004252067
2021-22,32,692,Hutchinson,MID,ARS,4.5,0.004097585
2021-22,32,612,Sarmiento,MID,BHA,4.5,0.018196765
2021-22,32,528,Tzolis,MID,NOR,4.8,0.179859255
2021-22,32,629,McAtee,MID,MCI,4.4,0.002141558
2021-22,32,706,Mejbri,MID,MUN,4.5,0.003860488
2021-22,32,720,Flores,MID,ARS,4.5,0.001992944
2021-22,32,693,Oulad,MID,ARS,4.5,0.003803858
2021-22,32,625,K Gordon,MID,LIV,4.5,0.003812437
2021-22,32,707,De Bolle,MID,NEW,4.4,0.003787674
2021-22,32,508,Edozie,MID,MCI,4.7,0.0019572
2021-22,32,75,Moder,MID,BHA,4.5,0.0
2021-22,32,216,Ndidi,MID,LEI,4.8,0.0
2021-22,32,193,T Roberts,MID,LEE,4.8,0.0
2021-22,32,482,Townsend,MID,EVE,5.2,0.0
2021-22,32,82,Dasilva,MID,BRE,5.3,0.0
2021-22,32,289,M Greenwood,MID,MUN,7.1,0.0
2021-22,32,646,Brunt,MID,LEI,4.5,0.003532343
2021-22,32,714,Devine,MID,TOT,4.5,0.003979066
2021-22,32,671,Hall,MID,CHE,4.5,0.001923401
2021-22,32,672,Vale,MID,CHE,4.5,0.001923459
2021-22,32,654,Leonard,MID,BHA,4.5,0.00173844
2021-22,32,668,H White,MID,TOT,4.4,0.003952498
2021-22,32,664,Patino,MID,ARS,4.5,0.003577576
2021-22,32,613,Whitaker,MID,EVE,4.5,0.001911674
2021-22,32,680,Chauke,MID,SOU,4.5,0.003457662
2021-22,32,605,Lavia,MID,MCI,4.4,0.001800416
2021-22,32,634,Perkins,MID,WHU,4.5,0.00409996
2021-22,32,716,Springett,MID,NOR,4.5,0.001896045
2021-22,32,662,Peart-Harris,MID,BRE,4.5,0.001891507
2021-22,32,652,Oko-Flex,MID,WHU,4.4,0.003987852
2021-22,32,543,Banks,MID,CRY,4.5,0.003766524
2021-22,32,717,Bowden,MID,TOT,4.5,0.001716921
2021-22,32,79,Fosu,MID,BRE,5.1,0.003986706
2021-22,32,614,Maghoma,MID,BRE,4.5,0.001749503
2021-22,32,630,Onyango,MID,EVE,4.5,0.001660938
2021-22,32,718,Price,MID,EVE,4.5,0.001649456
2021-22,32,628,Haygarth,MID,BRE,4.5,0.001717453
2021-22,32,620,Morton,MID,LIV,4.5,0.003443755
2021-22,32,541,Rak-Sakyi,MID,CRY,4.4,0.003633794
2021-22,32,687,Giles,MID,WOL,4.5,0.001909121
2021-22,32,710,Chesters,MID,WHU,4.5,0.003745922
2021-22,32,631,Jenkins,MID,LEE,4.5,0.00182609
2021-22,32,683,Gibbs,MID,NOR,4.5,0.003697825
2021-22,32,548,Campbell,MID,WOL,4.4,0.001728156
2021-22,32,551,Summerville,MID,LEE,4.5,0.025943043
2021-22,32,12,Elneny,MID,ARS,4.4,0.282809991
2021-22,32,391,Sema,MID,WAT,5.2,0.355218764
2021-22,32,601,McKinstry,MID,LEE,4.3,0.003766652
2021-22,32,703,Chrisene,MID,AVL,4.5,0.003539669
2021-22,32,157,Riedewald,MID,CRY,4.7,0.019371038
2021-22,32,638,Iroegbunam,MID,AVL,4.5,0.003485117
2021-22,32,658,Archie Gray,MID,LEE,4.5,0.003644453
2021-22,32,713,O'Reilly,MID,AVL,4.5,0.003448054
2021-22,32,624,Bate,MID,LEE,4.5,0.003560375
2021-22,32,600,Kenneh,MID,LEE,4.4,0.003459742
2021-22,32,163,Delph,MID,EVE,4.2,0.0
2021-22,32,589,Kral,MID,WHU,4.4,0.039791967
2021-22,32,576,McCarron,MID,LEE,4.4,0.022282563
2021-22,32,172,Gomes,MID,EVE,4.9,0.159929141
2021-22,32,499,S Baptiste,MID,BRE,4.9,0.333866955
2021-22,32,526,Chukwuemeka,MID,AVL,4.5,0.077785405
2021-22,32,406,Noble,MID,WHU,4.4,0.316565792
2021-22,32,152,Milivojevic,MID,CRY,5.3,0.54239097
2021-22,32,479,Onyeka,MID,BRE,4.9,0.317784814
2021-22,32,467,Etebo,MID,WAT,4.3,0.320344484
2021-22,32,547,Cundle,MID,WOL,4.4,0.545576259
2021-22,32,197,Shackleton,MID,LEE,4.4,0.0
2021-22,32,648,Rowe,MID,NOR,4.4,1.041567471
2021-22,32,34,Sanson,MID,AVL,5.0,0.285502112
2021-22,32,41,Nakamba,MID,AVL,4.4,0.604425395
2021-22,32,689,Chiquinho,MID,WOL,5.5,0.819761657
2021-22,32,357,Kane,FWD,TOT,12.5,4.859784902
2021-22,32,579,Ronaldo,FWD,MUN,12.2,3.621550336
2021-22,32,6,Lacazette,FWD,ARS,8.4,3.798247833
2021-22,32,345,Adams,FWD,SOU,6.9,3.487874196
2021-22,32,109,Wood,FWD,NEW,6.7,3.6290754
2021-22,32,177,Calvert-Lewin,FWD,EVE,7.7,3.587055025
2021-22,32,213,Iheanacho,FWD,LEI,7.0,3.70187387
2021-22,32,180,Richarlison,FWD,EVE,7.5,3.489191703
2021-22,32,700,Weghorst,FWD,BUR,6.4,3.336808163
2021-22,32,78,Toney,FWD,BRE,6.7,3.985602988
2021-22,32,315,Pukki,FWD,NOR,5.9,3.832157118
2021-22,32,263,Jesus,FWD,MCI,8.4,2.745883863
2021-22,32,450,Dennis,FWD,WAT,5.9,3.948201372
2021-22,32,307,Saint-Maximin,FWD,NEW,6.8,3.200259786
2021-22,32,40,Watkins,FWD,AVL,7.5,3.538013233
2021-22,32,413,Antonio,FWD,WHU,7.5,3.84027984
2021-22,32,63,Maupay,FWD,BHA,6.5,2.858211118
2021-22,32,205,Vardy,FWD,LEI,10.3,0.1429375
2021-22,32,529,Lukaku,FWD,CHE,11.4,2.475323256
2021-22,32,518,Broja,FWD,SOU,5.5,0.0
2021-22,32,455,Daka,FWD,LEI,7.0,2.643700671
2021-22,32,104,Jay Rodriguez,FWD,BUR,5.2,2.697946865
2021-22,32,159,Mateta,FWD,CRY,5.2,2.714742698
2021-22,32,468,King,FWD,WAT,5.7,3.050374048
2021-22,32,228,Firmino,FWD,LIV,8.7,1.939045828
2021-22,32,337,Ings,FWD,AVL,7.7,2.791991943
2021-22,32,447,Welbeck,FWD,BHA,5.9,2.41197752
2021-22,32,516,Sargent,FWD,NOR,5.4,2.015825362
2021-22,32,310,Joelinton,FWD,NEW,5.8,2.222512343
2021-22,32,134,Werner,FWD,CHE,8.6,1.68478834
2021-22,32,430,Jimenez,FWD,WOL,7.5,0.0
2021-22,32,187,Rodrigo,FWD,LEE,6.2,2.950580454
2021-22,32,111,Vydra,FWD,BUR,5.2,1.905482175
2021-22,32,404,Joao Pedro,FWD,WAT,5.4,1.81028141
2021-22,32,583,Hwang,FWD,WOL,5.4,2.711761791
2021-22,32,153,Ayew,FWD,CRY,5.8,1.714866538
2021-22,32,525,A Armstrong,FWD,SOU,5.7,2.406774666
2021-22,32,586,Edouard,FWD,CRY,6.2,1.204246958
2021-22,32,296,Wilson,FWD,NEW,7.2,0.0
2021-22,32,20,Nketiah,FWD,ARS,5.4,1.298426044
2021-22,32,269,Cavani,FWD,MUN,8.4,0.0
2021-22,32,105,A Barnes,FWD,BUR,5.2,0.845080434
2021-22,32,519,S Long,FWD,SOU,5.4,0.362482028
2021-22,32,149,Benteke,FWD,CRY,6.0,0.63706714
2021-22,32,472,Cucho,FWD,WAT,5.1,0.820404643
2021-22,32,445,F Silva,FWD,WOL,5.6,1.90711993
2021-22,32,235,Origi,FWD,LIV,4.8,0.081886609
2021-22,32,300,Gayle,FWD,NEW,5.2,0.598937084
2021-22,32,591,Rondon,FWD,EVE,6.0,0.022139089
2021-22,32,520,Scarlett,FWD,TOT,4.5,0.020557485
2021-22,32,533,Richardson,FWD,BUR,4.5,0.001917547
2021-22,32,704,Delap,FWD,MCI,4.5,0.002029703
2021-22,32,694,Biereth,FWD,ARS,4.5,0.003613976
2021-22,32,329,Idah,FWD,NOR,4.9,0.0
2021-22,32,189,Bamford,FWD,LEE,7.7,0.0
2021-22,32,655,E Ferguson,FWD,BHA,4.5,0.001727199
2021-22,32,622,Tosun,FWD,EVE,5.0,0.001945016
2021-22,32,663,Kayky,FWD,MCI,5.0,0.001843478
2021-22,32,715,A Kamara,FWD,NOR,4.5,0.001814901
2021-22,32,640,Young-Coombes,FWD,BRE,4.5,0.001795025
2021-22,32,607,Dobbin,FWD,EVE,4.5,0.001649787
2021-22,32,550,S Greenwood,FWD,LEE,4.5,0.018774086
2021-22,32,577,Gelhardt,FWD,LEE,4.6,1.059610046
2021-22,33,559,Ramsdale,GK,ARS,5.1,7.563755426
2021-22,33,143,E Mendy,GK,CHE,6.1,3.887949763
2021-22,33,112,Pope,GK,BUR,5.4,7.166280143
2021-22,33,257,Ederson,GK,MCI,6.1,4.555741915
2021-22,33,200,Schmeichel,GK,LEI,4.8,6.618589046
2021-22,33,270,de Gea,GK,MUN,5.1,6.941135482
2021-22,33,231,Alisson,GK,LIV,6.0,3.940656871
2021-22,33,353,Lloris,GK,TOT,5.4,4.207704705
2021-22,33,69,R Sanchez,GK,BHA,4.6,5.92425915
2021-22,33,170,Pickford,GK,EVE,4.9,3.423138046
2021-22,33,295,Dubravka,GK,NEW,4.4,7.267789718
2021-22,33,146,Guaita,GK,CRY,4.6,3.5627899
2021-22,33,30,Martinez,GK,AVL,5.5,0.0
2021-22,33,408,Fabianski,GK,WHU,5.0,3.903774964
2021-22,33,80,Raya,GK,BRE,4.3,3.632040761
2021-22,33,475,Sa,GK,WOL,5.3,0.0
2021-22,33,376,Foster,GK,WAT,4.1,2.996776557
2021-22,33,314,Krul,GK,NOR,4.5,2.101982818
2021-22,33,199,Meslier,GK,LEE,4.8,0.0
2021-22,33,333,Forster,GK,SOU,4.4,4.271518598
2021-22,33,334,McCarthy,GK,SOU,4.3,2.130451903
2021-22,33,389,Bachmann,GK,WAT,4.1,0.29859483
2021-22,33,129,Kepa,GK,CHE,4.6,0.152847208
2021-22,33,156,Butland,GK,CRY,4.4,0.190737665
2021-22,33,489,Areola,GK,WHU,4.7,0.201715048
2021-22,33,480,Hennessey,GK,BUR,4.5,0.172675051
2021-22,33,280,D Henderson,GK,MUN,4.7,0.170411262
2021-22,33,242,Kelleher,GK,LIV,4.3,0.089929862
2021-22,33,294,Darlow,GK,NEW,4.5,0.190276575
2021-22,33,1,Leno,GK,ARS,4.5,0.144114018
2021-22,33,260,Steffen,GK,MCI,4.4,0.08700988
2021-22,33,448,Gunn,GK,NOR,4.0,0.097387314
2021-22,33,54,Steele,GK,BHA,4.0,0.114455436
2021-22,33,486,Gollini,GK,TOT,4.2,0.078178332
2021-22,33,204,D Ward,GK,LEI,4.0,0.093920676
2021-22,33,691,Olsen,GK,AVL,4.0,0.0
2021-22,33,481,Begovic,GK,EVE,4.0,0.061802218
2021-22,33,673,Lossl,GK,BRE,4.5,0.068660094
2021-22,33,452,Ruddy,GK,WOL,4.3,0.0
2021-22,33,490,Klaesson,GK,LEE,4.3,0.0
2021-22,33,573,Jakupovic,GK,LEI,3.9,0.039072598
2021-22,33,641,Caballero,GK,SOU,4.2,0.023935753
2021-22,33,606,Bettinelli,GK,CHE,4.0,0.00812834
2021-22,33,593,Carson,GK,MCI,3.9,0.009462681
2021-22,33,114,Norris,GK,BUR,4.3,0.014072116
2021-22,33,509,Heaton,GK,MUN,3.9,0.013373675
2021-22,33,688,McGill,GK,BHA,4.0,0.011197836
2021-22,33,561,Matthews,GK,CRY,3.9,0.007647535
2021-22,33,556,A Fernandez,GK,BRE,4.5,0.007604329
2021-22,33,571,Lonergan,GK,EVE,4.0,0.006484108
2021-22,33,407,Randolph,GK,WHU,4.3,0.007431985
2021-22,33,572,Okonkwo,GK,ARS,3.9,0.006653088
2021-22,33,574,Elliot,GK,WAT,4.0,0.006545826
2021-22,33,596,Sinisalo,GK,AVL,4.0,0.0
2021-22,33,313,McGovern,GK,NOR,3.9,0.004063331
2021-22,33,656,Pitaluga,GK,LIV,4.0,0.003008872
2021-22,33,619,Cox,GK,BRE,4.0,0.003412504
2021-22,33,708,Waller,GK,BUR,4.0,0.00773584
2021-22,33,666,McCracken,GK,NOR,4.0,0.003575643
2021-22,33,637,H Lewis,GK,SOU,3.9,0.007577299
2021-22,33,223,Adrian,GK,LIV,4.3,0.000787453
2021-22,33,514,Gillespie,GK,NEW,3.9,0.001535672
2021-22,33,615,Slicker,GK,MCI,4.0,0.000841065
2021-22,33,659,Austin,GK,TOT,4.0,0.004554836
2021-22,33,616,Tyrer,GK,EVE,4.0,0.000595158
2021-22,33,642,Angelini,GK,WAT,4.0,0.000587969
2021-22,33,621,Storer,GK,WOL,4.0,0.0
2021-22,33,237,Trent,DEF,LIV,8.4,5.315201975
2021-22,33,256,Cancelo,DEF,MCI,7.0,5.504151024
2021-22,33,142,R James,DEF,CHE,6.2,3.785735987
2021-22,33,234,Robertson,DEF,LIV,7.3,4.31370136
2021-22,33,127,Rudiger,DEF,CHE,6.1,3.695905808
2021-22,33,229,van Dijk,DEF,LIV,6.8,3.845596145
2021-22,33,259,Laporte,DEF,MCI,5.8,4.279271369
2021-22,33,121,T Silva,DEF,CHE,5.7,3.496343649
2021-22,33,262,Dias,DEF,MCI,6.1,3.865715546
2021-22,33,23,Gabriel,DEF,ARS,5.3,5.896733242
2021-22,33,67,B White,DEF,ARS,4.6,5.529559408
2021-22,33,279,Telles,DEF,MUN,5.0,5.790856029
2021-22,33,119,Azpilicueta,DEF,CHE,5.6,2.832992808
2021-22,33,98,Tarkowski,DEF,BUR,4.9,5.859334868
2021-22,33,224,Matip,DEF,LIV,5.0,3.112218191
2021-22,33,122,Alonso,DEF,CHE,5.5,2.914897163
2021-22,33,113,Taylor,DEF,BUR,4.4,5.5798402
2021-22,33,201,Evans,DEF,LEI,5.4,5.157796345
2021-22,33,273,Maguire,DEF,MUN,5.4,5.359723725
2021-22,33,588,Emerson R,DEF,TOT,4.5,3.873307361
2021-22,33,5,Cedric,DEF,ARS,4.2,5.204799209
2021-22,33,106,Mee,DEF,BUR,4.7,4.20429164
2021-22,33,488,Andersen,DEF,CRY,4.5,3.380690008
2021-22,33,220,Fofana,DEF,LEI,4.3,4.952499065
2021-22,33,361,Dier,DEF,TOT,4.6,3.709682066
2021-22,33,209,Castagne,DEF,LEI,5.3,4.718924456
2021-22,33,217,Soyuncu,DEF,LEI,4.9,4.824874004
2021-22,33,364,Ben T Davies,DEF,TOT,4.4,3.644020838
2021-22,33,584,Cucurella,DEF,BHA,5.0,3.947976148
2021-22,33,39,Targett,DEF,NEW,4.7,6.666427913
2021-22,33,59,Dunk,DEF,BHA,4.8,4.023176119
2021-22,33,477,Guehi,DEF,CRY,4.5,3.172988745
2021-22,33,162,Mitchell,DEF,CRY,4.5,3.243758513
2021-22,33,494,Romero,DEF,TOT,4.8,3.569230654
2021-22,33,44,Cash,DEF,AVL,5.3,0.0
2021-22,33,343,Bednarek,DEF,SOU,4.4,5.864429173
2021-22,33,342,Walker-Peters,DEF,SOU,4.8,5.712541788
2021-22,33,305,Schar,DEF,NEW,4.3,6.181671148
2021-22,33,411,A Cresswell,DEF,WHU,5.4,4.334578645
2021-22,33,38,Mings,DEF,AVL,5.0,0.0
2021-22,33,58,Burn,DEF,NEW,4.4,5.973511701
2021-22,33,249,Walker,DEF,MCI,5.4,1.397921862
2021-22,33,370,Reguilon,DEF,TOT,5.2,2.745976101
2021-22,33,252,Stones,DEF,MCI,5.2,2.311737458
2021-22,33,165,Coleman,DEF,EVE,4.9,2.96738613
2021-22,33,218,Justin,DEF,LEI,4.9,3.6834311
2021-22,33,45,Konsa,DEF,AVL,4.9,0.0
2021-22,33,207,R Pereira,DEF,LEI,5.2,3.651135731
2021-22,33,284,Lindelof,DEF,MUN,4.8,5.027017598
2021-22,33,169,Keane,DEF,EVE,4.7,2.893693231
2021-22,33,62,Veltman,DEF,BHA,4.2,3.496537612
2021-22,33,288,Wan-Bissaka,DEF,MUN,5.1,3.499311392
2021-22,33,351,Salisu,DEF,SOU,4.5,5.135360081
2021-22,33,414,Dawson,DEF,WHU,4.9,3.958976198
2021-22,33,491,Livramento,DEF,SOU,4.4,4.496805655
2021-22,33,179,Godfrey,DEF,EVE,4.7,2.722011816
2021-22,33,61,Webster,DEF,BHA,4.3,1.812386481
2021-22,33,91,Pinnock,DEF,BRE,4.4,3.18311704
2021-22,33,585,C Roberts,DEF,BUR,4.4,3.110987925
2021-22,33,258,Ake,DEF,MCI,4.7,2.259213342
2021-22,33,150,Kouyate,DEF,CRY,4.5,2.993790921
2021-22,33,76,Jansson,DEF,BRE,4.4,3.028691203
2021-22,33,368,Sessegnon,DEF,TOT,4.3,2.217275609
2021-22,33,128,Zouma,DEF,WHU,5.4,2.459764037
2021-22,33,303,Krafth,DEF,NEW,4.3,4.503903445
2021-22,33,83,Henry,DEF,BRE,4.5,2.929977216
2021-22,33,493,Clyne,DEF,CRY,4.3,2.118745271
2021-22,33,437,Semedo,DEF,WOL,4.8,0.0
2021-22,33,676,H Kamara,DEF,WAT,4.5,2.856561093
2021-22,33,590,Tomiyasu,DEF,ARS,4.5,0.667066722
2021-22,33,677,Samir,DEF,WAT,4.5,2.78992475
2021-22,33,382,Femenia,DEF,WAT,4.3,2.701945541
2021-22,33,52,Young,DEF,AVL,4.7,0.0
2021-22,33,555,Varane,DEF,MUN,5.5,0.347489102
2021-22,33,264,Zinchenko,DEF,MCI,5.3,1.759163346
2021-22,33,71,Lamptey,DEF,BHA,4.5,3.015315016
2021-22,33,675,Mykolenko,DEF,EVE,4.9,2.18841142
2021-22,33,175,Mina,DEF,EVE,4.9,0.978342316
2021-22,33,133,Christensen,DEF,CHE,4.6,1.185225239
2021-22,33,429,Coady,DEF,WOL,4.9,0.0
2021-22,33,431,Saiss,DEF,WOL,5.0,0.0
2021-22,33,510,Dalot,DEF,MUN,4.2,2.263609575
2021-22,33,483,Ajer,DEF,BRE,4.4,2.672353104
2021-22,33,110,Lowton,DEF,BUR,4.4,1.557848648
2021-22,33,319,Hanley,DEF,NOR,4.4,1.255756345
2021-22,33,527,T Chalobah,DEF,CHE,4.7,0.99209208
2021-22,33,418,Coufal,DEF,WHU,4.7,2.102657491
2021-22,33,466,Tavares,DEF,ARS,4.3,2.07454546
2021-22,33,326,Aarons,DEF,NOR,4.3,1.161139604
2021-22,33,460,Perraud,DEF,SOU,4.8,2.212253674
2021-22,33,185,Ayling,DEF,LEE,4.3,0.0
2021-22,33,456,Gibson,DEF,NOR,4.4,1.111495325
2021-22,33,367,D Sanchez,DEF,TOT,4.3,1.111982586
2021-22,33,10,Chambers,DEF,AVL,4.2,0.0
2021-22,33,243,Konate,DEF,LIV,5.1,0.852545306
2021-22,33,384,Kabasele,DEF,WAT,4.3,1.639862643
2021-22,33,219,L Thomas,DEF,LEI,4.3,1.603157332
2021-22,33,299,Lascelles,DEF,NEW,4.4,2.019651339
2021-22,33,425,Johnson,DEF,WHU,3.9,1.805250563
2021-22,33,451,Collins,DEF,BUR,4.3,1.99146303
2021-22,33,474,J Ward,DEF,CRY,4.5,0.9288923
2021-22,33,470,Ait-Nouri,DEF,WOL,4.3,0.0
2021-22,33,501,M Sarr,DEF,CHE,4.9,0.575222079
2021-22,33,379,Cathcart,DEF,WAT,4.3,1.466072494
2021-22,33,439,Kilman,DEF,WOL,4.6,0.0
2021-22,33,178,Holgate,DEF,EVE,4.2,1.223597541
2021-22,33,428,Boly,DEF,WOL,4.9,0.0
2021-22,33,424,Diop,DEF,WHU,4.2,1.721109467
2021-22,33,302,Manquillo,DEF,NEW,3.9,1.624989397
2021-22,33,14,Holding,DEF,ARS,4.1,1.19136593
2021-22,33,245,Tsimikas,DEF,LIV,3.7,0.517305792
2021-22,33,502,Kenny,DEF,EVE,4.4,0.997137153
2021-22,33,190,Llorente,DEF,LEE,4.5,0.0
2021-22,33,678,Trippier,DEF,NEW,4.9,0.173517283
2021-22,33,36,Hause,DEF,AVL,4.4,0.0
2021-22,33,292,Ritchie,DEF,NEW,4.9,0.953239288
2021-22,33,432,Marcal,DEF,WOL,4.2,0.0
2021-22,33,184,Cooper,DEF,LEE,4.4,0.0
2021-22,33,324,Zimmermann,DEF,NOR,4.4,0.961146874
2021-22,33,286,Bailly,DEF,MUN,4.9,0.838223058
2021-22,33,290,B Williams,DEF,NOR,3.9,0.0
2021-22,33,208,Amartey,DEF,LEI,4.0,0.51196282
2021-22,33,433,Jonny,DEF,WOL,4.5,0.0
2021-22,33,238,Gomez,DEF,LIV,4.7,0.23890898
2021-22,33,89,Roerslev,DEF,BRE,4.1,0.815780696
2021-22,33,567,Lyanco,DEF,SOU,4.4,0.721964573
2021-22,33,147,Tomkins,DEF,CRY,4.3,0.244952885
2021-22,33,56,Duffy,DEF,BHA,4.1,0.076979442
2021-22,33,198,Struijk,DEF,LEE,4.3,0.0
2021-22,33,594,Zanka,DEF,BRE,4.5,0.391711245
2021-22,33,100,Pieters,DEF,BUR,4.1,0.178086753
2021-22,33,390,Masina,DEF,WAT,4.3,0.278788617
2021-22,33,90,M Sorensen,DEF,BRE,4.3,0.264275141
2021-22,33,338,J Stephens,DEF,SOU,4.4,0.261943549
2021-22,33,99,Bardsley,DEF,BUR,3.9,0.252210008
2021-22,33,151,Kelly,DEF,CRY,3.8,0.076789766
2021-22,33,473,Bertrand,DEF,LEI,4.6,0.140352688
2021-22,33,465,F Fernandez,DEF,NEW,4.3,0.176813167
2021-22,33,632,P Jones,DEF,MUN,4.5,0.192071877
2021-22,33,340,Vestergaard,DEF,LEI,4.7,0.12810877
2021-22,33,321,Byram,DEF,NOR,4.4,0.29892618
2021-22,33,301,Dummett,DEF,NEW,4.5,0.14937146
2021-22,33,327,J Sorensen,DEF,NOR,4.3,0.114460468
2021-22,33,618,Nkoulou,DEF,WAT,4.4,0.120071756
2021-22,33,247,R Williams,DEF,LIV,4.4,0.037446134
2021-22,33,400,Ngakia,DEF,WAT,4.2,0.297259482
2021-22,33,417,Masuaku,DEF,WHU,4.4,0.31238885
2021-22,33,158,Jach,DEF,CRY,4.2,0.038133325
2021-22,33,374,Rodon,DEF,TOT,4.2,0.042797691
2021-22,33,544,Branthwaite,DEF,EVE,4.0,0.035099158
2021-22,33,667,Small,DEF,SOU,4.0,0.057644461
2021-22,33,457,Giannoulis,DEF,NOR,4.4,0.139815339
2021-22,33,415,Fredericks,DEF,WHU,4.4,0.298535208
2021-22,33,463,Firpo,DEF,LEE,4.7,0.0
2021-22,33,685,Toti,DEF,WOL,4.5,0.0
2021-22,33,103,K Long,DEF,BUR,4.0,0.011292615
2021-22,33,569,Stevens,DEF,BRE,3.9,0.011583778
2021-22,33,446,Mosquera,DEF,WOL,4.4,0.0
2021-22,33,560,H Roberts,DEF,BHA,3.9,0.007552137
2021-22,33,565,Dodgson,DEF,BUR,3.9,0.00556158
2021-22,33,546,Valery,DEF,SOU,3.9,0.009416061
2021-22,33,643,Tomkinson,DEF,NOR,4.0,0.014124071
2021-22,33,534,B Thomas,DEF,BUR,3.9,0.005110225
2021-22,33,554,J Baptiste,DEF,WHU,3.9,0.006624357
2021-22,33,540,Hannam,DEF,CRY,3.9,0.005063988
2021-22,33,711,Swanson,DEF,ARS,4.0,0.007547539
2021-22,33,690,Kenedy,DEF,CHE,4.5,0.002478664
2021-22,33,705,Awe,DEF,ARS,4.0,0.00734222
2021-22,33,639,Daley-Campbell,DEF,LEI,4.0,0.007578541
2021-22,33,626,Bradley,DEF,LIV,4.0,0.004343521
2021-22,33,610,Bogarde,DEF,AVL,4.0,0.0
2021-22,33,645,B Nelson,DEF,LEI,4.0,0.00744909
2021-22,33,627,Beck,DEF,LIV,4.0,0.004280592
2021-22,33,660,Quansah,DEF,LIV,4.0,0.004192346
2021-22,33,604,Wilson-Esbrand,DEF,MCI,3.9,0.00246491
2021-22,33,603,Mbete,DEF,MCI,3.9,0.002446907
2021-22,33,653,Turns,DEF,BHA,4.0,0.006233073
2021-22,33,651,Egan-Riley,DEF,MCI,4.0,0.00240523
2021-22,33,719,Ogungbo,DEF,ARS,4.0,0.003423926
2021-22,33,709,Adaramola,DEF,CRY,4.0,0.004074
2021-22,33,712,Offiah,DEF,BHA,4.0,0.002981298
2021-22,33,598,Omole,DEF,TOT,3.9,0.004294783
2021-22,33,331,Omobamidele,DEF,NOR,3.9,0.0
2021-22,33,674,Patterson,DEF,EVE,4.2,0.0
2021-22,33,371,Tanganga,DEF,TOT,4.2,0.0
2021-22,33,396,Sierralta,DEF,WAT,4.3,0.0
2021-22,33,387,Troost-Ekong,DEF,WAT,4.3,0.0
2021-22,33,580,Kabak,DEF,NOR,4.3,0.0
2021-22,33,161,N Ferguson,DEF,CRY,4.5,0.0
2021-22,33,360,Doherty,DEF,TOT,4.9,0.0
2021-22,33,409,Ogbonna,DEF,WHU,4.9,0.0
2021-22,33,275,Shaw,DEF,MUN,5.0,0.0
2021-22,33,168,Digne,DEF,AVL,5.1,0.0
2021-22,33,16,Tierney,DEF,ARS,5.1,0.0
2021-22,33,135,Chilwell,DEF,CHE,5.6,0.0
2021-22,33,617,Ashby,DEF,WHU,4.0,0.00465105
2021-22,33,682,Ekwah,DEF,WHU,4.0,0.004353454
2021-22,33,722,Jeanvier,DEF,BRE,4.0,0.001853461
2021-22,33,644,Alese,DEF,WHU,4.0,0.004341376
2021-22,33,623,Welch,DEF,EVE,4.0,0.001768321
2021-22,33,633,Morris,DEF,WAT,4.0,0.003721312
2021-22,33,684,K Hayden,DEF,AVL,4.0,0.0
2021-22,33,670,Feeney,DEF,AVL,4.0,0.0
2021-22,33,563,C Cresswell,DEF,LEE,4.0,0.0
2021-22,33,635,Bueno,DEF,WOL,4.0,0.0
2021-22,33,608,Hjelde,DEF,LEE,4.0,0.0
2021-22,33,657,Moore,DEF,LEE,4.0,0.0
2021-22,33,443,Hoever,DEF,WOL,3.9,0.0
2021-22,33,194,Koch,DEF,LEE,4.3,0.0
2021-22,33,233,Salah,MID,LIV,13.3,5.935875654
2021-22,33,359,Son,MID,TOT,10.9,5.58082968
2021-22,33,277,Fernandes,MID,MUN,11.6,9.404230376
2021-22,33,212,Maddison,MID,LEI,6.8,7.148866823
2021-22,33,265,Foden,MID,MCI,7.8,4.653955161
2021-22,33,230,Mane,MID,LIV,11.7,4.948363535
2021-22,33,215,H Barnes,MID,LEI,6.6,6.809146339
2021-22,33,141,Havertz,MID,CHE,7.9,3.616887761
2021-22,33,138,Mount,MID,CHE,7.5,3.672519425
2021-22,33,485,Sancho,MID,MUN,8.9,7.834943351
2021-22,33,22,Saka,MID,ARS,6.8,6.764506114
2021-22,33,210,Tielemans,MID,LEI,6.4,6.309168203
2021-22,33,261,B Silva,MID,MCI,7.1,4.382418327
2021-22,33,255,Sterling,MID,MCI,10.5,3.962746333
2021-22,33,26,Martinelli,MID,ARS,5.3,6.432364412
2021-22,33,240,Jota,MID,LIV,8.3,3.067944762
2021-22,33,254,Mahrez,MID,MCI,8.7,3.997614417
2021-22,33,154,Zaha,MID,CRY,6.8,3.791931058
2021-22,33,681,Coutinho,MID,AVL,7.3,0.0
2021-22,33,558,Odegaard,MID,ARS,5.5,6.097683215
2021-22,33,341,Ward-Prowse,MID,SOU,6.4,7.361902333
2021-22,33,251,De Bruyne,MID,MCI,11.7,1.192998265
2021-22,33,250,Gundogan,MID,MCI,7.1,4.455658381
2021-22,33,137,Pulisic,MID,CHE,7.9,2.981826103
2021-22,33,399,I Sarr,MID,WAT,5.7,4.155864878
2021-22,33,578,Cornet,MID,BUR,5.9,6.287994614
2021-22,33,420,Bowen,MID,WHU,6.8,4.710384049
2021-22,33,21,Smith Rowe,MID,ARS,5.7,5.5854612
2021-22,33,701,Kulusevski,MID,TOT,6.3,3.618538554
2021-22,33,272,Pogba,MID,MUN,7.4,6.289588729
2021-22,33,64,Trossard,MID,BHA,5.9,5.404254567
2021-22,33,144,Gallagher,MID,CRY,6.1,3.132301983
2021-22,33,505,Dewsbury-Hall,MID,LEI,4.4,5.004554498
2021-22,33,107,Westwood,MID,BUR,5.2,5.473475471
2021-22,33,281,Rashford,MID,MUN,9.4,5.979022651
2021-22,33,123,Jorginho,MID,CHE,5.8,1.551517441
2021-22,33,96,Mbeumo,MID,BRE,5.2,3.663373376
2021-22,33,130,Kante,MID,CHE,4.9,2.547340844
2021-22,33,512,Elanga,MID,MUN,4.8,5.39178912
2021-22,33,517,Elyounoussi,MID,SOU,5.4,5.441841521
2021-22,33,7,Xhaka,MID,ARS,4.8,4.661869162
2021-22,33,33,Grealish,MID,MCI,7.5,2.781548636
2021-22,33,266,Rodri,MID,MCI,5.5,2.995352941
2021-22,33,503,A Gordon,MID,EVE,4.6,2.897022427
2021-22,33,422,Soucek,MID,WHU,5.7,3.901917435
2021-22,33,196,Raphinha,MID,LEE,6.5,0.0
2021-22,33,118,McNeil,MID,BUR,5.6,4.85917478
2021-22,33,115,Brownhill,MID,BUR,4.3,4.570064634
2021-22,33,339,S Armstrong,MID,SOU,5.8,5.352845077
2021-22,33,291,Shelvey,MID,NEW,5.3,5.722911716
2021-22,33,464,Olise,MID,CRY,5.4,2.716629155
2021-22,33,699,Eriksen,MID,BRE,5.5,3.139699193
2021-22,33,19,Willock,MID,NEW,5.7,4.719657886
2021-22,33,74,Mac Allister,MID,BHA,5.2,4.432717936
2021-22,33,232,Fabinho,MID,LIV,5.4,2.693006244
2021-22,33,173,Doucoure,MID,EVE,5.3,2.528601479
2021-22,33,478,Lokonga,MID,ARS,4.8,4.168892508
2021-22,33,55,Gross,MID,BHA,5.7,4.360100564
2021-22,33,125,Kovacic,MID,CHE,5.0,2.419316347
2021-22,33,419,Benrahma,MID,WHU,5.9,3.681869584
2021-22,33,131,Ziyech,MID,CHE,7.3,2.088883575
2021-22,33,222,J Henderson,MID,LIV,4.9,2.506627541
2021-22,33,365,Hojbjerg,MID,TOT,4.9,2.716939854
2021-22,33,449,Rashica,MID,NOR,5.2,2.194911061
2021-22,33,35,McGinn,MID,AVL,5.7,0.0
2021-22,33,575,Lennon,MID,BUR,4.8,4.294006316
2021-22,33,423,Fornals,MID,WHU,6.0,3.53034421
2021-22,33,697,Guimaraes,MID,NEW,4.9,5.391921763
2021-22,33,484,D Gray,MID,EVE,5.5,2.375305509
2021-22,33,335,Romeu,MID,SOU,4.5,4.706621025
2021-22,33,17,Pepe,MID,ARS,6.9,4.619154435
2021-22,33,202,Albrighton,MID,LEI,5.2,3.451892458
2021-22,33,696,Diaz,MID,LIV,8.1,2.184640841
2021-22,33,51,J Ramsey,MID,AVL,4.8,0.0
2021-22,33,354,Sissoko,MID,WAT,4.4,2.480641593
2021-22,33,267,Harrison,MID,LEE,5.5,0.0
2021-22,33,318,McLean,MID,NOR,4.9,1.974761814
2021-22,33,225,Thiago,MID,LIV,5.3,2.228043182
2021-22,33,155,Schlupp,MID,CRY,5.4,1.620058977
2021-22,33,421,Rice,MID,WHU,5.0,2.935331077
2021-22,33,702,Bentancur,MID,TOT,4.9,2.376436206
2021-22,33,304,Murphy,MID,NEW,4.7,4.00600256
2021-22,33,462,Mwepu,MID,BHA,5.9,3.347495504
2021-22,33,84,Janelt,MID,BRE,4.9,2.529335239
2021-22,33,81,Canos,MID,BRE,5.5,2.508846524
2021-22,33,298,Fraser,MID,NEW,5.3,2.610791347
2021-22,33,495,Kucka,MID,WAT,5.5,2.271717917
2021-22,33,282,van de Beek,MID,EVE,5.7,2.009952413
2021-22,33,148,McArthur,MID,CRY,4.3,1.773866175
2021-22,33,587,Lookman,MID,LEI,6.0,2.317358187
2021-22,33,60,March,MID,BHA,5.3,2.939484176
2021-22,33,287,D James,MID,LEE,6.0,0.0
2021-22,33,77,Norgaard,MID,BRE,5.0,2.459346445
2021-22,33,70,Bissouma,MID,BHA,4.4,3.344239447
2021-22,33,188,Dallas,MID,LEE,4.9,0.0
2021-22,33,145,Gilmour,MID,NOR,4.3,1.641866153
2021-22,33,271,Matic,MID,MUN,4.3,3.660853262
2021-22,33,438,Podence,MID,WOL,5.5,0.0
2021-22,33,403,Louza,MID,WAT,5.2,2.097645086
2021-22,33,524,Wissa,MID,BRE,5.7,2.287203138
2021-22,33,174,Iwobi,MID,EVE,5.8,1.572491927
2021-22,33,416,Lanzini,MID,WHU,5.7,1.67346538
2021-22,33,86,Jensen,MID,BRE,4.9,2.121552557
2021-22,33,426,Moutinho,MID,WOL,4.9,0.0
2021-22,33,171,Allan,MID,EVE,4.3,1.611479497
2021-22,33,53,Lallana,MID,BHA,5.3,2.431997798
2021-22,33,436,Neves,MID,WOL,5.3,0.0
2021-22,33,581,Normann,MID,NOR,4.5,1.645482905
2021-22,33,43,Buendia,MID,AVL,6.2,0.0
2021-22,33,471,Lees-Melou,MID,NOR,4.8,1.782900711
2021-22,33,336,Redmond,MID,SOU,5.9,2.653658394
2021-22,33,50,Douglas Luiz,MID,AVL,4.4,0.0
2021-22,33,441,Neto,MID,WOL,6.3,0.0
2021-22,33,346,Tella,MID,SOU,4.7,2.436263904
2021-22,33,362,Lucas Moura,MID,TOT,6.0,1.867821505
2021-22,33,308,Almiron,MID,NEW,5.0,2.714018682
2021-22,33,239,Keita,MID,LIV,5.0,1.242586885
2021-22,33,381,Cleverley,MID,WAT,4.8,1.504999842
2021-22,33,285,McTominay,MID,MUN,5.4,0.306404751
2021-22,33,434,Dendoncker,MID,WOL,4.7,0.0
2021-22,33,492,Bailey,MID,AVL,6.3,0.0
2021-22,33,506,Elliott,MID,LIV,5.3,0.959622154
2021-22,33,274,Fred,MID,MUN,4.9,0.478013378
2021-22,33,191,K Phillips,MID,LEE,4.7,0.0
2021-22,33,203,N Mendy,MID,LEI,4.3,1.620281999
2021-22,33,459,Mata,MID,MUN,4.7,1.652215932
2021-22,33,186,Klich,MID,LEE,5.1,0.0
2021-22,33,317,Rupp,MID,NOR,4.4,1.252936879
2021-22,33,140,Hudson-Odoi,MID,CHE,5.3,0.230480334
2021-22,33,538,Caicedo,MID,BHA,4.5,1.485508592
2021-22,33,373,Skipp,MID,TOT,4.4,0.678685293
2021-22,33,323,Dowell,MID,NOR,5.1,1.261148011
2021-22,33,12,Elneny,MID,ARS,4.4,1.503595407
2021-22,33,369,Bergwijn,MID,TOT,5.9,1.353654872
2021-22,33,101,Cork,MID,BUR,4.4,0.963747869
2021-22,33,582,Vlasic,MID,WHU,5.6,1.700074105
2021-22,33,132,Loftus-Cheek,MID,CHE,5.4,1.657611573
2021-22,33,453,Fernandinho,MID,MCI,4.7,0.42392733
2021-22,33,363,Alli,MID,EVE,6.2,0.819919036
2021-22,33,309,S Longstaff,MID,NEW,4.4,0.916337959
2021-22,33,592,Saul,MID,CHE,4.9,0.381695923
2021-22,33,244,C Jones,MID,LIV,5.0,0.614241898
2021-22,33,386,W Hughes,MID,CRY,4.7,0.9340001
2021-22,33,679,Kayembe,MID,WAT,4.6,0.705333986
2021-22,33,412,Yarmolenko,MID,WHU,5.1,0.759738747
2021-22,33,108,Gudmundsson,MID,BUR,5.4,0.0
2021-22,33,366,Winks,MID,TOT,4.4,0.582821002
2021-22,33,41,Nakamba,MID,AVL,4.4,0.0
2021-22,33,328,Placheta,MID,NOR,4.7,0.641777874
2021-22,33,276,Lingard,MID,MUN,6.7,0.52563256
2021-22,33,163,Delph,MID,EVE,4.2,0.555624357
2021-22,33,211,Perez,MID,LEI,5.7,0.291678796
2021-22,33,349,I Diallo,MID,SOU,4.5,0.898700507
2021-22,33,461,Trincao,MID,WOL,5.6,0.0
2021-22,33,85,Ghoddos,MID,BRE,5.2,0.54636388
2021-22,33,458,Soumare,MID,LEI,4.8,0.479747868
2021-22,33,214,Choudhury,MID,LEI,4.4,0.321395113
2021-22,33,160,Eze,MID,CRY,5.9,0.262748152
2021-22,33,528,Tzolis,MID,NOR,4.8,0.295873857
2021-22,33,706,Mejbri,MID,MUN,4.5,0.249171558
2021-22,33,664,Patino,MID,ARS,4.5,0.30359644
2021-22,33,332,Walcott,MID,SOU,5.8,0.181611769
2021-22,33,82,Dasilva,MID,BRE,5.3,0.356921785
2021-22,33,227,Chamberlain,MID,LIV,5.8,0.182756216
2021-22,33,350,Djenepo,MID,SOU,5.2,0.173330994
2021-22,33,32,B Traore,MID,AVL,5.7,0.0
2021-22,33,42,El Ghazi,MID,EVE,5.6,0.187286429
2021-22,33,347,Smallbone,MID,SOU,4.5,0.167238143
2021-22,33,236,Minamino,MID,LIV,5.1,0.176283202
2021-22,33,221,Milner,MID,LIV,4.9,0.332505193
2021-22,33,152,Milivojevic,MID,CRY,5.3,0.548700414
2021-22,33,703,Chrisene,MID,AVL,4.5,0.0
2021-22,33,499,S Baptiste,MID,BRE,4.9,0.33476669
2021-22,33,507,Palmer,MID,MCI,4.5,0.026270578
2021-22,33,73,Alzate,MID,BHA,4.8,0.316786386
2021-22,33,102,D Stephens,MID,BUR,4.4,0.037852772
2021-22,33,405,Baah,MID,WAT,4.3,0.044807055
2021-22,33,612,Sarmiento,MID,BHA,4.5,0.035429583
2021-22,33,124,Barkley,MID,CHE,5.2,0.005167365
2021-22,33,609,Anderson,MID,NEW,4.5,0.008485403
2021-22,33,692,Hutchinson,MID,ARS,4.5,0.007616932
2021-22,33,693,Oulad,MID,ARS,4.5,0.00719352
2021-22,33,625,K Gordon,MID,LIV,4.5,0.004375839
2021-22,33,707,De Bolle,MID,NEW,4.4,0.007509902
2021-22,33,629,McAtee,MID,MCI,4.4,0.002345618
2021-22,33,720,Flores,MID,ARS,4.5,0.003741014
2021-22,33,646,Brunt,MID,LEI,4.5,0.006934136
2021-22,33,680,Chauke,MID,SOU,4.5,0.006998929
2021-22,33,157,Riedewald,MID,CRY,4.7,0.019757465
2021-22,33,714,Devine,MID,TOT,4.5,0.004183991
2021-22,33,668,H White,MID,TOT,4.4,0.004154358
2021-22,33,508,Edozie,MID,MCI,4.7,0.002101107
2021-22,33,671,Hall,MID,CHE,4.5,0.001950204
2021-22,33,721,Azeez,MID,ARS,4.5,0.003389562
2021-22,33,654,Leonard,MID,BHA,4.5,0.003394402
2021-22,33,672,Vale,MID,CHE,4.5,0.001941741
2021-22,33,613,Whitaker,MID,EVE,4.5,0.001969813
2021-22,33,634,Perkins,MID,WHU,4.5,0.004321879
2021-22,33,75,Moder,MID,BHA,4.5,0.0
2021-22,33,216,Ndidi,MID,LEI,4.8,0.0
2021-22,33,193,T Roberts,MID,LEE,4.8,0.0
2021-22,33,698,Kalu,MID,WAT,4.9,0.0
2021-22,33,479,Onyeka,MID,BRE,4.9,0.0
2021-22,33,15,Partey,MID,ARS,5.0,0.0
2021-22,33,482,Townsend,MID,EVE,5.2,0.0
2021-22,33,289,M Greenwood,MID,MUN,7.1,0.0
2021-22,33,543,Banks,MID,CRY,4.5,0.003831105
2021-22,33,605,Lavia,MID,MCI,4.4,0.001908912
2021-22,33,79,Fosu,MID,BRE,5.1,0.004001241
2021-22,33,652,Oko-Flex,MID,WHU,4.4,0.004201488
2021-22,33,620,Morton,MID,LIV,4.5,0.003754332
2021-22,33,662,Peart-Harris,MID,BRE,4.5,0.001894951
2021-22,33,716,Springett,MID,NOR,4.5,0.001576458
2021-22,33,541,Rak-Sakyi,MID,CRY,4.4,0.003700273
2021-22,33,717,Bowden,MID,TOT,4.5,0.001778281
2021-22,33,630,Onyango,MID,EVE,4.5,0.001689543
2021-22,33,614,Maghoma,MID,BRE,4.5,0.001751898
2021-22,33,718,Price,MID,EVE,4.5,0.001676037
2021-22,33,710,Chesters,MID,WHU,4.5,0.003906975
2021-22,33,628,Haygarth,MID,BRE,4.5,0.001720537
2021-22,33,683,Gibbs,MID,NOR,4.5,0.00308335
2021-22,33,687,Giles,MID,WOL,4.5,0.0
2021-22,33,172,Gomes,MID,EVE,4.9,0.164863448
2021-22,33,631,Jenkins,MID,LEE,4.5,0.0
2021-22,33,548,Campbell,MID,WOL,4.4,0.0
2021-22,33,589,Kral,MID,WHU,4.4,0.041686265
2021-22,33,551,Summerville,MID,LEE,4.5,0.0
2021-22,33,601,McKinstry,MID,LEE,4.3,0.0
2021-22,33,638,Iroegbunam,MID,AVL,4.5,0.0
2021-22,33,713,O'Reilly,MID,AVL,4.5,0.0
2021-22,33,658,Archie Gray,MID,LEE,4.5,0.0
2021-22,33,624,Bate,MID,LEE,4.5,0.0
2021-22,33,600,Kenneh,MID,LEE,4.4,0.0
2021-22,33,576,McCarron,MID,LEE,4.4,0.0
2021-22,33,526,Chukwuemeka,MID,AVL,4.5,0.0
2021-22,33,391,Sema,MID,WAT,5.2,0.161650458
2021-22,33,406,Noble,MID,WHU,4.4,0.333391315
2021-22,33,467,Etebo,MID,WAT,4.3,0.236644928
2021-22,33,648,Rowe,MID,NOR,4.4,0.655627582
2021-22,33,547,Cundle,MID,WOL,4.4,0.0
2021-22,33,34,Sanson,MID,AVL,5.0,0.0
2021-22,33,197,Shackleton,MID,LEE,4.4,0.0
2021-22,33,552,Forshaw,MID,LEE,4.5,0.0
2021-22,33,689,Chiquinho,MID,WOL,5.5,0.0
2021-22,33,357,Kane,FWD,TOT,12.5,5.387065441
2021-22,33,579,Ronaldo,FWD,MUN,12.2,8.803196515
2021-22,33,345,Adams,FWD,SOU,6.9,7.621678058
2021-22,33,109,Wood,FWD,NEW,6.7,7.759677794
2021-22,33,213,Iheanacho,FWD,LEI,7.0,6.642444468
2021-22,33,180,Richarlison,FWD,EVE,7.5,3.711546594
2021-22,33,700,Weghorst,FWD,BUR,6.4,6.105290459
2021-22,33,177,Calvert-Lewin,FWD,EVE,7.7,3.614357368
2021-22,33,78,Toney,FWD,BRE,6.7,4.062746406
2021-22,33,6,Lacazette,FWD,ARS,8.4,2.736690187
2021-22,33,40,Watkins,FWD,AVL,7.5,0.0
2021-22,33,315,Pukki,FWD,NOR,5.9,2.800074609
2021-22,33,307,Saint-Maximin,FWD,NEW,6.8,6.687760121
2021-22,33,205,Vardy,FWD,LEI,10.3,1.451173066
2021-22,33,63,Maupay,FWD,BHA,6.5,5.161641947
2021-22,33,413,Antonio,FWD,WHU,7.5,4.280705655
2021-22,33,518,Broja,FWD,SOU,5.5,5.921087533
2021-22,33,134,Werner,FWD,CHE,8.6,2.692324822
2021-22,33,450,Dennis,FWD,WAT,5.9,3.334811937
2021-22,33,104,Jay Rodriguez,FWD,BUR,5.2,5.025234047
2021-22,33,228,Firmino,FWD,LIV,8.7,3.183733651
2021-22,33,263,Jesus,FWD,MCI,8.4,2.481116762
2021-22,33,529,Lukaku,FWD,CHE,11.4,1.172380942
2021-22,33,404,Joao Pedro,FWD,WAT,5.4,2.884895198
2021-22,33,159,Mateta,FWD,CRY,5.2,2.465562974
2021-22,33,455,Daka,FWD,LEI,7.0,4.114967064
2021-22,33,447,Welbeck,FWD,BHA,5.9,4.22359238
2021-22,33,310,Joelinton,FWD,NEW,5.8,4.79673524
2021-22,33,337,Ings,FWD,AVL,7.7,0.0
2021-22,33,430,Jimenez,FWD,WOL,7.5,0.0
2021-22,33,187,Rodrigo,FWD,LEE,6.2,0.0
2021-22,33,20,Nketiah,FWD,ARS,5.4,4.087909292
2021-22,33,468,King,FWD,WAT,5.7,2.196450375
2021-22,33,111,Vydra,FWD,BUR,5.2,3.52771389
2021-22,33,153,Ayew,FWD,CRY,5.8,1.455443982
2021-22,33,516,Sargent,FWD,NOR,5.4,0.0
2021-22,33,583,Hwang,FWD,WOL,5.4,0.0
2021-22,33,586,Edouard,FWD,CRY,6.2,0.956405377
2021-22,33,525,A Armstrong,FWD,SOU,5.7,1.474875594
2021-22,33,296,Wilson,FWD,NEW,7.2,0.0
2021-22,33,105,A Barnes,FWD,BUR,5.2,1.615288552
2021-22,33,149,Benteke,FWD,CRY,6.0,0.392144923
2021-22,33,519,S Long,FWD,SOU,5.4,1.698910088
2021-22,33,269,Cavani,FWD,MUN,8.4,0.160918109
2021-22,33,235,Origi,FWD,LIV,4.8,0.098709264
2021-22,33,300,Gayle,FWD,NEW,5.2,0.092869882
2021-22,33,591,Rondon,FWD,EVE,6.0,0.022895738
2021-22,33,520,Scarlett,FWD,TOT,4.5,0.021322499
2021-22,33,694,Biereth,FWD,ARS,4.5,0.00701316
2021-22,33,533,Richardson,FWD,BUR,4.5,0.003737591
2021-22,33,704,Delap,FWD,MCI,4.5,0.002161827
2021-22,33,655,E Ferguson,FWD,BHA,4.5,0.003401495
2021-22,33,622,Tosun,FWD,EVE,5.0,0.001990186
2021-22,33,329,Idah,FWD,NOR,4.9,0.0
2021-22,33,472,Cucho,FWD,WAT,5.1,0.0
2021-22,33,189,Bamford,FWD,LEE,7.7,0.0
2021-22,33,663,Kayky,FWD,MCI,5.0,0.00189691
2021-22,33,640,Young-Coombes,FWD,BRE,4.5,0.001789544
2021-22,33,715,A Kamara,FWD,NOR,4.5,0.001549216
2021-22,33,607,Dobbin,FWD,EVE,4.5,0.001663257
2021-22,33,445,F Silva,FWD,WOL,5.6,0.0
2021-22,33,577,Gelhardt,FWD,LEE,4.6,0.0
2021-22,33,550,S Greenwood,FWD,LEE,4.5,0.0
2021-22,34,143,E Mendy,GK,CHE,6.1,7.303573407
2021-22,34,30,Martinez,GK,AVL,5.5,3.432549965
2021-22,34,231,Alisson,GK,LIV,6.0,4.654412726
2021-22,34,257,Ederson,GK,MCI,6.1,4.595002955
2021-22,34,559,Ramsdale,GK,ARS,5.1,3.881223343
2021-22,34,353,Lloris,GK,TOT,5.4,3.742147634
2021-22,34,170,Pickford,GK,EVE,4.8,2.66937346
2021-22,34,200,Schmeichel,GK,LEI,4.9,3.342565964
2021-22,34,112,Pope,GK,BUR,5.4,4.210124557
2021-22,34,270,de Gea,GK,MUN,5.1,6.828887517
2021-22,34,146,Guaita,GK,CRY,4.6,3.701481213
2021-22,34,475,Sa,GK,WOL,5.3,3.651093566
2021-22,34,199,Meslier,GK,LEE,4.8,3.460306102
2021-22,34,69,R Sanchez,GK,BHA,4.6,3.851336647
2021-22,34,314,Krul,GK,NOR,4.5,3.275506239
2021-22,34,80,Raya,GK,BRE,4.3,3.080733274
2021-22,34,408,Fabianski,GK,WHU,5.0,2.884422148
2021-22,34,295,Dubravka,GK,NEW,4.5,3.840602976
2021-22,34,376,Foster,GK,WAT,4.1,1.683463509
2021-22,34,333,Forster,GK,SOU,4.4,3.027127834
2021-22,34,334,McCarthy,GK,SOU,4.3,0.320093436
2021-22,34,129,Kepa,GK,CHE,4.5,0.290155658
2021-22,34,389,Bachmann,GK,WAT,4.1,0.210146046
2021-22,34,156,Butland,GK,CRY,4.4,0.197201018
2021-22,34,489,Areola,GK,WHU,4.7,0.155009524
2021-22,34,242,Kelleher,GK,LIV,4.3,0.105671658
2021-22,34,260,Steffen,GK,MCI,4.4,0.087606911
2021-22,34,448,Gunn,GK,NOR,4.0,0.155011436
2021-22,34,691,Olsen,GK,AVL,4.0,0.069823035
2021-22,34,480,Hennessey,GK,BUR,4.5,0.103728887
2021-22,34,280,D Henderson,GK,MUN,4.7,0.169414943
2021-22,34,1,Leno,GK,ARS,4.5,0.075591454
2021-22,34,486,Gollini,GK,TOT,4.2,0.070152871
2021-22,34,294,Darlow,GK,NEW,4.5,0.100604361
2021-22,34,54,Steele,GK,BHA,3.9,0.077930684
2021-22,34,204,D Ward,GK,LEI,4.0,0.060648103
2021-22,34,481,Begovic,GK,EVE,4.0,0.044405077
2021-22,34,490,Klaesson,GK,LEE,4.3,0.069297873
2021-22,34,452,Ruddy,GK,WOL,4.3,0.070744593
2021-22,34,673,Lossl,GK,BRE,4.5,0.056328589
2021-22,34,606,Bettinelli,GK,CHE,4.0,0.015420789
2021-22,34,593,Carson,GK,MCI,3.9,0.009541622
2021-22,34,561,Matthews,GK,CRY,3.9,0.007892338
2021-22,34,114,Norris,GK,BUR,4.3,0.008200238
2021-22,34,509,Heaton,GK,MUN,3.9,0.013261634
2021-22,34,596,Sinisalo,GK,AVL,4.0,0.005910554
2021-22,34,573,Jakupovic,GK,LEI,3.9,0.006591086
2021-22,34,688,McGill,GK,BHA,4.0,0.007767251
2021-22,34,571,Lonergan,GK,EVE,3.9,0.004366594
2021-22,34,556,A Fernandez,GK,BRE,4.5,0.006570444
2021-22,34,572,Okonkwo,GK,ARS,3.9,0.003548575
2021-22,34,407,Randolph,GK,WHU,4.3,0.005503159
2021-22,34,656,Pitaluga,GK,LIV,4.0,0.003580516
2021-22,34,313,McGovern,GK,NOR,3.9,0.006543074
2021-22,34,574,Elliot,GK,WAT,4.0,0.003574384
2021-22,34,641,Caballero,GK,SOU,4.2,0.011994266
2021-22,34,223,Adrian,GK,LIV,4.3,0.000935554
2021-22,34,619,Cox,GK,BRE,4.0,0.002823361
2021-22,34,615,Slicker,GK,MCI,4.0,0.000847716
2021-22,34,514,Gillespie,GK,NEW,3.9,0.000812476
2021-22,34,616,Tyrer,GK,EVE,4.0,0.000425801
2021-22,34,666,McCracken,GK,NOR,4.0,0.005892357
2021-22,34,642,Angelini,GK,WAT,4.0,0.00030073
2021-22,34,659,Austin,GK,TOT,4.0,0.004161624
2021-22,34,708,Waller,GK,BUR,4.0,0.004399669
2021-22,34,621,Storer,GK,WOL,4.0,0.004049128
2021-22,34,637,H Lewis,GK,SOU,3.9,0.003792237
2021-22,34,237,Trent,DEF,LIV,8.4,6.617950331
2021-22,34,256,Cancelo,DEF,MCI,7.1,6.107475858
2021-22,34,142,R James,DEF,CHE,6.3,7.258776458
2021-22,34,234,Robertson,DEF,LIV,7.3,5.413645576
2021-22,34,122,Alonso,DEF,CHE,5.5,7.130869934
2021-22,34,119,Azpilicueta,DEF,CHE,5.6,6.923391941
2021-22,34,121,T Silva,DEF,CHE,5.6,6.538142521
2021-22,34,229,van Dijk,DEF,LIV,6.8,4.833957568
2021-22,34,259,Laporte,DEF,MCI,5.9,5.098394883
2021-22,34,262,Dias,DEF,MCI,6.1,4.720280983
2021-22,34,44,Cash,DEF,AVL,5.2,2.866933513
2021-22,34,224,Matip,DEF,LIV,5.0,3.652471452
2021-22,34,23,Gabriel,DEF,ARS,5.4,3.416047398
2021-22,34,38,Mings,DEF,AVL,5.0,2.757494795
2021-22,34,45,Konsa,DEF,AVL,4.9,2.523675268
2021-22,34,127,Rudiger,DEF,CHE,6.2,0.47864762
2021-22,34,67,B White,DEF,ARS,4.6,3.159530994
2021-22,34,488,Andersen,DEF,CRY,4.6,3.647369553
2021-22,34,133,Christensen,DEF,CHE,4.6,4.366861833
2021-22,34,588,Emerson R,DEF,TOT,4.5,3.178164021
2021-22,34,258,Ake,DEF,MCI,4.7,1.439988171
2021-22,34,361,Dier,DEF,TOT,4.6,3.11058806
2021-22,34,477,Guehi,DEF,CRY,4.5,3.41704282
2021-22,34,364,Ben T Davies,DEF,TOT,4.4,3.05135019
2021-22,34,584,Cucurella,DEF,BHA,4.9,3.903156736
2021-22,34,98,Tarkowski,DEF,BUR,4.9,3.79347851
2021-22,34,555,Varane,DEF,MUN,5.5,5.14470418
2021-22,34,162,Mitchell,DEF,CRY,4.5,3.427122586
2021-22,34,59,Dunk,DEF,BHA,4.8,3.832413945
2021-22,34,113,Taylor,DEF,BUR,4.4,3.58839883
2021-22,34,494,Romero,DEF,TOT,4.8,2.868285224
2021-22,34,437,Semedo,DEF,WOL,4.8,3.1944262
2021-22,34,273,Maguire,DEF,MUN,5.4,4.879466392
2021-22,34,370,Reguilon,DEF,TOT,5.1,2.32272758
2021-22,34,52,Young,DEF,AVL,4.7,2.334076797
2021-22,34,279,Telles,DEF,MUN,5.1,4.475107834
2021-22,34,527,T Chalobah,DEF,CHE,4.7,4.971315459
2021-22,34,165,Coleman,DEF,EVE,4.9,1.222918554
2021-22,34,264,Zinchenko,DEF,MCI,5.3,4.304297727
2021-22,34,61,Webster,DEF,BHA,4.3,3.566969715
2021-22,34,252,Stones,DEF,MCI,5.2,1.048167062
2021-22,34,590,Tomiyasu,DEF,ARS,4.5,0.832060823
2021-22,34,429,Coady,DEF,WOL,4.8,3.140858073
2021-22,34,220,Fofana,DEF,LEI,4.3,2.258418095
2021-22,34,62,Veltman,DEF,BHA,4.2,3.34115694
2021-22,34,5,Cedric,DEF,ARS,4.2,2.664109398
2021-22,34,201,Evans,DEF,LEI,5.4,2.034492436
2021-22,34,175,Mina,DEF,EVE,4.9,0.83333622
2021-22,34,217,Soyuncu,DEF,LEI,4.9,2.136997231
2021-22,34,428,Boly,DEF,WOL,4.9,3.110627451
2021-22,34,106,Mee,DEF,BUR,4.7,0.596211192
2021-22,34,179,Godfrey,DEF,EVE,4.7,1.025641348
2021-22,34,288,Wan-Bissaka,DEF,MUN,5.1,3.815640216
2021-22,34,411,A Cresswell,DEF,WHU,5.5,2.344909483
2021-22,34,218,Justin,DEF,LEI,4.9,1.793757676
2021-22,34,209,Castagne,DEF,LEI,5.3,1.920045566
2021-22,34,207,R Pereira,DEF,LEI,5.2,1.779048004
2021-22,34,675,Mykolenko,DEF,EVE,4.9,1.033621972
2021-22,34,185,Ayling,DEF,LEE,4.3,2.748713309
2021-22,34,368,Sessegnon,DEF,TOT,4.3,1.900456423
2021-22,34,493,Clyne,DEF,CRY,4.3,2.212785768
2021-22,34,431,Saiss,DEF,WOL,4.9,3.072369412
2021-22,34,585,C Roberts,DEF,BUR,4.4,2.057454605
2021-22,34,150,Kouyate,DEF,CRY,4.5,2.532273765
2021-22,34,466,Tavares,DEF,ARS,4.3,2.181367726
2021-22,34,501,M Sarr,DEF,CHE,4.9,2.598465827
2021-22,34,10,Chambers,DEF,AVL,4.2,1.056507532
2021-22,34,76,Jansson,DEF,BRE,4.4,2.488840274
2021-22,34,414,Dawson,DEF,WHU,4.9,2.086886271
2021-22,34,39,Targett,DEF,NEW,4.7,3.642629471
2021-22,34,510,Dalot,DEF,MUN,4.2,2.85075009
2021-22,34,71,Lamptey,DEF,BHA,4.5,2.836294369
2021-22,34,343,Bednarek,DEF,SOU,4.4,2.82275542
2021-22,34,319,Hanley,DEF,NOR,4.4,2.928215663
2021-22,34,110,Lowton,DEF,BUR,4.4,1.84455864
2021-22,34,83,Henry,DEF,BRE,4.5,2.415545296
2021-22,34,243,Konate,DEF,LIV,5.1,1.31027381
2021-22,34,342,Walker-Peters,DEF,SOU,4.8,2.687657089
2021-22,34,470,Ait-Nouri,DEF,WOL,4.2,1.880045601
2021-22,34,169,Keane,DEF,EVE,4.7,0.926135666
2021-22,34,451,Collins,DEF,BUR,4.3,3.358167539
2021-22,34,483,Ajer,DEF,BRE,4.4,2.333914077
2021-22,34,305,Schar,DEF,NEW,4.4,3.281662422
2021-22,34,326,Aarons,DEF,NOR,4.3,2.759179544
2021-22,34,382,Femenia,DEF,WAT,4.3,0.793550861
2021-22,34,58,Burn,DEF,NEW,4.4,3.212273277
2021-22,34,677,Samir,DEF,WAT,4.5,0.630255589
2021-22,34,676,H Kamara,DEF,WAT,4.5,0.574912063
2021-22,34,456,Gibson,DEF,NOR,4.4,2.700431048
2021-22,34,367,D Sanchez,DEF,TOT,4.3,0.943860911
2021-22,34,219,L Thomas,DEF,LEI,4.3,1.147834469
2021-22,34,491,Livramento,DEF,SOU,4.3,2.150619704
2021-22,34,190,Llorente,DEF,LEE,4.5,2.131020274
2021-22,34,474,J Ward,DEF,CRY,4.5,0.989422333
2021-22,34,418,Coufal,DEF,WHU,4.7,1.174010347
2021-22,34,284,Lindelof,DEF,MUN,4.8,1.668770405
2021-22,34,351,Salisu,DEF,SOU,4.5,2.472257525
2021-22,34,678,Trippier,DEF,NEW,4.9,0.597058143
2021-22,34,245,Tsimikas,DEF,LIV,3.7,0.646220377
2021-22,34,439,Kilman,DEF,WOL,4.5,0.0
2021-22,34,425,Johnson,DEF,WHU,3.9,1.593770555
2021-22,34,184,Cooper,DEF,LEE,4.4,1.625271908
2021-22,34,432,Marcal,DEF,WOL,4.2,1.214843031
2021-22,34,91,Pinnock,DEF,BRE,4.4,0.0
2021-22,34,249,Walker,DEF,MCI,5.4,0.121280347
2021-22,34,36,Hause,DEF,AVL,4.4,0.0
2021-22,34,208,Amartey,DEF,LEI,4.0,0.691765319
2021-22,34,384,Kabasele,DEF,WAT,4.3,0.536385235
2021-22,34,290,B Williams,DEF,NOR,3.9,2.466881895
2021-22,34,433,Jonny,DEF,WOL,4.5,0.758533088
2021-22,34,56,Duffy,DEF,BHA,4.0,0.616952196
2021-22,34,460,Perraud,DEF,SOU,4.8,1.046877912
2021-22,34,90,M Sorensen,DEF,BRE,4.3,1.685563676
2021-22,34,303,Krafth,DEF,NEW,4.3,2.229845197
2021-22,34,299,Lascelles,DEF,NEW,4.4,1.076607343
2021-22,34,198,Struijk,DEF,LEE,4.3,1.275183515
2021-22,34,128,Zouma,DEF,WHU,5.4,0.0
2021-22,34,178,Holgate,DEF,EVE,4.2,0.303582486
2021-22,34,89,Roerslev,DEF,BRE,4.1,1.940967728
2021-22,34,238,Gomez,DEF,LIV,4.7,0.30101748
2021-22,34,379,Cathcart,DEF,WAT,4.3,0.488710131
2021-22,34,147,Tomkins,DEF,CRY,4.3,0.26637854
2021-22,34,502,Kenny,DEF,EVE,4.4,0.181656064
2021-22,34,151,Kelly,DEF,CRY,3.8,0.080131624
2021-22,34,100,Pieters,DEF,BUR,4.1,0.229621726
2021-22,34,554,J Baptiste,DEF,WHU,3.9,0.564507013
2021-22,34,14,Holding,DEF,ARS,4.1,0.765182007
2021-22,34,302,Manquillo,DEF,NEW,3.9,0.734644259
2021-22,34,644,Alese,DEF,WHU,4.0,0.512123309
2021-22,34,194,Koch,DEF,LEE,4.3,1.298092832
2021-22,34,685,Toti,DEF,WOL,4.4,0.216994671
2021-22,34,463,Firpo,DEF,LEE,4.7,0.902405162
2021-22,34,473,Bertrand,DEF,LEI,4.6,0.072106409
2021-22,34,446,Mosquera,DEF,WOL,4.4,0.213428614
2021-22,34,247,R Williams,DEF,LIV,4.4,0.046451382
2021-22,34,340,Vestergaard,DEF,LEI,4.7,0.06578709
2021-22,34,292,Ritchie,DEF,NEW,4.9,0.507460804
2021-22,34,99,Bardsley,DEF,BUR,3.9,0.120025232
2021-22,34,465,F Fernandez,DEF,NEW,4.3,0.094447916
2021-22,34,158,Jach,DEF,CRY,4.2,0.040770676
2021-22,34,338,J Stephens,DEF,SOU,4.4,0.127316462
2021-22,34,374,Rodon,DEF,TOT,4.2,0.036367725
2021-22,34,286,Bailly,DEF,MUN,4.9,0.058390358
2021-22,34,544,Branthwaite,DEF,EVE,4.0,0.016196436
2021-22,34,103,K Long,DEF,BUR,4.0,0.078585665
2021-22,34,301,Dummett,DEF,NEW,4.5,0.079191566
2021-22,34,632,P Jones,DEF,MUN,4.5,0.024995179
2021-22,34,327,J Sorensen,DEF,NOR,4.3,0.065292337
2021-22,34,390,Masina,DEF,WAT,4.3,0.139691159
2021-22,34,610,Bogarde,DEF,AVL,4.0,0.004745541
2021-22,34,560,H Roberts,DEF,BHA,3.9,0.006294959
2021-22,34,565,Dodgson,DEF,BUR,3.9,0.003467446
2021-22,34,690,Kenedy,DEF,CHE,4.5,0.004798192
2021-22,34,667,Small,DEF,SOU,4.0,0.028036954
2021-22,34,534,B Thomas,DEF,BUR,3.9,0.003228373
2021-22,34,540,Hannam,DEF,CRY,3.9,0.005338958
2021-22,34,331,Omobamidele,DEF,NOR,3.9,0.0
2021-22,34,424,Diop,DEF,WHU,4.2,0.0
2021-22,34,674,Patterson,DEF,EVE,4.2,0.0
2021-22,34,371,Tanganga,DEF,TOT,4.2,0.0
2021-22,34,396,Sierralta,DEF,WAT,4.3,0.0
2021-22,34,387,Troost-Ekong,DEF,WAT,4.3,0.0
2021-22,34,580,Kabak,DEF,NOR,4.3,0.0
2021-22,34,594,Zanka,DEF,BRE,4.5,0.0
2021-22,34,161,N Ferguson,DEF,CRY,4.5,0.0
2021-22,34,360,Doherty,DEF,TOT,4.7,0.0
2021-22,34,409,Ogbonna,DEF,WHU,4.9,0.0
2021-22,34,275,Shaw,DEF,MUN,5.0,0.0
2021-22,34,168,Digne,DEF,AVL,5.0,0.0
2021-22,34,16,Tierney,DEF,ARS,5.0,0.0
2021-22,34,135,Chilwell,DEF,CHE,5.6,0.0
2021-22,34,604,Wilson-Esbrand,DEF,MCI,3.9,0.002524546
2021-22,34,603,Mbete,DEF,MCI,3.9,0.002501965
2021-22,34,651,Egan-Riley,DEF,MCI,4.0,0.002446708
2021-22,34,569,Stevens,DEF,BRE,3.9,0.009367928
2021-22,34,626,Bradley,DEF,LIV,4.0,0.004979041
2021-22,34,627,Beck,DEF,LIV,4.0,0.00490862
2021-22,34,660,Quansah,DEF,LIV,4.0,0.004800617
2021-22,34,724,Lavinier,DEF,TOT,4.0,0.001869714
2021-22,34,719,Ogungbo,DEF,ARS,4.0,0.001805116
2021-22,34,712,Offiah,DEF,BHA,4.0,0.001902326
2021-22,34,711,Swanson,DEF,ARS,4.0,0.004069415
2021-22,34,684,K Hayden,DEF,AVL,4.0,0.003743701
2021-22,34,623,Welch,DEF,EVE,4.0,0.001320622
2021-22,34,722,Jeanvier,DEF,BRE,4.0,0.001672424
2021-22,34,546,Valery,DEF,SOU,3.9,0.004533573
2021-22,34,709,Adaramola,DEF,CRY,4.0,0.004205722
2021-22,34,705,Awe,DEF,ARS,4.0,0.003920311
2021-22,34,670,Feeney,DEF,AVL,4.0,0.003599146
2021-22,34,653,Turns,DEF,BHA,4.0,0.004194922
2021-22,34,598,Omole,DEF,TOT,3.9,0.003895808
2021-22,34,639,Daley-Campbell,DEF,LEI,4.0,0.003836991
2021-22,34,645,B Nelson,DEF,LEI,4.0,0.003764238
2021-22,34,563,C Cresswell,DEF,LEE,4.0,0.009701947
2021-22,34,617,Ashby,DEF,WHU,4.0,0.00337798
2021-22,34,635,Bueno,DEF,WOL,4.0,0.003894866
2021-22,34,682,Ekwah,DEF,WHU,4.0,0.003238069
2021-22,34,608,Hjelde,DEF,LEE,4.0,0.003606974
2021-22,34,657,Moore,DEF,LEE,4.0,0.003585291
2021-22,34,633,Morris,DEF,WAT,4.0,0.002386298
2021-22,34,643,Tomkinson,DEF,NOR,4.0,0.027812782
2021-22,34,443,Hoever,DEF,WOL,3.9,0.109534295
2021-22,34,618,Nkoulou,DEF,WAT,4.4,0.043802604
2021-22,34,324,Zimmermann,DEF,NOR,4.4,0.243099498
2021-22,34,321,Byram,DEF,NOR,4.4,0.279242726
2021-22,34,457,Giannoulis,DEF,NOR,4.4,0.28011929
2021-22,34,567,Lyanco,DEF,SOU,4.4,0.40294519
2021-22,34,400,Ngakia,DEF,WAT,4.2,0.143170218
2021-22,34,417,Masuaku,DEF,WHU,4.4,0.216327696
2021-22,34,415,Fredericks,DEF,WHU,4.4,0.208100111
2021-22,34,233,Salah,MID,LIV,13.2,6.926485799
2021-22,34,359,Son,MID,TOT,11.1,5.228275216
2021-22,34,251,De Bruyne,MID,MCI,11.8,6.010874072
2021-22,34,681,Coutinho,MID,AVL,7.1,4.097958393
2021-22,34,230,Mane,MID,LIV,11.7,5.52325229
2021-22,34,138,Mount,MID,CHE,7.6,7.18899607
2021-22,34,141,Havertz,MID,CHE,7.9,7.198167244
2021-22,34,265,Foden,MID,MCI,7.8,4.377516661
2021-22,34,255,Sterling,MID,MCI,10.5,5.698477074
2021-22,34,212,Maddison,MID,LEI,7.0,3.729312837
2021-22,34,277,Fernandes,MID,MUN,11.6,7.977713431
2021-22,34,215,H Barnes,MID,LEI,6.6,3.661572673
2021-22,34,154,Zaha,MID,CRY,6.8,4.576817494
2021-22,34,240,Jota,MID,LIV,8.3,4.417225013
2021-22,34,22,Saka,MID,ARS,6.8,3.969951541
2021-22,34,261,B Silva,MID,MCI,7.0,4.192978363
2021-22,34,254,Mahrez,MID,MCI,8.6,3.378402336
2021-22,34,196,Raphinha,MID,LEE,6.4,3.853029977
2021-22,34,210,Tielemans,MID,LEI,6.4,3.300645631
2021-22,34,399,I Sarr,MID,WAT,5.7,2.499471557
2021-22,34,485,Sancho,MID,MUN,8.9,6.768196252
2021-22,34,701,Kulusevski,MID,TOT,6.4,3.482762844
2021-22,34,144,Gallagher,MID,CRY,6.1,3.953284027
2021-22,34,558,Odegaard,MID,ARS,5.6,3.375896404
2021-22,34,420,Bowen,MID,WHU,6.9,3.331748132
2021-22,34,503,A Gordon,MID,EVE,4.6,2.392940681
2021-22,34,35,McGinn,MID,AVL,5.6,2.66019117
2021-22,34,130,Kante,MID,CHE,4.9,5.300551448
2021-22,34,699,Eriksen,MID,BRE,5.6,3.689695615
2021-22,34,51,J Ramsey,MID,AVL,4.7,2.619699344
2021-22,34,33,Grealish,MID,MCI,7.5,3.713491008
2021-22,34,578,Cornet,MID,BUR,5.9,3.209824668
2021-22,34,250,Gundogan,MID,MCI,7.1,2.427551716
2021-22,34,21,Smith Rowe,MID,ARS,5.7,3.008289689
2021-22,34,505,Dewsbury-Hall,MID,LEI,4.4,2.621798839
2021-22,34,267,Harrison,MID,LEE,5.5,3.074143767
2021-22,34,696,Diaz,MID,LIV,7.9,3.338750015
2021-22,34,96,Mbeumo,MID,BRE,5.2,3.454060495
2021-22,34,64,Trossard,MID,BHA,5.8,3.501353139
2021-22,34,26,Martinelli,MID,ARS,5.3,2.898745586
2021-22,34,341,Ward-Prowse,MID,SOU,6.4,3.290005764
2021-22,34,281,Rashford,MID,MUN,9.4,5.563843234
2021-22,34,266,Rodri,MID,MCI,5.5,2.911453191
2021-22,34,123,Jorginho,MID,CHE,5.7,5.341588314
2021-22,34,484,D Gray,MID,EVE,5.5,2.31432243
2021-22,34,137,Pulisic,MID,CHE,7.9,3.664097879
2021-22,34,232,Fabinho,MID,LIV,5.4,2.940883648
2021-22,34,422,Soucek,MID,WHU,5.7,2.849837349
2021-22,34,464,Olise,MID,CRY,5.4,2.531067856
2021-22,34,449,Rashica,MID,NOR,5.2,2.867739531
2021-22,34,287,D James,MID,LEE,6.0,2.705556365
2021-22,34,188,Dallas,MID,LEE,4.9,2.718826802
2021-22,34,365,Hojbjerg,MID,TOT,4.8,2.616582253
2021-22,34,7,Xhaka,MID,ARS,4.8,2.628811412
2021-22,34,131,Ziyech,MID,CHE,7.3,3.127745864
2021-22,34,587,Lookman,MID,LEI,5.9,1.928693912
2021-22,34,512,Elanga,MID,MUN,4.8,4.959399585
2021-22,34,173,Doucoure,MID,EVE,5.3,1.874143705
2021-22,34,174,Iwobi,MID,EVE,5.8,2.226466538
2021-22,34,222,J Henderson,MID,LIV,4.9,2.62803638
2021-22,34,115,Brownhill,MID,BUR,4.3,2.756362549
2021-22,34,155,Schlupp,MID,CRY,5.4,2.759650003
2021-22,34,285,McTominay,MID,MUN,5.4,4.315719348
2021-22,34,426,Moutinho,MID,WOL,4.9,2.656646482
2021-22,34,419,Benrahma,MID,WHU,5.9,2.420656632
2021-22,34,318,McLean,MID,NOR,4.9,2.534990635
2021-22,34,132,Loftus-Cheek,MID,CHE,5.4,2.513046882
2021-22,34,50,Douglas Luiz,MID,AVL,4.4,2.008730614
2021-22,34,517,Elyounoussi,MID,SOU,5.4,2.458274134
2021-22,34,118,McNeil,MID,BUR,5.5,2.518974794
2021-22,34,225,Thiago,MID,LIV,5.3,2.425897756
2021-22,34,43,Buendia,MID,AVL,6.1,1.892991294
2021-22,34,441,Neto,MID,WOL,6.2,2.547895485
2021-22,34,702,Bentancur,MID,TOT,4.9,2.374870891
2021-22,34,186,Klich,MID,LEE,5.1,2.34154936
2021-22,34,354,Sissoko,MID,WAT,4.4,1.753587636
2021-22,34,74,Mac Allister,MID,BHA,5.1,2.80178555
2021-22,34,524,Wissa,MID,BRE,5.7,2.939054503
2021-22,34,148,McArthur,MID,CRY,4.3,2.443886189
2021-22,34,423,Fornals,MID,WHU,6.0,2.36100748
2021-22,34,19,Willock,MID,NEW,5.6,2.978177169
2021-22,34,697,Guimaraes,MID,NEW,4.9,3.167332786
2021-22,34,171,Allan,MID,EVE,4.3,1.766884029
2021-22,34,101,Cork,MID,BUR,4.4,2.354815302
2021-22,34,239,Keita,MID,LIV,5.0,1.976726131
2021-22,34,434,Dendoncker,MID,WOL,4.7,2.649747886
2021-22,34,436,Neves,MID,WOL,5.2,0.0
2021-22,34,339,S Armstrong,MID,SOU,5.8,2.44646382
2021-22,34,145,Gilmour,MID,NOR,4.3,2.293330922
2021-22,34,495,Kucka,MID,WAT,5.5,1.590054651
2021-22,34,492,Bailey,MID,AVL,6.3,1.603087863
2021-22,34,55,Gross,MID,BHA,5.7,2.394586367
2021-22,34,77,Norgaard,MID,BRE,5.0,2.434647617
2021-22,34,421,Rice,MID,WHU,5.0,2.272901789
2021-22,34,191,K Phillips,MID,LEE,4.7,2.122212755
2021-22,34,271,Matic,MID,MUN,4.3,3.909882897
2021-22,34,478,Lokonga,MID,ARS,4.8,2.059904308
2021-22,34,291,Shelvey,MID,NEW,5.3,2.733457221
2021-22,34,84,Janelt,MID,BRE,4.9,2.410721651
2021-22,34,416,Lanzini,MID,WHU,5.6,2.142558446
2021-22,34,438,Podence,MID,WOL,5.5,0.0
2021-22,34,202,Albrighton,MID,LEI,5.2,1.293744793
2021-22,34,125,Kovacic,MID,CHE,4.9,0.0
2021-22,34,403,Louza,MID,WAT,5.2,1.486267872
2021-22,34,81,Canos,MID,BRE,5.5,0.0
2021-22,34,581,Normann,MID,NOR,4.5,2.074904726
2021-22,34,60,March,MID,BHA,5.3,1.837938609
2021-22,34,575,Lennon,MID,BUR,4.8,1.971031295
2021-22,34,335,Romeu,MID,SOU,4.5,2.21768979
2021-22,34,304,Murphy,MID,NEW,4.7,2.532950123
2021-22,34,282,van de Beek,MID,EVE,5.7,0.0
2021-22,34,471,Lees-Melou,MID,NOR,4.8,2.203611835
2021-22,34,461,Trincao,MID,WOL,5.6,2.003264696
2021-22,34,462,Mwepu,MID,BHA,5.9,1.979934883
2021-22,34,17,Pepe,MID,ARS,6.9,1.380597569
2021-22,34,274,Fred,MID,MUN,4.9,0.349521814
2021-22,34,538,Caicedo,MID,BHA,4.5,2.543683885
2021-22,34,140,Hudson-Odoi,MID,CHE,5.3,0.578109653
2021-22,34,362,Lucas Moura,MID,TOT,6.0,1.687716766
2021-22,34,453,Fernandinho,MID,MCI,4.7,0.726854458
2021-22,34,381,Cleverley,MID,WAT,4.8,1.17642842
2021-22,34,41,Nakamba,MID,AVL,4.4,1.128246918
2021-22,34,276,Lingard,MID,MUN,6.7,1.853265188
2021-22,34,70,Bissouma,MID,BHA,4.4,0.0
2021-22,34,506,Elliott,MID,LIV,5.3,0.508724051
2021-22,34,53,Lallana,MID,BHA,5.3,1.419376646
2021-22,34,86,Jensen,MID,BRE,4.9,1.772433176
2021-22,34,323,Dowell,MID,NOR,5.1,1.605818959
2021-22,34,203,N Mendy,MID,LEI,4.3,1.14908073
2021-22,34,592,Saul,MID,CHE,4.9,1.153266935
2021-22,34,373,Skipp,MID,TOT,4.4,0.0
2021-22,34,163,Delph,MID,EVE,4.2,1.318021073
2021-22,34,32,B Traore,MID,AVL,5.7,0.0
2021-22,34,108,Gudmundsson,MID,BUR,5.4,0.090850711
2021-22,34,317,Rupp,MID,NOR,4.4,1.360862686
2021-22,34,308,Almiron,MID,NEW,5.0,1.72165604
2021-22,34,336,Redmond,MID,SOU,5.9,1.246382013
2021-22,34,346,Tella,MID,SOU,4.7,1.148209384
2021-22,34,298,Fraser,MID,NEW,5.3,0.0
2021-22,34,703,Chrisene,MID,AVL,4.5,0.292050408
2021-22,34,211,Perez,MID,LEI,5.7,0.202178701
2021-22,34,244,C Jones,MID,LIV,5.0,0.425891246
2021-22,34,366,Winks,MID,TOT,4.4,0.90617567
2021-22,34,507,Palmer,MID,MCI,4.5,0.028803215
2021-22,34,124,Barkley,MID,CHE,5.2,0.010325211
2021-22,34,75,Moder,MID,BHA,4.5,0.0
2021-22,34,552,Forshaw,MID,LEE,4.5,0.0
2021-22,34,216,Ndidi,MID,LEI,4.8,0.0
2021-22,34,193,T Roberts,MID,LEE,4.8,0.0
2021-22,34,698,Kalu,MID,WAT,4.9,0.0
2021-22,34,479,Onyeka,MID,BRE,4.9,0.0
2021-22,34,15,Partey,MID,ARS,5.0,0.0
2021-22,34,107,Westwood,MID,BUR,5.2,0.0
2021-22,34,482,Townsend,MID,EVE,5.2,0.0
2021-22,34,289,M Greenwood,MID,MUN,7.1,0.0
2021-22,34,272,Pogba,MID,MUN,7.4,0.0
2021-22,34,629,McAtee,MID,MCI,4.4,0.002535348
2021-22,34,671,Hall,MID,CHE,4.5,0.00387264
2021-22,34,672,Vale,MID,CHE,4.5,0.003860976
2021-22,34,508,Edozie,MID,MCI,4.7,0.002198856
2021-22,34,723,Garnacho,MID,MUN,4.5,0.003606957
2021-22,34,720,Flores,MID,ARS,4.5,0.001966275
2021-22,34,625,K Gordon,MID,LIV,4.5,0.004625544
2021-22,34,613,Whitaker,MID,EVE,4.5,0.001745292
2021-22,34,605,Lavia,MID,MCI,4.4,0.001952096
2021-22,34,687,Giles,MID,WOL,4.5,0.001919071
2021-22,34,716,Springett,MID,NOR,4.5,0.001870938
2021-22,34,662,Peart-Harris,MID,BRE,4.5,0.001846936
2021-22,34,631,Jenkins,MID,LEE,4.5,0.001793217
2021-22,34,654,Leonard,MID,BHA,4.5,0.001862996
2021-22,34,721,Azeez,MID,ARS,4.5,0.001747543
2021-22,34,717,Bowden,MID,TOT,4.5,0.001735476
2021-22,34,548,Campbell,MID,WOL,4.4,0.001731889
2021-22,34,630,Onyango,MID,EVE,4.5,0.001582758
2021-22,34,718,Price,MID,EVE,4.5,0.001579292
2021-22,34,614,Maghoma,MID,BRE,4.5,0.001715948
2021-22,34,714,Devine,MID,TOT,4.5,0.00405346
2021-22,34,628,Haygarth,MID,BRE,4.5,0.001682526
2021-22,34,668,H White,MID,TOT,4.4,0.004027228
2021-22,34,692,Hutchinson,MID,ARS,4.5,0.004042006
2021-22,34,543,Banks,MID,CRY,4.5,0.004019456
2021-22,34,551,Summerville,MID,LEE,4.5,0.024118834
2021-22,34,609,Anderson,MID,NEW,4.5,0.004387389
2021-22,34,620,Morton,MID,LIV,4.5,0.003917087
2021-22,34,634,Perkins,MID,WHU,4.5,0.003765431
2021-22,34,79,Fosu,MID,BRE,5.1,0.003875816
2021-22,34,693,Oulad,MID,ARS,4.5,0.003746292
2021-22,34,541,Rak-Sakyi,MID,CRY,4.4,0.003823517
2021-22,34,652,Oko-Flex,MID,WHU,4.4,0.003680702
2021-22,34,601,McKinstry,MID,LEE,4.3,0.00367491
2021-22,34,638,Iroegbunam,MID,AVL,4.5,0.003467236
2021-22,34,713,O'Reilly,MID,AVL,4.5,0.003444699
2021-22,34,646,Brunt,MID,LEI,4.5,0.00350226
2021-22,34,658,Archie Gray,MID,LEE,4.5,0.003584438
2021-22,34,683,Gibbs,MID,NOR,4.5,0.003653398
2021-22,34,710,Chesters,MID,WHU,4.5,0.003529343
2021-22,34,707,De Bolle,MID,NEW,4.4,0.003819972
2021-22,34,624,Bate,MID,LEE,4.5,0.003516254
2021-22,34,600,Kenneh,MID,LEE,4.4,0.003423361
2021-22,34,680,Chauke,MID,SOU,4.5,0.003472925
2021-22,34,576,McCarron,MID,LEE,4.4,0.021483646
2021-22,34,526,Chukwuemeka,MID,AVL,4.5,0.019410328
2021-22,34,157,Riedewald,MID,CRY,4.7,0.020727321
2021-22,34,612,Sarmiento,MID,BHA,4.5,0.019370117
2021-22,34,405,Baah,MID,WAT,4.3,0.037645777
2021-22,34,160,Eze,MID,CRY,5.9,0.548770474
2021-22,34,42,El Ghazi,MID,EVE,5.6,0.077827765
2021-22,34,332,Walcott,MID,SOU,5.8,0.086798177
2021-22,34,12,Elneny,MID,ARS,4.4,1.043369312
2021-22,34,227,Chamberlain,MID,LIV,5.8,0.19354479
2021-22,34,350,Djenepo,MID,SOU,5.2,0.081947141
2021-22,34,347,Smallbone,MID,SOU,4.5,0.081626257
2021-22,34,34,Sanson,MID,AVL,5.0,0.0
2021-22,34,664,Patino,MID,ARS,4.5,0.079219295
2021-22,34,236,Minamino,MID,LIV,5.1,0.187065642
2021-22,34,459,Mata,MID,MUN,4.7,1.087859806
2021-22,34,172,Gomes,MID,EVE,4.9,0.0
2021-22,34,363,Alli,MID,EVE,6.2,0.705777876
2021-22,34,369,Bergwijn,MID,TOT,5.9,1.076330795
2021-22,34,528,Tzolis,MID,NOR,4.8,0.176193152
2021-22,34,679,Kayembe,MID,WAT,4.6,0.907659206
2021-22,34,73,Alzate,MID,BHA,4.8,0.280232948
2021-22,34,547,Cundle,MID,WOL,4.4,0.818967366
2021-22,34,82,Dasilva,MID,BRE,5.3,0.257463681
2021-22,34,706,Mejbri,MID,MUN,4.5,0.599408969
2021-22,34,412,Yarmolenko,MID,WHU,5.1,0.336495772
2021-22,34,458,Soumare,MID,LEI,4.8,0.330993833
2021-22,34,328,Placheta,MID,NOR,4.7,0.565063988
2021-22,34,386,W Hughes,MID,CRY,4.7,1.017781681
2021-22,34,391,Sema,MID,WAT,5.2,0.292888198
2021-22,34,589,Kral,MID,WHU,4.4,0.312010767
2021-22,34,221,Milner,MID,LIV,4.9,0.347126441
2021-22,34,309,S Longstaff,MID,NEW,4.3,0.913531468
2021-22,34,214,Choudhury,MID,LEI,4.4,0.328265895
2021-22,34,689,Chiquinho,MID,WOL,5.5,1.219018914
2021-22,34,152,Milivojevic,MID,CRY,5.3,0.0
2021-22,34,197,Shackleton,MID,LEE,4.4,0.225616472
2021-22,34,499,S Baptiste,MID,BRE,4.9,0.324176432
2021-22,34,102,D Stephens,MID,BUR,4.4,0.330177694
2021-22,34,85,Ghoddos,MID,BRE,5.2,0.716788361
2021-22,34,406,Noble,MID,WHU,4.3,0.798255568
2021-22,34,467,Etebo,MID,WAT,4.3,0.347492146
2021-22,34,582,Vlasic,MID,WHU,5.6,1.04929588
2021-22,34,349,I Diallo,MID,SOU,4.5,0.438363135
2021-22,34,648,Rowe,MID,NOR,4.4,0.785864315
2021-22,34,357,Kane,FWD,TOT,12.6,5.071316994
2021-22,34,40,Watkins,FWD,AVL,7.4,3.523319117
2021-22,34,579,Ronaldo,FWD,MUN,12.2,7.289278552
2021-22,34,180,Richarlison,FWD,EVE,7.5,2.908733398
2021-22,34,205,Vardy,FWD,LEI,10.3,1.385958311
2021-22,34,315,Pukki,FWD,NOR,6.0,3.823302414
2021-22,34,134,Werner,FWD,CHE,8.6,5.500698212
2021-22,34,78,Toney,FWD,BRE,6.9,3.819027069
2021-22,34,20,Nketiah,FWD,ARS,5.4,3.107806468
2021-22,34,700,Weghorst,FWD,BUR,6.4,3.198454246
2021-22,34,345,Adams,FWD,SOU,6.8,3.399836713
2021-22,34,337,Ings,FWD,AVL,7.7,2.658816317
2021-22,34,213,Iheanacho,FWD,LEI,7.1,3.069922128
2021-22,34,263,Jesus,FWD,MCI,8.4,4.033012503
2021-22,34,430,Jimenez,FWD,WOL,7.5,3.246815822
2021-22,34,450,Dennis,FWD,WAT,5.8,2.034193382
2021-22,34,413,Antonio,FWD,WHU,7.5,2.894341352
2021-22,34,6,Lacazette,FWD,ARS,8.3,2.760626775
2021-22,34,187,Rodrigo,FWD,LEE,6.3,2.872375552
2021-22,34,109,Wood,FWD,NEW,6.8,3.858984028
2021-22,34,104,Jay Rodriguez,FWD,BUR,5.2,2.768628133
2021-22,34,159,Mateta,FWD,CRY,5.3,2.917846773
2021-22,34,177,Calvert-Lewin,FWD,EVE,7.7,0.0
2021-22,34,529,Lukaku,FWD,CHE,11.4,2.987353593
2021-22,34,228,Firmino,FWD,LIV,8.7,1.886495851
2021-22,34,404,Joao Pedro,FWD,WAT,5.4,1.999640323
2021-22,34,63,Maupay,FWD,BHA,6.4,2.941371413
2021-22,34,307,Saint-Maximin,FWD,NEW,6.8,3.322523743
2021-22,34,583,Hwang,FWD,WOL,5.4,2.6344545
2021-22,34,518,Broja,FWD,SOU,5.5,2.584846514
2021-22,34,516,Sargent,FWD,NOR,5.4,0.871500585
2021-22,34,447,Welbeck,FWD,BHA,5.9,2.841347048
2021-22,34,455,Daka,FWD,LEI,7.0,2.055601213
2021-22,34,468,King,FWD,WAT,5.6,1.587059409
2021-22,34,296,Wilson,FWD,NEW,7.1,0.133936414
2021-22,34,153,Ayew,FWD,CRY,5.8,1.72656183
2021-22,34,310,Joelinton,FWD,NEW,5.8,2.369180684
2021-22,34,586,Edouard,FWD,CRY,6.1,1.247226337
2021-22,34,111,Vydra,FWD,BUR,5.2,1.833923138
2021-22,34,149,Benteke,FWD,CRY,6.0,0.458377383
2021-22,34,329,Idah,FWD,NOR,4.9,0.0
2021-22,34,472,Cucho,FWD,WAT,5.1,0.0
2021-22,34,189,Bamford,FWD,LEE,7.7,0.0
2021-22,34,704,Delap,FWD,MCI,4.5,0.002363499
2021-22,34,622,Tosun,FWD,EVE,5.0,0.001772814
2021-22,34,663,Kayky,FWD,MCI,5.0,0.001979066
2021-22,34,533,Richardson,FWD,BUR,4.5,0.001877865
2021-22,34,715,A Kamara,FWD,NOR,4.5,0.001798001
2021-22,34,655,E Ferguson,FWD,BHA,4.5,0.001822386
2021-22,34,640,Young-Coombes,FWD,BRE,4.5,0.001763757
2021-22,34,725,Forde,FWD,WAT,4.5,0.00160908
2021-22,34,607,Dobbin,FWD,EVE,4.5,0.001599363
2021-22,34,694,Biereth,FWD,ARS,4.5,0.003634911
2021-22,34,235,Origi,FWD,LIV,4.8,0.103038865
2021-22,34,520,Scarlett,FWD,TOT,4.5,0.020991686
2021-22,34,300,Gayle,FWD,NEW,5.2,0.048665378
2021-22,34,269,Cavani,FWD,MUN,8.4,0.169367809
2021-22,34,591,Rondon,FWD,EVE,6.0,0.617143787
2021-22,34,445,F Silva,FWD,WOL,5.6,1.186907419
2021-22,34,525,A Armstrong,FWD,SOU,5.7,0.541656034
2021-22,34,577,Gelhardt,FWD,LEE,4.6,1.185633708
2021-22,34,105,A Barnes,FWD,BUR,5.2,0.978656455
2021-22,34,550,S Greenwood,FWD,LEE,4.6,0.505306468
2021-22,34,519,S Long,FWD,SOU,5.4,0.970148919
2021-22,35,30,Martinez,GK,AVL,5.5,4.462146487
2021-22,35,257,Ederson,GK,MCI,6.1,4.010179022
2021-22,35,231,Alisson,GK,LIV,6.0,4.26215988
2021-22,35,143,E Mendy,GK,CHE,6.1,3.983695685
2021-22,35,170,Pickford,GK,EVE,4.8,3.206010843
2021-22,35,559,Ramsdale,GK,ARS,5.1,3.78558547
2021-22,35,200,Schmeichel,GK,LEI,4.9,2.554531889
2021-22,35,353,Lloris,GK,TOT,5.4,3.755545435
2021-22,35,475,Sa,GK,WOL,5.3,4.105899223
2021-22,35,112,Pope,GK,BUR,5.4,3.816139419
2021-22,35,146,Guaita,GK,CRY,4.6,3.271300581
2021-22,35,199,Meslier,GK,LEE,4.8,2.882085581
2021-22,35,69,R Sanchez,GK,BHA,4.6,3.851056003
2021-22,35,376,Foster,GK,WAT,4.1,3.1439607
2021-22,35,314,Krul,GK,NOR,4.5,2.577572416
2021-22,35,80,Raya,GK,BRE,4.3,2.969908833
2021-22,35,270,de Gea,GK,MUN,5.1,3.895033018
2021-22,35,408,Fabianski,GK,WHU,5.0,3.266385187
2021-22,35,295,Dubravka,GK,NEW,4.5,2.679977617
2021-22,35,333,Forster,GK,SOU,4.4,3.52535515
2021-22,35,334,McCarthy,GK,SOU,4.3,0.178688691
2021-22,35,389,Bachmann,GK,WAT,4.0,0.308019649
2021-22,35,129,Kepa,GK,CHE,4.5,0.159088212
2021-22,35,156,Butland,GK,CRY,4.4,0.175405209
2021-22,35,489,Areola,GK,WHU,4.7,0.171331929
2021-22,35,242,Kelleher,GK,LIV,4.3,0.097507167
2021-22,35,260,Steffen,GK,MCI,4.4,0.076244257
2021-22,35,691,Olsen,GK,AVL,4.0,0.089379296
2021-22,35,1,Leno,GK,ARS,4.5,0.073522506
2021-22,35,448,Gunn,GK,NOR,4.0,0.11993025
2021-22,35,480,Hennessey,GK,BUR,4.5,0.090616577
2021-22,35,486,Gollini,GK,TOT,4.2,0.070507492
2021-22,35,481,Begovic,GK,EVE,4.0,0.057101771
2021-22,35,280,D Henderson,GK,MUN,4.7,0.097843553
2021-22,35,204,D Ward,GK,LEI,4.0,0.044339405
2021-22,35,452,Ruddy,GK,WOL,4.3,0.079999344
2021-22,35,54,Steele,GK,BHA,3.9,0.078374331
2021-22,35,294,Darlow,GK,NEW,4.5,0.075351613
2021-22,35,490,Klaesson,GK,LEE,4.3,0.055443947
2021-22,35,673,Lossl,GK,BRE,4.5,0.052986568
2021-22,35,593,Carson,GK,MCI,3.9,0.008253048
2021-22,35,606,Bettinelli,GK,CHE,4.0,0.008455539
2021-22,35,561,Matthews,GK,CRY,3.9,0.007075865
2021-22,35,596,Sinisalo,GK,AVL,4.0,0.00774962
2021-22,35,571,Lonergan,GK,EVE,3.9,0.005911579
2021-22,35,573,Jakupovic,GK,LEI,3.9,0.004758956
2021-22,35,114,Norris,GK,BUR,4.3,0.007334098
2021-22,35,688,McGill,GK,BHA,4.0,0.007815193
2021-22,35,556,A Fernandez L,GK,BRE,4.5,0.006517661
2021-22,35,509,Heaton,GK,MUN,3.9,0.007782078
2021-22,35,574,Elliot,GK,WAT,4.0,0.006873914
2021-22,35,572,Okonkwo,GK,ARS,3.9,0.003435115
2021-22,35,407,Randolph,GK,WHU,4.3,0.006198394
2021-22,35,656,Pitaluga,GK,LIV,4.0,0.003282379
2021-22,35,641,Caballero,GK,SOU,4.2,0.013786013
2021-22,35,313,McGovern,GK,NOR,3.9,0.005013474
2021-22,35,619,Cox,GK,BRE,4.0,0.002685764
2021-22,35,223,Adrian,GK,LIV,4.3,0.000857794
2021-22,35,615,Slicker,GK,MCI,4.0,0.000738161
2021-22,35,616,Tyrer,GK,EVE,4.0,0.000549459
2021-22,35,514,Gillespie,GK,NEW,3.9,0.00060561
2021-22,35,642,Angelini,GK,WAT,4.0,0.000619518
2021-22,35,666,McCracken,GK,NOR,4.0,0.004470361
2021-22,35,659,Austin,GK,TOT,4.0,0.00423362
2021-22,35,621,Storer,GK,WOL,4.0,0.004395994
2021-22,35,708,Waller,GK,BUR,4.0,0.003984418
2021-22,35,637,H Lewis,GK,SOU,3.9,0.004139426
2021-22,35,237,Trent,DEF,LIV,8.4,5.641792977
2021-22,35,256,Cancelo,DEF,MCI,7.1,4.993496666
2021-22,35,234,Robertson,DEF,LIV,7.3,4.940050345
2021-22,35,142,R James,DEF,CHE,6.4,4.195498003
2021-22,35,122,Alonso,DEF,CHE,5.6,4.191062223
2021-22,35,127,Rudiger,DEF,CHE,6.1,3.878970909
2021-22,35,229,van Dijk,DEF,LIV,6.8,4.226615793
2021-22,35,44,Cash,DEF,AVL,5.2,4.70201447
2021-22,35,259,Laporte,DEF,MCI,6.0,4.240644851
2021-22,35,262,Dias,DEF,MCI,6.1,4.059702403
2021-22,35,119,Azpilicueta,DEF,CHE,5.6,3.905585231
2021-22,35,38,Mings,DEF,AVL,5.0,4.412946814
2021-22,35,121,T Silva,DEF,CHE,5.6,3.700762924
2021-22,35,45,Konsa,DEF,AVL,4.9,3.910674732
2021-22,35,23,Gabriel,DEF,ARS,5.4,3.18093412
2021-22,35,169,Keane,DEF,EVE,4.7,2.541272854
2021-22,35,224,Matip,DEF,LIV,5.1,3.222378402
2021-22,35,258,Ake,DEF,MCI,4.7,3.353046967
2021-22,35,165,Coleman,DEF,EVE,4.9,2.472956372
2021-22,35,588,Emerson R,DEF,TOT,4.5,3.628590716
2021-22,35,52,Young,DEF,AVL,4.7,3.677275296
2021-22,35,67,B White,DEF,ARS,4.6,2.967133459
2021-22,35,675,Mykolenko,DEF,EVE,4.9,2.289163707
2021-22,35,175,Mina,DEF,EVE,4.9,2.271198041
2021-22,35,488,Andersen,DEF,CRY,4.6,2.892079207
2021-22,35,361,Dier,DEF,TOT,4.6,3.302165778
2021-22,35,364,Ben T Davies,DEF,TOT,4.4,3.284393754
2021-22,35,477,Guehi,DEF,CRY,4.5,2.778731574
2021-22,35,494,Romero,DEF,TOT,4.8,3.230307214
2021-22,35,162,Mitchell,DEF,CRY,4.5,2.814998829
2021-22,35,437,Semedo,DEF,WOL,4.8,3.642795949
2021-22,35,98,Tarkowski,DEF,BUR,4.9,3.098261758
2021-22,35,584,Cucurella,DEF,BHA,4.9,3.739054917
2021-22,35,59,Dunk,DEF,BHA,4.8,3.695314263
2021-22,35,133,Christensen,DEF,CHE,4.6,1.320277362
2021-22,35,220,Fofana,DEF,LEI,4.3,1.36171137
2021-22,35,429,Coady,DEF,WOL,4.8,3.654128215
2021-22,35,113,Taylor,DEF,BUR,4.4,2.971404934
2021-22,35,368,Sessegnon,DEF,TOT,4.3,3.016632223
2021-22,35,217,Soyuncu,DEF,LEI,4.9,1.290064756
2021-22,35,428,Boly,DEF,WOL,4.9,3.600422326
2021-22,35,411,A Cresswell,DEF,WHU,5.5,3.221755672
2021-22,35,201,Evans,DEF,LEI,5.4,1.226945277
2021-22,35,5,Cedric,DEF,ARS,4.2,2.472231763
2021-22,35,590,Tomiyasu,DEF,ARS,4.5,0.787764927
2021-22,35,61,Webster,DEF,BHA,4.3,3.421905406
2021-22,35,209,Castagne,DEF,LEI,5.3,1.02209423
2021-22,35,218,Justin,DEF,LEI,4.9,1.634991809
2021-22,35,207,R Pereira,DEF,LEI,5.2,0.610658397
2021-22,35,585,C Roberts,DEF,BUR,4.4,2.34055291
2021-22,35,264,Zinchenko,DEF,MCI,5.3,1.930848185
2021-22,35,555,Varane,DEF,MUN,5.5,3.626271178
2021-22,35,676,H Kamara,DEF,WAT,4.5,2.990204411
2021-22,35,677,Samir,DEF,WAT,4.5,2.970174416
2021-22,35,279,Telles,DEF,MUN,5.1,3.486905068
2021-22,35,431,Saiss,DEF,WOL,4.8,3.55572951
2021-22,35,62,Veltman,DEF,BHA,4.2,3.321084243
2021-22,35,252,Stones,DEF,MCI,5.2,0.0
2021-22,35,451,Collins,DEF,BUR,4.3,2.974280529
2021-22,35,382,Femenia,DEF,WAT,4.3,2.522048899
2021-22,35,466,Tavares,DEF,ARS,4.3,2.113244299
2021-22,35,128,Zouma,DEF,WHU,5.4,2.96978531
2021-22,35,493,Clyne,DEF,CRY,4.3,1.893624283
2021-22,35,76,Jansson,DEF,BRE,4.4,2.092612976
2021-22,35,384,Kabasele,DEF,WAT,4.3,2.511617176
2021-22,35,185,Ayling,DEF,LEE,4.3,1.504757087
2021-22,35,150,Kouyate,DEF,CRY,4.5,1.908388824
2021-22,35,510,Dalot,DEF,MUN,4.2,2.983568789
2021-22,35,83,Henry,DEF,BRE,4.5,2.049183652
2021-22,35,273,Maguire,DEF,MUN,5.4,2.338310838
2021-22,35,342,Walker-Peters,DEF,SOU,4.8,3.505532934
2021-22,35,343,Bednarek,DEF,SOU,4.4,3.555602251
2021-22,35,483,Ajer,DEF,BRE,4.4,1.823573667
2021-22,35,470,Ait-Nouri,DEF,WOL,4.2,2.180409759
2021-22,35,10,Chambers,DEF,AVL,4.2,1.465402562
2021-22,35,527,T Chalobah,DEF,CHE,4.7,1.27745494
2021-22,35,243,Konate,DEF,LIV,5.1,1.148287355
2021-22,35,414,Dawson,DEF,WHU,4.9,0.0
2021-22,35,319,Hanley,DEF,NOR,4.4,1.816407512
2021-22,35,418,Coufal,DEF,WHU,4.7,2.486778018
2021-22,35,71,Lamptey,DEF,BHA,4.5,2.264285215
2021-22,35,370,Reguilon,DEF,TOT,5.1,0.0
2021-22,35,501,M Sarr,DEF,CHE,4.9,0.789346764
2021-22,35,219,L Thomas,DEF,LEI,4.3,0.872318648
2021-22,35,367,D Sanchez,DEF,TOT,4.2,1.017850501
2021-22,35,460,Perraud,DEF,SOU,4.8,3.092074628
2021-22,35,178,Holgate,DEF,EVE,4.2,0.828406328
2021-22,35,326,Aarons,DEF,NOR,4.3,1.694529719
2021-22,35,284,Lindelof,DEF,MUN,4.8,2.015436055
2021-22,35,288,Wan-Bissaka,DEF,MUN,5.1,1.162414048
2021-22,35,91,Pinnock,DEF,BRE,4.4,0.0
2021-22,35,456,Gibson,DEF,NOR,4.4,1.644855476
2021-22,35,474,J Ward,DEF,CRY,4.5,0.793970321
2021-22,35,110,Lowton,DEF,BUR,4.4,0.950976534
2021-22,35,678,Trippier,DEF,NEW,4.9,0.0
2021-22,35,39,Targett,DEF,NEW,4.7,1.918086469
2021-22,35,425,Johnson,DEF,WHU,3.9,2.135224774
2021-22,35,432,Marcal,DEF,WOL,4.2,1.414978519
2021-22,35,249,Walker,DEF,MCI,5.4,0.0
2021-22,35,190,Llorente,DEF,LEE,4.5,1.105071501
2021-22,35,245,Tsimikas,DEF,LIV,3.7,0.356943356
2021-22,35,106,Mee,DEF,BUR,4.6,0.0
2021-22,35,351,Salisu,DEF,SOU,4.5,2.44486463
2021-22,35,502,Kenny,DEF,EVE,4.4,0.48301163
2021-22,35,208,Amartey,DEF,LEI,4.0,0.403181126
2021-22,35,433,Jonny,DEF,WOL,4.5,0.854538669
2021-22,35,90,M Sorensen,DEF,BRE,4.3,1.478149112
2021-22,35,305,Schar,DEF,NEW,4.4,1.688240302
2021-22,35,56,Duffy,DEF,BHA,4.0,0.698472629
2021-22,35,439,Kilman,DEF,WOL,4.5,0.0
2021-22,35,184,Cooper,DEF,LEE,4.4,0.873536243
2021-22,35,89,Roerslev,DEF,BRE,4.1,1.5465101
2021-22,35,379,Cathcart,DEF,WAT,4.2,0.815038278
2021-22,35,58,Burn,DEF,NEW,4.4,1.654541028
2021-22,35,238,Gomez,DEF,LIV,4.7,0.266138673
2021-22,35,390,Masina,DEF,WAT,4.3,0.640385551
2021-22,35,147,Tomkins,DEF,CRY,4.3,0.215475974
2021-22,35,290,B Williams,DEF,NOR,3.9,1.415932703
2021-22,35,151,Kelly,DEF,CRY,3.8,0.066922893
2021-22,35,546,Valery,DEF,SOU,3.9,1.115463777
2021-22,35,36,Hause,DEF,AVL,4.4,0.0
2021-22,35,14,Holding,DEF,ARS,4.1,0.730763935
2021-22,35,198,Struijk,DEF,LEE,4.3,0.696596102
2021-22,35,99,Bardsley,DEF,BUR,3.9,0.273441884
2021-22,35,103,K Long,DEF,BUR,4.0,0.29569577
2021-22,35,685,Toti,DEF,WOL,4.4,0.256050421
2021-22,35,299,Lascelles,DEF,NEW,4.4,0.567682739
2021-22,35,632,P Jones,DEF,MUN,4.5,0.248774467
2021-22,35,446,Mosquera,DEF,WOL,4.4,0.252855635
2021-22,35,473,Bertrand,DEF,LEI,4.6,0.044837304
2021-22,35,340,Vestergaard,DEF,LEI,4.7,0.041627697
2021-22,35,338,J Stephens,DEF,SOU,4.4,0.233790641
2021-22,35,247,R Williams,DEF,LIV,4.4,0.041494772
2021-22,35,554,J Baptiste,DEF,WHU,3.9,0.245193025
2021-22,35,544,Branthwaite,DEF,EVE,4.0,0.029262243
2021-22,35,158,Jach,DEF,CRY,4.2,0.033403042
2021-22,35,100,Pieters,DEF,BUR,4.1,0.0
2021-22,35,374,Rodon,DEF,TOT,4.2,0.038015757
2021-22,35,618,Nkoulou,DEF,WAT,4.4,0.127061731
2021-22,35,644,Alese,DEF,WHU,4.0,0.241796712
2021-22,35,286,Bailly,DEF,MUN,4.9,0.039367648
2021-22,35,465,F Fernandez,DEF,NEW,4.3,0.050063168
2021-22,35,417,Masuaku,DEF,WHU,4.4,1.087480824
2021-22,35,610,Bogarde,DEF,AVL,4.0,0.006689696
2021-22,35,560,H Roberts,DEF,BHA,3.9,0.006334018
2021-22,35,565,Dodgson,DEF,BUR,3.9,0.002918446
2021-22,35,667,Small,DEF,SOU,4.0,0.033052764
2021-22,35,690,Kenedy,DEF,CHE,4.5,0.002551571
2021-22,35,569,Stevens,DEF,BRE,3.9,0.008387339
2021-22,35,534,B Thomas,DEF,BUR,3.9,0.002680465
2021-22,35,540,Hannam,DEF,CRY,3.9,0.004614009
2021-22,35,331,Omobamidele,DEF,NOR,3.9,0.0
2021-22,35,424,Diop,DEF,WHU,4.2,0.0
2021-22,35,674,Patterson,DEF,EVE,4.2,0.0
2021-22,35,371,Tanganga,DEF,TOT,4.2,0.0
2021-22,35,491,Livramento,DEF,SOU,4.3,0.0
2021-22,35,396,Sierralta,DEF,WAT,4.3,0.0
2021-22,35,387,Troost-Ekong,DEF,WAT,4.3,0.0
2021-22,35,580,Kabak,DEF,NOR,4.3,0.0
2021-22,35,594,Zanka,DEF,BRE,4.5,0.0
2021-22,35,161,N Ferguson,DEF,CRY,4.5,0.0
2021-22,35,360,Doherty,DEF,TOT,4.6,0.0
2021-22,35,179,Godfrey,DEF,EVE,4.7,0.0
2021-22,35,409,Ogbonna,DEF,WHU,4.9,0.0
2021-22,35,275,Shaw,DEF,MUN,5.0,0.0
2021-22,35,168,Digne,DEF,AVL,5.0,0.0
2021-22,35,16,Tierney,DEF,ARS,5.0,0.0
2021-22,35,135,Chilwell,DEF,CHE,5.6,0.0
2021-22,35,604,Wilson-Esbrand,DEF,MCI,3.9,0.002247546
2021-22,35,603,Mbete,DEF,MCI,3.9,0.002231141
2021-22,35,651,Egan-Riley,DEF,MCI,4.0,0.002187966
2021-22,35,626,Bradley,DEF,LIV,4.0,0.004612236
2021-22,35,627,Beck,DEF,LIV,4.0,0.004545993
2021-22,35,660,Quansah,DEF,LIV,4.0,0.004470129
2021-22,35,684,K Hayden,DEF,AVL,4.0,0.004733414
2021-22,35,724,Lavinier,DEF,TOT,4.0,0.001921887
2021-22,35,719,Ogungbo,DEF,ARS,4.0,0.00176701
2021-22,35,623,Welch,DEF,EVE,4.0,0.001644205
2021-22,35,712,Offiah,DEF,BHA,4.0,0.001910321
2021-22,35,711,Swanson,DEF,ARS,4.0,0.003941823
2021-22,35,722,Jeanvier,DEF,BRE,4.0,0.001583723
2021-22,35,670,Feeney,DEF,AVL,4.0,0.004455695
2021-22,35,705,Awe,DEF,ARS,4.0,0.003817793
2021-22,35,709,Adaramola,DEF,CRY,4.0,0.003792338
2021-22,35,639,Daley-Campbell,DEF,LEI,4.0,0.003038514
2021-22,35,598,Omole,DEF,TOT,3.9,0.003995388
2021-22,35,645,B Nelson,DEF,LEI,4.0,0.002984719
2021-22,35,653,Turns,DEF,BHA,4.0,0.004184311
2021-22,35,617,Ashby,DEF,WHU,4.0,0.003941952
2021-22,35,635,Bueno,DEF,WOL,4.0,0.004234281
2021-22,35,682,Ekwah,DEF,WHU,4.0,0.003723042
2021-22,35,443,Hoever,DEF,WOL,3.9,0.126844478
2021-22,35,633,Morris,DEF,WAT,4.0,0.003835814
2021-22,35,608,Hjelde,DEF,LEE,4.0,0.002796817
2021-22,35,657,Moore,DEF,LEE,4.0,0.002787116
2021-22,35,301,Dummett,DEF,NEW,4.5,0.04292468
2021-22,35,563,C Cresswell,DEF,LEE,4.0,0.005855822
2021-22,35,327,J Sorensen,DEF,NOR,4.3,0.089945972
2021-22,35,728,A Fernandez C,DEF,MUN,4.0,0.022048036
2021-22,35,643,Tomkinson,DEF,NOR,4.0,0.019225367
2021-22,35,324,Zimmermann,DEF,NOR,4.4,0.0
2021-22,35,567,Lyanco,DEF,SOU,4.4,1.005928477
2021-22,35,400,Ngakia,DEF,WAT,4.2,0.310362316
2021-22,35,292,Ritchie,DEF,NEW,4.9,0.300910202
2021-22,35,463,Firpo,DEF,LEE,4.7,0.4974251
2021-22,35,194,Koch,DEF,LEE,4.3,0.774231333
2021-22,35,302,Manquillo,DEF,NEW,3.9,0.386917132
2021-22,35,321,Byram,DEF,NOR,4.4,0.243754373
2021-22,35,457,Giannoulis,DEF,NOR,4.4,0.241222585
2021-22,35,415,Fredericks,DEF,WHU,4.4,0.248321961
2021-22,35,303,Krafth,DEF,NEW,4.3,1.320756223
2021-22,35,233,Salah,MID,LIV,13.3,5.863246556
2021-22,35,359,Son,MID,TOT,11.0,5.896047266
2021-22,35,681,Coutinho,MID,AVL,7.0,5.635557976
2021-22,35,230,Mane,MID,LIV,11.7,5.184029236
2021-22,35,251,De Bruyne,MID,MCI,11.9,5.056422828
2021-22,35,265,Foden,MID,MCI,7.8,4.770510337
2021-22,35,212,Maddison,MID,LEI,7.0,2.897782331
2021-22,35,240,Jota,MID,LIV,8.3,4.529099069
2021-22,35,22,Saka,MID,ARS,6.8,3.379423431
2021-22,35,215,H Barnes,MID,LEI,6.6,3.372690902
2021-22,35,141,Havertz,MID,CHE,7.9,3.504528413
2021-22,35,138,Mount,MID,CHE,7.7,3.446157557
2021-22,35,254,Mahrez,MID,MCI,8.6,3.87284258
2021-22,35,255,Sterling,MID,MCI,10.5,3.695225527
2021-22,35,261,B Silva,MID,MCI,7.0,3.964334504
2021-22,35,399,I Sarr,MID,WAT,5.7,4.283336945
2021-22,35,154,Zaha,MID,CRY,6.8,3.779369826
2021-22,35,210,Tielemans,MID,LEI,6.4,2.661153624
2021-22,35,196,Raphinha,MID,LEE,6.4,3.231374313
2021-22,35,701,Kulusevski,MID,TOT,6.4,3.92711256
2021-22,35,35,McGinn,MID,AVL,5.6,3.499298598
2021-22,35,558,Odegaard,MID,ARS,5.6,3.175540927
2021-22,35,696,Diaz,MID,LIV,7.9,3.575848744
2021-22,35,420,Bowen,MID,WHU,6.9,4.18365098
2021-22,35,51,J Ramsey,MID,AVL,4.7,3.550181908
2021-22,35,144,Gallagher,MID,CRY,6.1,3.232369773
2021-22,35,503,A Gordon,MID,EVE,4.6,2.54481339
2021-22,35,277,Fernandes,MID,MUN,11.6,5.069762351
2021-22,35,250,Gundogan,MID,MCI,7.1,2.919747272
2021-22,35,21,Smith Rowe,MID,ARS,5.7,3.01666401
2021-22,35,484,D Gray,MID,EVE,5.5,2.482268859
2021-22,35,505,Dewsbury-Hall,MID,LEI,4.4,2.050411353
2021-22,35,699,Eriksen,MID,BRE,5.6,3.292361525
2021-22,35,266,Rodri,MID,MCI,5.5,2.876948934
2021-22,35,267,Harrison,MID,LEE,5.5,2.584452998
2021-22,35,26,Martinelli,MID,ARS,5.3,2.680334813
2021-22,35,96,Mbeumo,MID,BRE,5.2,3.172999864
2021-22,35,341,Ward-Prowse,MID,SOU,6.4,3.945943634
2021-22,35,33,Grealish,MID,MCI,7.5,2.562252429
2021-22,35,64,Trossard,MID,BHA,5.8,3.268242624
2021-22,35,173,Doucoure,MID,EVE,5.3,2.397377312
2021-22,35,587,Lookman,MID,LEI,5.9,1.362174528
2021-22,35,492,Bailey,MID,AVL,6.3,2.82946842
2021-22,35,130,Kante,MID,CHE,4.9,2.725741658
2021-22,35,578,Cornet,MID,BUR,5.9,1.585744852
2021-22,35,365,Hojbjerg,MID,TOT,4.8,2.815688728
2021-22,35,232,Fabinho,MID,LIV,5.4,2.644101756
2021-22,35,50,Douglas Luiz,MID,AVL,4.3,2.692025093
2021-22,35,422,Soucek,MID,WHU,5.7,3.274914413
2021-22,35,464,Olise,MID,CRY,5.4,2.279783059
2021-22,35,188,Dallas,MID,LEE,4.9,2.364048151
2021-22,35,7,Xhaka,MID,ARS,4.8,2.471084434
2021-22,35,449,Rashica,MID,NOR,5.2,2.459569892
2021-22,35,118,McNeil,MID,BUR,5.5,2.84654773
2021-22,35,123,Jorginho,MID,CHE,5.7,2.67925949
2021-22,35,287,D James,MID,LEE,6.0,2.32033296
2021-22,35,137,Pulisic,MID,CHE,7.9,1.922091794
2021-22,35,222,J Henderson,MID,LIV,4.9,2.40427208
2021-22,35,702,Bentancur,MID,TOT,4.9,2.593680897
2021-22,35,281,Rashford,MID,MUN,9.4,3.858035376
2021-22,35,115,Brownhill,MID,BUR,4.3,2.624483305
2021-22,35,426,Moutinho,MID,WOL,4.9,2.737550052
2021-22,35,43,Buendia,MID,AVL,6.1,2.418223465
2021-22,35,354,Sissoko,MID,WAT,4.4,2.614170748
2021-22,35,174,Iwobi,MID,EVE,5.8,1.994460466
2021-22,35,155,Schlupp,MID,CRY,5.4,2.381406891
2021-22,35,131,Ziyech,MID,CHE,7.3,1.719582433
2021-22,35,318,McLean,MID,NOR,4.9,2.236560541
2021-22,35,441,Neto,MID,WOL,6.2,2.539144666
2021-22,35,171,Allan,MID,EVE,4.3,1.983262467
2021-22,35,225,Thiago,MID,LIV,5.3,2.227755118
2021-22,35,186,Klich,MID,LEE,5.1,2.077957308
2021-22,35,419,Benrahma,MID,WHU,5.9,2.752293807
2021-22,35,517,Elyounoussi,MID,SOU,5.4,2.838214465
2021-22,35,434,Dendoncker,MID,WOL,4.6,2.712904621
2021-22,35,423,Fornals,MID,WHU,6.0,2.805187024
2021-22,35,362,Lucas Moura,MID,TOT,5.9,2.680253248
2021-22,35,495,Kucka,MID,WAT,5.5,1.979864418
2021-22,35,148,McArthur,MID,CRY,4.3,2.143137538
2021-22,35,239,Keita,MID,LIV,5.0,1.95677651
2021-22,35,512,Elanga,MID,MUN,4.8,3.204946686
2021-22,35,145,Gilmour,MID,NOR,4.3,2.035720678
2021-22,35,101,Cork,MID,BUR,4.4,2.226604874
2021-22,35,403,Louza,MID,WAT,5.2,2.342210189
2021-22,35,74,Mac Allister,MID,BHA,5.1,2.451580168
2021-22,35,524,Wissa,MID,BRE,5.7,2.666650966
2021-22,35,339,S Armstrong,MID,SOU,5.8,2.771801987
2021-22,35,191,K Phillips,MID,LEE,4.7,1.926346323
2021-22,35,478,Lokonga,MID,ARS,4.8,1.954591787
2021-22,35,697,Guimaraes,MID,NEW,5.0,2.584180443
2021-22,35,416,Lanzini,MID,WHU,5.6,2.50566253
2021-22,35,77,Norgaard,MID,BRE,5.0,2.02831999
2021-22,35,421,Rice,MID,WHU,5.0,2.510020503
2021-22,35,202,Albrighton,MID,LEI,5.2,0.819040118
2021-22,35,19,Willock,MID,NEW,5.5,2.299862931
2021-22,35,132,Loftus-Cheek,MID,CHE,5.4,1.64384687
2021-22,35,84,Janelt,MID,BRE,4.9,2.248782308
2021-22,35,285,McTominay,MID,MUN,5.4,2.877466863
2021-22,35,81,Canos,MID,BRE,5.5,0.820721808
2021-22,35,436,Neves,MID,WOL,5.2,0.0
2021-22,35,461,Trincao,MID,WOL,5.6,2.025697966
2021-22,35,17,Pepe,MID,ARS,6.9,1.70566826
2021-22,35,581,Normann,MID,NOR,4.5,1.774806145
2021-22,35,575,Lennon,MID,BUR,4.7,2.137264936
2021-22,35,291,Shelvey,MID,NEW,5.3,2.18290506
2021-22,35,125,Kovacic,MID,CHE,4.9,0.0
2021-22,35,381,Cleverley,MID,WAT,4.8,1.770364487
2021-22,35,274,Fred,MID,MUN,4.9,1.136529069
2021-22,35,60,March,MID,BHA,5.3,1.667577852
2021-22,35,471,Lees-Melou,MID,NOR,4.8,1.710613037
2021-22,35,282,van de Beek,MID,EVE,5.7,0.0
2021-22,35,438,Podence,MID,WOL,5.5,0.0
2021-22,35,335,Romeu,MID,SOU,4.5,2.326544775
2021-22,35,304,Murphy,MID,NEW,4.7,2.022434242
2021-22,35,55,Gross,MID,BHA,5.7,0.995694366
2021-22,35,462,Mwepu,MID,BHA,5.9,1.522491141
2021-22,35,140,Hudson-Odoi,MID,CHE,5.3,0.0
2021-22,35,453,Fernandinho,MID,MCI,4.7,0.501343658
2021-22,35,163,Delph,MID,EVE,4.2,1.063823402
2021-22,35,70,Bissouma,MID,BHA,4.4,2.02710342
2021-22,35,271,Matic,MID,MUN,4.3,2.127683961
2021-22,35,203,N Mendy,MID,LEI,4.3,1.247289368
2021-22,35,506,Elliott,MID,LIV,5.3,0.470344876
2021-22,35,86,Jensen,MID,BRE,4.9,1.683600562
2021-22,35,366,Winks,MID,TOT,4.4,0.958836893
2021-22,35,538,Caicedo,MID,BHA,4.5,1.289893411
2021-22,35,53,Lallana,MID,BHA,5.3,1.303911255
2021-22,35,317,Rupp,MID,NOR,4.4,1.138393128
2021-22,35,32,B Traore,MID,AVL,5.7,0.372504557
2021-22,35,346,Tella,MID,SOU,4.7,1.273986923
2021-22,35,336,Redmond,MID,SOU,5.9,1.366767935
2021-22,35,703,Chrisene,MID,AVL,4.5,0.32584667
2021-22,35,211,Perez,MID,LEI,5.7,0.422859574
2021-22,35,592,Saul,MID,CHE,4.9,0.299160405
2021-22,35,679,Kayembe,MID,WAT,4.6,0.718185288
2021-22,35,369,Bergwijn,MID,TOT,5.9,1.152165421
2021-22,35,323,Dowell,MID,NOR,5.1,1.19156245
2021-22,35,244,C Jones,MID,LIV,5.0,0.187795056
2021-22,35,298,Fraser,MID,NEW,5.2,0.0
2021-22,35,507,Palmer,MID,MCI,4.5,0.026267549
2021-22,35,12,Elneny,MID,ARS,4.4,0.990918501
2021-22,35,124,Barkley,MID,CHE,5.2,0.005162057
2021-22,35,373,Skipp,MID,TOT,4.4,0.0
2021-22,35,75,Moder,MID,BHA,4.5,0.0
2021-22,35,552,Forshaw,MID,LEE,4.5,0.0
2021-22,35,551,Summerville,MID,LEE,4.5,0.0
2021-22,35,216,Ndidi,MID,LEI,4.8,0.0
2021-22,35,193,T Roberts,MID,LEE,4.8,0.0
2021-22,35,698,Kalu,MID,WAT,4.9,0.0
2021-22,35,479,Onyeka,MID,BRE,4.9,0.0
2021-22,35,15,Partey,MID,ARS,5.0,0.0
2021-22,35,107,Westwood,MID,BUR,5.2,0.0
2021-22,35,482,Townsend,MID,EVE,5.2,0.0
2021-22,35,289,M Greenwood,MID,MUN,7.1,0.0
2021-22,35,272,Pogba,MID,MUN,7.4,0.0
2021-22,35,485,Sancho,MID,MUN,8.9,0.0
2021-22,35,629,McAtee,MID,MCI,4.4,0.002340081
2021-22,35,363,Alli,MID,EVE,6.2,0.352527159
2021-22,35,508,Edozie,MID,MCI,4.7,0.002080453
2021-22,35,671,Hall,MID,CHE,4.5,0.001949764
2021-22,35,613,Whitaker,MID,EVE,4.5,0.001826466
2021-22,35,672,Vale,MID,CHE,4.5,0.001950034
2021-22,35,625,K Gordon,MID,LIV,4.5,0.00436911
2021-22,35,720,Flores,MID,ARS,4.5,0.00192071
2021-22,35,605,Lavia,MID,MCI,4.4,0.001868107
2021-22,35,687,Giles,MID,WOL,4.5,0.001935753
2021-22,35,716,Springett,MID,NOR,4.5,0.001761656
2021-22,35,662,Peart-Harris,MID,BRE,4.5,0.001794414
2021-22,35,631,Jenkins,MID,LEE,4.5,0.001718633
2021-22,35,721,Azeez,MID,ARS,4.5,0.001718871
2021-22,35,717,Bowden,MID,TOT,4.5,0.001773768
2021-22,35,726,Costelloe,MID,BUR,4.5,0.001775621
2021-22,35,630,Onyango,MID,EVE,4.5,0.001641765
2021-22,35,654,Leonard,MID,BHA,4.5,0.001800872
2021-22,35,718,Price,MID,EVE,4.5,0.00163502
2021-22,35,548,Campbell,MID,WOL,4.4,0.001754456
2021-22,35,714,Devine,MID,TOT,4.5,0.004232246
2021-22,35,668,H White,MID,TOT,4.4,0.004197694
2021-22,35,614,Maghoma,MID,BRE,4.5,0.001682883
2021-22,35,692,Hutchinson,MID,ARS,4.5,0.003924466
2021-22,35,628,Haygarth,MID,BRE,4.5,0.001656327
2021-22,35,543,Banks,MID,CRY,4.5,0.003797962
2021-22,35,634,Perkins,MID,WHU,4.5,0.004029167
2021-22,35,620,Morton,MID,LIV,4.5,0.003761157
2021-22,35,693,Oulad,MID,ARS,4.5,0.003673063
2021-22,35,79,Fosu,MID,BRE,5.1,0.003759664
2021-22,35,652,Oko-Flex,MID,WHU,4.4,0.003931179
2021-22,35,609,Anderson,MID,NEW,4.5,0.003853983
2021-22,35,541,Rak-Sakyi,MID,CRY,4.4,0.003663686
2021-22,35,638,Iroegbunam,MID,AVL,4.5,0.003751672
2021-22,35,713,O'Reilly,MID,AVL,4.5,0.003658216
2021-22,35,601,McKinstry,MID,LEE,4.3,0.003501931
2021-22,35,646,Brunt,MID,LEI,4.5,0.003345743
2021-22,35,710,Chesters,MID,WHU,4.5,0.00371041
2021-22,35,658,Archie Gray,MID,LEE,4.5,0.003435032
2021-22,35,683,Gibbs,MID,NOR,4.5,0.003457644
2021-22,35,624,Bate,MID,LEE,4.5,0.003386252
2021-22,35,707,De Bolle,MID,NEW,4.4,0.003524644
2021-22,35,600,Kenneh,MID,LEE,4.4,0.003312886
2021-22,35,680,Chauke,MID,SOU,4.5,0.003561036
2021-22,35,576,McCarron,MID,LEE,4.4,0.020084007
2021-22,35,526,Chukwuemeka,MID,AVL,4.5,0.021617435
2021-22,35,727,Shoretire,MID,MUN,4.5,0.020640508
2021-22,35,612,Sarmiento,MID,BHA,4.5,0.0
2021-22,35,157,Riedewald,MID,CRY,4.7,0.019563406
2021-22,35,405,Baah,MID,WAT,4.3,0.045582908
2021-22,35,42,El Ghazi,MID,EVE,5.6,0.083264852
2021-22,35,589,Kral,MID,WHU,4.4,0.039408831
2021-22,35,108,Gudmundsson,MID,BUR,5.4,0.0
2021-22,35,332,Walcott,MID,SOU,5.8,0.093095323
2021-22,35,227,Chamberlain,MID,LIV,5.8,0.181786578
2021-22,35,350,Djenepo,MID,SOU,5.2,0.089760537
2021-22,35,723,Garnacho,MID,MUN,4.5,0.26984908
2021-22,35,347,Smallbone,MID,SOU,4.5,0.085656436
2021-22,35,664,Patino,MID,ARS,4.5,0.077436798
2021-22,35,547,Cundle,MID,WOL,4.4,0.838899086
2021-22,35,172,Gomes,MID,EVE,4.9,0.0
2021-22,35,34,Sanson,MID,AVL,5.0,0.0
2021-22,35,236,Minamino,MID,LIV,5.1,0.174687267
2021-22,35,160,Eze,MID,CRY,5.9,0.261647221
2021-22,35,412,Yarmolenko,MID,WHU,5.1,0.3927003
2021-22,35,689,Chiquinho,MID,WOL,5.5,1.243137598
2021-22,35,276,Lingard,MID,MUN,6.7,0.727875294
2021-22,35,308,Almiron,MID,NEW,5.0,1.416332209
2021-22,35,706,Mejbri,MID,MUN,4.5,0.254886244
2021-22,35,528,Tzolis,MID,NOR,4.8,0.161215985
2021-22,35,73,Alzate,MID,BHA,4.8,0.268009953
2021-22,35,458,Soumare,MID,LEI,4.8,0.483319414
2021-22,35,391,Sema,MID,WAT,5.2,0.163841029
2021-22,35,41,Nakamba,MID,AVL,4.4,0.729149459
2021-22,35,459,Mata,MID,MUN,4.7,1.261673434
2021-22,35,328,Placheta,MID,NOR,4.7,0.510542363
2021-22,35,82,Dasilva,MID,BRE,5.3,0.330702108
2021-22,35,386,W Hughes,MID,CRY,4.7,0.924932565
2021-22,35,406,Noble,MID,WHU,4.3,0.902565127
2021-22,35,499,S Baptiste,MID,BRE,4.9,0.413698798
2021-22,35,214,Choudhury,MID,LEI,4.4,0.304132693
2021-22,35,221,Milner,MID,LIV,4.9,0.327576022
2021-22,35,467,Etebo,MID,WAT,4.3,0.240125493
2021-22,35,197,Shackleton,MID,LEE,4.4,0.215083459
2021-22,35,85,Ghoddos,MID,BRE,5.2,0.612408053
2021-22,35,102,D Stephens,MID,BUR,4.4,0.320676718
2021-22,35,349,I Diallo,MID,SOU,4.5,0.306102413
2021-22,35,309,S Longstaff,MID,NEW,4.3,0.787532162
2021-22,35,152,Milivojevic,MID,CRY,5.3,0.390231895
2021-22,35,582,Vlasic,MID,WHU,5.6,1.160719341
2021-22,35,648,Rowe,MID,NOR,4.4,0.733279873
2021-22,35,357,Kane,FWD,TOT,12.5,5.771921165
2021-22,35,40,Watkins,FWD,AVL,7.4,4.817775454
2021-22,35,205,Vardy,FWD,LEI,10.3,1.80386252
2021-22,35,180,Richarlison,FWD,EVE,7.5,3.147548345
2021-22,35,177,Calvert-Lewin,FWD,EVE,7.7,2.571748244
2021-22,35,315,Pukki,FWD,NOR,6.0,3.195177392
2021-22,35,20,Nketiah,FWD,ARS,5.5,3.091686548
2021-22,35,450,Dennis,FWD,WAT,5.8,3.535772965
2021-22,35,78,Toney,FWD,BRE,6.9,3.411772024
2021-22,35,579,Ronaldo,FWD,MUN,12.2,5.17376192
2021-22,35,337,Ings,FWD,AVL,7.7,3.146921025
2021-22,35,700,Weghorst,FWD,BUR,6.4,3.380224106
2021-22,35,430,Jimenez,FWD,WOL,7.5,3.20116354
2021-22,35,213,Iheanacho,FWD,LEI,7.0,2.259473664
2021-22,35,413,Antonio,FWD,WHU,7.4,3.590573343
2021-22,35,134,Werner,FWD,CHE,8.7,2.263237478
2021-22,35,404,Joao Pedro,FWD,WAT,5.4,2.951063513
2021-22,35,263,Jesus,FWD,MCI,8.5,2.416153527
2021-22,35,187,Rodrigo,FWD,LEE,6.3,2.454902973
2021-22,35,159,Mateta,FWD,CRY,5.3,2.478343773
2021-22,35,345,Adams,FWD,SOU,6.7,3.274728654
2021-22,35,104,Jay Rodriguez,FWD,BUR,5.2,1.982024002
2021-22,35,109,Wood,FWD,NEW,6.7,3.025462231
2021-22,35,6,Lacazette,FWD,ARS,8.2,2.097517391
2021-22,35,529,Lukaku,FWD,CHE,11.4,1.61462691
2021-22,35,583,Hwang,FWD,WOL,5.4,2.579080327
2021-22,35,63,Maupay,FWD,BHA,6.3,2.466806819
2021-22,35,516,Sargent,FWD,NOR,5.4,1.374726275
2021-22,35,468,King,FWD,WAT,5.6,2.273226745
2021-22,35,447,Welbeck,FWD,BHA,5.9,2.43737763
2021-22,35,455,Daka,FWD,LEI,7.0,1.534435799
2021-22,35,307,Saint-Maximin,FWD,NEW,6.8,2.551417542
2021-22,35,518,Broja,FWD,SOU,5.5,2.661015984
2021-22,35,111,Vydra,FWD,BUR,5.2,2.59903464
2021-22,35,228,Firmino,FWD,LIV,8.7,0.0
2021-22,35,189,Bamford,FWD,LEE,7.7,0.0
2021-22,35,153,Ayew,FWD,CRY,5.8,1.508041912
2021-22,35,310,Joelinton,FWD,NEW,5.8,2.172188207
2021-22,35,296,Wilson,FWD,NEW,7.1,0.0
2021-22,35,586,Edouard,FWD,CRY,6.1,1.079440808
2021-22,35,525,A Armstrong,FWD,SOU,5.7,1.274950031
2021-22,35,149,Benteke,FWD,CRY,5.9,0.397773319
2021-22,35,269,Cavani,FWD,MUN,8.4,0.66834527
2021-22,35,235,Origi,FWD,LIV,4.8,0.103115237
2021-22,35,329,Idah,FWD,NOR,4.9,0.0
2021-22,35,472,Cucho,FWD,WAT,5.0,0.0
2021-22,35,704,Delap,FWD,MCI,4.5,0.002192531
2021-22,35,622,Tosun,FWD,EVE,5.0,0.001832282
2021-22,35,663,Kayky,FWD,MCI,5.0,0.001919925
2021-22,35,533,Richardson,FWD,BUR,4.5,0.00188424
2021-22,35,715,A Kamara,FWD,NOR,4.5,0.001722855
2021-22,35,725,Forde,FWD,WAT,4.5,0.001738986
2021-22,35,607,Dobbin,FWD,EVE,4.5,0.001622662
2021-22,35,655,E Ferguson,FWD,BHA,4.5,0.001747619
2021-22,35,640,Young-Coombes,FWD,BRE,4.5,0.001721128
2021-22,35,694,Biereth,FWD,ARS,4.5,0.003571744
2021-22,35,591,Rondon,FWD,EVE,6.0,0.020394958
2021-22,35,520,Scarlett,FWD,TOT,4.5,0.022068943
2021-22,35,300,Gayle,FWD,NEW,5.2,0.041262557
2021-22,35,445,F Silva,FWD,WOL,5.6,1.163050021
2021-22,35,577,Gelhardt,FWD,LEE,4.7,1.114009596
2021-22,35,550,S Greenwood,FWD,LEE,4.6,0.48861698
2021-22,35,105,A Barnes,FWD,BUR,5.2,1.427933258
2021-22,35,519,S Long,FWD,SOU,5.4,1.236893438
2021-22,36,30,Martinez,GK,AVL,5.5,6.847402045
2021-22,36,170,Pickford,GK,EVE,4.8,6.863539649
2021-22,36,257,Ederson,GK,MCI,6.1,8.801284914
2021-22,36,231,Alisson,GK,LIV,6.0,8.044275923
2021-22,36,200,Schmeichel,GK,LEI,4.9,7.479245587
2021-22,36,143,E Mendy,GK,CHE,6.1,8.118675439
2021-22,36,559,Ramsdale,GK,ARS,5.1,7.620167029
2021-22,36,353,Lloris,GK,TOT,5.4,6.493786208
2021-22,36,112,Pope,GK,BUR,5.4,3.794228637
2021-22,36,146,Guaita,GK,CRY,4.6,3.970166035
2021-22,36,475,Sa,GK,WOL,5.2,6.475111648
2021-22,36,199,Meslier,GK,LEE,4.8,6.207319491
2021-22,36,314,Krul,GK,NOR,4.5,5.509127973
2021-22,36,69,R Sanchez,GK,BHA,4.5,3.560032752
2021-22,36,80,Raya,GK,BRE,4.3,3.637410359
2021-22,36,376,Foster,GK,WAT,4.1,5.646399112
2021-22,36,408,Fabianski,GK,WHU,5.0,3.659018147
2021-22,36,295,Dubravka,GK,NEW,4.5,2.695614045
2021-22,36,270,de Gea,GK,MUN,5.1,3.713995943
2021-22,36,333,Forster,GK,SOU,4.4,2.853761459
2021-22,36,334,McCarthy,GK,SOU,4.3,0.39503264
2021-22,36,389,Bachmann,GK,WAT,4.0,0.563640214
2021-22,36,156,Butland,GK,CRY,4.4,0.21116244
2021-22,36,129,Kepa,GK,CHE,4.5,0.323535858
2021-22,36,489,Areola,GK,WHU,4.7,0.189585646
2021-22,36,242,Kelleher,GK,LIV,4.3,0.1833258
2021-22,36,260,Steffen,GK,MCI,4.4,0.169191297
2021-22,36,691,Olsen,GK,AVL,4.0,0.139569666
2021-22,36,448,Gunn,GK,NOR,4.0,0.256831656
2021-22,36,1,Leno,GK,ARS,4.5,0.148533388
2021-22,36,481,Begovic,GK,EVE,4.0,0.122637767
2021-22,36,480,Hennessey,GK,BUR,4.5,0.091633893
2021-22,36,486,Gollini,GK,TOT,4.2,0.124913996
2021-22,36,204,D Ward,GK,LEI,4.0,0.137054382
2021-22,36,490,Klaesson,GK,LEE,4.3,0.121621129
2021-22,36,294,Darlow,GK,NEW,4.5,0.074907722
2021-22,36,54,Steele,GK,BHA,3.9,0.071790302
2021-22,36,280,D Henderson,GK,MUN,4.7,0.092125172
2021-22,36,452,Ruddy,GK,WOL,4.3,0.115598049
2021-22,36,673,Lossl,GK,BRE,4.5,0.070796559
2021-22,36,593,Carson,GK,MCI,3.9,0.018399746
2021-22,36,606,Bettinelli,GK,CHE,4.0,0.017167426
2021-22,36,571,Lonergan,GK,EVE,3.9,0.012805137
2021-22,36,573,Jakupovic,GK,LEI,3.9,0.014923151
2021-22,36,561,Matthews,GK,CRY,3.9,0.008399695
2021-22,36,596,Sinisalo,GK,AVL,4.0,0.011751458
2021-22,36,114,Norris,GK,BUR,4.3,0.007384793
2021-22,36,556,A Fernandez L,GK,BRE,4.5,0.007715231
2021-22,36,688,McGill,GK,BHA,4.0,0.007132883
2021-22,36,572,Okonkwo,GK,ARS,3.9,0.006944746
2021-22,36,407,Randolph,GK,WHU,4.3,0.006940498
2021-22,36,509,Heaton,GK,MUN,3.9,0.007299359
2021-22,36,574,Elliot,GK,WAT,4.0,0.012336338
2021-22,36,656,Pitaluga,GK,LIV,4.0,0.006113685
2021-22,36,313,McGovern,GK,NOR,3.9,0.010774566
2021-22,36,619,Cox,GK,BRE,4.0,0.003512593
2021-22,36,223,Adrian,GK,LIV,4.3,0.001603076
2021-22,36,615,Slicker,GK,MCI,4.0,0.001637726
2021-22,36,616,Tyrer,GK,EVE,4.0,0.00118
2021-22,36,666,McCracken,GK,NOR,4.0,0.009637893
2021-22,36,514,Gillespie,GK,NEW,3.9,0.000602017
2021-22,36,642,Angelini,GK,WAT,4.0,0.001111522
2021-22,36,641,Caballero,GK,SOU,4.2,0.011506148
2021-22,36,659,Austin,GK,TOT,4.0,0.00745274
2021-22,36,708,Waller,GK,BUR,4.0,0.004037863
2021-22,36,621,Storer,GK,WOL,4.0,0.006919248
2021-22,36,637,H Lewis,GK,SOU,3.9,0.003700945
2021-22,36,237,Trent,DEF,LIV,8.4,10.36683284
2021-22,36,256,Cancelo,DEF,MCI,7.2,10.92809053
2021-22,36,122,Alonso,DEF,CHE,5.7,8.355229585
2021-22,36,262,Dias,DEF,MCI,6.1,9.060213387
2021-22,36,127,Rudiger,DEF,CHE,6.1,8.255002845
2021-22,36,229,van Dijk,DEF,LIV,6.8,7.658552328
2021-22,36,234,Robertson,DEF,LIV,7.3,7.01020413
2021-22,36,168,Digne,DEF,AVL,5.0,5.987256573
2021-22,36,142,R James,DEF,CHE,6.4,6.948529728
2021-22,36,259,Laporte,DEF,MCI,6.0,7.856370099
2021-22,36,119,Azpilicueta,DEF,CHE,5.6,6.926514064
2021-22,36,44,Cash,DEF,AVL,5.3,5.598198264
2021-22,36,165,Coleman,DEF,EVE,4.9,5.744081887
2021-22,36,121,T Silva,DEF,CHE,5.6,7.145011223
2021-22,36,23,Gabriel,DEF,ARS,5.4,6.732393693
2021-22,36,38,Mings,DEF,AVL,5.0,5.304463143
2021-22,36,675,Mykolenko,DEF,EVE,4.9,5.475538053
2021-22,36,224,Matip,DEF,LIV,5.2,5.825527124
2021-22,36,590,Tomiyasu,DEF,ARS,4.5,5.971019297
2021-22,36,588,Emerson R,DEF,TOT,4.5,4.961104745
2021-22,36,488,Andersen,DEF,CRY,4.6,3.972701015
2021-22,36,175,Mina,DEF,EVE,4.9,4.740533589
2021-22,36,477,Guehi,DEF,CRY,4.5,3.772382353
2021-22,36,220,Fofana,DEF,LEI,4.3,5.57182115
2021-22,36,207,R Pereira,DEF,LEI,5.2,5.296518165
2021-22,36,361,Dier,DEF,TOT,4.6,4.58495976
2021-22,36,162,Mitchell,DEF,CRY,4.5,3.764802276
2021-22,36,364,Ben T Davies,DEF,TOT,4.5,4.49365375
2021-22,36,258,Ake,DEF,MCI,4.7,5.86192936
2021-22,36,67,B White,DEF,ARS,4.6,4.178603079
2021-22,36,494,Romero,DEF,TOT,4.8,4.276219821
2021-22,36,201,Evans,DEF,LEI,5.4,4.936730668
2021-22,36,368,Sessegnon,DEF,TOT,4.3,4.405557401
2021-22,36,169,Keane,DEF,EVE,4.6,3.943475177
2021-22,36,98,Tarkowski,DEF,BUR,4.9,3.204786927
2021-22,36,45,Konsa,DEF,AVL,4.9,3.84999786
2021-22,36,466,Tavares,DEF,ARS,4.3,4.792519094
2021-22,36,218,Justin,DEF,LEI,4.9,4.613506935
2021-22,36,113,Taylor,DEF,BUR,4.4,3.083864742
2021-22,36,584,Cucurella,DEF,BHA,4.9,3.361589468
2021-22,36,585,C Roberts,DEF,BUR,4.4,2.781345467
2021-22,36,133,Christensen,DEF,CHE,4.6,3.773078893
2021-22,36,178,Holgate,DEF,EVE,4.2,3.707880594
2021-22,36,59,Dunk,DEF,BHA,4.8,3.316504604
2021-22,36,209,Castagne,DEF,LEI,5.3,4.32332784
2021-22,36,217,Soyuncu,DEF,LEI,4.9,3.9499434
2021-22,36,185,Ayling,DEF,LEE,4.3,4.050985894
2021-22,36,76,Jansson,DEF,BRE,4.4,3.355793366
2021-22,36,249,Walker,DEF,MCI,5.4,2.039777354
2021-22,36,61,Webster,DEF,BHA,4.3,3.093242944
2021-22,36,493,Clyne,DEF,CRY,4.3,2.582135805
2021-22,36,431,Saiss,DEF,WOL,4.8,4.052047095
2021-22,36,433,Jonny,DEF,WOL,4.5,4.053362228
2021-22,36,428,Boly,DEF,WOL,4.9,4.070806731
2021-22,36,411,A Cresswell,DEF,WHU,5.5,3.921347464
2021-22,36,676,H Kamara,DEF,WAT,4.5,5.446366059
2021-22,36,429,Coady,DEF,WOL,4.8,3.979157517
2021-22,36,83,Henry,DEF,BRE,4.5,3.162917126
2021-22,36,527,T Chalobah,DEF,CHE,4.7,3.583494438
2021-22,36,62,Veltman,DEF,BHA,4.2,2.896614608
2021-22,36,252,Stones,DEF,MCI,5.2,2.032679399
2021-22,36,483,Ajer,DEF,BRE,4.4,3.101734347
2021-22,36,264,Zinchenko,DEF,MCI,5.3,4.168489948
2021-22,36,150,Kouyate,DEF,CRY,4.5,2.336833671
2021-22,36,382,Femenia,DEF,WAT,4.3,4.935794199
2021-22,36,128,Zouma,DEF,WHU,5.4,3.461729923
2021-22,36,451,Collins,DEF,BUR,4.3,2.89204111
2021-22,36,319,Hanley,DEF,NOR,4.4,4.266943736
2021-22,36,555,Varane,DEF,MUN,5.5,3.206100052
2021-22,36,677,Samir,DEF,WAT,4.5,4.983103396
2021-22,36,279,Telles,DEF,MUN,5.1,2.982069318
2021-22,36,414,Dawson,DEF,WHU,4.9,3.40562726
2021-22,36,384,Kabasele,DEF,WAT,4.3,4.459945033
2021-22,36,463,Firpo,DEF,LEE,4.7,3.247577644
2021-22,36,245,Tsimikas,DEF,LIV,3.7,2.241637522
2021-22,36,243,Konate,DEF,LIV,5.1,2.071560986
2021-22,36,326,Aarons,DEF,NOR,4.3,4.003602072
2021-22,36,71,Lamptey,DEF,BHA,4.5,2.504783842
2021-22,36,10,Chambers,DEF,AVL,4.2,1.961665566
2021-22,36,456,Gibson,DEF,NOR,4.4,3.921749055
2021-22,36,470,Ait-Nouri,DEF,WOL,4.1,2.724517158
2021-22,36,190,Llorente,DEF,LEE,4.5,3.005393487
2021-22,36,273,Maguire,DEF,MUN,5.4,2.481501987
2021-22,36,501,M Sarr,DEF,CHE,4.9,1.769255169
2021-22,36,106,Mee,DEF,BUR,4.6,0.32200161
2021-22,36,39,Targett,DEF,NEW,4.7,1.449372161
2021-22,36,14,Holding,DEF,ARS,4.1,2.695137614
2021-22,36,91,Pinnock,DEF,BRE,4.4,0.0
2021-22,36,510,Dalot,DEF,MUN,4.2,2.191772495
2021-22,36,219,L Thomas,DEF,LEI,4.3,2.024383187
2021-22,36,367,D Sanchez,DEF,TOT,4.2,1.416834021
2021-22,36,305,Schar,DEF,NEW,4.3,0.640297766
2021-22,36,89,Roerslev,DEF,BRE,4.1,2.654844412
2021-22,36,5,Cedric,DEF,ARS,4.2,1.75097065
2021-22,36,474,J Ward,DEF,CRY,4.5,1.071293214
2021-22,36,418,Coufal,DEF,WHU,4.7,1.922635387
2021-22,36,194,Koch,DEF,LEE,4.3,2.640173373
2021-22,36,678,Trippier,DEF,NEW,4.9,0.272181699
2021-22,36,90,M Sorensen,DEF,BRE,4.3,2.334365113
2021-22,36,290,B Williams,DEF,NOR,3.9,3.500279027
2021-22,36,184,Cooper,DEF,LEE,4.4,1.95974847
2021-22,36,58,Burn,DEF,NEW,4.4,1.296189451
2021-22,36,342,Walker-Peters,DEF,SOU,4.8,2.773128404
2021-22,36,52,Young,DEF,AVL,4.7,1.669804175
2021-22,36,502,Kenny,DEF,EVE,4.4,1.123681591
2021-22,36,288,Wan-Bissaka,DEF,MUN,5.1,1.329633749
2021-22,36,343,Bednarek,DEF,SOU,4.4,2.753189001
2021-22,36,198,Struijk,DEF,LEE,4.3,2.22769413
2021-22,36,284,Lindelof,DEF,MUN,4.8,1.585622148
2021-22,36,208,Amartey,DEF,LEI,4.0,1.295744201
2021-22,36,432,Marcal,DEF,WOL,4.2,1.840845454
2021-22,36,110,Lowton,DEF,BUR,4.4,0.724650353
2021-22,36,425,Johnson,DEF,WHU,3.9,1.638387584
2021-22,36,238,Gomez,DEF,LIV,4.7,0.479524331
2021-22,36,460,Perraud,DEF,SOU,4.8,2.45379938
2021-22,36,147,Tomkins,DEF,CRY,4.3,0.290045162
2021-22,36,56,Duffy,DEF,BHA,4.0,0.308792488
2021-22,36,424,Diop,DEF,WHU,4.2,0.645309801
2021-22,36,151,Kelly,DEF,CRY,3.8,0.087927569
2021-22,36,379,Cathcart,DEF,WAT,4.2,1.222380683
2021-22,36,179,Godfrey,DEF,EVE,4.7,0.0
2021-22,36,299,Lascelles,DEF,NEW,4.4,0.860960502
2021-22,36,390,Masina,DEF,WAT,4.3,0.50982525
2021-22,36,340,Vestergaard,DEF,LEI,4.7,0.15460991
2021-22,36,36,Hause,DEF,AVL,4.4,0.051255804
2021-22,36,100,Pieters,DEF,BUR,4.1,0.08274422
2021-22,36,99,Bardsley,DEF,BUR,3.9,0.142457717
2021-22,36,685,Toti,DEF,WOL,4.4,0.285437196
2021-22,36,327,J Sorensen,DEF,NOR,4.3,0.519505603
2021-22,36,247,R Williams,DEF,LIV,4.4,0.075685039
2021-22,36,544,Branthwaite,DEF,EVE,4.0,0.067678298
2021-22,36,473,Bertrand,DEF,LEI,4.6,0.081461247
2021-22,36,446,Mosquera,DEF,WOL,4.4,0.274848326
2021-22,36,158,Jach,DEF,CRY,4.2,0.04440979
2021-22,36,374,Rodon,DEF,TOT,4.2,0.055009008
2021-22,36,103,K Long,DEF,BUR,4.0,0.147481397
2021-22,36,465,F Fernandez,DEF,NEW,4.3,0.038610885
2021-22,36,632,P Jones,DEF,MUN,4.5,0.072877628
2021-22,36,286,Bailly,DEF,MUN,4.9,0.034343907
2021-22,36,690,Kenedy,DEF,CHE,4.5,0.034401918
2021-22,36,301,Dummett,DEF,NEW,4.5,0.033692661
2021-22,36,569,Stevens,DEF,BRE,3.9,0.012111733
2021-22,36,610,Bogarde,DEF,AVL,4.0,0.009263384
2021-22,36,565,Dodgson,DEF,BUR,3.9,0.003014693
2021-22,36,560,H Roberts,DEF,BHA,3.9,0.005621929
2021-22,36,540,Hannam,DEF,CRY,3.9,0.00567884
2021-22,36,534,B Thomas,DEF,BUR,3.9,0.002789574
2021-22,36,618,Nkoulou,DEF,WAT,4.4,0.221643086
2021-22,36,604,Wilson-Esbrand,DEF,MCI,3.9,0.004851341
2021-22,36,603,Mbete,DEF,MCI,3.9,0.004817589
2021-22,36,331,Omobamidele,DEF,NOR,3.9,0.0
2021-22,36,674,Patterson,DEF,EVE,4.2,0.0
2021-22,36,371,Tanganga,DEF,TOT,4.2,0.0
2021-22,36,491,Livramento,DEF,SOU,4.2,0.0
2021-22,36,396,Sierralta,DEF,WAT,4.3,0.0
2021-22,36,387,Troost-Ekong,DEF,WAT,4.3,0.0
2021-22,36,580,Kabak,DEF,NOR,4.3,0.0
2021-22,36,324,Zimmermann,DEF,NOR,4.4,0.0
2021-22,36,439,Kilman,DEF,WOL,4.5,0.0
2021-22,36,594,Zanka,DEF,BRE,4.5,0.0
2021-22,36,161,N Ferguson,DEF,CRY,4.5,0.0
2021-22,36,360,Doherty,DEF,TOT,4.6,0.0
2021-22,36,437,Semedo,DEF,WOL,4.8,0.0
2021-22,36,409,Ogbonna,DEF,WHU,4.9,0.0
2021-22,36,275,Shaw,DEF,MUN,5.0,0.0
2021-22,36,16,Tierney,DEF,ARS,5.0,0.0
2021-22,36,370,Reguilon,DEF,TOT,5.1,0.0
2021-22,36,135,Chilwell,DEF,CHE,5.6,0.0
2021-22,36,651,Egan-Riley,DEF,MCI,4.0,0.004736316
2021-22,36,626,Bradley,DEF,LIV,4.0,0.008717561
2021-22,36,627,Beck,DEF,LIV,4.0,0.008594479
2021-22,36,660,Quansah,DEF,LIV,4.0,0.008447271
2021-22,36,623,Welch,DEF,EVE,4.0,0.003477546
2021-22,36,719,Ogungbo,DEF,ARS,4.0,0.003556483
2021-22,36,711,Swanson,DEF,ARS,4.0,0.008027283
2021-22,36,730,Kirk,DEF,ARS,4.0,0.003530933
2021-22,36,724,Lavinier,DEF,TOT,4.0,0.003290034
2021-22,36,722,Jeanvier,DEF,BRE,4.0,0.00190636
2021-22,36,705,Awe,DEF,ARS,4.0,0.007714477
2021-22,36,712,Offiah,DEF,BHA,4.0,0.001792545
2021-22,36,639,Daley-Campbell,DEF,LEI,4.0,0.008406762
2021-22,36,684,K Hayden,DEF,AVL,4.0,0.007354412
2021-22,36,709,Adaramola,DEF,CRY,4.0,0.004419291
2021-22,36,645,B Nelson,DEF,LEI,4.0,0.008220829
2021-22,36,563,C Cresswell,DEF,LEE,4.0,0.014753371
2021-22,36,670,Feeney,DEF,AVL,4.0,0.007089761
2021-22,36,443,Hoever,DEF,WOL,3.9,0.513330667
2021-22,36,598,Omole,DEF,TOT,3.9,0.00671879
2021-22,36,653,Turns,DEF,BHA,4.0,0.00390935
2021-22,36,351,Salisu,DEF,SOU,4.5,1.921744362
2021-22,36,617,Ashby,DEF,WHU,4.0,0.004418663
2021-22,36,682,Ekwah,DEF,WHU,4.0,0.004113799
2021-22,36,644,Alese,DEF,WHU,4.0,0.00410103
2021-22,36,554,J Baptiste,DEF,WHU,3.9,0.004025016
2021-22,36,635,Bueno,DEF,WOL,4.0,0.006450986
2021-22,36,608,Hjelde,DEF,LEE,4.0,0.006234665
2021-22,36,657,Moore,DEF,LEE,4.0,0.006200883
2021-22,36,633,Morris,DEF,WAT,4.0,0.007132552
2021-22,36,292,Ritchie,DEF,NEW,4.9,0.239265523
2021-22,36,667,Small,DEF,SOU,4.0,0.027754597
2021-22,36,643,Tomkinson,DEF,NOR,4.0,0.043395548
2021-22,36,338,J Stephens,DEF,SOU,4.4,0.186634572
2021-22,36,728,A Fernandez C,DEF,MUN,4.0,0.020031788
2021-22,36,302,Manquillo,DEF,NEW,3.9,0.32186894
2021-22,36,457,Giannoulis,DEF,NOR,4.4,0.434008273
2021-22,36,546,Valery,DEF,SOU,3.9,0.908262446
2021-22,36,321,Byram,DEF,NOR,4.4,0.431375198
2021-22,36,303,Krafth,DEF,NEW,4.3,0.879252431
2021-22,36,400,Ngakia,DEF,WAT,4.2,0.556429883
2021-22,36,417,Masuaku,DEF,WHU,4.4,0.292805035
2021-22,36,415,Fredericks,DEF,WHU,4.4,0.277821013
2021-22,36,567,Lyanco,DEF,SOU,4.4,0.802617787
2021-22,36,233,Salah,MID,LIV,13.3,10.89737561
2021-22,36,359,Son,MID,TOT,11.0,9.012709346
2021-22,36,251,De Bruyne,MID,MCI,11.9,10.02328969
2021-22,36,230,Mane,MID,LIV,11.7,8.653516751
2021-22,36,681,Coutinho,MID,AVL,7.1,7.170715087
2021-22,36,212,Maddison,MID,LEI,6.9,7.277093083
2021-22,36,22,Saka,MID,ARS,6.7,8.777738006
2021-22,36,240,Jota,MID,LIV,8.3,8.207711545
2021-22,36,138,Mount,MID,CHE,7.7,7.45788631
2021-22,36,265,Foden,MID,MCI,7.8,7.308387092
2021-22,36,154,Zaha,MID,CRY,6.8,4.612804645
2021-22,36,210,Tielemans,MID,LEI,6.4,6.656672105
2021-22,36,503,A Gordon,MID,EVE,4.6,6.089718857
2021-22,36,215,H Barnes,MID,LEI,6.5,6.739015709
2021-22,36,196,Raphinha,MID,LEE,6.4,7.146555492
2021-22,36,254,Mahrez,MID,MCI,8.6,7.531804078
2021-22,36,255,Sterling,MID,MCI,10.5,7.108576944
2021-22,36,141,Havertz,MID,CHE,7.9,6.142739632
2021-22,36,701,Kulusevski,MID,TOT,6.3,6.192890907
2021-22,36,399,I Sarr,MID,WAT,5.7,7.41726526
2021-22,36,261,B Silva,MID,MCI,7.0,6.725947411
2021-22,36,144,Gallagher,MID,CRY,6.1,4.045233226
2021-22,36,558,Odegaard,MID,ARS,5.6,6.814523913
2021-22,36,587,Lookman,MID,LEI,5.9,5.797531531
2021-22,36,35,McGinn,MID,AVL,5.6,5.300533011
2021-22,36,484,D Gray,MID,EVE,5.4,5.308526513
2021-22,36,696,Diaz,MID,LIV,8.0,6.732352828
2021-22,36,173,Doucoure,MID,EVE,5.3,5.276076673
2021-22,36,26,Martinelli,MID,ARS,5.3,6.153161007
2021-22,36,21,Smith Rowe,MID,ARS,5.7,6.104022441
2021-22,36,420,Bowen,MID,WHU,6.9,5.008490588
2021-22,36,267,Harrison,MID,LEE,5.5,5.69167379
2021-22,36,505,Dewsbury-Hall,MID,LEI,4.4,4.790834626
2021-22,36,699,Eriksen,MID,BRE,5.6,4.084958403
2021-22,36,43,Buendia,MID,AVL,6.1,4.616168427
2021-22,36,266,Rodri,MID,MCI,5.5,5.864247793
2021-22,36,96,Mbeumo,MID,BRE,5.2,3.947427829
2021-22,36,578,Cornet,MID,BUR,5.8,2.662619498
2021-22,36,50,Douglas Luiz,MID,AVL,4.3,4.545438341
2021-22,36,250,Gundogan,MID,MCI,7.1,5.187716925
2021-22,36,323,Dowell,MID,NOR,5.1,5.652360605
2021-22,36,64,Trossard,MID,BHA,5.8,3.57140697
2021-22,36,33,Grealish,MID,MCI,7.5,5.299548856
2021-22,36,365,Hojbjerg,MID,TOT,4.8,4.9233287
2021-22,36,232,Fabinho,MID,LIV,5.4,5.258092273
2021-22,36,449,Rashica,MID,NOR,5.2,5.525977623
2021-22,36,464,Olise,MID,CRY,5.4,3.261289404
2021-22,36,287,D James,MID,LEE,6.0,5.140106533
2021-22,36,125,Kovacic,MID,CHE,4.9,5.562166738
2021-22,36,7,Xhaka,MID,ARS,4.8,5.219953914
2021-22,36,137,Pulisic,MID,CHE,7.9,4.427168819
2021-22,36,118,McNeil,MID,BUR,5.5,2.735005485
2021-22,36,341,Ward-Prowse,MID,SOU,6.5,3.567810902
2021-22,36,174,Iwobi,MID,EVE,5.8,4.307479318
2021-22,36,115,Brownhill,MID,BUR,4.3,2.71050684
2021-22,36,277,Fernandes,MID,MUN,11.6,3.964320358
2021-22,36,222,J Henderson,MID,LIV,4.9,4.707246543
2021-22,36,132,Loftus-Cheek,MID,CHE,5.4,5.762471063
2021-22,36,171,Allan,MID,EVE,4.3,3.923948733
2021-22,36,131,Ziyech,MID,CHE,7.3,4.027777666
2021-22,36,426,Moutinho,MID,WOL,4.9,4.502911837
2021-22,36,702,Bentancur,MID,TOT,4.9,4.295183109
2021-22,36,155,Schlupp,MID,CRY,5.4,2.20432916
2021-22,36,186,Klich,MID,LEE,5.1,4.623772302
2021-22,36,422,Soucek,MID,WHU,5.7,3.426124423
2021-22,36,101,Cork,MID,BUR,4.4,2.403541648
2021-22,36,354,Sissoko,MID,WAT,4.4,4.635778055
2021-22,36,471,Lees-Melou,MID,NOR,4.8,4.643447492
2021-22,36,225,Thiago,MID,LIV,5.3,4.354451761
2021-22,36,145,Gilmour,MID,NOR,4.3,4.540222564
2021-22,36,191,K Phillips,MID,LEE,4.7,4.301195867
2021-22,36,441,Neto,MID,WOL,6.2,3.894454746
2021-22,36,148,McArthur,MID,CRY,4.3,2.427328461
2021-22,36,495,Kucka,MID,WAT,5.5,4.375012255
2021-22,36,239,Keita,MID,LIV,5.0,3.738998999
2021-22,36,362,Lucas Moura,MID,TOT,5.9,3.943623142
2021-22,36,51,J Ramsey,MID,AVL,4.7,1.320814476
2021-22,36,74,Mac Allister,MID,BHA,5.1,2.775122313
2021-22,36,434,Dendoncker,MID,WOL,4.6,3.97758043
2021-22,36,524,Wissa,MID,BRE,5.7,3.283967009
2021-22,36,419,Benrahma,MID,WHU,5.9,3.182755536
2021-22,36,581,Normann,MID,NOR,4.5,4.188588862
2021-22,36,423,Fornals,MID,WHU,6.0,3.224320235
2021-22,36,478,Lokonga,MID,ARS,4.8,3.896558228
2021-22,36,517,Elyounoussi,MID,SOU,5.4,2.609199135
2021-22,36,403,Louza,MID,WAT,5.2,4.031717734
2021-22,36,77,Norgaard,MID,BRE,5.0,2.697750624
2021-22,36,130,Kante,MID,CHE,4.9,1.581219042
2021-22,36,84,Janelt,MID,BRE,4.9,2.64531064
2021-22,36,19,Willock,MID,NEW,5.5,2.017533882
2021-22,36,339,S Armstrong,MID,SOU,5.8,2.578824234
2021-22,36,202,Albrighton,MID,LEI,5.2,2.38830104
2021-22,36,512,Elanga,MID,MUN,4.8,2.871171054
2021-22,36,34,Sanson,MID,AVL,5.0,2.74806035
2021-22,36,697,Guimaraes,MID,NEW,5.0,2.066412628
2021-22,36,416,Lanzini,MID,WHU,5.6,2.801272994
2021-22,36,421,Rice,MID,WHU,5.0,2.74601524
2021-22,36,461,Trincao,MID,WOL,5.6,3.096511776
2021-22,36,17,Pepe,MID,ARS,6.9,3.106928403
2021-22,36,123,Jorginho,MID,CHE,5.7,0.712613737
2021-22,36,575,Lennon,MID,BUR,4.7,1.938860877
2021-22,36,60,March,MID,BHA,5.3,2.126553112
2021-22,36,291,Shelvey,MID,NEW,5.3,1.946622118
2021-22,36,211,Perez,MID,LEI,5.7,1.992377771
2021-22,36,436,Neves,MID,WOL,5.2,1.520452587
2021-22,36,538,Caicedo,MID,BHA,4.5,2.060002402
2021-22,36,81,Canos,MID,BRE,5.5,0.0
2021-22,36,55,Gross,MID,BHA,5.7,1.425357652
2021-22,36,285,McTominay,MID,MUN,5.4,2.432680772
2021-22,36,274,Fred,MID,MUN,4.9,1.933622979
2021-22,36,203,N Mendy,MID,LEI,4.3,2.295632506
2021-22,36,70,Bissouma,MID,BHA,4.4,2.166621926
2021-22,36,381,Cleverley,MID,WAT,4.8,2.65279578
2021-22,36,163,Delph,MID,EVE,4.2,2.135662069
2021-22,36,335,Romeu,MID,SOU,4.5,2.203302959
2021-22,36,282,van de Beek,MID,EVE,5.7,0.59193972
2021-22,36,438,Podence,MID,WOL,5.5,0.61370138
2021-22,36,281,Rashford,MID,MUN,9.4,0.0
2021-22,36,328,Placheta,MID,NOR,4.7,2.439838416
2021-22,36,648,Rowe,MID,NOR,4.4,2.855056673
2021-22,36,453,Fernandinho,MID,MCI,4.7,1.443185282
2021-22,36,86,Jensen,MID,BRE,4.9,2.051616997
2021-22,36,140,Hudson-Odoi,MID,CHE,5.3,0.259038939
2021-22,36,458,Soumare,MID,LEI,4.8,1.866575981
2021-22,36,304,Murphy,MID,NEW,4.6,1.538661185
2021-22,36,317,Rupp,MID,NOR,4.4,2.32597509
2021-22,36,366,Winks,MID,TOT,4.4,1.698314766
2021-22,36,506,Elliott,MID,LIV,5.3,0.920428286
2021-22,36,53,Lallana,MID,BHA,5.3,1.184268041
2021-22,36,363,Alli,MID,EVE,6.2,1.298891505
2021-22,36,592,Saul,MID,CHE,4.9,1.064592046
2021-22,36,276,Lingard,MID,MUN,6.7,1.788809224
2021-22,36,369,Bergwijn,MID,TOT,5.9,2.002060358
2021-22,36,679,Kayembe,MID,WAT,4.5,1.576611301
2021-22,36,32,B Traore,MID,AVL,5.7,0.585625905
2021-22,36,124,Barkley,MID,CHE,5.2,0.462135385
2021-22,36,271,Matic,MID,MUN,4.3,1.495683887
2021-22,36,244,C Jones,MID,LIV,5.0,0.785543221
2021-22,36,298,Fraser,MID,NEW,5.2,0.0
2021-22,36,507,Palmer,MID,MCI,4.5,0.009563465
2021-22,36,373,Skipp,MID,TOT,4.4,0.0
2021-22,36,548,Campbell,MID,WOL,4.4,0.0
2021-22,36,75,Moder,MID,BHA,4.5,0.0
2021-22,36,552,Forshaw,MID,LEE,4.5,0.0
2021-22,36,551,Summerville,MID,LEE,4.5,0.0
2021-22,36,687,Giles,MID,WOL,4.5,0.0
2021-22,36,612,Sarmiento,MID,BHA,4.5,0.0
2021-22,36,216,Ndidi,MID,LEI,4.8,0.0
2021-22,36,193,T Roberts,MID,LEE,4.8,0.0
2021-22,36,318,McLean,MID,NOR,4.9,0.0
2021-22,36,188,Dallas,MID,LEE,4.9,0.0
2021-22,36,698,Kalu,MID,WAT,4.9,0.0
2021-22,36,479,Onyeka,MID,BRE,4.9,0.0
2021-22,36,15,Partey,MID,ARS,5.0,0.0
2021-22,36,107,Westwood,MID,BUR,5.2,0.0
2021-22,36,482,Townsend,MID,EVE,5.2,0.0
2021-22,36,85,Ghoddos,MID,BRE,5.2,0.0
2021-22,36,462,Mwepu,MID,BHA,5.9,0.0
2021-22,36,492,Bailey,MID,AVL,6.3,0.0
2021-22,36,289,M Greenwood,MID,MUN,7.1,0.0
2021-22,36,272,Pogba,MID,MUN,7.4,0.0
2021-22,36,485,Sancho,MID,MUN,8.9,0.0
2021-22,36,629,McAtee,MID,MCI,4.4,0.004657062
2021-22,36,508,Edozie,MID,MCI,4.7,0.004178984
2021-22,36,613,Whitaker,MID,EVE,4.5,0.003856019
2021-22,36,625,K Gordon,MID,LIV,4.5,0.00859657
2021-22,36,671,Hall,MID,CHE,4.5,0.003992892
2021-22,36,672,Vale,MID,CHE,4.5,0.003971187
2021-22,36,720,Flores,MID,ARS,4.5,0.003961298
2021-22,36,605,Lavia,MID,MCI,4.4,0.003790721
2021-22,36,631,Jenkins,MID,LEE,4.5,0.003504408
2021-22,36,662,Peart-Harris,MID,BRE,4.5,0.001939875
2021-22,36,630,Onyango,MID,EVE,4.5,0.003334855
2021-22,36,721,Azeez,MID,ARS,4.5,0.00349201
2021-22,36,726,Costelloe,MID,BUR,4.5,0.001780301
2021-22,36,718,Price,MID,EVE,4.5,0.003313553
2021-22,36,717,Bowden,MID,TOT,4.5,0.003369861
2021-22,36,714,Devine,MID,TOT,4.5,0.00769992
2021-22,36,692,Hutchinson,MID,ARS,4.5,0.008143992
2021-22,36,654,Leonard,MID,BHA,4.5,0.001821515
2021-22,36,668,H White,MID,TOT,4.4,0.007661423
2021-22,36,729,Craig,MID,TOT,4.5,0.00325403
2021-22,36,614,Maghoma,MID,BRE,4.5,0.001777242
2021-22,36,628,Haygarth,MID,BRE,4.5,0.001735021
2021-22,36,543,Banks,MID,CRY,4.5,0.004051646
2021-22,36,42,El Ghazi,MID,EVE,5.6,0.090528529
2021-22,36,693,Oulad,MID,ARS,4.5,0.00752308
2021-22,36,620,Morton,MID,LIV,4.5,0.007437898
2021-22,36,79,Fosu,MID,BRE,5.1,0.004086658
2021-22,36,634,Perkins,MID,WHU,4.5,0.004308164
2021-22,36,541,Rak-Sakyi,MID,CRY,4.4,0.003860834
2021-22,36,609,Anderson,MID,NEW,4.5,0.003640736
2021-22,36,646,Brunt,MID,LEI,4.5,0.007173037
2021-22,36,652,Oko-Flex,MID,WHU,4.4,0.004177354
2021-22,36,601,McKinstry,MID,LEE,4.3,0.007169026
2021-22,36,713,O'Reilly,MID,AVL,4.5,0.006886062
2021-22,36,658,Archie Gray,MID,LEE,4.5,0.007003418
2021-22,36,710,Chesters,MID,WHU,4.5,0.00387226
2021-22,36,624,Bate,MID,LEE,4.5,0.006882871
2021-22,36,707,De Bolle,MID,NEW,4.4,0.003420908
2021-22,36,600,Kenneh,MID,LEE,4.4,0.006715328
2021-22,36,680,Chauke,MID,SOU,4.5,0.003477099
2021-22,36,576,McCarron,MID,LEE,4.4,0.041548954
2021-22,36,346,Tella,MID,SOU,4.7,1.183761516
2021-22,36,157,Riedewald,MID,CRY,4.7,0.020959441
2021-22,36,716,Springett,MID,NOR,4.5,0.03916502
2021-22,36,405,Baah,MID,WAT,4.3,0.086355967
2021-22,36,683,Gibbs,MID,NOR,4.5,0.035568145
2021-22,36,526,Chukwuemeka,MID,AVL,4.5,0.121973394
2021-22,36,723,Garnacho,MID,MUN,4.5,0.083129184
2021-22,36,727,Shoretire,MID,MUN,4.5,0.0811761
2021-22,36,589,Kral,MID,WHU,4.4,0.041348746
2021-22,36,160,Eze,MID,CRY,5.9,0.29722469
2021-22,36,703,Chrisene,MID,AVL,4.5,0.074311206
2021-22,36,689,Chiquinho,MID,WOL,5.5,1.725268482
2021-22,36,459,Mata,MID,MUN,4.7,1.575670523
2021-22,36,227,Chamberlain,MID,LIV,5.8,0.358218931
2021-22,36,336,Redmond,MID,SOU,5.9,1.280584388
2021-22,36,332,Walcott,MID,SOU,5.8,0.089223605
2021-22,36,12,Elneny,MID,ARS,4.4,1.606950749
2021-22,36,108,Gudmundsson,MID,BUR,5.4,0.038329743
2021-22,36,350,Djenepo,MID,SOU,5.2,0.084634846
2021-22,36,386,W Hughes,MID,CRY,4.7,1.031487903
2021-22,36,664,Patino,MID,ARS,4.5,0.158361374
2021-22,36,347,Smallbone,MID,SOU,4.5,0.082637748
2021-22,36,236,Minamino,MID,LIV,5.1,0.344268402
2021-22,36,547,Cundle,MID,WOL,4.4,1.055526318
2021-22,36,706,Mejbri,MID,MUN,4.5,0.155001217
2021-22,36,638,Iroegbunam,MID,AVL,4.5,1.142628099
2021-22,36,412,Yarmolenko,MID,WHU,5.1,0.427542909
2021-22,36,41,Nakamba,MID,AVL,4.4,1.325718288
2021-22,36,172,Gomes,MID,EVE,4.9,0.320940945
2021-22,36,73,Alzate,MID,BHA,4.8,0.271218439
2021-22,36,406,Noble,MID,WHU,4.3,1.134397638
2021-22,36,214,Choudhury,MID,LEI,4.4,0.513093612
2021-22,36,391,Sema,MID,WAT,5.2,0.312825685
2021-22,36,528,Tzolis,MID,NOR,4.8,1.578400554
2021-22,36,499,S Baptiste,MID,BRE,4.9,0.257451458
2021-22,36,221,Milner,MID,LIV,4.9,0.654519662
2021-22,36,308,Almiron,MID,NEW,5.0,1.076859916
2021-22,36,309,S Longstaff,MID,NEW,4.3,0.38246024
2021-22,36,197,Shackleton,MID,LEE,4.4,0.439727146
2021-22,36,467,Etebo,MID,WAT,4.3,0.456634778
2021-22,36,102,D Stephens,MID,BUR,4.4,0.321864809
2021-22,36,82,Dasilva,MID,BRE,5.3,1.026235669
2021-22,36,349,I Diallo,MID,SOU,4.5,0.296018297
2021-22,36,152,Milivojevic,MID,CRY,5.2,0.59780186
2021-22,36,582,Vlasic,MID,WHU,5.6,1.27608086
2021-22,36,357,Kane,FWD,TOT,12.4,8.918060652
2021-22,36,205,Vardy,FWD,LEI,10.3,7.898394848
2021-22,36,40,Watkins,FWD,AVL,7.5,7.149004392
2021-22,36,180,Richarlison,FWD,EVE,7.5,7.00737116
2021-22,36,177,Calvert-Lewin,FWD,EVE,7.7,6.54180551
2021-22,36,20,Nketiah,FWD,ARS,5.5,7.51235645
2021-22,36,213,Iheanacho,FWD,LEI,7.0,6.325887772
2021-22,36,315,Pukki,FWD,NOR,6.1,7.394841434
2021-22,36,263,Jesus,FWD,MCI,8.6,7.114817435
2021-22,36,337,Ings,FWD,AVL,7.7,5.438809384
2021-22,36,78,Toney,FWD,BRE,6.9,4.28032576
2021-22,36,700,Weghorst,FWD,BUR,6.4,3.359656332
2021-22,36,450,Dennis,FWD,WAT,5.9,6.130246137
2021-22,36,134,Werner,FWD,CHE,8.7,5.316767191
2021-22,36,430,Jimenez,FWD,WOL,7.5,5.134793794
2021-22,36,529,Lukaku,FWD,CHE,11.4,5.455379893
2021-22,36,187,Rodrigo,FWD,LEE,6.3,5.367340894
2021-22,36,404,Joao Pedro,FWD,WAT,5.4,5.290658039
2021-22,36,159,Mateta,FWD,CRY,5.3,2.915897093
2021-22,36,413,Antonio,FWD,WHU,7.4,4.163418696
2021-22,36,455,Daka,FWD,LEI,7.0,4.049226873
2021-22,36,579,Ronaldo,FWD,MUN,12.2,3.972673911
2021-22,36,111,Vydra,FWD,BUR,5.2,2.981352761
2021-22,36,345,Adams,FWD,SOU,6.6,3.039127665
2021-22,36,583,Hwang,FWD,WOL,5.4,4.171473835
2021-22,36,63,Maupay,FWD,BHA,6.2,2.628614374
2021-22,36,109,Wood,FWD,NEW,6.5,2.556787458
2021-22,36,228,Firmino,FWD,LIV,8.7,2.481643659
2021-22,36,447,Welbeck,FWD,BHA,5.9,2.724905047
2021-22,36,468,King,FWD,WAT,5.6,4.127591292
2021-22,36,104,Jay Rodriguez,FWD,BUR,5.2,0.826237205
2021-22,36,296,Wilson,FWD,NEW,7.1,1.036474065
2021-22,36,307,Saint-Maximin,FWD,NEW,6.8,2.254556458
2021-22,36,518,Broja,FWD,SOU,5.4,2.490953473
2021-22,36,189,Bamford,FWD,LEE,7.7,0.4988796
2021-22,36,153,Ayew,FWD,CRY,5.8,1.69235035
2021-22,36,6,Lacazette,FWD,ARS,8.2,2.293905844
2021-22,36,586,Edouard,FWD,CRY,6.1,1.242713647
2021-22,36,310,Joelinton,FWD,NEW,5.8,1.838856274
2021-22,36,525,A Armstrong,FWD,SOU,5.7,1.213647553
2021-22,36,269,Cavani,FWD,MUN,8.4,1.045607232
2021-22,36,149,Benteke,FWD,CRY,5.9,0.456117682
2021-22,36,445,F Silva,FWD,WOL,5.6,2.014388642
2021-22,36,577,Gelhardt,FWD,LEE,4.7,2.305098504
2021-22,36,235,Origi,FWD,LIV,4.8,0.205670745
2021-22,36,329,Idah,FWD,NOR,4.8,0.0
2021-22,36,472,Cucho,FWD,WAT,5.0,0.0
2021-22,36,516,Sargent,FWD,NOR,5.4,0.0
2021-22,36,704,Delap,FWD,MCI,4.5,0.00429069
2021-22,36,622,Tosun,FWD,EVE,5.0,0.003887556
2021-22,36,663,Kayky,FWD,MCI,5.0,0.003777995
2021-22,36,533,Richardson,FWD,BUR,4.5,0.001867408
2021-22,36,607,Dobbin,FWD,EVE,4.5,0.003293948
2021-22,36,640,Young-Coombes,FWD,BRE,4.5,0.001818092
2021-22,36,655,E Ferguson,FWD,BHA,4.5,0.001794719
2021-22,36,725,Forde,FWD,WAT,4.5,0.003397562
2021-22,36,591,Rondon,FWD,EVE,6.0,0.044247703
2021-22,36,694,Biereth,FWD,ARS,4.5,0.007313837
2021-22,36,520,Scarlett,FWD,TOT,4.5,0.040085185
2021-22,36,715,A Kamara,FWD,NOR,4.5,0.037942977
2021-22,36,300,Gayle,FWD,NEW,5.2,0.037815787
2021-22,36,105,A Barnes,FWD,BUR,5.2,1.342536902
2021-22,36,550,S Greenwood,FWD,LEE,4.6,1.224299857
2021-22,36,519,S Long,FWD,SOU,5.4,1.190677619
2021-22,37,170,Pickford,GK,EVE,4.8,7.965952332
2021-22,37,30,Martinez,GK,AVL,5.5,8.180778778
2021-22,37,112,Pope,GK,BUR,5.4,6.319818961
2021-22,37,200,Schmeichel,GK,LEI,4.9,6.052818466
2021-22,37,231,Alisson,GK,LIV,6.0,4.074625949
2021-22,37,559,Ramsdale,GK,ARS,5.1,4.112609257
2021-22,37,353,Lloris,GK,TOT,5.4,4.232818727
2021-22,37,143,E Mendy,GK,CHE,6.1,3.903998796
2021-22,37,146,Guaita,GK,CRY,4.6,4.820469345
2021-22,37,257,Ederson,GK,MCI,6.1,3.926756755
2021-22,37,199,Meslier,GK,LEE,4.8,3.77395964
2021-22,37,69,R Sanchez,GK,BHA,4.5,3.468684581
2021-22,37,475,Sa,GK,WOL,5.2,4.305980089
2021-22,37,80,Raya,GK,BRE,4.3,3.371454473
2021-22,37,295,Dubravka,GK,NEW,4.5,3.241036464
2021-22,37,408,Fabianski,GK,WHU,5.0,2.749331333
2021-22,37,270,de Gea,GK,MUN,5.1,0.0
2021-22,37,156,Butland,GK,CRY,4.4,2.0733855
2021-22,37,314,Krul,GK,NOR,4.5,2.84888561
2021-22,37,376,Foster,GK,WAT,4.1,2.835117545
2021-22,37,333,Forster,GK,SOU,4.4,2.298913976
2021-22,37,334,McCarthy,GK,SOU,4.3,0.27573877
2021-22,37,129,Kepa,GK,CHE,4.5,0.156584701
2021-22,37,489,Areola,GK,WHU,4.7,0.147160552
2021-22,37,242,Kelleher,GK,LIV,4.3,0.092915006
2021-22,37,691,Olsen,GK,AVL,4.0,0.165020531
2021-22,37,389,Bachmann,GK,WAT,4.0,0.198478477
2021-22,37,480,Hennessey,GK,BUR,4.5,0.146959886
2021-22,37,481,Begovic,GK,EVE,4.0,0.143530579
2021-22,37,486,Gollini,GK,TOT,4.2,0.078910784
2021-22,37,1,Leno,GK,ARS,4.5,0.081183047
2021-22,37,260,Steffen,GK,MCI,4.4,0.074883018
2021-22,37,294,Darlow,GK,NEW,4.5,0.085720759
2021-22,37,54,Steele,GK,BHA,3.9,0.069773894
2021-22,37,490,Klaesson,GK,LEE,4.3,0.075168987
2021-22,37,204,D Ward,GK,LEI,4.0,0.106179907
2021-22,37,448,Gunn,GK,NOR,4.0,0.136466084
2021-22,37,452,Ruddy,GK,WOL,4.3,0.08482894
2021-22,37,673,Lossl,GK,BRE,4.5,0.064730655
2021-22,37,280,D Henderson,GK,MUN,4.7,0.0
2021-22,37,561,Matthews,GK,CRY,3.9,0.014431729
2021-22,37,571,Lonergan,GK,EVE,3.9,0.015140193
2021-22,37,606,Bettinelli,GK,CHE,4.0,0.008304416
2021-22,37,114,Norris,GK,BUR,4.3,0.012351676
2021-22,37,593,Carson,GK,MCI,3.9,0.00809348
2021-22,37,596,Sinisalo,GK,AVL,4.0,0.014300118
2021-22,37,573,Jakupovic,GK,LEI,3.9,0.011474917
2021-22,37,688,McGill,GK,BHA,4.0,0.006927577
2021-22,37,556,A Fernandez L,GK,BRE,4.5,0.007188807
2021-22,37,572,Okonkwo,GK,ARS,3.9,0.003861187
2021-22,37,407,Randolph,GK,WHU,4.3,0.005194189
2021-22,37,509,Heaton,GK,MUN,3.9,0.0
2021-22,37,656,Pitaluga,GK,LIV,4.0,0.003100799
2021-22,37,619,Cox,GK,BRE,4.0,0.00321848
2021-22,37,223,Adrian,GK,LIV,4.3,0.000812744
2021-22,37,616,Tyrer,GK,EVE,4.0,0.001376029
2021-22,37,615,Slicker,GK,MCI,4.0,0.000724794
2021-22,37,514,Gillespie,GK,NEW,3.9,0.00069002
2021-22,37,642,Angelini,GK,WAT,4.0,0.000530378
2021-22,37,574,Elliot,GK,WAT,4.0,0.005885176
2021-22,37,313,McGovern,GK,NOR,3.9,0.00568609
2021-22,37,659,Austin,GK,TOT,4.0,0.004603516
2021-22,37,666,McCracken,GK,NOR,4.0,0.00510613
2021-22,37,708,Waller,GK,BUR,4.0,0.006949929
2021-22,37,621,Storer,GK,WOL,4.0,0.004588028
2021-22,37,641,Caballero,GK,SOU,4.2,0.008039129
2021-22,37,637,H Lewis,GK,SOU,3.9,0.002999739
2021-22,37,237,Trent,DEF,LIV,8.4,5.426979147
2021-22,37,256,Cancelo,DEF,MCI,7.2,4.856737615
2021-22,37,168,Digne,DEF,AVL,5.0,8.43880783
2021-22,37,234,Robertson,DEF,LIV,7.3,3.902004737
2021-22,37,44,Cash,DEF,AVL,5.3,8.01583793
2021-22,37,165,Coleman,DEF,EVE,4.9,7.182199863
2021-22,37,675,Mykolenko,DEF,EVE,4.9,6.977631168
2021-22,37,488,Andersen,DEF,CRY,4.6,6.023543075
2021-22,37,142,R James,DEF,CHE,6.4,4.15137779
2021-22,37,122,Alonso,DEF,CHE,5.7,3.980511376
2021-22,37,38,Mings,DEF,AVL,5.0,7.601497652
2021-22,37,588,Emerson R,DEF,TOT,4.5,4.509863321
2021-22,37,229,van Dijk,DEF,LIV,6.8,4.008965213
2021-22,37,127,Rudiger,DEF,CHE,6.1,4.003672392
2021-22,37,169,Keane,DEF,EVE,4.6,6.451388947
2021-22,37,264,Zinchenko,DEF,MCI,5.3,4.027483046
2021-22,37,368,Sessegnon,DEF,TOT,4.3,4.221288654
2021-22,37,367,D Sanchez,DEF,TOT,4.2,4.204264726
2021-22,37,119,Azpilicueta,DEF,CHE,5.6,3.688337728
2021-22,37,477,Guehi,DEF,CRY,4.5,5.304445017
2021-22,37,178,Holgate,DEF,EVE,4.2,6.340627047
2021-22,37,224,Matip,DEF,LIV,5.2,3.151668105
2021-22,37,364,Ben T Davies,DEF,TOT,4.5,4.0043721
2021-22,37,121,T Silva,DEF,CHE,5.6,3.518509569
2021-22,37,361,Dier,DEF,TOT,4.6,3.961760527
2021-22,37,259,Laporte,DEF,MCI,6.0,1.797587608
2021-22,37,113,Taylor,DEF,BUR,4.4,4.193365442
2021-22,37,493,Clyne,DEF,CRY,4.3,4.93775955
2021-22,37,23,Gabriel,DEF,ARS,5.4,2.81907421
2021-22,37,45,Konsa,DEF,AVL,4.9,5.793979007
2021-22,37,590,Tomiyasu,DEF,ARS,4.5,3.492023899
2021-22,37,585,C Roberts,DEF,BUR,4.4,3.860688301
2021-22,37,258,Ake,DEF,MCI,4.7,3.863347154
2021-22,37,67,B White,DEF,ARS,4.6,2.611969435
2021-22,37,584,Cucurella,DEF,BHA,4.9,3.183585285
2021-22,37,59,Dunk,DEF,BHA,4.8,3.166787087
2021-22,37,451,Collins,DEF,BUR,4.3,3.873527431
2021-22,37,220,Fofana,DEF,LEI,4.3,3.832409846
2021-22,37,209,Castagne,DEF,LEI,5.3,3.762779047
2021-22,37,133,Christensen,DEF,CHE,4.6,2.316437858
2021-22,37,201,Evans,DEF,LEI,5.4,3.449586404
2021-22,37,162,Mitchell,DEF,CRY,4.5,3.471514206
2021-22,37,76,Jansson,DEF,BRE,4.4,2.927697016
2021-22,37,474,J Ward,DEF,CRY,4.5,3.434188333
2021-22,37,218,Justin,DEF,LEI,4.9,3.101357703
2021-22,37,62,Veltman,DEF,BHA,4.2,2.737814539
2021-22,37,106,Mee,DEF,BUR,4.6,1.803857723
2021-22,37,433,Jonny,DEF,WOL,4.5,4.257485562
2021-22,37,483,Ajer,DEF,BRE,4.4,2.77413124
2021-22,37,39,Targett,DEF,NEW,4.7,2.711672193
2021-22,37,5,Cedric,DEF,ARS,4.2,2.790883092
2021-22,37,61,Webster,DEF,BHA,4.3,2.51148564
2021-22,37,83,Henry,DEF,BRE,4.5,2.789349464
2021-22,37,190,Llorente,DEF,LEE,4.5,3.085911588
2021-22,37,466,Tavares,DEF,ARS,4.3,2.508808753
2021-22,37,470,Ait-Nouri,DEF,WOL,4.1,3.867662307
2021-22,37,428,Boly,DEF,WOL,4.9,4.109554654
2021-22,37,305,Schar,DEF,NEW,4.3,2.485729463
2021-22,37,429,Coady,DEF,WOL,4.8,4.105356243
2021-22,37,411,A Cresswell,DEF,WHU,5.5,2.139184946
2021-22,37,10,Chambers,DEF,AVL,4.2,3.025283587
2021-22,37,207,R Pereira,DEF,LEI,5.2,2.302421338
2021-22,37,184,Cooper,DEF,LEE,4.4,2.849955533
2021-22,37,58,Burn,DEF,NEW,4.4,2.376116885
2021-22,37,194,Koch,DEF,LEE,4.3,2.786856153
2021-22,37,678,Trippier,DEF,NEW,4.9,1.496886522
2021-22,37,98,Tarkowski,DEF,BUR,4.9,1.113888719
2021-22,37,463,Firpo,DEF,LEE,4.7,2.800776461
2021-22,37,198,Struijk,DEF,LEE,4.3,2.747261705
2021-22,37,555,Varane,DEF,MUN,5.5,0.0
2021-22,37,243,Konate,DEF,LIV,5.1,1.079268227
2021-22,37,279,Telles,DEF,MUN,5.1,0.0
2021-22,37,90,M Sorensen,DEF,BRE,4.3,2.450495193
2021-22,37,179,Godfrey,DEF,EVE,4.7,2.122378657
2021-22,37,527,T Chalobah,DEF,CHE,4.7,0.8600586
2021-22,37,128,Zouma,DEF,WHU,5.4,1.936869455
2021-22,37,501,M Sarr,DEF,CHE,4.9,0.799565729
2021-22,37,414,Dawson,DEF,WHU,4.9,1.73849232
2021-22,37,273,Maguire,DEF,MUN,5.4,0.0
2021-22,37,175,Mina,DEF,EVE,4.9,1.46759343
2021-22,37,208,Amartey,DEF,LEI,4.0,1.888379916
2021-22,37,245,Tsimikas,DEF,LIV,3.7,0.944108583
2021-22,37,219,L Thomas,DEF,LEI,4.3,1.63243096
2021-22,37,510,Dalot,DEF,MUN,4.2,0.0
2021-22,37,71,Lamptey,DEF,BHA,4.5,2.108036765
2021-22,37,89,Roerslev,DEF,BRE,4.1,1.957676709
2021-22,37,150,Kouyate,DEF,CRY,4.5,1.746882174
2021-22,37,103,K Long,DEF,BUR,4.0,2.053191801
2021-22,37,217,Soyuncu,DEF,LEI,4.9,1.215813313
2021-22,37,651,Egan-Riley,DEF,MCI,4.0,0.800620928
2021-22,37,432,Marcal,DEF,WOL,4.2,1.905601202
2021-22,37,374,Rodon,DEF,TOT,4.2,0.913031628
2021-22,37,299,Lascelles,DEF,NEW,4.4,0.908919768
2021-22,37,110,Lowton,DEF,BUR,4.4,0.884642946
2021-22,37,288,Wan-Bissaka,DEF,MUN,5.1,0.0
2021-22,37,418,Coufal,DEF,WHU,4.7,1.067192559
2021-22,37,91,Pinnock,DEF,BRE,4.4,0.0
2021-22,37,502,Kenny,DEF,EVE,4.4,0.878676279
2021-22,37,303,Krafth,DEF,NEW,4.3,1.252268498
2021-22,37,284,Lindelof,DEF,MUN,4.8,0.0
2021-22,37,342,Walker-Peters,DEF,SOU,4.8,1.706932383
2021-22,37,400,Ngakia,DEF,WAT,4.2,2.364107154
2021-22,37,238,Gomez,DEF,LIV,4.7,0.247334688
2021-22,37,56,Duffy,DEF,BHA,4.0,0.293240179
2021-22,37,676,H Kamara,DEF,WAT,4.5,2.677003758
2021-22,37,52,Young,DEF,AVL,4.7,2.819930716
2021-22,37,431,Saiss,DEF,WOL,4.8,0.937609382
2021-22,37,147,Tomkins,DEF,CRY,4.3,0.29612743
2021-22,37,685,Toti,DEF,WOL,4.4,0.483891598
2021-22,37,446,Mosquera,DEF,WOL,4.4,0.480647007
2021-22,37,14,Holding,DEF,ARS,4.1,0.0
2021-22,37,425,Johnson,DEF,WHU,3.9,0.928073669
2021-22,37,343,Bednarek,DEF,SOU,4.4,1.633222737
2021-22,37,544,Branthwaite,DEF,EVE,4.0,0.218422447
2021-22,37,100,Pieters,DEF,BUR,4.1,0.292333392
2021-22,37,424,Diop,DEF,WHU,4.2,0.419303161
2021-22,37,151,Kelly,DEF,CRY,3.8,0.14240699
2021-22,37,604,Wilson-Esbrand,DEF,MCI,3.9,0.106628516
2021-22,37,603,Mbete,DEF,MCI,3.9,0.104515509
2021-22,37,608,Hjelde,DEF,LEE,4.0,0.25596955
2021-22,37,99,Bardsley,DEF,BUR,3.9,0.145379665
2021-22,37,390,Masina,DEF,WAT,4.3,0.531663803
2021-22,37,563,C Cresswell,DEF,LEE,4.0,0.249616429
2021-22,37,443,Hoever,DEF,WOL,3.9,0.489052735
2021-22,37,36,Hause,DEF,AVL,4.4,0.089879813
2021-22,37,158,Jach,DEF,CRY,4.2,0.069297738
2021-22,37,247,R Williams,DEF,LIV,4.4,0.039145048
2021-22,37,340,Vestergaard,DEF,LEI,4.7,0.105829482
2021-22,37,569,Stevens,DEF,BRE,3.9,0.127865307
2021-22,37,301,Dummett,DEF,NEW,4.5,0.061986354
2021-22,37,473,Bertrand,DEF,LEI,4.6,0.055264213
2021-22,37,302,Manquillo,DEF,NEW,3.9,0.116366861
2021-22,37,286,Bailly,DEF,MUN,4.9,0.0
2021-22,37,632,P Jones,DEF,MUN,4.5,0.0
2021-22,37,610,Bogarde,DEF,AVL,4.0,0.012335167
2021-22,37,565,Dodgson,DEF,BUR,3.9,0.004522939
2021-22,37,560,H Roberts,DEF,BHA,3.9,0.005435714
2021-22,37,540,Hannam,DEF,CRY,3.9,0.00947084
2021-22,37,534,B Thomas,DEF,BUR,3.9,0.004093778
2021-22,37,690,Kenedy,DEF,CHE,4.5,0.002657686
2021-22,37,331,Omobamidele,DEF,NOR,3.9,0.0
2021-22,37,674,Patterson,DEF,EVE,4.2,0.0
2021-22,37,371,Tanganga,DEF,TOT,4.2,0.0
2021-22,37,491,Livramento,DEF,SOU,4.2,0.0
2021-22,37,185,Ayling,DEF,LEE,4.3,0.0
2021-22,37,465,F Fernandez,DEF,NEW,4.3,0.0
2021-22,37,396,Sierralta,DEF,WAT,4.3,0.0
2021-22,37,387,Troost-Ekong,DEF,WAT,4.3,0.0
2021-22,37,580,Kabak,DEF,NOR,4.3,0.0
2021-22,37,324,Zimmermann,DEF,NOR,4.4,0.0
2021-22,37,439,Kilman,DEF,WOL,4.5,0.0
2021-22,37,594,Zanka,DEF,BRE,4.5,0.0
2021-22,37,161,N Ferguson,DEF,CRY,4.5,0.0
2021-22,37,360,Doherty,DEF,TOT,4.6,0.0
2021-22,37,494,Romero,DEF,TOT,4.8,0.0
2021-22,37,437,Semedo,DEF,WOL,4.8,0.0
2021-22,37,409,Ogbonna,DEF,WHU,4.9,0.0
2021-22,37,275,Shaw,DEF,MUN,5.0,0.0
2021-22,37,16,Tierney,DEF,ARS,5.0,0.0
2021-22,37,370,Reguilon,DEF,TOT,5.1,0.0
2021-22,37,252,Stones,DEF,MCI,5.2,0.0
2021-22,37,249,Walker,DEF,MCI,5.4,0.0
2021-22,37,135,Chilwell,DEF,CHE,5.6,0.0
2021-22,37,262,Dias,DEF,MCI,6.1,0.0
2021-22,37,626,Bradley,DEF,LIV,4.0,0.004448052
2021-22,37,724,Lavinier,DEF,TOT,4.0,0.002076664
2021-22,37,623,Welch,DEF,EVE,4.0,0.003872623
2021-22,37,627,Beck,DEF,LIV,4.0,0.004372775
2021-22,37,719,Ogungbo,DEF,ARS,4.0,0.001913707
2021-22,37,730,Kirk,DEF,ARS,4.0,0.001899249
2021-22,37,660,Quansah,DEF,LIV,4.0,0.00429881
2021-22,37,712,Offiah,DEF,BHA,4.0,0.001760472
2021-22,37,711,Swanson,DEF,ARS,4.0,0.004333229
2021-22,37,709,Adaramola,DEF,CRY,4.0,0.007735451
2021-22,37,684,K Hayden,DEF,AVL,4.0,0.008806145
2021-22,37,598,Omole,DEF,TOT,3.9,0.004383636
2021-22,37,705,Awe,DEF,ARS,4.0,0.004204593
2021-22,37,670,Feeney,DEF,AVL,4.0,0.008494461
2021-22,37,653,Turns,DEF,BHA,4.0,0.003827019
2021-22,37,639,Daley-Campbell,DEF,LEI,4.0,0.00682752
2021-22,37,645,B Nelson,DEF,LEI,4.0,0.006713473
2021-22,37,635,Bueno,DEF,WOL,4.0,0.00448252
2021-22,37,617,Ashby,DEF,WHU,4.0,0.003255874
2021-22,37,682,Ekwah,DEF,WHU,4.0,0.003114794
2021-22,37,644,Alese,DEF,WHU,4.0,0.003108646
2021-22,37,554,J Baptiste,DEF,WHU,3.9,0.003088334
2021-22,37,633,Morris,DEF,WAT,4.0,0.003493256
2021-22,37,384,Kabasele,DEF,WAT,4.3,2.364333795
2021-22,37,728,A Fernandez C,DEF,MUN,4.0,0.0
2021-22,37,667,Small,DEF,SOU,4.0,0.018782801
2021-22,37,643,Tomkinson,DEF,NOR,4.0,0.023415597
2021-22,37,657,Moore,DEF,LEE,4.0,0.048728229
2021-22,37,319,Hanley,DEF,NOR,4.4,2.324082243
2021-22,37,292,Ritchie,DEF,NEW,4.9,0.195084377
2021-22,37,379,Cathcart,DEF,WAT,4.2,1.489084524
2021-22,37,722,Jeanvier,DEF,BRE,4.0,0.091680624
2021-22,37,618,Nkoulou,DEF,WAT,4.4,0.108460794
2021-22,37,338,J Stephens,DEF,SOU,4.4,0.107563166
2021-22,37,546,Valery,DEF,SOU,3.9,0.107243026
2021-22,37,460,Perraud,DEF,SOU,4.8,1.556067416
2021-22,37,321,Byram,DEF,NOR,4.4,0.679594086
2021-22,37,567,Lyanco,DEF,SOU,4.4,0.131632298
2021-22,37,327,J Sorensen,DEF,NOR,4.3,0.671922458
2021-22,37,417,Masuaku,DEF,WHU,4.4,0.207292876
2021-22,37,457,Giannoulis,DEF,NOR,4.4,1.771808035
2021-22,37,415,Fredericks,DEF,WHU,4.4,0.199328387
2021-22,37,290,B Williams,DEF,NOR,3.9,0.583890967
2021-22,37,326,Aarons,DEF,NOR,4.3,2.14407616
2021-22,37,456,Gibson,DEF,NOR,4.4,1.714425503
2021-22,37,677,Samir,DEF,WAT,4.5,2.378736139
2021-22,37,382,Femenia,DEF,WAT,4.3,0.0
2021-22,37,351,Salisu,DEF,SOU,4.5,1.411539892
2021-22,37,359,Son,MID,TOT,11.0,6.574995727
2021-22,37,233,Salah,MID,LIV,13.3,5.878233043
2021-22,37,154,Zaha,MID,CRY,6.8,6.984827662
2021-22,37,212,Maddison,MID,LEI,6.9,6.336272692
2021-22,37,681,Coutinho,MID,AVL,7.1,7.781603286
2021-22,37,251,De Bruyne,MID,MCI,11.9,4.819178736
2021-22,37,230,Mane,MID,LIV,11.7,4.303451562
2021-22,37,578,Cornet,MID,BUR,5.8,5.69078702
2021-22,37,255,Sterling,MID,MCI,10.5,4.319930078
2021-22,37,503,A Gordon,MID,EVE,4.6,6.549530074
2021-22,37,144,Gallagher,MID,CRY,6.1,5.806294918
2021-22,37,265,Foden,MID,MCI,7.8,4.153807798
2021-22,37,138,Mount,MID,CHE,7.7,4.04785186
2021-22,37,215,H Barnes,MID,LEI,6.5,5.322207521
2021-22,37,22,Saka,MID,ARS,6.7,4.151146519
2021-22,37,210,Tielemans,MID,LEI,6.4,5.370606624
2021-22,37,701,Kulusevski,MID,TOT,6.3,4.169845117
2021-22,37,196,Raphinha,MID,LEE,6.4,4.253868995
2021-22,37,484,D Gray,MID,EVE,5.4,5.924317109
2021-22,37,141,Havertz,MID,CHE,7.9,3.714975262
2021-22,37,173,Doucoure,MID,EVE,5.3,5.862678495
2021-22,37,35,McGinn,MID,AVL,5.6,6.066981502
2021-22,37,587,Lookman,MID,LEI,5.9,4.901795399
2021-22,37,240,Jota,MID,LIV,8.3,3.9948479
2021-22,37,118,McNeil,MID,BUR,5.5,5.030698179
2021-22,37,64,Trossard,MID,BHA,5.8,3.737186535
2021-22,37,115,Brownhill,MID,BUR,4.3,4.745000778
2021-22,37,174,Iwobi,MID,EVE,5.8,5.203587582
2021-22,37,699,Eriksen,MID,BRE,5.6,3.37766243
2021-22,37,43,Buendia,MID,AVL,6.1,5.729225511
2021-22,37,696,Diaz,MID,LIV,8.0,3.58281521
2021-22,37,464,Olise,MID,CRY,5.4,4.725762979
2021-22,37,261,B Silva,MID,MCI,7.0,3.538873538
2021-22,37,160,Eze,MID,CRY,5.9,4.479207405
2021-22,37,505,Dewsbury-Hall,MID,LEI,4.4,4.626039343
2021-22,37,51,J Ramsey,MID,AVL,4.7,5.226650816
2021-22,37,96,Mbeumo,MID,BRE,5.2,3.227454609
2021-22,37,420,Bowen,MID,WHU,6.9,3.30685005
2021-22,37,254,Mahrez,MID,MCI,8.6,3.204561736
2021-22,37,50,Douglas Luiz,MID,AVL,4.3,5.240914446
2021-22,37,558,Odegaard,MID,ARS,5.6,3.316508126
2021-22,37,341,Ward-Prowse,MID,SOU,6.5,3.300727984
2021-22,37,155,Schlupp,MID,CRY,5.4,4.377697996
2021-22,37,101,Cork,MID,BUR,4.4,4.117142565
2021-22,37,697,Guimaraes,MID,NEW,5.0,3.248101642
2021-22,37,26,Martinelli,MID,ARS,5.3,3.090757332
2021-22,37,267,Harrison,MID,LEE,5.5,3.092018439
2021-22,37,74,Mac Allister,MID,BHA,5.1,3.041756239
2021-22,37,365,Hojbjerg,MID,TOT,4.8,3.097557549
2021-22,37,171,Allan,MID,EVE,4.3,4.245477283
2021-22,37,250,Gundogan,MID,MCI,7.1,2.409406386
2021-22,37,277,Fernandes,MID,MUN,11.6,0.0
2021-22,37,222,J Henderson,MID,LIV,4.9,2.881210389
2021-22,37,21,Smith Rowe,MID,ARS,5.7,2.832415257
2021-22,37,266,Rodri,MID,MCI,5.5,2.878631322
2021-22,37,137,Pulisic,MID,CHE,7.9,2.149871455
2021-22,37,239,Keita,MID,LIV,5.0,2.660542236
2021-22,37,441,Neto,MID,WOL,6.2,3.58678693
2021-22,37,423,Fornals,MID,WHU,6.0,2.682656549
2021-22,37,702,Bentancur,MID,TOT,4.9,2.764755264
2021-22,37,575,Lennon,MID,BUR,4.7,3.451984547
2021-22,37,131,Ziyech,MID,CHE,7.3,1.697732535
2021-22,37,33,Grealish,MID,MCI,7.5,1.976143199
2021-22,37,225,Thiago,MID,LIV,5.3,2.622127083
2021-22,37,323,Dowell,MID,NOR,5.1,2.675476689
2021-22,37,7,Xhaka,MID,ARS,4.8,2.604576296
2021-22,37,436,Neves,MID,WOL,5.2,3.224076619
2021-22,37,538,Caicedo,MID,BHA,4.5,2.622985388
2021-22,37,449,Rashica,MID,NOR,5.2,2.647488265
2021-22,37,386,W Hughes,MID,CRY,4.7,3.266574673
2021-22,37,453,Fernandinho,MID,MCI,4.7,1.61085459
2021-22,37,123,Jorginho,MID,CHE,5.7,1.549014713
2021-22,37,55,Gross,MID,BHA,5.7,2.24972276
2021-22,37,77,Norgaard,MID,BRE,5.0,2.389546244
2021-22,37,698,Kalu,MID,WAT,4.9,3.039452746
2021-22,37,422,Soucek,MID,WHU,5.7,2.098218585
2021-22,37,426,Moutinho,MID,WOL,4.9,3.056615251
2021-22,37,125,Kovacic,MID,CHE,4.9,2.01641256
2021-22,37,434,Dendoncker,MID,WOL,4.6,2.900082421
2021-22,37,130,Kante,MID,CHE,4.9,1.566176723
2021-22,37,391,Sema,MID,WAT,5.2,2.92775972
2021-22,37,362,Lucas Moura,MID,TOT,5.9,2.469730483
2021-22,37,339,S Armstrong,MID,SOU,5.8,2.113471682
2021-22,37,378,Gosling,MID,WAT,4.7,2.739827684
2021-22,37,308,Almiron,MID,NEW,5.0,2.473047006
2021-22,37,336,Redmond,MID,SOU,5.9,2.18063133
2021-22,37,354,Sissoko,MID,WAT,4.4,2.722779177
2021-22,37,186,Klich,MID,LEE,5.1,2.464119052
2021-22,37,298,Fraser,MID,NEW,5.2,1.45109446
2021-22,37,132,Loftus-Cheek,MID,CHE,5.4,2.524823969
2021-22,37,84,Janelt,MID,BRE,4.9,2.203564086
2021-22,37,524,Wissa,MID,BRE,5.7,2.334456454
2021-22,37,191,K Phillips,MID,LEE,4.7,2.434650054
2021-22,37,471,Lees-Melou,MID,NOR,4.8,2.36182411
2021-22,37,81,Canos,MID,BRE,5.5,1.560233346
2021-22,37,145,Gilmour,MID,NOR,4.3,2.352892635
2021-22,37,517,Elyounoussi,MID,SOU,5.4,2.074736324
2021-22,37,421,Rice,MID,WHU,5.0,2.212775214
2021-22,37,416,Lanzini,MID,WHU,5.6,2.326588918
2021-22,37,512,Elanga,MID,MUN,4.8,0.0
2021-22,37,60,March,MID,BHA,5.3,2.064966264
2021-22,37,304,Murphy,MID,NEW,4.6,2.097991133
2021-22,37,281,Rashford,MID,MUN,9.4,0.0
2021-22,37,274,Fred,MID,MUN,4.9,0.0
2021-22,37,282,van de Beek,MID,EVE,5.7,2.046435077
2021-22,37,202,Albrighton,MID,LEI,5.2,1.701807346
2021-22,37,70,Bissouma,MID,BHA,4.4,2.114125041
2021-22,37,689,Chiquinho,MID,WOL,5.5,2.085521916
2021-22,37,285,McTominay,MID,MUN,5.4,0.0
2021-22,37,679,Kayembe,MID,WAT,4.5,2.344534397
2021-22,37,140,Hudson-Odoi,MID,CHE,5.3,0.737569357
2021-22,37,211,Perez,MID,LEI,5.7,1.320807782
2021-22,37,461,Trincao,MID,WOL,5.6,1.823564076
2021-22,37,12,Elneny,MID,ARS,4.4,2.142094963
2021-22,37,506,Elliott,MID,LIV,5.3,0.912013537
2021-22,37,309,S Longstaff,MID,NEW,4.3,1.862737718
2021-22,37,363,Alli,MID,EVE,6.2,1.531649299
2021-22,37,17,Pepe,MID,ARS,6.9,1.510734896
2021-22,37,203,N Mendy,MID,LEI,4.3,1.975390024
2021-22,37,419,Benrahma,MID,WHU,5.9,1.183403542
2021-22,37,346,Tella,MID,SOU,4.7,1.011896716
2021-22,37,335,Romeu,MID,SOU,4.5,1.934945738
2021-22,37,244,C Jones,MID,LIV,5.0,0.842816608
2021-22,37,32,B Traore,MID,AVL,5.7,1.195598675
2021-22,37,221,Milner,MID,LIV,4.9,0.976093184
2021-22,37,34,Sanson,MID,AVL,5.0,1.338333681
2021-22,37,41,Nakamba,MID,AVL,4.4,1.77674275
2021-22,37,317,Rupp,MID,NOR,4.4,1.795581931
2021-22,37,276,Lingard,MID,MUN,6.7,0.0
2021-22,37,124,Barkley,MID,CHE,5.2,0.269862483
2021-22,37,232,Fabinho,MID,LIV,5.4,0.0
2021-22,37,592,Saul,MID,CHE,4.9,0.447862597
2021-22,37,492,Bailey,MID,AVL,6.3,0.38989677
2021-22,37,462,Mwepu,MID,BHA,5.9,0.0
2021-22,37,148,McArthur,MID,CRY,4.3,0.268401796
2021-22,37,406,Noble,MID,WHU,4.3,1.402780868
2021-22,37,612,Sarmiento,MID,BHA,4.5,0.0
2021-22,37,478,Lokonga,MID,ARS,4.8,1.233977284
2021-22,37,405,Baah,MID,WAT,4.3,0.0
2021-22,37,373,Skipp,MID,TOT,4.4,0.0
2021-22,37,581,Normann,MID,NOR,4.5,0.0
2021-22,37,75,Moder,MID,BHA,4.5,0.0
2021-22,37,552,Forshaw,MID,LEE,4.5,0.0
2021-22,37,551,Summerville,MID,LEE,4.5,0.0
2021-22,37,216,Ndidi,MID,LEI,4.8,0.0
2021-22,37,193,T Roberts,MID,LEE,4.8,0.0
2021-22,37,381,Cleverley,MID,WAT,4.8,0.0
2021-22,37,318,McLean,MID,NOR,4.9,0.0
2021-22,37,188,Dallas,MID,LEE,4.9,0.0
2021-22,37,15,Partey,MID,ARS,5.0,0.0
2021-22,37,403,Louza,MID,WAT,5.2,0.0
2021-22,37,107,Westwood,MID,BUR,5.2,0.0
2021-22,37,482,Townsend,MID,EVE,5.2,0.0
2021-22,37,291,Shelvey,MID,NEW,5.3,0.0
2021-22,37,19,Willock,MID,NEW,5.5,0.0
2021-22,37,495,Kucka,MID,WAT,5.5,0.0
2021-22,37,399,I Sarr,MID,WAT,5.7,0.0
2021-22,37,287,D James,MID,LEE,6.0,0.0
2021-22,37,289,M Greenwood,MID,MUN,7.1,0.0
2021-22,37,272,Pogba,MID,MUN,7.4,0.0
2021-22,37,485,Sancho,MID,MUN,8.9,0.0
2021-22,37,629,McAtee,MID,MCI,4.4,0.002257427
2021-22,37,613,Whitaker,MID,EVE,4.5,0.004045781
2021-22,37,507,Palmer,MID,MCI,4.5,0.004652426
2021-22,37,671,Hall,MID,CHE,4.5,0.002078511
2021-22,37,508,Edozie,MID,MCI,4.7,0.002049517
2021-22,37,672,Vale,MID,CHE,4.5,0.002022548
2021-22,37,720,Flores,MID,ARS,4.5,0.001981684
2021-22,37,625,K Gordon,MID,LIV,4.5,0.004527281
2021-22,37,628,Haygarth,MID,BRE,4.5,0.001901267
2021-22,37,726,Costelloe,MID,BUR,4.5,0.003399703
2021-22,37,662,Peart-Harris,MID,BRE,4.5,0.001860005
2021-22,37,605,Lavia,MID,MCI,4.4,0.001859682
2021-22,37,630,Onyango,MID,EVE,4.5,0.003466355
2021-22,37,718,Price,MID,EVE,4.5,0.003424136
2021-22,37,654,Leonard,MID,BHA,4.5,0.001826641
2021-22,37,631,Jenkins,MID,LEE,4.5,0.001856007
2021-22,37,614,Maghoma,MID,BRE,4.5,0.001780827
2021-22,37,717,Bowden,MID,TOT,4.5,0.001825041
2021-22,37,714,Devine,MID,TOT,4.5,0.004393615
2021-22,37,721,Azeez,MID,ARS,4.5,0.001760674
2021-22,37,543,Banks,MID,CRY,4.5,0.007692171
2021-22,37,541,Rak-Sakyi,MID,CRY,4.4,0.007689935
2021-22,37,668,H White,MID,TOT,4.4,0.004362496
2021-22,37,729,Craig,MID,TOT,4.5,0.001740634
2021-22,37,692,Hutchinson,MID,ARS,4.5,0.004090895
2021-22,37,609,Anderson,MID,NEW,4.5,0.004075127
2021-22,37,79,Fosu,MID,BRE,5.1,0.003949978
2021-22,37,713,O'Reilly,MID,AVL,4.5,0.007395026
2021-22,37,634,Perkins,MID,WHU,4.5,0.003772417
2021-22,37,42,El Ghazi,MID,EVE,5.6,0.096034108
2021-22,37,620,Morton,MID,LIV,4.5,0.003785272
2021-22,37,601,McKinstry,MID,LEE,4.3,0.003849611
2021-22,37,693,Oulad,MID,ARS,4.5,0.003777619
2021-22,37,652,Oko-Flex,MID,WHU,4.4,0.003696808
2021-22,37,646,Brunt,MID,LEI,4.5,0.006888026
2021-22,37,707,De Bolle,MID,NEW,4.4,0.003686346
2021-22,37,710,Chesters,MID,WHU,4.5,0.003540152
2021-22,37,600,Kenneh,MID,LEE,4.4,0.003562079
2021-22,37,680,Chauke,MID,SOU,4.5,0.003399386
2021-22,37,731,Dibling,MID,SOU,4.5,0.0233357
2021-22,37,576,McCarron,MID,LEE,4.4,0.023115807
2021-22,37,157,Riedewald,MID,CRY,4.7,0.039887406
2021-22,37,687,Giles,MID,WOL,4.5,0.023997838
2021-22,37,526,Chukwuemeka,MID,AVL,4.5,0.041332029
2021-22,37,723,Garnacho,MID,MUN,4.5,0.0
2021-22,37,727,Shoretire,MID,MUN,4.5,0.0
2021-22,37,548,Campbell,MID,WOL,4.4,0.020370553
2021-22,37,271,Matic,MID,MUN,4.3,0.0
2021-22,37,85,Ghoddos,MID,BRE,5.2,0.0
2021-22,37,703,Chrisene,MID,AVL,4.5,0.078393195
2021-22,37,589,Kral,MID,WHU,4.4,0.037675015
2021-22,37,459,Mata,MID,MUN,4.7,0.0
2021-22,37,706,Mejbri,MID,MUN,4.5,0.0
2021-22,37,332,Walcott,MID,SOU,5.8,0.085267318
2021-22,37,227,Chamberlain,MID,LIV,5.8,0.18685475
2021-22,37,350,Djenepo,MID,SOU,5.2,0.082129557
2021-22,37,73,Alzate,MID,BHA,4.8,0.185816304
2021-22,37,479,Onyeka,MID,BRE,4.9,0.0
2021-22,37,664,Patino,MID,ARS,4.5,0.080557332
2021-22,37,624,Bate,MID,LEE,4.5,1.096534009
2021-22,37,108,Gudmundsson,MID,BUR,5.4,0.510862858
2021-22,37,638,Iroegbunam,MID,AVL,4.5,0.161614808
2021-22,37,733,Blake,MID,WAT,4.5,0.187306818
2021-22,37,236,Minamino,MID,LIV,5.1,0.179986602
2021-22,37,214,Choudhury,MID,LEI,4.4,0.327000108
2021-22,37,658,Archie Gray,MID,LEE,4.5,0.176466427
2021-22,37,172,Gomes,MID,EVE,4.9,0.344159439
2021-22,37,458,Soumare,MID,LEI,4.8,0.506449067
2021-22,37,438,Podence,MID,WOL,5.5,0.0
2021-22,37,369,Bergwijn,MID,TOT,5.9,1.353455368
2021-22,37,366,Winks,MID,TOT,4.4,0.785319765
2021-22,37,582,Vlasic,MID,WHU,5.6,0.756729018
2021-22,37,499,S Baptiste,MID,BRE,4.9,0.22903119
2021-22,37,412,Yarmolenko,MID,WHU,5.1,1.443729057
2021-22,37,53,Lallana,MID,BHA,5.3,0.427392871
2021-22,37,347,Smallbone,MID,SOU,4.5,0.217749951
2021-22,37,163,Delph,MID,EVE,4.2,0.241196652
2021-22,37,102,D Stephens,MID,BUR,4.4,1.24482859
2021-22,37,547,Cundle,MID,WOL,4.4,0.809930057
2021-22,37,152,Milivojevic,MID,CRY,5.2,0.775546704
2021-22,37,683,Gibbs,MID,NOR,4.5,0.299366048
2021-22,37,716,Springett,MID,NOR,4.5,0.827718521
2021-22,37,328,Placheta,MID,NOR,4.7,1.349402427
2021-22,37,349,I Diallo,MID,SOU,4.5,0.691325202
2021-22,37,197,Shackleton,MID,LEE,4.4,0.716745533
2021-22,37,82,Dasilva,MID,BRE,5.3,0.880185213
2021-22,37,528,Tzolis,MID,NOR,4.8,0.905004486
2021-22,37,648,Rowe,MID,NOR,4.4,1.172008872
2021-22,37,86,Jensen,MID,BRE,4.9,1.464052372
2021-22,37,467,Etebo,MID,WAT,4.3,1.265615595
2021-22,37,357,Kane,FWD,TOT,12.4,6.290718159
2021-22,37,180,Richarlison,FWD,EVE,7.5,8.003583497
2021-22,37,205,Vardy,FWD,LEI,10.3,6.350001536
2021-22,37,337,Ings,FWD,AVL,7.7,7.460837291
2021-22,37,177,Calvert-Lewin,FWD,EVE,7.7,6.737556919
2021-22,37,700,Weghorst,FWD,BUR,6.4,5.591737566
2021-22,37,40,Watkins,FWD,AVL,7.5,6.081932907
2021-22,37,159,Mateta,FWD,CRY,5.3,5.287286222
2021-22,37,20,Nketiah,FWD,ARS,5.5,3.94281309
2021-22,37,213,Iheanacho,FWD,LEI,7.0,4.970392746
2021-22,37,78,Toney,FWD,BRE,6.9,3.536408839
2021-22,37,447,Welbeck,FWD,BHA,5.9,3.748079428
2021-22,37,263,Jesus,FWD,MCI,8.6,3.30025045
2021-22,37,315,Pukki,FWD,NOR,6.1,3.44224969
2021-22,37,430,Jimenez,FWD,WOL,7.5,4.225877057
2021-22,37,104,Jay Rodriguez,FWD,BUR,5.2,3.695369989
2021-22,37,153,Ayew,FWD,CRY,5.8,4.216921732
2021-22,37,187,Rodrigo,FWD,LEE,6.3,3.242402151
2021-22,37,529,Lukaku,FWD,CHE,11.4,2.345619386
2021-22,37,134,Werner,FWD,CHE,8.7,2.484684367
2021-22,37,105,A Barnes,FWD,BUR,5.2,4.041169223
2021-22,37,455,Daka,FWD,LEI,7.0,3.433196435
2021-22,37,307,Saint-Maximin,FWD,NEW,6.8,3.009655806
2021-22,37,579,Ronaldo,FWD,MUN,12.2,0.0
2021-22,37,345,Adams,FWD,SOU,6.6,2.367771961
2021-22,37,413,Antonio,FWD,WHU,7.4,2.50349541
2021-22,37,404,Joao Pedro,FWD,WAT,5.4,3.101112423
2021-22,37,296,Wilson,FWD,NEW,7.1,2.278053373
2021-22,37,63,Maupay,FWD,BHA,6.2,2.074489217
2021-22,37,228,Firmino,FWD,LIV,8.7,1.943336076
2021-22,37,109,Wood,FWD,NEW,6.5,2.593008815
2021-22,37,310,Joelinton,FWD,NEW,5.8,2.546216935
2021-22,37,518,Broja,FWD,SOU,5.4,2.325896663
2021-22,37,586,Edouard,FWD,CRY,6.1,1.839240767
2021-22,37,583,Hwang,FWD,WOL,5.4,2.570931024
2021-22,37,189,Bamford,FWD,LEE,7.7,0.534479228
2021-22,37,468,King,FWD,WAT,5.6,0.0
2021-22,37,525,A Armstrong,FWD,SOU,5.7,1.088523912
2021-22,37,6,Lacazette,FWD,ARS,8.2,1.100067315
2021-22,37,269,Cavani,FWD,MUN,8.4,0.0
2021-22,37,519,S Long,FWD,SOU,5.4,1.149345337
2021-22,37,235,Origi,FWD,LIV,4.8,0.113715256
2021-22,37,725,Forde,FWD,WAT,4.5,0.0
2021-22,37,329,Idah,FWD,NOR,4.8,0.0
2021-22,37,472,Cucho,FWD,WAT,5.0,0.0
2021-22,37,111,Vydra,FWD,BUR,5.2,0.0
2021-22,37,516,Sargent,FWD,NOR,5.4,0.0
2021-22,37,450,Dennis,FWD,WAT,5.9,0.0
2021-22,37,622,Tosun,FWD,EVE,5.0,0.004341357
2021-22,37,704,Delap,FWD,MCI,4.5,0.002105913
2021-22,37,533,Richardson,FWD,BUR,4.5,0.003665289
2021-22,37,640,Young-Coombes,FWD,BRE,4.5,0.001914377
2021-22,37,663,Kayky,FWD,MCI,5.0,0.001950844
2021-22,37,607,Dobbin,FWD,EVE,4.5,0.003511719
2021-22,37,655,E Ferguson,FWD,BHA,4.5,0.001825461
2021-22,37,591,Rondon,FWD,EVE,6.0,0.046050204
2021-22,37,694,Biereth,FWD,ARS,4.5,0.003637556
2021-22,37,520,Scarlett,FWD,TOT,4.5,0.02314824
2021-22,37,149,Benteke,FWD,CRY,5.9,0.888684293
2021-22,37,715,A Kamara,FWD,NOR,4.5,0.018640518
2021-22,37,577,Gelhardt,FWD,LEE,4.7,1.701449506
2021-22,37,734,Grieves,FWD,WAT,4.5,0.145575931
2021-22,37,732,Cukur,FWD,WAT,4.5,0.113754469
2021-22,37,300,Gayle,FWD,NEW,5.2,0.33306162
2021-22,37,445,F Silva,FWD,WOL,5.6,1.116120295
2021-22,37,550,S Greenwood,FWD,LEE,4.6,0.632314534
2021-22,38,231,Alisson,GK,LIV,6.0,4.582120823
2021-22,38,559,Ramsdale,GK,ARS,5.1,4.424855503
2021-22,38,257,Ederson,GK,MCI,6.1,4.19211556
2021-22,38,353,Lloris,GK,TOT,5.4,4.033721458
2021-22,38,112,Pope,GK,BUR,5.4,3.884708401
2021-22,38,69,R Sanchez,GK,BHA,4.5,3.548473806
2021-22,38,270,de Gea,GK,MUN,5.1,3.398759065
2021-22,38,295,Dubravka,GK,NEW,4.5,3.342993578
2021-22,38,199,Meslier,GK,LEE,4.8,3.312327003
2021-22,38,200,Schmeichel,GK,LEI,4.9,3.258255643
2021-22,38,129,Kepa,GK,CHE,4.5,2.337360294
2021-22,38,408,Fabianski,GK,WHU,5.0,3.173650455
2021-22,38,80,Raya,GK,BRE,4.3,3.198376979
2021-22,38,143,E Mendy,GK,CHE,6.1,2.023198581
2021-22,38,146,Guaita,GK,CRY,4.6,2.285022735
2021-22,38,475,Sa,GK,WOL,5.2,2.678101497
2021-22,38,170,Pickford,GK,EVE,4.8,2.663322862
2021-22,38,30,Martinez,GK,AVL,5.5,2.536095987
2021-22,38,334,McCarthy,GK,SOU,4.3,2.479006642
2021-22,38,156,Butland,GK,CRY,4.4,0.926006794
2021-22,38,314,Krul,GK,NOR,4.5,2.056180137
2021-22,38,489,Areola,GK,WHU,4.7,0.165982406
2021-22,38,242,Kelleher,GK,LIV,4.3,0.103836044
2021-22,38,1,Leno,GK,ARS,4.5,0.08762563
2021-22,38,260,Steffen,GK,MCI,4.4,0.080313493
2021-22,38,480,Hennessey,GK,BUR,4.5,0.094282337
2021-22,38,486,Gollini,GK,TOT,4.2,0.075803366
2021-22,38,294,Darlow,GK,NEW,4.5,0.087542579
2021-22,38,280,D Henderson,GK,MUN,4.7,0.085424627
2021-22,38,54,Steele,GK,BHA,3.9,0.071825479
2021-22,38,490,Klaesson,GK,LEE,4.3,0.065593079
2021-22,38,204,D Ward,GK,LEI,4.0,0.059159866
2021-22,38,673,Lossl,GK,BRE,4.5,0.061471655
2021-22,38,593,Carson,GK,MCI,3.9,0.008724928
2021-22,38,389,Bachmann,GK,WAT,4.0,0.145527972
2021-22,38,114,Norris,GK,BUR,4.3,0.007497773
2021-22,38,688,McGill,GK,BHA,4.0,0.007158752
2021-22,38,556,A Fernandez L,GK,BRE,4.5,0.006842028
2021-22,38,572,Okonkwo,GK,ARS,3.9,0.004208748
2021-22,38,509,Heaton,GK,MUN,3.9,0.006744338
2021-22,38,561,Matthews,GK,CRY,3.9,0.006730099
2021-22,38,606,Bettinelli,GK,CHE,4.0,0.004036406
2021-22,38,407,Randolph,GK,WHU,4.3,0.006027244
2021-22,38,573,Jakupovic,GK,LEI,3.9,0.006406338
2021-22,38,656,Pitaluga,GK,LIV,4.0,0.003532764
2021-22,38,619,Cox,GK,BRE,4.0,0.003049226
2021-22,38,223,Adrian,GK,LIV,4.3,0.000920287
2021-22,38,615,Slicker,GK,MCI,4.0,0.000778569
2021-22,38,514,Gillespie,GK,NEW,3.9,0.000707676
2021-22,38,333,Forster,GK,SOU,4.4,0.0
2021-22,38,616,Tyrer,GK,EVE,4.0,0.000443032
2021-22,38,642,Angelini,GK,WAT,4.0,0.000322171
2021-22,38,691,Olsen,GK,AVL,4.0,0.052418108
2021-22,38,571,Lonergan,GK,EVE,3.9,0.004641232
2021-22,38,659,Austin,GK,TOT,4.0,0.00444854
2021-22,38,596,Sinisalo,GK,AVL,4.0,0.004175021
2021-22,38,708,Waller,GK,BUR,4.0,0.004131499
2021-22,38,313,McGovern,GK,NOR,3.9,0.003978556
2021-22,38,481,Begovic,GK,EVE,4.0,0.045987449
2021-22,38,574,Elliot,GK,WAT,4.0,0.003665035
2021-22,38,666,McCracken,GK,NOR,4.0,0.003600655
2021-22,38,637,H Lewis,GK,SOU,3.9,0.003260703
2021-22,38,621,Storer,GK,WOL,4.0,0.002969503
2021-22,38,448,Gunn,GK,NOR,4.0,0.098237825
2021-22,38,641,Caballero,GK,SOU,4.2,0.04537917
2021-22,38,452,Ruddy,GK,WOL,4.3,0.045266526
2021-22,38,376,Foster,GK,WAT,4.1,1.847599832
2021-22,38,237,Trent,DEF,LIV,8.4,6.606712571
2021-22,38,256,Cancelo,DEF,MCI,7.2,5.563337301
2021-22,38,234,Robertson,DEF,LIV,7.3,5.545451047
2021-22,38,142,R James,DEF,CHE,6.4,4.953084731
2021-22,38,127,Rudiger,DEF,CHE,6.1,4.769839299
2021-22,38,259,Laporte,DEF,MCI,6.0,4.782005349
2021-22,38,122,Alonso,DEF,CHE,5.7,4.283595153
2021-22,38,119,Azpilicueta,DEF,CHE,5.6,4.568234646
2021-22,38,229,van Dijk,DEF,LIV,6.8,4.310732577
2021-22,38,23,Gabriel,DEF,ARS,5.4,4.477041034
2021-22,38,224,Matip,DEF,LIV,5.2,4.093173192
2021-22,38,367,D Sanchez,DEF,TOT,4.2,4.153643706
2021-22,38,368,Sessegnon,DEF,TOT,4.3,4.121467005
2021-22,38,67,B White,DEF,ARS,4.6,4.050330741
2021-22,38,588,Emerson R,DEF,TOT,4.5,3.942051655
2021-22,38,252,Stones,DEF,MCI,5.2,3.420028496
2021-22,38,364,Ben T Davies,DEF,TOT,4.5,3.785712399
2021-22,38,361,Dier,DEF,TOT,4.6,3.757409476
2021-22,38,121,T Silva,DEF,CHE,5.6,2.937904389
2021-22,38,584,Cucurella,DEF,BHA,4.9,3.568635708
2021-22,38,585,C Roberts,DEF,BUR,4.4,3.46036932
2021-22,38,59,Dunk,DEF,BHA,4.8,3.459136576
2021-22,38,249,Walker,DEF,MCI,5.4,2.76189742
2021-22,38,98,Tarkowski,DEF,BUR,4.9,3.399252803
2021-22,38,113,Taylor,DEF,BUR,4.4,3.334036918
2021-22,38,466,Tavares,DEF,ARS,4.3,2.926642028
2021-22,38,5,Cedric,DEF,ARS,4.2,2.900840999
2021-22,38,527,T Chalobah,DEF,CHE,4.7,2.163018992
2021-22,38,451,Collins,DEF,BUR,4.3,2.97588281
2021-22,38,39,Targett,DEF,NEW,4.7,3.046216847
2021-22,38,555,Varane,DEF,MUN,5.5,3.010357036
2021-22,38,411,A Cresswell,DEF,WHU,5.5,2.961760859
2021-22,38,62,Veltman,DEF,BHA,4.2,2.994817304
2021-22,38,264,Zinchenko,DEF,MCI,5.3,1.993755634
2021-22,38,76,Jansson,DEF,BRE,4.4,3.015078254
2021-22,38,590,Tomiyasu,DEF,ARS,4.5,2.102529912
2021-22,38,209,Castagne,DEF,LEI,5.3,2.816240662
2021-22,38,201,Evans,DEF,LEI,5.4,2.698157984
2021-22,38,83,Henry,DEF,BRE,4.5,2.851454613
2021-22,38,258,Ake,DEF,MCI,4.7,1.63948052
2021-22,38,279,Telles,DEF,MUN,5.1,2.476834504
2021-22,38,488,Andersen,DEF,CRY,4.6,2.854636785
2021-22,38,218,Justin,DEF,LEI,4.9,2.187403932
2021-22,38,501,M Sarr,DEF,CHE,4.9,1.591634263
2021-22,38,58,Burn,DEF,NEW,4.4,2.754568437
2021-22,38,483,Ajer,DEF,BRE,4.4,2.80534193
2021-22,38,128,Zouma,DEF,WHU,5.4,2.770811709
2021-22,38,243,Konate,DEF,LIV,5.1,1.527711507
2021-22,38,414,Dawson,DEF,WHU,4.9,2.72977153
2021-22,38,477,Guehi,DEF,CRY,4.5,2.651870672
2021-22,38,220,Fofana,DEF,LEI,4.3,2.291739
2021-22,38,162,Mitchell,DEF,CRY,4.5,2.480656483
2021-22,38,510,Dalot,DEF,MUN,4.2,2.178278895
2021-22,38,305,Schar,DEF,NEW,4.3,1.88256952
2021-22,38,61,Webster,DEF,BHA,4.3,2.02003286
2021-22,38,418,Coufal,DEF,WHU,4.7,2.057018587
2021-22,38,273,Maguire,DEF,MUN,5.4,1.987574824
2021-22,38,493,Clyne,DEF,CRY,4.3,2.378099262
2021-22,38,90,M Sorensen,DEF,BRE,4.3,2.397717475
2021-22,38,678,Trippier,DEF,NEW,4.9,1.37649415
2021-22,38,284,Lindelof,DEF,MUN,4.8,1.472548428
2021-22,38,190,Llorente,DEF,LEE,4.5,2.387114001
2021-22,38,103,K Long,DEF,BUR,4.0,1.145115404
2021-22,38,207,R Pereira,DEF,LEI,5.2,1.144929146
2021-22,38,303,Krafth,DEF,NEW,4.3,1.710761075
2021-22,38,299,Lascelles,DEF,NEW,4.4,1.382479009
2021-22,38,288,Wan-Bissaka,DEF,MUN,5.1,1.094382557
2021-22,38,106,Mee,DEF,BUR,4.6,0.872913183
2021-22,38,245,Tsimikas,DEF,LIV,3.7,0.632762209
2021-22,38,71,Lamptey,DEF,BHA,4.5,2.100118396
2021-22,38,184,Cooper,DEF,LEE,4.4,2.241888963
2021-22,38,219,L Thomas,DEF,LEI,4.3,1.131508266
2021-22,38,194,Koch,DEF,LEE,4.3,2.184731268
2021-22,38,342,Walker-Peters,DEF,SOU,4.8,2.181611735
2021-22,38,208,Amartey,DEF,LEI,4.0,1.151680895
2021-22,38,374,Rodon,DEF,TOT,4.2,0.721843167
2021-22,38,463,Firpo,DEF,LEE,4.7,2.061440454
2021-22,38,133,Christensen,DEF,CHE,4.6,0.321889698
2021-22,38,14,Holding,DEF,ARS,4.1,0.790516645
2021-22,38,217,Soyuncu,DEF,LEI,4.9,0.465290267
2021-22,38,89,Roerslev,DEF,BRE,4.1,1.242247854
2021-22,38,474,J Ward,DEF,CRY,4.5,0.65917643
2021-22,38,110,Lowton,DEF,BUR,4.4,0.337316947
2021-22,38,56,Duffy,DEF,BHA,4.0,0.321370021
2021-22,38,425,Johnson,DEF,WHU,3.9,1.054799245
2021-22,38,343,Bednarek,DEF,SOU,4.4,1.835151888
2021-22,38,690,Kenedy,DEF,CHE,4.5,0.307290137
2021-22,38,275,Shaw,DEF,MUN,5.0,0.305504909
2021-22,38,100,Pieters,DEF,BUR,4.1,0.283369185
2021-22,38,198,Struijk,DEF,LEE,4.3,1.733263678
2021-22,38,147,Tomkins,DEF,CRY,4.3,0.142873499
2021-22,38,99,Bardsley,DEF,BUR,3.9,0.110237363
2021-22,38,292,Ritchie,DEF,NEW,4.9,0.129146564
2021-22,38,238,Gomez,DEF,LIV,4.7,0.049600013
2021-22,38,150,Kouyate,DEF,CRY,4.5,0.442959492
2021-22,38,151,Kelly,DEF,CRY,3.8,0.066648786
2021-22,38,651,Egan-Riley,DEF,MCI,4.0,0.03726957
2021-22,38,340,Vestergaard,DEF,LEI,4.7,0.033256092
2021-22,38,302,Manquillo,DEF,NEW,3.9,0.059298875
2021-22,38,158,Jach,DEF,CRY,4.2,0.032869456
2021-22,38,286,Bailly,DEF,MUN,4.9,0.032622088
2021-22,38,569,Stevens,DEF,BRE,3.9,0.057330545
2021-22,38,301,Dummett,DEF,NEW,4.5,0.030427356
2021-22,38,247,R Williams,DEF,LIV,4.4,0.00923427
2021-22,38,632,P Jones,DEF,MUN,4.5,0.013985694
2021-22,38,604,Wilson-Esbrand,DEF,MCI,3.9,0.007889508
2021-22,38,603,Mbete,DEF,MCI,3.9,0.007711673
2021-22,38,565,Dodgson,DEF,BUR,3.9,0.003249865
2021-22,38,560,H Roberts,DEF,BHA,3.9,0.005786817
2021-22,38,534,B Thomas,DEF,BUR,3.9,0.002933279
2021-22,38,331,Omobamidele,DEF,NOR,3.9,0.0
2021-22,38,424,Diop,DEF,WHU,4.2,0.0
2021-22,38,674,Patterson,DEF,EVE,4.2,0.0
2021-22,38,371,Tanganga,DEF,TOT,4.2,0.0
2021-22,38,491,Livramento,DEF,SOU,4.2,0.0
2021-22,38,185,Ayling,DEF,LEE,4.3,0.0
2021-22,38,465,F Fernandez,DEF,NEW,4.3,0.0
2021-22,38,396,Sierralta,DEF,WAT,4.3,0.0
2021-22,38,387,Troost-Ekong,DEF,WAT,4.3,0.0
2021-22,38,580,Kabak,DEF,NOR,4.3,0.0
2021-22,38,91,Pinnock,DEF,BRE,4.4,0.0
2021-22,38,36,Hause,DEF,AVL,4.4,0.0
2021-22,38,324,Zimmermann,DEF,NOR,4.4,0.0
2021-22,38,439,Kilman,DEF,WOL,4.5,0.0
2021-22,38,594,Zanka,DEF,BRE,4.5,0.0
2021-22,38,161,N Ferguson,DEF,CRY,4.5,0.0
2021-22,38,473,Bertrand,DEF,LEI,4.6,0.0
2021-22,38,360,Doherty,DEF,TOT,4.6,0.0
2021-22,38,431,Saiss,DEF,WOL,4.8,0.0
2021-22,38,494,Romero,DEF,TOT,4.8,0.0
2021-22,38,437,Semedo,DEF,WOL,4.8,0.0
2021-22,38,460,Perraud,DEF,SOU,4.8,0.0
2021-22,38,45,Konsa,DEF,AVL,4.9,0.0
2021-22,38,409,Ogbonna,DEF,WHU,4.9,0.0
2021-22,38,16,Tierney,DEF,ARS,5.0,0.0
2021-22,38,370,Reguilon,DEF,TOT,5.1,0.0
2021-22,38,135,Chilwell,DEF,CHE,5.6,0.0
2021-22,38,262,Dias,DEF,MCI,6.1,0.0
2021-22,38,626,Bradley,DEF,LIV,4.0,0.004944507
2021-22,38,627,Beck,DEF,LIV,4.0,0.004869765
2021-22,38,660,Quansah,DEF,LIV,4.0,0.004780621
2021-22,38,711,Swanson,DEF,ARS,4.0,0.004688069
2021-22,38,730,Kirk,DEF,ARS,4.0,0.002024091
2021-22,38,719,Ogungbo,DEF,ARS,4.0,0.002022171
2021-22,38,724,Lavinier,DEF,TOT,4.0,0.002014249
2021-22,38,540,Hannam,DEF,CRY,3.9,0.004574913
2021-22,38,705,Awe,DEF,ARS,4.0,0.004502525
2021-22,38,712,Offiah,DEF,BHA,4.0,0.001818323
2021-22,38,598,Omole,DEF,TOT,3.9,0.004213323
2021-22,38,653,Turns,DEF,BHA,4.0,0.003980087
2021-22,38,639,Daley-Campbell,DEF,LEI,4.0,0.003839013
2021-22,38,617,Ashby,DEF,WHU,4.0,0.003824893
2021-22,38,645,B Nelson,DEF,LEI,4.0,0.003750622
2021-22,38,709,Adaramola,DEF,CRY,4.0,0.003742294
2021-22,38,682,Ekwah,DEF,WHU,4.0,0.003639646
2021-22,38,644,Alese,DEF,WHU,4.0,0.003631728
2021-22,38,554,J Baptiste,DEF,WHU,3.9,0.0036022
2021-22,38,608,Hjelde,DEF,LEE,4.0,0.050685
2021-22,38,635,Bueno,DEF,WOL,4.0,0.00267382
2021-22,38,684,K Hayden,DEF,AVL,4.0,0.002622116
2021-22,38,633,Morris,DEF,WAT,4.0,0.002565434
2021-22,38,610,Bogarde,DEF,AVL,4.0,0.002434849
2021-22,38,667,Small,DEF,SOU,4.0,0.022859752
2021-22,38,563,C Cresswell,DEF,LEE,4.0,0.048715202
2021-22,38,728,A Fernandez C,DEF,MUN,4.0,0.019315346
2021-22,38,643,Tomkinson,DEF,NOR,4.0,0.015220907
2021-22,38,657,Moore,DEF,LEE,4.0,0.040488012
2021-22,38,722,Jeanvier,DEF,BRE,4.0,0.035880229
2021-22,38,623,Welch,DEF,EVE,4.0,0.03219824
2021-22,38,546,Valery,DEF,SOU,3.9,0.177439472
2021-22,38,175,Mina,DEF,EVE,4.9,0.168150763
2021-22,38,618,Nkoulou,DEF,WAT,4.4,0.054783376
2021-22,38,417,Masuaku,DEF,WHU,4.4,0.250018618
2021-22,38,390,Masina,DEF,WAT,4.3,0.09168996
2021-22,38,415,Fredericks,DEF,WHU,4.4,0.239452205
2021-22,38,179,Godfrey,DEF,EVE,4.7,0.237423638
2021-22,38,446,Mosquera,DEF,WOL,4.4,0.079279205
2021-22,38,544,Branthwaite,DEF,EVE,4.0,0.54944353
2021-22,38,169,Keane,DEF,EVE,4.6,1.368581371
2021-22,38,670,Feeney,DEF,AVL,4.0,0.102075869
2021-22,38,502,Kenny,DEF,EVE,4.4,0.501239984
2021-22,38,338,J Stephens,DEF,SOU,4.4,1.552388248
2021-22,38,351,Salisu,DEF,SOU,4.5,1.819086014
2021-22,38,443,Hoever,DEF,WOL,3.9,0.156393636
2021-22,38,567,Lyanco,DEF,SOU,4.4,0.918859639
2021-22,38,432,Marcal,DEF,WOL,4.2,0.234126565
2021-22,38,675,Mykolenko,DEF,EVE,4.9,1.519148125
2021-22,38,165,Coleman,DEF,EVE,4.9,1.600891437
2021-22,38,456,Gibson,DEF,NOR,4.4,0.384300468
2021-22,38,327,J Sorensen,DEF,NOR,4.3,0.488385111
2021-22,38,400,Ngakia,DEF,WAT,4.2,0.433167442
2021-22,38,290,B Williams,DEF,NOR,3.9,0.327117297
2021-22,38,178,Holgate,DEF,EVE,4.2,1.347980974
2021-22,38,379,Cathcart,DEF,WAT,4.2,0.480109561
2021-22,38,319,Hanley,DEF,NOR,4.4,1.38155709
2021-22,38,321,Byram,DEF,NOR,4.4,1.246532137
2021-22,38,457,Giannoulis,DEF,NOR,4.4,1.084845094
2021-22,38,433,Jonny,DEF,WOL,4.5,1.310113747
2021-22,38,685,Toti,DEF,WOL,4.4,0.710276482
2021-22,38,470,Ait-Nouri,DEF,WOL,4.1,1.17554399
2021-22,38,168,Digne,DEF,AVL,5.0,1.275234871
2021-22,38,326,Aarons,DEF,NOR,4.3,1.218249876
2021-22,38,382,Femenia,DEF,WAT,4.3,0.945941201
2021-22,38,428,Boly,DEF,WOL,4.9,1.205714037
2021-22,38,52,Young,DEF,AVL,4.7,0.676001897
2021-22,38,429,Coady,DEF,WOL,4.8,1.173601662
2021-22,38,384,Kabasele,DEF,WAT,4.3,1.057679875
2021-22,38,677,Samir,DEF,WAT,4.5,0.672946677
2021-22,38,10,Chambers,DEF,AVL,4.2,1.107155085
2021-22,38,676,H Kamara,DEF,WAT,4.5,1.095365966
2021-22,38,44,Cash,DEF,AVL,5.3,1.094726217
2021-22,38,38,Mings,DEF,AVL,5.0,1.010258403
2021-22,38,359,Son,MID,TOT,11.0,7.157918454
2021-22,38,230,Mane,MID,LIV,11.7,5.821890924
2021-22,38,251,De Bruyne,MID,MCI,11.9,5.690479477
2021-22,38,138,Mount,MID,CHE,7.7,5.306176656
2021-22,38,265,Foden,MID,MCI,7.8,5.020018245
2021-22,38,22,Saka,MID,ARS,6.7,4.95728794
2021-22,38,212,Maddison,MID,LEI,6.9,4.861673291
2021-22,38,255,Sterling,MID,MCI,10.5,4.724137887
2021-22,38,233,Salah,MID,LIV,13.3,4.462042421
2021-22,38,696,Diaz,MID,LIV,8.0,4.337097144
2021-22,38,699,Eriksen,MID,BRE,5.6,4.270998146
2021-22,38,196,Raphinha,MID,LEE,6.4,4.235229634
2021-22,38,141,Havertz,MID,CHE,7.9,4.038048558
2021-22,38,261,B Silva,MID,MCI,7.0,4.082907891
2021-22,38,277,Fernandes,MID,MUN,11.6,4.082744568
2021-22,38,240,Jota,MID,LIV,8.3,3.898712541
2021-22,38,154,Zaha,MID,CRY,6.8,3.978610314
2021-22,38,701,Kulusevski,MID,TOT,6.3,3.910047519
2021-22,38,64,Trossard,MID,BHA,5.8,3.880718347
2021-22,38,558,Odegaard,MID,ARS,5.6,3.842163458
2021-22,38,96,Mbeumo,MID,BRE,5.2,3.807064428
2021-22,38,420,Bowen,MID,WHU,6.9,3.772398384
2021-22,38,578,Cornet,MID,BUR,5.8,3.741267758
2021-22,38,26,Martinelli,MID,ARS,5.3,3.676443825
2021-22,38,215,H Barnes,MID,LEI,6.5,3.588205377
2021-22,38,697,Guimaraes,MID,NEW,5.0,3.536468143
2021-22,38,341,Ward-Prowse,MID,SOU,6.5,3.485866526
2021-22,38,254,Mahrez,MID,MCI,8.6,3.170873849
2021-22,38,267,Harrison,MID,LEE,5.5,3.373494469
2021-22,38,74,Mac Allister,MID,BHA,5.1,3.262368021
2021-22,38,144,Gallagher,MID,CRY,6.1,3.202360631
2021-22,38,222,J Henderson,MID,LIV,4.9,3.199416516
2021-22,38,239,Keita,MID,LIV,5.0,3.037453405
2021-22,38,131,Ziyech,MID,CHE,7.3,2.656637429
2021-22,38,266,Rodri,MID,MCI,5.5,3.106340128
2021-22,38,21,Smith Rowe,MID,ARS,5.7,3.085116199
2021-22,38,365,Hojbjerg,MID,TOT,4.8,3.089877053
2021-22,38,132,Loftus-Cheek,MID,CHE,5.4,2.814275243
2021-22,38,210,Tielemans,MID,LEI,6.4,2.568413222
2021-22,38,524,Wissa,MID,BRE,5.7,2.978096396
2021-22,38,160,Eze,MID,CRY,5.9,2.878973517
2021-22,38,118,McNeil,MID,BUR,5.5,2.960806316
2021-22,38,505,Dewsbury-Hall,MID,LEI,4.4,2.890740767
2021-22,38,362,Lucas Moura,MID,TOT,5.9,2.914705077
2021-22,38,7,Xhaka,MID,ARS,4.8,2.926796759
2021-22,38,423,Fornals,MID,WHU,6.0,2.856215577
2021-22,38,115,Brownhill,MID,BUR,4.3,2.881771868
2021-22,38,137,Pulisic,MID,CHE,7.9,2.005437797
2021-22,38,422,Soucek,MID,WHU,5.7,2.592045302
2021-22,38,77,Norgaard,MID,BRE,5.0,2.740079433
2021-22,38,225,Thiago,MID,LIV,5.3,2.731927573
2021-22,38,702,Bentancur,MID,TOT,4.9,2.72803346
2021-22,38,369,Bergwijn,MID,TOT,5.9,2.443422991
2021-22,38,538,Caicedo,MID,BHA,4.5,2.62643716
2021-22,38,512,Elanga,MID,MUN,4.8,2.663286529
2021-22,38,587,Lookman,MID,LEI,5.9,1.968263888
2021-22,38,33,Grealish,MID,MCI,7.5,2.11145736
2021-22,38,336,Redmond,MID,SOU,5.9,2.583263273
2021-22,38,517,Elyounoussi,MID,SOU,5.4,2.401605348
2021-22,38,250,Gundogan,MID,MCI,7.1,1.971049418
2021-22,38,155,Schlupp,MID,CRY,5.4,2.527819654
2021-22,38,12,Elneny,MID,ARS,4.4,2.543658605
2021-22,38,55,Gross,MID,BHA,5.7,2.08494227
2021-22,38,186,Klich,MID,LEE,5.1,2.541518796
2021-22,38,101,Cork,MID,BUR,4.4,2.509860025
2021-22,38,419,Benrahma,MID,WHU,5.9,2.345238054
2021-22,38,274,Fred,MID,MUN,4.9,2.497915497
2021-22,38,123,Jorginho,MID,CHE,5.7,1.38383463
2021-22,38,681,Coutinho,MID,AVL,7.1,2.459347764
2021-22,38,323,Dowell,MID,NOR,5.1,2.302994648
2021-22,38,309,S Longstaff,MID,NEW,4.3,2.422065188
2021-22,38,281,Rashford,MID,MUN,9.4,1.757166026
2021-22,38,174,Iwobi,MID,EVE,5.8,2.252340975
2021-22,38,503,A Gordon,MID,EVE,4.6,2.347734682
2021-22,38,421,Rice,MID,WHU,5.0,2.3697603
2021-22,38,339,S Armstrong,MID,SOU,5.8,2.226726102
2021-22,38,285,McTominay,MID,MUN,5.4,2.368804128
2021-22,38,84,Janelt,MID,BRE,4.9,2.266222999
2021-22,38,70,Bissouma,MID,BHA,4.4,2.349862968
2021-22,38,124,Barkley,MID,CHE,5.2,1.253948676
2021-22,38,471,Lees-Melou,MID,NOR,4.8,2.331465888
2021-22,38,449,Rashica,MID,NOR,5.2,2.186715192
2021-22,38,308,Almiron,MID,NEW,5.0,2.290569238
2021-22,38,130,Kante,MID,CHE,4.9,1.214368209
2021-22,38,592,Saul,MID,CHE,4.9,1.633952068
2021-22,38,191,K Phillips,MID,LEE,4.7,2.324193691
2021-22,38,485,Sancho,MID,MUN,8.9,1.200549045
2021-22,38,60,March,MID,BHA,5.3,2.084687955
2021-22,38,484,D Gray,MID,EVE,5.4,2.242268568
2021-22,38,416,Lanzini,MID,WHU,5.6,2.227887287
2021-22,38,298,Fraser,MID,NEW,5.2,1.266783864
2021-22,38,17,Pepe,MID,ARS,6.9,1.7084416
2021-22,38,81,Canos,MID,BRE,5.5,1.599376396
2021-22,38,462,Mwepu,MID,BHA,5.9,1.512681301
2021-22,38,125,Kovacic,MID,CHE,4.9,0.866125681
2021-22,38,173,Doucoure,MID,EVE,5.3,1.631242798
2021-22,38,317,Rupp,MID,NOR,4.4,2.084833593
2021-22,38,354,Sissoko,MID,WAT,4.4,2.12663742
2021-22,38,426,Moutinho,MID,WOL,4.9,2.109817242
2021-22,38,86,Jensen,MID,BRE,4.9,2.009883782
2021-22,38,35,McGinn,MID,AVL,5.6,2.095302774
2021-22,38,436,Neves,MID,WOL,5.2,2.050942215
2021-22,38,304,Murphy,MID,NEW,4.6,1.409579272
2021-22,38,211,Perez,MID,LEI,5.7,1.384125044
2021-22,38,51,J Ramsey,MID,AVL,4.7,2.036897017
2021-22,38,453,Fernandinho,MID,MCI,4.7,0.623565989
2021-22,38,202,Albrighton,MID,LEI,5.2,0.725856796
2021-22,38,232,Fabinho,MID,LIV,5.4,0.514329506
2021-22,38,581,Normann,MID,NOR,4.5,2.037826394
2021-22,38,434,Dendoncker,MID,WOL,4.6,1.772825805
2021-22,38,438,Podence,MID,WOL,5.5,1.562261392
2021-22,38,386,W Hughes,MID,CRY,4.7,1.667052692
2021-22,38,244,C Jones,MID,LIV,5.0,0.663315925
2021-22,38,441,Neto,MID,WOL,6.2,1.919061337
2021-22,38,346,Tella,MID,SOU,4.7,1.23243105
2021-22,38,140,Hudson-Odoi,MID,CHE,5.3,0.275865235
2021-22,38,335,Romeu,MID,SOU,4.5,1.882374884
2021-22,38,145,Gilmour,MID,NOR,4.3,0.669686823
2021-22,38,221,Milner,MID,LIV,4.9,0.983714522
2021-22,38,464,Olise,MID,CRY,5.4,0.337239409
2021-22,38,575,Lennon,MID,BUR,4.7,1.597253047
2021-22,38,672,Vale,MID,CHE,4.5,0.433937294
2021-22,38,148,McArthur,MID,CRY,4.3,0.526471512
2021-22,38,405,Baah,MID,WAT,4.3,0.0
2021-22,38,467,Etebo,MID,WAT,4.3,0.0
2021-22,38,373,Skipp,MID,TOT,4.4,0.0
2021-22,38,612,Sarmiento,MID,BHA,4.5,0.0
2021-22,38,75,Moder,MID,BHA,4.5,0.0
2021-22,38,552,Forshaw,MID,LEE,4.5,0.0
2021-22,38,551,Summerville,MID,LEE,4.5,0.0
2021-22,38,216,Ndidi,MID,LEI,4.8,0.0
2021-22,38,193,T Roberts,MID,LEE,4.8,0.0
2021-22,38,318,McLean,MID,NOR,4.9,0.0
2021-22,38,188,Dallas,MID,LEE,4.9,0.0
2021-22,38,15,Partey,MID,ARS,5.0,0.0
2021-22,38,403,Louza,MID,WAT,5.2,0.0
2021-22,38,107,Westwood,MID,BUR,5.2,0.0
2021-22,38,482,Townsend,MID,EVE,5.2,0.0
2021-22,38,85,Ghoddos,MID,BRE,5.2,0.0
2021-22,38,291,Shelvey,MID,NEW,5.3,0.0
2021-22,38,19,Willock,MID,NEW,5.5,0.0
2021-22,38,495,Kucka,MID,WAT,5.5,0.0
2021-22,38,399,I Sarr,MID,WAT,5.7,0.0
2021-22,38,287,D James,MID,LEE,6.0,0.0
2021-22,38,492,Bailey,MID,AVL,6.3,0.0
2021-22,38,289,M Greenwood,MID,MUN,7.1,0.0
2021-22,38,272,Pogba,MID,MUN,7.4,0.0
2021-22,38,629,McAtee,MID,MCI,4.4,0.002397456
2021-22,38,731,Dibling,MID,SOU,4.5,0.004986177
2021-22,38,507,Palmer,MID,MCI,4.5,0.004962088
2021-22,38,508,Edozie,MID,MCI,4.7,0.002131432
2021-22,38,720,Flores,MID,ARS,4.5,0.002107606
2021-22,38,625,K Gordon,MID,LIV,4.5,0.004699457
2021-22,38,628,Haygarth,MID,BRE,4.5,0.002026218
2021-22,38,662,Peart-Harris,MID,BRE,4.5,0.00197448
2021-22,38,605,Lavia,MID,MCI,4.4,0.001916542
2021-22,38,614,Maghoma,MID,BRE,4.5,0.001857944
2021-22,38,654,Leonard,MID,BHA,4.5,0.001853338
2021-22,38,721,Azeez,MID,ARS,4.5,0.001827537
2021-22,38,726,Costelloe,MID,BUR,4.5,0.001820579
2021-22,38,717,Bowden,MID,TOT,4.5,0.001819214
2021-22,38,631,Jenkins,MID,LEE,4.5,0.001818176
2021-22,38,714,Devine,MID,TOT,4.5,0.00442923
2021-22,38,613,Whitaker,MID,EVE,4.5,0.001789449
2021-22,38,692,Hutchinson,MID,ARS,4.5,0.004408573
2021-22,38,668,H White,MID,TOT,4.4,0.004393945
2021-22,38,729,Craig,MID,TOT,4.5,0.001726443
2021-22,38,630,Onyango,MID,EVE,4.5,0.001612356
2021-22,38,718,Price,MID,EVE,4.5,0.001603478
2021-22,38,79,Fosu,MID,BRE,5.1,0.004216189
2021-22,38,609,Anderson,MID,NEW,4.5,0.004163858
2021-22,38,693,Oulad,MID,ARS,4.5,0.003973262
2021-22,38,634,Perkins,MID,WHU,4.5,0.0039617
2021-22,38,543,Banks,MID,CRY,4.5,0.003934819
2021-22,38,541,Rak-Sakyi,MID,CRY,4.4,0.003928287
2021-22,38,620,Morton,MID,LIV,4.5,0.003922665
2021-22,38,652,Oko-Flex,MID,WHU,4.4,0.003865383
2021-22,38,601,McKinstry,MID,LEE,4.3,0.003779754
2021-22,38,707,De Bolle,MID,NEW,4.4,0.003725959
2021-22,38,710,Chesters,MID,WHU,4.5,0.003661287
2021-22,38,646,Brunt,MID,LEI,4.5,0.003563672
2021-22,38,600,Kenneh,MID,LEE,4.4,0.003471315
2021-22,38,680,Chauke,MID,SOU,4.5,0.003436693
2021-22,38,713,O'Reilly,MID,AVL,4.5,0.003332139
2021-22,38,576,McCarron,MID,LEE,4.4,0.022535379
2021-22,38,157,Riedewald,MID,CRY,4.7,0.020374016
2021-22,38,736,Mancini,MID,BUR,4.5,0.018940794
2021-22,38,687,Giles,MID,WOL,4.5,0.018671823
2021-22,38,363,Alli,MID,EVE,6.2,1.412651861
2021-22,38,214,Choudhury,MID,LEI,4.4,0.044228939
2021-22,38,548,Campbell,MID,WOL,4.4,0.017421753
2021-22,38,723,Garnacho,MID,MUN,4.5,0.039647834
2021-22,38,589,Kral,MID,WHU,4.4,0.039217546
2021-22,38,282,van de Beek,MID,EVE,5.7,1.670704525
2021-22,38,727,Shoretire,MID,MUN,4.5,0.038415401
2021-22,38,332,Walcott,MID,SOU,5.8,0.089306483
2021-22,38,703,Chrisene,MID,AVL,4.5,0.035229372
2021-22,38,271,Matic,MID,MUN,4.3,0.823908412
2021-22,38,658,Archie Gray,MID,LEE,4.5,0.086433804
2021-22,38,506,Elliott,MID,LIV,5.3,0.34898105
2021-22,38,350,Djenepo,MID,SOU,5.2,0.085470621
2021-22,38,664,Patino,MID,ARS,4.5,0.084963122
2021-22,38,73,Alzate,MID,BHA,4.8,0.189457337
2021-22,38,236,Minamino,MID,LIV,5.1,0.188844029
2021-22,38,671,Hall,MID,CHE,4.5,0.186482108
2021-22,38,459,Mata,MID,MUN,4.7,1.23864153
2021-22,38,733,Blake,MID,WAT,4.5,0.078691796
2021-22,38,347,Smallbone,MID,SOU,4.5,0.074362555
2021-22,38,108,Gudmundsson,MID,BUR,5.4,0.284703556
2021-22,38,706,Mejbri,MID,MUN,4.5,0.073982888
2021-22,38,683,Gibbs,MID,NOR,4.5,0.073655092
2021-22,38,152,Milivojevic,MID,CRY,5.2,0.914964897
2021-22,38,381,Cleverley,MID,WAT,4.8,1.807429857
2021-22,38,42,El Ghazi,MID,EVE,5.6,0.175399483
2021-22,38,163,Delph,MID,EVE,4.2,0.069486538
2021-22,38,227,Chamberlain,MID,LIV,5.8,0.276511621
2021-22,38,458,Soumare,MID,LEI,4.8,0.380601487
2021-22,38,276,Lingard,MID,MUN,6.7,1.061370536
2021-22,38,716,Springett,MID,NOR,4.5,0.270145434
2021-22,38,479,Onyeka,MID,BRE,4.9,0.163540651
2021-22,38,679,Kayembe,MID,WAT,4.5,1.869898336
2021-22,38,582,Vlasic,MID,WHU,5.6,0.680989432
2021-22,38,547,Cundle,MID,WOL,4.4,0.153987706
2021-22,38,478,Lokonga,MID,ARS,4.8,0.677420229
2021-22,38,499,S Baptiste,MID,BRE,4.9,0.241506798
2021-22,38,391,Sema,MID,WAT,5.2,1.708015616
2021-22,38,53,Lallana,MID,BHA,5.3,0.437410766
2021-22,38,698,Kalu,MID,WAT,4.9,1.642908878
2021-22,38,43,Buendia,MID,AVL,6.1,1.799812626
2021-22,38,32,B Traore,MID,AVL,5.7,0.422071738
2021-22,38,172,Gomes,MID,EVE,4.9,0.313301276
2021-22,38,461,Trincao,MID,WOL,5.6,0.625531249
2021-22,38,34,Sanson,MID,AVL,5.0,0.309494488
2021-22,38,203,N Mendy,MID,LEI,4.3,1.203461573
2021-22,38,378,Gosling,MID,WAT,4.7,1.360271398
2021-22,38,406,Noble,MID,WHU,4.3,1.302687631
2021-22,38,526,Chukwuemeka,MID,AVL,4.5,0.29779857
2021-22,38,50,Douglas Luiz,MID,AVL,4.3,1.76954445
2021-22,38,638,Iroegbunam,MID,AVL,4.5,0.287203613
2021-22,38,176,T Davies,MID,EVE,4.8,0.387752216
2021-22,38,624,Bate,MID,LEE,4.5,0.597836839
2021-22,38,82,Dasilva,MID,BRE,5.3,1.116825588
2021-22,38,412,Yarmolenko,MID,WHU,5.1,1.273798155
2021-22,38,366,Winks,MID,TOT,4.4,0.692960584
2021-22,38,102,D Stephens,MID,BUR,4.4,0.480851073
2021-22,38,349,I Diallo,MID,SOU,4.5,1.11187945
2021-22,38,328,Placheta,MID,NOR,4.7,0.895294497
2021-22,38,171,Allan,MID,EVE,4.3,1.514939676
2021-22,38,648,Rowe,MID,NOR,4.4,1.227173648
2021-22,38,528,Tzolis,MID,NOR,4.8,0.743614836
2021-22,38,197,Shackleton,MID,LEE,4.4,0.898446156
2021-22,38,41,Nakamba,MID,AVL,4.4,0.608498331
2021-22,38,689,Chiquinho,MID,WOL,5.5,0.959266216
2021-22,38,357,Kane,FWD,TOT,12.4,5.783942537
2021-22,38,20,Nketiah,FWD,ARS,5.5,4.610961311
2021-22,38,78,Toney,FWD,BRE,6.9,4.494510982
2021-22,38,205,Vardy,FWD,LEI,10.3,4.234011469
2021-22,38,579,Ronaldo,FWD,MUN,12.2,4.032927222
2021-22,38,263,Jesus,FWD,MCI,8.6,3.791506369
2021-22,38,447,Welbeck,FWD,BHA,5.9,3.878067604
2021-22,38,529,Lukaku,FWD,CHE,11.4,3.219749643
2021-22,38,315,Pukki,FWD,NOR,6.1,3.589367278
2021-22,38,296,Wilson,FWD,NEW,7.1,3.45088891
2021-22,38,213,Iheanacho,FWD,LEI,7.0,2.530109663
2021-22,38,159,Mateta,FWD,CRY,5.3,3.141595771
2021-22,38,307,Saint-Maximin,FWD,NEW,6.8,3.090568627
2021-22,38,413,Antonio,FWD,WHU,7.4,3.04675614
2021-22,38,187,Rodrigo,FWD,LEE,6.3,2.969101559
2021-22,38,345,Adams,FWD,SOU,6.6,2.520699086
2021-22,38,180,Richarlison,FWD,EVE,7.5,2.504776349
2021-22,38,177,Calvert-Lewin,FWD,EVE,7.7,2.491011629
2021-22,38,40,Watkins,FWD,AVL,7.5,2.649056718
2021-22,38,105,A Barnes,FWD,BUR,5.2,2.497936603
2021-22,38,310,Joelinton,FWD,NEW,5.8,2.626382535
2021-22,38,468,King,FWD,WAT,5.6,2.495488757
2021-22,38,430,Jimenez,FWD,WOL,7.5,2.521764769
2021-22,38,153,Ayew,FWD,CRY,5.8,2.417110579
2021-22,38,63,Maupay,FWD,BHA,6.2,1.829629857
2021-22,38,189,Bamford,FWD,LEE,7.7,1.880674743
2021-22,38,518,Broja,FWD,SOU,5.4,2.349043572
2021-22,38,700,Weghorst,FWD,BUR,6.4,2.32592681
2021-22,38,134,Werner,FWD,CHE,8.7,1.363844812
2021-22,38,455,Daka,FWD,LEI,7.0,1.447320428
2021-22,38,404,Joao Pedro,FWD,WAT,5.4,2.427177365
2021-22,38,228,Firmino,FWD,LIV,8.7,1.712946756
2021-22,38,337,Ings,FWD,AVL,7.7,2.128674348
2021-22,38,586,Edouard,FWD,CRY,6.1,1.338323433
2021-22,38,109,Wood,FWD,NEW,6.5,1.643388471
2021-22,38,104,Jay Rodriguez,FWD,BUR,5.2,1.419352358
2021-22,38,525,A Armstrong,FWD,SOU,5.7,0.906136656
2021-22,38,269,Cavani,FWD,MUN,8.4,1.259485813
2021-22,38,6,Lacazette,FWD,ARS,8.2,1.452772163
2021-22,38,577,Gelhardt,FWD,LEE,4.7,1.879248077
2021-22,38,235,Origi,FWD,LIV,4.8,0.458800501
2021-22,38,725,Forde,FWD,WAT,4.5,0.0
2021-22,38,329,Idah,FWD,NOR,4.8,0.0
2021-22,38,111,Vydra,FWD,BUR,5.2,0.0
2021-22,38,516,Sargent,FWD,NOR,5.4,0.0
2021-22,38,450,Dennis,FWD,WAT,5.9,0.0
2021-22,38,591,Rondon,FWD,EVE,6.0,0.0
2021-22,38,704,Delap,FWD,MCI,4.5,0.002241381
2021-22,38,640,Young-Coombes,FWD,BRE,4.5,0.002098738
2021-22,38,663,Kayky,FWD,MCI,5.0,0.002009662
2021-22,38,533,Richardson,FWD,BUR,4.5,0.001947185
2021-22,38,622,Tosun,FWD,EVE,5.0,0.00192945
2021-22,38,655,E Ferguson,FWD,BHA,4.5,0.001842308
2021-22,38,734,Grieves,FWD,WAT,4.5,0.003997448
2021-22,38,694,Biereth,FWD,ARS,4.5,0.003807527
2021-22,38,732,Cukur,FWD,WAT,4.5,0.003490375
2021-22,38,520,Scarlett,FWD,TOT,4.5,0.0237638
2021-22,38,149,Benteke,FWD,CRY,5.9,0.940552445
2021-22,38,735,McGlynn,FWD,BUR,4.5,0.019070056
2021-22,38,715,A Kamara,FWD,NOR,4.5,0.018733645
2021-22,38,583,Hwang,FWD,WOL,5.4,1.761118648
2021-22,38,519,S Long,FWD,SOU,5.4,0.79204085
2021-22,38,300,Gayle,FWD,NEW,5.2,0.257535351
2021-22,38,472,Cucho,FWD,WAT,5.0,0.647473826
2021-22,38,607,Dobbin,FWD,EVE,4.5,0.221984863
2021-22,38,550,S Greenwood,FWD,LEE,4.6,0.639106809
2021-22,38,445,F Silva,FWD,WOL,5.6,0.790757149
2021-22,4,143,E Mendy,GK,CHE,6.0,4.262536581
2021-22,4,257,Ederson,GK,MCI,6.0,2.108687925
2021-22,4,231,Alisson,GK,LIV,6.0,2.048445879
2021-22,4,1,Leno,GK,ARS,4.9,4.06858825
2021-22,4,199,Meslier,GK,LEE,5.0,3.26889522
2021-22,4,69,R Sanchez,GK,BHA,4.5,3.753018207
2021-22,4,475,Sa,GK,WOL,5.0,3.695184508
2021-22,4,112,Pope,GK,BUR,5.5,3.361186065
2021-22,4,353,Lloris,GK,TOT,5.6,3.913583402
2021-22,4,170,Pickford,GK,EVE,5.0,3.840145129
2021-22,4,280,D Henderson,GK,MUN,5.0,2.988262027
2021-22,4,30,Martinez,GK,AVL,5.5,0.009040905
2021-22,4,200,Schmeichel,GK,LEI,5.0,2.784961731
2021-22,4,146,Guaita,GK,CRY,4.5,3.199673581
2021-22,4,80,Raya,GK,BRE,4.6,3.485136653
2021-22,4,334,McCarthy,GK,SOU,4.5,2.492750703
2021-22,4,314,Krul,GK,NOR,4.5,2.28586562
2021-22,4,489,Areola,GK,WHU,4.9,1.748476748
2021-22,4,389,Bachmann,GK,WAT,4.5,2.971377192
2021-22,4,408,Fabianski,GK,WHU,5.0,1.669876452
2021-22,4,295,Dubravka,GK,NEW,4.5,0.070760038
2021-22,4,270,de Gea,GK,MUN,5.0,1.380109043
2021-22,4,513,Woodman,GK,NEW,4.5,2.354898457
2021-22,4,28,Steer,GK,AVL,4.0,2.866647937
2021-22,4,242,Kelleher,GK,LIV,4.5,1.53063739
2021-22,4,333,Forster,GK,SOU,4.5,0.800842921
2021-22,4,294,Darlow,GK,NEW,4.5,0.134260472
2021-22,4,260,Steffen,GK,MCI,4.5,0.398763828
2021-22,4,129,Arrizabalaga,GK,CHE,4.9,0.257444642
2021-22,4,376,Foster,GK,WAT,4.0,0.267849693
2021-22,4,448,Gunn,GK,NOR,4.0,0.224230366
2021-22,4,480,Hennessey,GK,BUR,4.5,0.167248481
2021-22,4,156,Butland,GK,CRY,4.5,0.119710712
2021-22,4,559,Ramsdale,GK,ARS,4.5,0.080143009
2021-22,4,452,Ruddy,GK,WOL,4.5,0.080216166
2021-22,4,490,Klaesson,GK,LEE,4.5,0.063593723
2021-22,4,486,Gollini,GK,TOT,4.4,0.07193097
2021-22,4,54,Steele,GK,BHA,4.0,0.068510584
2021-22,4,204,D Ward,GK,LEI,4.5,0.053130797
2021-22,4,514,Gillespie,GK,NEW,4.0,0.056661385
2021-22,4,481,Begovic,GK,EVE,4.0,0.067067443
2021-22,4,476,Scherpen,GK,BHA,4.5,0.007880151
2021-22,4,556,A Fernandez,GK,BRE,4.5,0.037306959
2021-22,4,574,Elliot,GK,WAT,4.0,0.111366191
2021-22,4,509,Heaton,GK,MUN,4.0,0.008765764
2021-22,4,114,Norris,GK,BUR,4.5,0.006637304
2021-22,4,571,Lonergan,GK,EVE,4.0,0.007597466
2021-22,4,561,Matthews,GK,CRY,4.0,0.006632842
2021-22,4,573,Jakupovic,GK,LEI,4.0,0.005685578
2021-22,4,407,Randolph,GK,WHU,4.5,0.006172711
2021-22,4,313,McGovern,GK,NOR,4.0,0.005117171
2021-22,4,223,Adrian,GK,LIV,4.5,0.000730978
2021-22,4,572,Okonkwo,GK,ARS,4.0,0.000785779
2021-22,4,532,Hein,GK,ARS,4.0,0.000784338
2021-22,4,237,Trent,DEF,LIV,7.5,4.152674465
2021-22,4,234,Robertson,DEF,LIV,7.0,3.366927707
2021-22,4,262,Dias,DEF,MCI,6.0,3.598801814
2021-22,4,275,Shaw,DEF,MUN,5.5,4.80913142
2021-22,4,135,Chilwell,DEF,CHE,5.7,4.123575246
2021-22,4,127,Rudiger,DEF,CHE,5.5,4.544140645
2021-22,4,229,van Dijk,DEF,LIV,6.5,3.446156775
2021-22,4,119,Azpilicueta,DEF,CHE,6.0,4.715853015
2021-22,4,168,Digne,DEF,EVE,5.4,4.592651306
2021-22,4,437,Semedo,DEF,WOL,4.9,3.912812426
2021-22,4,288,Wan-Bissaka,DEF,MUN,5.5,4.470289143
2021-22,4,256,Cancelo,DEF,MCI,6.0,2.868461597
2021-22,4,59,Dunk,DEF,BHA,5.0,3.707111309
2021-22,4,273,Maguire,DEF,MUN,5.5,4.317969605
2021-22,4,555,Varane,DEF,MUN,5.5,4.181693252
2021-22,4,249,Walker,DEF,MCI,5.5,3.01080026
2021-22,4,428,Boly,DEF,WOL,4.9,3.634608685
2021-22,4,142,R James,DEF,CHE,5.6,0.0
2021-22,4,16,Tierney,DEF,ARS,4.9,3.895388892
2021-22,4,431,Saiss,DEF,WOL,5.0,3.225003474
2021-22,4,370,Reguilon,DEF,TOT,5.2,3.629674798
2021-22,4,133,Christensen,DEF,CHE,5.0,3.90913997
2021-22,4,429,Coady,DEF,WOL,4.5,3.36109563
2021-22,4,259,Laporte,DEF,MCI,5.5,2.31185073
2021-22,4,67,White,DEF,ARS,4.4,3.372191948
2021-22,4,61,Webster,DEF,BHA,4.5,3.254271544
2021-22,4,62,Veltman,DEF,BHA,4.4,3.306685066
2021-22,4,264,Zinchenko,DEF,MCI,5.4,2.368984858
2021-22,4,169,Keane,DEF,EVE,5.0,3.855682834
2021-22,4,411,A Cresswell,DEF,WHU,5.5,3.127667633
2021-22,4,463,Firpo,DEF,LEE,4.9,1.883711338
2021-22,4,23,Gabriel,DEF,ARS,5.0,3.146798509
2021-22,4,185,Ayling,DEF,LEE,4.5,2.280485777
2021-22,4,418,Coufal,DEF,WHU,5.0,3.075357497
2021-22,4,292,Ritchie,DEF,NEW,5.0,2.142847407
2021-22,4,98,Tarkowski,DEF,BUR,5.0,2.812791644
2021-22,4,224,Matip,DEF,LIV,5.0,1.950117556
2021-22,4,217,Soyuncu,DEF,LEI,5.0,2.218085086
2021-22,4,584,Cucurella,DEF,BHA,5.0,2.611096265
2021-22,4,121,T Silva,DEF,CHE,5.4,1.788015465
2021-22,4,201,Evans,DEF,LEI,5.4,0.720784944
2021-22,4,252,Stones,DEF,MCI,5.3,1.637138654
2021-22,4,91,Pinnock,DEF,BRE,4.6,3.061565583
2021-22,4,45,Konsa,DEF,AVL,5.0,1.994225473
2021-22,4,190,Llorente,DEF,LEE,4.5,2.028802874
2021-22,4,590,Tomiyasu,DEF,ARS,4.5,2.523826111
2021-22,4,175,Mina,DEF,EVE,4.9,2.394535034
2021-22,4,361,Dier,DEF,TOT,4.6,3.350923471
2021-22,4,106,Mee,DEF,BUR,4.9,2.602707663
2021-22,4,207,R Pereira,DEF,LEI,5.5,1.221166176
2021-22,4,460,Perraud,DEF,SOU,5.0,2.781478369
2021-22,4,44,Cash,DEF,AVL,5.0,1.97669055
2021-22,4,38,Mings,DEF,AVL,5.0,1.905325408
2021-22,4,409,Ogbonna,DEF,WHU,5.0,2.677254609
2021-22,4,465,F Fernandez,DEF,NEW,4.5,1.649890735
2021-22,4,39,Targett,DEF,AVL,4.9,1.820289143
2021-22,4,588,Emerson R,DEF,TOT,5.0,1.56775265
2021-22,4,76,Jansson,DEF,BRE,4.6,3.212443911
2021-22,4,128,Zouma,DEF,WHU,5.4,2.287624202
2021-22,4,179,Godfrey,DEF,EVE,4.9,2.215839934
2021-22,4,209,Castagne,DEF,LEI,5.4,1.66613224
2021-22,4,488,Andersen,DEF,CRY,4.5,2.661082622
2021-22,4,162,Mitchell,DEF,CRY,4.5,2.632535625
2021-22,4,299,Lascelles,DEF,NEW,4.5,1.60804311
2021-22,4,483,Ajer,DEF,BRE,4.5,3.12581161
2021-22,4,494,Romero,DEF,TOT,4.9,0.0
2021-22,4,343,Bednarek,DEF,SOU,4.4,2.73450282
2021-22,4,326,Aarons,DEF,NOR,4.5,1.857448652
2021-22,4,305,Schar,DEF,NEW,4.4,1.555864955
2021-22,4,122,Alonso,DEF,CHE,5.7,1.158691562
2021-22,4,432,Marcal,DEF,WOL,4.5,2.076082979
2021-22,4,165,Coleman,DEF,EVE,5.0,2.145856165
2021-22,4,477,Guehi,DEF,CRY,4.5,2.515406765
2021-22,4,473,Bertrand,DEF,LEI,4.9,0.909348907
2021-22,4,178,Holgate,DEF,EVE,4.5,3.007887213
2021-22,4,340,Vestergaard,DEF,LEI,4.9,0.450642987
2021-22,4,396,Sierralta,DEF,WAT,4.4,1.708188629
2021-22,4,184,Cooper,DEF,LEE,4.5,1.447372364
2021-22,4,470,Ait-Nouri,DEF,WOL,4.4,1.382300028
2021-22,4,83,Henry,DEF,BRE,4.5,2.355740301
2021-22,4,110,Lowton,DEF,BUR,4.5,2.26657985
2021-22,4,56,Duffy,DEF,BHA,4.2,2.243413434
2021-22,4,198,Struijk,DEF,LEE,4.5,1.260968731
2021-22,4,390,Masina,DEF,WAT,4.5,2.83206428
2021-22,4,113,Taylor,DEF,BUR,4.5,2.318826895
2021-22,4,150,Kouyate,DEF,CRY,4.5,2.575774502
2021-22,4,387,Troost-Ekong,DEF,WAT,4.5,2.486356767
2021-22,4,474,J Ward,DEF,CRY,4.5,2.392971243
2021-22,4,243,Konate,DEF,LIV,5.2,0.877614846
2021-22,4,382,Femenia,DEF,WAT,4.4,2.421918554
2021-22,4,342,Walker-Peters,DEF,SOU,4.9,1.457015794
2021-22,4,238,Gomez,DEF,LIV,4.9,0.855668416
2021-22,4,491,Livramento,DEF,SOU,4.1,2.057860883
2021-22,4,456,Gibson,DEF,NOR,4.5,1.220127424
2021-22,4,71,Lamptey,DEF,BHA,4.5,0.404109909
2021-22,4,580,Kabak,DEF,NOR,4.5,1.365316478
2021-22,4,338,J Stephens,DEF,SOU,4.5,1.594747663
2021-22,4,367,D Sanchez,DEF,TOT,4.5,0.0
2021-22,4,5,Cedric,DEF,ARS,4.4,0.937270239
2021-22,4,258,Ake,DEF,MCI,4.9,0.552818019
2021-22,4,8,Mari,DEF,ARS,4.5,0.819438149
2021-22,4,374,Rodon,DEF,TOT,4.4,3.088833761
2021-22,4,319,Hanley,DEF,NOR,4.5,1.141567146
2021-22,4,58,Burn,DEF,BHA,4.4,0.337312539
2021-22,4,585,C Roberts,DEF,BUR,4.9,0.249358226
2021-22,4,371,Tanganga,DEF,TOT,4.6,2.206228611
2021-22,4,439,Kilman,DEF,WOL,4.5,1.047947457
2021-22,4,414,Dawson,DEF,WHU,5.0,0.872690142
2021-22,4,14,Holding,DEF,ARS,4.3,0.786778625
2021-22,4,10,Chambers,DEF,ARS,4.4,0.605874748
2021-22,4,360,Doherty,DEF,TOT,4.9,0.760612584
2021-22,4,245,Tsimikas,DEF,LIV,4.1,0.699390647
2021-22,4,279,Telles,DEF,MUN,5.0,0.603266224
2021-22,4,567,Lyanco,DEF,SOU,4.5,0.988912766
2021-22,4,284,Lindelof,DEF,MUN,5.0,0.526428751
2021-22,4,379,Cathcart,DEF,WAT,4.5,1.524857408
2021-22,4,52,Young,DEF,AVL,5.0,1.14450719
2021-22,4,301,Dummett,DEF,NEW,4.5,0.261246861
2021-22,4,384,Kabasele,DEF,WAT,4.5,1.849774779
2021-22,4,527,T Chalobah,DEF,CHE,4.9,1.219735908
2021-22,4,194,Koch,DEF,LEE,4.4,0.284428877
2021-22,4,351,Salisu,DEF,SOU,4.5,1.043980598
2021-22,4,219,L Thomas,DEF,LEI,4.5,0.755038042
2021-22,4,290,B Williams,DEF,NOR,4.0,1.428242311
2021-22,4,293,Clark,DEF,NEW,4.4,0.329874908
2021-22,4,90,M Sorensen,DEF,BRE,4.4,1.060834191
2021-22,4,11,Kolasinac,DEF,ARS,4.4,0.281993244
2021-22,4,89,Roerslev,DEF,BRE,4.4,0.854315822
2021-22,4,510,Dalot,DEF,MUN,4.5,0.350943539
2021-22,4,446,Mosquera,DEF,WOL,4.5,0.128884127
2021-22,4,443,Hoever,DEF,WOL,4.0,0.629963046
2021-22,4,208,Amartey,DEF,LEI,4.1,1.47312447
2021-22,4,303,Krafth,DEF,NEW,4.4,0.304997675
2021-22,4,147,Tomkins,DEF,CRY,4.4,0.29198099
2021-22,4,417,Masuaku,DEF,WHU,4.4,0.508524391
2021-22,4,501,M Sarr,DEF,CHE,6.0,0.180354147
2021-22,4,283,Tuanzebe,DEF,AVL,4.5,0.4564982
2021-22,4,286,Bailly,DEF,MUN,5.0,0.192377413
2021-22,4,457,Giannoulis,DEF,NOR,4.4,0.347864326
2021-22,4,246,N Williams,DEF,LIV,4.0,0.135319042
2021-22,4,364,Ben T Davies,DEF,TOT,4.0,0.231087037
2021-22,4,377,Rose,DEF,WAT,4.4,0.572336633
2021-22,4,368,Sessegnon,DEF,TOT,4.4,0.21594105
2021-22,4,36,Hause,DEF,AVL,4.4,0.105797451
2021-22,4,424,Diop,DEF,WHU,4.4,0.245315084
2021-22,4,311,Lewis,DEF,NEW,4.4,0.206607383
2021-22,4,87,Goode,DEF,BRE,4.0,0.15323005
2021-22,4,158,Jach,DEF,CRY,4.4,0.133933997
2021-22,4,331,Omobamidele,DEF,NOR,4.0,0.167735502
2021-22,4,103,K Long,DEF,BUR,4.0,0.0
2021-22,4,493,Clyne,DEF,CRY,4.5,0.461102048
2021-22,4,302,Manquillo,DEF,NEW,4.0,0.197482456
2021-22,4,498,Thompson,DEF,BRE,4.5,0.143666441
2021-22,4,327,J Sorensen,DEF,NOR,4.4,0.126987395
2021-22,4,544,Branthwaite,DEF,EVE,4.0,0.072789933
2021-22,4,425,Johnson,DEF,WHU,4.0,0.623647813
2021-22,4,466,Tavares,DEF,ARS,4.4,0.03932375
2021-22,4,218,Justin,DEF,LEI,4.9,0.0
2021-22,4,321,Byram,DEF,NOR,4.4,0.018457395
2021-22,4,241,N Phillips,DEF,LIV,5.0,0.014152456
2021-22,4,99,Bardsley,DEF,BUR,4.0,0.080036209
2021-22,4,410,Reid,DEF,WHU,4.0,0.030400446
2021-22,4,560,H Roberts,DEF,BHA,4.9,0.013159932
2021-22,4,565,Dodgson,DEF,BUR,4.0,0.10972394
2021-22,4,451,Collins,DEF,BUR,4.4,0.004972887
2021-22,4,400,Ngakia,DEF,WAT,4.4,0.066061358
2021-22,4,546,Valery,DEF,SOU,4.0,0.059527401
2021-22,4,562,Drameh,DEF,LEE,4.0,0.008671571
2021-22,4,563,C Cresswell,DEF,LEE,5.5,0.008347558
2021-22,4,151,Kelly,DEF,CRY,4.0,0.055449466
2021-22,4,220,Fofana,DEF,LEI,4.4,0.0
2021-22,4,161,Ferguson,DEF,CRY,4.5,0.0
2021-22,4,433,Jonny,DEF,WOL,4.5,0.0
2021-22,4,554,J Baptiste,DEF,WHU,5.0,0.005145559
2021-22,4,569,Stevens,DEF,BRE,4.0,0.031251478
2021-22,4,324,Zimmermann,DEF,NOR,4.4,0.039092564
2021-22,4,502,Kenny,DEF,EVE,4.5,0.029341641
2021-22,4,534,B Thomas,DEF,BUR,4.5,0.099918809
2021-22,4,515,Mumba,DEF,NOR,4.0,0.003309427
2021-22,4,540,Hannam,DEF,CRY,4.0,0.01380709
2021-22,4,100,Pieters,DEF,BUR,4.4,0.095053962
2021-22,4,415,Fredericks,DEF,WHU,4.5,0.389680625
2021-22,4,233,Salah,MID,LIV,12.5,4.854561656
2021-22,4,230,Mane,MID,LIV,11.9,5.28844137
2021-22,4,277,Fernandes,MID,MUN,12.0,5.988116347
2021-22,4,359,Son,MID,TOT,10.1,3.604819418
2021-22,4,251,De Bruyne,MID,MCI,11.9,2.768475019
2021-22,4,255,Sterling,MID,MCI,10.9,3.945852624
2021-22,4,240,Jota,MID,LIV,7.6,4.723869961
2021-22,4,254,Mahrez,MID,MCI,8.9,3.788410105
2021-22,4,196,Raphinha,MID,LEE,6.5,2.11689155
2021-22,4,363,Alli,MID,TOT,6.5,4.014644079
2021-22,4,138,Mount,MID,CHE,7.5,3.967805383
2021-22,4,399,I Sarr,MID,WAT,6.0,3.735683604
2021-22,4,485,Sancho,MID,MUN,9.2,4.402677836
2021-22,4,215,H Barnes,MID,LEI,6.8,3.019185603
2021-22,4,154,Zaha,MID,CRY,6.9,3.415896764
2021-22,4,267,Harrison,MID,LEE,5.9,3.391330729
2021-22,4,341,Ward-Prowse,MID,SOU,6.5,3.91898373
2021-22,4,55,Gross,MID,BHA,6.0,3.726211524
2021-22,4,422,Soucek,MID,WHU,6.0,3.453407858
2021-22,4,64,Trossard,MID,BHA,6.4,3.472051045
2021-22,4,272,Pogba,MID,MUN,7.7,4.135976383
2021-22,4,289,M Greenwood,MID,MUN,7.7,4.335335455
2021-22,4,17,Pepe,MID,ARS,7.2,3.125036188
2021-22,4,33,Grealish,MID,MCI,8.0,3.366516244
2021-22,4,141,Havertz,MID,CHE,8.3,3.746002759
2021-22,4,188,Dallas,MID,LEE,5.5,3.103517193
2021-22,4,212,Maddison,MID,LEI,6.8,2.57762377
2021-22,4,419,Benrahma,MID,WHU,6.4,3.250704333
2021-22,4,420,Bowen,MID,WHU,6.4,3.477884973
2021-22,4,210,Tielemans,MID,LEI,6.5,2.688989645
2021-22,4,268,Torres,MID,MCI,7.1,3.223716022
2021-22,4,435,A Traore,MID,WOL,6.0,3.145691003
2021-22,4,173,Doucoure,MID,EVE,5.5,3.530817608
2021-22,4,19,Willock,MID,NEW,6.0,2.978522142
2021-22,4,423,Fornals,MID,WHU,6.0,3.144803566
2021-22,4,250,Gundogan,MID,MCI,7.3,3.1278453
2021-22,4,461,Trincao,MID,WOL,5.9,2.946443944
2021-22,4,22,Saka,MID,ARS,6.3,3.344615619
2021-22,4,118,McNeil,MID,BUR,5.9,2.79910076
2021-22,4,304,Murphy,MID,NEW,5.0,2.744088466
2021-22,4,484,D Gray,MID,EVE,5.6,3.185501319
2021-22,4,96,Mbeumo,MID,BRE,5.5,2.953086314
2021-22,4,436,Neves,MID,WOL,5.5,2.921426125
2021-22,4,107,Westwood,MID,BUR,5.4,2.744693387
2021-22,4,81,Canos,MID,BRE,5.5,2.893368116
2021-22,4,325,Cantwell,MID,NOR,5.5,2.52804681
2021-22,4,43,Buendia,MID,AVL,6.4,0.209322209
2021-22,4,222,J Henderson,MID,LIV,5.0,2.825531365
2021-22,4,123,Jorginho,MID,CHE,6.0,3.106239922
2021-22,4,492,Bailey,MID,AVL,6.4,1.9248575
2021-22,4,426,Moutinho,MID,WOL,5.0,2.74840476
2021-22,4,449,Rashica,MID,NOR,5.4,1.878563451
2021-22,4,421,Rice,MID,WHU,5.0,2.682422681
2021-22,4,308,Almiron,MID,NEW,5.4,1.173021097
2021-22,4,137,Pulisic,MID,CHE,7.9,2.766083882
2021-22,4,558,Odegaard,MID,ARS,5.5,2.848005747
2021-22,4,35,McGinn,MID,AVL,6.0,2.348940242
2021-22,4,291,Shelvey,MID,NEW,5.4,0.093490537
2021-22,4,365,Hojbjerg,MID,TOT,5.0,2.694283754
2021-22,4,21,Smith Rowe,MID,ARS,5.4,2.715480122
2021-22,4,265,Foden,MID,MCI,7.9,0.944969537
2021-22,4,32,B Traore,MID,AVL,6.0,1.831173457
2021-22,4,216,Ndidi,MID,LEI,5.0,1.875297884
2021-22,4,266,Rodri,MID,MCI,5.5,2.174239979
2021-22,4,587,Lookman,MID,LEI,6.0,1.756876657
2021-22,4,281,Rashford,MID,MUN,9.4,0.0
2021-22,4,225,Thiago,MID,LIV,5.4,2.521193865
2021-22,4,274,Fred,MID,MUN,5.0,1.732300732
2021-22,4,391,Sema,MID,WAT,5.4,2.223632061
2021-22,4,362,Lucas Moura,MID,TOT,6.5,2.771499963
2021-22,4,471,Lees-Melou,MID,NOR,5.0,2.320875079
2021-22,4,232,Fabinho,MID,LIV,5.4,1.346657738
2021-22,4,482,Townsend,MID,EVE,5.5,2.383074794
2021-22,4,152,Milivojevic,MID,CRY,5.4,1.001326009
2021-22,4,191,K Phillips,MID,LEE,5.0,2.301342471
2021-22,4,144,Gallagher,MID,CRY,5.5,2.675295043
2021-22,4,171,Allan,MID,EVE,4.5,2.639976954
2021-22,4,86,Jensen,MID,BRE,4.9,2.465931004
2021-22,4,339,S Armstrong,MID,SOU,5.8,0.230144527
2021-22,4,70,Bissouma,MID,BHA,4.6,1.968673604
2021-22,4,42,El Ghazi,MID,AVL,6.0,2.053448269
2021-22,4,77,Norgaard,MID,BRE,5.0,2.337634421
2021-22,4,60,March,MID,BHA,5.4,1.409021512
2021-22,4,369,Bergwijn,MID,TOT,6.0,2.536467456
2021-22,4,7,Xhaka,MID,ARS,4.9,0.0
2021-22,4,261,B Silva,MID,MCI,6.9,1.546649423
2021-22,4,373,Skipp,MID,TOT,4.5,2.394829997
2021-22,4,517,Elyounoussi,MID,SOU,5.5,2.255765057
2021-22,4,186,Klich,MID,LEE,5.5,1.618187236
2021-22,4,381,Cleverley,MID,WAT,5.0,2.363202262
2021-22,4,101,Cork,MID,BUR,4.5,2.135645049
2021-22,4,335,Romeu,MID,SOU,4.5,2.422928388
2021-22,4,578,Cornet,MID,BUR,6.0,0.416665398
2021-22,4,148,McArthur,MID,CRY,4.5,2.52685822
2021-22,4,26,Martinelli,MID,ARS,5.4,1.430778023
2021-22,4,495,Kucka,MID,WAT,5.5,1.793797921
2021-22,4,50,Douglas Luiz,MID,AVL,4.5,1.918299408
2021-22,4,84,Janelt,MID,BRE,5.0,2.292648062
2021-22,4,108,Gudmundsson,MID,BUR,5.5,2.300858273
2021-22,4,318,McLean,MID,NOR,4.9,1.553515978
2021-22,4,115,Brownhill,MID,BUR,4.5,1.930870627
2021-22,4,145,Gilmour,MID,NOR,4.5,2.028498956
2021-22,4,306,Hayden,MID,NEW,4.5,1.700296363
2021-22,4,478,Lokonga,MID,ARS,5.0,2.71371407
2021-22,4,211,Perez,MID,LEI,5.9,0.0
2021-22,4,15,Partey,MID,ARS,5.0,1.70539612
2021-22,4,125,Kovacic,MID,CHE,5.0,2.42054702
2021-22,4,317,Rupp,MID,NOR,4.5,1.876718567
2021-22,4,332,Walcott,MID,SOU,5.9,1.896461976
2021-22,4,130,Kante,MID,CHE,4.9,1.367248807
2021-22,4,155,Schlupp,MID,CRY,5.4,1.789154403
2021-22,4,582,Vlasic,MID,WHU,6.0,0.30948413
2021-22,4,462,Mwepu,MID,BHA,5.9,0.997734325
2021-22,4,467,Etebo,MID,WAT,4.5,1.736128165
2021-22,4,82,Dasilva,MID,BRE,5.4,0.937701753
2021-22,4,140,Hudson-Odoi,MID,CHE,5.4,1.410234848
2021-22,4,464,Olise,MID,CRY,5.4,0.887984856
2021-22,4,53,Lallana,MID,BHA,5.4,1.960149362
2021-22,4,592,Saul,MID,CHE,5.5,0.668428287
2021-22,4,438,Podence,MID,WOL,5.5,1.410759848
2021-22,4,74,Mac Allister,MID,BHA,5.5,1.535052718
2021-22,4,131,Ziyech,MID,CHE,7.4,1.145520073
2021-22,4,323,Dowell,MID,NOR,5.4,1.682477766
2021-22,4,524,Wissa,MID,BRE,6.0,0.443525149
2021-22,4,75,Moder,MID,BHA,4.5,1.469595077
2021-22,4,166,James Rodriguez,MID,EVE,5.6,0.0
2021-22,4,336,Redmond,MID,SOU,5.9,1.331721563
2021-22,4,479,Onyeka,MID,BRE,5.0,1.245371166
2021-22,4,193,T Roberts,MID,LEE,4.9,1.882320034
2021-22,4,453,Fernandinho,MID,MCI,5.0,0.899464731
2021-22,4,285,McTominay,MID,MUN,5.4,0.064702478
2021-22,4,372,Lo Celso,MID,TOT,5.9,0.0
2021-22,4,506,Elliott,MID,LIV,5.5,1.666017742
2021-22,4,350,Djenepo,MID,SOU,5.5,1.968675863
2021-22,4,276,Lingard,MID,MUN,6.9,0.41348008
2021-22,4,239,Keita,MID,LIV,5.0,0.666838944
2021-22,4,202,Albrighton,MID,LEI,5.4,1.130382713
2021-22,4,271,Matic,MID,MUN,4.5,1.210112323
2021-22,4,354,Sissoko,MID,WAT,4.5,1.991882826
2021-22,4,487,Bryan Gil,MID,TOT,5.9,0.697705937
2021-22,4,34,Sanson,MID,AVL,5.0,1.007989159
2021-22,4,282,van de Beek,MID,MUN,5.8,0.513797868
2021-22,4,12,Elneny,MID,ARS,4.5,1.199818673
2021-22,4,416,Lanzini,MID,WHU,5.9,1.527201694
2021-22,4,328,Placheta,MID,NOR,4.9,0.41255555
2021-22,4,160,Eze,MID,CRY,5.9,0.0
2021-22,4,298,Fraser,MID,NEW,5.4,0.392044536
2021-22,4,174,Iwobi,MID,EVE,5.9,0.923984156
2021-22,4,124,Barkley,MID,CHE,5.4,0.068651619
2021-22,4,13,Maitland-Niles,MID,ARS,5.4,0.397639968
2021-22,4,459,Mata,MID,MUN,4.9,0.035023181
2021-22,4,528,Tzolis,MID,NOR,5.0,0.397384624
2021-22,4,132,Loftus-Cheek,MID,CHE,5.4,0.060368798
2021-22,4,287,D James,MID,LEE,5.6,0.796860373
2021-22,4,347,Smallbone,MID,SOU,4.5,0.0
2021-22,4,37,Trezeguet,MID,AVL,5.5,0.0
2021-22,4,441,Neto,MID,WOL,6.4,0.0
2021-22,4,551,Summerville,MID,LEE,4.5,0.024622584
2021-22,4,512,Elanga,MID,MUN,4.9,0.027322564
2021-22,4,547,Cundle,MID,WOL,4.5,0.009169849
2021-22,4,548,Campbell,MID,WOL,4.5,0.008833835
2021-22,4,375,Ndombele,MID,TOT,5.8,0.105089697
2021-22,4,543,Banks,MID,CRY,4.5,0.013708403
2021-22,4,507,Palmer,MID,MCI,4.5,0.022011528
2021-22,4,576,McCarron,MID,LEE,4.5,0.021482637
2021-22,4,508,Edozie,MID,MCI,5.0,0.019830127
2021-22,4,537,Richards,MID,BHA,4.5,0.202775033
2021-22,4,505,Dewsbury-Hall,MID,LEI,4.5,0.03996589
2021-22,4,93,Zamburek,MID,BRE,4.5,0.043708682
2021-22,4,405,Baah,MID,WAT,4.5,0.04150937
2021-22,4,499,S Baptiste,MID,BRE,5.0,0.096062841
2021-22,4,541,Rak-Sakyi,MID,CRY,4.5,0.024297121
2021-22,4,434,Dendoncker,MID,WOL,4.9,1.315846645
2021-22,4,496,A Ramsey,MID,AVL,4.5,0.035378216
2021-22,4,236,Minamino,MID,LIV,5.3,0.140427904
2021-22,4,79,Fosu,MID,BRE,5.3,0.090572306
2021-22,4,73,Alzate,MID,BHA,5.0,0.148678526
2021-22,4,176,T Davies,MID,EVE,4.0,0.765426219
2021-22,4,497,Philogene-Bidace,MID,AVL,5.0,0.077598353
2021-22,4,386,Hughes,MID,CRY,4.9,0.195572654
2021-22,4,557,Tufan,MID,WAT,5.0,0.09533304
2021-22,4,203,N Mendy,MID,LEI,6.0,0.016969384
2021-22,4,403,Louza,MID,WAT,5.4,0.854294889
2021-22,4,552,Forshaw,MID,LEE,4.5,0.349321803
2021-22,4,97,Bidstrup,MID,BRE,4.5,0.405207192
2021-22,4,297,Hendrick,MID,NEW,4.9,0.336204212
2021-22,4,214,Choudhury,MID,LEI,4.5,0.15461886
2021-22,4,85,Ghoddos,MID,BRE,5.4,0.717584423
2021-22,4,575,Lennon,MID,BUR,5.0,0.269143778
2021-22,4,244,C Jones,MID,LIV,5.0,0.579143629
2021-22,4,309,S Longstaff,MID,NEW,4.5,2.012906899
2021-22,4,378,Gosling,MID,WAT,4.9,0.279295127
2021-22,4,503,Gordon,MID,EVE,4.5,0.173611308
2021-22,4,458,Soumare,MID,LEI,4.9,1.345866531
2021-22,4,102,D Stephens,MID,BUR,4.5,0.0
2021-22,4,227,Chamberlain,MID,LIV,5.9,0.363586659
2021-22,4,412,Yarmolenko,MID,WHU,5.4,1.354570159
2021-22,4,157,Riedewald,MID,CRY,4.9,0.264796029
2021-22,4,197,Shackleton,MID,LEE,4.5,0.545962952
2021-22,4,504,Gbamin,MID,EVE,4.5,0.156201194
2021-22,4,346,Tella,MID,SOU,4.9,0.743059271
2021-22,4,526,Chukwuemeka,MID,AVL,4.5,0.328913698
2021-22,4,406,Noble,MID,WHU,4.5,0.837702603
2021-22,4,589,Kral,MID,WHU,4.5,0.078672446
2021-22,4,172,Gomes,MID,EVE,4.9,1.730170179
2021-22,4,581,Normann,MID,NOR,4.5,0.416897303
2021-22,4,163,Delph,MID,EVE,4.5,0.236710373
2021-22,4,366,Winks,MID,TOT,4.5,0.713883306
2021-22,4,221,Milner,MID,LIV,4.9,1.469504436
2021-22,4,41,Nakamba,MID,AVL,4.5,0.318517323
2021-22,4,51,J Ramsey,MID,AVL,4.5,0.468308652
2021-22,4,349,I Diallo,MID,SOU,4.5,1.400610767
2021-22,4,357,Kane,FWD,TOT,12.3,5.556255869
2021-22,4,529,Lukaku,FWD,CHE,11.5,4.481851597
2021-22,4,579,Ronaldo,FWD,MUN,12.5,4.194361707
2021-22,4,177,Calvert-Lewin,FWD,EVE,8.2,4.415580444
2021-22,4,205,Vardy,FWD,LEI,10.5,3.78526467
2021-22,4,4,Aubameyang,FWD,ARS,9.9,4.84843927
2021-22,4,413,Antonio,FWD,WHU,7.9,3.443737559
2021-22,4,189,Bamford,FWD,LEE,7.9,3.780521018
2021-22,4,430,Jimenez,FWD,WOL,7.4,2.502556239
2021-22,4,109,Wood,FWD,BUR,6.9,3.685195816
2021-22,4,315,Pukki,FWD,NOR,5.9,3.328325761
2021-22,4,296,Wilson,FWD,NEW,7.5,1.511603074
2021-22,4,78,Toney,FWD,BRE,6.4,3.647859351
2021-22,4,337,Ings,FWD,AVL,8.0,3.00788442
2021-22,4,180,Richarlison,FWD,EVE,7.5,2.426257215
2021-22,4,40,Watkins,FWD,AVL,7.3,2.748067194
2021-22,4,345,Adams,FWD,SOU,7.0,3.855216841
2021-22,4,525,A Armstrong,FWD,SOU,6.0,3.716489773
2021-22,4,63,Maupay,FWD,BHA,6.5,3.196371658
2021-22,4,6,Lacazette,FWD,ARS,8.4,3.880253764
2021-22,4,263,Jesus,FWD,MCI,8.6,1.697993619
2021-22,4,228,Firmino,FWD,LIV,8.8,0.425618993
2021-22,4,447,Welbeck,FWD,BHA,6.0,2.972512896
2021-22,4,187,Rodrigo,FWD,LEE,5.5,3.43937891
2021-22,4,278,Martial,FWD,MUN,7.7,3.91101477
2021-22,4,307,Saint-Maximin,FWD,NEW,6.5,2.459050236
2021-22,4,213,Iheanacho,FWD,LEI,7.2,2.002575621
2021-22,4,269,Cavani,FWD,MUN,8.4,1.660077483
2021-22,4,105,A Barnes,FWD,BUR,6.8,2.302624353
2021-22,4,586,Edouard,FWD,CRY,6.5,2.186355713
2021-22,4,149,Benteke,FWD,CRY,6.4,2.949316156
2021-22,4,450,Dennis,FWD,WAT,5.2,2.204916563
2021-22,4,134,Werner,FWD,CHE,8.7,1.399975027
2021-22,4,455,Daka,FWD,LEI,7.2,1.110069175
2021-22,4,591,Rondon,FWD,EVE,6.0,1.103740051
2021-22,4,404,Joao Pedro,FWD,WAT,5.4,0.085803976
2021-22,4,583,Hwang,FWD,WOL,5.5,0.744859243
2021-22,4,468,King,FWD,WAT,5.5,1.395422108
2021-22,4,516,Sargent,FWD,NOR,5.5,0.743314926
2021-22,4,153,Ayew,FWD,CRY,5.9,1.899650663
2021-22,4,445,F Silva,FWD,WOL,5.9,2.716258926
2021-22,4,159,Mateta,FWD,CRY,5.4,0.618812646
2021-22,4,111,Vydra,FWD,BUR,5.4,1.642428186
2021-22,4,235,Origi,FWD,LIV,4.9,0.236562007
2021-22,4,533,Richardson,FWD,BUR,4.5,0.003643453
2021-22,4,520,Scarlett,FWD,TOT,4.5,0.008525815
2021-22,4,72,Connolly,FWD,BHA,5.4,0.209719651
2021-22,4,20,Nketiah,FWD,ARS,5.4,0.047808275
2021-22,4,542,Street,FWD,CRY,4.5,0.011279168
2021-22,4,568,Archer,FWD,AVL,4.5,0.018380509
2021-22,4,519,S Long,FWD,SOU,4.0,0.024760766
2021-22,4,577,Gelhardt,FWD,LEE,4.5,0.018565496
2021-22,4,395,Fletcher,FWD,WAT,4.9,0.043069836
2021-22,4,550,S Greenwood,FWD,LEE,7.7,0.090626804
2021-22,4,49,Davis,FWD,AVL,4.5,0.0
2021-22,4,88,Forss,FWD,BRE,5.4,1.103942953
2021-22,4,530,Balogun,FWD,ARS,5.0,0.20330179
2021-22,4,300,Gayle,FWD,NEW,5.4,0.717127579
2021-22,4,310,Joelinton,FWD,NEW,5.9,2.205216332
2021-22,4,518,Broja,FWD,SOU,5.0,0.820745859
2021-22,4,329,Idah,FWD,NOR,5.0,0.504731428
2021-22,4,104,Jay Rodriguez,FWD,BUR,5.5,1.098835864
2021-22,4,472,Cucho,FWD,WAT,5.0,1.286745941
2021-22,5,257,Ederson,GK,MCI,6.0,4.477646109
2021-22,5,231,Alisson,GK,LIV,6.0,4.600137343
2021-22,5,143,E Mendy,GK,CHE,6.0,3.499092262
2021-22,5,199,Meslier,GK,LEE,5.0,3.634868407
2021-22,5,112,Pope,GK,BUR,5.5,3.582256648
2021-22,5,69,R Sanchez,GK,BHA,4.5,3.613150737
2021-22,5,475,Sa,GK,WOL,5.0,3.953229974
2021-22,5,30,Martinez,GK,AVL,5.5,3.963115369
2021-22,5,353,Lloris,GK,TOT,5.6,3.459412221
2021-22,5,170,Pickford,GK,EVE,5.0,3.206489466
2021-22,5,200,Schmeichel,GK,LEI,5.0,3.366720548
2021-22,5,146,Guaita,GK,CRY,4.5,2.537736754
2021-22,5,559,Ramsdale,GK,ARS,4.5,3.396444984
2021-22,5,280,D Henderson,GK,MUN,5.0,1.740818217
2021-22,5,314,Krul,GK,NOR,4.5,3.355531248
2021-22,5,80,Raya,GK,BRE,4.6,3.056777522
2021-22,5,334,McCarthy,GK,SOU,4.5,1.937818654
2021-22,5,295,Dubravka,GK,NEW,4.5,0.177620806
2021-22,5,489,Areola,GK,WHU,4.9,1.585190564
2021-22,5,408,Fabianski,GK,WHU,5.0,1.514161496
2021-22,5,294,Darlow,GK,NEW,4.5,2.100739857
2021-22,5,270,de Gea,GK,MUN,5.0,1.921581078
2021-22,5,389,Bachmann,GK,WAT,4.5,2.44161246
2021-22,5,1,Leno,GK,ARS,4.9,0.500899458
2021-22,5,333,Forster,GK,SOU,4.5,0.579717421
2021-22,5,28,Steer,GK,AVL,4.0,0.233477687
2021-22,5,129,Arrizabalaga,GK,CHE,4.9,0.21142704
2021-22,5,376,Foster,GK,WAT,4.0,0.318658438
2021-22,5,513,Woodman,GK,NEW,4.5,0.979026209
2021-22,5,448,Gunn,GK,NOR,4.0,0.341598823
2021-22,5,480,Hennessey,GK,BUR,4.5,0.179036677
2021-22,5,156,Butland,GK,CRY,4.5,0.102902556
2021-22,5,242,Kelleher,GK,LIV,4.5,0.1037958
2021-22,5,260,Steffen,GK,MCI,4.5,0.028779924
2021-22,5,452,Ruddy,GK,WOL,4.5,0.084859267
2021-22,5,490,Klaesson,GK,LEE,4.5,0.07103374
2021-22,5,486,Gollini,GK,TOT,4.4,0.063959829
2021-22,5,204,D Ward,GK,LEI,4.5,0.064551175
2021-22,5,54,Steele,GK,BHA,4.0,0.066267627
2021-22,5,481,Begovic,GK,EVE,4.0,0.05453384
2021-22,5,593,Carson,GK,MCI,4.0,0.065604613
2021-22,5,476,Scherpen,GK,BHA,4.5,0.007583947
2021-22,5,556,A Fernandez,GK,BRE,4.5,0.033420668
2021-22,5,514,Gillespie,GK,NEW,4.0,0.034566347
2021-22,5,596,Sinisalo,GK,AVL,4.0,0.014674455
2021-22,5,509,Heaton,GK,MUN,4.0,0.007468752
2021-22,5,114,Norris,GK,BUR,4.5,0.006905168
2021-22,5,573,Jakupovic,GK,LEI,4.0,0.006904916
2021-22,5,561,Matthews,GK,CRY,4.0,0.005690902
2021-22,5,407,Randolph,GK,WHU,4.5,0.005625969
2021-22,5,571,Lonergan,GK,EVE,4.0,0.006181586
2021-22,5,313,McGovern,GK,NOR,4.0,0.007430375
2021-22,5,572,Okonkwo,GK,ARS,4.0,0.00347252
2021-22,5,532,Hein,GK,ARS,4.0,0.003464393
2021-22,5,223,Adrian,GK,LIV,4.5,0.000922601
2021-22,5,574,Elliot,GK,WAT,4.0,0.005702761
2021-22,5,237,Trent,DEF,LIV,7.5,5.82749987
2021-22,5,234,Robertson,DEF,LIV,7.0,5.213536167
2021-22,5,256,Cancelo,DEF,MCI,6.0,4.663918426
2021-22,5,262,Dias,DEF,MCI,6.0,4.885979174
2021-22,5,229,van Dijk,DEF,LIV,6.5,4.842427033
2021-22,5,142,R James,DEF,CHE,5.6,3.529678015
2021-22,5,275,Shaw,DEF,MUN,5.5,3.705268966
2021-22,5,437,Semedo,DEF,WOL,4.9,4.383669575
2021-22,5,127,Rudiger,DEF,CHE,5.5,3.239089315
2021-22,5,168,Digne,DEF,EVE,5.4,3.40523435
2021-22,5,288,Wan-Bissaka,DEF,MUN,5.5,3.409884888
2021-22,5,59,Dunk,DEF,BHA,5.0,3.761679548
2021-22,5,249,Walker,DEF,MCI,5.5,3.750929086
2021-22,5,119,Azpilicueta,DEF,CHE,6.0,2.964961838
2021-22,5,273,Maguire,DEF,MUN,5.5,3.182343048
2021-22,5,428,Boly,DEF,WOL,4.9,3.781096434
2021-22,5,555,Varane,DEF,MUN,5.5,3.1208599
2021-22,5,431,Saiss,DEF,WOL,5.0,3.370455
2021-22,5,16,Tierney,DEF,ARS,4.9,3.222370852
2021-22,5,135,Chilwell,DEF,CHE,5.7,2.287384792
2021-22,5,429,Coady,DEF,WOL,4.5,3.723053007
2021-22,5,463,Firpo,DEF,LEE,4.9,3.36722259
2021-22,5,584,Cucurella,DEF,BHA,5.0,3.492114092
2021-22,5,259,Laporte,DEF,MCI,5.5,2.386132484
2021-22,5,292,Ritchie,DEF,NEW,5.0,3.141370804
2021-22,5,370,Reguilon,DEF,TOT,5.2,2.913498008
2021-22,5,411,A Cresswell,DEF,WHU,5.5,2.854393707
2021-22,5,23,Gabriel,DEF,ARS,5.0,2.97229363
2021-22,5,185,Ayling,DEF,LEE,4.5,3.112112593
2021-22,5,122,Alonso,DEF,CHE,5.7,1.872173676
2021-22,5,67,B White,DEF,ARS,4.4,3.050132826
2021-22,5,61,Webster,DEF,BHA,4.5,2.627652947
2021-22,5,217,Soyuncu,DEF,LEI,5.0,3.069480489
2021-22,5,201,Evans,DEF,LEI,5.4,2.007444258
2021-22,5,98,Tarkowski,DEF,BUR,5.0,3.195685377
2021-22,5,62,Veltman,DEF,BHA,4.4,3.31746825
2021-22,5,418,Coufal,DEF,WHU,5.0,2.802528608
2021-22,5,224,Matip,DEF,LIV,5.0,2.759863665
2021-22,5,432,Marcal,DEF,WOL,4.5,3.453635543
2021-22,5,133,Christensen,DEF,CHE,5.0,2.091947701
2021-22,5,590,Tomiyasu,DEF,ARS,4.5,2.806075768
2021-22,5,45,Konsa,DEF,AVL,5.0,3.403306249
2021-22,5,169,Keane,DEF,EVE,5.0,2.615105212
2021-22,5,121,T Silva,DEF,CHE,5.4,1.980221626
2021-22,5,264,Zinchenko,DEF,MCI,5.4,2.455945423
2021-22,5,44,Cash,DEF,AVL,5.0,3.401539826
2021-22,5,252,Stones,DEF,MCI,5.3,1.529148307
2021-22,5,38,Mings,DEF,AVL,5.0,3.278131279
2021-22,5,588,Emerson R,DEF,TOT,5.0,2.398597976
2021-22,5,207,R Pereira,DEF,LEI,5.5,2.16848019
2021-22,5,465,F Fernandez,DEF,NEW,4.5,2.580314447
2021-22,5,39,Targett,DEF,AVL,4.9,3.091794337
2021-22,5,106,Mee,DEF,BUR,4.9,2.926621472
2021-22,5,91,Pinnock,DEF,BRE,4.6,2.910516319
2021-22,5,299,Lascelles,DEF,NEW,4.5,2.506296612
2021-22,5,326,Aarons,DEF,NOR,4.5,3.543987094
2021-22,5,305,Schar,DEF,NEW,4.4,2.510672462
2021-22,5,409,Ogbonna,DEF,WHU,5.0,2.433946956
2021-22,5,494,Romero,DEF,TOT,4.9,2.265833032
2021-22,5,175,Mina,DEF,EVE,4.9,2.313794318
2021-22,5,460,Perraud,DEF,SOU,5.0,1.27226192
2021-22,5,184,Cooper,DEF,LEE,4.5,2.930708502
2021-22,5,209,Castagne,DEF,LEI,5.4,1.575178903
2021-22,5,128,Zouma,DEF,WHU,5.4,2.08807647
2021-22,5,162,Mitchell,DEF,CRY,4.5,1.395165703
2021-22,5,488,Andersen,DEF,CRY,4.5,1.387365034
2021-22,5,361,Dier,DEF,TOT,4.6,1.806776904
2021-22,5,190,Llorente,DEF,LEE,4.5,0.14036864
2021-22,5,473,Bertrand,DEF,LEI,4.9,1.588183556
2021-22,5,76,Jansson,DEF,BRE,4.6,2.711906219
2021-22,5,179,Godfrey,DEF,EVE,4.9,2.337573103
2021-22,5,343,Bednarek,DEF,SOU,4.4,1.23116321
2021-22,5,340,Vestergaard,DEF,LEI,4.9,1.268374164
2021-22,5,483,Ajer,DEF,BRE,4.5,2.660445426
2021-22,5,477,Guehi,DEF,CRY,4.5,1.32027299
2021-22,5,165,Coleman,DEF,EVE,5.0,2.208388107
2021-22,5,56,Duffy,DEF,BHA,4.2,2.946453337
2021-22,5,110,Lowton,DEF,BUR,4.5,2.443741683
2021-22,5,113,Taylor,DEF,BUR,4.5,2.466725709
2021-22,5,580,Kabak,DEF,NOR,4.5,2.724367794
2021-22,5,456,Gibson,DEF,NOR,4.5,2.332978421
2021-22,5,396,Sierralta,DEF,WAT,4.4,2.46918757
2021-22,5,11,Kolasinac,DEF,ARS,4.4,1.468645591
2021-22,5,474,J Ward,DEF,CRY,4.5,1.269017424
2021-22,5,150,Kouyate,DEF,CRY,4.5,1.313013206
2021-22,5,83,Henry,DEF,BRE,4.5,1.981295845
2021-22,5,367,D Sanchez,DEF,TOT,4.5,1.752707483
2021-22,5,243,Konate,DEF,LIV,5.2,1.241061357
2021-22,5,238,Gomez,DEF,LIV,4.9,1.217097937
2021-22,5,258,Ake,DEF,MCI,4.9,1.453998295
2021-22,5,198,Struijk,DEF,LEE,4.5,0.0
2021-22,5,319,Hanley,DEF,NOR,4.5,2.108095638
2021-22,5,178,Holgate,DEF,EVE,4.5,1.522459431
2021-22,5,71,Lamptey,DEF,BHA,4.5,0.129167811
2021-22,5,342,Walker-Peters,DEF,SOU,4.9,0.673322755
2021-22,5,491,Livramento,DEF,SOU,4.1,0.928225744
2021-22,5,290,B Williams,DEF,NOR,4.0,3.161264094
2021-22,5,585,C Roberts,DEF,BUR,4.9,0.439392924
2021-22,5,390,Masina,DEF,WAT,4.5,2.289062905
2021-22,5,387,Troost-Ekong,DEF,WAT,4.5,2.335567528
2021-22,5,338,J Stephens,DEF,SOU,4.5,0.681850299
2021-22,5,382,Femenia,DEF,WAT,4.4,1.958716382
2021-22,5,414,Dawson,DEF,WHU,5.0,0.800323916
2021-22,5,439,Kilman,DEF,WOL,4.5,0.983407147
2021-22,5,301,Dummett,DEF,NEW,4.5,0.714704712
2021-22,5,52,Young,DEF,AVL,5.0,0.880650126
2021-22,5,567,Lyanco,DEF,SOU,4.5,0.506938276
2021-22,5,245,Tsimikas,DEF,LIV,4.1,0.602241874
2021-22,5,470,Ait-Nouri,DEF,WOL,4.4,0.567608862
2021-22,5,284,Lindelof,DEF,MUN,5.0,0.395706912
2021-22,5,219,L Thomas,DEF,LEI,4.5,0.885629702
2021-22,5,14,Holding,DEF,ARS,4.3,0.158915689
2021-22,5,283,Tuanzebe,DEF,AVL,4.5,1.52977313
2021-22,5,293,Clark,DEF,NEW,4.4,0.450125615
2021-22,5,5,Cedric,DEF,ARS,4.4,0.440328869
2021-22,5,8,Mari,DEF,ARS,4.5,0.335772652
2021-22,5,351,Salisu,DEF,SOU,4.5,0.467557798
2021-22,5,360,Doherty,DEF,TOT,4.9,0.306766946
2021-22,5,194,Koch,DEF,LEE,4.4,0.061480612
2021-22,5,58,Burn,DEF,BHA,4.4,0.149177595
2021-22,5,371,Tanganga,DEF,TOT,4.6,0.0
2021-22,5,279,Telles,DEF,MUN,5.0,0.075540302
2021-22,5,379,Cathcart,DEF,WAT,4.5,0.880054762
2021-22,5,10,Chambers,DEF,ARS,4.4,0.246624815
2021-22,5,303,Krafth,DEF,NEW,4.4,0.406042716
2021-22,5,417,Masuaku,DEF,WHU,4.4,0.995211857
2021-22,5,374,Rodon,DEF,TOT,4.4,0.412184659
2021-22,5,208,Amartey,DEF,LEI,4.1,0.941180313
2021-22,5,510,Dalot,DEF,MUN,4.5,0.268517025
2021-22,5,89,Roerslev,DEF,BRE,4.4,0.725190553
2021-22,5,446,Mosquera,DEF,WOL,4.5,0.316726567
2021-22,5,147,Tomkins,DEF,CRY,4.4,0.158818164
2021-22,5,384,Kabasele,DEF,WAT,4.5,0.394916023
2021-22,5,90,M Sorensen,DEF,BRE,4.4,0.062706604
2021-22,5,527,T Chalobah,DEF,CHE,4.9,0.282106965
2021-22,5,286,Bailly,DEF,MUN,5.0,0.144600056
2021-22,5,36,Hause,DEF,AVL,4.4,0.1797874
2021-22,5,443,Hoever,DEF,WOL,4.0,0.411315639
2021-22,5,311,Lewis,DEF,NEW,4.4,0.251042164
2021-22,5,364,Ben T Davies,DEF,TOT,4.0,0.659595271
2021-22,5,457,Giannoulis,DEF,NOR,4.4,0.074522463
2021-22,5,246,N Williams,DEF,LIV,4.0,0.140086467
2021-22,5,368,Sessegnon,DEF,TOT,4.4,0.178650763
2021-22,5,331,Omobamidele,DEF,NOR,4.0,0.314713526
2021-22,5,327,J Sorensen,DEF,NOR,4.4,0.465379525
2021-22,5,302,Manquillo,DEF,NEW,4.0,0.237194952
2021-22,5,424,Diop,DEF,WHU,4.4,0.225143677
2021-22,5,501,M Sarr,DEF,CHE,6.0,0.072339496
2021-22,5,103,K Long,DEF,BUR,4.0,0.061809592
2021-22,5,158,Jach,DEF,CRY,4.4,0.072292331
2021-22,5,493,Clyne,DEF,CRY,4.5,0.264129727
2021-22,5,87,Goode,DEF,BRE,4.0,0.128931996
2021-22,5,377,Rose,DEF,WAT,4.4,0.460663709
2021-22,5,321,Byram,DEF,NOR,4.4,0.063804311
2021-22,5,498,Thompson,DEF,BRE,4.5,0.120862574
2021-22,5,425,Johnson,DEF,WHU,4.0,0.403411524
2021-22,5,218,Justin,DEF,LEI,4.9,0.0
2021-22,5,466,Tavares,DEF,ARS,4.4,0.032665267
2021-22,5,544,Branthwaite,DEF,EVE,4.0,0.056557765
2021-22,5,241,N Phillips,DEF,LIV,5.0,0.019786609
2021-22,5,562,Drameh,DEF,LEE,4.0,0.123553326
2021-22,5,99,Bardsley,DEF,BUR,4.0,0.059618376
2021-22,5,563,C Cresswell,DEF,LEE,5.5,0.12083934
2021-22,5,410,Reid,DEF,WHU,4.0,0.027901673
2021-22,5,324,Zimmermann,DEF,NOR,4.4,0.07126772
2021-22,5,560,H Roberts,DEF,BHA,4.9,0.013203483
2021-22,5,451,Collins,DEF,BUR,4.4,0.059926965
2021-22,5,565,Dodgson,DEF,BUR,4.0,0.060882681
2021-22,5,546,Valery,DEF,SOU,4.0,0.031243884
2021-22,5,151,Kelly,DEF,CRY,4.0,0.033357506
2021-22,5,534,B Thomas,DEF,BUR,4.5,0.055216817
2021-22,5,220,Fofana,DEF,LEI,4.4,0.0
2021-22,5,161,Ferguson,DEF,CRY,4.5,0.0
2021-22,5,433,Jonny,DEF,WOL,4.5,0.0
2021-22,5,594,Zanka,DEF,BRE,4.5,0.0
2021-22,5,554,J Baptiste,DEF,WHU,5.0,0.004785841
2021-22,5,598,Omole,DEF,TOT,4.0,0.004412322
2021-22,5,569,Stevens,DEF,BRE,4.0,0.027060214
2021-22,5,515,Mumba,DEF,NOR,4.0,0.005176275
2021-22,5,400,Ngakia,DEF,WAT,4.4,0.053878887
2021-22,5,502,Kenny,DEF,EVE,4.5,0.023505009
2021-22,5,540,Hannam,DEF,CRY,4.0,0.009343955
2021-22,5,100,Pieters,DEF,BUR,4.4,0.103597086
2021-22,5,415,Fredericks,DEF,WHU,4.5,0.175295107
2021-22,5,233,Salah,MID,LIV,12.5,7.198274733
2021-22,5,230,Mane,MID,LIV,11.9,5.86088196
2021-22,5,277,Fernandes,MID,MUN,12.0,4.528065605
2021-22,5,359,Son,MID,TOT,10.1,1.353813711
2021-22,5,251,De Bruyne,MID,MCI,11.9,3.594472593
2021-22,5,196,Raphinha,MID,LEE,6.5,4.034772504
2021-22,5,363,Alli,MID,TOT,6.5,3.598026721
2021-22,5,240,Jota,MID,LIV,7.6,5.246444507
2021-22,5,255,Sterling,MID,MCI,10.9,4.400347865
2021-22,5,154,Zaha,MID,CRY,6.9,3.30237522
2021-22,5,215,H Barnes,MID,LEI,6.8,3.314891902
2021-22,5,399,I Sarr,MID,WAT,6.0,4.013160576
2021-22,5,138,Mount,MID,CHE,7.5,3.432802157
2021-22,5,267,Harrison,MID,LEE,5.9,3.464408814
2021-22,5,485,Sancho,MID,MUN,9.2,3.546174312
2021-22,5,422,Soucek,MID,WHU,6.0,3.321841377
2021-22,5,254,Mahrez,MID,MCI,8.9,4.016272389
2021-22,5,341,Ward-Prowse,MID,SOU,6.5,2.690831005
2021-22,5,64,Trossard,MID,BHA,6.4,3.536813646
2021-22,5,33,Grealish,MID,MCI,8.0,3.651957148
2021-22,5,17,Pepe,MID,ARS,7.2,3.157592514
2021-22,5,55,Gross,MID,BHA,6.0,2.278603402
2021-22,5,212,Maddison,MID,LEI,6.8,2.878262152
2021-22,5,188,Dallas,MID,LEE,5.5,3.431911092
2021-22,5,210,Tielemans,MID,LEI,6.5,2.961686303
2021-22,5,419,Benrahma,MID,WHU,6.4,3.131294573
2021-22,5,272,Pogba,MID,MUN,7.7,3.178505119
2021-22,5,141,Havertz,MID,CHE,8.3,2.87607947
2021-22,5,435,A Traore,MID,WOL,6.0,3.44540246
2021-22,5,420,Bowen,MID,WHU,6.4,3.346445968
2021-22,5,268,Torres,MID,MCI,7.1,3.282707467
2021-22,5,289,M Greenwood,MID,MUN,7.7,3.591874096
2021-22,5,19,Willock,MID,NEW,6.0,3.851046185
2021-22,5,423,Fornals,MID,WHU,6.0,2.98487502
2021-22,5,173,Doucoure,MID,EVE,5.5,2.962252311
2021-22,5,43,Buendia,MID,AVL,6.4,2.998866978
2021-22,5,250,Gundogan,MID,MCI,7.3,3.034612528
2021-22,5,118,McNeil,MID,BUR,5.9,3.060413166
2021-22,5,304,Murphy,MID,NEW,5.0,3.05848024
2021-22,5,22,Saka,MID,ARS,6.3,2.72108666
2021-22,5,96,Mbeumo,MID,BRE,5.5,2.589391715
2021-22,5,325,Cantwell,MID,NOR,5.5,3.30599227
2021-22,5,308,Almiron,MID,NEW,5.4,3.289107568
2021-22,5,484,D Gray,MID,EVE,5.6,2.767467535
2021-22,5,107,Westwood,MID,BUR,5.4,2.887967358
2021-22,5,436,Neves,MID,WOL,5.5,3.062768146
2021-22,5,492,Bailey,MID,AVL,6.4,2.962601085
2021-22,5,81,Canos,MID,BRE,5.5,2.529080616
2021-22,5,449,Rashica,MID,NOR,5.4,3.051697682
2021-22,5,291,Shelvey,MID,NEW,5.4,1.059241705
2021-22,5,461,Trincao,MID,WOL,5.9,2.75053248
2021-22,5,35,McGinn,MID,AVL,6.0,2.943437124
2021-22,5,421,Rice,MID,WHU,5.0,2.601546875
2021-22,5,426,Moutinho,MID,WOL,5.0,2.916382654
2021-22,5,281,Rashford,MID,MUN,9.4,0.0
2021-22,5,222,J Henderson,MID,LIV,5.0,2.718118107
2021-22,5,123,Jorginho,MID,CHE,6.0,2.534659891
2021-22,5,261,B Silva,MID,MCI,6.9,2.682052036
2021-22,5,32,B Traore,MID,AVL,6.0,2.737927167
2021-22,5,216,Ndidi,MID,LEI,5.0,2.460547316
2021-22,5,365,Hojbjerg,MID,TOT,5.0,2.500195041
2021-22,5,587,Lookman,MID,LEI,6.0,1.933883253
2021-22,5,362,Lucas Moura,MID,TOT,6.5,2.681330588
2021-22,5,266,Rodri,MID,MCI,5.5,2.480712312
2021-22,5,265,Foden,MID,MCI,7.9,1.552706474
2021-22,5,232,Fabinho,MID,LIV,5.4,2.611869507
2021-22,5,471,Lees-Melou,MID,NOR,5.0,2.115828535
2021-22,5,225,Thiago,MID,LIV,5.4,2.446516512
2021-22,5,391,Sema,MID,WAT,5.4,2.321854357
2021-22,5,482,Townsend,MID,EVE,5.5,2.331571633
2021-22,5,339,S Armstrong,MID,SOU,5.8,0.32151083
2021-22,5,191,K Phillips,MID,LEE,5.0,2.558166573
2021-22,5,137,Pulisic,MID,CHE,7.9,0.105905864
2021-22,5,70,Bissouma,MID,BHA,4.6,2.442498398
2021-22,5,21,Smith Rowe,MID,ARS,5.4,2.161859224
2021-22,5,171,Allan,MID,EVE,4.5,2.325734929
2021-22,5,144,Gallagher,MID,CRY,5.5,2.104871643
2021-22,5,77,Norgaard,MID,BRE,5.0,2.281035812
2021-22,5,131,Ziyech,MID,CHE,7.4,1.850812644
2021-22,5,7,Xhaka,MID,ARS,4.9,0.0
2021-22,5,558,Odegaard,MID,ARS,5.5,1.958129854
2021-22,5,152,Milivojevic,MID,CRY,5.4,1.245857052
2021-22,5,578,Cornet,MID,BUR,6.0,1.074645392
2021-22,5,86,Jensen,MID,BRE,4.9,2.04079932
2021-22,5,369,Bergwijn,MID,TOT,6.0,1.733568298
2021-22,5,101,Cork,MID,BUR,4.5,2.244236608
2021-22,5,285,McTominay,MID,MUN,5.4,1.10399037
2021-22,5,274,Fred,MID,MUN,5.0,2.356051382
2021-22,5,50,Douglas Luiz,MID,AVL,4.5,2.36680565
2021-22,5,373,Skipp,MID,TOT,4.5,2.219580405
2021-22,5,381,Cleverley,MID,WAT,5.0,2.289276681
2021-22,5,53,Lallana,MID,BHA,5.4,2.55234097
2021-22,5,186,Klich,MID,LEE,5.5,2.324643821
2021-22,5,335,Romeu,MID,SOU,4.5,1.940588648
2021-22,5,464,Olise,MID,CRY,5.4,1.873786002
2021-22,5,318,McLean,MID,NOR,4.9,2.239564307
2021-22,5,495,Kucka,MID,WAT,5.5,1.70922673
2021-22,5,517,Elyounoussi,MID,SOU,5.5,1.776270469
2021-22,5,42,El Ghazi,MID,AVL,6.0,1.230108551
2021-22,5,145,Gilmour,MID,NOR,4.5,2.409862593
2021-22,5,306,Hayden,MID,NEW,4.5,2.386851841
2021-22,5,211,Perez,MID,LEI,5.9,0.0
2021-22,5,115,Brownhill,MID,BUR,4.5,2.047907744
2021-22,5,108,Gudmundsson,MID,BUR,5.5,2.219009595
2021-22,5,582,Vlasic,MID,WHU,6.0,1.561104135
2021-22,5,148,McArthur,MID,CRY,4.5,1.797688977
2021-22,5,60,March,MID,BHA,5.4,0.909459836
2021-22,5,317,Rupp,MID,NOR,4.5,1.856539759
2021-22,5,130,Kante,MID,CHE,4.9,1.637338942
2021-22,5,15,Partey,MID,ARS,5.0,2.375832265
2021-22,5,239,Keita,MID,LIV,5.0,1.373219654
2021-22,5,193,T Roberts,MID,LEE,4.9,2.310830927
2021-22,5,26,Martinelli,MID,ARS,5.4,0.801142726
2021-22,5,84,Janelt,MID,BRE,5.0,1.882540529
2021-22,5,462,Mwepu,MID,BHA,5.9,0.88700011
2021-22,5,467,Etebo,MID,WAT,4.5,2.107935491
2021-22,5,332,Walcott,MID,SOU,5.9,0.699089469
2021-22,5,125,Kovacic,MID,CHE,5.0,1.63865751
2021-22,5,592,Saul,MID,CHE,5.5,0.718592502
2021-22,5,74,Mac Allister,MID,BHA,5.5,2.056611569
2021-22,5,323,Dowell,MID,NOR,5.4,2.088510722
2021-22,5,438,Podence,MID,WOL,5.5,1.49667983
2021-22,5,166,James Rodriguez,MID,EVE,5.6,0.0
2021-22,5,478,Lokonga,MID,ARS,5.0,2.157560265
2021-22,5,82,Dasilva,MID,BRE,5.4,0.098725653
2021-22,5,372,Lo Celso,MID,TOT,5.9,1.202806877
2021-22,5,524,Wissa,MID,BRE,6.0,0.38900259
2021-22,5,336,Redmond,MID,SOU,5.9,1.191416309
2021-22,5,75,Moder,MID,BHA,4.5,1.198088571
2021-22,5,140,Hudson-Odoi,MID,CHE,5.4,0.919148515
2021-22,5,155,Schlupp,MID,CRY,5.4,0.0
2021-22,5,276,Lingard,MID,MUN,6.9,0.549966328
2021-22,5,34,Sanson,MID,AVL,5.0,1.271603773
2021-22,5,453,Fernandinho,MID,MCI,5.0,0.975859779
2021-22,5,412,Yarmolenko,MID,WHU,5.4,2.405790169
2021-22,5,350,Djenepo,MID,SOU,5.5,1.606405919
2021-22,5,202,Albrighton,MID,LEI,5.4,0.922260411
2021-22,5,416,Lanzini,MID,WHU,5.9,1.433167315
2021-22,5,487,Bryan Gil,MID,TOT,5.9,0.42645735
2021-22,5,244,C Jones,MID,LIV,5.0,1.533418733
2021-22,5,328,Placheta,MID,NOR,4.9,0.592337159
2021-22,5,287,D James,MID,LEE,5.6,1.587982104
2021-22,5,528,Tzolis,MID,NOR,5.0,1.022110816
2021-22,5,160,Eze,MID,CRY,5.9,0.0
2021-22,5,354,Sissoko,MID,WAT,4.5,1.851063887
2021-22,5,282,van de Beek,MID,MUN,5.8,0.318499923
2021-22,5,124,Barkley,MID,CHE,5.4,0.030101499
2021-22,5,459,Mata,MID,MUN,4.9,0.030786835
2021-22,5,298,Fraser,MID,NEW,5.4,0.638107934
2021-22,5,132,Loftus-Cheek,MID,CHE,5.4,0.026950562
2021-22,5,174,Iwobi,MID,EVE,5.9,0.822575923
2021-22,5,479,Onyeka,MID,BRE,5.0,1.655689768
2021-22,5,347,Smallbone,MID,SOU,4.5,0.0
2021-22,5,599,J White,MID,NEW,4.5,0.0
2021-22,5,506,Elliott,MID,LIV,5.5,0.0
2021-22,5,37,Trezeguet,MID,AVL,5.5,0.0
2021-22,5,441,Neto,MID,WOL,6.4,0.0
2021-22,5,551,Summerville,MID,LEE,4.5,0.025870268
2021-22,5,597,Markanday,MID,TOT,4.5,0.004243672
2021-22,5,512,Elanga,MID,MUN,4.9,0.024544193
2021-22,5,547,Cundle,MID,WOL,4.5,0.009491176
2021-22,5,548,Campbell,MID,WOL,4.5,0.009079103
2021-22,5,375,Ndombele,MID,TOT,5.8,0.098116912
2021-22,5,271,Matic,MID,MUN,4.5,0.420395158
2021-22,5,543,Banks,MID,CRY,4.5,0.012364851
2021-22,5,507,Palmer,MID,MCI,4.5,0.024448423
2021-22,5,576,McCarron,MID,LEE,4.5,0.022351643
2021-22,5,508,Edozie,MID,MCI,5.0,0.021262328
2021-22,5,537,Richards,MID,BHA,4.5,0.15492765
2021-22,5,505,Dewsbury-Hall,MID,LEI,4.5,0.042068278
2021-22,5,236,Minamino,MID,LIV,5.3,0.474013192
2021-22,5,93,Zamburek,MID,BRE,4.5,0.041218136
2021-22,5,405,Baah,MID,WAT,4.5,0.041514637
2021-22,5,541,Rak-Sakyi,MID,CRY,4.5,0.023066038
2021-22,5,496,A Ramsey,MID,AVL,4.5,0.04034513
2021-22,5,434,Dendoncker,MID,WOL,4.9,1.37882862
2021-22,5,552,Forshaw,MID,LEE,4.5,0.040683732
2021-22,5,297,Hendrick,MID,NEW,4.9,0.548790481
2021-22,5,497,Philogene-Bidace,MID,AVL,5.0,0.090705415
2021-22,5,73,Alzate,MID,BHA,5.0,0.299685081
2021-22,5,79,Fosu,MID,BRE,5.3,0.177676724
2021-22,5,386,Hughes,MID,CRY,4.9,0.171159238
2021-22,5,557,Tufan,MID,WAT,5.0,0.296778434
2021-22,5,12,Elneny,MID,ARS,4.5,0.087079439
2021-22,5,203,N Mendy,MID,LEI,6.0,0.036422664
2021-22,5,13,Maitland-Niles,MID,ARS,5.4,0.957049701
2021-22,5,499,S Baptiste,MID,BRE,5.0,0.890948957
2021-22,5,97,Bidstrup,MID,BRE,4.5,0.373832455
2021-22,5,176,T Davies,MID,EVE,4.0,0.689787061
2021-22,5,403,Louza,MID,WAT,5.4,0.678665101
2021-22,5,214,Choudhury,MID,LEI,4.5,0.120633789
2021-22,5,575,Lennon,MID,BUR,5.0,0.282220223
2021-22,5,85,Ghoddos,MID,BRE,5.4,0.657587628
2021-22,5,227,Chamberlain,MID,LIV,5.9,0.406523321
2021-22,5,378,Gosling,MID,WAT,4.9,0.339822504
2021-22,5,526,Chukwuemeka,MID,AVL,4.5,0.046303619
2021-22,5,503,Gordon,MID,EVE,4.5,0.161028944
2021-22,5,458,Soumare,MID,LEI,4.9,0.864704242
2021-22,5,197,Shackleton,MID,LEE,4.5,0.699841136
2021-22,5,157,Riedewald,MID,CRY,4.9,0.23959601
2021-22,5,102,D Stephens,MID,BUR,4.5,0.037648983
2021-22,5,504,Gbamin,MID,EVE,4.5,0.14736442
2021-22,5,309,S Longstaff,MID,NEW,4.5,1.100528301
2021-22,5,163,Delph,MID,EVE,4.5,0.037060256
2021-22,5,406,Noble,MID,WHU,4.5,0.742970491
2021-22,5,346,Tella,MID,SOU,4.9,0.58320386
2021-22,5,581,Normann,MID,NOR,4.5,0.492099479
2021-22,5,589,Kral,MID,WHU,4.5,0.15862042
2021-22,5,51,J Ramsey,MID,AVL,4.5,0.543475717
2021-22,5,41,Nakamba,MID,AVL,4.5,0.531634207
2021-22,5,221,Milner,MID,LIV,4.9,0.874818742
2021-22,5,366,Winks,MID,TOT,4.5,0.923240966
2021-22,5,172,Gomes,MID,EVE,4.9,1.516449398
2021-22,5,349,I Diallo,MID,SOU,4.5,1.246659527
2021-22,5,357,Kane,FWD,TOT,12.3,4.858365532
2021-22,5,529,Lukaku,FWD,CHE,11.5,4.39092218
2021-22,5,579,Ronaldo,FWD,MUN,12.5,4.604191058
2021-22,5,205,Vardy,FWD,LEI,10.5,3.904956207
2021-22,5,430,Jimenez,FWD,WOL,7.4,4.726544433
2021-22,5,189,Bamford,FWD,LEE,7.9,4.020842341
2021-22,5,4,Aubameyang,FWD,ARS,9.9,3.802316587
2021-22,5,109,Wood,FWD,BUR,6.9,4.218872983
2021-22,5,413,Antonio,FWD,WHU,7.9,0.0
2021-22,5,180,Richarlison,FWD,EVE,7.5,3.754077266
2021-22,5,315,Pukki,FWD,NOR,5.9,4.392926766
2021-22,5,337,Ings,FWD,AVL,8.0,4.034690771
2021-22,5,78,Toney,FWD,BRE,6.4,3.183375267
2021-22,5,177,Calvert-Lewin,FWD,EVE,8.2,0.072005077
2021-22,5,63,Maupay,FWD,BHA,6.5,3.466331806
2021-22,5,40,Watkins,FWD,AVL,7.3,3.698903227
2021-22,5,263,Jesus,FWD,MCI,8.6,3.514930895
2021-22,5,228,Firmino,FWD,LIV,8.8,0.566810675
2021-22,5,345,Adams,FWD,SOU,7.0,2.52466755
2021-22,5,525,A Armstrong,FWD,SOU,6.0,2.533179909
2021-22,5,187,Rodrigo,FWD,LEE,5.5,3.526814653
2021-22,5,296,Wilson,FWD,NEW,7.5,0.310757471
2021-22,5,447,Welbeck,FWD,BHA,6.0,3.025336228
2021-22,5,6,Lacazette,FWD,ARS,8.4,2.404307118
2021-22,5,307,Saint-Maximin,FWD,NEW,6.5,3.403472043
2021-22,5,278,Martial,FWD,MUN,7.7,2.93588484
2021-22,5,213,Iheanacho,FWD,LEI,7.2,2.625217974
2021-22,5,105,A Barnes,FWD,BUR,6.8,2.575756947
2021-22,5,586,Edouard,FWD,CRY,6.5,2.12275607
2021-22,5,269,Cavani,FWD,MUN,8.4,0.290212462
2021-22,5,149,Benteke,FWD,CRY,6.4,1.876671297
2021-22,5,450,Dennis,FWD,WAT,5.2,2.862198883
2021-22,5,134,Werner,FWD,CHE,8.7,1.352329077
2021-22,5,455,Daka,FWD,LEI,7.2,1.54848765
2021-22,5,591,Rondon,FWD,EVE,6.0,2.040850394
2021-22,5,404,Joao Pedro,FWD,WAT,5.4,0.291442613
2021-22,5,310,Joelinton,FWD,NEW,5.9,2.973817042
2021-22,5,583,Hwang,FWD,WOL,5.5,1.745615196
2021-22,5,468,King,FWD,WAT,5.5,1.32103593
2021-22,5,516,Sargent,FWD,NOR,5.5,0.729024803
2021-22,5,300,Gayle,FWD,NEW,5.4,1.335497657
2021-22,5,153,Ayew,FWD,CRY,5.9,1.825389146
2021-22,5,111,Vydra,FWD,BUR,5.4,1.768291607
2021-22,5,159,Mateta,FWD,CRY,5.4,0.289896806
2021-22,5,533,Richardson,FWD,BUR,4.5,0.003775089
2021-22,5,20,Nketiah,FWD,ARS,5.4,0.050245382
2021-22,5,520,Scarlett,FWD,TOT,4.5,0.008092738
2021-22,5,72,Connolly,FWD,BHA,5.4,0.10652956
2021-22,5,542,Street,FWD,CRY,4.5,0.010612872
2021-22,5,568,Archer,FWD,AVL,4.5,0.020746707
2021-22,5,577,Gelhardt,FWD,LEE,4.5,0.018844541
2021-22,5,519,S Long,FWD,SOU,4.0,0.084966591
2021-22,5,395,Fletcher,FWD,WAT,4.9,0.046038661
2021-22,5,595,Locadia,FWD,BHA,4.5,0.097833888
2021-22,5,550,S Greenwood,FWD,LEE,7.7,0.09397522
2021-22,5,88,Forss,FWD,BRE,5.4,0.991930308
2021-22,5,235,Origi,FWD,LIV,4.9,0.152381414
2021-22,5,530,Balogun,FWD,ARS,5.0,0.090071275
2021-22,5,49,Davis,FWD,AVL,4.5,0.024333671
2021-22,5,329,Idah,FWD,NOR,5.0,0.589266267
2021-22,5,518,Broja,FWD,SOU,5.0,0.682522777
2021-22,5,104,Jay Rodriguez,FWD,BUR,5.5,1.170418713
2021-22,5,445,F Silva,FWD,WOL,5.9,1.589095365
2021-22,5,472,Cucho,FWD,WAT,5.0,1.225366379
2021-22,6,257,Ederson,GK,MCI,6.0,3.748715483
2021-22,6,231,Alisson,GK,LIV,6.0,4.008602934
2021-22,6,143,E Mendy,GK,CHE,6.0,2.376153906
2021-22,6,30,Martinez,GK,AVL,5.5,3.253935405
2021-22,6,69,R Sanchez,GK,BHA,4.5,3.961705099
2021-22,6,112,Pope,GK,BUR,5.5,3.265645691
2021-22,6,199,Meslier,GK,LEE,5.0,3.609894175
2021-22,6,353,Lloris,GK,TOT,5.6,3.341534753
2021-22,6,475,Sa,GK,WOL,5.0,3.313965557
2021-22,6,146,Guaita,GK,CRY,4.5,3.763281575
2021-22,6,200,Schmeichel,GK,LEI,5.0,3.612669792
2021-22,6,280,D Henderson,GK,MUN,5.0,2.817091408
2021-22,6,334,McCarthy,GK,SOU,4.5,3.401240977
2021-22,6,559,Ramsdale,GK,ARS,4.5,2.917708003
2021-22,6,80,Raya,GK,BRE,4.6,2.690290325
2021-22,6,170,Pickford,GK,EVE,5.0,0.0
2021-22,6,295,Dubravka,GK,NEW,4.5,0.0
2021-22,6,489,Areola,GK,WHU,4.9,1.665295242
2021-22,6,314,Krul,GK,NOR,4.5,2.432981926
2021-22,6,408,Fabianski,GK,WHU,5.0,1.571937682
2021-22,6,294,Darlow,GK,NEW,4.5,3.579263504
2021-22,6,270,de Gea,GK,MUN,5.0,1.298141338
2021-22,6,1,Leno,GK,ARS,4.9,0.630090354
2021-22,6,389,Bachmann,GK,WAT,4.5,1.207814094
2021-22,6,481,Begovic,GK,EVE,4.0,3.651578627
2021-22,6,376,Foster,GK,WAT,4.0,2.286820635
2021-22,6,129,Kepa,GK,CHE,4.9,1.193751641
2021-22,6,333,Forster,GK,SOU,4.5,0.445180203
2021-22,6,156,Butland,GK,CRY,4.5,0.138551651
2021-22,6,448,Gunn,GK,NOR,4.0,0.243003776
2021-22,6,480,Hennessey,GK,BUR,4.5,0.030564684
2021-22,6,242,Kelleher,GK,LIV,4.5,0.090739907
2021-22,6,260,Steffen,GK,MCI,4.5,0.055158553
2021-22,6,452,Ruddy,GK,WOL,4.5,0.072626453
2021-22,6,490,Klaesson,GK,LEE,4.5,0.069696575
2021-22,6,486,Gollini,GK,TOT,4.4,0.062541722
2021-22,6,204,D Ward,GK,LEI,4.5,0.069338123
2021-22,6,54,Steele,GK,BHA,4.0,0.072566397
2021-22,6,28,Steer,GK,AVL,4.0,0.052651684
2021-22,6,513,Woodman,GK,NEW,4.5,0.0
2021-22,6,476,Scherpen,GK,BHA,4.5,0.008284986
2021-22,6,514,Gillespie,GK,NEW,4.0,0.07339953
2021-22,6,556,A Fernandez,GK,BRE,4.5,0.029146823
2021-22,6,571,Lonergan,GK,EVE,4.0,0.069648215
2021-22,6,593,Carson,GK,MCI,4.0,0.022929253
2021-22,6,606,Bettinelli,GK,CHE,4.5,0.007462581
2021-22,6,509,Heaton,GK,MUN,4.0,0.008245373
2021-22,6,114,Norris,GK,BUR,4.5,0.031160722
2021-22,6,561,Matthews,GK,CRY,4.0,0.007656203
2021-22,6,573,Jakupovic,GK,LEI,4.0,0.007422738
2021-22,6,407,Randolph,GK,WHU,4.5,0.00581059
2021-22,6,596,Sinisalo,GK,AVL,4.0,0.005501154
2021-22,6,572,Okonkwo,GK,ARS,4.0,0.003235216
2021-22,6,532,Hein,GK,ARS,4.0,0.003228216
2021-22,6,313,McGovern,GK,NOR,4.0,0.005461246
2021-22,6,574,Elliot,GK,WAT,4.0,0.007052254
2021-22,6,223,Adrian,GK,LIV,4.5,0.000798563
2021-22,6,237,Trent,DEF,LIV,7.5,4.719195678
2021-22,6,256,Cancelo,DEF,MCI,6.0,3.658423355
2021-22,6,234,Robertson,DEF,LIV,7.0,4.220922653
2021-22,6,262,Dias,DEF,MCI,6.0,3.537226025
2021-22,6,229,van Dijk,DEF,LIV,6.5,3.924722061
2021-22,6,275,Shaw,DEF,MUN,5.5,4.409244393
2021-22,6,127,Rudiger,DEF,CHE,5.5,3.055351049
2021-22,6,119,Azpilicueta,DEF,CHE,6.0,2.914389636
2021-22,6,59,Dunk,DEF,BHA,5.0,4.19120467
2021-22,6,168,Digne,DEF,EVE,5.4,4.232605688
2021-22,6,437,Semedo,DEF,WOL,4.9,3.437211664
2021-22,6,142,R James,DEF,CHE,5.6,2.177862275
2021-22,6,288,Wan-Bissaka,DEF,MUN,5.5,4.092855775
2021-22,6,249,Walker,DEF,MCI,5.5,3.121273278
2021-22,6,273,Maguire,DEF,MUN,5.5,3.954086245
2021-22,6,555,Varane,DEF,MUN,5.5,3.829164235
2021-22,6,122,Alonso,DEF,CHE,5.7,2.979298854
2021-22,6,370,Reguilon,DEF,TOT,5.2,2.803661735
2021-22,6,584,Cucurella,DEF,BHA,5.0,3.737544762
2021-22,6,431,Saiss,DEF,WOL,5.0,2.625762814
2021-22,6,411,A Cresswell,DEF,WHU,5.5,2.824557128
2021-22,6,259,Laporte,DEF,MCI,5.5,1.786398996
2021-22,6,292,Ritchie,DEF,NEW,5.0,3.486764157
2021-22,6,16,Tierney,DEF,ARS,4.9,3.125807336
2021-22,6,62,Veltman,DEF,BHA,4.4,3.698422212
2021-22,6,135,Chilwell,DEF,CHE,5.7,0.945107546
2021-22,6,201,Evans,DEF,LEI,5.4,3.47898584
2021-22,6,463,Firpo,DEF,LEE,4.9,3.424431917
2021-22,6,418,Coufal,DEF,WHU,5.0,2.783999138
2021-22,6,428,Boly,DEF,WOL,4.9,2.630909536
2021-22,6,429,Coady,DEF,WOL,4.5,2.949549241
2021-22,6,98,Tarkowski,DEF,BUR,5.0,2.493639939
2021-22,6,169,Keane,DEF,EVE,5.0,3.982715573
2021-22,6,217,Soyuncu,DEF,LEI,5.0,3.467929088
2021-22,6,23,Gabriel,DEF,ARS,5.0,2.848016324
2021-22,6,588,Emerson R,DEF,TOT,5.0,2.546746143
2021-22,6,67,B White,DEF,ARS,4.4,2.91797073
2021-22,6,121,T Silva,DEF,CHE,5.4,2.312333502
2021-22,6,133,Christensen,DEF,CHE,5.0,2.004739811
2021-22,6,45,Konsa,DEF,AVL,5.0,2.170847931
2021-22,6,224,Matip,DEF,LIV,5.0,2.230415284
2021-22,6,343,Bednarek,DEF,SOU,4.4,3.421268735
2021-22,6,252,Stones,DEF,MCI,5.3,1.225260784
2021-22,6,185,Ayling,DEF,LEE,4.5,1.289072757
2021-22,6,91,Pinnock,DEF,BRE,4.6,2.197495254
2021-22,6,590,Tomiyasu,DEF,ARS,4.5,2.685237133
2021-22,6,175,Mina,DEF,EVE,4.9,3.85525815
2021-22,6,432,Marcal,DEF,WOL,4.5,2.793561545
2021-22,6,488,Andersen,DEF,CRY,4.5,3.1419052
2021-22,6,162,Mitchell,DEF,CRY,4.5,3.141811696
2021-22,6,207,R Pereira,DEF,LEI,5.5,3.051855887
2021-22,6,106,Mee,DEF,BUR,4.9,2.297123151
2021-22,6,38,Mings,DEF,AVL,5.0,2.060536725
2021-22,6,44,Cash,DEF,AVL,5.0,2.022602667
2021-22,6,264,Zinchenko,DEF,MCI,5.4,1.012204595
2021-22,6,494,Romero,DEF,TOT,4.9,2.315188012
2021-22,6,460,Perraud,DEF,SOU,5.0,2.681634895
2021-22,6,409,Ogbonna,DEF,WHU,5.0,2.394784059
2021-22,6,39,Targett,DEF,AVL,4.9,1.858878158
2021-22,6,61,Webster,DEF,BHA,4.5,0.0
2021-22,6,305,Schar,DEF,NEW,4.4,2.966098871
2021-22,6,477,Guehi,DEF,CRY,4.5,3.00839502
2021-22,6,128,Zouma,DEF,WHU,5.4,2.057567527
2021-22,6,361,Dier,DEF,TOT,4.6,1.916405861
2021-22,6,179,Godfrey,DEF,EVE,4.9,3.6088749
2021-22,6,465,F Fernandez,DEF,NEW,4.5,2.862530564
2021-22,6,209,Castagne,DEF,LEI,5.4,1.906811902
2021-22,6,76,Jansson,DEF,BRE,4.6,2.005297047
2021-22,6,190,Llorente,DEF,LEE,4.5,0.900054626
2021-22,6,342,Walker-Peters,DEF,SOU,4.9,2.232841557
2021-22,6,483,Ajer,DEF,BRE,4.5,1.993952045
2021-22,6,474,J Ward,DEF,CRY,4.5,2.870159479
2021-22,6,491,Livramento,DEF,SOU,4.1,2.568396162
2021-22,6,184,Cooper,DEF,LEE,4.5,2.890759347
2021-22,6,56,Duffy,DEF,BHA,4.2,3.502128126
2021-22,6,473,Bertrand,DEF,LEI,4.9,1.915913383
2021-22,6,150,Kouyate,DEF,CRY,4.5,2.618465823
2021-22,6,340,Vestergaard,DEF,LEI,4.9,1.750936324
2021-22,6,71,Lamptey,DEF,BHA,4.5,1.32431175
2021-22,6,293,Clark,DEF,NEW,4.4,2.96100005
2021-22,6,83,Henry,DEF,BRE,4.5,1.265964239
2021-22,6,178,Holgate,DEF,EVE,4.5,2.779815446
2021-22,6,326,Aarons,DEF,NOR,4.5,2.18069873
2021-22,6,113,Taylor,DEF,BUR,4.5,1.954692655
2021-22,6,299,Lascelles,DEF,NEW,4.5,0.0
2021-22,6,110,Lowton,DEF,BUR,4.5,1.915024659
2021-22,6,351,Salisu,DEF,SOU,4.5,2.397300916
2021-22,6,396,Sierralta,DEF,WAT,4.4,3.041696513
2021-22,6,198,Struijk,DEF,LEE,4.5,0.0
2021-22,6,439,Kilman,DEF,WOL,4.5,1.296991766
2021-22,6,11,Kolasinac,DEF,ARS,4.4,1.198580776
2021-22,6,567,Lyanco,DEF,SOU,4.5,1.528658898
2021-22,6,585,C Roberts,DEF,BUR,4.9,0.366594281
2021-22,6,387,Troost-Ekong,DEF,WAT,4.5,3.11795603
2021-22,6,243,Konate,DEF,LIV,5.2,1.002554104
2021-22,6,238,Gomez,DEF,LIV,4.9,0.984349508
2021-22,6,258,Ake,DEF,MCI,4.9,1.041610724
2021-22,6,367,D Sanchez,DEF,TOT,4.5,0.815327592
2021-22,6,319,Hanley,DEF,NOR,4.5,1.717420152
2021-22,6,580,Kabak,DEF,NOR,4.5,1.974547192
2021-22,6,58,Burn,DEF,BHA,4.4,1.60442314
2021-22,6,165,Coleman,DEF,EVE,5.0,0.0
2021-22,6,302,Manquillo,DEF,NEW,4.0,1.671154871
2021-22,6,414,Dawson,DEF,WHU,5.0,0.794182451
2021-22,6,382,Femenia,DEF,WAT,4.4,1.667432978
2021-22,6,283,Tuanzebe,DEF,AVL,4.5,0.0
2021-22,6,470,Ait-Nouri,DEF,WOL,4.4,0.0
2021-22,6,377,Rose,DEF,WAT,4.4,2.43608562
2021-22,6,279,Telles,DEF,MUN,5.0,0.555909954
2021-22,6,245,Tsimikas,DEF,LIV,4.1,0.491308128
2021-22,6,456,Gibson,DEF,NOR,4.5,0.919051903
2021-22,6,284,Lindelof,DEF,MUN,5.0,0.482981545
2021-22,6,14,Holding,DEF,ARS,4.3,0.411119436
2021-22,6,52,Young,DEF,AVL,5.0,0.537335139
2021-22,6,303,Krafth,DEF,NEW,4.4,1.059812314
2021-22,6,301,Dummett,DEF,NEW,4.5,0.072006085
2021-22,6,8,Mari,DEF,ARS,4.5,0.323200822
2021-22,6,219,L Thomas,DEF,LEI,4.5,0.63811063
2021-22,6,194,Koch,DEF,LEE,4.4,0.402174092
2021-22,6,5,Cedric,DEF,ARS,4.4,0.42460867
2021-22,6,417,Masuaku,DEF,WHU,4.4,0.760653943
2021-22,6,379,Cathcart,DEF,WAT,4.5,1.10473819
2021-22,6,390,Masina,DEF,WAT,4.5,1.066892213
2021-22,6,89,Roerslev,DEF,BRE,4.4,0.574377086
2021-22,6,147,Tomkins,DEF,CRY,4.4,0.340212316
2021-22,6,10,Chambers,DEF,ARS,4.4,0.240899871
2021-22,6,594,Zanka,DEF,BRE,4.5,0.386868301
2021-22,6,371,Tanganga,DEF,TOT,4.6,0.348647621
2021-22,6,338,J Stephens,DEF,SOU,4.5,0.0
2021-22,6,510,Dalot,DEF,MUN,4.5,0.325611529
2021-22,6,374,Rodon,DEF,TOT,4.4,0.249603411
2021-22,6,384,Kabasele,DEF,WAT,4.5,0.524505888
2021-22,6,360,Doherty,DEF,TOT,4.9,0.14806473
2021-22,6,400,Ngakia,DEF,WAT,4.4,1.121521462
2021-22,6,218,Justin,DEF,LEI,4.9,0.0
2021-22,6,563,C Cresswell,DEF,LEE,5.5,1.437602259
2021-22,6,493,Clyne,DEF,CRY,4.5,0.544573777
2021-22,6,527,T Chalobah,DEF,CHE,4.9,0.262102616
2021-22,6,286,Bailly,DEF,MUN,5.0,0.176479252
2021-22,6,364,Ben T Davies,DEF,TOT,4.0,0.238775497
2021-22,6,90,M Sorensen,DEF,BRE,4.4,0.047161042
2021-22,6,36,Hause,DEF,AVL,4.4,0.220227459
2021-22,6,208,Amartey,DEF,LEI,4.1,0.170145702
2021-22,6,443,Hoever,DEF,WOL,4.0,0.492752569
2021-22,6,311,Lewis,DEF,NEW,4.4,0.266368002
2021-22,6,424,Diop,DEF,WHU,4.4,0.220038782
2021-22,6,158,Jach,DEF,CRY,4.4,0.157547605
2021-22,6,501,M Sarr,DEF,CHE,6.0,0.067199935
2021-22,6,368,Sessegnon,DEF,TOT,4.4,0.048795601
2021-22,6,246,N Williams,DEF,LIV,4.0,0.030396634
2021-22,6,103,K Long,DEF,BUR,4.0,0.100181731
2021-22,6,457,Giannoulis,DEF,NOR,4.4,0.406569271
2021-22,6,87,Goode,DEF,BRE,4.0,0.098906951
2021-22,6,425,Johnson,DEF,WHU,4.0,0.494406851
2021-22,6,498,Thompson,DEF,BRE,4.5,0.094149326
2021-22,6,502,Kenny,DEF,EVE,4.5,0.291670116
2021-22,6,290,B Williams,DEF,NOR,4.0,1.680169814
2021-22,6,321,Byram,DEF,NOR,4.4,0.046779316
2021-22,6,546,Valery,DEF,SOU,4.0,0.068049834
2021-22,6,466,Tavares,DEF,ARS,4.4,0.031829454
2021-22,6,241,N Phillips,DEF,LIV,5.0,0.016109959
2021-22,6,99,Bardsley,DEF,BUR,4.0,0.047485401
2021-22,6,151,Kelly,DEF,CRY,4.0,0.064817271
2021-22,6,544,Branthwaite,DEF,EVE,4.0,0.03773549
2021-22,6,446,Mosquera,DEF,WOL,4.5,0.0
2021-22,6,560,H Roberts,DEF,BHA,4.9,0.014646759
2021-22,6,562,Drameh,DEF,LEE,4.0,0.060324509
2021-22,6,451,Collins,DEF,BUR,4.4,0.096427623
2021-22,6,331,Omobamidele,DEF,NOR,4.0,0.196600199
2021-22,6,327,J Sorensen,DEF,NOR,4.4,0.146495117
2021-22,6,565,Dodgson,DEF,BUR,4.0,0.004539461
2021-22,6,220,Fofana,DEF,LEI,4.4,0.0
2021-22,6,161,Ferguson,DEF,CRY,4.5,0.0
2021-22,6,433,Jonny,DEF,WOL,4.5,0.0
2021-22,6,554,J Baptiste,DEF,WHU,5.0,0.004635089
2021-22,6,569,Stevens,DEF,BRE,4.0,0.020604114
2021-22,6,534,B Thomas,DEF,BUR,4.5,0.004161949
2021-22,6,598,Omole,DEF,TOT,4.0,0.004182435
2021-22,6,604,Wilson-Esbrand,DEF,MCI,4.0,0.004131364
2021-22,6,603,Mbete,DEF,MCI,4.0,0.004107093
2021-22,6,515,Mumba,DEF,NOR,4.0,0.003678413
2021-22,6,540,Hannam,DEF,CRY,4.0,0.015488331
2021-22,6,324,Zimmermann,DEF,NOR,4.4,0.045305923
2021-22,6,100,Pieters,DEF,BUR,4.4,0.087095285
2021-22,6,415,Fredericks,DEF,WHU,4.5,0.019029312
2021-22,6,233,Salah,MID,LIV,12.5,6.05586511
2021-22,6,359,Son,MID,TOT,10.1,4.642409893
2021-22,6,230,Mane,MID,LIV,11.9,5.042155796
2021-22,6,277,Fernandes,MID,MUN,12.0,5.166616458
2021-22,6,251,De Bruyne,MID,MCI,11.9,3.55129704
2021-22,6,196,Raphinha,MID,LEE,6.5,3.559424412
2021-22,6,363,Alli,MID,TOT,6.5,3.727440721
2021-22,6,154,Zaha,MID,CRY,6.9,4.071086832
2021-22,6,215,H Barnes,MID,LEI,6.8,4.203622865
2021-22,6,255,Sterling,MID,MCI,10.9,2.81777246
2021-22,6,399,I Sarr,MID,WAT,6.0,4.389144564
2021-22,6,341,Ward-Prowse,MID,SOU,6.5,3.653969512
2021-22,6,240,Jota,MID,LIV,7.6,4.13602075
2021-22,6,422,Soucek,MID,WHU,6.0,3.564162668
2021-22,6,55,Gross,MID,BHA,6.0,3.626243215
2021-22,6,485,Sancho,MID,MUN,9.2,3.574993238
2021-22,6,64,Trossard,MID,BHA,6.4,3.405387089
2021-22,6,141,Havertz,MID,CHE,8.3,3.119159395
2021-22,6,212,Maddison,MID,LEI,6.8,3.706757912
2021-22,6,267,Harrison,MID,LEE,5.9,1.522114044
2021-22,6,33,Grealish,MID,MCI,8.0,2.764503175
2021-22,6,254,Mahrez,MID,MCI,8.9,2.447447652
2021-22,6,138,Mount,MID,CHE,7.5,0.0
2021-22,6,17,Pepe,MID,ARS,7.2,3.305809852
2021-22,6,188,Dallas,MID,LEE,5.5,3.706838826
2021-22,6,210,Tielemans,MID,LEI,6.5,3.629527429
2021-22,6,419,Benrahma,MID,WHU,6.4,3.366895155
2021-22,6,272,Pogba,MID,MUN,7.7,3.583653642
2021-22,6,420,Bowen,MID,WHU,6.4,3.230255423
2021-22,6,435,A Traore,MID,WOL,6.0,2.935345844
2021-22,6,289,M Greenwood,MID,MUN,7.7,4.050163195
2021-22,6,173,Doucoure,MID,EVE,5.5,3.803153709
2021-22,6,423,Fornals,MID,WHU,6.0,3.192156516
2021-22,6,43,Buendia,MID,AVL,6.4,2.812719822
2021-22,6,268,Torres,MID,MCI,7.1,2.184708531
2021-22,6,484,D Gray,MID,EVE,5.6,3.88103247
2021-22,6,118,McNeil,MID,BUR,5.9,2.728899496
2021-22,6,96,Mbeumo,MID,BRE,5.5,2.755410783
2021-22,6,22,Saka,MID,ARS,6.3,2.818782192
2021-22,6,250,Gundogan,MID,MCI,7.3,1.156090407
2021-22,6,81,Canos,MID,BRE,5.5,2.688569346
2021-22,6,281,Rashford,MID,MUN,9.4,0.338644044
2021-22,6,107,Westwood,MID,BUR,5.4,2.660066487
2021-22,6,308,Almiron,MID,NEW,5.4,3.194659435
2021-22,6,517,Elyounoussi,MID,SOU,5.5,3.15000734
2021-22,6,436,Neves,MID,WOL,5.5,2.643723925
2021-22,6,421,Rice,MID,WHU,5.0,2.700802625
2021-22,6,222,J Henderson,MID,LIV,5.0,3.000391254
2021-22,6,461,Trincao,MID,WOL,5.9,2.35426097
2021-22,6,492,Bailey,MID,AVL,6.4,1.862861281
2021-22,6,339,S Armstrong,MID,SOU,5.8,0.348906108
2021-22,6,426,Moutinho,MID,WOL,5.0,2.551170502
2021-22,6,19,Willock,MID,NEW,6.0,0.129421398
2021-22,6,365,Hojbjerg,MID,TOT,5.0,2.512237197
2021-22,6,291,Shelvey,MID,NEW,5.4,0.289758888
2021-22,6,35,McGinn,MID,AVL,6.0,2.016622507
2021-22,6,216,Ndidi,MID,LEI,5.0,2.841155712
2021-22,6,123,Jorginho,MID,CHE,6.0,2.222106875
2021-22,6,449,Rashica,MID,NOR,5.4,1.633863731
2021-22,6,587,Lookman,MID,LEI,6.0,2.377597995
2021-22,6,261,B Silva,MID,MCI,6.9,2.115496255
2021-22,6,482,Townsend,MID,EVE,5.5,3.261422974
2021-22,6,362,Lucas Moura,MID,TOT,6.5,1.980521256
2021-22,6,265,Foden,MID,MCI,7.9,1.811428837
2021-22,6,325,Cantwell,MID,NOR,5.5,0.376491402
2021-22,6,144,Gallagher,MID,CRY,5.5,2.450169233
2021-22,6,232,Fabinho,MID,LIV,5.4,2.500334376
2021-22,6,266,Rodri,MID,MCI,5.5,0.969541456
2021-22,6,137,Pulisic,MID,CHE,7.9,0.0
2021-22,6,191,K Phillips,MID,LEE,5.0,2.636563368
2021-22,6,471,Lees-Melou,MID,NOR,5.0,1.700617411
2021-22,6,152,Milivojevic,MID,CRY,5.4,1.870977111
2021-22,6,171,Allan,MID,EVE,4.5,2.728569933
2021-22,6,381,Cleverley,MID,WAT,5.0,2.671884663
2021-22,6,70,Bissouma,MID,BHA,4.6,2.140782865
2021-22,6,7,Xhaka,MID,ARS,4.9,2.327886711
2021-22,6,336,Redmond,MID,SOU,5.9,2.766626718
2021-22,6,77,Norgaard,MID,BRE,5.0,2.175329858
2021-22,6,578,Cornet,MID,BUR,6.0,1.184223909
2021-22,6,21,Smith Rowe,MID,ARS,5.4,2.207454988
2021-22,6,86,Jensen,MID,BRE,4.9,2.096355611
2021-22,6,32,B Traore,MID,AVL,6.0,2.328847986
2021-22,6,335,Romeu,MID,SOU,4.5,2.413268771
2021-22,6,50,Douglas Luiz,MID,AVL,4.5,2.080827854
2021-22,6,285,McTominay,MID,MUN,5.4,1.750278004
2021-22,6,131,Ziyech,MID,CHE,7.4,2.02320089
2021-22,6,558,Odegaard,MID,ARS,5.5,2.005766084
2021-22,6,186,Klich,MID,LEE,5.5,2.83564121
2021-22,6,464,Olise,MID,CRY,5.4,2.130430054
2021-22,6,101,Cork,MID,BUR,4.5,2.204121768
2021-22,6,225,Thiago,MID,LIV,5.4,0.0
2021-22,6,373,Skipp,MID,TOT,4.5,2.149199929
2021-22,6,274,Fred,MID,MUN,5.0,2.434412023
2021-22,6,211,Perez,MID,LEI,5.9,1.520307165
2021-22,6,53,Lallana,MID,BHA,5.4,2.290351741
2021-22,6,306,Hayden,MID,NEW,4.5,2.426405113
2021-22,6,148,McArthur,MID,CRY,4.5,1.939742341
2021-22,6,369,Bergwijn,MID,TOT,6.0,0.205642607
2021-22,6,318,McLean,MID,NOR,4.9,2.247792058
2021-22,6,304,Murphy,MID,NEW,5.0,1.46783545
2021-22,6,582,Vlasic,MID,WHU,6.0,0.821741916
2021-22,6,60,March,MID,BHA,5.4,1.060509997
2021-22,6,354,Sissoko,MID,WAT,4.5,2.371940559
2021-22,6,145,Gilmour,MID,NOR,4.5,2.162287835
2021-22,6,115,Brownhill,MID,BUR,4.5,1.477520291
2021-22,6,108,Gudmundsson,MID,BUR,5.5,1.935751555
2021-22,6,130,Kante,MID,CHE,4.9,1.769862465
2021-22,6,193,T Roberts,MID,LEE,4.9,2.518846916
2021-22,6,592,Saul,MID,CHE,5.5,1.306528399
2021-22,6,287,D James,MID,LEE,5.6,3.164290549
2021-22,6,84,Janelt,MID,BRE,5.0,1.903578664
2021-22,6,372,Lo Celso,MID,TOT,5.9,2.06614709
2021-22,6,495,Kucka,MID,WAT,5.5,1.405936754
2021-22,6,462,Mwepu,MID,BHA,5.9,0.997762688
2021-22,6,26,Martinelli,MID,ARS,5.4,0.833145726
2021-22,6,239,Keita,MID,LIV,5.0,0.0
2021-22,6,82,Dasilva,MID,BRE,5.4,0.214361847
2021-22,6,15,Partey,MID,ARS,5.0,1.849562401
2021-22,6,174,Iwobi,MID,EVE,5.9,2.234671063
2021-22,6,391,Sema,MID,WAT,5.4,1.385049087
2021-22,6,74,Mac Allister,MID,BHA,5.5,1.331271527
2021-22,6,125,Kovacic,MID,CHE,5.0,0.954640855
2021-22,6,524,Wissa,MID,BRE,6.0,0.414259706
2021-22,6,332,Walcott,MID,SOU,5.9,0.19934399
2021-22,6,438,Podence,MID,WOL,5.5,1.319148083
2021-22,6,298,Fraser,MID,NEW,5.4,2.229862009
2021-22,6,453,Fernandinho,MID,MCI,5.0,1.852276651
2021-22,6,75,Moder,MID,BHA,4.5,0.828475616
2021-22,6,140,Hudson-Odoi,MID,CHE,5.4,0.941419629
2021-22,6,317,Rupp,MID,NOR,4.5,1.377046081
2021-22,6,551,Summerville,MID,LEE,4.5,1.563799082
2021-22,6,478,Lokonga,MID,ARS,5.0,0.861020594
2021-22,6,276,Lingard,MID,MUN,6.9,0.46120637
2021-22,6,487,Bryan Gil,MID,TOT,5.9,0.906270287
2021-22,6,42,El Ghazi,MID,AVL,6.0,0.611968893
2021-22,6,416,Lanzini,MID,WHU,5.9,1.389953044
2021-22,6,202,Albrighton,MID,LEI,5.4,0.733265021
2021-22,6,323,Dowell,MID,NOR,5.4,0.976637665
2021-22,6,309,S Longstaff,MID,NEW,4.5,2.37672668
2021-22,6,155,Schlupp,MID,CRY,5.4,0.861425282
2021-22,6,244,C Jones,MID,LIV,5.0,1.95633891
2021-22,6,528,Tzolis,MID,NOR,5.0,1.674863793
2021-22,6,160,Eze,MID,CRY,5.9,0.0
2021-22,6,328,Placheta,MID,NOR,4.9,0.200516214
2021-22,6,479,Onyeka,MID,BRE,5.0,1.625619825
2021-22,6,282,van de Beek,MID,MUN,5.8,0.349337334
2021-22,6,124,Barkley,MID,CHE,5.4,0.027183666
2021-22,6,459,Mata,MID,MUN,4.9,0.033895745
2021-22,6,350,Djenepo,MID,SOU,5.5,1.615332106
2021-22,6,132,Loftus-Cheek,MID,CHE,5.4,0.024871608
2021-22,6,506,Elliott,MID,LIV,5.5,0.0
2021-22,6,37,Trezeguet,MID,AVL,5.5,0.0
2021-22,6,441,Neto,MID,WOL,6.4,0.0
2021-22,6,597,Markanday,MID,TOT,4.5,0.004321836
2021-22,6,375,Ndombele,MID,TOT,5.8,0.099572358
2021-22,6,512,Elanga,MID,MUN,4.9,0.026614092
2021-22,6,601,McKinstry,MID,LEE,4.5,0.003836687
2021-22,6,547,Cundle,MID,WOL,4.5,0.008824001
2021-22,6,605,Lavia,MID,MCI,4.5,0.00356733
2021-22,6,600,Kenneh,MID,LEE,4.5,0.003506334
2021-22,6,548,Campbell,MID,WOL,4.5,0.008539342
2021-22,6,599,J White,MID,NEW,4.5,0.003419273
2021-22,6,543,Banks,MID,CRY,4.5,0.013821072
2021-22,6,271,Matic,MID,MUN,4.5,0.326849949
2021-22,6,507,Palmer,MID,MCI,4.5,0.020669043
2021-22,6,576,McCarron,MID,LEE,4.5,0.022951801
2021-22,6,34,Sanson,MID,AVL,5.0,0.378652397
2021-22,6,176,T Davies,MID,EVE,4.0,1.396751625
2021-22,6,537,Richards,MID,BHA,4.5,0.152662997
2021-22,6,508,Edozie,MID,MCI,5.0,0.019146993
2021-22,6,236,Minamino,MID,LIV,5.3,0.814855339
2021-22,6,505,Dewsbury-Hall,MID,LEI,4.5,0.046693016
2021-22,6,386,Hughes,MID,CRY,4.9,0.098336304
2021-22,6,93,Zamburek,MID,BRE,4.5,0.041489936
2021-22,6,541,Rak-Sakyi,MID,CRY,4.5,0.024516445
2021-22,6,347,Smallbone,MID,SOU,4.5,0.020249267
2021-22,6,496,A Ramsey,MID,AVL,4.5,0.036134536
2021-22,6,499,S Baptiste,MID,BRE,5.0,0.90400055
2021-22,6,79,Fosu,MID,BRE,5.3,0.181136211
2021-22,6,552,Forshaw,MID,LEE,4.5,0.397282102
2021-22,6,73,Alzate,MID,BHA,5.0,0.297950606
2021-22,6,557,Tufan,MID,WAT,5.0,0.56471425
2021-22,6,497,Philogene-Bidace,MID,AVL,5.0,0.079432507
2021-22,6,297,Hendrick,MID,NEW,4.9,0.63906717
2021-22,6,97,Bidstrup,MID,BRE,4.5,0.381651445
2021-22,6,405,Baah,MID,WAT,4.5,0.087705692
2021-22,6,203,N Mendy,MID,LEI,6.0,0.037852302
2021-22,6,12,Elneny,MID,ARS,4.5,0.183934801
2021-22,6,403,Louza,MID,WAT,5.4,0.666183748
2021-22,6,85,Ghoddos,MID,BRE,5.4,0.677786525
2021-22,6,346,Tella,MID,SOU,4.9,0.372771934
2021-22,6,434,Dendoncker,MID,WOL,4.9,1.245459423
2021-22,6,214,Choudhury,MID,LEI,4.5,0.130274444
2021-22,6,378,Gosling,MID,WAT,4.9,0.546307788
2021-22,6,13,Maitland-Niles,MID,ARS,5.4,0.492948913
2021-22,6,575,Lennon,MID,BUR,5.0,0.264184354
2021-22,6,163,Delph,MID,EVE,4.5,0.0
2021-22,6,197,Shackleton,MID,LEE,4.5,0.984329389
2021-22,6,412,Yarmolenko,MID,WHU,5.4,1.074258321
2021-22,6,503,A Gordon,MID,EVE,4.5,0.680038331
2021-22,6,458,Soumare,MID,LEI,4.9,0.950064865
2021-22,6,504,Gbamin,MID,EVE,4.5,0.02007575
2021-22,6,227,Chamberlain,MID,LIV,5.9,0.692935498
2021-22,6,157,Riedewald,MID,CRY,4.9,0.267983984
2021-22,6,406,Noble,MID,WHU,4.5,0.65200163
2021-22,6,102,D Stephens,MID,BUR,4.5,0.073422022
2021-22,6,526,Chukwuemeka,MID,AVL,4.5,0.332654494
2021-22,6,172,Gomes,MID,EVE,4.9,1.38223398
2021-22,6,581,Normann,MID,NOR,4.5,1.676108427
2021-22,6,221,Milner,MID,LIV,4.9,1.873673964
2021-22,6,589,Kral,MID,WHU,4.5,0.246399252
2021-22,6,41,Nakamba,MID,AVL,4.5,0.60137896
2021-22,6,366,Winks,MID,TOT,4.5,0.407865657
2021-22,6,51,J Ramsey,MID,AVL,4.5,0.582121884
2021-22,6,467,Etebo,MID,WAT,4.5,1.771791229
2021-22,6,349,I Diallo,MID,SOU,4.5,0.638143321
2021-22,6,357,Kane,FWD,TOT,12.3,5.207901812
2021-22,6,529,Lukaku,FWD,CHE,11.5,3.765497664
2021-22,6,579,Ronaldo,FWD,MUN,12.5,5.29762403
2021-22,6,205,Vardy,FWD,LEI,10.5,4.987648187
2021-22,6,413,Antonio,FWD,WHU,7.9,4.378343132
2021-22,6,430,Jimenez,FWD,WOL,7.4,3.89417231
2021-22,6,4,Aubameyang,FWD,ARS,9.9,4.017794185
2021-22,6,109,Wood,FWD,BUR,6.9,3.572559451
2021-22,6,177,Calvert-Lewin,FWD,EVE,8.2,0.376900907
2021-22,6,78,Toney,FWD,BRE,6.4,3.621767733
2021-22,6,315,Pukki,FWD,NOR,5.9,3.448442991
2021-22,6,337,Ings,FWD,AVL,8.0,3.010120361
2021-22,6,228,Firmino,FWD,LIV,8.8,2.327670555
2021-22,6,189,Bamford,FWD,LEE,7.9,0.0
2021-22,6,525,A Armstrong,FWD,SOU,6.0,3.293490327
2021-22,6,63,Maupay,FWD,BHA,6.5,3.19755382
2021-22,6,345,Adams,FWD,SOU,7.0,3.345699699
2021-22,6,263,Jesus,FWD,MCI,8.6,2.849957035
2021-22,6,187,Rodrigo,FWD,LEE,5.5,4.192941339
2021-22,6,40,Watkins,FWD,AVL,7.3,2.933959521
2021-22,6,296,Wilson,FWD,NEW,7.5,0.310622374
2021-22,6,447,Welbeck,FWD,BHA,6.0,2.846303737
2021-22,6,180,Richarlison,FWD,EVE,7.5,0.0
2021-22,6,6,Lacazette,FWD,ARS,8.4,2.526149945
2021-22,6,307,Saint-Maximin,FWD,NEW,6.5,3.276694031
2021-22,6,591,Rondon,FWD,EVE,6.0,4.28299417
2021-22,6,213,Iheanacho,FWD,LEI,7.2,2.945217007
2021-22,6,586,Edouard,FWD,CRY,6.5,2.468696428
2021-22,6,468,King,FWD,WAT,5.5,3.2314735
2021-22,6,278,Martial,FWD,MUN,7.7,2.308811556
2021-22,6,105,A Barnes,FWD,BUR,6.8,2.244149431
2021-22,6,269,Cavani,FWD,MUN,8.4,1.534954577
2021-22,6,149,Benteke,FWD,CRY,6.4,2.231574223
2021-22,6,134,Werner,FWD,CHE,8.7,3.005463605
2021-22,6,455,Daka,FWD,LEI,7.2,1.957200653
2021-22,6,450,Dennis,FWD,WAT,5.2,2.745114181
2021-22,6,404,Joao Pedro,FWD,WAT,5.4,1.199088764
2021-22,6,583,Hwang,FWD,WOL,5.5,1.532507852
2021-22,6,310,Joelinton,FWD,NEW,5.9,2.922864811
2021-22,6,516,Sargent,FWD,NOR,5.5,0.927815091
2021-22,6,153,Ayew,FWD,CRY,5.9,1.890781989
2021-22,6,111,Vydra,FWD,BUR,5.4,1.605392332
2021-22,6,159,Mateta,FWD,CRY,5.4,0.331473606
2021-22,6,88,Forss,FWD,BRE,5.4,1.073878455
2021-22,6,602,Simms,FWD,EVE,4.5,0.004337584
2021-22,6,533,Richardson,FWD,BUR,4.5,0.003618468
2021-22,6,520,Scarlett,FWD,TOT,4.5,0.008335825
2021-22,6,20,Nketiah,FWD,ARS,5.4,0.051903615
2021-22,6,72,Connolly,FWD,BHA,5.4,0.20518682
2021-22,6,300,Gayle,FWD,NEW,5.4,0.935541107
2021-22,6,519,S Long,FWD,SOU,4.0,0.097960152
2021-22,6,542,Street,FWD,CRY,4.5,0.011140664
2021-22,6,568,Archer,FWD,AVL,4.5,0.018801213
2021-22,6,577,Gelhardt,FWD,LEE,4.5,0.01953857
2021-22,6,395,Fletcher,FWD,WAT,4.9,0.047416387
2021-22,6,595,Locadia,FWD,BHA,4.5,0.094511153
2021-22,6,550,S Greenwood,FWD,LEE,7.7,0.099285406
2021-22,6,530,Balogun,FWD,ARS,5.0,0.092858064
2021-22,6,235,Origi,FWD,LIV,4.9,0.145645673
2021-22,6,49,Davis,FWD,AVL,4.5,0.039648036
2021-22,6,472,Cucho,FWD,WAT,5.0,0.565055172
2021-22,6,518,Broja,FWD,SOU,5.0,0.823722147
2021-22,6,329,Idah,FWD,NOR,5.0,0.772689437
2021-22,6,104,Jay Rodriguez,FWD,BUR,5.5,1.200478435
2021-22,6,445,F Silva,FWD,WOL,5.9,1.442900012
2021-22,7,257,Ederson,GK,MCI,6.0,3.501817609
2021-22,7,143,E Mendy,GK,CHE,6.0,4.302760595
2021-22,7,30,Martinez,GK,AVL,5.5,3.380890629
2021-22,7,231,Alisson,GK,LIV,6.0,3.57005927
2021-22,7,112,Pope,GK,BUR,5.5,4.330044591
2021-22,7,199,Meslier,GK,LEE,5.0,4.111716432
2021-22,7,559,Ramsdale,GK,ARS,4.5,3.569878525
2021-22,7,353,Lloris,GK,TOT,5.6,3.865372774
2021-22,7,69,R Sanchez,GK,BHA,4.5,3.760555383
2021-22,7,475,Sa,GK,WOL,5.0,3.927815661
2021-22,7,146,Guaita,GK,CRY,4.5,3.347302954
2021-22,7,170,Pickford,GK,EVE,5.0,2.767292752
2021-22,7,200,Schmeichel,GK,LEI,5.0,3.479993879
2021-22,7,334,McCarthy,GK,SOU,4.5,2.404700214
2021-22,7,408,Fabianski,GK,WHU,5.0,3.077225939
2021-22,7,80,Raya,GK,BRE,4.6,2.682871373
2021-22,7,280,D Henderson,GK,MUN,5.0,2.004398204
2021-22,7,270,de Gea,GK,MUN,5.0,2.052644249
2021-22,7,295,Dubravka,GK,NEW,4.5,0.0
2021-22,7,314,Krul,GK,NOR,4.5,2.634234308
2021-22,7,294,Darlow,GK,NEW,4.5,3.36525421
2021-22,7,389,Bachmann,GK,WAT,4.5,1.910757019
2021-22,7,489,Areola,GK,WHU,4.9,0.88084034
2021-22,7,1,Leno,GK,ARS,4.9,0.437759786
2021-22,7,129,Kepa,GK,CHE,4.9,0.259466663
2021-22,7,333,Forster,GK,SOU,4.5,0.2987765
2021-22,7,376,Foster,GK,WAT,4.0,0.434053271
2021-22,7,260,Steffen,GK,MCI,4.5,0.065064931
2021-22,7,242,Kelleher,GK,LIV,4.5,0.080931552
2021-22,7,156,Butland,GK,CRY,4.5,0.125201806
2021-22,7,480,Hennessey,GK,BUR,4.5,0.061577437
2021-22,7,448,Gunn,GK,NOR,4.0,0.186736615
2021-22,7,452,Ruddy,GK,WOL,4.5,0.084987511
2021-22,7,486,Gollini,GK,TOT,4.4,0.071029771
2021-22,7,490,Klaesson,GK,LEE,4.5,0.079578522
2021-22,7,28,Steer,GK,AVL,4.0,0.054999364
2021-22,7,204,D Ward,GK,LEI,4.5,0.06700588
2021-22,7,54,Steele,GK,BHA,4.0,0.068775503
2021-22,7,513,Woodman,GK,NEW,4.5,0.060235677
2021-22,7,476,Scherpen,GK,BHA,4.5,0.007879332
2021-22,7,481,Begovic,GK,EVE,4.0,0.045585631
2021-22,7,556,A Fernandez,GK,BRE,4.5,0.029637398
2021-22,7,593,Carson,GK,MCI,4.0,0.006966131
2021-22,7,606,Bettinelli,GK,CHE,4.5,0.009138662
2021-22,7,514,Gillespie,GK,NEW,4.0,0.006936682
2021-22,7,509,Heaton,GK,MUN,4.0,0.008276197
2021-22,7,114,Norris,GK,BUR,4.5,0.015745376
2021-22,7,561,Matthews,GK,CRY,4.0,0.006925583
2021-22,7,407,Randolph,GK,WHU,4.5,0.007111971
2021-22,7,596,Sinisalo,GK,AVL,4.0,0.005829788
2021-22,7,573,Jakupovic,GK,LEI,4.0,0.007164915
2021-22,7,571,Lonergan,GK,EVE,4.0,0.005257894
2021-22,7,572,Okonkwo,GK,ARS,4.0,0.003542135
2021-22,7,532,Hein,GK,ARS,4.0,0.003533791
2021-22,7,223,Adrian,GK,LIV,4.5,0.000706777
2021-22,7,313,McGovern,GK,NOR,4.0,0.005738892
2021-22,7,574,Elliot,GK,WAT,4.0,0.004880503
2021-22,7,611,Moulden,GK,WOL,4.0,0.004562272
2021-22,7,256,Cancelo,DEF,MCI,6.0,3.452325713
2021-22,7,262,Dias,DEF,MCI,6.0,2.970489137
2021-22,7,127,Rudiger,DEF,CHE,5.5,4.493872046
2021-22,7,237,Trent,DEF,LIV,7.5,0.171786321
2021-22,7,119,Azpilicueta,DEF,CHE,6.0,4.685579353
2021-22,7,234,Robertson,DEF,LIV,7.0,3.350641984
2021-22,7,229,van Dijk,DEF,LIV,6.5,2.998532025
2021-22,7,437,Semedo,DEF,WOL,4.9,4.474901985
2021-22,7,275,Shaw,DEF,MUN,5.5,3.448829093
2021-22,7,259,Laporte,DEF,MCI,5.5,2.317146501
2021-22,7,59,Dunk,DEF,BHA,5.0,3.954553137
2021-22,7,288,Wan-Bissaka,DEF,MUN,5.5,4.049482428
2021-22,7,168,Digne,DEF,EVE,5.4,2.48083664
2021-22,7,555,Varane,DEF,MUN,5.5,4.024345114
2021-22,7,135,Chilwell,DEF,CHE,5.7,2.807048824
2021-22,7,142,R James,DEF,CHE,5.6,0.0
2021-22,7,249,Walker,DEF,MCI,5.5,2.91784776
2021-22,7,370,Reguilon,DEF,TOT,5.2,3.842771338
2021-22,7,122,Alonso,DEF,CHE,5.7,2.507287499
2021-22,7,133,Christensen,DEF,CHE,5.0,3.923944516
2021-22,7,16,Tierney,DEF,ARS,4.9,3.11206365
2021-22,7,431,Saiss,DEF,WOL,5.0,3.43590687
2021-22,7,411,A Cresswell,DEF,WHU,5.5,3.95693685
2021-22,7,23,Gabriel,DEF,ARS,5.0,3.087139631
2021-22,7,584,Cucurella,DEF,BHA,5.0,3.394894507
2021-22,7,463,Firpo,DEF,LEE,4.9,4.151148488
2021-22,7,121,T Silva,DEF,CHE,5.4,3.076191297
2021-22,7,67,B White,DEF,ARS,4.4,3.004294425
2021-22,7,429,Coady,DEF,WOL,4.5,3.782716346
2021-22,7,428,Boly,DEF,WOL,4.9,3.390547203
2021-22,7,588,Emerson R,DEF,TOT,5.0,3.547854868
2021-22,7,98,Tarkowski,DEF,BUR,5.0,4.157292069
2021-22,7,590,Tomiyasu,DEF,ARS,4.5,2.952285545
2021-22,7,45,Konsa,DEF,AVL,5.0,2.529449094
2021-22,7,264,Zinchenko,DEF,MCI,5.4,0.120216721
2021-22,7,62,Veltman,DEF,BHA,4.4,3.448151724
2021-22,7,39,Targett,DEF,AVL,4.9,2.444327684
2021-22,7,418,Coufal,DEF,WHU,5.0,2.037069883
2021-22,7,201,Evans,DEF,LEI,5.4,2.509963391
2021-22,7,292,Ritchie,DEF,NEW,5.0,2.874063389
2021-22,7,169,Keane,DEF,EVE,5.0,2.158935468
2021-22,7,38,Mings,DEF,AVL,5.0,2.409215117
2021-22,7,217,Soyuncu,DEF,LEI,5.0,3.199834685
2021-22,7,44,Cash,DEF,AVL,5.0,2.409928881
2021-22,7,494,Romero,DEF,TOT,4.9,3.150760094
2021-22,7,224,Matip,DEF,LIV,5.0,1.734122145
2021-22,7,91,Pinnock,DEF,BRE,4.6,2.36189122
2021-22,7,273,Maguire,DEF,MUN,5.5,0.0
2021-22,7,106,Mee,DEF,BUR,4.9,3.7315111
2021-22,7,175,Mina,DEF,EVE,4.9,2.06354886
2021-22,7,61,Webster,DEF,BHA,4.5,0.226807008
2021-22,7,190,Llorente,DEF,LEE,4.5,3.505896283
2021-22,7,409,Ogbonna,DEF,WHU,5.0,3.377912487
2021-22,7,162,Mitchell,DEF,CRY,4.5,2.711215252
2021-22,7,488,Andersen,DEF,CRY,4.5,2.72451747
2021-22,7,361,Dier,DEF,TOT,4.6,2.558022273
2021-22,7,343,Bednarek,DEF,SOU,4.4,1.794873557
2021-22,7,128,Zouma,DEF,WHU,5.4,2.881937415
2021-22,7,207,R Pereira,DEF,LEI,5.5,2.791097854
2021-22,7,432,Marcal,DEF,WOL,4.5,2.883644471
2021-22,7,460,Perraud,DEF,SOU,5.0,1.458130195
2021-22,7,477,Guehi,DEF,CRY,4.5,2.599547764
2021-22,7,76,Jansson,DEF,BRE,4.6,2.139450038
2021-22,7,83,Henry,DEF,BRE,4.5,2.111722531
2021-22,7,483,Ajer,DEF,BRE,4.5,2.105089729
2021-22,7,209,Castagne,DEF,LEI,5.4,1.723310952
2021-22,7,252,Stones,DEF,MCI,5.3,0.979985989
2021-22,7,305,Schar,DEF,NEW,4.4,2.610411983
2021-22,7,113,Taylor,DEF,BUR,4.5,3.340405649
2021-22,7,465,F Fernandez,DEF,NEW,4.5,2.468587424
2021-22,7,474,J Ward,DEF,CRY,4.5,2.473001895
2021-22,7,179,Godfrey,DEF,EVE,4.9,1.909066199
2021-22,7,340,Vestergaard,DEF,LEI,4.9,2.222690558
2021-22,7,473,Bertrand,DEF,LEI,4.9,1.716740205
2021-22,7,342,Walker-Peters,DEF,SOU,4.9,1.207430482
2021-22,7,110,Lowton,DEF,BUR,4.5,3.359740516
2021-22,7,284,Lindelof,DEF,MUN,5.0,3.70312939
2021-22,7,198,Struijk,DEF,LEE,4.5,2.268827646
2021-22,7,184,Cooper,DEF,LEE,4.5,2.404864462
2021-22,7,491,Livramento,DEF,SOU,4.1,1.37526703
2021-22,7,326,Aarons,DEF,NOR,4.5,2.424723588
2021-22,7,185,Ayling,DEF,LEE,4.5,0.0
2021-22,7,299,Lascelles,DEF,NEW,4.5,0.0
2021-22,7,150,Kouyate,DEF,CRY,4.5,2.199330353
2021-22,7,71,Lamptey,DEF,BHA,4.5,0.884679898
2021-22,7,319,Hanley,DEF,NOR,4.5,2.377232093
2021-22,7,56,Duffy,DEF,BHA,4.2,3.304643354
2021-22,7,470,Ait-Nouri,DEF,WOL,4.4,1.214644919
2021-22,7,283,Tuanzebe,DEF,AVL,4.5,1.229072773
2021-22,7,439,Kilman,DEF,WOL,4.5,1.472626137
2021-22,7,293,Clark,DEF,NEW,4.4,2.55680292
2021-22,7,238,Gomez,DEF,LIV,4.9,1.219289069
2021-22,7,243,Konate,DEF,LIV,5.2,0.80056079
2021-22,7,527,T Chalobah,DEF,CHE,4.9,1.334992492
2021-22,7,367,D Sanchez,DEF,TOT,4.5,1.081621044
2021-22,7,585,C Roberts,DEF,BUR,4.9,0.204114428
2021-22,7,580,Kabak,DEF,NOR,4.5,2.200444232
2021-22,7,351,Salisu,DEF,SOU,4.5,1.255542298
2021-22,7,567,Lyanco,DEF,SOU,4.5,0.846893933
2021-22,7,165,Coleman,DEF,EVE,5.0,0.044206357
2021-22,7,414,Dawson,DEF,WHU,5.0,1.1011314
2021-22,7,258,Ake,DEF,MCI,4.9,0.37202569
2021-22,7,11,Kolasinac,DEF,ARS,4.4,0.743219418
2021-22,7,58,Burn,DEF,BHA,4.4,1.835910553
2021-22,7,302,Manquillo,DEF,NEW,4.0,1.337310208
2021-22,7,279,Telles,DEF,MUN,5.0,1.258900881
2021-22,7,178,Holgate,DEF,EVE,4.5,1.100916677
2021-22,7,245,Tsimikas,DEF,LIV,4.1,0.390609677
2021-22,7,290,B Williams,DEF,NOR,4.0,2.059379675
2021-22,7,456,Gibson,DEF,NOR,4.5,0.90337005
2021-22,7,371,Tanganga,DEF,TOT,4.6,0.696532489
2021-22,7,14,Holding,DEF,ARS,4.3,0.326211132
2021-22,7,425,Johnson,DEF,WHU,4.0,2.142909637
2021-22,7,301,Dummett,DEF,NEW,4.5,0.130790368
2021-22,7,8,Mari,DEF,ARS,4.5,0.316178429
2021-22,7,396,Sierralta,DEF,WAT,4.4,0.959369684
2021-22,7,387,Troost-Ekong,DEF,WAT,4.5,1.841429353
2021-22,7,219,L Thomas,DEF,LEI,4.5,0.587244963
2021-22,7,10,Chambers,DEF,ARS,4.4,0.235946278
2021-22,7,338,J Stephens,DEF,SOU,4.5,0.0
2021-22,7,594,Zanka,DEF,BRE,4.5,0.541222984
2021-22,7,5,Cedric,DEF,ARS,4.4,0.282040761
2021-22,7,374,Rodon,DEF,TOT,4.4,0.32783029
2021-22,7,147,Tomkins,DEF,CRY,4.4,0.296835041
2021-22,7,303,Krafth,DEF,NEW,4.4,0.67197191
2021-22,7,360,Doherty,DEF,TOT,4.9,0.193940532
2021-22,7,510,Dalot,DEF,MUN,4.5,0.319524553
2021-22,7,218,Justin,DEF,LEI,4.9,0.0
2021-22,7,417,Masuaku,DEF,WHU,4.4,0.589208095
2021-22,7,286,Bailly,DEF,MUN,5.0,0.459391248
2021-22,7,52,Young,DEF,AVL,5.0,0.403105447
2021-22,7,36,Hause,DEF,AVL,4.4,0.129149815
2021-22,7,493,Clyne,DEF,CRY,4.5,0.475447311
2021-22,7,194,Koch,DEF,LEE,4.4,0.0
2021-22,7,364,Ben T Davies,DEF,TOT,4.0,0.069758631
2021-22,7,424,Diop,DEF,WHU,4.4,0.304490736
2021-22,7,208,Amartey,DEF,LEI,4.1,0.156791163
2021-22,7,501,M Sarr,DEF,CHE,6.0,0.092964332
2021-22,7,443,Hoever,DEF,WOL,4.0,0.417968996
2021-22,7,246,N Williams,DEF,LIV,4.0,0.131642879
2021-22,7,368,Sessegnon,DEF,TOT,4.4,0.031969488
2021-22,7,379,Cathcart,DEF,WAT,4.5,1.180046716
2021-22,7,158,Jach,DEF,CRY,4.4,0.137145257
2021-22,7,311,Lewis,DEF,NEW,4.4,0.241119447
2021-22,7,90,M Sorensen,DEF,BRE,4.4,0.049983618
2021-22,7,377,Rose,DEF,WAT,4.4,1.655129052
2021-22,7,103,K Long,DEF,BUR,4.0,0.15343918
2021-22,7,384,Kabasele,DEF,WAT,4.5,0.20717554
2021-22,7,87,Goode,DEF,BRE,4.0,0.053443388
2021-22,7,331,Omobamidele,DEF,NOR,4.0,0.272358944
2021-22,7,498,Thompson,DEF,BRE,4.5,0.050870009
2021-22,7,466,Tavares,DEF,ARS,4.4,0.107288479
2021-22,7,390,Masina,DEF,WAT,4.5,0.394134061
2021-22,7,99,Bardsley,DEF,BUR,4.0,0.074488589
2021-22,7,241,N Phillips,DEF,LIV,5.0,0.012753145
2021-22,7,321,Byram,DEF,NOR,4.4,0.0
2021-22,7,451,Collins,DEF,BUR,4.4,0.074653998
2021-22,7,546,Valery,DEF,SOU,4.0,0.040188813
2021-22,7,446,Mosquera,DEF,WOL,4.5,0.0
2021-22,7,151,Kelly,DEF,CRY,4.0,0.057003447
2021-22,7,544,Branthwaite,DEF,EVE,4.0,0.022146622
2021-22,7,560,H Roberts,DEF,BHA,4.9,0.013687454
2021-22,7,563,C Cresswell,DEF,LEE,5.5,0.065231128
2021-22,7,327,J Sorensen,DEF,NOR,4.4,0.106752309
2021-22,7,562,Drameh,DEF,LEE,4.0,0.01323092
2021-22,7,565,Dodgson,DEF,BUR,4.0,0.006835511
2021-22,7,554,J Baptiste,DEF,WHU,5.0,0.006333857
2021-22,7,569,Stevens,DEF,BRE,4.0,0.009022056
2021-22,7,220,Fofana,DEF,LEI,4.4,0.0
2021-22,7,161,Ferguson,DEF,CRY,4.5,0.0
2021-22,7,433,Jonny,DEF,WOL,4.5,0.0
2021-22,7,534,B Thomas,DEF,BUR,4.5,0.00617571
2021-22,7,598,Omole,DEF,TOT,4.0,0.005181175
2021-22,7,604,Wilson-Esbrand,DEF,MCI,4.0,0.003822645
2021-22,7,540,Hannam,DEF,CRY,4.0,0.004676233
2021-22,7,603,Mbete,DEF,MCI,4.0,0.003797434
2021-22,7,515,Mumba,DEF,NOR,4.0,0.00395245
2021-22,7,608,Hjelde,DEF,LEE,4.0,0.004199258
2021-22,7,610,Bogarde,DEF,AVL,4.0,0.003343638
2021-22,7,100,Pieters,DEF,BUR,4.4,0.062247955
2021-22,7,502,Kenny,DEF,EVE,4.5,0.019171658
2021-22,7,324,Zimmermann,DEF,NOR,4.4,0.0
2021-22,7,457,Giannoulis,DEF,NOR,4.4,0.417294329
2021-22,7,415,Fredericks,DEF,WHU,4.5,0.050179898
2021-22,7,89,Roerslev,DEF,BRE,4.4,0.34628875
2021-22,7,382,Femenia,DEF,WAT,4.4,1.542523832
2021-22,7,400,Ngakia,DEF,WAT,4.4,0.722400183
2021-22,7,233,Salah,MID,LIV,12.5,4.218888258
2021-22,7,359,Son,MID,TOT,10.1,5.291386825
2021-22,7,277,Fernandes,MID,MUN,12.0,5.410957514
2021-22,7,251,De Bruyne,MID,MCI,11.9,4.317547943
2021-22,7,230,Mane,MID,LIV,11.9,3.431941414
2021-22,7,196,Raphinha,MID,LEE,6.5,4.603703973
2021-22,7,154,Zaha,MID,CRY,6.9,4.073627143
2021-22,7,363,Alli,MID,TOT,6.5,3.840589153
2021-22,7,341,Ward-Prowse,MID,SOU,6.5,2.853292594
2021-22,7,215,H Barnes,MID,LEI,6.8,3.455807196
2021-22,7,138,Mount,MID,CHE,7.5,2.933100817
2021-22,7,33,Grealish,MID,MCI,8.0,2.907842593
2021-22,7,399,I Sarr,MID,WAT,6.0,3.68025748
2021-22,7,419,Benrahma,MID,WHU,6.4,4.104937317
2021-22,7,420,Bowen,MID,WHU,6.4,4.060931793
2021-22,7,422,Soucek,MID,WHU,6.0,4.113415761
2021-22,7,64,Trossard,MID,BHA,6.4,3.855488517
2021-22,7,267,Harrison,MID,LEE,5.9,4.102439912
2021-22,7,272,Pogba,MID,MUN,7.7,3.748593127
2021-22,7,55,Gross,MID,BHA,6.0,3.691578236
2021-22,7,240,Jota,MID,LIV,7.6,2.676696868
2021-22,7,96,Mbeumo,MID,BRE,5.5,3.137482236
2021-22,7,255,Sterling,MID,MCI,10.9,2.72960726
2021-22,7,212,Maddison,MID,LEI,6.8,3.644361045
2021-22,7,188,Dallas,MID,LEE,5.5,3.886734296
2021-22,7,254,Mahrez,MID,MCI,8.9,2.327662003
2021-22,7,210,Tielemans,MID,LEI,6.5,3.236467143
2021-22,7,250,Gundogan,MID,MCI,7.3,0.278164031
2021-22,7,141,Havertz,MID,CHE,8.3,3.628251213
2021-22,7,261,B Silva,MID,MCI,6.9,3.074032126
2021-22,7,289,M Greenwood,MID,MUN,7.7,3.704109365
2021-22,7,43,Buendia,MID,AVL,6.4,2.981411032
2021-22,7,17,Pepe,MID,ARS,7.2,2.165499202
2021-22,7,22,Saka,MID,ARS,6.3,2.76324992
2021-22,7,423,Fornals,MID,WHU,6.0,3.503470803
2021-22,7,81,Canos,MID,BRE,5.5,2.840180024
2021-22,7,484,D Gray,MID,EVE,5.6,2.766139103
2021-22,7,118,McNeil,MID,BUR,5.9,3.6988688
2021-22,7,558,Odegaard,MID,ARS,5.5,2.608570756
2021-22,7,173,Doucoure,MID,EVE,5.5,2.581229107
2021-22,7,107,Westwood,MID,BUR,5.4,3.386181407
2021-22,7,19,Willock,MID,NEW,6.0,2.814637273
2021-22,7,485,Sancho,MID,MUN,9.2,3.031902209
2021-22,7,268,Torres,MID,MCI,7.1,1.646298957
2021-22,7,587,Lookman,MID,LEI,6.0,2.525224086
2021-22,7,435,A Traore,MID,WOL,6.0,2.98218202
2021-22,7,339,S Armstrong,MID,SOU,5.8,1.111794661
2021-22,7,436,Neves,MID,WOL,5.5,3.068540504
2021-22,7,266,Rodri,MID,MCI,5.5,2.46309821
2021-22,7,421,Rice,MID,WHU,5.0,3.048685429
2021-22,7,123,Jorginho,MID,CHE,6.0,2.998079999
2021-22,7,517,Elyounoussi,MID,SOU,5.5,2.441234938
2021-22,7,291,Shelvey,MID,NEW,5.4,0.0
2021-22,7,35,McGinn,MID,AVL,6.0,2.587441706
2021-22,7,308,Almiron,MID,NEW,5.4,2.695201653
2021-22,7,362,Lucas Moura,MID,TOT,6.5,2.71170703
2021-22,7,426,Moutinho,MID,WOL,5.0,2.929399006
2021-22,7,144,Gallagher,MID,CRY,5.5,2.718075014
2021-22,7,482,Townsend,MID,EVE,5.5,2.842544666
2021-22,7,222,J Henderson,MID,LIV,5.0,2.504225676
2021-22,7,365,Hojbjerg,MID,TOT,5.0,2.743129089
2021-22,7,285,McTominay,MID,MUN,5.4,2.591651203
2021-22,7,77,Norgaard,MID,BRE,5.0,2.400781763
2021-22,7,137,Pulisic,MID,CHE,7.9,0.253396971
2021-22,7,281,Rashford,MID,MUN,9.4,0.268694064
2021-22,7,265,Foden,MID,MCI,7.9,2.015005979
2021-22,7,216,Ndidi,MID,LEI,5.0,0.925562575
2021-22,7,21,Smith Rowe,MID,ARS,5.4,2.233746759
2021-22,7,115,Brownhill,MID,BUR,4.5,2.73274556
2021-22,7,471,Lees-Melou,MID,NOR,5.0,2.197597205
2021-22,7,232,Fabinho,MID,LIV,5.4,2.258487182
2021-22,7,50,Douglas Luiz,MID,AVL,4.5,2.318865067
2021-22,7,186,Klich,MID,LEE,5.5,3.001126923
2021-22,7,191,K Phillips,MID,LEE,5.0,2.790309917
2021-22,7,492,Bailey,MID,AVL,6.4,0.121461358
2021-22,7,495,Kucka,MID,WAT,5.5,2.408184935
2021-22,7,53,Lallana,MID,BHA,5.4,2.788696828
2021-22,7,148,McArthur,MID,CRY,4.5,2.232472075
2021-22,7,152,Milivojevic,MID,CRY,5.4,2.280741802
2021-22,7,225,Thiago,MID,LIV,5.4,0.423903902
2021-22,7,578,Cornet,MID,BUR,6.0,0.860902243
2021-22,7,171,Allan,MID,EVE,4.5,2.154496119
2021-22,7,449,Rashica,MID,NOR,5.4,2.283094667
2021-22,7,70,Bissouma,MID,BHA,4.6,1.20257859
2021-22,7,131,Ziyech,MID,CHE,7.4,1.496183184
2021-22,7,461,Trincao,MID,WOL,5.9,2.027566452
2021-22,7,335,Romeu,MID,SOU,4.5,2.022753101
2021-22,7,381,Cleverley,MID,WAT,5.0,2.228538758
2021-22,7,15,Partey,MID,ARS,5.0,2.135082965
2021-22,7,84,Janelt,MID,BRE,5.0,2.188983013
2021-22,7,336,Redmond,MID,SOU,5.9,2.034390846
2021-22,7,325,Cantwell,MID,NOR,5.5,0.124974152
2021-22,7,125,Kovacic,MID,CHE,5.0,2.582143549
2021-22,7,369,Bergwijn,MID,TOT,6.0,1.861165513
2021-22,7,318,McLean,MID,NOR,4.9,2.398799488
2021-22,7,274,Fred,MID,MUN,5.0,2.172008839
2021-22,7,354,Sissoko,MID,WAT,4.5,2.247355731
2021-22,7,438,Podence,MID,WOL,5.5,1.982193666
2021-22,7,193,T Roberts,MID,LEE,4.9,2.933332119
2021-22,7,32,B Traore,MID,AVL,6.0,1.935771282
2021-22,7,375,Ndombele,MID,TOT,5.8,1.731480779
2021-22,7,306,Hayden,MID,NEW,4.5,2.170914618
2021-22,7,140,Hudson-Odoi,MID,CHE,5.4,1.269492855
2021-22,7,478,Lokonga,MID,ARS,5.0,1.891559923
2021-22,7,304,Murphy,MID,NEW,5.0,1.161253448
2021-22,7,239,Keita,MID,LIV,5.0,1.604915244
2021-22,7,174,Iwobi,MID,EVE,5.9,1.699536042
2021-22,7,130,Kante,MID,CHE,4.9,0.0
2021-22,7,74,Mac Allister,MID,BHA,5.5,2.23592059
2021-22,7,592,Saul,MID,CHE,5.5,1.348476529
2021-22,7,101,Cork,MID,BUR,4.5,1.350818325
2021-22,7,145,Gilmour,MID,NOR,4.5,1.159428569
2021-22,7,60,March,MID,BHA,5.4,1.144389151
2021-22,7,372,Lo Celso,MID,TOT,5.9,1.050872185
2021-22,7,108,Gudmundsson,MID,BUR,5.5,2.844573045
2021-22,7,287,D James,MID,LEE,5.6,2.630632814
2021-22,7,211,Perez,MID,LEI,5.9,0.650845038
2021-22,7,332,Walcott,MID,SOU,5.9,0.477715407
2021-22,7,524,Wissa,MID,BRE,6.0,0.409255288
2021-22,7,82,Dasilva,MID,BRE,5.4,0.101299543
2021-22,7,464,Olise,MID,CRY,5.4,1.552901953
2021-22,7,582,Vlasic,MID,WHU,6.0,0.802740692
2021-22,7,42,El Ghazi,MID,AVL,6.0,0.466897173
2021-22,7,581,Normann,MID,NOR,4.5,2.12052219
2021-22,7,26,Martinelli,MID,ARS,5.4,0.414318789
2021-22,7,86,Jensen,MID,BRE,4.9,1.342712358
2021-22,7,462,Mwepu,MID,BHA,5.9,0.798730853
2021-22,7,202,Albrighton,MID,LEI,5.4,0.653612375
2021-22,7,317,Rupp,MID,NOR,4.5,0.767873419
2021-22,7,551,Summerville,MID,LEE,4.5,0.368774514
2021-22,7,132,Loftus-Cheek,MID,CHE,5.4,0.029453777
2021-22,7,459,Mata,MID,MUN,4.9,0.028512393
2021-22,7,467,Etebo,MID,WAT,4.5,0.0
2021-22,7,7,Xhaka,MID,ARS,4.9,0.0
2021-22,7,506,Elliott,MID,LIV,5.5,0.0
2021-22,7,37,Trezeguet,MID,AVL,5.5,0.0
2021-22,7,160,Eze,MID,CRY,5.9,0.0
2021-22,7,441,Neto,MID,WOL,6.4,0.0
2021-22,7,507,Palmer,MID,MCI,4.5,0.004193039
2021-22,7,512,Elanga,MID,MUN,4.9,0.00476147
2021-22,7,597,Markanday,MID,TOT,4.5,0.004664665
2021-22,7,543,Banks,MID,CRY,4.5,0.004529363
2021-22,7,508,Edozie,MID,MCI,5.0,0.003827746
2021-22,7,609,Anderson,MID,NEW,4.5,0.003900811
2021-22,7,601,McKinstry,MID,LEE,4.5,0.003954022
2021-22,7,547,Cundle,MID,WOL,4.5,0.009569512
2021-22,7,605,Lavia,MID,MCI,4.5,0.003534274
2021-22,7,124,Barkley,MID,CHE,5.4,0.212191466
2021-22,7,600,Kenneh,MID,LEE,4.5,0.003595669
2021-22,7,548,Campbell,MID,WOL,4.5,0.009118548
2021-22,7,599,J White,MID,NEW,4.5,0.003362866
2021-22,7,537,Richards,MID,BHA,4.5,0.051653974
2021-22,7,576,McCarron,MID,LEE,4.5,0.023923552
2021-22,7,93,Zamburek,MID,BRE,4.5,0.02076658
2021-22,7,541,Rak-Sakyi,MID,CRY,4.5,0.010398149
2021-22,7,496,A Ramsey,MID,AVL,4.5,0.018661492
2021-22,7,386,Hughes,MID,CRY,4.9,0.046005149
2021-22,7,328,Placheta,MID,NOR,4.9,0.0
2021-22,7,34,Sanson,MID,AVL,5.0,0.0
2021-22,7,298,Fraser,MID,NEW,5.4,1.620514392
2021-22,7,505,Dewsbury-Hall,MID,LEI,4.5,0.043320943
2021-22,7,557,Tufan,MID,WAT,5.0,0.848536852
2021-22,7,12,Elneny,MID,ARS,4.5,0.292859763
2021-22,7,221,Milner,MID,LIV,4.9,2.296601338
2021-22,7,552,Forshaw,MID,LEE,4.5,0.004057791
2021-22,7,347,Smallbone,MID,SOU,4.5,0.038819946
2021-22,7,197,Shackleton,MID,LEE,4.5,1.463845187
2021-22,7,155,Schlupp,MID,CRY,5.4,1.060220938
2021-22,7,79,Fosu,MID,BRE,5.3,0.085612442
2021-22,7,75,Moder,MID,BHA,4.5,2.128011596
2021-22,7,458,Soumare,MID,LEI,4.9,2.006896914
2021-22,7,497,Philogene-Bidace,MID,AVL,5.0,0.082549537
2021-22,7,73,Alzate,MID,BHA,5.0,0.0
2021-22,7,203,N Mendy,MID,LEI,6.0,0.019323773
2021-22,7,244,C Jones,MID,LIV,5.0,1.41644334
2021-22,7,236,Minamino,MID,LIV,5.3,0.168513045
2021-22,7,282,van de Beek,MID,MUN,5.8,0.193678197
2021-22,7,526,Chukwuemeka,MID,AVL,4.5,0.277577104
2021-22,7,346,Tella,MID,SOU,4.9,0.242602965
2021-22,7,405,Baah,MID,WAT,4.5,0.076037106
2021-22,7,373,Skipp,MID,TOT,4.5,1.871067139
2021-22,7,297,Hendrick,MID,NEW,4.9,0.36733463
2021-22,7,434,Dendoncker,MID,WOL,4.9,1.389928625
2021-22,7,214,Choudhury,MID,LEI,4.5,0.123155925
2021-22,7,416,Lanzini,MID,WHU,5.9,1.415339788
2021-22,7,323,Dowell,MID,NOR,5.4,0.595468809
2021-22,7,350,Djenepo,MID,SOU,5.5,1.086131549
2021-22,7,102,D Stephens,MID,BUR,4.5,0.082875205
2021-22,7,227,Chamberlain,MID,LIV,5.9,0.338870326
2021-22,7,85,Ghoddos,MID,BRE,5.4,0.454105822
2021-22,7,157,Riedewald,MID,CRY,4.9,0.264084485
2021-22,7,51,J Ramsey,MID,AVL,4.5,1.373066405
2021-22,7,453,Fernandinho,MID,MCI,5.0,0.866741927
2021-22,7,406,Noble,MID,WHU,4.5,0.388243207
2021-22,7,378,Gosling,MID,WAT,4.9,0.366523862
2021-22,7,309,S Longstaff,MID,NEW,4.5,1.682209189
2021-22,7,403,Louza,MID,WAT,5.4,0.35791454
2021-22,7,503,A Gordon,MID,EVE,4.5,0.67036833
2021-22,7,487,Bryan Gil,MID,TOT,5.9,0.796026355
2021-22,7,504,Gbamin,MID,EVE,4.5,0.467198748
2021-22,7,499,S Baptiste,MID,BRE,5.0,1.260903246
2021-22,7,176,T Davies,MID,EVE,4.0,0.675975307
2021-22,7,589,Kral,MID,WHU,4.5,0.265001742
2021-22,7,97,Bidstrup,MID,BRE,4.5,0.323157358
2021-22,7,163,Delph,MID,EVE,4.5,0.463214009
2021-22,7,276,Lingard,MID,MUN,6.9,1.043911726
2021-22,7,366,Winks,MID,TOT,4.5,0.321400485
2021-22,7,13,Maitland-Niles,MID,ARS,5.4,1.244178603
2021-22,7,172,Gomes,MID,EVE,4.9,0.072712148
2021-22,7,271,Matic,MID,MUN,4.5,0.602893714
2021-22,7,528,Tzolis,MID,NOR,5.0,1.395600125
2021-22,7,41,Nakamba,MID,AVL,4.5,0.63122809
2021-22,7,391,Sema,MID,WAT,5.4,0.863513043
2021-22,7,349,I Diallo,MID,SOU,4.5,0.582634445
2021-22,7,479,Onyeka,MID,BRE,5.0,1.581105576
2021-22,7,575,Lennon,MID,BUR,5.0,0.749416625
2021-22,7,412,Yarmolenko,MID,WHU,5.4,1.399996894
2021-22,7,357,Kane,FWD,TOT,12.3,5.885096709
2021-22,7,529,Lukaku,FWD,CHE,11.5,4.887826579
2021-22,7,413,Antonio,FWD,WHU,7.9,5.262822285
2021-22,7,430,Jimenez,FWD,WOL,7.4,4.913634608
2021-22,7,205,Vardy,FWD,LEI,10.5,4.035228124
2021-22,7,579,Ronaldo,FWD,MUN,12.5,4.727043108
2021-22,7,109,Wood,FWD,BUR,6.9,5.106662481
2021-22,7,4,Aubameyang,FWD,ARS,9.9,3.334012339
2021-22,7,177,Calvert-Lewin,FWD,EVE,8.2,0.1228327
2021-22,7,78,Toney,FWD,BRE,6.4,3.501578321
2021-22,7,63,Maupay,FWD,BHA,6.5,3.923380864
2021-22,7,337,Ings,FWD,AVL,8.0,3.557152371
2021-22,7,315,Pukki,FWD,NOR,5.9,3.642720565
2021-22,7,228,Firmino,FWD,LIV,8.8,2.875521122
2021-22,7,40,Watkins,FWD,AVL,7.3,3.410974628
2021-22,7,525,A Armstrong,FWD,SOU,6.0,2.73341913
2021-22,7,345,Adams,FWD,SOU,7.0,2.804645043
2021-22,7,187,Rodrigo,FWD,LEE,5.5,4.971695036
2021-22,7,189,Bamford,FWD,LEE,7.9,0.0
2021-22,7,296,Wilson,FWD,NEW,7.5,0.0
2021-22,7,263,Jesus,FWD,MCI,8.6,2.747631061
2021-22,7,180,Richarlison,FWD,EVE,7.5,0.146931551
2021-22,7,447,Welbeck,FWD,BHA,6.0,0.837246844
2021-22,7,468,King,FWD,WAT,5.5,2.867701053
2021-22,7,583,Hwang,FWD,WOL,5.5,2.916763524
2021-22,7,307,Saint-Maximin,FWD,NEW,6.5,2.631907442
2021-22,7,586,Edouard,FWD,CRY,6.5,2.469803991
2021-22,7,213,Iheanacho,FWD,LEI,7.2,2.442723603
2021-22,7,404,Joao Pedro,FWD,WAT,5.4,2.377428834
2021-22,7,134,Werner,FWD,CHE,8.7,2.686148535
2021-22,7,105,A Barnes,FWD,BUR,6.8,2.930458462
2021-22,7,591,Rondon,FWD,EVE,6.0,2.903426895
2021-22,7,516,Sargent,FWD,NOR,5.5,2.088407485
2021-22,7,455,Daka,FWD,LEI,7.2,1.632611705
2021-22,7,153,Ayew,FWD,CRY,5.9,2.079859127
2021-22,7,6,Lacazette,FWD,ARS,8.4,0.826674289
2021-22,7,450,Dennis,FWD,WAT,5.2,1.814491274
2021-22,7,111,Vydra,FWD,BUR,5.4,1.595525309
2021-22,7,269,Cavani,FWD,MUN,8.4,1.183470065
2021-22,7,278,Martial,FWD,MUN,7.7,0.800747886
2021-22,7,159,Mateta,FWD,CRY,5.4,0.222021665
2021-22,7,602,Simms,FWD,EVE,4.5,0.003702433
2021-22,7,533,Richardson,FWD,BUR,4.5,0.003977191
2021-22,7,542,Street,FWD,CRY,4.5,0.003718992
2021-22,7,310,Joelinton,FWD,NEW,5.9,2.393087149
2021-22,7,520,Scarlett,FWD,TOT,4.5,0.008876212
2021-22,7,88,Forss,FWD,BRE,5.4,0.402579826
2021-22,7,149,Benteke,FWD,CRY,6.4,1.466140446
2021-22,7,519,S Long,FWD,SOU,4.0,0.087250277
2021-22,7,20,Nketiah,FWD,ARS,5.4,0.090540964
2021-22,7,568,Archer,FWD,AVL,4.5,0.019395313
2021-22,7,577,Gelhardt,FWD,LEE,4.5,0.019891006
2021-22,7,395,Fletcher,FWD,WAT,4.9,0.043951238
2021-22,7,550,S Greenwood,FWD,LEE,7.7,0.101905896
2021-22,7,300,Gayle,FWD,NEW,5.4,0.781003616
2021-22,7,72,Connolly,FWD,BHA,5.4,0.424389676
2021-22,7,530,Balogun,FWD,ARS,5.0,0.083808145
2021-22,7,235,Origi,FWD,LIV,4.9,0.128001118
2021-22,7,49,Davis,FWD,AVL,4.5,0.041249252
2021-22,7,595,Locadia,FWD,BHA,4.5,0.084639288
2021-22,7,607,Dobbin,FWD,EVE,4.5,0.068350492
2021-22,7,518,Broja,FWD,SOU,5.0,0.0
2021-22,7,472,Cucho,FWD,WAT,5.0,0.520642976
2021-22,7,104,Jay Rodriguez,FWD,BUR,5.5,1.776519806
2021-22,7,445,F Silva,FWD,WOL,5.9,1.105781761
2021-22,7,329,Idah,FWD,NOR,5.0,0.68552569
2021-22,8,143,E Mendy,GK,CHE,6.0,3.969161146
2021-22,8,30,Martinez,GK,AVL,5.5,3.744239565
2021-22,8,257,Ederson,GK,MCI,6.0,0.485347839
2021-22,8,199,Meslier,GK,LEE,5.0,3.552525158
2021-22,8,559,Ramsdale,GK,ARS,4.6,3.639476516
2021-22,8,69,R Sanchez,GK,BHA,4.6,3.901947442
2021-22,8,112,Pope,GK,BUR,5.4,2.841177764
2021-22,8,231,Alisson,GK,LIV,6.0,0.442031023
2021-22,8,353,Lloris,GK,TOT,5.5,3.664929347
2021-22,8,170,Pickford,GK,EVE,5.0,3.520006191
2021-22,8,475,Sa,GK,WOL,5.0,3.202304688
2021-22,8,146,Guaita,GK,CRY,4.5,3.01325264
2021-22,8,334,McCarthy,GK,SOU,4.5,2.933214795
2021-22,8,200,Schmeichel,GK,LEI,5.1,2.832934744
2021-22,8,295,Dubravka,GK,NEW,4.4,1.394243943
2021-22,8,80,Raya,GK,BRE,4.6,2.87562721
2021-22,8,408,Fabianski,GK,WHU,5.0,2.557085014
2021-22,8,314,Krul,GK,NOR,4.5,3.061629771
2021-22,8,280,D Henderson,GK,MUN,4.8,1.72931977
2021-22,8,270,de Gea,GK,MUN,5.1,1.756279078
2021-22,8,260,Steffen,GK,MCI,4.5,4.195629868
2021-22,8,242,Kelleher,GK,LIV,4.4,3.634073662
2021-22,8,389,Bachmann,GK,WAT,4.4,1.735816896
2021-22,8,294,Darlow,GK,NEW,4.5,1.797213725
2021-22,8,1,Leno,GK,ARS,4.8,0.834151359
2021-22,8,489,Areola,GK,WHU,4.8,0.744159457
2021-22,8,333,Forster,GK,SOU,4.4,0.373031781
2021-22,8,129,Kepa,GK,CHE,4.9,0.238033829
2021-22,8,376,Foster,GK,WAT,4.0,0.401205477
2021-22,8,28,Steer,GK,AVL,4.0,0.578327896
2021-22,8,156,Butland,GK,CRY,4.4,0.1157162
2021-22,8,480,Hennessey,GK,BUR,4.5,0.124300239
2021-22,8,448,Gunn,GK,NOR,4.0,0.218961951
2021-22,8,452,Ruddy,GK,WOL,4.4,0.070610766
2021-22,8,490,Klaesson,GK,LEE,4.4,0.068802083
2021-22,8,486,Gollini,GK,TOT,4.4,0.067769007
2021-22,8,513,Woodman,GK,NEW,4.5,0.033053686
2021-22,8,204,D Ward,GK,LEI,4.0,0.055054105
2021-22,8,481,Begovic,GK,EVE,4.0,0.060389916
2021-22,8,476,Scherpen,GK,BHA,4.5,0.040867628
2021-22,8,54,Steele,GK,BHA,4.0,0.039573382
2021-22,8,593,Carson,GK,MCI,4.0,0.068312368
2021-22,8,556,A Fernandez,GK,BRE,4.5,0.031118856
2021-22,8,514,Gillespie,GK,NEW,4.0,0.067759093
2021-22,8,223,Adrian,GK,LIV,4.4,0.043937821
2021-22,8,596,Sinisalo,GK,AVL,4.0,0.039128221
2021-22,8,606,Bettinelli,GK,CHE,4.0,0.00843395
2021-22,8,509,Heaton,GK,MUN,4.0,0.007093995
2021-22,8,561,Matthews,GK,CRY,4.0,0.006391412
2021-22,8,114,Norris,GK,BUR,4.4,0.005808614
2021-22,8,571,Lonergan,GK,EVE,4.0,0.006816153
2021-22,8,407,Randolph,GK,WHU,4.4,0.005969155
2021-22,8,573,Jakupovic,GK,LEI,4.0,0.005868209
2021-22,8,572,Okonkwo,GK,ARS,4.0,0.004169265
2021-22,8,532,Hein,GK,ARS,4.0,0.004162729
2021-22,8,313,McGovern,GK,NOR,4.0,0.006613719
2021-22,8,574,Elliot,GK,WAT,4.0,0.004471269
2021-22,8,611,Moulden,GK,WOL,4.0,0.003971441
2021-22,8,256,Cancelo,DEF,MCI,6.2,5.193471083
2021-22,8,237,Trent,DEF,LIV,7.5,5.021439474
2021-22,8,262,Dias,DEF,MCI,6.1,4.883378917
2021-22,8,234,Robertson,DEF,LIV,7.0,4.500128797
2021-22,8,127,Rudiger,DEF,CHE,5.8,3.254310937
2021-22,8,119,Azpilicueta,DEF,CHE,6.1,3.912764439
2021-22,8,229,van Dijk,DEF,LIV,6.6,4.190454819
2021-22,8,259,Laporte,DEF,MCI,5.5,3.743968287
2021-22,8,142,R James,DEF,CHE,5.5,2.639281082
2021-22,8,437,Semedo,DEF,WOL,4.9,3.31512617
2021-22,8,168,Digne,DEF,EVE,5.3,3.45191894
2021-22,8,249,Walker,DEF,MCI,5.5,3.748571429
2021-22,8,59,Dunk,DEF,BHA,5.0,4.040389857
2021-22,8,135,Chilwell,DEF,CHE,5.6,2.438639869
2021-22,8,275,Shaw,DEF,MUN,5.4,3.230284504
2021-22,8,122,Alonso,DEF,CHE,6.0,2.171541605
2021-22,8,16,Tierney,DEF,ARS,4.9,4.069450098
2021-22,8,370,Reguilon,DEF,TOT,5.1,3.521723623
2021-22,8,431,Saiss,DEF,WOL,5.0,2.525352637
2021-22,8,23,Gabriel,DEF,ARS,5.0,4.021817551
2021-22,8,133,Christensen,DEF,CHE,5.0,3.296229115
2021-22,8,463,Firpo,DEF,LEE,4.8,2.998630127
2021-22,8,45,Konsa,DEF,AVL,4.9,3.749406314
2021-22,8,288,Wan-Bissaka,DEF,MUN,5.4,3.054478814
2021-22,8,292,Ritchie,DEF,NEW,4.9,3.043360373
2021-22,8,169,Keane,DEF,EVE,5.0,3.439454211
2021-22,8,67,B White,DEF,ARS,4.4,3.888545374
2021-22,8,584,Cucurella,DEF,BHA,5.0,3.580204512
2021-22,8,39,Targett,DEF,AVL,4.8,3.634175631
2021-22,8,429,Coady,DEF,WOL,4.5,2.839023724
2021-22,8,264,Zinchenko,DEF,MCI,5.3,2.005569831
2021-22,8,590,Tomiyasu,DEF,ARS,4.6,3.830191448
2021-22,8,38,Mings,DEF,AVL,5.0,3.649633755
2021-22,8,44,Cash,DEF,AVL,5.1,3.596262101
2021-22,8,411,A Cresswell,DEF,WHU,5.5,2.986567476
2021-22,8,121,T Silva,DEF,CHE,5.5,0.908743607
2021-22,8,91,Pinnock,DEF,BRE,4.6,2.56677574
2021-22,8,62,Veltman,DEF,BHA,4.4,3.552189498
2021-22,8,418,Coufal,DEF,WHU,4.9,2.602155757
2021-22,8,224,Matip,DEF,LIV,5.0,2.382933609
2021-22,8,428,Boly,DEF,WOL,4.9,2.072322967
2021-22,8,190,Llorente,DEF,LEE,4.5,2.592936891
2021-22,8,588,Emerson R,DEF,TOT,5.0,1.533217853
2021-22,8,343,Bednarek,DEF,SOU,4.4,2.820298699
2021-22,8,217,Soyuncu,DEF,LEI,4.9,2.489828224
2021-22,8,201,Evans,DEF,LEI,5.4,1.481570376
2021-22,8,61,Webster,DEF,BHA,4.4,2.250395815
2021-22,8,175,Mina,DEF,EVE,4.9,0.851156286
2021-22,8,98,Tarkowski,DEF,BUR,5.0,1.432873983
2021-22,8,76,Jansson,DEF,BRE,4.6,2.370262353
2021-22,8,460,Perraud,DEF,SOU,4.9,2.303827157
2021-22,8,83,Henry,DEF,BRE,4.5,2.261116655
2021-22,8,305,Schar,DEF,NEW,4.3,2.757474644
2021-22,8,162,Mitchell,DEF,CRY,4.5,2.233292763
2021-22,8,361,Dier,DEF,TOT,4.6,3.122299977
2021-22,8,488,Andersen,DEF,CRY,4.5,2.216321943
2021-22,8,179,Godfrey,DEF,EVE,4.8,2.837632726
2021-22,8,483,Ajer,DEF,BRE,4.5,2.00478618
2021-22,8,465,F Fernandez,DEF,NEW,4.4,2.356758203
2021-22,8,106,Mee,DEF,BUR,4.9,0.0
2021-22,8,299,Lascelles,DEF,NEW,4.4,1.482963457
2021-22,8,432,Marcal,DEF,WOL,4.6,1.995605775
2021-22,8,439,Kilman,DEF,WOL,4.5,1.940520394
2021-22,8,494,Romero,DEF,TOT,4.9,0.961775317
2021-22,8,409,Ogbonna,DEF,WHU,5.0,2.575234336
2021-22,8,252,Stones,DEF,MCI,5.3,1.304980824
2021-22,8,477,Guehi,DEF,CRY,4.5,2.133504517
2021-22,8,207,R Pereira,DEF,LEI,5.5,2.226419861
2021-22,8,273,Maguire,DEF,MUN,5.4,0.0
2021-22,8,284,Lindelof,DEF,MUN,4.8,2.873590688
2021-22,8,342,Walker-Peters,DEF,SOU,4.8,1.881977866
2021-22,8,128,Zouma,DEF,WHU,5.4,2.194091583
2021-22,8,198,Struijk,DEF,LEE,4.4,2.493588747
2021-22,8,491,Livramento,DEF,SOU,4.2,2.175339238
2021-22,8,209,Castagne,DEF,LEI,5.3,1.362368968
2021-22,8,474,J Ward,DEF,CRY,4.5,2.039279094
2021-22,8,326,Aarons,DEF,NOR,4.4,2.934620376
2021-22,8,283,Tuanzebe,DEF,AVL,4.5,2.533909634
2021-22,8,340,Vestergaard,DEF,LEI,4.9,2.213298187
2021-22,8,319,Hanley,DEF,NOR,4.4,2.913626148
2021-22,8,184,Cooper,DEF,LEE,4.5,1.984621916
2021-22,8,555,Varane,DEF,MUN,5.5,0.0
2021-22,8,71,Lamptey,DEF,BHA,4.4,1.763334989
2021-22,8,473,Bertrand,DEF,LEI,4.9,1.360593076
2021-22,8,185,Ayling,DEF,LEE,4.4,0.0
2021-22,8,470,Ait-Nouri,DEF,WOL,4.3,1.068940496
2021-22,8,351,Salisu,DEF,SOU,4.5,1.764804642
2021-22,8,150,Kouyate,DEF,CRY,4.5,1.706125407
2021-22,8,113,Taylor,DEF,BUR,4.4,0.703555517
2021-22,8,165,Coleman,DEF,EVE,4.9,1.580819408
2021-22,8,302,Manquillo,DEF,NEW,4.0,1.763938607
2021-22,8,178,Holgate,DEF,EVE,4.3,2.59640487
2021-22,8,567,Lyanco,DEF,SOU,4.5,1.461767276
2021-22,8,580,Kabak,DEF,NOR,4.5,2.76102561
2021-22,8,286,Bailly,DEF,MUN,4.9,2.810898579
2021-22,8,293,Clark,DEF,NEW,4.4,1.671873991
2021-22,8,243,Konate,DEF,LIV,5.2,1.077934631
2021-22,8,238,Gomez,DEF,LIV,4.8,1.054419154
2021-22,8,527,T Chalobah,DEF,CHE,4.8,1.584040788
2021-22,8,56,Duffy,DEF,BHA,4.4,1.913728603
2021-22,8,585,C Roberts,DEF,BUR,4.5,0.612177835
2021-22,8,258,Ake,DEF,MCI,4.9,0.602909636
2021-22,8,110,Lowton,DEF,BUR,4.4,0.714089624
2021-22,8,367,D Sanchez,DEF,TOT,4.5,0.323819585
2021-22,8,371,Tanganga,DEF,TOT,4.6,2.408016925
2021-22,8,414,Dawson,DEF,WHU,5.0,0.836684129
2021-22,8,290,B Williams,DEF,NOR,4.0,2.565672003
2021-22,8,301,Dummett,DEF,NEW,4.5,0.418428253
2021-22,8,245,Tsimikas,DEF,LIV,4.0,0.525781844
2021-22,8,58,Burn,DEF,BHA,4.4,1.049906443
2021-22,8,456,Gibson,DEF,NOR,4.4,0.932854064
2021-22,8,360,Doherty,DEF,TOT,4.7,0.926974987
2021-22,8,14,Holding,DEF,ARS,4.3,0.421854435
2021-22,8,8,Mari,DEF,ARS,4.3,0.410803914
2021-22,8,374,Rodon,DEF,TOT,4.4,0.955646772
2021-22,8,279,Telles,DEF,MUN,5.0,0.419501115
2021-22,8,594,Zanka,DEF,BRE,4.5,0.541037219
2021-22,8,11,Kolasinac,DEF,ARS,4.3,0.383892389
2021-22,8,387,Troost-Ekong,DEF,WAT,4.5,1.585300289
2021-22,8,396,Sierralta,DEF,WAT,4.3,0.086508877
2021-22,8,10,Chambers,DEF,ARS,4.3,0.30813193
2021-22,8,5,Cedric,DEF,ARS,4.3,0.359535529
2021-22,8,303,Krafth,DEF,NEW,4.4,0.339132407
2021-22,8,219,L Thomas,DEF,LEI,4.5,0.466825851
2021-22,8,147,Tomkins,DEF,CRY,4.4,0.243197035
2021-22,8,52,Young,DEF,AVL,4.8,0.570559735
2021-22,8,501,M Sarr,DEF,CHE,4.9,0.330073949
2021-22,8,36,Hause,DEF,AVL,4.4,0.182430994
2021-22,8,218,Justin,DEF,LEI,4.9,0.02018974
2021-22,8,510,Dalot,DEF,MUN,4.4,0.25011571
2021-22,8,311,Lewis,DEF,NEW,4.3,0.25134832
2021-22,8,194,Koch,DEF,LEE,4.3,0.0
2021-22,8,493,Clyne,DEF,CRY,4.4,0.398241771
2021-22,8,417,Masuaku,DEF,WHU,4.4,0.460040388
2021-22,8,379,Cathcart,DEF,WAT,4.4,1.537508644
2021-22,8,90,M Sorensen,DEF,BRE,4.4,0.214671716
2021-22,8,246,N Williams,DEF,LIV,3.9,0.122070288
2021-22,8,443,Hoever,DEF,WOL,4.0,0.327174888
2021-22,8,208,Amartey,DEF,LEI,4.0,0.123309456
2021-22,8,158,Jach,DEF,CRY,4.4,0.112386896
2021-22,8,424,Diop,DEF,WHU,4.3,0.237067962
2021-22,8,425,Johnson,DEF,WHU,3.9,0.725568122
2021-22,8,364,Ben T Davies,DEF,TOT,4.4,0.024045801
2021-22,8,338,J Stephens,DEF,SOU,4.4,0.0
2021-22,8,377,Rose,DEF,WAT,4.3,1.416625792
2021-22,8,331,Omobamidele,DEF,NOR,3.9,0.335982011
2021-22,8,87,Goode,DEF,BRE,3.9,0.057290749
2021-22,8,368,Sessegnon,DEF,TOT,4.3,0.022272612
2021-22,8,498,Thompson,DEF,BRE,4.4,0.054426065
2021-22,8,321,Byram,DEF,NOR,4.4,0.13389823
2021-22,8,466,Tavares,DEF,ARS,4.3,0.132885038
2021-22,8,546,Valery,DEF,SOU,4.0,0.058702626
2021-22,8,241,N Phillips,DEF,LIV,4.3,0.01724077
2021-22,8,544,Branthwaite,DEF,EVE,4.0,0.032161053
2021-22,8,327,J Sorensen,DEF,NOR,4.4,0.129333315
2021-22,8,151,Kelly,DEF,CRY,3.9,0.048556644
2021-22,8,560,H Roberts,DEF,BHA,4.0,0.014170592
2021-22,8,390,Masina,DEF,WAT,4.3,0.526357241
2021-22,8,384,Kabasele,DEF,WAT,4.4,0.019104339
2021-22,8,562,Drameh,DEF,LEE,4.0,0.01027421
2021-22,8,569,Stevens,DEF,BRE,4.0,0.009721807
2021-22,8,563,C Cresswell,DEF,LEE,4.0,0.010066206
2021-22,8,220,Fofana,DEF,LEI,4.4,0.0
2021-22,8,446,Mosquera,DEF,WOL,4.5,0.0
2021-22,8,433,Jonny,DEF,WOL,4.5,0.0
2021-22,8,554,J Baptiste,DEF,WHU,4.0,0.005063263
2021-22,8,565,Dodgson,DEF,BUR,4.0,0.00295987
2021-22,8,604,Wilson-Esbrand,DEF,MCI,4.0,0.005056068
2021-22,8,603,Mbete,DEF,MCI,4.0,0.005007224
2021-22,8,598,Omole,DEF,TOT,4.0,0.004836894
2021-22,8,534,B Thomas,DEF,BUR,4.0,0.002762181
2021-22,8,540,Hannam,DEF,CRY,4.0,0.004078878
2021-22,8,502,Kenny,DEF,EVE,4.5,0.026378898
2021-22,8,515,Mumba,DEF,NOR,4.0,0.004611017
2021-22,8,610,Bogarde,DEF,AVL,4.0,0.004152575
2021-22,8,608,Hjelde,DEF,LEE,4.0,0.003610337
2021-22,8,324,Zimmermann,DEF,NOR,4.4,0.122054386
2021-22,8,161,Ferguson,DEF,CRY,4.5,0.0
2021-22,8,89,Roerslev,DEF,BRE,4.3,0.361361623
2021-22,8,457,Giannoulis,DEF,NOR,4.4,0.287436145
2021-22,8,415,Fredericks,DEF,WHU,4.4,0.099590751
2021-22,8,100,Pieters,DEF,BUR,4.3,0.272440849
2021-22,8,99,Bardsley,DEF,BUR,4.0,0.241321595
2021-22,8,103,K Long,DEF,BUR,4.0,0.663469717
2021-22,8,382,Femenia,DEF,WAT,4.4,1.340581483
2021-22,8,451,Collins,DEF,BUR,4.3,0.758274396
2021-22,8,400,Ngakia,DEF,WAT,4.4,0.73549523
2021-22,8,233,Salah,MID,LIV,12.7,6.068452989
2021-22,8,251,De Bruyne,MID,MCI,11.9,5.919334671
2021-22,8,359,Son,MID,TOT,10.1,4.825237153
2021-22,8,277,Fernandes,MID,MUN,11.8,4.578929667
2021-22,8,230,Mane,MID,LIV,11.9,5.031910843
2021-22,8,154,Zaha,MID,CRY,7.0,3.541206367
2021-22,8,33,Grealish,MID,MCI,7.9,4.23968586
2021-22,8,255,Sterling,MID,MCI,10.7,5.122861628
2021-22,8,138,Mount,MID,CHE,7.4,3.324925134
2021-22,8,196,Raphinha,MID,LEE,6.6,1.195804032
2021-22,8,215,H Barnes,MID,LEI,6.7,3.233406863
2021-22,8,399,I Sarr,MID,WAT,6.3,3.517048467
2021-22,8,363,Alli,MID,TOT,6.5,3.525802319
2021-22,8,64,Trossard,MID,BHA,6.4,4.129294289
2021-22,8,267,Harrison,MID,LEE,5.8,3.588762856
2021-22,8,254,Mahrez,MID,MCI,8.7,4.400948448
2021-22,8,96,Mbeumo,MID,BRE,5.5,2.964482254
2021-22,8,419,Benrahma,MID,WHU,6.6,3.336468449
2021-22,8,420,Bowen,MID,WHU,6.3,3.292116725
2021-22,8,55,Gross,MID,BHA,6.0,3.808320733
2021-22,8,422,Soucek,MID,WHU,5.9,3.291490561
2021-22,8,240,Jota,MID,LIV,7.6,2.294409264
2021-22,8,261,B Silva,MID,MCI,6.9,3.748764366
2021-22,8,272,Pogba,MID,MUN,7.7,3.233859579
2021-22,8,250,Gundogan,MID,MCI,7.2,1.853577791
2021-22,8,188,Dallas,MID,LEE,5.3,3.232341845
2021-22,8,212,Maddison,MID,LEI,6.7,2.893356155
2021-22,8,17,Pepe,MID,ARS,7.1,3.276329859
2021-22,8,22,Saka,MID,ARS,6.3,3.388249549
2021-22,8,210,Tielemans,MID,LEI,6.4,2.973226909
2021-22,8,43,Buendia,MID,AVL,6.4,3.379436737
2021-22,8,339,S Armstrong,MID,SOU,5.8,3.425642813
2021-22,8,81,Canos,MID,BRE,5.5,2.696332945
2021-22,8,141,Havertz,MID,CHE,8.2,2.792424254
2021-22,8,484,D Gray,MID,EVE,5.8,3.220307988
2021-22,8,173,Doucoure,MID,EVE,5.7,3.271616941
2021-22,8,341,Ward-Prowse,MID,SOU,6.4,0.0
2021-22,8,289,M Greenwood,MID,MUN,7.6,2.925800319
2021-22,8,423,Fornals,MID,WHU,6.0,2.857180525
2021-22,8,517,Elyounoussi,MID,SOU,5.5,3.096517369
2021-22,8,291,Shelvey,MID,NEW,5.3,2.279830622
2021-22,8,19,Willock,MID,NEW,5.9,2.784795597
2021-22,8,265,Foden,MID,MCI,7.9,3.93460321
2021-22,8,558,Odegaard,MID,ARS,5.5,3.001184983
2021-22,8,266,Rodri,MID,MCI,5.5,3.043376141
2021-22,8,118,McNeil,MID,BUR,5.9,2.248996886
2021-22,8,587,Lookman,MID,LEI,6.0,2.385846458
2021-22,8,436,Neves,MID,WOL,5.4,2.602044184
2021-22,8,107,Westwood,MID,BUR,5.4,2.140785754
2021-22,8,461,Trincao,MID,WOL,5.9,1.61627448
2021-22,8,308,Almiron,MID,NEW,5.4,2.607290309
2021-22,8,485,Sancho,MID,MUN,9.0,2.553539867
2021-22,8,222,J Henderson,MID,LIV,5.0,3.093119508
2021-22,8,35,McGinn,MID,AVL,5.8,2.796604141
2021-22,8,426,Moutinho,MID,WOL,5.0,2.517616157
2021-22,8,421,Rice,MID,WHU,5.0,2.614549693
2021-22,8,123,Jorginho,MID,CHE,5.9,2.487043618
2021-22,8,482,Townsend,MID,EVE,5.6,2.81051549
2021-22,8,362,Lucas Moura,MID,TOT,6.4,2.527423387
2021-22,8,21,Smith Rowe,MID,ARS,5.4,2.72596894
2021-22,8,336,Redmond,MID,SOU,5.9,3.164738479
2021-22,8,365,Hojbjerg,MID,TOT,4.9,2.592013952
2021-22,8,77,Norgaard,MID,BRE,5.0,2.315702266
2021-22,8,144,Gallagher,MID,CRY,5.7,2.369933941
2021-22,8,216,Ndidi,MID,LEI,4.9,1.033074568
2021-22,8,281,Rashford,MID,MUN,9.4,1.287788551
2021-22,8,186,Klich,MID,LEE,5.5,2.668173156
2021-22,8,492,Bailey,MID,AVL,6.4,1.210525697
2021-22,8,471,Lees-Melou,MID,NOR,5.0,2.04634415
2021-22,8,285,McTominay,MID,MUN,5.4,2.585155677
2021-22,8,268,Torres,MID,MCI,6.9,0.676529642
2021-22,8,335,Romeu,MID,SOU,4.5,2.570646215
2021-22,8,495,Kucka,MID,WAT,5.5,2.341712785
2021-22,8,137,Pulisic,MID,CHE,7.9,0.352000784
2021-22,8,53,Lallana,MID,BHA,5.4,2.518188277
2021-22,8,171,Allan,MID,EVE,4.6,2.498137952
2021-22,8,115,Brownhill,MID,BUR,4.4,1.959682428
2021-22,8,232,Fabinho,MID,LIV,5.4,0.263244148
2021-22,8,325,Cantwell,MID,NOR,5.3,2.149227466
2021-22,8,131,Ziyech,MID,CHE,7.3,1.599952746
2021-22,8,225,Thiago,MID,LIV,5.3,1.153092794
2021-22,8,70,Bissouma,MID,BHA,4.6,2.262987019
2021-22,8,148,McArthur,MID,CRY,4.6,2.002294426
2021-22,8,152,Milivojevic,MID,CRY,5.4,2.155113736
2021-22,8,50,Douglas Luiz,MID,AVL,4.6,0.537044706
2021-22,8,449,Rashica,MID,NOR,5.3,2.157171584
2021-22,8,15,Partey,MID,ARS,5.0,2.467408289
2021-22,8,578,Cornet,MID,BUR,6.0,1.69356097
2021-22,8,191,K Phillips,MID,LEE,4.9,1.433695636
2021-22,8,84,Janelt,MID,BRE,5.0,1.8444134
2021-22,8,381,Cleverley,MID,WAT,5.0,2.156177709
2021-22,8,318,McLean,MID,NOR,4.9,2.15953189
2021-22,8,354,Sissoko,MID,WAT,4.5,2.195674182
2021-22,8,369,Bergwijn,MID,TOT,5.9,1.739190354
2021-22,8,125,Kovacic,MID,CHE,5.2,1.758508601
2021-22,8,74,Mac Allister,MID,BHA,5.5,2.544111608
2021-22,8,239,Keita,MID,LIV,5.0,2.136607331
2021-22,8,478,Lokonga,MID,ARS,4.9,2.296444539
2021-22,8,306,Hayden,MID,NEW,4.5,2.349580532
2021-22,8,435,A Traore,MID,WOL,6.0,2.498413932
2021-22,8,193,T Roberts,MID,LEE,4.9,2.411901569
2021-22,8,375,Ndombele,MID,TOT,5.8,2.156610202
2021-22,8,140,Hudson-Odoi,MID,CHE,5.3,1.467373731
2021-22,8,332,Walcott,MID,SOU,5.8,1.625199152
2021-22,8,274,Fred,MID,MUN,4.9,0.359531491
2021-22,8,130,Kante,MID,CHE,4.9,1.274285712
2021-22,8,304,Murphy,MID,NEW,5.0,0.956422002
2021-22,8,145,Gilmour,MID,NOR,4.5,1.478712076
2021-22,8,60,March,MID,BHA,5.3,1.04966476
2021-22,8,287,D James,MID,LEE,6.0,2.644323153
2021-22,8,174,Iwobi,MID,EVE,5.9,1.565219546
2021-22,8,592,Saul,MID,CHE,5.2,1.09582609
2021-22,8,211,Perez,MID,LEI,5.8,0.616844305
2021-22,8,350,Djenepo,MID,SOU,5.4,1.983704207
2021-22,8,524,Wissa,MID,BRE,5.9,0.388679111
2021-22,8,82,Dasilva,MID,BRE,5.4,0.687486191
2021-22,8,101,Cork,MID,BUR,4.5,1.040908384
2021-22,8,372,Lo Celso,MID,TOT,5.9,0.230256445
2021-22,8,32,B Traore,MID,AVL,5.8,1.567567537
2021-22,8,86,Jensen,MID,BRE,4.9,1.556238097
2021-22,8,160,Eze,MID,CRY,5.9,0.0
2021-22,8,346,Tella,MID,SOU,4.8,1.223178949
2021-22,8,26,Martinelli,MID,ARS,5.2,0.488988816
2021-22,8,197,Shackleton,MID,LEE,4.5,1.93907534
2021-22,8,582,Vlasic,MID,WHU,5.9,1.127820687
2021-22,8,317,Rupp,MID,NOR,4.5,0.77870232
2021-22,8,42,El Ghazi,MID,AVL,5.8,0.346574881
2021-22,8,551,Summerville,MID,LEE,4.5,0.804606955
2021-22,8,462,Mwepu,MID,BHA,5.9,0.693467013
2021-22,8,438,Podence,MID,WOL,5.5,0.927313747
2021-22,8,202,Albrighton,MID,LEI,5.4,0.625224283
2021-22,8,244,C Jones,MID,LIV,5.0,1.677278636
2021-22,8,132,Loftus-Cheek,MID,CHE,5.4,0.027606137
2021-22,8,467,Etebo,MID,WAT,4.5,0.0
2021-22,8,7,Xhaka,MID,ARS,4.9,0.0
2021-22,8,506,Elliott,MID,LIV,5.4,0.0
2021-22,8,37,Trezeguet,MID,AVL,5.4,0.0
2021-22,8,441,Neto,MID,WOL,6.4,0.0
2021-22,8,459,Mata,MID,MUN,4.8,0.025891635
2021-22,8,507,Palmer,MID,MCI,4.5,0.005037693
2021-22,8,597,Markanday,MID,TOT,4.5,0.004476488
2021-22,8,543,Banks,MID,CRY,4.5,0.004311824
2021-22,8,512,Elanga,MID,MUN,4.8,0.00441499
2021-22,8,613,Whitaker,MID,EVE,4.5,0.004304039
2021-22,8,508,Edozie,MID,MCI,4.9,0.004324916
2021-22,8,609,Anderson,MID,NEW,4.5,0.004191814
2021-22,8,612,Sarmiento,MID,BHA,4.5,0.003932614
2021-22,8,605,Lavia,MID,MCI,4.5,0.003879552
2021-22,8,547,Cundle,MID,WOL,4.5,0.008789209
2021-22,8,601,McKinstry,MID,LEE,4.4,0.003711053
2021-22,8,600,Kenneh,MID,LEE,4.5,0.003437178
2021-22,8,548,Campbell,MID,WOL,4.5,0.00849347
2021-22,8,599,J White,MID,NEW,4.5,0.003418367
2021-22,8,124,Barkley,MID,CHE,5.3,0.200372937
2021-22,8,537,Richards,MID,BHA,4.5,0.05339001
2021-22,8,221,Milner,MID,LIV,4.9,2.334179262
2021-22,8,576,McCarron,MID,LEE,4.5,0.021834374
2021-22,8,93,Zamburek,MID,BRE,4.5,0.020544011
2021-22,8,541,Rak-Sakyi,MID,CRY,4.5,0.010155542
2021-22,8,298,Fraser,MID,NEW,5.4,1.079583667
2021-22,8,496,A Ramsey,MID,AVL,4.5,0.019366877
2021-22,8,386,Hughes,MID,CRY,4.8,0.043399821
2021-22,8,12,Elneny,MID,ARS,4.5,0.325122155
2021-22,8,328,Placheta,MID,NOR,4.9,0.31154182
2021-22,8,505,Dewsbury-Hall,MID,LEI,4.5,0.041916076
2021-22,8,581,Normann,MID,NOR,4.5,1.291612612
2021-22,8,75,Moder,MID,BHA,4.5,1.744467757
2021-22,8,73,Alzate,MID,BHA,4.9,0.025781807
2021-22,8,557,Tufan,MID,WAT,5.0,0.821786832
2021-22,8,236,Minamino,MID,LIV,5.2,0.45799882
2021-22,8,347,Smallbone,MID,SOU,4.5,0.091910978
2021-22,8,34,Sanson,MID,AVL,5.0,0.0892218
2021-22,8,79,Fosu,MID,BRE,5.2,0.084299222
2021-22,8,552,Forshaw,MID,LEE,4.5,0.084609083
2021-22,8,497,Philogene-Bidace,MID,AVL,5.0,0.086803399
2021-22,8,458,Soumare,MID,LEI,4.8,1.945229998
2021-22,8,297,Hendrick,MID,NEW,4.8,0.189024086
2021-22,8,526,Chukwuemeka,MID,AVL,4.5,0.507108914
2021-22,8,405,Baah,MID,WAT,4.5,0.075197127
2021-22,8,434,Dendoncker,MID,WOL,4.8,1.236875078
2021-22,8,282,van de Beek,MID,MUN,5.7,0.178735598
2021-22,8,203,N Mendy,MID,LEI,4.4,0.157343525
2021-22,8,373,Skipp,MID,TOT,4.5,1.927466313
2021-22,8,214,Choudhury,MID,LEI,4.5,0.20938274
2021-22,8,323,Dowell,MID,NOR,5.3,0.596683109
2021-22,8,503,A Gordon,MID,EVE,4.5,0.168054841
2021-22,8,227,Chamberlain,MID,LIV,5.8,0.38609856
2021-22,8,85,Ghoddos,MID,BRE,5.3,0.442419017
2021-22,8,453,Fernandinho,MID,MCI,4.9,0.824842852
2021-22,8,163,Delph,MID,EVE,4.4,0.034432765
2021-22,8,157,Riedewald,MID,CRY,4.8,0.252714726
2021-22,8,155,Schlupp,MID,CRY,5.4,1.235169094
2021-22,8,108,Gudmundsson,MID,BUR,5.5,0.956371156
2021-22,8,102,D Stephens,MID,BUR,4.5,0.141266175
2021-22,8,378,Gosling,MID,WAT,4.8,0.357601998
2021-22,8,504,Gbamin,MID,EVE,4.5,0.152668527
2021-22,8,406,Noble,MID,WHU,4.4,0.351747854
2021-22,8,403,Louza,MID,WAT,5.3,0.350028826
2021-22,8,176,T Davies,MID,EVE,4.9,0.363952411
2021-22,8,464,Olise,MID,CRY,5.4,1.574639363
2021-22,8,499,S Baptiste,MID,BRE,5.0,0.979296653
2021-22,8,97,Bidstrup,MID,BRE,4.5,0.31862329
2021-22,8,416,Lanzini,MID,WHU,5.8,1.013762457
2021-22,8,487,Bryan Gil,MID,TOT,5.8,0.757831079
2021-22,8,51,J Ramsey,MID,AVL,4.5,1.21419896
2021-22,8,309,S Longstaff,MID,NEW,4.5,0.854184203
2021-22,8,589,Kral,MID,WHU,4.5,0.430223619
2021-22,8,366,Winks,MID,TOT,4.5,0.311603754
2021-22,8,276,Lingard,MID,MUN,6.9,0.814059999
2021-22,8,41,Nakamba,MID,AVL,4.5,1.784559721
2021-22,8,271,Matic,MID,MUN,4.5,1.475963406
2021-22,8,172,Gomes,MID,EVE,4.9,0.615925223
2021-22,8,528,Tzolis,MID,NOR,5.0,1.271666946
2021-22,8,349,I Diallo,MID,SOU,4.5,0.999782016
2021-22,8,13,Maitland-Niles,MID,ARS,5.3,1.462396209
2021-22,8,391,Sema,MID,WAT,5.3,0.841228933
2021-22,8,479,Onyeka,MID,BRE,4.9,1.488046693
2021-22,8,575,Lennon,MID,BUR,5.0,0.745026966
2021-22,8,412,Yarmolenko,MID,WHU,5.3,1.273243006
2021-22,8,357,Kane,FWD,TOT,12.1,5.343708765
2021-22,8,529,Lukaku,FWD,CHE,11.7,4.287633223
2021-22,8,430,Jimenez,FWD,WOL,7.5,3.963613103
2021-22,8,205,Vardy,FWD,LEI,10.5,3.881499928
2021-22,8,413,Antonio,FWD,WHU,8.0,4.162197794
2021-22,8,4,Aubameyang,FWD,ARS,9.9,4.305768778
2021-22,8,579,Ronaldo,FWD,MUN,12.6,4.11409114
2021-22,8,177,Calvert-Lewin,FWD,EVE,8.0,3.199946234
2021-22,8,525,A Armstrong,FWD,SOU,6.0,4.353142947
2021-22,8,78,Toney,FWD,BRE,6.4,3.264552896
2021-22,8,109,Wood,FWD,BUR,6.8,2.894099766
2021-22,8,63,Maupay,FWD,BHA,6.5,4.214883067
2021-22,8,228,Firmino,FWD,LIV,8.8,3.803836577
2021-22,8,337,Ings,FWD,AVL,7.8,3.752565316
2021-22,8,315,Pukki,FWD,NOR,5.9,3.585020621
2021-22,8,296,Wilson,FWD,NEW,7.3,2.155271821
2021-22,8,40,Watkins,FWD,AVL,7.3,3.61791043
2021-22,8,187,Rodrigo,FWD,LEE,6.3,3.930384036
2021-22,8,180,Richarlison,FWD,EVE,7.4,2.638347021
2021-22,8,583,Hwang,FWD,WOL,5.6,3.080822532
2021-22,8,263,Jesus,FWD,MCI,8.6,0.939709684
2021-22,8,189,Bamford,FWD,LEE,7.8,0.0
2021-22,8,345,Adams,FWD,SOU,6.8,0.196801513
2021-22,8,307,Saint-Maximin,FWD,NEW,6.8,2.979036547
2021-22,8,468,King,FWD,WAT,5.5,2.12212152
2021-22,8,586,Edouard,FWD,CRY,6.5,2.432185041
2021-22,8,213,Iheanacho,FWD,LEI,7.0,2.473512902
2021-22,8,591,Rondon,FWD,EVE,6.0,3.222485136
2021-22,8,404,Joao Pedro,FWD,WAT,5.4,2.31092187
2021-22,8,447,Welbeck,FWD,BHA,6.0,0.0
2021-22,8,516,Sargent,FWD,NOR,5.4,2.073135896
2021-22,8,134,Werner,FWD,CHE,8.6,1.615653608
2021-22,8,6,Lacazette,FWD,ARS,8.3,1.313890208
2021-22,8,105,A Barnes,FWD,BUR,5.4,1.859216109
2021-22,8,153,Ayew,FWD,CRY,5.9,2.010784533
2021-22,8,455,Daka,FWD,LEI,7.1,1.45041396
2021-22,8,450,Dennis,FWD,WAT,5.2,2.254363372
2021-22,8,111,Vydra,FWD,BUR,5.2,1.012631189
2021-22,8,310,Joelinton,FWD,NEW,5.8,2.439860938
2021-22,8,278,Martial,FWD,MUN,7.6,1.373504191
2021-22,8,269,Cavani,FWD,MUN,8.4,0.20730776
2021-22,8,519,S Long,FWD,SOU,5.4,0.433960976
2021-22,8,88,Forss,FWD,BRE,5.3,0.382458054
2021-22,8,602,Simms,FWD,EVE,4.5,0.004073784
2021-22,8,542,Street,FWD,CRY,4.5,0.003610328
2021-22,8,533,Richardson,FWD,BUR,4.5,0.003413555
2021-22,8,520,Scarlett,FWD,TOT,4.5,0.008536533
2021-22,8,20,Nketiah,FWD,ARS,5.4,0.104999931
2021-22,8,235,Origi,FWD,LIV,4.9,0.452997911
2021-22,8,577,Gelhardt,FWD,LEE,4.5,0.018618632
2021-22,8,395,Fletcher,FWD,WAT,4.9,0.042792187
2021-22,8,159,Mateta,FWD,CRY,5.3,0.143266102
2021-22,8,550,S Greenwood,FWD,LEE,4.5,0.092531725
2021-22,8,300,Gayle,FWD,NEW,5.3,0.314015451
2021-22,8,72,Connolly,FWD,BHA,5.3,0.444307387
2021-22,8,530,Balogun,FWD,ARS,4.8,0.093084018
2021-22,8,49,Davis,FWD,AVL,4.4,0.083454742
2021-22,8,595,Locadia,FWD,BHA,4.5,0.188502188
2021-22,8,607,Dobbin,FWD,EVE,4.5,0.07126188
2021-22,8,518,Broja,FWD,SOU,5.0,0.801196816
2021-22,8,568,Archer,FWD,AVL,4.5,0.219806917
2021-22,8,472,Cucho,FWD,WAT,5.0,0.507676748
2021-22,8,149,Benteke,FWD,CRY,6.3,1.30692456
2021-22,8,445,F Silva,FWD,WOL,5.7,0.669002328
2021-22,8,104,Jay Rodriguez,FWD,BUR,5.3,1.137590078
2021-22,8,329,Idah,FWD,NOR,4.9,0.683109877
2021-22,9,257,Ederson,GK,MCI,6.0,4.237629043
2021-22,9,143,E Mendy,GK,CHE,6.0,4.459459991
2021-22,9,231,Alisson,GK,LIV,6.0,3.307201469
2021-22,9,30,Martinez,GK,AVL,5.5,3.539953166
2021-22,9,112,Pope,GK,BUR,5.4,3.542978798
2021-22,9,559,Ramsdale,GK,ARS,4.6,3.780826511
2021-22,9,199,Meslier,GK,LEE,5.0,3.991886727
2021-22,9,146,Guaita,GK,CRY,4.5,3.997249412
2021-22,9,353,Lloris,GK,TOT,5.5,3.307829543
2021-22,9,475,Sa,GK,WOL,5.0,3.079703548
2021-22,9,69,R Sanchez,GK,BHA,4.6,3.286133386
2021-22,9,170,Pickford,GK,EVE,5.0,4.134265628
2021-22,9,80,Raya,GK,BRE,4.6,3.125649266
2021-22,9,334,McCarthy,GK,SOU,4.5,3.356787815
2021-22,9,200,Schmeichel,GK,LEI,5.1,3.138853166
2021-22,9,408,Fabianski,GK,WHU,5.0,2.668609848
2021-22,9,295,Dubravka,GK,NEW,4.4,0.73491178
2021-22,9,314,Krul,GK,NOR,4.5,2.184701749
2021-22,9,280,D Henderson,GK,MUN,4.8,1.644642588
2021-22,9,270,de Gea,GK,MUN,5.1,1.669319852
2021-22,9,294,Darlow,GK,NEW,4.5,2.777047325
2021-22,9,389,Bachmann,GK,WAT,4.4,1.989311396
2021-22,9,489,Areola,GK,WHU,4.8,0.766914963
2021-22,9,1,Leno,GK,ARS,4.8,0.35286406
2021-22,9,333,Forster,GK,SOU,4.4,0.4365174
2021-22,9,129,Kepa,GK,CHE,4.9,0.269444672
2021-22,9,376,Foster,GK,WAT,4.0,0.446417803
2021-22,9,156,Butland,GK,CRY,4.4,0.145974882
2021-22,9,480,Hennessey,GK,BUR,4.5,0.174449225
2021-22,9,242,Kelleher,GK,LIV,4.4,0.075682512
2021-22,9,260,Steffen,GK,MCI,4.5,0.081368431
2021-22,9,448,Gunn,GK,NOR,4.0,0.149460937
2021-22,9,452,Ruddy,GK,WOL,4.4,0.067620346
2021-22,9,486,Gollini,GK,TOT,4.4,0.06193361
2021-22,9,490,Klaesson,GK,LEE,4.4,0.077234942
2021-22,9,513,Woodman,GK,NEW,4.5,0.063426308
2021-22,9,28,Steer,GK,AVL,4.0,0.057003982
2021-22,9,204,D Ward,GK,LEI,4.0,0.05963421
2021-22,9,481,Begovic,GK,EVE,4.0,0.072182685
2021-22,9,476,Scherpen,GK,BHA,4.5,0.034877187
2021-22,9,54,Steele,GK,BHA,4.0,0.033364118
2021-22,9,556,A Fernandez,GK,BRE,4.5,0.033691696
2021-22,9,593,Carson,GK,MCI,4.0,0.008816032
2021-22,9,606,Bettinelli,GK,CHE,4.0,0.009306579
2021-22,9,561,Matthews,GK,CRY,4.0,0.008083692
2021-22,9,514,Gillespie,GK,NEW,4.0,0.007304001
2021-22,9,509,Heaton,GK,MUN,4.0,0.006727168
2021-22,9,114,Norris,GK,BUR,4.4,0.006833982
2021-22,9,571,Lonergan,GK,EVE,4.0,0.008072716
2021-22,9,596,Sinisalo,GK,AVL,4.0,0.006027848
2021-22,9,407,Randolph,GK,WHU,4.4,0.006220703
2021-22,9,573,Jakupovic,GK,LEI,4.0,0.006426058
2021-22,9,572,Okonkwo,GK,ARS,4.0,0.003723032
2021-22,9,532,Hein,GK,ARS,4.0,0.00371607
2021-22,9,313,McGovern,GK,NOR,4.0,0.004723269
2021-22,9,223,Adrian,GK,LIV,4.4,0.000663869
2021-22,9,574,Elliot,GK,WAT,4.0,0.005096122
2021-22,9,615,Slicker,GK,MCI,4.0,0.004699433
2021-22,9,611,Moulden,GK,WOL,4.0,0.003825908
2021-22,9,616,Tyrer,GK,EVE,4.0,0.004482157
2021-22,9,256,Cancelo,DEF,MCI,6.2,4.317969843
2021-22,9,237,Trent,DEF,LIV,7.5,3.472429409
2021-22,9,262,Dias,DEF,MCI,6.1,4.004505416
2021-22,9,127,Rudiger,DEF,CHE,5.8,4.732023602
2021-22,9,119,Azpilicueta,DEF,CHE,6.1,4.695462037
2021-22,9,234,Robertson,DEF,LIV,7.0,3.134565994
2021-22,9,142,R James,DEF,CHE,5.5,4.684841327
2021-22,9,135,Chilwell,DEF,CHE,5.6,4.112853411
2021-22,9,229,van Dijk,DEF,LIV,6.6,2.939052807
2021-22,9,437,Semedo,DEF,WOL,4.9,3.135209738
2021-22,9,168,Digne,DEF,EVE,5.3,5.059957237
2021-22,9,259,Laporte,DEF,MCI,5.5,3.049479292
2021-22,9,249,Walker,DEF,MCI,5.5,3.002962728
2021-22,9,431,Saiss,DEF,WOL,5.0,2.385355721
2021-22,9,275,Shaw,DEF,MUN,5.4,2.910992014
2021-22,9,292,Ritchie,DEF,NEW,4.9,3.283714378
2021-22,9,59,Dunk,DEF,BHA,5.0,2.753360863
2021-22,9,370,Reguilon,DEF,TOT,5.1,2.86721152
2021-22,9,91,Pinnock,DEF,BRE,4.6,2.958470768
2021-22,9,133,Christensen,DEF,CHE,5.0,3.084528995
2021-22,9,429,Coady,DEF,WOL,4.5,2.615880688
2021-22,9,121,T Silva,DEF,CHE,5.5,2.951186588
2021-22,9,98,Tarkowski,DEF,BUR,5.0,2.991057593
2021-22,9,288,Wan-Bissaka,DEF,MUN,5.4,2.700139959
2021-22,9,16,Tierney,DEF,ARS,4.9,3.632555437
2021-22,9,169,Keane,DEF,EVE,5.0,4.138527036
2021-22,9,201,Evans,DEF,LEI,5.4,2.855192979
2021-22,9,411,A Cresswell,DEF,WHU,5.5,3.404242697
2021-22,9,23,Gabriel,DEF,ARS,5.0,3.520259874
2021-22,9,45,Konsa,DEF,AVL,4.9,2.570307561
2021-22,9,264,Zinchenko,DEF,MCI,5.3,2.11126316
2021-22,9,76,Jansson,DEF,BRE,4.6,2.758237565
2021-22,9,584,Cucurella,DEF,BHA,5.0,2.454675927
2021-22,9,588,Emerson R,DEF,TOT,5.0,2.633996077
2021-22,9,83,Henry,DEF,BRE,4.5,2.65234741
2021-22,9,428,Boly,DEF,WOL,4.9,1.931115872
2021-22,9,39,Targett,DEF,AVL,4.8,2.499718477
2021-22,9,175,Mina,DEF,EVE,4.9,3.77781341
2021-22,9,67,B White,DEF,ARS,4.4,3.436833251
2021-22,9,162,Mitchell,DEF,CRY,4.5,3.621704999
2021-22,9,488,Andersen,DEF,CRY,4.5,3.642807279
2021-22,9,343,Bednarek,DEF,SOU,4.4,3.443209458
2021-22,9,224,Matip,DEF,LIV,5.0,1.678628357
2021-22,9,217,Soyuncu,DEF,LEI,4.9,2.743796342
2021-22,9,418,Coufal,DEF,WHU,4.9,2.639928701
2021-22,9,590,Tomiyasu,DEF,ARS,4.6,3.348507579
2021-22,9,38,Mings,DEF,AVL,5.0,2.453111587
2021-22,9,190,Llorente,DEF,LEE,4.5,3.346236744
2021-22,9,44,Cash,DEF,AVL,5.1,2.432642735
2021-22,9,299,Lascelles,DEF,NEW,4.4,2.974068515
2021-22,9,252,Stones,DEF,MCI,5.3,1.583830242
2021-22,9,273,Maguire,DEF,MUN,5.4,1.238340939
2021-22,9,477,Guehi,DEF,CRY,4.5,3.480328702
2021-22,9,106,Mee,DEF,BUR,4.9,1.993691095
2021-22,9,460,Perraud,DEF,SOU,4.9,2.758564979
2021-22,9,122,Alonso,DEF,CHE,6.0,1.701897038
2021-22,9,293,Clark,DEF,NEW,4.4,2.945825072
2021-22,9,494,Romero,DEF,TOT,4.9,2.317647113
2021-22,9,483,Ajer,DEF,BRE,4.5,2.175428123
2021-22,9,432,Marcal,DEF,WOL,4.6,1.841903342
2021-22,9,474,J Ward,DEF,CRY,4.5,3.338226495
2021-22,9,209,Castagne,DEF,LEI,5.3,1.962285179
2021-22,9,61,Webster,DEF,BHA,4.4,0.884904293
2021-22,9,439,Kilman,DEF,WOL,4.5,1.790459495
2021-22,9,62,Veltman,DEF,BHA,4.4,2.24783709
2021-22,9,198,Struijk,DEF,LEE,4.4,3.29019082
2021-22,9,361,Dier,DEF,TOT,4.6,1.897614199
2021-22,9,184,Cooper,DEF,LEE,4.5,3.195847717
2021-22,9,409,Ogbonna,DEF,WHU,5.0,2.909766
2021-22,9,113,Taylor,DEF,BUR,4.4,2.231876696
2021-22,9,207,R Pereira,DEF,LEI,5.5,1.91507149
2021-22,9,342,Walker-Peters,DEF,SOU,4.8,2.268437213
2021-22,9,491,Livramento,DEF,SOU,4.2,2.624622752
2021-22,9,128,Zouma,DEF,WHU,5.4,2.485722674
2021-22,9,179,Godfrey,DEF,EVE,4.8,2.960200478
2021-22,9,340,Vestergaard,DEF,LEI,4.9,2.122608294
2021-22,9,555,Varane,DEF,MUN,5.5,0.0
2021-22,9,473,Bertrand,DEF,LEI,4.9,1.758690007
2021-22,9,302,Manquillo,DEF,NEW,4.0,2.468850788
2021-22,9,465,F Fernandez,DEF,NEW,4.4,1.488980261
2021-22,9,463,Firpo,DEF,LEE,4.8,0.0
2021-22,9,36,Hause,DEF,AVL,4.4,1.211785063
2021-22,9,470,Ait-Nouri,DEF,WOL,4.3,0.999057026
2021-22,9,351,Salisu,DEF,SOU,4.5,2.063573628
2021-22,9,110,Lowton,DEF,BUR,4.4,1.464231256
2021-22,9,284,Lindelof,DEF,MUN,4.8,2.470851473
2021-22,9,71,Lamptey,DEF,BHA,4.4,1.82831334
2021-22,9,567,Lyanco,DEF,SOU,4.5,1.878665754
2021-22,9,326,Aarons,DEF,NOR,4.4,1.430096743
2021-22,9,185,Ayling,DEF,LEE,4.4,0.0
2021-22,9,319,Hanley,DEF,NOR,4.4,1.405461312
2021-22,9,165,Coleman,DEF,EVE,4.9,1.95654168
2021-22,9,243,Konate,DEF,LIV,5.2,0.767006689
2021-22,9,585,C Roberts,DEF,BUR,4.5,0.920477659
2021-22,9,238,Gomez,DEF,LIV,4.8,0.75262306
2021-22,9,283,Tuanzebe,DEF,AVL,4.5,1.260643972
2021-22,9,56,Duffy,DEF,BHA,4.4,1.368145936
2021-22,9,594,Zanka,DEF,BRE,4.5,0.958761877
2021-22,9,367,D Sanchez,DEF,TOT,4.5,0.809118452
2021-22,9,150,Kouyate,DEF,CRY,4.5,2.37898642
2021-22,9,258,Ake,DEF,MCI,4.9,0.519494583
2021-22,9,580,Kabak,DEF,NOR,4.5,1.259408474
2021-22,9,414,Dawson,DEF,WHU,5.0,1.272660099
2021-22,9,527,T Chalobah,DEF,CHE,4.8,0.616617608
2021-22,9,178,Holgate,DEF,EVE,4.3,1.285787657
2021-22,9,245,Tsimikas,DEF,LIV,4.0,0.378390232
2021-22,9,387,Troost-Ekong,DEF,WAT,4.5,2.094490116
2021-22,9,218,Justin,DEF,LEI,4.9,0.090657414
2021-22,9,100,Pieters,DEF,BUR,4.3,0.762153425
2021-22,9,305,Schar,DEF,NEW,4.3,0.457159953
2021-22,9,286,Bailly,DEF,MUN,4.9,1.496817127
2021-22,9,58,Burn,DEF,BHA,4.4,0.743203183
2021-22,9,456,Gibson,DEF,NOR,4.4,0.454582843
2021-22,9,371,Tanganga,DEF,TOT,4.6,0.461178583
2021-22,9,279,Telles,DEF,MUN,5.0,0.380599458
2021-22,9,219,L Thomas,DEF,LEI,4.5,0.503017244
2021-22,9,14,Holding,DEF,ARS,4.3,0.365502668
2021-22,9,301,Dummett,DEF,NEW,4.5,0.144950188
2021-22,9,379,Cathcart,DEF,WAT,4.4,1.947302155
2021-22,9,396,Sierralta,DEF,WAT,4.3,0.446996832
2021-22,9,290,B Williams,DEF,NOR,4.0,1.189605759
2021-22,9,208,Amartey,DEF,LEI,4.0,0.27510081
2021-22,9,374,Rodon,DEF,TOT,4.4,0.248599788
2021-22,9,147,Tomkins,DEF,CRY,4.4,0.280615382
2021-22,9,303,Krafth,DEF,NEW,4.4,0.289206695
2021-22,9,11,Kolasinac,DEF,ARS,4.3,0.255067669
2021-22,9,377,Rose,DEF,WAT,4.3,1.820046972
2021-22,9,360,Doherty,DEF,TOT,4.7,0.146917129
2021-22,9,425,Johnson,DEF,WHU,3.9,1.004362655
2021-22,9,90,M Sorensen,DEF,BRE,4.4,0.246054543
2021-22,9,10,Chambers,DEF,ARS,4.3,0.183365483
2021-22,9,451,Collins,DEF,BUR,4.3,0.781984652
2021-22,9,493,Clyne,DEF,CRY,4.4,0.444912398
2021-22,9,8,Mari,DEF,ARS,4.3,0.180074011
2021-22,9,311,Lewis,DEF,NEW,4.3,0.266741329
2021-22,9,443,Hoever,DEF,WOL,4.0,0.303318754
2021-22,9,563,C Cresswell,DEF,LEE,4.0,0.459307047
2021-22,9,417,Masuaku,DEF,WHU,4.4,0.515636616
2021-22,9,510,Dalot,DEF,MUN,4.4,0.228641246
2021-22,9,246,N Williams,DEF,LIV,3.9,0.0884306
2021-22,9,5,Cedric,DEF,ARS,4.3,0.158963654
2021-22,9,501,M Sarr,DEF,CHE,4.9,0.095180626
2021-22,9,364,Ben T Davies,DEF,TOT,4.4,0.04533807
2021-22,9,424,Diop,DEF,WHU,4.3,0.264743991
2021-22,9,338,J Stephens,DEF,SOU,4.4,0.0
2021-22,9,87,Goode,DEF,BRE,3.9,0.066944834
2021-22,9,158,Jach,DEF,CRY,4.4,0.086644747
2021-22,9,390,Masina,DEF,WAT,4.3,0.543935207
2021-22,9,368,Sessegnon,DEF,TOT,4.3,0.041741615
2021-22,9,498,Thompson,DEF,BRE,4.4,0.063163034
2021-22,9,194,Koch,DEF,LEE,4.3,0.0
2021-22,9,99,Bardsley,DEF,BUR,4.0,0.058076541
2021-22,9,546,Valery,DEF,SOU,4.0,0.069177118
2021-22,9,89,Roerslev,DEF,BRE,4.3,0.305691834
2021-22,9,241,N Phillips,DEF,LIV,4.3,0.012327765
2021-22,9,562,Drameh,DEF,LEE,4.0,0.069382785
2021-22,9,544,Branthwaite,DEF,EVE,4.0,0.039525072
2021-22,9,321,Byram,DEF,NOR,4.4,0.068875403
2021-22,9,151,Kelly,DEF,CRY,3.9,0.035115958
2021-22,9,560,H Roberts,DEF,BHA,4.0,0.010467756
2021-22,9,569,Stevens,DEF,BRE,4.0,0.010954767
2021-22,9,466,Tavares,DEF,ARS,4.3,0.120477697
2021-22,9,608,Hjelde,DEF,LEE,4.0,0.061836635
2021-22,9,103,K Long,DEF,BUR,4.0,0.01068582
2021-22,9,331,Omobamidele,DEF,NOR,3.9,0.166721525
2021-22,9,565,Dodgson,DEF,BUR,4.0,0.002605922
2021-22,9,220,Fofana,DEF,LEI,4.4,0.0
2021-22,9,446,Mosquera,DEF,WOL,4.5,0.0
2021-22,9,433,Jonny,DEF,WOL,4.5,0.0
2021-22,9,534,B Thomas,DEF,BUR,4.0,0.002400559
2021-22,9,554,J Baptiste,DEF,WHU,4.0,0.005492522
2021-22,9,540,Hannam,DEF,CRY,4.0,0.005546289
2021-22,9,604,Wilson-Esbrand,DEF,MCI,4.0,0.004630323
2021-22,9,603,Mbete,DEF,MCI,4.0,0.004599248
2021-22,9,598,Omole,DEF,TOT,4.0,0.004157581
2021-22,9,384,Kabasele,DEF,WAT,4.4,0.04842486
2021-22,9,327,J Sorensen,DEF,NOR,4.4,0.068317091
2021-22,9,515,Mumba,DEF,NOR,4.0,0.002877584
2021-22,9,502,Kenny,DEF,EVE,4.5,0.031547344
2021-22,9,617,Ashby,DEF,WHU,4.0,0.00414647
2021-22,9,610,Bogarde,DEF,AVL,4.0,0.021494616
2021-22,9,161,Ferguson,DEF,CRY,4.5,0.0
2021-22,9,324,Zimmermann,DEF,NOR,4.4,0.063137166
2021-22,9,457,Giannoulis,DEF,NOR,4.4,0.158259758
2021-22,9,415,Fredericks,DEF,WHU,4.4,0.197417568
2021-22,9,52,Young,DEF,AVL,4.8,0.440894894
2021-22,9,382,Femenia,DEF,WAT,4.4,1.671216784
2021-22,9,400,Ngakia,DEF,WAT,4.4,0.781140163
2021-22,9,233,Salah,MID,LIV,12.7,4.686000521
2021-22,9,251,De Bruyne,MID,MCI,11.9,4.32533857
2021-22,9,359,Son,MID,TOT,10.1,4.450956869
2021-22,9,277,Fernandes,MID,MUN,11.8,4.719288085
2021-22,9,230,Mane,MID,LIV,11.9,3.758522831
2021-22,9,196,Raphinha,MID,LEE,6.6,3.977105177
2021-22,9,141,Havertz,MID,CHE,8.2,5.464055468
2021-22,9,138,Mount,MID,CHE,7.4,4.934101619
2021-22,9,154,Zaha,MID,CRY,7.0,3.533054182
2021-22,9,265,Foden,MID,MCI,7.9,3.227214171
2021-22,9,399,I Sarr,MID,WAT,6.3,3.486304602
2021-22,9,96,Mbeumo,MID,BRE,5.5,3.436566422
2021-22,9,267,Harrison,MID,LEE,5.8,3.467434128
2021-22,9,255,Sterling,MID,MCI,10.7,3.000700616
2021-22,9,215,H Barnes,MID,LEI,6.7,3.084432466
2021-22,9,419,Benrahma,MID,WHU,6.6,3.770345382
2021-22,9,64,Trossard,MID,BHA,6.4,2.941508617
2021-22,9,17,Pepe,MID,ARS,7.1,3.770934955
2021-22,9,420,Bowen,MID,WHU,6.3,3.721465082
2021-22,9,422,Soucek,MID,WHU,5.9,3.782680265
2021-22,9,254,Mahrez,MID,MCI,8.7,2.640418349
2021-22,9,341,Ward-Prowse,MID,SOU,6.4,0.0
2021-22,9,484,D Gray,MID,EVE,5.8,4.125861183
2021-22,9,188,Dallas,MID,LEE,5.3,3.299621867
2021-22,9,55,Gross,MID,BHA,6.0,2.874065215
2021-22,9,212,Maddison,MID,LEI,6.7,3.135502221
2021-22,9,272,Pogba,MID,MUN,7.7,3.262244672
2021-22,9,33,Grealish,MID,MCI,7.9,2.712875215
2021-22,9,81,Canos,MID,BRE,5.5,3.106174924
2021-22,9,261,B Silva,MID,MCI,6.9,2.723055921
2021-22,9,240,Jota,MID,LIV,7.6,2.561935086
2021-22,9,210,Tielemans,MID,LEI,6.4,2.564948942
2021-22,9,250,Gundogan,MID,MCI,7.2,2.562651133
2021-22,9,339,S Armstrong,MID,SOU,5.8,3.513505412
2021-22,9,22,Saka,MID,ARS,6.3,2.507193349
2021-22,9,423,Fornals,MID,WHU,6.0,3.178282037
2021-22,9,118,McNeil,MID,BUR,5.9,2.860270252
2021-22,9,107,Westwood,MID,BUR,5.4,2.849894412
2021-22,9,19,Willock,MID,NEW,5.9,2.884319487
2021-22,9,289,M Greenwood,MID,MUN,7.6,2.809414466
2021-22,9,482,Townsend,MID,EVE,5.6,3.701231953
2021-22,9,517,Elyounoussi,MID,SOU,5.5,3.019268158
2021-22,9,123,Jorginho,MID,CHE,5.9,3.035638227
2021-22,9,436,Neves,MID,WOL,5.4,2.671020275
2021-22,9,558,Odegaard,MID,ARS,5.5,3.089255016
2021-22,9,266,Rodri,MID,MCI,5.5,2.639146847
2021-22,9,308,Almiron,MID,NEW,5.4,2.538326465
2021-22,9,426,Moutinho,MID,WOL,5.0,2.571077082
2021-22,9,291,Shelvey,MID,NEW,5.3,0.0
2021-22,9,21,Smith Rowe,MID,ARS,5.4,2.82859509
2021-22,9,485,Sancho,MID,MUN,9.0,2.504267403
2021-22,9,421,Rice,MID,WHU,5.0,2.886015318
2021-22,9,336,Redmond,MID,SOU,5.9,2.865317664
2021-22,9,35,McGinn,MID,AVL,5.8,2.527013391
2021-22,9,43,Buendia,MID,AVL,6.4,2.433926098
2021-22,9,222,J Henderson,MID,LIV,5.0,2.437377365
2021-22,9,461,Trincao,MID,WOL,5.9,0.370494483
2021-22,9,53,Lallana,MID,BHA,5.4,2.319348411
2021-22,9,77,Norgaard,MID,BRE,5.0,2.537934811
2021-22,9,362,Lucas Moura,MID,TOT,6.4,2.373995345
2021-22,9,281,Rashford,MID,MUN,9.4,1.704288609
2021-22,9,365,Hojbjerg,MID,TOT,4.9,2.448479269
2021-22,9,375,Ndombele,MID,TOT,5.8,2.374925873
2021-22,9,363,Alli,MID,TOT,6.5,1.776603491
2021-22,9,131,Ziyech,MID,CHE,7.3,2.403555653
2021-22,9,144,Gallagher,MID,CRY,5.7,2.834435547
2021-22,9,115,Brownhill,MID,BUR,4.4,2.462328818
2021-22,9,186,Klich,MID,LEE,5.5,2.837700344
2021-22,9,578,Cornet,MID,BUR,6.0,2.307921435
2021-22,9,232,Fabinho,MID,LIV,5.4,2.218589436
2021-22,9,587,Lookman,MID,LEI,6.0,1.972341273
2021-22,9,471,Lees-Melou,MID,NOR,5.0,1.83396551
2021-22,9,495,Kucka,MID,WAT,5.5,2.337579286
2021-22,9,171,Allan,MID,EVE,4.6,2.811452193
2021-22,9,285,McTominay,MID,MUN,5.4,2.243035393
2021-22,9,174,Iwobi,MID,EVE,5.9,2.911776246
2021-22,9,335,Romeu,MID,SOU,4.5,2.665322645
2021-22,9,193,T Roberts,MID,LEE,4.9,2.6846505
2021-22,9,152,Milivojevic,MID,CRY,5.4,2.606319734
2021-22,9,148,McArthur,MID,CRY,4.6,2.350160326
2021-22,9,140,Hudson-Odoi,MID,CHE,5.3,2.838237024
2021-22,9,15,Partey,MID,ARS,5.0,2.512859014
2021-22,9,325,Cantwell,MID,NOR,5.3,1.925551144
2021-22,9,125,Kovacic,MID,CHE,5.2,2.076220277
2021-22,9,435,A Traore,MID,WOL,6.0,2.891228555
2021-22,9,70,Bissouma,MID,BHA,4.6,2.170190342
2021-22,9,84,Janelt,MID,BRE,5.0,1.795719757
2021-22,9,492,Bailey,MID,AVL,6.4,1.432246898
2021-22,9,449,Rashica,MID,NOR,5.3,1.790390465
2021-22,9,381,Cleverley,MID,WAT,5.0,2.165468415
2021-22,9,458,Soumare,MID,LEI,4.8,2.171343757
2021-22,9,50,Douglas Luiz,MID,AVL,4.6,2.132779181
2021-22,9,354,Sissoko,MID,WAT,4.5,2.21910629
2021-22,9,225,Thiago,MID,LIV,5.3,0.428490142
2021-22,9,318,McLean,MID,NOR,4.9,2.000116981
2021-22,9,369,Bergwijn,MID,TOT,5.9,1.637861419
2021-22,9,137,Pulisic,MID,CHE,7.9,0.481672874
2021-22,9,130,Kante,MID,CHE,4.9,2.188812663
2021-22,9,306,Hayden,MID,NEW,4.5,2.317948539
2021-22,9,197,Shackleton,MID,LEE,4.5,2.557033786
2021-22,9,274,Fred,MID,MUN,4.9,1.859294558
2021-22,9,191,K Phillips,MID,LEE,4.9,0.376044615
2021-22,9,478,Lokonga,MID,ARS,4.9,2.355732835
2021-22,9,86,Jensen,MID,BRE,4.9,2.154091306
2021-22,9,239,Keita,MID,LIV,5.0,1.918655789
2021-22,9,592,Saul,MID,CHE,5.2,1.126806603
2021-22,9,176,T Davies,MID,EVE,4.9,2.52538262
2021-22,9,145,Gilmour,MID,NOR,4.5,0.0
2021-22,9,287,D James,MID,LEE,6.0,1.966891974
2021-22,9,82,Dasilva,MID,BRE,5.4,0.761447439
2021-22,9,74,Mac Allister,MID,BHA,5.5,1.896567855
2021-22,9,332,Walcott,MID,SOU,5.8,1.488850827
2021-22,9,372,Lo Celso,MID,TOT,5.9,0.911515277
2021-22,9,479,Onyeka,MID,BRE,4.9,2.131432395
2021-22,9,524,Wissa,MID,BRE,5.9,0.061881703
2021-22,9,160,Eze,MID,CRY,5.9,0.039581296
2021-22,9,309,S Longstaff,MID,NEW,4.5,2.491052872
2021-22,9,438,Podence,MID,WOL,5.5,1.483550737
2021-22,9,101,Cork,MID,BUR,4.5,0.724431928
2021-22,9,373,Skipp,MID,TOT,4.5,1.893743433
2021-22,9,216,Ndidi,MID,LEI,4.9,0.0
2021-22,9,42,El Ghazi,MID,AVL,5.8,0.249904842
2021-22,9,173,Doucoure,MID,EVE,5.7,0.0
2021-22,9,211,Perez,MID,LEI,5.8,0.330461017
2021-22,9,350,Djenepo,MID,SOU,5.4,1.826944785
2021-22,9,582,Vlasic,MID,WHU,5.9,1.22808323
2021-22,9,317,Rupp,MID,NOR,4.5,0.67287806
2021-22,9,346,Tella,MID,SOU,4.8,1.082372467
2021-22,9,172,Gomes,MID,EVE,4.9,0.093307624
2021-22,9,26,Martinelli,MID,ARS,5.2,0.898111181
2021-22,9,132,Loftus-Cheek,MID,CHE,5.4,0.032117146
2021-22,9,124,Barkley,MID,CHE,5.3,0.174578211
2021-22,9,203,N Mendy,MID,LEI,4.4,0.0
2021-22,9,467,Etebo,MID,WAT,4.5,0.0
2021-22,9,7,Xhaka,MID,ARS,4.9,0.0
2021-22,9,506,Elliott,MID,LIV,5.4,0.0
2021-22,9,37,Trezeguet,MID,AVL,5.4,0.0
2021-22,9,441,Neto,MID,WOL,6.4,0.0
2021-22,9,268,Torres,MID,MCI,6.9,0.0
2021-22,9,459,Mata,MID,MUN,4.8,0.025959114
2021-22,9,507,Palmer,MID,MCI,4.5,0.004378053
2021-22,9,543,Banks,MID,CRY,4.5,0.004785304
2021-22,9,597,Markanday,MID,TOT,4.5,0.004307623
2021-22,9,512,Elanga,MID,MUN,4.8,0.004413617
2021-22,9,551,Summerville,MID,LEE,4.5,0.102635679
2021-22,9,613,Whitaker,MID,EVE,4.5,0.004598272
2021-22,9,508,Edozie,MID,MCI,4.9,0.003989733
2021-22,9,609,Anderson,MID,NEW,4.5,0.004059754
2021-22,9,547,Cundle,MID,WOL,4.5,0.008820566
2021-22,9,601,McKinstry,MID,LEE,4.4,0.003788078
2021-22,9,612,Sarmiento,MID,BHA,4.5,0.00361375
2021-22,9,605,Lavia,MID,MCI,4.5,0.003687312
2021-22,9,614,Maghoma,MID,BRE,4.5,0.003704289
2021-22,9,600,Kenneh,MID,LEE,4.5,0.003528787
2021-22,9,548,Campbell,MID,WOL,4.5,0.008491094
2021-22,9,599,J White,MID,NEW,4.5,0.003411021
2021-22,9,537,Richards,MID,BHA,4.5,0.044980232
2021-22,9,576,McCarron,MID,LEE,4.5,0.022496506
2021-22,9,93,Zamburek,MID,BRE,4.5,0.021670732
2021-22,9,541,Rak-Sakyi,MID,CRY,4.5,0.010714746
2021-22,9,557,Tufan,MID,WAT,5.0,0.820027361
2021-22,9,386,Hughes,MID,CRY,4.8,0.048881067
2021-22,9,496,A Ramsey,MID,AVL,4.5,0.018608307
2021-22,9,505,Dewsbury-Hall,MID,LEI,4.5,0.042461531
2021-22,9,581,Normann,MID,NOR,4.5,1.669531452
2021-22,9,328,Placheta,MID,NOR,4.9,0.268308232
2021-22,9,244,C Jones,MID,LIV,5.0,0.268832766
2021-22,9,12,Elneny,MID,ARS,4.5,0.316644425
2021-22,9,73,Alzate,MID,BHA,4.9,0.0
2021-22,9,79,Fosu,MID,BRE,5.2,0.089951787
2021-22,9,347,Smallbone,MID,SOU,4.5,0.094171696
2021-22,9,526,Chukwuemeka,MID,AVL,4.5,0.085750305
2021-22,9,434,Dendoncker,MID,WOL,4.8,1.255329586
2021-22,9,497,Philogene-Bidace,MID,AVL,5.0,0.082357811
2021-22,9,60,March,MID,BHA,5.3,0.651972894
2021-22,9,236,Minamino,MID,LIV,5.2,0.172093506
2021-22,9,102,D Stephens,MID,BUR,4.5,0.07855469
2021-22,9,405,Baah,MID,WAT,4.5,0.0752286
2021-22,9,282,van de Beek,MID,MUN,5.7,0.179108008
2021-22,9,51,J Ramsey,MID,AVL,4.5,1.18948081
2021-22,9,34,Sanson,MID,AVL,5.0,0.269632
2021-22,9,85,Ghoddos,MID,BRE,5.3,0.478866252
2021-22,9,202,Albrighton,MID,LEI,5.4,0.470863291
2021-22,9,323,Dowell,MID,NOR,5.3,0.515018714
2021-22,9,155,Schlupp,MID,CRY,5.4,1.422565512
2021-22,9,227,Chamberlain,MID,LIV,5.8,0.344625801
2021-22,9,462,Mwepu,MID,BHA,5.9,0.534507067
2021-22,9,464,Olise,MID,CRY,5.4,1.806296044
2021-22,9,221,Milner,MID,LIV,4.9,1.657072346
2021-22,9,157,Riedewald,MID,CRY,4.8,0.278316646
2021-22,9,297,Hendrick,MID,NEW,4.8,0.260361049
2021-22,9,75,Moder,MID,BHA,4.5,1.46195847
2021-22,9,32,B Traore,MID,AVL,5.8,1.191064326
2021-22,9,378,Gosling,MID,WAT,4.8,0.356741714
2021-22,9,403,Louza,MID,WAT,5.3,0.350967256
2021-22,9,406,Noble,MID,WHU,4.4,0.261892031
2021-22,9,504,Gbamin,MID,EVE,4.5,0.363203518
2021-22,9,97,Bidstrup,MID,BRE,4.5,0.33803695
2021-22,9,589,Kral,MID,WHU,4.5,0.080416969
2021-22,9,453,Fernandinho,MID,MCI,4.9,0.531948841
2021-22,9,416,Lanzini,MID,WHU,5.8,1.089864346
2021-22,9,487,Bryan Gil,MID,TOT,5.8,0.725001359
2021-22,9,163,Delph,MID,EVE,4.4,0.040303268
2021-22,9,366,Winks,MID,TOT,4.5,0.302594136
2021-22,9,552,Forshaw,MID,LEE,4.5,1.372207432
2021-22,9,276,Lingard,MID,MUN,6.9,0.774070167
2021-22,9,298,Fraser,MID,NEW,5.4,1.289222325
2021-22,9,214,Choudhury,MID,LEI,4.5,0.686619181
2021-22,9,499,S Baptiste,MID,BRE,5.0,0.237159436
2021-22,9,575,Lennon,MID,BUR,5.0,0.690868589
2021-22,9,503,A Gordon,MID,EVE,4.5,1.516572636
2021-22,9,349,I Diallo,MID,SOU,4.5,0.946856236
2021-22,9,271,Matic,MID,MUN,4.5,0.564363561
2021-22,9,528,Tzolis,MID,NOR,5.0,1.118969568
2021-22,9,41,Nakamba,MID,AVL,4.5,0.536002766
2021-22,9,391,Sema,MID,WAT,5.3,0.842952986
2021-22,9,108,Gudmundsson,MID,BUR,5.5,1.442385028
2021-22,9,13,Maitland-Niles,MID,ARS,5.3,1.222007948
2021-22,9,304,Murphy,MID,NEW,5.0,1.384912216
2021-22,9,412,Yarmolenko,MID,WHU,5.3,1.344564882
2021-22,9,357,Kane,FWD,TOT,12.1,4.985058019
2021-22,9,205,Vardy,FWD,LEI,10.5,4.315303764
2021-22,9,430,Jimenez,FWD,WOL,7.5,4.281081222
2021-22,9,413,Antonio,FWD,WHU,8.0,4.812206797
2021-22,9,4,Aubameyang,FWD,ARS,9.9,4.528439877
2021-22,9,579,Ronaldo,FWD,MUN,12.6,4.214270595
2021-22,9,78,Toney,FWD,BRE,6.4,3.823139943
2021-22,9,109,Wood,FWD,BUR,6.8,3.784309201
2021-22,9,337,Ings,FWD,AVL,7.8,3.63845643
2021-22,9,296,Wilson,FWD,NEW,7.3,3.492987373
2021-22,9,228,Firmino,FWD,LIV,8.8,3.09194163
2021-22,9,315,Pukki,FWD,NOR,5.9,2.895281707
2021-22,9,40,Watkins,FWD,AVL,7.3,3.423300525
2021-22,9,187,Rodrigo,FWD,LEE,6.3,3.932696356
2021-22,9,63,Maupay,FWD,BHA,6.5,3.099454659
2021-22,9,525,A Armstrong,FWD,SOU,6.0,3.768094744
2021-22,9,263,Jesus,FWD,MCI,8.6,2.988556888
2021-22,9,213,Iheanacho,FWD,LEI,7.0,3.254339785
2021-22,9,583,Hwang,FWD,WOL,5.6,3.337525896
2021-22,9,180,Richarlison,FWD,EVE,7.4,2.461798218
2021-22,9,307,Saint-Maximin,FWD,NEW,6.8,3.073885535
2021-22,9,529,Lukaku,FWD,CHE,11.7,0.0
2021-22,9,591,Rondon,FWD,EVE,6.0,4.140284537
2021-22,9,189,Bamford,FWD,LEE,7.8,0.0
2021-22,9,468,King,FWD,WAT,5.5,2.20119287
2021-22,9,345,Adams,FWD,SOU,6.8,0.533750523
2021-22,9,586,Edouard,FWD,CRY,6.5,3.19629271
2021-22,9,447,Welbeck,FWD,BHA,6.0,0.055578301
2021-22,9,177,Calvert-Lewin,FWD,EVE,8.0,0.0
2021-22,9,404,Joao Pedro,FWD,WAT,5.4,2.264249102
2021-22,9,516,Sargent,FWD,NOR,5.4,1.958575752
2021-22,9,6,Lacazette,FWD,ARS,8.3,1.315399208
2021-22,9,153,Ayew,FWD,CRY,5.9,2.307843895
2021-22,9,518,Broja,FWD,SOU,5.0,2.100296672
2021-22,9,134,Werner,FWD,CHE,8.6,0.0
2021-22,9,450,Dennis,FWD,WAT,5.2,1.727731726
2021-22,9,105,A Barnes,FWD,BUR,5.4,1.944179472
2021-22,9,455,Daka,FWD,LEI,7.1,0.873188199
2021-22,9,111,Vydra,FWD,BUR,5.2,1.429991417
2021-22,9,269,Cavani,FWD,MUN,8.4,1.095743356
2021-22,9,88,Forss,FWD,BRE,5.3,0.426599106
2021-22,9,519,S Long,FWD,SOU,5.4,0.327209611
2021-22,9,533,Richardson,FWD,BUR,4.5,0.001826852
2021-22,9,602,Simms,FWD,EVE,4.5,0.004270253
2021-22,9,542,Street,FWD,CRY,4.5,0.003814348
2021-22,9,520,Scarlett,FWD,TOT,4.5,0.00831043
2021-22,9,20,Nketiah,FWD,ARS,5.4,0.105157885
2021-22,9,278,Martial,FWD,MUN,7.6,0.743404217
2021-22,9,159,Mateta,FWD,CRY,5.3,0.164885808
2021-22,9,395,Fletcher,FWD,WAT,4.9,0.042471583
2021-22,9,49,Davis,FWD,AVL,4.4,0.041166896
2021-22,9,577,Gelhardt,FWD,LEE,4.5,0.083282258
2021-22,9,530,Balogun,FWD,ARS,4.8,0.093544071
2021-22,9,550,S Greenwood,FWD,LEE,4.5,0.182097141
2021-22,9,235,Origi,FWD,LIV,4.9,0.130852404
2021-22,9,72,Connolly,FWD,BHA,5.3,0.361149
2021-22,9,595,Locadia,FWD,BHA,4.5,0.141321702
2021-22,9,607,Dobbin,FWD,EVE,4.5,0.072774247
2021-22,9,300,Gayle,FWD,NEW,5.3,0.272152964
2021-22,9,149,Benteke,FWD,CRY,6.3,1.877733991
2021-22,9,568,Archer,FWD,AVL,4.5,0.145033201
2021-22,9,472,Cucho,FWD,WAT,5.0,0.89517104
2021-22,9,445,F Silva,FWD,WOL,5.7,0.689871216
2021-22,9,310,Joelinton,FWD,NEW,5.8,1.132919391
2021-22,9,104,Jay Rodriguez,FWD,BUR,5.3,1.559506919
2021-22,9,329,Idah,FWD,NOR,4.9,0.627440417
