player_code,tm_player_id,season_label,injury,from_date,until_date,days_out,games_missed
1243,11680,11/12,Knee surgery,2011-09-30,2011-10-28,29,5.0
1243,11680,14/15,concussion,2015-05-16,2015-05-24,9,
1616,5278,05/06,Wrist injury,2005-06-19,2005-08-31,74,8.0
1616,5278,10/11,muscular problems,2010-07-14,2010-07-31,18,
1616,5278,10/11,Ankle injury,2010-10-29,2010-11-25,28,5.0
1616,5278,11/12,Tibial head contusion,2011-11-17,2011-12-07,21,4.0
1616,5278,12/13,Torn muscle fiber,2013-02-22,2013-03-21,28,4.0
1616,5278,12/13,Achilles tendon problems,2013-03-26,2013-04-01,7,
1616,5278,13/14,Torn lateral knee ligament,2013-07-15,2013-09-09,57,5.0
1632,3291,14/15,Ankle injury,2014-11-09,2014-11-28,20,2.0
1632,3291,17/18,Back injury,2017-10-21,2017-10-28,8,
1632,3291,17/18,Knee injury,2018-02-24,2018-06-01,98,10.0
1718,3160,07/08,Knee problems,2007-10-22,2007-11-12,22,6.0
1718,3160,07/08,Broken foot,2007-12-17,2008-02-14,60,15.0
1718,3160,07/08,Shoulder injury,2008-05-12,2008-05-19,8,
1718,3160,08/09,Back problems,2008-10-09,2008-10-16,8,2.0
1718,3160,08/09,Back problems,2009-01-15,2009-01-19,5,1.0
1718,3160,11/12,Knee injury,2012-02-20,2012-03-08,18,4.0
1718,3160,12/13,Knee injury,2012-11-12,2013-01-10,60,14.0
1718,3160,12/13,Knee injury,2013-02-04,2013-02-11,8,1.0
1718,3160,13/14,Ankle problems,2014-04-23,2014-04-28,6,1.0
1718,3160,15/16,Hamstring strain,2016-02-15,2016-03-11,26,6.0
1718,3160,16/17,Ankle injury,2016-09-11,2016-10-01,21,3.0
1718,3160,16/17,strain,2016-11-22,2016-12-17,26,4.0
1718,3160,17/18,Metatarsal fracture,2017-11-05,2018-01-05,62,10.0
1801,3630,07/08,unknown injury,2008-04-07,2008-04-19,13,1.0
1801,3630,08/09,Achilles tendon irritation,2008-09-24,2008-10-18,25,4.0
1801,3630,09/10,strain,2010-03-24,2010-04-10,18,2.0
1801,3630,10/11,Calf problems,2010-12-28,2011-01-20,24,3.0
1801,3630,11/12,Calf problems,2011-12-23,2012-01-01,10,2.0
1801,3630,12/13,Back injury,2013-03-21,2013-04-03,14,2.0
1801,3630,13/14,Cyst in the lungs,2013-04-03,2013-12-10,252,27.0
1801,3630,13/14,Hamstring injury,2014-01-16,2014-01-24,9,1.0
1822,3146,07/08,Groin problems,2008-02-09,2008-05-11,93,10.0
1822,3146,09/10,Shoulder injury,2010-04-24,2010-07-01,69,5.0
1822,3146,11/12,Achilles tendon rupture,2011-12-03,2012-01-13,42,7.0
1822,3146,12/13,Hamstring injury,2013-01-08,2013-01-19,12,1.0
1822,3146,15/16,Inflammation in the knee,2015-10-29,2016-01-16,80,16.0
2404,3878,08/09,Ankle injury,2008-08-18,2008-09-11,25,5.0
2404,3878,08/09,Ankle injury,2008-09-13,2008-10-30,48,11.0
2404,3878,08/09,muscular problems,2009-06-01,2009-06-18,18,2.0
2404,3878,10/11,Achilles tendon problems,2010-09-09,2010-09-27,19,5.0
2404,3878,10/11,Ankle injury,2011-01-20,2011-01-31,12,2.0
2404,3878,13/14,Achilles tendon problems,2013-11-14,2013-12-23,40,11.0
2404,3878,14/15,Ankle injury,2014-07-17,2014-10-02,78,9.0
2404,3878,14/15,Groin problems,2014-11-13,2014-11-20,8,1.0
2404,3878,14/15,Calf strain,2015-01-29,2015-02-26,29,6.0
2404,3878,15/16,Calf injury,2015-04-13,2015-08-06,116,8.0
2404,3878,17/18,heart problems,2017-09-25,2018-01-25,123,26.0
2513,51730,18/19,Cruciate ligament injury,2018-08-19,2019-06-17,303,51.0
2513,51730,20/21,Hamstring injury,2020-10-07,2020-10-28,22,4.0
2513,51730,20/21,Hamstring injury,2020-12-05,2021-01-01,28,6.0
2513,51730,21/22,Knee injury,2021-08-28,2021-09-27,31,4.0
3201,3190,09/10,Knee surgery,2010-03-01,2010-05-10,71,7.0
3201,3190,10/11,Shoulder injury,2010-07-17,2010-10-20,96,12.0
3736,3540,00/01,Virus,2001-02-15,2001-02-19,5,1.0
3736,3540,09/10,Thigh problems,2009-12-12,2010-05-01,141,36.0
3736,3540,10/11,Calf problems,2010-12-18,2011-01-17,31,6.0
3736,3540,10/11,Thigh problems,2011-03-15,2011-04-18,35,10.0
3736,3540,14/15,Bruised ribs,2015-05-02,2015-05-16,15,1.0
3736,3540,16/17,Hip problems,2016-08-21,2016-09-09,20,3.0
3773,4072,11/12,flu,2011-12-21,2011-12-23,3,1.0
3773,4072,15/16,Hamstring injury,2015-12-01,2015-12-28,28,4.0
5589,13683,08/09,unknown injury,2008-12-06,2008-12-20,15,1.0
5589,13683,15/16,Knee injury,2015-12-05,2016-01-18,45,9.0
6744,13460,14/15,Broken foot,2014-10-19,2014-11-28,41,7.0
6744,13460,17/18,Wrist injury,2018-02-24,2018-04-15,51,5.0
6744,13460,19/20,Knock,2020-01-27,2020-06-12,138,10.0
7525,4321,08/09,Broken toe,2008-08-11,2008-10-05,56,12.0
7525,4321,11/12,Groin problems,2011-08-09,2011-09-24,47,10.0
7525,4321,13/14,Knee problems,2013-09-13,2013-09-19,7,1.0
7525,4321,14/15,Groin injury,2014-08-23,2014-10-04,43,7.0
7525,4321,14/15,Knee problems,2014-11-07,2014-11-28,22,3.0
7525,4321,14/15,Knee injury,2014-12-22,2015-04-03,103,19.0
7525,4321,14/15,Knee problems,2015-04-11,2015-06-30,81,6.0
7525,4321,15/16,Thigh problems,2015-07-25,2016-01-09,169,25.0
7525,4321,16/17,Hamstring injury,2016-09-24,2016-10-15,22,1.0
7525,4321,16/17,Calf strain,2017-02-11,2017-04-08,57,5.0
7551,4241,09/10,Knee injury,2009-12-14,2010-02-21,70,12.0
7551,4241,09/10,Achilles tendon problems,2010-03-24,2010-05-01,39,6.0
7551,4241,12/13,Back injury,2012-11-02,2012-11-16,15,4.0
7551,4241,16/17,Arthroscopy,2016-10-06,2016-12-07,63,5.0
7638,3640,13/14,Hamstring injury,2014-01-30,2014-05-30,121,16.0
7638,3640,16/17,unknown injury,2016-12-01,2016-12-30,30,5.0
7638,3640,16/17,unknown injury,2017-02-02,2017-02-02,1,
7645,13520,08/09,Cruciate ligament tear,2009-04-27,2010-02-05,285,48.0
7645,13520,10/11,Thigh problems,2010-10-12,2010-10-22,11,1.0
7645,13520,10/11,Thigh problems,2011-01-03,2011-01-10,8,2.0
7645,13520,11/12,Inner knee ligament tear,2012-01-04,2012-03-02,59,10.0
7645,13520,12/13,Ankle injury,2013-03-04,2013-03-29,26,4.0
7645,13520,13/14,Thigh problems,2013-12-27,2014-01-10,15,3.0
7645,13520,13/14,Thigh problems,2014-02-27,2014-03-07,9,2.0
7645,13520,15/16,Inner knee ligament tear,2015-10-24,2015-12-31,69,13.0
7645,13520,15/16,Hamstring injury,2016-04-10,2016-04-22,13,3.0
7645,13520,16/17,Hamstring strain,2016-10-07,2016-10-14,8,2.0
7645,13520,17/18,Thigh problems,2017-09-22,2017-10-15,24,3.0
7645,13520,18/19,Knee injury,2018-08-12,2018-11-11,92,12.0
7645,13520,18/19,Knock,2019-01-15,2019-02-25,42,6.0
7645,13520,18/19,Knock,2019-03-04,2019-03-29,26,2.0
7645,13520,19/20,Ankle injury,2020-06-22,2020-06-23,2,
7906,36861,15/16,Groin injury,2015-09-23,2015-10-17,25,2.0
7958,3875,08/09,Calf problems,2008-11-19,2008-11-30,12,2.0
7958,3875,08/09,fatigue fracture,2009-02-03,2009-04-15,72,14.0
7958,3875,10/11,Ankle injury,2010-09-10,2010-12-08,90,17.0
7958,3875,12/13,Ankle injury,2013-02-03,2013-03-03,29,5.0
7958,3875,12/13,Hip injury,2013-03-30,2013-04-21,23,3.0
7958,3875,17/18,Ankle injury,2017-12-20,2018-02-24,67,11.0
7958,3875,19/20,Knock,2019-11-27,2019-11-29,3,1.0
7958,3875,19/20,Calf injury,2020-01-29,2020-03-02,34,8.0
7958,3875,19/20,Calf problems,2020-03-06,2020-03-15,10,2.0
7958,3875,19/20,Hamstring injury,2020-07-24,2020-09-14,53,8.0
7958,3875,21/22,Quarantine,2021-10-14,2021-11-28,46,9.0
8380,12691,07/08,Cruciate ligament tear,2008-01-24,2008-06-30,159,20.0
8380,12691,08/09,Groin problems,2008-08-14,2008-08-28,15,4.0
8380,12691,08/09,Calf problems,2008-12-14,2008-12-23,10,2.0
8380,12691,12/13,Hamstring injury,2013-01-14,2013-02-21,39,7.0
8380,12691,13/14,Hamstring injury,2013-10-17,2013-11-07,22,4.0
8380,12691,15/16,Hamstring injury,2016-03-03,2016-04-11,40,7.0
8380,12691,16/17,Knock,2016-12-05,2017-01-13,40,7.0
8380,12691,17/18,Ankle injury,2017-09-16,2017-11-28,74,10.0
8380,12691,17/18,Hamstring injury,2018-03-21,2018-05-13,54,7.0
9047,3881,09/10,Inner ligament stretch of the knee,2009-12-28,2010-02-28,63,11.0
9047,3881,10/11,Thigh problems,2011-04-02,2011-04-30,29,3.0
9047,3881,10/11,Thigh problems,2011-05-22,2011-06-04,14,1.0
9047,3881,11/12,Thigh problems,2011-08-06,2011-10-15,71,11.0
9047,3881,11/12,Ankle injury,2012-02-29,2012-04-08,40,9.0
9047,3881,12/13,Ankle injury,2012-10-28,2012-11-11,15,4.0
9047,3881,13/14,Ankle injury,2013-09-01,2013-10-19,49,9.0
9047,3881,13/14,Ill,2013-11-03,2013-11-09,7,
9047,3881,13/14,Ankle injury,2014-01-23,2014-02-21,30,6.0
9047,3881,14/15,Hamstring injury,2014-08-25,2014-10-02,39,7.0
9047,3881,14/15,Groin strain,2014-12-14,2015-01-17,35,7.0
9047,3881,15/16,Hamstring strain,2015-08-29,2015-09-19,22,1.0
9047,3881,15/16,Knee injury,2016-02-13,2016-06-01,110,12.0
9047,3881,16/17,Hamstring strain,2016-07-27,2016-09-18,54,5.0
9047,3881,16/17,Hamstring injury,2016-10-03,2016-11-04,33,3.0
9089,13572,07/08,Cruciate ligament tear,2007-06-07,2008-03-15,283,50.0
9089,13572,08/09,Ankle injury,2008-09-20,2008-09-28,9,3.0
9089,13572,08/09,Thumb injury,2008-12-15,2009-01-20,37,9.0
9089,13572,08/09,Thumb injury,2009-05-18,2009-07-18,62,4.0
9089,13572,12/13,Groin injury,2012-11-05,2012-11-20,16,3.0
9089,13572,13/14,Broken foot,2013-08-25,2013-12-06,104,20.0
9089,13572,14/15,Cruciate ligament injury,2015-03-17,2015-12-31,290,30.0
9110,9508,09/10,Tendonitis,2009-11-27,2010-01-20,55,10.0
9110,9508,10/11,unknown injury,2010-11-27,2011-04-10,135,22.0
9110,9508,14/15,Herniated disc,2015-06-22,2015-07-25,34,1.0
9110,9508,16/17,Back injury,2016-11-04,2016-12-09,36,5.0
9808,3455,19/20,influenza,2020-01-30,2020-02-03,5,1.0
9808,3455,19/20,Calf muscle tear,2020-05-25,2020-06-29,36,3.0
9808,3455,20/21,Corona virus,2020-09-24,2020-10-08,15,4.0
9808,3455,20/21,Muscle injury,2020-11-23,2020-12-17,25,7.0
9808,3455,20/21,Calf injury,2020-12-17,2021-01-11,26,4.0
9808,3455,20/21,Adductor injury,2021-02-25,2021-03-18,22,4.0
9808,3455,20/21,Muscle fatigue,2021-04-19,2021-05-03,15,2.0
9808,3455,20/21,Knee injury,2021-05-10,2021-09-13,127,14.0
9808,3455,21/22,Achilles tendon irritation,2021-09-13,2021-10-14,32,8.0
9808,3455,21/22,Knee problems,2021-12-20,2022-01-06,18,1.0
9808,3455,21/22,Achilles tendon problems,2022-01-20,2022-03-07,47,6.0
9808,3455,21/22,Knee problems,2022-04-07,2022-04-25,19,3.0
9808,3455,22/23,Knee surgery,2022-05-23,2023-02-10,264,39.0
9808,3455,22/23,Hamstring injury,2023-03-26,2023-04-22,28,5.0
9808,3455,22/23,Calf injury,2023-04-23,2023-06-30,69,9.0
10318,4311,08/09,Shoulder injury,2008-10-03,2008-12-24,83,20.0
10318,4311,11/12,unknown injury,2011-09-18,2011-10-12,25,5.0
10318,4311,11/12,inflammation,2012-04-27,2012-05-16,20,4.0
10318,4311,12/13,Tibial head contusion,2012-11-01,2012-12-01,31,5.0
10318,4311,12/13,unknown injury,2013-04-28,2013-05-22,25,5.0
10318,4311,13/14,Shoulder injury,2013-08-17,2013-10-06,51,10.0
10318,4311,16/17,Foot injury,2016-10-28,2016-11-02,6,1.0
10318,4311,16/17,Leg injury,2016-12-19,2017-01-13,26,4.0
10318,4311,17/18,Groin injury,2017-10-23,2018-05-19,209,38.0
10318,4311,20/21,Knee injury,2021-04-04,2021-04-14,11,3.0
10318,4311,21/22,Groin surgery,2021-09-10,2022-04-08,211,37.0
10318,4311,22/23,Foot injury,2022-06-30,2022-08-05,37,1.0
10460,13796,08/09,unknown injury,2008-09-26,2008-10-04,9,1.0
10460,13796,15/16,Inguinal hernia,2016-05-10,2016-10-28,172,10.0
11334,5658,06/07,Skull base fracture,2006-10-16,2007-01-15,92,25.0
11334,5658,07/08,Broken fibula,2007-11-08,2007-12-10,33,7.0
11334,5658,07/08,Hip problems,2007-12-24,2007-12-24,1,
11334,5658,07/08,Ankle injury,2008-03-03,2008-03-31,29,8.0
11334,5658,07/08,Cut,2008-04-07,2008-04-14,8,1.0
11334,5658,08/09,Thigh problems,2008-10-13,2008-10-23,11,2.0
11334,5658,08/09,Thigh problems,2008-11-13,2008-11-20,8,2.0
11334,5658,09/10,Calf problems,2010-03-01,2010-03-25,25,5.0
11334,5658,10/11,Calf problems,2010-07-19,2010-08-12,25,2.0
11334,5658,12/13,Broken finger,2013-02-04,2013-02-07,4,1.0
11334,5658,13/14,Shoulder injury,2014-04-24,2014-07-17,85,6.0
11334,5658,14/15,Neck injury,2015-05-11,2015-05-25,15,1.0
11334,5658,15/16,Calf injury,2016-03-03,2016-03-31,29,7.0
11334,5658,16/17,Calf strain,2017-03-18,2017-04-17,31,3.0
11334,5658,18/19,Hamstring injury,2018-09-29,2018-10-27,29,4.0
11352,51528,09/10,Broken ankle,2010-02-15,2010-03-13,27,6.0
11467,36866,11/12,Tendon tear,2012-03-01,2012-03-10,10,1.0
11467,36866,13/14,Hamstring injury,2014-02-23,2014-04-20,57,5.0
11467,36866,14/15,Hamstring injury,2014-10-08,2014-12-26,80,10.0
11467,36866,16/17,Hamstring injury,2016-07-30,2016-09-20,53,6.0
11467,36866,20/21,Hamstring injury,2020-09-17,2020-09-21,5,1.0
11467,36866,20/21,Hamstring injury,2020-09-27,2020-10-18,22,2.0
11467,36866,20/21,Hamstring injury,2020-10-30,2020-11-05,7,2.0
11554,12814,15/16,Finger injury,2015-07-30,2015-09-20,53,6.0
11554,12814,17/18,Knee injury,2018-02-04,2018-04-07,63,7.0
11735,13427,08/09,Calf stiffness,2008-08-05,2008-10-05,62,11.0
11735,13427,10/11,Knee problems,2011-02-24,2011-03-24,29,3.0
11735,13427,11/12,Groin surgery,2011-11-08,2011-12-17,40,6.0
11735,13427,11/12,Groin problems,2012-02-01,2012-05-30,120,15.0
11735,13427,14/15,Knee injury,2014-11-29,2015-01-11,44,7.0
11735,13427,17/18,Back problems,2017-09-03,2018-06-30,301,40.0
11829,14066,13/14,Calf injury,2013-11-22,2013-11-28,7,1.0
11829,14066,14/15,Ankle surgery,2015-04-24,2015-06-29,67,5.0
11829,14066,15/16,Calf injury,2015-10-11,2015-11-07,28,3.0
11829,14066,20/21,Calf injury,2021-01-23,2021-03-08,45,10.0
11829,14066,20/21,Torn knee ligaments,2021-05-22,2021-10-31,163,1.0
11854,31312,12/13,Thigh problems,2012-08-16,2012-09-16,32,5.0
11854,31312,16/17,Calf injury,2016-10-03,2016-12-31,90,17.0
11974,2857,22/23,Leg injury,2023-04-13,2023-05-08,26,5.0
12002,4063,25/26,unknown injury,2005-08-30,2006-01-15,139,32.0
12002,4063,08/09,Ankle injury,2009-05-16,2009-12-01,200,25.0
12002,4063,20/21,Fitness,2020-11-02,2020-11-10,9,2.0
12086,3838,09/10,Knee problems,2009-10-24,2010-01-15,84,3.0
12086,3838,10/11,Dead leg,2011-02-05,2011-02-09,5,1.0
12086,3838,16/17,Ankle injury,2016-11-15,2016-12-25,41,10.0
12150,12124,11/12,Calf problems,2011-12-19,2012-01-02,15,3.0
12150,12124,16/17,Knock,2016-11-14,2016-11-26,13,1.0
12150,12124,19/20,Hamstring strain,2019-10-22,2019-10-28,7,1.0
12150,12124,19/20,Knock,2019-11-03,2019-11-11,9,
12390,9422,12/13,Hand injury,2013-03-09,2013-03-17,9,2.0
12390,9422,13/14,Hamstring strain,2013-10-24,2013-11-20,28,6.0
12390,9422,13/14,Kidney problems,2014-03-28,2014-05-10,44,7.0
12390,9422,14/15,Shoulder injury,2014-09-27,2014-11-01,36,5.0
12390,9422,16/17,Back injury,2016-05-13,2017-01-05,238,33.0
12390,9422,16/17,Fitness,2017-01-06,2017-01-17,12,3.0
12390,9422,21/22,Corona virus,2021-08-24,2021-09-08,16,2.0
12390,9422,22/23,unknown injury,2022-12-23,2022-12-26,4,1.0
12413,2998,07/08,Ligament stretching,2008-02-21,2008-03-27,36,5.0
12413,2998,07/08,Capsular injury,2008-03-24,2008-04-03,11,2.0
12413,2998,08/09,Ankle injury,2008-09-29,2008-12-04,67,12.0
12413,2998,13/14,Knee surgery,2013-11-25,2014-05-26,183,29.0
12413,2998,14/15,Calf injury,2014-10-27,2014-12-04,39,6.0
12413,2998,17/18,Ankle injury,2017-07-18,2017-08-13,27,1.0
12413,2998,17/18,Ankle injury,2017-09-13,2017-12-31,110,38.0
12496,7589,10/11,Knee injury,2011-02-19,2011-03-03,13,3.0
12496,7589,12/13,Inflammation of the sole of the foot,2013-05-04,2013-05-15,12,2.0
12496,7589,13/14,Calf injury,2013-11-20,2013-12-31,42,8.0
12496,7589,13/14,Cruciate ligament tear,2014-03-27,2014-11-30,249,11.0
12496,7589,15/16,Hamstring injury,2016-02-10,2016-02-25,16,2.0
12679,9988,07/08,Groin problems,2008-02-29,2008-03-06,7,1.0
12679,9988,08/09,Calf problems,2009-01-21,2009-01-27,7,
12679,9988,09/10,Achilles tendon problems,2009-08-01,2009-09-20,51,6.0
12679,9988,10/11,Knee injury,2010-09-03,2010-12-01,90,21.0
12679,9988,11/12,Achilles tendon problems,2011-09-12,2011-12-01,81,15.0
12679,9988,12/13,Hamstring injury,2012-12-01,2012-12-16,16,2.0
12679,9988,14/15,Hamstring injury,2014-12-13,2015-01-03,22,4.0
12679,9988,16/17,Knee injury,2016-07-20,2016-10-20,93,10.0
12679,9988,16/17,Calf strain,2017-02-04,2017-04-01,57,6.0
12744,33963,07/08,unknown injury,2008-02-04,2008-03-08,34,4.0
12744,33963,08/09,Groin problems,2008-08-23,2008-09-13,22,2.0
12744,33963,08/09,Inguinal hernia,2008-10-08,2008-11-13,37,6.0
12744,33963,14/15,Calf strain,2015-04-18,2015-05-09,22,4.0
12745,13507,07/08,Ankle injury,2007-10-27,2007-11-15,20,4.0
12745,13507,07/08,Achilles tendon rupture,2007-12-08,2008-01-01,25,6.0
12745,13507,13/14,Broken toe,2013-11-24,2013-12-28,35,6.0
12745,13507,14/15,Hamstring injury,2014-11-14,2014-11-30,17,4.0
12745,13507,14/15,Ankle injury,2015-05-09,2015-11-11,187,17.0
12745,13507,17/18,Calf injury,2017-11-26,2018-02-28,95,17.0
12813,3306,08/09,Ankle injury,2009-03-09,2009-06-29,113,7.0
12813,3306,14/15,Calf injury,2014-09-15,2014-09-29,15,2.0
12813,3306,15/16,Knee injury,2016-03-21,2016-04-28,39,6.0
12813,3306,15/16,Achilles tendon problems,2016-05-30,2016-06-06,8,
12813,3306,16/17,Knee surgery,2017-01-03,2017-03-03,60,7.0
12813,3306,17/18,Knee problems,2017-09-18,2017-12-22,96,18.0
12813,3306,17/18,Knee injury,2018-01-16,2018-04-21,96,12.0
12813,3306,18/19,Achilles heel problems,2018-09-22,2019-03-22,182,29.0
13017,3332,12/13,Knee injury,2012-12-24,2013-01-14,22,5.0
13017,3332,12/13,Groin problems,2013-03-28,2013-04-08,12,2.0
13017,3332,13/14,Groin problems,2014-01-02,2014-01-23,22,5.0
13017,3332,14/15,Dead leg,2015-05-11,2015-05-25,15,1.0
13017,3332,15/16,Thigh problems,2015-09-14,2015-09-17,4,1.0
13017,3332,15/16,Ill,2015-11-19,2015-11-23,5,1.0
13017,3332,15/16,Ankle injury,2015-12-03,2015-12-17,15,3.0
13017,3332,15/16,Knee problems,2016-02-15,2016-04-07,53,13.0
13017,3332,16/17,Hamstring strain,2016-10-20,2016-10-27,8,2.0
13017,3332,16/17,Hamstring injury,2016-12-26,2017-01-05,11,3.0
13017,3332,16/17,Knee injury,2017-03-13,2017-03-30,18,5.0
13017,3332,16/17,Ankle injury,2017-04-03,2017-04-20,18,4.0
13017,3332,17/18,Knee injury,2018-05-03,2018-05-31,29,2.0
13017,3332,20/21,Muscle injury,2020-09-01,2020-09-10,10,1.0
13017,3332,20/21,Corona virus,2020-10-19,2020-10-30,12,3.0
13152,56872,14/15,Hamstring injury,2015-04-29,2015-05-15,17,2.0
13152,56872,18/19,Ankle injury,2019-02-25,2019-05-31,96,16.0
14075,5285,08/09,Knee problems,2008-10-19,2008-10-24,6,1.0
14075,5285,08/09,Ligament stretching,2009-01-11,2009-01-30,20,5.0
14075,5285,14/15,Hamstring injury,2014-10-21,2014-11-25,36,8.0
14075,5285,15/16,Knee problems,2015-12-05,2015-12-13,9,1.0
14075,5285,15/16,unknown injury,2016-05-03,2016-05-08,6,
14075,5285,16/17,sprain,2016-09-20,2016-09-22,3,1.0
14075,5285,16/17,Hamstring injury,2017-02-28,2017-03-30,31,4.0
14295,3547,07/08,Knee problems,2008-03-26,2008-04-24,30,7.0
14295,3547,08/09,Knee problems,2008-11-03,2008-11-12,10,2.0
14295,3547,10/11,Ankle injury,2010-11-02,2010-11-10,9,
14295,3547,10/11,cold,2011-03-10,2011-04-02,24,4.0
14295,3547,11/12,Intestinal virus,2011-12-13,2012-08-10,242,31.0
14295,3547,12/13,Intestinal surgery,2013-01-17,2013-10-31,288,45.0
14664,13091,03/04,unknown injury,2003-08-07,2003-09-01,26,4.0
14664,13091,07/08,Thigh problems,2007-10-01,2007-10-25,25,5.0
14664,13091,07/08,Herniated disc,2008-03-10,2008-03-20,11,1.0
14664,13091,13/14,Thigh problems,2014-04-24,2014-05-15,22,
14664,13091,15/16,minor knock,2015-10-01,2015-10-05,5,1.0
14664,13091,15/16,minor knock,2015-11-30,2015-12-07,8,2.0
14664,13091,15/16,Rest,2016-01-07,2016-01-11,5,1.0
14664,13091,15/16,Rest,2016-01-28,2016-02-01,5,1.0
14664,13091,15/16,Rest,2016-02-18,2016-02-22,5,1.0
14664,13091,15/16,minor knock,2016-02-29,2016-03-03,4,1.0
14664,13091,15/16,minor knock,2016-03-10,2016-03-14,5,1.0
14664,13091,15/16,Knee injury,2016-03-21,2016-04-07,18,2.0
14664,13091,15/16,Hamstring strain,2016-04-25,2016-05-02,8,2.0
14937,8198,17/18,Ankle injury,2018-05-07,2018-05-14,8,2.0
14937,8198,18/19,Hamstring injury,2019-03-25,2019-04-08,15,3.0
14937,8198,19/20,Adductor pain,2019-09-23,2019-09-26,4,1.0
14937,8198,20/21,Corona virus,2020-10-12,2020-10-29,18,5.0
14937,8198,20/21,Hip flexor problems,2021-04-15,2021-04-19,5,1.0
14937,8198,21/22,Arm injury,2021-08-26,2021-08-30,5,1.0
14937,8198,21/22,Hip flexor problems,2022-01-10,2022-01-17,8,2.0
14937,8198,21/22,Hip flexor problems,2022-03-03,2022-03-07,5,1.0
14937,8198,21/22,Rest,2022-06-09,2022-06-13,5,1.0
14937,8198,22/23,Ill,2022-11-09,2022-11-18,10,3.0
14937,8198,23/24,unknown injury,2024-01-23,2024-02-11,20,
14937,8198,24/25,Virus,2024-09-15,2024-09-18,4,1.0
14937,8198,24/25,Abdominal problems,2024-12-15,2024-12-31,17,
14937,8198,24/25,Muscle strain,2025-05-11,2025-05-19,9,2.0
14937,8198,25/26,Hamstring injury,2026-03-01,2026-04-02,33,4.0
15033,10003,16/17,Back problems,2017-03-14,2017-06-30,109,12.0
15033,10003,17/18,Achilles tendon contusion,2018-01-01,2018-02-15,46,8.0
15033,10003,18/19,Ill,2018-12-27,2019-01-11,16,2.0
15033,10003,19/20,Back injury,2019-08-30,2019-09-13,15,1.0
15033,10003,19/20,Groin injury,2020-01-05,2020-01-18,14,2.0
15033,10003,19/20,Ill,2020-01-26,2020-02-13,19,2.0
15033,10003,20/21,Hamstring strain,2020-09-07,2020-09-18,12,1.0
15033,10003,20/21,Back injury,2021-01-22,2021-05-12,111,23.0
15109,13465,08/09,Bone sprain,2008-08-16,2008-08-23,8,
15109,13465,08/09,Knee problems,2009-05-16,2009-07-30,76,1.0
15109,13465,10/11,Ankle injury,2010-11-10,2011-02-01,84,16.0
15109,13465,11/12,Knee surgery,2011-09-23,2012-02-14,145,31.0
15109,13465,11/12,Knee surgery,2012-02-15,2012-06-30,137,24.0
15109,13465,12/13,Knee injury,2013-02-06,2013-03-08,31,6.0
15109,13465,19/20,Hamstring injury,2019-10-02,2019-11-28,58,8.0
15114,40043,11/12,Back injury,2011-09-29,2011-10-13,15,1.0
15114,40043,12/13,Knee injury,2012-12-06,2012-12-11,6,1.0
15114,40043,12/13,Ankle injury,2013-02-04,2013-02-18,15,1.0
15114,40043,14/15,Knee injury,2014-07-21,2014-11-06,109,13.0
15114,40043,16/17,Hamstring injury,2017-03-28,2017-04-15,19,3.0
15114,40043,17/18,Back problems,2017-08-16,2017-09-10,26,3.0
15114,40043,17/18,Groin injury,2017-10-21,2017-11-18,29,3.0
15114,40043,17/18,Groin strain,2018-01-19,2018-02-27,40,8.0
15137,15166,14/15,Hamstring injury,2015-01-01,2015-03-20,79,10.0
15144,9500,17/18,Ankle problems,2017-07-14,2017-08-25,43,5.0
15144,9500,20/21,Quarantine,2021-06-01,2021-06-04,4,1.0
15144,9500,23/24,Hamstring injury,2023-08-02,2023-08-04,3,1.0
15149,13573,16/17,Hamstring injury,2017-02-13,2017-03-11,27,2.0
15149,13573,17/18,Hamstring injury,2017-08-12,2017-09-09,29,3.0
15149,13573,18/19,Cruciate ligament tear,2018-12-26,2019-09-21,270,27.0
15149,13573,19/20,Head injury,2019-12-22,2019-12-31,10,2.0
15149,13573,19/20,Knee injury,2020-03-01,2020-06-30,122,3.0
15157,3333,19/20,Hamstring injury,2020-06-22,2020-06-30,9,1.0
15157,3333,20/21,Hamstring strain,2020-07-09,2020-07-21,13,2.0
15157,3333,20/21,Calf injury,2020-09-21,2020-09-27,7,1.0
15157,3333,20/21,Hamstring injury,2020-11-28,2020-12-26,29,6.0
15157,3333,20/21,unknown injury,2021-05-02,2021-05-17,16,3.0
15157,3333,21/22,Muscle injury,2021-08-15,2021-09-08,25,2.0
15157,3333,21/22,Hamstring injury,2021-10-24,2021-11-22,30,5.0
15157,3333,22/23,concussion,2022-11-01,2022-11-11,11,2.0
15157,3333,22/23,Hamstring injury,2022-12-22,2023-01-14,24,4.0
15157,3333,23/24,Muscle injury,2023-09-20,2023-10-15,26,5.0
15157,3333,23/24,Muscle injury,2024-01-31,2024-06-12,134,19.0
15157,3333,24/25,Hamstring injury,2024-08-31,2024-09-14,15,
15157,3333,24/25,Thigh problems,2024-10-01,2025-05-25,237,36.0
15157,3333,25/26,Muscle injury,2025-10-31,2025-12-08,39,6.0
15157,3333,25/26,Muscle injury,2026-04-10,2026-05-08,29,4.0
15208,2514,12/13,Ankle injury,2013-05-02,2013-05-06,5,1.0
15208,2514,13/14,Capsular injury,2013-08-29,2013-09-12,15,3.0
15208,2514,13/14,Ankle injury,2013-11-07,2014-01-09,64,12.0
15208,2514,13/14,Tendon irritation,2014-01-23,2014-02-10,19,4.0
15208,2514,13/14,Patellar tendon problems,2014-05-15,2014-05-19,5,1.0
15208,2514,14/15,Patellar tendon problems,2014-08-11,2014-11-19,101,24.0
15208,2514,14/15,Capsular injury,2015-04-06,2015-04-20,15,4.0
15208,2514,15/16,minor knock,2015-07-23,2015-07-27,5,
15208,2514,15/16,Adductor pain,2015-10-08,2015-10-15,8,1.0
15208,2514,15/16,Inner knee ligament tear,2016-01-11,2016-03-07,57,13.0
15208,2514,15/16,Inner ligament injury,2016-03-22,2016-06-03,74,14.0
15208,2514,15/16,strain,2016-07-04,2016-07-04,1,
15208,2514,16/17,Muscle injury,2017-03-06,2017-03-15,10,2.0
15208,2514,17/18,Hip problems,2017-07-03,2017-07-06,4,
15208,2514,17/18,Calf injury,2017-09-04,2017-09-30,27,4.0
15237,29975,09/10,Knee injury,2009-09-19,2009-09-27,9,2.0
15237,29975,12/13,Knee injury,2012-12-10,2013-01-24,46,9.0
15237,29975,12/13,Knee injury,2013-02-19,2013-05-31,102,12.0
15237,29975,16/17,Hamstring injury,2016-10-29,2016-12-25,58,7.0
15237,29975,16/17,Knee injury,2017-04-01,2017-05-20,50,7.0
15237,29975,18/19,Calf injury,2019-03-10,2019-05-31,83,8.0
15237,29975,19/20,Knee injury,2019-10-27,2019-12-06,41,5.0
15237,29975,19/20,Calf injury,2019-12-15,2019-12-20,6,
15237,29975,19/20,Knock,2020-07-02,2020-07-03,2,
15276,3292,08/09,Torn ankle ligaments,2008-11-15,2009-01-17,64,10.0
15276,3292,14/15,Hamstring strain,2014-09-04,2014-09-16,13,1.0
15276,3292,14/15,Torn muscle fiber,2014-09-20,2014-11-06,48,5.0
15633,16660,15/16,Broken leg,2015-07-11,2016-01-24,198,33.0
15749,40204,08/09,Ankle injury,2008-11-17,2008-11-20,4,2.0
15749,40204,15/16,Thigh problems,2015-11-26,2015-12-03,8,2.0
15749,40204,15/16,Calf injury,2016-03-21,2016-04-04,15,3.0
15885,4233,15/16,Ankle injury,2015-11-28,2015-12-06,9,1.0
15885,4233,16/17,Knee injury,2017-01-24,2017-06-30,158,23.0
15885,4233,17/18,Meniscus injury,2017-09-03,2017-12-16,105,21.0
15944,25366,09/10,Metatarsal fracture,2009-04-01,2009-09-15,168,12.0
15944,25366,09/10,Ankle injury,2009-11-29,2010-02-01,65,11.0
15982,4055,09/10,Knee problems,2009-08-15,2009-09-11,28,4.0
15982,4055,14/15,Thigh problems,2014-09-22,2014-10-30,39,4.0
15982,4055,14/15,Cruciate ligament tear,2015-02-08,2015-11-02,268,29.0
15982,4055,16/17,Cruciate ligament tear,2017-01-22,2017-12-25,338,39.0
15982,4055,17/18,Knee injury,2018-01-20,2018-02-23,35,4.0
16045,14081,12/13,Broken leg,2012-11-17,2013-04-25,160,27.0
16045,14081,13/14,Broken leg,2014-02-25,2014-06-30,126,19.0
16045,14081,16/17,Groin strain,2017-02-08,2017-05-11,93,11.0
17127,6710,06/07,Heel injury,2006-07-06,2006-09-10,67,8.0
17127,6710,08/09,Meniscus damage,2008-07-21,2008-09-01,43,5.0
17127,6710,08/09,influenza,2008-09-22,2008-09-25,4,1.0
17127,6710,08/09,influenza,2009-03-12,2009-03-16,5,2.0
17127,6710,08/09,Torn ankle ligaments,2009-05-07,2009-07-09,64,8.0
17127,6710,10/11,Eyebow fracture,2010-09-09,2010-09-23,15,4.0
17127,6710,10/11,Heel injury,2011-05-09,2011-08-01,85,5.0
17127,6710,11/12,Ligament injury,2012-02-13,2012-05-14,92,17.0
17127,6710,15/16,Ill,2015-08-20,2015-09-10,22,2.0
17127,6710,15/16,Hamstring injury,2016-05-02,2016-05-23,22,2.0
17127,6710,16/17,Knee injury,2016-07-21,2017-01-27,191,32.0
17336,7449,16/17,Back injury,2017-02-09,2017-03-01,21,3.0
17336,7449,17/18,unknown injury,2017-11-21,2017-11-24,4,1.0
17336,7449,17/18,unknown injury,2018-04-19,2018-04-23,5,1.0
17336,7449,18/19,unknown injury,2018-08-20,2018-09-17,29,4.0
17336,7449,18/19,Inner ligament stretch of the knee,2019-02-09,2019-03-18,38,5.0
17336,7449,19/20,unknown injury,2019-08-15,2019-09-07,24,3.0
17336,7449,20/21,Quarantine,2021-01-15,2021-01-25,11,
17336,7449,20/21,unknown injury,2021-05-06,2021-05-10,5,1.0
17336,7449,21/22,unknown injury,2021-12-02,2021-12-16,15,1.0
17336,7449,21/22,Ill,2022-04-06,2022-04-25,20,3.0
17336,7449,22/23,unknown injury,2022-08-05,2022-08-25,21,3.0
17336,7449,22/23,unknown injury,2023-02-13,2023-02-23,11,2.0
17336,7449,22/23,unknown injury,2023-03-15,2023-03-29,15,1.0
17336,7449,22/23,unknown injury,2023-04-20,2023-04-24,5,1.0
17336,7449,22/23,unknown injury,2023-05-18,2023-05-23,6,1.0
17339,28973,10/11,Achilles tendon problems,2011-03-21,2011-04-01,12,2.0
17339,28973,17/18,Achilles tendon problems,2018-02-12,2018-04-18,66,9.0
17339,28973,17/18,Achilles tendon problems,2018-04-19,2018-05-13,25,4.0
17339,28973,19/20,Foot bruise,2019-12-04,2019-12-26,23,4.0
17339,28973,21/22,Knee problems,2021-12-09,2022-02-05,59,6.0
17339,28973,22/23,Cruciate ligament tear,2022-12-19,2023-10-30,316,28.0
17349,14221,08/09,Internal ligament tear,2008-10-06,2008-10-15,10,3.0
17349,14221,09/10,Groin problems,2010-01-01,2010-03-01,60,13.0
17349,14221,12/13,Knee injury,2013-04-04,2013-04-21,18,2.0
17349,14221,13/14,Foot injury,2013-08-18,2013-10-10,54,11.0
17349,14221,17/18,muscular problems,2017-09-21,2017-10-24,34,6.0
17349,14221,18/19,Ill,2018-10-24,2018-11-02,10,1.0
17349,14221,18/19,Cartilage damage,2018-12-16,2019-05-31,167,23.0
17349,14221,19/20,Ill,2019-12-22,2020-01-10,20,3.0
17476,9594,16/17,Groin injury,2016-05-05,2016-09-15,134,19.0
17476,9594,16/17,Groin injury,2016-09-22,2016-10-24,33,6.0
17476,9594,16/17,Knee injury,2016-11-21,2017-01-02,43,9.0
17476,9594,16/17,Leg injury,2017-02-16,2017-03-06,19,4.0
17476,9594,17/18,Calf injury,2017-08-31,2017-11-16,78,19.0
17476,9594,17/18,Muscle injury,2017-12-11,2017-12-21,11,3.0
17476,9594,17/18,Calf strain,2017-12-27,2018-01-18,23,5.0
17476,9594,17/18,Groin problems,2018-06-04,2018-06-18,15,2.0
17476,9594,18/19,Muscle injury,2018-12-12,2018-12-30,19,4.0
17476,9594,18/19,Muscle injury,2019-01-03,2019-02-19,48,11.0
17476,9594,18/19,Muscle injury,2019-03-10,2019-04-03,25,5.0
17476,9594,19/20,Hamstring muscle injury,2019-08-24,2019-09-16,24,2.0
17476,9594,19/20,Muscle injury,2019-09-25,2019-11-10,47,7.0
17476,9594,19/20,Muscle injury,2020-02-07,2020-02-13,7,1.0
17476,9594,20/21,Adductor tear,2020-07-18,2020-12-01,137,2.0
17740,15956,09/10,Ankle injury,2009-07-29,2009-08-22,25,
17740,15956,09/10,Ankle injury,2010-03-20,2010-04-07,19,3.0
17740,15956,10/11,Ligament injury,2010-09-17,2010-09-28,12,3.0
17740,15956,10/11,Ankle injury,2010-11-01,2010-12-14,44,10.0
17740,15956,10/11,fatigue fracture,2011-04-12,2011-05-20,39,6.0
17740,15956,15/16,Hamstring injury,2016-02-02,2016-02-26,25,4.0
17740,15956,17/18,Muscle injury,2018-02-26,2018-03-30,33,7.0
17740,15956,17/18,Muscle injury,2018-05-03,2018-05-19,17,3.0
17740,15956,18/19,Muscle injury,2018-11-20,2018-12-12,23,5.0
17740,15956,18/19,Muscle injury,2019-01-24,2019-02-09,17,3.0
17740,15956,21/22,Muscle injury,2021-11-03,2022-01-31,90,19.0
17740,15956,23/24,Hip problems,2023-09-01,2023-09-13,13,2.0
17740,15956,23/24,Hamstring injury,2023-12-05,2024-01-08,35,8.0
17740,15956,23/24,Injury to the ankle,2024-03-03,2024-03-08,6,
17740,15956,23/24,Hamstring injury,2024-05-19,2024-06-03,16,1.0
17745,16911,14/15,Broken foot,2014-12-11,2015-03-04,84,14.0
17745,16911,16/17,Broken hand,2016-11-03,2016-12-17,45,10.0
17745,16911,17/18,Ankle injury,2018-04-14,2018-05-13,30,4.0
17745,16911,23/24,Bruised ribs,2023-09-14,2023-09-21,8,1.0
17745,16911,23/24,Groin injury,2024-04-24,2024-04-30,7,1.0
17745,16911,23/24,minor knock,2024-05-19,2024-05-31,13,1.0
17745,16911,24/25,Shoulder injury,2025-03-24,2025-05-05,43,6.0
17745,16911,25/26,unknown injury,2025-12-22,2025-12-29,8,1.0
17745,16911,25/26,Shoulder injury,2026-02-27,2027-02-28,367,14.0
17761,173504,14/15,Back injury,2015-02-10,2015-02-21,12,1.0
17761,173504,15/16,Nose injury,2015-08-15,2015-08-22,8,
17761,173504,17/18,Groin strain,2018-01-22,2018-02-10,20,2.0
17761,173504,17/18,Knock,2018-05-26,2018-08-11,78,9.0
17761,173504,18/19,Groin strain,2018-10-01,2018-10-05,5,
17761,173504,18/19,Groin strain,2018-10-07,2018-10-19,13,2.0
17761,173504,18/19,Groin injury,2018-11-04,2018-11-30,27,4.0
17761,173504,20/21,Toe injury,2020-09-16,2020-09-29,14,4.0
17761,173504,24/25,Hamstring injury,2025-04-21,2025-07-14,85,5.0
17761,173504,25/26,unknown injury,2026-03-13,2026-03-17,5,1.0
17997,15773,08/09,Ankle injury,2008-09-26,2008-10-01,6,1.0
17997,15773,10/11,Knee injury,2011-03-20,2011-04-10,22,1.0
17997,15773,11/12,Torn muscle bundle,2012-02-29,2012-03-05,6,1.0
17997,15773,13/14,Broken foot,2013-08-12,2013-10-17,67,13.0
17997,15773,16/17,Knee injury,2016-11-19,2016-12-27,39,5.0
17997,15773,18/19,Knock,2019-01-03,2019-01-11,9,1.0
17997,15773,18/19,Knock,2019-01-13,2019-01-18,6,
17997,15773,18/19,Hamstring strain,2019-01-20,2019-01-28,9,1.0
17997,15773,18/19,Knock,2019-04-05,2019-05-31,57,6.0
17997,15773,19/20,Knock,2019-12-05,2019-12-13,9,1.0
17997,15773,19/20,Ill,2020-01-05,2020-01-10,6,
17997,15773,19/20,Back injury,2020-01-20,2020-02-01,13,2.0
17997,15773,20/21,Virus,2020-10-21,2020-11-05,16,2.0
17997,15773,20/21,Chest injury,2020-11-24,2020-12-13,20,2.0
18006,27659,07/08,Broken foot,2007-11-09,2008-03-17,130,25.0
18006,27659,17/18,Hip injury,2017-07-27,2017-09-18,54,6.0
18006,27659,17/18,Hip injury,2017-09-20,2017-09-24,5,1.0
18006,27659,18/19,Fitness,2018-08-31,2018-10-08,39,7.0
18006,27659,18/19,Knee injury,2018-11-04,2018-11-30,27,3.0
18006,27659,18/19,Knee injury,2019-01-02,2019-02-06,36,3.0
18006,27659,19/20,Cruciate ligament injury,2019-08-21,2019-10-18,59,9.0
18006,27659,19/20,Knee injury,2019-11-10,2019-12-28,49,8.0
18006,27659,19/20,Knee injury,2020-01-02,2020-02-14,44,7.0
18008,27614,08/09,Ligament stretching,2008-11-20,2008-11-24,5,1.0
18008,27614,08/09,Thigh problems,2009-01-12,2009-01-26,15,3.0
18008,27614,15/16,Hamstring injury,2016-01-14,2016-06-01,140,24.0
18008,27614,17/18,Achilles tendon problems,2017-10-06,2018-06-01,239,34.0
18073,31835,07/08,Groin problems,2008-04-08,2008-04-19,12,2.0
18073,31835,08/09,Calf problems,2008-10-24,2008-12-01,39,7.0
18073,31835,12/13,Arm injury,2013-02-24,2013-04-14,50,6.0
18073,31835,14/15,Calf strain,2014-09-26,2014-10-16,21,2.0
18073,31835,16/17,surgery,2017-05-12,2017-06-30,50,2.0
18073,31835,17/18,Hamstring injury,2017-12-16,2017-12-31,16,3.0
18073,31835,18/19,Back injury,2018-08-20,2018-08-31,12,2.0
18073,31835,19/20,Muscle strain,2019-08-08,2019-08-23,16,2.0
18073,31835,19/20,Ankle injury,2019-11-10,2019-11-22,13,
18073,31835,19/20,Ankle injury,2020-01-02,2020-01-09,8,1.0
18073,31835,19/20,Hamstring injury,2020-07-01,2020-07-04,4,1.0
18073,31835,20/21,Ankle injury,2020-09-13,2020-09-26,14,3.0
18073,31835,20/21,Chest injury,2020-10-25,2020-11-21,28,2.0
18155,17396,07/08,Ankle injury,2008-04-08,2008-04-28,21,2.0
18155,17396,10/11,muscular problems,2010-08-23,2010-09-20,29,4.0
18155,17396,10/11,Knee problems,2010-12-09,2011-01-10,33,4.0
18155,17396,10/11,minor knock,2011-01-24,2011-01-31,8,2.0
18155,17396,11/12,muscular problems,2011-07-25,2011-08-08,15,1.0
18155,17396,11/12,Cruciate ligament tear,2011-08-25,2012-02-20,180,34.0
18155,17396,11/12,Thigh problems,2012-03-08,2012-04-09,33,8.0
18155,17396,12/13,Inflammation in the knee,2012-09-24,2012-10-01,8,2.0
18155,17396,13/14,concussion,2013-10-21,2013-10-24,4,1.0
18155,17396,13/14,Groin problems,2013-10-28,2013-11-07,11,3.0
18155,17396,14/15,Hamstring injury,2015-02-16,2015-03-12,25,5.0
18155,17396,15/16,Knock,2016-03-16,2016-04-29,45,6.0
18155,17396,16/17,Muscle injury,2017-02-18,2017-04-05,47,4.0
18155,17396,17/18,Muscle injury,2018-02-21,2018-03-28,36,5.0
18155,17396,17/18,Muscle injury,2018-04-30,2018-05-10,11,1.0
18507,44779,17/18,Ankle injury,2018-03-12,2018-03-17,6,1.0
18507,44779,17/18,Hamstring injury,2018-04-13,2018-04-24,12,3.0
18507,44779,18/19,Hamstring injury,2018-10-04,2018-10-23,20,2.0
18507,44779,18/19,Muscle injury,2018-10-28,2018-11-09,13,3.0
18507,44779,18/19,Foot injury,2018-11-25,2018-12-01,7,1.0
18507,44779,18/19,Foot surgery,2018-12-03,2019-02-15,75,13.0
18507,44779,18/19,Muscle injury,2019-02-27,2019-03-15,17,3.0
18507,44779,18/19,Muscle injury,2019-03-31,2019-04-05,6,1.0
18507,44779,19/20,Groin injury,2019-08-14,2019-08-28,15,2.0
18507,44779,19/20,Herniated disc,2019-11-14,2020-02-16,95,16.0
18507,44779,20/21,Muscle injury,2020-10-19,2020-11-08,21,6.0
18507,44779,20/21,Leg injury,2020-11-25,2020-12-13,19,6.0
18507,44779,23/24,Muscle injury,2024-04-14,2024-04-26,13,3.0
18507,44779,23/24,Hamstring injury,2024-06-11,2024-08-16,67,18.0
18507,44779,24/25,Groin injury,2024-08-19,2024-09-14,27,3.0
18656,19059,08/09,muscular problems,2009-01-19,2009-02-04,17,3.0
18656,19059,09/10,Thigh problems,2009-08-22,2009-09-30,40,5.0
18656,19059,12/13,Broken hand,2013-04-05,2013-09-20,169,15.0
18726,15220,09/10,Knee surgery,2009-10-25,2009-11-30,37,9.0
18726,15220,13/14,Broken hand,2013-12-02,2014-01-11,41,8.0
18726,15220,16/17,Back problems,2016-11-19,2016-12-02,14,2.0
18759,28260,07/08,Groin problems,2008-01-21,2008-02-21,32,4.0
18759,28260,08/09,Thigh problems,2008-12-22,2009-01-19,29,4.0
18759,28260,12/13,Torn muscle fiber,2012-10-18,2012-11-01,15,4.0
18759,28260,13/14,Knee injury,2014-03-03,2014-05-01,60,14.0
18759,28260,14/15,Knee injury,2015-01-15,2015-01-22,8,2.0
18759,28260,15/16,Hamstring strain,2016-02-22,2016-03-10,18,4.0
18759,28260,16/17,Leg injury,2016-12-03,2017-07-01,211,25.0
18805,34409,10/11,Achilles tendon problems,2011-04-25,2011-06-30,67,8.0
18805,34409,11/12,Muscle strain,2011-10-31,2011-11-21,22,3.0
18805,34409,12/13,Groin problems,2012-12-10,2013-01-10,32,6.0
18805,34409,13/14,Groin problems,2013-09-16,2013-10-17,32,8.0
18805,34409,15/16,Thigh problems,2015-09-03,2015-09-21,19,2.0
18805,34409,15/16,Broken fibula,2016-05-09,2016-06-02,25,2.0
18805,34409,15/16,minor knock,2016-06-16,2016-06-16,1,
18892,14086,11/12,Ankle injury,2011-12-22,2012-02-02,43,8.0
18892,14086,12/13,Knee injury,2012-08-27,2012-10-08,43,10.0
18892,14086,12/13,Knee injury,2013-01-14,2013-02-11,29,7.0
18892,14086,12/13,Ankle injury,2013-04-08,2013-08-19,134,12.0
18892,14086,14/15,Groin injury,2014-09-11,2014-10-20,40,6.0
18892,14086,14/15,Hamstring injury,2015-01-01,2015-02-02,33,5.0
18892,14086,15/16,Knock,2016-01-18,2016-03-14,57,13.0
18892,14086,16/17,Knock,2017-04-03,2017-04-13,11,1.0
18892,14086,16/17,muscular problems,2017-05-04,2017-08-20,109,11.0
18892,14086,18/19,Knock,2018-07-04,2018-07-06,3,
18892,14086,18/19,Knock,2018-09-30,2018-10-05,6,1.0
18892,14086,20/21,Corona virus,2020-10-11,2020-10-24,14,2.0
18892,14086,23/24,Muscle injury,2023-12-11,2024-01-25,46,8.0
18892,14086,25/26,Hip flexor problems,2026-01-26,,228,19.0
18987,22614,10/11,Knee problems,2010-08-01,2010-10-01,62,9.0
18987,22614,13/14,Knee injury,2013-11-21,2013-12-20,30,5.0
18987,22614,14/15,Knee injury,2014-08-16,2015-11-23,465,75.0
18987,22614,16/17,Ankle injury,2016-10-22,2016-11-10,20,2.0
18987,22614,16/17,Muscle injury,2017-01-19,2017-01-27,9,2.0
18987,22614,18/19,Ankle injury,2018-10-10,2018-10-19,10,2.0
18987,22614,18/19,Knock,2018-12-31,2019-01-01,2,
18987,22614,19/20,Calf strain,2019-10-11,2019-10-18,8,
18987,22614,19/20,Knock,2019-12-06,2019-12-08,3,
18987,22614,19/20,Knee injury,2020-01-24,2020-01-28,5,1.0
18987,22614,19/20,Back injury,2020-06-19,2020-07-31,43,9.0
18987,22614,20/21,Knee problems,2021-01-28,2021-01-29,2,
18987,22614,22/23,Knock,2023-03-06,2023-03-13,8,2.0
19057,31720,16/17,Inner ligament injury,2016-08-11,2016-11-24,106,21.0
19057,31720,17/18,minor knock,2018-06-18,2018-06-21,4,
19071,10503,10/11,Inner ligament tear in ankle joint,2011-04-10,2011-04-15,6,
19071,10503,11/12,Knee problems,2011-11-24,2011-12-20,27,4.0
19071,10503,11/12,Internal ligament tear,2012-01-18,2012-02-20,34,3.0
19071,10503,12/13,Ligament stretching,2012-10-10,2012-10-25,16,1.0
19071,10503,14/15,Abdominal muscle strain,2014-11-06,2014-11-20,15,1.0
19071,10503,14/15,influenza,2014-11-27,2014-12-03,7,1.0
19071,10503,14/15,minor knock,2015-04-15,2015-04-16,2,
19071,10503,15/16,Adductor injury,2015-12-20,2016-08-22,247,32.0
19071,10503,16/17,Broken hand,2016-12-07,2016-12-28,22,4.0
19071,10503,19/20,Torn ankle ligaments,2019-10-11,2019-11-18,39,5.0
19071,10503,20/21,Calf problems,2021-04-01,2021-04-15,15,2.0
19071,10503,20/21,Calf problems,2021-04-17,2021-05-10,24,3.0
19071,10503,21/22,unknown injury,2022-05-14,2022-05-16,3,1.0
19115,18227,07/08,Ankle injury,2008-03-01,2008-08-01,154,12.0
19115,18227,09/10,Shoulder injury,2009-08-26,2010-02-01,160,25.0
19115,18227,14/15,Thigh problems,2015-04-03,2015-06-30,89,8.0
19115,18227,16/17,Hamstring injury,2017-01-02,2017-01-20,19,2.0
19115,18227,16/17,Hamstring injury,2017-01-29,2017-03-10,41,5.0
19115,18227,18/19,Ankle injury,2018-08-04,2018-09-26,54,11.0
19115,18227,18/19,Achilles tendon rupture,2018-11-28,2019-06-01,186,34.0
19115,18227,19/20,Ill,2019-08-16,2019-08-18,3,1.0
19115,18227,19/20,influenza,2019-08-23,2019-08-25,3,1.0
19115,18227,20/21,Achilles tendon rupture,2020-12-10,2021-05-07,149,29.0
19151,36814,08/09,Achilles tendon irritation,2008-09-22,2008-10-16,25,4.0
19151,36814,10/11,Ankle injury,2011-02-07,2011-02-10,4,1.0
19151,36814,16/17,Cruciate ligament tear,2016-02-29,2016-10-24,239,30.0
19151,36814,20/21,Knee injury,2020-10-15,2020-10-18,4,1.0
19159,67355,15/16,Shoulder injury,2016-06-27,2016-06-30,4,
19188,62688,10/11,Knee injury,2011-01-11,2011-06-30,171,23.0
19188,62688,17/18,Cruciate ligament tear,2017-12-31,2018-12-15,350,37.0
19188,62688,18/19,bruise,2019-05-05,2019-05-31,27,1.0
19188,62688,19/20,Hand injury,2019-08-29,2019-09-21,24,2.0
19188,62688,19/20,Ankle injury,2019-12-01,2019-12-06,6,1.0
19188,62688,19/20,Ankle injury,2019-12-18,2020-01-10,24,5.0
19188,62688,20/21,bruise,2020-09-20,2020-10-02,13,1.0
19188,62688,21/22,Hamstring injury,2022-01-11,2022-03-03,52,10.0
19197,47995,15/16,Hamstring injury,2016-02-02,2016-03-10,38,6.0
19197,47995,17/18,Cruciate ligament tear,2017-12-31,2018-08-27,240,21.0
19272,40567,10/11,Achilles tendon problems,2010-11-26,2011-02-01,68,5.0
19272,40567,16/17,Thigh problems,2017-06-10,2017-09-10,93,7.0
19272,40567,18/19,Calf problems,2018-09-11,2018-11-05,56,15.0
19419,27511,08/09,Back problems,2008-12-26,2009-01-17,23,3.0
19419,27511,09/10,Elbow injury,2010-03-05,2010-03-20,16,3.0
19419,27511,12/13,Knee surgery,2013-03-18,2013-04-24,38,10.0
19419,27511,15/16,Ankle injury,2015-12-30,2016-01-04,6,1.0
19419,27511,18/19,Knock,2018-08-09,2018-09-19,42,5.0
19419,27511,18/19,Knock,2018-12-01,2018-12-21,21,6.0
19419,27511,18/19,Back injury,2018-12-28,2019-03-09,72,18.0
19419,27511,18/19,Achilles tendon problems,2019-04-24,2019-05-04,11,2.0
19419,27511,19/20,Head injury,2019-11-04,2019-11-08,5,
19419,27511,19/20,Knee injury,2019-12-01,2019-12-06,6,1.0
19419,27511,19/20,Knee injury,2019-12-08,2020-01-04,28,5.0
19419,27511,20/21,Hamstring injury,2020-07-08,2020-10-17,102,9.0
19419,27511,20/21,Calf injury,2020-10-23,2020-11-06,15,2.0
19419,27511,20/21,Knock,2020-12-20,2021-01-13,25,4.0
19524,15799,08/09,Broken fibula,2009-04-06,2009-05-28,53,10.0
19524,15799,09/10,Adductor injury,2010-01-28,2010-03-01,33,7.0
19524,15799,13/14,Ankle injury,2013-09-12,2013-10-17,36,9.0
19524,15799,15/16,Knee injury,2015-11-30,2016-03-07,99,20.0
19524,15799,15/16,Achilles tendon irritation,2016-03-07,2016-04-21,46,9.0
19524,15799,16/17,Ankle surgery,2016-10-20,2018-06-30,619,122.0
19524,15799,19/20,Ankle sprain,2019-11-28,2019-12-17,20,3.0
19524,15799,23/24,Fitness,2023-08-16,2023-09-19,35,5.0
19524,15799,23/24,Hamstring injury,2023-11-08,2024-01-08,62,8.0
19556,24634,07/08,Groin problems,2008-05-02,2008-05-11,10,1.0
19556,24634,09/10,Knee surgery,2009-10-02,2009-12-02,62,11.0
19556,24634,14/15,Hamstring injury,2014-09-20,2014-10-16,27,2.0
19568,15760,08/09,Toe injury,2008-09-25,2008-10-03,9,2.0
19568,15760,11/12,muscular problems,2011-07-30,2011-09-03,36,5.0
19568,15760,11/12,Cruciate ligament tear,2011-09-22,2012-04-11,203,52.0
19568,15760,12/13,Torn muscle fiber,2012-11-14,2013-01-02,50,9.0
19568,15760,12/13,Muscle injury,2013-01-07,2014-01-23,382,64.0
19568,15760,15/16,Knee injury,2016-04-22,2016-12-12,235,21.0
19568,15760,16/17,Knee surgery,2017-04-05,2017-09-22,171,14.0
19687,37957,16/17,Achilles tendon surgery,2016-07-11,2017-02-01,206,30.0
19687,37957,19/20,Knee injury,2019-11-09,2019-11-25,17,
19760,35564,09/10,Back problems,2009-12-15,2009-12-17,3,1.0
19760,35564,10/11,Hip problems,2010-12-18,2011-01-01,15,1.0
19760,35564,11/12,Knee problems,2011-12-03,2012-01-01,30,6.0
19760,35564,12/13,Thigh problems,2012-09-01,2012-09-07,7,1.0
19760,35564,15/16,Ankle injury,2015-07-27,2015-08-05,10,
19760,35564,17/18,Broken arm,2017-06-28,2017-09-08,73,4.0
19760,35564,18/19,concussion,2019-04-01,2019-04-09,9,1.0
19760,35564,19/20,flu,2020-02-17,2020-03-01,14,3.0
19760,35564,19/20,unknown injury,2020-06-27,2020-07-26,30,9.0
19760,35564,20/21,Back problems,2020-12-20,2020-12-22,3,
19760,35564,21/22,Corona virus,2021-12-11,2021-12-22,12,3.0
19812,31886,13/14,unknown injury,2013-08-28,2013-11-11,76,19.0
19812,31886,21/22,Quarantine,2021-08-30,2021-09-02,4,1.0
19812,31886,22/23,Hand injury,2022-07-29,2022-08-24,27,3.0
19838,39037,10/11,Elbow injury,2010-09-16,2010-10-01,16,2.0
19838,39037,13/14,Knee injury,2014-02-26,2014-03-15,18,2.0
19838,39037,14/15,Hamstring injury,2014-12-06,2015-03-13,98,15.0
19838,39037,14/15,Hamstring strain,2015-04-16,2015-06-30,76,8.0
19838,39037,15/16,Knee injury,2016-03-29,2016-12-12,259,43.0
19838,39037,17/18,Back injury,2018-03-05,2018-04-07,34,2.0
20037,36939,15/16,Achilles tendon problems,2015-11-06,2015-12-12,37,4.0
20037,36939,16/17,Hamstring injury,2016-09-07,2016-11-04,59,8.0
20037,36939,17/18,Hamstring injury,2018-05-14,2018-09-21,131,6.0
20046,35249,13/14,Muscle injury,2013-10-04,2013-12-15,73,10.0
20046,35249,13/14,unknown injury,2014-01-08,2014-01-15,8,2.0
20046,35249,15/16,Ankle injury,2016-02-05,2016-02-12,8,1.0
20046,35249,16/17,Hamstring injury,2016-09-10,2016-11-19,71,11.0
20046,35249,16/17,Hamstring injury,2016-12-10,2017-01-14,36,6.0
20046,35249,17/18,Calf strain,2017-11-19,2017-12-14,26,5.0
20046,35249,18/19,Knock,2018-09-20,2018-10-19,30,6.0
20046,35249,19/20,muscular problems,2019-09-13,2019-09-17,5,1.0
20046,35249,20/21,unknown injury,2020-11-27,2021-02-07,73,12.0
20046,35249,21/22,unknown injury,2022-04-16,2022-05-04,19,2.0
20046,35249,22/23,unknown injury,2023-03-26,2023-05-01,37,7.0
20046,35249,22/23,unknown injury,2023-05-08,2023-06-12,36,7.0
20046,35249,25/26,Fitness,2025-07-22,2025-08-31,41,
20046,35249,25/26,Fitness,2025-09-02,2025-09-18,17,2.0
20046,35249,25/26,Tendonitis,2025-12-08,2026-01-17,41,4.0
20066,45494,11/12,Ankle injury,2012-02-27,2012-03-05,8,1.0
20066,45494,11/12,Cruciate ligament tear,2012-04-19,2012-10-18,183,23.0
20066,45494,12/13,Cruciate ligament tear,2012-11-12,2013-07-23,254,34.0
20066,45494,15/16,Back problems,2016-06-09,2016-06-13,5,
20066,45494,17/18,bruise,2017-10-10,2017-10-20,11,1.0
20066,45494,18/19,Knock,2018-12-14,2018-12-29,16,3.0
20066,45494,18/19,Thigh problems,2019-01-12,2019-01-30,19,2.0
20066,45494,20/21,Hamstring strain,2020-10-16,2021-02-15,123,24.0
20145,38145,16/17,Knee injury,2016-12-01,2017-01-22,53,10.0
20208,28990,11/12,Ligament injury,2012-03-20,2012-06-15,88,12.0
20208,28990,15/16,Calf strain,2016-01-26,2016-03-18,53,8.0
20208,28990,20/21,Quarantine,2021-02-24,2021-03-07,12,3.0
20208,28990,21/22,Hamstring injury,2022-03-02,2022-03-31,30,4.0
20310,19948,07/08,Cruciate ligament surgery,2008-05-20,2008-11-22,187,5.0
20310,19948,11/12,Broken hand,2012-03-25,2012-07-01,99,9.0
20310,19948,12/13,Foot injury,2013-05-08,2013-05-20,13,1.0
20399,32522,07/08,Cruciate ligament tear,2008-04-20,2008-10-01,165,15.0
20399,32522,14/15,Thigh problems,2015-01-18,2015-02-01,15,1.0
20399,32522,15/16,Leg injury,2015-11-08,2015-12-11,34,6.0
20399,32522,16/17,Hamstring injury,2017-01-31,2017-03-04,33,4.0
20399,32522,17/18,Muscle injury,2018-01-07,2018-01-28,22,2.0
20399,32522,18/19,Muscle injury,2019-03-04,2019-03-25,22,2.0
20399,32522,18/19,Foot injury,2019-05-02,2019-06-02,32,3.0
20452,37304,11/12,Stomach flu,2012-01-31,2012-02-04,5,1.0
20452,37304,12/13,Ankle injury,2013-03-06,2013-03-16,11,1.0
20452,37304,14/15,Rib fracture,2015-01-24,2015-02-20,28,3.0
20452,37304,15/16,Ankle sprain,2015-10-11,2015-11-07,28,4.0
20452,37304,16/17,Hamstring injury,2016-10-20,2016-11-18,30,6.0
20452,37304,16/17,Metatarsal fracture,2017-05-13,2017-06-30,49,5.0
20452,37304,18/19,Foot injury,2018-09-02,2018-09-16,15,2.0
20452,37304,18/19,Toe injury,2018-09-23,2018-10-05,13,2.0
20452,37304,18/19,Ankle injury,2018-11-05,2018-12-15,41,8.0
20452,37304,18/19,Knock,2019-01-17,2019-01-18,2,
20452,37304,18/19,Groin injury,2019-03-09,2019-04-05,28,3.0
20452,37304,18/19,Knock,2019-04-25,2019-04-26,2,
20452,37304,19/20,Knee injury,2019-12-22,2019-12-31,10,2.0
20452,37304,19/20,Knee injury,2020-01-23,2020-01-31,9,1.0
20452,37304,21/22,Corona virus,2021-09-01,2021-09-19,19,2.0
20467,33713,13/14,Cruciate ligament tear,2014-01-06,2014-10-13,281,49.0
20467,33713,14/15,Groin problems,2014-11-20,2014-12-18,29,7.0
20467,33713,15/16,Calf injury,2015-10-29,2015-12-01,34,8.0
20467,33713,16/17,Hamstring injury,2016-10-25,2016-11-06,13,3.0
20467,33713,16/17,Calf strain,2016-12-23,2017-01-27,36,6.0
20467,33713,18/19,Bruised ribs,2018-09-02,2018-09-15,14,
20467,33713,18/19,Ill,2019-04-22,2019-04-26,5,
20467,33713,19/20,Head injury,2019-09-29,2019-10-18,20,1.0
20467,33713,19/20,Knock,2019-11-24,2019-12-04,11,1.0
20467,33713,19/20,Calf strain,2019-12-08,2019-12-25,18,3.0
20467,33713,19/20,Knee injury,2020-02-09,2020-02-28,20,1.0
20467,33713,19/20,Abdominal muscle strain,2020-06-08,2020-07-08,31,4.0
20467,33713,20/21,Hamstring injury,2020-11-07,2020-11-22,16,
20467,33713,20/21,Hamstring injury,2021-02-01,2021-03-25,53,11.0
20467,33713,22/23,Calf strain,2022-12-20,2023-01-27,39,8.0
20480,33027,07/08,Shoulder injury,2008-01-19,2008-04-20,93,
20480,33027,12/13,Elbow injury,2012-09-09,2012-10-20,42,10.0
20480,33027,12/13,Ankle injury,2013-02-21,2013-04-03,42,9.0
20480,33027,12/13,Shoulder injury,2013-04-14,2013-08-15,124,8.0
20480,33027,13/14,Knee injury,2014-03-26,2014-04-10,16,2.0
20480,33027,14/15,Ankle injury,2014-11-27,2015-01-01,36,8.0
20480,33027,15/16,Cruciate ligament tear,2015-10-10,2016-11-09,397,62.0
20480,33027,19/20,Knock,2019-09-01,2019-09-13,13,2.0
20480,33027,19/20,Back injury,2019-09-22,2019-10-18,27,4.0
20480,33027,20/21,Corona virus,2021-01-04,2021-01-18,15,2.0
20481,34838,09/10,Achilles tendon problems,2009-12-31,2010-01-18,19,3.0
20481,34838,11/12,influenza,2011-12-12,2011-12-19,8,1.0
20481,34838,14/15,Bruised ribs,2014-08-21,2014-09-22,33,5.0
20481,34838,14/15,Calf injury,2015-03-02,2015-03-19,18,1.0
20481,34838,16/17,Broken leg,2016-05-09,2017-12-31,602,65.0
20481,34838,17/18,Calf strain,2018-01-24,2018-04-01,68,7.0
20487,33781,12/13,Ill,2013-01-02,2013-01-09,8,1.0
20487,33781,16/17,Elbow injury,2016-08-23,2016-11-18,88,12.0
20487,33781,22/23,Foot bruise,2023-04-28,2023-06-01,35,5.0
20529,45693,12/13,Cruciate ligament injury,2013-05-10,2014-02-05,272,29.0
20529,45693,17/18,Ankle injury,2017-08-19,2017-09-09,22,2.0
20529,45693,18/19,concussion,2018-10-21,2018-10-26,6,
20529,45693,18/19,Ankle injury,2018-11-25,2018-11-30,6,
20529,45693,18/19,Shoulder injury,2018-12-05,2018-12-07,3,
20529,45693,18/19,Calf injury,2019-02-10,2019-02-25,16,1.0
20529,45693,19/20,Knock,2019-12-29,2020-01-10,13,2.0
20658,20007,09/10,Achilles tendon problems,2009-10-15,2009-10-26,12,1.0
20658,20007,11/12,Thigh problems,2012-03-05,2012-03-19,15,3.0
20658,20007,12/13,Thigh problems,2012-10-22,2012-11-01,11,2.0
20658,20007,13/14,Hamstring injury,2013-12-19,2013-12-26,8,1.0
20658,20007,15/16,Inner ligament stretch of the knee,2015-08-20,2015-09-24,36,8.0
20658,20007,15/16,Inner ligament stretch of the knee,2015-10-29,2015-12-31,64,13.0
20658,20007,18/19,Ill,2018-12-26,2018-12-28,3,1.0
20664,35518,17/18,unknown injury,2018-01-31,2018-02-11,12,2.0
20664,35518,18/19,Knock,2018-08-03,2018-08-18,16,2.0
20664,35518,18/19,Hamstring injury,2018-12-08,2018-12-26,19,4.0
20664,35518,19/20,Muscle strain,2019-11-03,2019-11-09,7,1.0
20664,35518,19/20,Ill,2019-11-24,2019-11-25,2,
20664,35518,19/20,Knock,2019-12-08,2019-12-31,24,6.0
20664,35518,20/21,Corona virus,2020-08-31,2020-09-11,12,
20664,35518,20/21,Hamstring injury,2020-11-23,2020-12-02,10,2.0
20664,35518,20/21,Muscle injury,2020-12-04,2020-12-12,9,2.0
20664,35518,20/21,Muscle injury,2020-12-14,2020-12-20,7,2.0
20664,35518,20/21,Hamstring injury,2020-12-23,2021-02-05,45,8.0
20664,35518,21/22,Muscle injury,2021-09-13,2021-10-15,33,6.0
20664,35518,21/22,Muscle injury,2021-11-26,2021-12-16,21,6.0
20664,35518,22/23,Hamstring injury,2022-10-24,2022-11-04,12,3.0
20664,35518,22/23,Calf problems,2023-01-24,2023-02-28,36,6.0
20669,10375,20/21,Muscle injury,2020-11-01,2020-11-05,5,1.0
20695,33544,09/10,Ankle injury,2010-04-26,2010-08-16,113,4.0
20695,33544,10/11,Ankle injury,2010-09-13,2011-01-31,141,32.0
20695,33544,11/12,Tendon tear,2012-02-16,2012-03-19,33,7.0
20695,33544,14/15,Hamstring injury,2014-10-06,2014-10-27,22,4.0
20695,33544,15/16,Ankle surgery,2015-10-26,2016-02-29,127,28.0
20695,33544,15/16,Fitness,2016-02-29,2016-03-10,11,2.0
20695,33544,16/17,Broken arm,2016-10-27,2016-11-14,19,4.0
20695,33544,17/18,Rest,2017-09-18,2017-09-21,4,1.0
20695,33544,17/18,minor knock,2017-09-25,2017-09-28,4,1.0
20695,33544,17/18,Hamstring injury,2017-12-17,2018-01-12,27,6.0
20695,33544,18/19,Calf strain,2018-07-22,2018-08-27,37,2.0
20695,33544,18/19,Knee injury,2018-10-04,2018-11-12,40,9.0
20695,33544,18/19,Knock,2018-11-16,2018-12-04,19,2.0
20695,33544,18/19,Knee injury,2019-01-04,2019-05-11,128,24.0
21083,37011,13/14,Hamstring injury,2013-08-17,2013-09-16,31,4.0
21083,37011,15/16,Knee injury,2015-09-18,2015-10-17,30,4.0
21083,37011,16/17,Ankle injury,2016-09-10,2016-11-19,71,9.0
21083,37011,16/17,Achilles tendon rupture,2017-02-13,2017-09-22,222,13.0
21123,21905,15/16,Knee problems,2015-11-20,2015-12-20,31,4.0
21123,21905,15/16,muscle stiffness,2016-05-30,2016-06-10,12,
21123,21905,16/17,Hamstring injury,2017-03-18,2017-08-18,154,5.0
21123,21905,17/18,Muscle injury,2017-10-29,2017-11-10,13,1.0
21123,21905,17/18,inflammation,2017-11-25,2017-12-14,20,4.0
21123,21905,17/18,Muscle injury,2017-12-31,2018-01-27,28,3.0
21123,21905,17/18,Muscle fatigue,2018-02-23,2018-03-02,8,1.0
21123,21905,17/18,Hamstring muscle injury,2018-03-26,2018-04-21,27,6.0
21123,21905,18/19,unknown injury,2019-02-10,2019-03-29,48,5.0
21123,21905,18/19,fracture,2019-04-03,2019-06-01,60,9.0
21123,21905,19/20,Thigh problems,2019-08-05,2019-09-11,38,4.0
21123,21905,19/20,unknown injury,2020-07-17,2020-07-21,5,1.0
21123,21905,20/21,Corona virus,2020-09-30,2020-10-14,15,
21123,21905,21/22,flu,2021-10-31,2021-11-03,4,1.0
21123,21905,21/22,unknown injury,2021-12-17,2022-01-19,34,6.0
21205,34130,17/18,Shoulder injury,2017-09-10,2018-03-31,203,34.0
21205,34130,18/19,Calf strain,2018-06-09,2018-08-11,64,10.0
21205,34130,19/20,Calf strain,2019-11-10,2019-11-24,15,1.0
21205,34130,19/20,Cruciate ligament injury,2020-01-01,2020-11-07,312,30.0
21205,34130,20/21,Knock,2020-11-10,2020-12-12,33,3.0
21205,34130,22/23,Ankle injury,2023-03-18,2023-05-17,61,13.0
21205,34130,23/24,Calf injury,2023-08-10,2023-09-17,39,5.0
21246,35413,20/21,Hip injury,2020-10-24,2020-11-24,32,5.0
21246,35413,21/22,Corona virus,2021-08-01,2021-08-17,17,2.0
21246,35413,21/22,Ankle injury,2022-02-01,2022-04-01,60,10.0
21246,35413,21/22,Hamstring injury,2022-04-23,2022-06-11,50,7.0
26719,66518,13/14,Torn muscle fiber,2014-03-24,2014-05-05,43,9.0
26901,33639,11/12,Fever,2012-02-17,2012-02-19,3,
26901,33639,12/13,Hamstring injury,2012-11-10,2012-11-30,21,4.0
26901,33639,12/13,Hamstring injury,2012-12-09,2013-01-20,43,7.0
26901,33639,13/14,Groin injury,2014-04-22,2014-05-22,31,3.0
26901,33639,14/15,Hamstring injury,2014-09-27,2014-11-21,56,12.0
26901,33639,18/19,Ankle injury,2018-10-03,2018-10-15,13,1.0
26901,33639,18/19,Fever,2018-12-26,2018-12-29,4,1.0
26901,33639,18/19,Leg injury,2019-02-11,2019-03-02,20,3.0
26901,33639,20/21,Groin injury,2021-01-20,2021-01-25,6,1.0
26901,33639,20/21,Corona virus,2021-05-10,2021-05-16,7,2.0
26901,33639,22/23,Knee injury,2023-05-29,2023-08-31,95,
26921,8552,02/03,unknown injury,2002-08-11,2002-08-25,15,2.0
26921,8552,08/09,Cruciate ligament tear,2008-08-21,2009-03-13,205,40.0
26921,8552,09/10,Capsular injury,2010-03-23,2010-04-04,13,1.0
26921,8552,09/10,Knee surgery,2010-04-12,2010-08-01,112,4.0
26921,8552,13/14,Knee injury,2013-10-19,2014-11-22,400,52.0
26921,8552,16/17,Knee injury,2016-10-28,2016-11-03,7,1.0
26921,8552,17/18,unknown injury,2018-02-11,2018-02-19,9,1.0
26921,8552,18/19,unknown injury,2018-10-11,2018-10-22,12,1.0
26921,8552,19/20,Torn thigh muscle,2020-01-27,2020-02-17,22,5.0
27334,27306,15/16,Hamstring injury,2016-05-12,2016-07-15,65,1.0
27334,27306,16/17,Hamstring injury,2016-11-27,2017-01-27,62,16.0
27334,27306,17/18,Hamstring injury,2017-08-03,2017-11-16,106,16.0
27334,27306,18/19,Ankle sprain,2018-08-04,2018-08-17,14,1.0
27334,27306,18/19,Knee injury,2018-09-02,2018-09-20,19,1.0
27334,27306,18/19,Thigh problems,2018-09-22,2018-10-19,28,3.0
27334,27306,18/19,Ankle sprain,2018-12-05,2019-01-18,45,5.0
27334,27306,18/19,Ankle injury,2019-01-20,2019-01-29,10,1.0
27334,27306,18/19,Thigh problems,2019-02-21,2019-03-01,9,1.0
27334,27306,19/20,Knock,2019-05-17,2019-05-20,4,1.0
27334,27306,19/20,Ankle sprain,2019-10-01,2019-10-15,15,1.0
27334,27306,19/20,Thigh problems,2019-11-23,2019-12-03,11,3.0
27334,27306,19/20,Knock,2019-12-10,2019-12-13,4,1.0
27334,27306,20/21,Thigh problems,2020-09-18,2020-11-10,54,7.0
27334,27306,22/23,unknown injury,2023-01-20,2023-02-04,16,3.0
27341,29434,12/13,Groin injury,2012-11-11,2013-01-12,63,13.0
27341,29434,14/15,Adductor pain,2015-02-16,2015-04-07,51,9.0
27341,29434,15/16,Knock,2016-01-30,2016-02-05,7,1.0
27341,29434,16/17,Groin injury,2016-08-31,2016-09-16,17,3.0
27341,29434,17/18,Foot injury,2017-07-01,2017-08-18,49,1.0
27462,29055,10/11,Broken jaw,2011-01-29,2011-02-25,28,3.0
27462,29055,12/13,Thigh problems,2013-04-28,2013-05-05,8,1.0
27462,29055,13/14,Foot bruise,2014-01-17,2014-01-30,14,1.0
27462,29055,13/14,Foot bruise,2014-02-02,2014-02-21,20,2.0
27462,29055,13/14,Overstretching,2014-04-11,2014-04-22,12,1.0
27462,29055,13/14,Ankle sprain,2014-05-04,2014-05-20,17,2.0
27462,29055,14/15,Broken nose bone,2014-11-14,2014-11-21,8,
27462,29055,17/18,Ankle injury,2017-11-27,2018-05-12,167,26.0
27707,42413,10/11,Virus,2010-11-01,2010-11-11,11,2.0
27707,42413,11/12,Knee injury,2012-02-27,2012-03-22,25,6.0
27707,42413,12/13,Hamstring strain,2012-09-03,2012-11-15,74,14.0
27707,42413,12/13,Hamstring strain,2012-12-27,2013-01-31,36,6.0
27707,42413,14/15,Cruciate ligament injury,2013-10-17,2014-07-21,278,42.0
27707,42413,14/15,Knee injury,2014-11-13,2015-01-08,57,13.0
27707,42413,15/16,Metatarsal fracture,2015-04-02,2015-09-10,162,17.0
27707,42413,16/17,Groin strain,2016-08-22,2016-10-13,53,6.0
27707,42413,17/18,Groin injury,2018-01-02,2018-03-18,76,13.0
28147,70950,09/10,Knee problems,2010-01-01,2010-01-27,27,1.0
28147,70950,12/13,Hamstring injury,2012-12-09,2013-01-16,39,5.0
28147,70950,14/15,Knee injury,2014-12-03,2015-03-14,102,19.0
28147,70950,14/15,Knee problems,2015-04-21,2015-08-24,126,13.0
28147,70950,18/19,Hip injury,2018-08-04,2018-08-10,7,
28147,70950,18/19,Hip injury,2019-01-03,2019-02-10,39,7.0
28147,70950,18/19,Hip injury,2019-04-03,2019-04-11,9,1.0
28160,37337,10/11,Inflammation of pubic bone,2011-05-31,2011-07-01,32,
28160,37337,13/14,Inner ligament stretch of the knee,2013-09-24,2013-10-03,10,2.0
28160,37337,13/14,unknown injury,2013-11-01,2014-01-27,88,20.0
28160,37337,16/17,muscular problems,2017-04-25,2017-05-10,16,2.0
28411,79422,20/21,Back injury,2020-09-10,2020-09-17,8,2.0
28411,79422,20/21,Bruised ribs,2021-01-21,2021-02-01,12,1.0
28411,79422,20/21,Adductor pain,2021-02-01,2021-02-11,11,3.0
28411,79422,20/21,Shoulder injury,2021-04-15,2021-04-26,12,2.0
28411,79422,20/21,Shoulder injury,2021-05-27,2021-06-28,33,3.0
28411,79422,21/22,Adductor injury,2021-10-14,2021-10-18,5,1.0
28411,79422,21/22,Elbow injury,2021-11-04,2021-11-15,12,1.0
28411,79422,22/23,Lumbar vertebra problems,2022-08-20,2022-08-22,3,1.0
28411,79422,22/23,minor knock,2022-09-12,2022-09-15,4,1.0
28411,79422,22/23,Back injury,2022-10-31,2022-11-10,11,3.0
28411,79422,22/23,Rest,2022-11-10,2022-11-14,5,2.0
28411,79422,22/23,Groin injury,2023-05-20,2023-07-17,59,7.0
28411,79422,23/24,Back injury,2023-09-29,2023-10-04,6,1.0
28411,79422,23/24,Lumbar vertebra problems,2023-10-24,2023-12-21,59,14.0
28411,79422,24/25,Stomach problems,2025-07-13,2025-07-14,2,1.0
28448,37363,07/08,Knee problems,2008-01-18,2008-03-03,46,5.0
28448,37363,09/10,Back problems,2009-08-19,2009-08-29,11,1.0
28448,37363,09/10,Cruciate ligament tear,2009-11-01,2010-01-16,77,10.0
28448,37363,10/11,Back problems,2010-12-28,2011-04-03,97,10.0
28448,37363,12/13,Knee injury,2012-11-27,2013-01-14,49,10.0
28448,37363,12/13,Knee injury,2013-01-17,2013-02-08,23,3.0
28448,37363,12/13,Knee injury,2013-02-09,2013-09-20,224,17.0
28448,37363,15/16,Back problems,2015-12-04,2015-12-19,16,2.0
28448,37363,15/16,concussion,2016-03-01,2016-03-20,20,1.0
28448,37363,16/17,Inguinal hernia,2016-07-08,2016-09-16,71,5.0
28448,37363,16/17,Back injury,2016-09-27,2016-11-19,54,7.0
28448,37363,16/17,Hip injury,2016-11-14,2017-04-01,139,19.0
28448,37363,19/20,unknown injury,2019-11-08,2019-12-31,54,6.0
28448,37363,19/20,minor knock,2020-02-19,2020-02-26,8,1.0
28462,67211,17/18,Calf problems,2017-07-01,2017-10-16,108,10.0
28462,67211,20/21,Calf injury,2020-10-01,2020-11-03,34,6.0
28468,37171,07/08,unknown injury,2008-03-28,2008-04-20,24,3.0
28495,30739,09/10,Knee surgery,2010-06-05,2010-08-05,62,4.0
28495,30739,10/11,Ligament injury,2010-12-27,2011-01-13,18,4.0
28495,30739,12/13,Knee injury,2012-12-27,2013-01-03,8,2.0
28495,30739,14/15,Knee injury,2015-02-09,2015-04-02,53,10.0
28495,30739,17/18,Abdominal problems,2017-04-06,2017-08-10,127,21.0
28495,30739,17/18,Broken hand,2018-06-25,2018-06-25,1,
28495,30739,19/20,Knee problems,2019-07-01,2019-07-08,8,1.0
28495,30739,19/20,Knock,2019-07-15,2019-07-18,4,
28495,30739,19/20,Thigh problems,2019-10-14,2019-11-11,29,6.0
28541,42411,10/11,Cruciate ligament tear,2010-08-31,2011-03-20,202,29.0
28541,42411,10/11,Knee surgery,2011-04-20,2012-01-01,257,24.0
28541,42411,14/15,Hamstring injury,2015-02-21,2015-05-09,78,9.0
28541,42411,15/16,Hamstring injury,2015-08-03,2015-08-30,28,5.0
28541,42411,16/17,Hamstring injury,2016-07-27,2016-09-19,55,6.0
28541,42411,16/17,Hamstring injury,2017-03-22,2017-04-14,24,3.0
28554,18935,15/16,Thigh problems,2016-04-18,2016-04-21,4,1.0
28554,18935,16/17,Ankle sprain,2016-09-12,2016-09-19,8,2.0
28554,18935,16/17,Achilles tendon problems,2016-10-31,2016-11-03,4,1.0
28554,18935,16/17,Achilles tendon problems,2016-11-07,2016-12-05,29,5.0
28554,18935,16/17,muscular problems,2017-01-20,2017-01-25,6,1.0
28554,18935,16/17,Muscle injury,2017-04-06,2017-04-27,22,3.0
28554,18935,16/17,muscular problems,2017-05-06,2017-05-31,26,2.0
28554,18935,17/18,unknown injury,2017-09-04,2017-09-14,11,1.0
28554,18935,17/18,unknown injury,2017-10-23,2017-11-06,15,3.0
28554,18935,17/18,unknown injury,2017-11-28,2018-01-29,63,10.0
28554,18935,18/19,Calf problems,2019-01-22,2019-02-18,28,4.0
28554,18935,18/19,Calf strain,2019-03-17,2019-04-07,22,1.0
28554,18935,18/19,Calf strain,2019-04-08,2019-05-31,54,5.0
28554,18935,19/20,Hamstring injury,2019-10-05,2020-01-05,93,13.0
28554,18935,19/20,Adductor injury,2020-01-18,2020-09-15,242,8.0
28593,39532,07/08,Knee problems,2008-02-08,2008-03-01,23,1.0
28593,39532,08/09,Ankle injury,2008-09-18,2008-09-28,11,3.0
28593,39532,08/09,Knee problems,2008-10-17,2008-10-25,9,1.0
28593,39532,08/09,Back problems,2008-12-07,2008-12-26,20,2.0
28593,39532,08/09,Knee problems,2009-02-22,2009-06-01,100,15.0
28593,39532,09/10,Knee problems,2009-09-07,2010-01-30,146,28.0
28593,39532,10/11,Groin problems,2011-09-09,2011-12-24,107,16.0
28593,39532,14/15,Groin surgery,2014-09-25,2014-10-16,22,2.0
28593,39532,16/17,Knee injury,2017-01-21,2017-04-04,74,7.0
28609,43858,13/14,Torn lateral ankle ligament,2013-09-11,2013-11-24,75,12.0
28609,43858,14/15,Broken finger,2014-09-01,2014-11-06,67,13.0
28609,43858,21/22,Knee injury,2022-02-07,2022-03-23,45,9.0
28654,38073,07/08,unknown injury,2008-01-13,2008-04-05,84,15.0
28654,38073,08/09,Thigh problems,2008-12-12,2008-12-26,15,2.0
28654,38073,11/12,Foot injury,2012-02-29,2012-03-03,4,
28654,38073,14/15,Shoulder injury,2015-05-28,2015-09-12,108,7.0
28654,38073,17/18,Hamstring strain,2017-10-24,2017-11-18,26,2.0
28654,38073,18/19,Hamstring injury,2018-12-11,2019-05-06,147,33.0
28654,38073,20/21,sprain,2021-02-01,2021-04-20,79,9.0
28654,38073,20/21,Broken fibula,2021-05-18,2021-06-30,44,8.0
28654,38073,21/22,Thigh problems,2022-03-25,2022-04-01,8,1.0
28654,38073,24/25,Hamstring injury,2025-05-20,2025-07-20,62,8.0
28690,46220,12/13,Thigh problems,2012-11-28,2012-12-23,26,4.0
28690,46220,13/14,Hamstring injury,2013-09-14,2013-10-25,42,9.0
28690,46220,13/14,Hamstring injury,2013-10-27,2013-11-26,31,4.0
28690,46220,13/14,Hamstring injury,2014-01-01,2014-01-15,15,2.0
28690,46220,15/16,Hamstring injury,2015-09-23,2015-10-29,37,4.0
28690,46220,15/16,Hamstring injury,2016-02-21,2016-03-15,24,4.0
28690,46220,18/19,Muscle strain,2018-08-26,2018-11-07,74,8.0
28690,46220,20/21,Groin injury,2020-09-25,2020-10-18,24,2.0
28690,46220,20/21,Knock,2020-11-03,2020-12-10,38,7.0
32259,51321,15/16,Knee injury,2015-11-20,2015-12-05,16,2.0
32259,51321,20/21,Knock,2021-01-20,2021-04-18,89,13.0
32318,30456,09/10,Groin strain,2009-08-15,2009-09-12,29,2.0
32318,30456,12/13,Broken leg,2012-10-27,2013-02-15,112,22.0
32318,30456,12/13,Hamstring injury,2013-04-06,2013-04-20,15,1.0
32318,30456,15/16,Calf strain,2015-09-22,2015-10-19,28,3.0
32318,30456,15/16,Inner ligament injury,2016-01-30,2016-08-30,214,26.0
32318,30456,16/17,Hamstring injury,2017-01-08,2017-02-03,27,3.0
33148,40423,08/09,Calf problems,2009-05-24,2009-06-02,10,3.0
33148,40423,09/10,Knee injury,2010-03-29,2010-05-13,46,8.0
33148,40423,12/13,Broken arm,2012-09-27,2012-11-19,54,10.0
33148,40423,13/14,Torn muscle fiber,2014-03-03,2014-03-13,11,2.0
33148,40423,15/16,Torn muscle bundle,2015-09-07,2015-10-01,25,6.0
33148,40423,15/16,Calf injury,2016-05-02,2016-05-19,18,2.0
33148,40423,16/17,Calf muscle tear,2017-04-27,2017-06-23,58,8.0
33148,40423,18/19,Achilles tendon rupture,2018-08-20,2019-04-03,227,54.0
33148,40423,18/19,Fitness,2019-04-04,2019-05-12,39,8.0
33148,40423,20/21,Knee problems,2020-09-25,2020-10-15,21,5.0
33148,40423,20/21,muscular problems,2020-11-23,2020-12-14,22,3.0
33148,40423,20/21,Calf problems,2020-12-21,2020-12-31,11,2.0
33148,40423,20/21,Muscle injury,2021-01-18,2021-02-11,25,6.0
33148,40423,21/22,Calf injury,2022-01-28,2022-02-21,25,6.0
33148,40423,23/24,Hamstring injury,2023-11-12,2024-02-05,86,17.0
33871,26669,15/16,concussion,2015-12-07,2015-12-10,4,
33871,26669,15/16,muscular problems,2016-03-03,2016-03-10,8,1.0
33871,26669,15/16,Stomach flu,2016-05-05,2016-05-09,5,1.0
33871,26669,16/17,Back problems,2016-07-18,2016-08-07,21,
33871,26669,16/17,Knee injury,2016-08-23,2016-09-05,14,2.0
33871,26669,16/17,Knee injury,2017-04-15,2017-04-21,7,1.0
33871,26669,18/19,Achilles tendon problems,2018-09-29,2018-11-25,58,9.0
33871,26669,18/19,Achilles tendon problems,2018-12-22,2019-04-01,101,17.0
33871,26669,18/19,Inner ligament injury,2019-04-20,2019-05-10,21,2.0
33871,26669,19/20,Adductor pain,2019-09-29,2019-10-17,19,4.0
33871,26669,19/20,Muscle fatigue,2020-06-26,2020-07-03,8,1.0
33871,26669,20/21,Hamstring injury,2020-12-05,2020-12-12,8,
33871,26669,20/21,Corona virus,2020-12-19,2021-02-08,52,
33871,26669,20/21,Fitness,2021-02-09,2021-02-23,15,
33871,26669,23/24,Thigh problems,2024-04-10,2024-07-05,87,15.0
34654,33507,20/21,Hamstring injury,2020-09-01,2020-09-10,10,1.0
34654,33507,20/21,Hamstring injury,2020-10-05,2020-10-22,18,2.0
36903,39381,19/20,infection,2020-01-06,2020-01-21,16,3.0
36903,39381,19/20,Ankle sprain,2020-01-23,2020-02-02,11,3.0
36903,39381,20/21,Knee problems,2020-09-09,2020-10-16,38,9.0
36903,39381,20/21,Knock,2020-12-12,2020-12-19,8,2.0
36903,39381,20/21,Calf problems,2020-12-23,2021-01-12,21,3.0
36903,39381,20/21,unknown injury,2021-02-08,2021-02-12,5,1.0
36903,39381,21/22,Knee injury,2021-09-11,2021-11-08,59,15.0
36903,39381,21/22,Calf injury,2021-11-15,2021-12-10,26,7.0
36903,39381,21/22,Corona virus,2021-12-16,2021-12-26,11,2.0
36903,39381,21/22,Back problems,2021-12-29,2022-01-18,21,5.0
36903,39381,21/22,muscular problems,2022-02-23,2022-03-01,7,1.0
36903,39381,21/22,minor knock,2022-03-19,2022-03-21,3,1.0
36903,39381,21/22,minor knock,2022-04-19,2022-04-25,7,1.0
36903,39381,21/22,Back problems,2022-04-29,2022-05-19,21,5.0
36903,39381,22/23,Leg injury,2022-10-19,2022-11-04,17,1.0
37002,16311,08/09,Stomach flu,2008-08-21,2008-08-25,5,1.0
37002,16311,08/09,Torn muscle fiber,2009-04-14,2009-04-28,15,2.0
37002,16311,09/10,Torn muscle fiber,2010-02-22,2010-03-19,26,3.0
37002,16311,11/12,Inguinal hernia,2011-06-23,2011-07-21,29,1.0
37002,16311,11/12,Adductor injury,2011-10-16,2011-10-25,10,3.0
37002,16311,19/20,flu,2019-12-09,2019-12-16,8,1.0
37002,16311,20/21,Calf injury,2020-09-26,2020-10-08,13,1.0
37002,16311,20/21,Dead leg,2020-10-02,2020-10-14,13,1.0
37002,16311,21/22,Corona virus,2022-03-09,2022-03-17,9,1.0
37002,16311,22/23,Heel injury,2022-09-05,2022-09-15,11,1.0
37002,16311,22/23,Ill,2022-09-26,2022-10-11,16,2.0
37002,16311,22/23,Meniscus injury,2023-04-18,2023-05-10,23,3.0
37002,16311,23/24,Ill,2023-10-10,2023-10-17,8,1.0
37002,16311,23/24,Torn muscle fiber,2023-11-25,2024-03-31,128,15.0
37002,16311,23/24,Achilles tendon surgery,2024-04-01,2024-06-30,91,8.0
37096,29692,09/10,Thigh problems,2009-11-20,2009-11-29,10,2.0
37096,29692,10/11,Hip problems,2010-12-11,2010-12-27,17,
37096,29692,10/11,Shoulder injury,2011-01-08,2011-05-23,136,31.0
37096,29692,11/12,Shoulder injury,2012-05-26,2012-07-02,38,4.0
37096,29692,12/13,Shoulder injury,2012-09-11,2012-10-19,39,9.0
37096,29692,12/13,Ankle surgery,2012-10-20,2013-01-22,95,25.0
37096,29692,12/13,Rib fracture,2013-04-14,2013-05-10,27,4.0
37096,29692,18/19,Arm injury,2019-01-31,2019-02-03,4,
37096,29692,19/20,Groin injury,2019-08-08,2019-08-09,2,
37096,29692,19/20,Hip injury,2019-09-28,2020-01-01,96,15.0
37096,29692,19/20,Hip injury,2020-01-11,2020-01-27,17,3.0
37096,29692,20/21,Muscle strain,2020-12-30,2021-01-15,17,2.0
37096,29692,20/21,Arm injury,2021-02-26,2021-03-05,8,1.0
37096,29692,24/25,Head injury,2024-12-27,2025-01-10,15,2.0
37096,29692,25/26,Back injury,2025-09-19,,357,38.0
37265,40433,19/20,Peroneus tendon injury,2019-10-13,2020-01-05,85,15.0
37265,40433,20/21,Adductor pain,2020-10-22,2020-11-02,12,3.0
37265,40433,20/21,Adductor pain,2020-12-14,2020-12-28,15,3.0
37265,40433,20/21,Ankle problems,2021-05-12,2021-05-23,12,1.0
37265,40433,20/21,Calf injury,2021-06-12,2021-06-30,19,4.0
37265,40433,21/22,muscular problems,2021-08-03,2021-09-12,41,5.0
37265,40433,21/22,muscular problems,2021-11-17,2021-11-30,14,3.0
37265,40433,23/24,Muscle fatigue,2023-09-05,2023-09-10,6,1.0
37265,40433,23/24,Ankle sprain,2023-11-23,2023-11-28,6,1.0
37265,40433,23/24,muscular problems,2023-12-16,2023-12-23,8,2.0
37265,40433,24/25,Fitness,2024-08-11,2024-08-20,10,1.0
37265,40433,24/25,Calf injury,2024-08-21,2024-12-10,112,21.0
37265,40433,24/25,Calf injury,2025-03-18,2025-04-21,35,5.0
37265,40433,25/26,Muscle tear,2025-10-24,2025-11-21,29,3.0
37265,40433,25/26,Groin problems,2026-01-16,2026-01-25,10,2.0
37339,66333,17/18,Facial injury,2017-08-12,2017-08-18,7,2.0
37339,66333,20/21,Hamstring injury,2020-07-22,2020-09-14,55,1.0
37388,16947,08/09,Hip problems,2008-12-08,2009-02-10,65,7.0
37388,16947,09/10,Broken leg,2009-08-30,2010-05-01,245,56.0
37388,16947,18/19,Meniscus injury,2019-04-05,2019-05-05,31,6.0
37402,6636,11/12,cold,2012-04-03,2012-04-06,4,1.0
37402,6636,12/13,Dental surgery,2012-07-17,2012-07-23,7,
37402,6636,12/13,Ill,2013-02-04,2013-02-07,4,1.0
37402,6636,12/13,Back injury,2013-02-22,2013-03-05,12,2.0
37402,6636,13/14,Cruciate ligament strain,2013-09-13,2013-09-16,4,1.0
37402,6636,13/14,Knee problems,2013-09-20,2013-10-07,18,5.0
37402,6636,13/14,Knee problems,2014-01-29,2014-02-13,16,2.0
37402,6636,13/14,Knee surgery,2014-03-11,2014-07-25,137,12.0
37402,6636,14/15,minor knock,2014-09-15,2014-09-15,1,
37402,6636,14/15,minor knock,2015-04-06,2015-04-09,4,
37402,6636,15/16,bruise,2015-10-24,2015-11-07,15,2.0
37402,6636,17/18,Eye injury,2017-09-13,2017-09-22,10,2.0
37402,6636,20/21,Groin injury,2020-07-18,2020-09-12,57,2.0
37402,6636,21/22,Thigh problems,2022-05-08,2022-05-16,9,2.0
37402,6636,21/22,Hamstring injury,2022-06-10,2022-06-20,11,2.0
37572,26399,17/18,Knee injury,2018-03-11,2018-04-05,26,5.0
37572,26399,17/18,Knee injury,2018-04-13,2018-05-27,45,6.0
37572,26399,18/19,Ankle injury,2018-09-16,2018-09-18,3,
37572,26399,18/19,Groin injury,2018-11-30,2018-12-15,16,4.0
37572,26399,18/19,Ill,2019-01-04,2019-01-13,10,2.0
37572,26399,18/19,Thigh problems,2019-03-31,2019-04-08,9,2.0
37572,26399,19/20,Muscle injury,2019-11-24,2019-12-20,27,7.0
37572,26399,19/20,Hamstring strain,2020-03-09,2020-03-31,23,
37572,26399,19/20,Knee injury,2020-06-23,2020-10-16,116,19.0
37572,26399,20/21,Hamstring injury,2020-10-25,2020-11-20,27,6.0
37572,26399,20/21,Knee injury,2020-11-26,2020-12-08,13,3.0
37572,26399,20/21,Knock,2020-12-17,2020-12-18,2,
37572,26399,20/21,Corona virus,2021-01-07,2021-02-12,37,10.0
37572,26399,21/22,Calf injury,2021-08-07,2021-10-16,71,9.0
37572,26399,21/22,heart problems,2021-10-31,2021-12-15,46,8.0
37605,35664,20/21,Fitness,2021-01-25,2021-02-01,8,2.0
37605,35664,20/21,Ankle ligament tear,2021-03-04,2021-04-12,40,6.0
37605,35664,20/21,Corona virus,2021-03-18,2021-04-01,15,1.0
37605,35664,20/21,Fitness,2021-04-12,2021-04-26,15,3.0
37605,35664,20/21,minor knock,2021-05-10,2021-05-17,8,1.0
37605,35664,21/22,Groin problems,2021-08-26,2021-09-06,12,1.0
37605,35664,21/22,influenza,2021-09-27,2021-10-04,8,1.0
37605,35664,21/22,Groin problems,2021-10-28,2021-11-04,8,1.0
37605,35664,21/22,Injury to the ankle,2021-11-18,2021-11-29,12,1.0
37605,35664,21/22,Lumbar vertebra problems,2022-01-20,2022-03-03,43,8.0
37605,35664,22/23,Fitness,2022-07-14,2022-08-11,29,4.0
37605,35664,22/23,influenza,2022-09-01,2022-09-05,5,1.0
37605,35664,22/23,Back problems,2022-09-26,2023-01-02,99,14.0
37605,35664,22/23,Fitness,2023-01-02,2023-01-15,14,3.0
37605,35664,22/23,unknown injury,2023-02-02,2023-03-22,49,5.0
37642,42412,18/19,Toe injury,2019-01-08,2019-01-18,11,1.0
37642,42412,18/19,Hip injury,2019-03-31,2019-04-11,12,1.0
37642,42412,19/20,Hamstring strain,2019-11-24,2019-11-30,7,
37642,42412,20/21,Hamstring strain,2020-09-10,2020-09-26,17,3.0
37642,42412,20/21,Knock,2020-10-15,2020-10-17,3,
37642,42412,20/21,Back injury,2020-10-26,2020-11-07,13,3.0
37642,42412,20/21,Knock,2021-01-28,2021-01-29,2,
37642,42412,20/21,Muscle injury,2021-05-06,2021-05-12,7,2.0
37642,42412,21/22,Foot injury,2021-08-01,2021-09-10,41,7.0
37642,42412,21/22,Hamstring injury,2021-12-12,2022-03-31,110,18.0
37642,42412,22/23,Calf problems,2022-10-10,2022-11-06,28,5.0
37642,42412,22/23,Calf injury,2022-12-10,2023-05-02,144,24.0
37642,42412,23/24,Hamstring strain,2023-11-08,2023-12-05,28,6.0
37642,42412,23/24,Muscle injury,2024-04-05,2024-05-01,27,5.0
37642,42412,24/25,Muscle injury,2025-01-11,2025-04-18,98,21.0
37742,27114,07/08,Knee problems,2008-03-14,2008-04-12,30,4.0
37742,27114,08/09,Back problems,2008-10-14,2008-10-24,11,2.0
37742,27114,08/09,Ankle injury,2008-12-12,2008-12-26,15,3.0
37742,27114,10/11,Hamstring injury,2010-09-21,2010-10-06,16,4.0
37742,27114,10/11,Knee injury,2011-01-31,2011-04-08,68,13.0
37742,27114,11/12,Knee surgery,2012-01-31,2012-02-18,19,2.0
37742,27114,12/13,Knee injury,2012-08-20,2013-04-07,231,45.0
37742,27114,13/14,Hip problems,2013-12-01,2014-01-11,42,10.0
37742,27114,13/14,muscle stiffness,2014-02-17,2014-03-03,15,4.0
37742,27114,17/18,muscular problems,2017-08-13,2017-09-08,27,3.0
37742,27114,17/18,Thigh problems,2017-09-09,2017-11-06,59,7.0
37742,27114,17/18,Metatarsal fracture,2017-11-07,2018-06-30,236,29.0
37748,26764,08/09,Ankle injury,2008-11-16,2008-11-24,9,2.0
37748,26764,08/09,Ill,2009-04-14,2009-04-21,8,2.0
37748,26764,10/11,Thigh problems,2010-10-03,2010-10-24,22,4.0
37748,26764,10/11,Knee problems,2011-04-09,2011-04-20,12,2.0
37748,26764,11/12,Broken fibula,2011-10-02,2012-01-29,120,26.0
37748,26764,11/12,Broken fibula,2012-05-05,2012-10-01,150,19.0
37748,26764,12/13,Foot injury,2012-11-28,2012-12-15,18,2.0
37748,26764,12/13,Knee injury,2013-02-19,2013-03-29,39,6.0
37748,26764,13/14,Hamstring injury,2013-10-05,2013-10-18,14,3.0
37748,26764,15/16,Back problems,2016-04-18,2016-04-21,4,1.0
37748,26764,16/17,muscular problems,2016-08-17,2016-09-09,24,5.0
37748,26764,16/17,Hamstring injury,2016-10-12,2016-11-18,38,7.0
37748,26764,16/17,Groin strain,2017-03-19,2017-06-30,104,7.0
37748,26764,17/18,Muscle fatigue,2018-03-26,2018-04-03,9,1.0
37748,26764,19/20,Cruciate ligament tear,2019-10-10,2020-01-01,84,
37869,45861,08/09,Back problems,2008-11-22,2008-12-15,24,4.0
37869,45861,15/16,Back injury,2015-07-12,2015-10-18,99,10.0
37869,45861,15/16,Back injury,2016-02-01,2016-03-11,40,6.0
37869,45861,16/17,Calf injury,2016-11-25,2016-12-13,19,3.0
37869,45861,17/18,Back injury,2017-09-04,2017-10-20,47,6.0
37869,45861,19/20,Broken leg,2019-07-27,2019-11-30,127,21.0
37869,45861,19/20,Groin injury,2019-12-11,2019-12-24,14,3.0
37869,45861,19/20,Calf injury,2019-12-30,2020-03-01,63,19.0
37869,45861,20/21,Calf injury,2020-06-21,2020-06-28,8,1.0
37869,45861,20/21,Calf injury,2020-07-05,2020-09-13,71,7.0
37869,45861,20/21,Calf injury,2020-09-15,2020-11-05,52,16.0
37869,45861,20/21,Corona virus,2021-01-15,2021-01-29,15,4.0
37869,45861,21/22,Back problems,2021-07-27,2021-08-06,11,2.0
37869,45861,21/22,unknown injury,2021-08-10,2022-01-11,155,18.0
37901,37647,19/20,Contracture,2020-02-12,2020-02-21,10,1.0
37901,37647,20/21,Corona virus,2020-08-22,2020-09-06,16,1.0
37901,37647,21/22,muscular problems,2021-09-06,2021-09-15,10,1.0
37901,37647,21/22,Thigh problems,2021-09-21,2021-09-24,4,1.0
37901,37647,21/22,Calf problems,2021-10-01,2021-10-16,16,1.0
37901,37647,21/22,Muscle injury,2022-03-12,2022-03-19,8,2.0
37901,37647,21/22,Calf injury,2022-05-06,2022-05-31,26,3.0
37901,37647,22/23,Calf problems,2022-09-01,2022-09-06,6,1.0
37901,37647,22/23,Ankle problems,2023-01-05,2023-01-13,9,2.0
37901,37647,23/24,Inflammation of ligaments in the knee,2024-04-03,2024-04-26,24,3.0
37901,37647,23/24,Knock,2024-05-03,2024-05-09,7,1.0
37901,37647,23/24,Hamstring injury,2024-06-12,2024-06-28,17,5.0
37901,37647,24/25,Thigh problems,2024-07-04,2024-07-27,24,4.0
37901,37647,24/25,muscular problems,2024-11-06,2024-11-20,15,1.0
37901,37647,24/25,Knee problems,2025-04-16,2026-03-22,341,14.0
37915,17965,15/16,Broken hand,2015-07-13,2015-08-03,22,
37915,17965,15/16,Shoulder injury,2016-02-15,2016-02-25,11,2.0
37915,17965,16/17,Hamstring injury,2016-08-15,2016-09-15,32,4.0
37915,17965,17/18,Hip flexor problems,2017-11-02,2017-11-16,15,3.0
37915,17965,18/19,Hamstring strain,2018-08-28,2018-10-02,36,8.0
37915,17965,18/19,Muscle injury,2019-04-18,2019-04-23,6,1.0
37915,17965,19/20,Elbow injury,2019-10-06,2020-01-18,105,24.0
37915,17965,19/20,Groin strain,2020-02-23,2020-03-06,13,2.0
37915,17965,20/21,Knock,2020-11-22,2020-11-28,7,1.0
37915,17965,20/21,Knock,2020-11-30,2020-12-05,6,1.0
37915,17965,22/23,Knee injury,2023-02-06,2023-03-22,45,9.0
37915,17965,22/23,Thigh problems,2023-04-24,2023-10-02,162,14.0
37915,17965,25/26,Arm injury,2025-06-28,2025-07-03,6,1.0
37915,17965,25/26,Rest,2026-04-10,2026-04-13,4,1.0
37915,17965,25/26,Leg injury,2026-05-15,2026-06-30,47,2.0
37998,22388,14/15,Hamstring injury,2015-04-11,2015-05-11,31,3.0
37998,22388,17/18,Hamstring injury,2018-01-21,2018-01-23,3,1.0
37998,22388,20/21,Corona virus,2020-09-19,2020-10-03,15,1.0
37998,22388,21/22,Fitness,2022-02-02,2022-02-07,6,1.0
37998,22388,22/23,Hip problems,2023-04-21,2023-04-26,6,1.0
37998,22388,23/24,Hamstring injury,2024-03-10,2024-04-14,36,5.0
38038,67283,14/15,Broken finger,2014-10-24,2014-11-21,29,3.0
38038,67283,16/17,Head injury,2017-01-10,2017-06-30,172,34.0
38038,67283,18/19,Knee injury,2018-08-25,2018-09-15,22,2.0
38038,67283,18/19,Knock,2019-04-14,2019-05-31,48,4.0
38290,50174,13/14,Broken foot,2013-09-19,2013-12-09,82,17.0
38290,50174,13/14,Knee injury,2014-02-24,2014-03-10,15,3.0
38290,50174,14/15,Hamstring injury,2015-04-20,2015-05-04,15,1.0
38290,50174,16/17,Hamstring injury,2016-09-05,2016-10-03,29,6.0
38290,50174,17/18,Knee medial ligament tear,2017-01-30,2017-10-17,261,39.0
38290,50174,17/18,Knee problems,2017-12-28,2018-01-30,34,6.0
38290,50174,18/19,Groin strain,2018-10-06,2018-11-24,50,11.0
38411,43003,12/13,Back problems,2012-10-15,2012-12-03,50,13.0
38411,43003,13/14,Back problems,2013-08-01,2013-08-19,19,2.0
38411,43003,14/15,Back problems,2014-09-15,2014-10-02,18,5.0
38411,43003,14/15,Ankle injury,2014-12-04,2014-12-22,19,3.0
38411,43003,16/17,Thigh problems,2016-10-27,2016-11-07,12,2.0
38411,43003,17/18,Ankle injury,2017-12-21,2018-01-15,26,6.0
38411,43003,17/18,Knock,2018-02-26,2018-03-12,15,4.0
38411,43003,18/19,Knee injury,2018-07-02,2018-08-17,47,1.0
38411,43003,18/19,Hamstring injury,2018-10-21,2018-12-07,48,11.0
38411,43003,18/19,Hamstring injury,2018-12-23,2019-01-11,20,4.0
38411,43003,18/19,Calf injury,2019-03-17,2019-03-31,15,
38411,43003,19/20,Muscle injury,2020-01-06,2020-01-27,22,4.0
38411,43003,20/21,Hamstring injury,2020-09-03,2020-09-19,17,1.0
38411,43003,20/21,Hamstring injury,2021-01-03,2021-01-12,10,2.0
38411,43003,21/22,Knee injury,2021-08-10,2022-07-01,326,51.0
38439,63494,13/14,Ankle injury,2013-09-01,2013-09-28,28,4.0
38439,63494,13/14,Leg injury,2014-02-24,2014-04-19,55,10.0
38439,63494,18/19,Groin strain,2019-04-28,2019-05-11,14,1.0
38439,63494,19/20,Back injury,2019-08-25,2019-09-01,8,2.0
38439,63494,19/20,Back injury,2019-10-04,2019-11-06,34,5.0
38439,63494,19/20,Back injury,2020-07-12,2020-10-20,101,10.0
38439,63494,20/21,Muscle injury,2021-01-31,2021-02-17,18,2.0
38439,63494,22/23,unknown injury,2023-03-07,2023-04-26,51,6.0
38454,37838,19/20,Knock,2019-12-08,2019-12-09,2,
38454,37838,19/20,Muscle injury,2019-12-13,2020-01-24,43,11.0
38454,37838,19/20,Knock,2020-07-02,2020-07-10,9,3.0
38454,37838,20/21,Ill,2020-11-27,2020-12-07,11,3.0
38454,37838,20/21,Muscle injury,2021-04-15,2021-06-14,61,7.0
38454,37838,21/22,Leg injury,2021-09-12,2021-09-27,16,3.0
38454,37838,21/22,Ankle injury,2022-02-11,2022-06-27,137,22.0
38454,37838,22/23,Dead leg,2023-05-16,2023-06-10,26,3.0
38454,37838,23/24,Muscle injury,2023-07-14,2023-08-31,49,3.0
38454,37838,24/25,Calf problems,2024-12-06,2024-12-13,8,2.0
38454,37838,24/25,Ankle injury,2025-01-12,2025-04-09,88,14.0
38454,37838,25/26,unknown injury,2025-10-26,2025-11-05,11,2.0
38454,37838,25/26,Injury to abdominal muscles,2025-12-10,2026-01-15,37,7.0
38454,37838,25/26,Inner ligament injury,2026-02-20,2026-03-06,15,4.0
38454,37838,25/26,unknown injury,2026-04-19,2026-05-15,27,4.0
38490,44741,11/12,Foot surgery,2011-12-28,2012-04-26,121,20.0
38490,44741,13/14,unknown injury,2013-08-24,2013-10-01,39,9.0
38490,44741,13/14,Metatarsal fracture,2013-11-26,2014-03-13,108,18.0
38490,44741,17/18,Hairline fracture in the fibula,2017-08-06,2017-10-16,72,14.0
38490,44741,18/19,Knock,2019-03-25,2019-03-29,5,
38490,44741,18/19,Hamstring injury,2019-04-28,2019-05-04,7,
38490,44741,23/24,Tibia and fibula fracture,2023-09-02,,1105,71.0
38499,112668,12/13,Achilles tendon rupture,2013-05-27,2013-11-27,185,23.0
38499,112668,14/15,Thigh problems,2015-01-21,2015-01-25,5,
38499,112668,23/24,Groin strain,2024-02-27,2024-03-08,11,3.0
38580,33829,12/13,Knee injury,2013-01-05,2013-02-24,51,6.0
38580,33829,17/18,Ankle injury,2017-10-28,2018-01-20,85,18.0
38580,33829,20/21,Corona virus,2020-10-05,2020-10-16,12,3.0
38588,43084,10/11,Knee problems,2010-10-13,2010-10-27,15,2.0
38588,43084,10/11,Torn muscle fiber,2011-03-14,2011-04-01,19,3.0
38588,43084,12/13,sprain,2012-11-01,2012-11-23,23,3.0
38588,43084,13/14,unknown injury,2013-10-05,2013-10-10,6,1.0
38588,43084,13/14,unknown injury,2013-11-22,2013-12-09,18,4.0
38588,43084,13/14,unknown injury,2014-04-10,2014-04-26,17,2.0
38588,43084,18/19,Knee injury,2018-09-01,2018-10-16,46,6.0
38588,43084,18/19,Hamstring injury,2018-10-24,2019-02-23,123,19.0
38588,43084,19/20,Cruciate ligament tear,2020-07-19,2021-02-28,225,29.0
38588,43084,21/22,unknown injury,2022-05-17,2022-06-30,45,2.0
38588,43084,22/23,unknown injury,2022-08-10,2022-08-25,16,2.0
38588,43084,22/23,unknown injury,2022-10-06,2022-10-14,9,1.0
39104,19368,04/05,Fitness,2005-04-12,2005-05-02,21,6.0
39104,19368,04/05,minor knock,2005-05-08,2005-05-12,5,1.0
39104,19368,08/09,Meniscus damage,2008-10-16,2008-12-25,71,13.0
39104,19368,10/11,Shin injury,2010-09-20,2010-10-14,25,4.0
39104,19368,10/11,Thigh problems,2010-10-18,2010-11-04,18,
39104,19368,10/11,Ankle injury,2010-11-18,2011-01-06,50,8.0
39104,19368,11/12,Calf problems,2012-01-16,2012-02-02,18,3.0
39104,19368,12/13,Hip injury,2012-10-15,2012-11-19,36,9.0
39104,19368,15/16,Ankle sprain,2015-08-31,2015-09-17,18,3.0
39104,19368,15/16,Foot injury,2015-12-14,2015-12-17,4,
39104,19368,15/16,Injury to the ankle,2015-12-28,2016-01-11,15,2.0
39104,19368,16/17,unknown injury,2016-09-18,2016-10-02,15,3.0
39104,19368,17/18,Bruise on ankle,2017-09-19,2017-10-22,34,7.0
39104,19368,18/19,Thigh problems,2018-09-29,2018-10-20,22,2.0
39104,19368,18/19,Ankle injury,2018-11-03,2019-01-13,72,16.0
39155,43530,17/18,Hamstring injury,2018-03-31,2018-05-13,44,9.0
39155,43530,18/19,Groin strain,2018-09-04,2018-10-19,46,7.0
39155,43530,18/19,Knock,2018-11-09,2018-12-04,26,4.0
39155,43530,18/19,Knock,2019-01-06,2019-01-18,13,2.0
39155,43530,18/19,Knock,2019-04-01,2019-05-31,61,10.0
39155,43530,20/21,Groin strain,2020-11-22,2020-11-27,6,
39155,43530,20/21,Groin strain,2020-11-29,2020-12-15,17,2.0
39155,43530,20/21,Groin strain,2020-12-28,2021-01-01,5,1.0
39155,43530,20/21,Groin strain,2021-01-03,2021-01-26,24,4.0
39155,43530,21/22,Leg injury,2021-12-01,2021-12-14,14,1.0
39155,43530,21/22,Hamstring injury,2022-01-14,2022-01-22,9,1.0
39155,43530,21/22,Hamstring injury,2022-03-12,2022-04-01,21,1.0
39155,43530,22/23,Calf injury,2022-08-26,2022-09-28,34,3.0
39155,43530,22/23,Thigh problems,2023-01-22,2023-04-14,83,12.0
39155,43530,24/25,Thigh problems,2025-02-10,2025-03-08,27,3.0
39158,55291,17/18,Calf strain,2018-02-15,2018-05-13,88,11.0
39158,55291,18/19,minor knock,2018-07-12,2018-07-27,16,2.0
39158,55291,18/19,Knock,2018-10-19,2018-10-26,8,2.0
39158,55291,18/19,Knock,2018-12-19,2018-12-27,9,2.0
39158,55291,20/21,Ankle sprain,2020-12-27,2021-02-08,44,8.0
39158,55291,20/21,Ankle sprain,2021-04-23,2021-05-14,22,3.0
39158,55291,23/24,Muscle injury,2024-03-25,2024-04-03,10,1.0
39158,55291,23/24,Back problems,2024-04-15,2024-05-01,17,2.0
39167,44327,09/10,Knee problems,2010-01-07,2010-05-03,117,19.0
39167,44327,10/11,minor knock,2011-02-28,2011-03-07,8,
39167,44327,11/12,Overstretching,2011-09-26,2011-11-03,39,9.0
39167,44327,11/12,Overstretching,2012-02-23,2012-03-19,26,4.0
39167,44327,12/13,Calf problems,2012-11-05,2012-11-19,15,3.0
39167,44327,12/13,Knee problems,2013-05-13,2013-05-20,8,1.0
39167,44327,15/16,Knock,2015-12-10,2015-12-28,19,3.0
39167,44327,16/17,Achilles tendon problems,2016-10-13,2016-10-24,12,2.0
39167,44327,17/18,Hamstring injury,2018-03-15,2018-04-02,19,2.0
39167,44327,19/20,Muscle fatigue,2019-10-21,2019-10-28,8,1.0
39167,44327,19/20,Muscle fatigue,2019-10-24,2019-10-31,8,1.0
39167,44327,20/21,Fever,2020-11-05,2020-11-12,8,1.0
39167,44327,21/22,Hamstring injury,2021-11-29,2021-12-13,15,3.0
39167,44327,22/23,Broken fibula,2022-08-22,2022-09-22,32,5.0
39187,38497,08/09,Metatarsal fracture,2008-10-28,2009-02-23,119,18.0
39187,38497,12/13,Shoulder injury,2012-11-04,2012-11-10,7,1.0
39187,38497,14/15,Knock,2015-02-20,2015-02-23,4,
39187,38497,15/16,Inguinal hernia,2016-02-02,2016-03-05,33,4.0
39187,38497,16/17,unknown injury,2016-09-29,2016-10-21,23,5.0
39187,38497,16/17,Torn muscle fiber,2016-11-09,2016-12-01,23,5.0
39187,38497,18/19,unknown injury,2018-08-19,2018-08-31,13,3.0
39187,38497,18/19,Torn thigh muscle,2018-11-08,2018-11-25,18,2.0
39187,38497,18/19,Hamstring injury,2018-12-02,2018-12-14,13,2.0
39187,38497,19/20,Hamstring injury,2020-01-12,2020-02-03,23,5.0
39187,38497,20/21,Corona virus,2020-11-12,2020-11-26,15,1.0
39187,38497,23/24,Knock,2024-01-13,2024-02-15,34,4.0
39194,43250,19/20,Muscle injury,2019-10-31,2019-11-24,25,6.0
39194,43250,20/21,Facial fracture,2020-09-30,2020-10-15,16,4.0
39194,43250,20/21,Corona virus,2021-01-19,2021-01-27,9,2.0
39194,43250,20/21,Thigh problems,2021-02-28,2021-03-11,12,3.0
39194,43250,21/22,Muscle injury,2021-08-11,2021-08-23,13,3.0
39194,43250,21/22,Corona virus,2022-01-07,2022-01-14,8,1.0
39194,43250,22/23,Calf injury,2022-09-09,2022-09-13,5,1.0
39194,43250,22/23,Ill,2022-10-06,2022-10-12,7,1.0
39194,43250,22/23,Calf injury,2022-11-06,2022-11-17,12,3.0
39194,43250,23/24,Ankle injury,2023-12-17,2024-01-20,35,2.0
39194,43250,23/24,Groin injury,2024-05-05,2024-06-15,42,5.0
39194,43250,24/25,Achilles tendon problems,2024-08-09,2024-12-23,137,27.0
39194,43250,24/25,Ankle sprain,2025-01-04,2025-02-11,39,10.0
39194,43250,24/25,Overstretching,2025-03-27,2025-04-29,34,6.0
39194,43250,24/25,Overstretching,2025-05-05,2025-05-15,11,1.0
39215,26276,07/08,Knee problems,2008-01-28,2008-06-30,155,14.0
39215,26276,12/13,Groin problems,2012-10-29,2012-12-24,57,11.0
39215,26276,13/14,Hand injury,2013-10-14,2013-10-17,4,
39215,26276,13/14,Ill,2014-03-03,2014-03-13,11,1.0
39215,26276,17/18,minor knock,2017-11-02,2017-11-16,15,1.0
39215,26276,18/19,Knee injury,2018-09-21,2018-10-21,31,6.0
39253,25248,07/08,Torn muscle fiber,2008-04-13,2008-05-10,28,2.0
39253,25248,08/09,Knee problems,2009-01-17,2009-02-07,22,5.0
39253,25248,10/11,Achilles tendon problems,2010-10-23,2011-01-15,85,15.0
39253,25248,11/12,Calf problems,2011-12-27,2012-01-21,26,5.0
39253,25248,14/15,surgery,2014-11-26,2015-01-31,67,14.0
39253,25248,15/16,Groin strain,2015-09-28,2015-10-17,20,1.0
39253,25248,16/17,Groin problems,2017-04-28,2017-05-10,13,2.0
39270,37787,16/17,unknown injury,2016-11-06,2016-11-21,16,1.0
39270,37787,16/17,unknown injury,2017-01-06,2017-01-08,3,1.0
39270,37787,16/17,unknown injury,2017-01-30,2017-02-02,4,1.0
39270,37787,17/18,unknown injury,2017-10-09,2017-10-16,8,1.0
39270,37787,17/18,unknown injury,2017-11-27,2017-11-29,3,1.0
39270,37787,17/18,unknown injury,2017-12-18,2018-04-09,113,17.0
39270,37787,20/21,Thigh problems,2021-04-01,2021-04-07,7,1.0
39270,37787,20/21,Thigh problems,2021-04-12,2021-05-14,33,3.0
39270,37787,20/21,Thigh problems,2021-05-16,2021-05-24,9,1.0
39472,44624,08/09,Ligament injury,2009-04-13,2009-05-07,25,2.0
39472,44624,10/11,Knee problems,2011-03-14,2011-06-13,92,10.0
39472,44624,11/12,Knee injury,2011-08-15,2011-09-26,43,10.0
39472,44624,16/17,Hamstring injury,2016-10-10,2016-11-03,25,4.0
39472,44624,16/17,Hamstring injury,2017-02-27,2017-06-29,123,9.0
39472,44624,17/18,Muscle fatigue,2017-11-20,2017-11-23,4,
39472,44624,17/18,Knock,2017-12-04,2018-02-05,64,2.0
39472,44624,17/18,unknown injury,2018-02-19,2018-03-10,20,4.0
39472,44624,20/21,Calf injury,2021-01-18,2021-02-22,36,12.0
39487,43763,11/12,Metatarsal fracture,2011-10-15,2012-02-20,129,23.0
39487,43763,11/12,Metatarsal fracture,2012-04-12,2012-12-08,241,43.0
39487,43763,12/13,Cut,2013-01-18,2013-04-18,91,20.0
39487,43763,17/18,Hamstring injury,2018-01-02,2018-01-19,18,2.0
39487,43763,20/21,Calf injury,2020-10-20,2020-11-22,34,3.0
39487,43763,21/22,Knee injury,2022-02-26,2022-05-02,66,10.0
39725,22491,07/08,Knock,2007-11-09,2007-12-01,23,2.0
39725,22491,10/11,Knee surgery,2011-03-15,2011-05-01,48,12.0
39725,22491,11/12,Ankle injury,2012-02-03,2012-03-10,37,8.0
39725,22491,18/19,Hip injury,2018-08-09,2018-09-21,44,9.0
39790,27486,20/21,Ankle injury,2020-09-17,2020-10-18,32,3.0
39847,33866,07/08,Shoulder injury,2008-03-01,2008-03-19,19,3.0
39847,33866,08/09,Ankle injury,2009-02-18,2009-02-26,9,1.0
39847,33866,09/10,Metatarsal fracture,2009-09-12,2010-01-01,112,26.0
39847,33866,10/11,Shoulder injury,2010-12-16,2011-02-15,62,8.0
39847,33866,11/12,bruise,2011-12-07,2011-12-31,25,3.0
39847,33866,14/15,Calf injury,2014-10-30,2014-11-23,25,5.0
39847,33866,14/15,Ankle injury,2015-03-01,2015-03-13,13,1.0
39847,33866,15/16,Ankle injury,2016-01-05,2016-01-15,11,
39847,33866,15/16,Torn thigh muscle,2016-05-09,2016-06-30,53,10.0
39847,33866,16/17,Hamstring injury,2017-01-31,2017-03-04,33,4.0
39847,33866,17/18,Cartilage damage,2018-01-22,2018-06-30,160,14.0
39847,33866,18/19,Calf strain,2018-07-11,2018-09-24,76,12.0
39847,33866,18/19,Knee injury,2018-11-11,2018-11-25,15,
39847,33866,18/19,Knee injury,2018-12-02,2019-01-11,41,7.0
39847,33866,19/20,Calf injury,2019-01-27,2019-09-14,231,20.0
40002,54906,10/11,muscular problems,2011-02-08,2011-02-26,19,2.0
40002,54906,15/16,unknown injury,2015-12-08,2015-12-27,20,3.0
40002,54906,15/16,Shoulder injury,2016-02-13,2016-03-01,18,4.0
40002,54906,15/16,Ankle injury,2016-05-08,2016-05-19,12,2.0
40002,54906,18/19,Knock,2018-11-25,2018-12-04,10,2.0
40002,54906,18/19,Knock,2018-12-07,2018-12-15,9,2.0
40002,54906,18/19,Knock,2019-01-20,2019-04-12,83,17.0
40002,54906,19/20,Hamstring strain,2019-09-27,2019-10-15,19,3.0
40002,54906,21/22,Hamstring injury,2021-11-28,2021-12-21,24,5.0
40002,54906,22/23,Adductor injury,2022-11-07,2022-12-08,32,4.0
40002,54906,24/25,Bruised knee,2024-12-21,2025-01-01,12,2.0
40002,54906,24/25,Hamstring injury,2025-02-25,2025-03-18,22,5.0
40002,54906,25/26,Lumbago,2025-09-15,2025-09-20,6,1.0
40002,54906,25/26,Calf problems,2025-10-15,2026-01-13,91,19.0
40002,54906,25/26,Stomach flu,2026-02-03,2026-02-07,5,1.0
40142,48066,15/16,unknown injury,2016-01-12,2016-02-03,23,4.0
40142,48066,16/17,Knee injury,2016-08-18,2016-12-02,107,16.0
40142,48066,16/17,Groin injury,2017-02-04,2017-03-06,31,2.0
40142,48066,16/17,Groin injury,2017-04-15,2017-09-11,150,9.0
40142,48066,17/18,Injury to the ankle,2018-01-06,2018-04-15,100,13.0
40142,48066,18/19,Ankle surgery,2018-07-12,2018-11-22,134,15.0
40142,48066,18/19,Ankle surgery,2019-02-28,2019-09-20,205,16.0
40142,48066,19/20,Groin injury,2019-10-20,2019-11-01,13,1.0
40142,48066,19/20,Bruised ribs,2019-11-26,2019-12-03,8,1.0
40142,48066,19/20,Groin injury,2020-01-02,2020-01-10,9,1.0
40142,48066,19/20,Knock,2020-01-15,2020-06-15,153,10.0
40142,48066,19/20,Muscle injury,2020-07-06,2020-07-17,12,3.0
40142,48066,20/21,Calf injury,2020-11-22,2020-12-11,20,1.0
40142,48066,23/24,Knee injury,2024-04-14,2024-05-31,48,6.0
40142,48066,24/25,Hamstring injury,2025-01-19,2025-03-07,48,5.0
40145,40613,12/13,Ankle injury,2012-08-07,2012-09-23,48,6.0
40145,40613,12/13,Knee injury,2012-09-25,2012-11-05,42,8.0
40145,40613,14/15,Ankle injury,2014-12-03,2015-01-12,41,9.0
40145,40613,16/17,Ankle injury,2017-04-08,2017-04-29,22,2.0
40145,40613,18/19,Knock,2018-10-29,2018-11-08,11,1.0
40145,40613,19/20,Groin injury,2019-08-03,2019-08-09,7,
40145,40613,19/20,Shoulder injury,2019-09-29,2019-10-25,27,2.0
40145,40613,19/20,Broken foot,2020-06-30,2020-12-13,167,19.0
40146,40611,12/13,Groin injury,2012-12-19,2013-01-02,15,3.0
40146,40611,12/13,Knee injury,2013-05-02,2013-07-01,61,7.0
40146,40611,15/16,Knee surgery,2015-06-26,2015-09-20,87,11.0
40146,40611,16/17,Knee injury,2016-08-01,2016-08-27,27,2.0
40146,40611,16/17,Hamstring injury,2016-10-08,2016-10-28,21,5.0
40146,40611,17/18,Hamstring injury,2017-12-16,2018-01-02,18,3.0
40146,40611,18/19,Back injury,2018-11-11,2019-02-01,83,15.0
40146,40611,19/20,Ankle injury,2019-08-18,2019-09-13,27,3.0
40146,40611,20/21,Hamstring injury,2020-11-02,2020-11-22,21,1.0
40146,40611,21/22,Knee problems,2021-12-26,2022-02-06,43,5.0
40146,40611,21/22,Knee surgery,2022-02-07,2023-07-01,510,71.0
40202,77544,16/17,Knee injury,2016-11-17,2016-12-14,28,4.0
40202,77544,16/17,Calf injury,2017-01-28,2017-03-03,35,5.0
40202,77544,16/17,Calf strain,2017-03-05,2017-04-17,44,5.0
40202,77544,18/19,Thigh problems,2019-02-18,2019-03-07,18,2.0
40202,77544,18/19,Hip injury,2019-04-07,2019-08-15,131,8.0
40202,77544,19/20,Hamstring strain,2019-08-18,2019-11-06,81,12.0
40202,77544,19/20,Hamstring strain,2019-11-23,2020-02-14,84,18.0
40202,77544,20/21,Calf injury,2020-02-27,2020-03-27,30,2.0
40202,77544,20/21,Calf injury,2020-11-03,2020-11-23,21,2.0
40276,44675,09/10,Torn muscle fiber,2009-08-31,2009-10-01,32,8.0
40276,44675,10/11,Cruciate ligament tear,2011-04-09,2011-05-06,28,7.0
40276,44675,12/13,bruise,2013-04-13,2013-05-30,48,5.0
40276,44675,13/14,Thigh problems,2013-09-29,2013-11-28,61,11.0
40276,44675,14/15,Cruciate ligament tear,2015-01-26,2015-07-26,182,17.0
40276,44675,17/18,muscular problems,2017-09-18,2017-10-09,22,3.0
40276,44675,21/22,Hamstring injury,2021-10-25,2021-12-20,57,5.0
40276,44675,22/23,Meniscus injury,2022-07-14,2022-10-06,85,14.0
40346,56631,12/13,Toe injury,2012-09-13,2012-12-03,82,13.0
40346,56631,13/14,Shoulder injury,2014-04-28,2014-05-05,8,1.0
40346,56631,18/19,Finger injury,2019-03-18,2019-07-29,134,10.0
40346,56631,21/22,Broken thumb,2021-09-27,2022-01-17,113,14.0
40346,56631,22/23,Hand injury,2022-09-25,2022-12-31,98,8.0
40349,33873,13/14,Broken finger,2013-12-25,2014-01-19,26,6.0
40349,33873,18/19,Thumb injury,2018-11-11,2018-11-24,14,2.0
40349,33873,20/21,Thigh problems,2020-09-10,2020-09-14,5,1.0
40349,33873,25/26,Ankle injury,2026-02-28,2026-03-28,29,5.0
40383,52570,14/15,Patellar tendon rupture,2015-03-24,2016-01-05,288,45.0
40383,52570,16/17,Abdominal muscle strain,2016-11-07,2016-11-18,12,2.0
40383,52570,21/22,unknown injury,2021-12-02,2021-12-25,24,3.0
40383,52570,23/24,Back problems,2023-07-10,2023-08-27,49,1.0
40383,52570,23/24,Ankle injury,2024-02-16,2024-08-20,187,15.0
40383,52570,24/25,Ill,2025-01-01,2025-01-17,17,4.0
40387,44983,08/09,Hamstring strain,2008-08-25,2008-10-10,47,9.0
40387,44983,09/10,Achilles tendon problems,2010-01-01,2010-01-09,9,1.0
40387,44983,09/10,Cruciate ligament tear,2010-03-27,2010-12-31,280,34.0
40387,44983,10/11,Knee injury,2011-01-21,2011-06-01,132,19.0
40387,44983,12/13,Knee injury,2012-10-08,2013-02-19,135,33.0
40387,44983,18/19,Calf injury,2018-09-29,2018-09-30,2,
40387,44983,18/19,Knee injury,2018-11-25,2018-12-31,37,8.0
40387,44983,18/19,Knee injury,2019-01-03,2019-01-12,10,1.0
40387,44983,18/19,Knee injury,2019-03-03,2019-03-29,27,2.0
40387,44983,19/20,Hip injury,2019-04-28,2019-11-08,195,15.0
40399,48078,13/14,Cruciate ligament tear,2014-03-31,2014-12-25,270,30.0
40399,48078,14/15,Thigh problems,2015-04-18,2015-05-09,22,2.0
40555,51452,12/13,Shoulder injury,2013-03-18,2013-07-01,106,10.0
40555,51452,13/14,Hamstring strain,2013-08-26,2013-09-16,22,3.0
40555,51452,13/14,Groin injury,2013-11-28,2014-01-16,50,3.0
40555,51452,14/15,Knee problems,2014-09-11,2014-10-13,33,8.0
40555,51452,14/15,Knock,2014-12-18,2015-01-15,29,6.0
40555,51452,15/16,Thigh problems,2015-08-03,2015-09-17,46,7.0
40555,51452,15/16,influenza,2015-12-31,2015-12-31,1,
40555,51452,15/16,Knee injury,2016-02-08,2016-02-25,18,3.0
40555,51452,17/18,concussion,2017-10-09,2017-10-19,11,1.0
40555,51452,19/20,Achilles tendon rupture,2020-03-07,2020-12-07,276,37.0
40555,51452,20/21,Hamstring injury,2021-03-24,2021-05-24,62,10.0
40555,51452,22/23,Hamstring injury,2022-09-17,2022-11-18,63,13.0
40555,51452,23/24,Toe injury,2024-04-01,2024-08-12,134,9.0
40616,34691,09/10,Cartilage damage,2009-09-02,2009-11-29,89,10.0
40616,34691,17/18,Knee injury,2017-12-12,2018-02-10,61,10.0
40616,34691,18/19,Foot injury,2018-09-07,2018-09-15,9,
40616,34691,18/19,Knee injury,2018-09-27,2019-01-11,107,15.0
40669,48002,12/13,Muscle strain,2012-10-20,2012-11-11,23,
40669,48002,12/13,surgery,2012-12-11,2013-02-01,53,
40669,48002,13/14,Knock,2014-03-20,2014-04-03,15,4.0
40669,48002,14/15,Ankle sprain,2015-01-16,2015-01-23,8,1.0
40669,48002,15/16,Hamstring strain,2015-09-14,2015-10-17,34,6.0
40669,48002,16/17,Knee surgery,2017-01-22,2017-08-10,201,18.0
40669,48002,19/20,Knee injury,2020-06-11,2020-06-22,12,1.0
40669,48002,20/21,Groin injury,2020-11-09,2020-11-19,11,
40669,48002,20/21,Ankle injury,2021-02-11,2021-04-12,61,8.0
40669,48002,21/22,Cruciate ligament tear,2021-11-08,2022-07-21,256,39.0
40669,48002,22/23,Back problems,2023-04-14,2023-04-19,6,1.0
40669,48002,22/23,Ill,2023-05-11,2023-05-12,2,1.0
40669,48002,24/25,Hamstring injury,2024-10-22,2024-12-16,56,10.0
40720,48280,22/23,Ankle injury,2022-10-30,2022-11-20,22,2.0
40720,48280,22/23,Muscle tear,2023-02-12,2023-03-13,30,4.0
40720,48280,23/24,Muscle tear,2023-11-12,2023-11-30,19,2.0
40720,48280,23/24,Sore muscles,2024-02-02,2024-02-16,15,3.0
40720,48280,23/24,Thigh problems,2024-03-30,2024-04-08,10,2.0
40720,48280,24/25,Muscle tear,2024-08-20,2024-09-16,28,5.0
40720,48280,24/25,muscular problems,2024-12-10,2024-12-17,8,1.0
40720,48280,24/25,Vertebral injury,2025-02-09,2025-02-24,16,4.0
40720,48280,24/25,Calf muscle tear,2025-04-21,2025-05-18,28,3.0
40720,48280,24/25,Calf injury,2025-06-04,2025-06-23,20,2.0
40720,48280,25/26,Knock,2025-07-10,2025-07-15,6,1.0
40720,48280,25/26,muscular problems,2025-09-18,2025-10-01,14,2.0
40720,48280,25/26,Hamstring injury,2025-10-15,2025-11-06,23,3.0
40720,48280,25/26,Lumbago,2026-01-07,2026-02-15,40,4.0
40720,48280,25/26,Herniated disc,2026-02-22,2026-06-30,129,18.0
40725,37442,10/11,Ankle injury,2010-08-14,2010-09-11,29,4.0
40725,37442,12/13,Broken toe,2012-12-29,2013-02-11,45,7.0
40725,37442,17/18,Hamstring injury,2017-12-23,2018-01-27,36,7.0
40725,37442,17/18,Achilles tendon problems,2018-01-30,2018-02-02,4,1.0
40755,47082,16/17,Ill,2017-02-17,2017-03-01,13,1.0
40755,47082,16/17,Hip problems,2017-03-02,2017-03-29,28,5.0
40755,47082,16/17,Hip injury,2017-04-22,2017-04-26,5,1.0
40755,47082,17/18,Hamstring injury,2017-08-02,2017-08-18,17,2.0
40755,47082,17/18,unknown injury,2017-12-08,2018-01-28,52,11.0
40755,47082,17/18,unknown injury,2018-02-12,2018-04-08,56,7.0
40755,47082,19/20,Fitness,2019-08-25,2019-09-02,9,3.0
40755,47082,19/20,Achilles tendon problems,2019-09-22,2019-09-26,5,1.0
40755,47082,19/20,Groin injury,2019-10-23,2019-10-25,3,1.0
40755,47082,19/20,Torn thigh muscle,2019-10-28,2019-11-24,28,4.0
40755,47082,19/20,muscle stiffness,2019-11-24,2019-11-29,6,1.0
40755,47082,19/20,Muscle injury,2019-12-08,2019-12-13,6,1.0
40755,47082,19/20,Knock,2020-01-10,2020-01-28,19,3.0
40755,47082,19/20,Toe injury,2020-02-22,2020-03-02,10,1.0
40755,47082,21/22,Groin injury,2022-02-23,2022-04-28,65,14.0
40772,19041,16/17,Toe injury,2016-09-29,2016-10-16,18,2.0
40772,19041,16/17,unknown injury,2016-10-20,2016-10-29,10,2.0
40772,19041,17/18,unknown injury,2017-12-02,2017-12-05,4,1.0
40772,19041,18/19,unknown injury,2019-03-23,2019-04-12,21,1.0
40772,19041,21/22,unknown injury,2021-09-16,2021-09-21,6,1.0
40772,19041,21/22,unknown injury,2021-09-21,2021-10-16,26,2.0
40772,19041,21/22,unknown injury,2022-01-15,2022-01-20,6,1.0
40772,19041,22/23,unknown injury,2022-10-05,2022-10-11,7,1.0
40784,47713,16/17,Ligament injury,2017-04-26,2017-09-18,146,16.0
40784,47713,17/18,Calf injury,2017-12-09,2018-01-28,51,9.0
40784,47713,18/19,Back injury,2018-11-20,2018-11-23,4,
40784,47713,18/19,Meniscus injury,2019-02-23,2019-08-30,189,16.0
40784,47713,19/20,Knock,2019-09-27,2019-11-29,64,7.0
40784,47713,19/20,Hamstring strain,2020-01-02,2020-03-10,69,9.0
40784,47713,20/21,Hamstring injury,2020-07-21,2020-09-14,56,2.0
40784,47713,20/21,Calf injury,2020-12-07,2020-12-27,21,4.0
40784,47713,20/21,Dead leg,2021-01-10,2021-06-30,172,21.0
40784,47713,21/22,Dead leg,2021-09-17,2021-10-01,15,3.0
40784,47713,21/22,Dead leg,2022-02-23,2022-04-01,38,4.0
40784,47713,21/22,Back injury,2022-05-13,2022-05-20,8,1.0
40784,47713,22/23,Head injury,2022-08-22,2022-09-15,25,1.0
40784,47713,22/23,Calf injury,2022-09-12,2022-10-01,20,1.0
40784,47713,22/23,Calf injury,2022-10-08,2022-10-29,22,3.0
40833,60583,12/13,Hamstring injury,2012-09-14,2012-09-23,10,2.0
40833,60583,12/13,Hamstring injury,2013-02-15,2013-03-11,25,4.0
40833,60583,12/13,Hamstring injury,2013-04-27,2013-05-13,17,3.0
40833,60583,13/14,Hamstring injury,2013-09-14,2013-09-23,10,1.0
40833,60583,13/14,Tendonitis,2013-11-25,2013-12-15,21,4.0
40833,60583,16/17,Knee surgery,2016-08-24,2017-04-04,224,41.0
40845,49755,18/19,Hamstring injury,2018-09-23,2018-10-19,27,2.0
40845,49755,18/19,Torn knee ligaments,2019-01-31,2019-02-08,9,2.0
40845,49755,19/20,Hamstring strain,2020-02-02,2020-02-28,27,2.0
40845,49755,20/21,Knock,2020-09-18,2020-09-25,8,2.0
40845,49755,20/21,Hamstring injury,2020-11-19,2020-12-13,25,3.0
40845,49755,20/21,Knock,2021-02-14,2021-02-18,5,1.0
40868,41112,07/08,Overstretching of the syndesmotic ligament,2007-10-18,2007-10-25,8,1.0
40868,41112,14/15,Bruised ribs,2014-11-05,2014-11-19,15,3.0
40868,41112,14/15,unknown injury,2015-03-23,2015-04-01,10,1.0
40868,41112,18/19,Calf injury,2018-11-11,2018-11-30,20,1.0
40868,41112,18/19,Hamstring injury,2019-04-08,2019-04-26,19,3.0
40868,41112,19/20,Ankle injury,2019-12-01,2019-12-31,31,6.0
40868,41112,19/20,Foot injury,2020-06-01,2020-06-19,19,
40868,41112,20/21,Ill,2021-01-12,2021-01-13,2,
41135,36827,09/10,Knee problems,2010-03-24,2010-04-08,16,4.0
41135,36827,13/14,Knee injury,2013-12-30,2014-01-15,17,3.0
41135,36827,15/16,Torn muscle fiber,2015-10-08,2015-11-07,31,7.0
41135,36827,16/17,Muscle injury,2016-10-09,2016-10-30,22,3.0
41135,36827,17/18,Hamstring injury,2018-04-29,2018-05-14,16,2.0
41135,36827,20/21,Knock,2020-09-23,2020-10-03,11,1.0
41184,39679,11/12,Ankle injury,2011-03-03,2011-08-04,155,14.0
41184,39679,13/14,Back injury,2013-12-05,2013-12-19,15,4.0
41184,39679,13/14,Wrist injury,2013-12-23,2014-02-10,50,11.0
41184,39679,14/15,Ankle injury,2014-08-21,2014-09-29,40,7.0
41184,39679,15/16,Hamstring injury,2016-02-11,2016-03-03,22,6.0
41184,39679,17/18,Knock,2017-08-28,2017-09-11,15,2.0
41184,39679,17/18,Rest,2017-09-25,2017-09-28,4,1.0
41184,39679,17/18,Knee injury,2017-10-09,2017-11-02,25,7.0
41184,39679,17/18,Knee injury,2017-11-27,2018-01-04,39,11.0
41184,39679,17/18,Knee injury,2018-01-22,2018-03-08,46,7.0
41184,39679,17/18,Muscle injury,2018-05-04,2018-06-01,29,3.0
41184,39679,18/19,Calf strain,2019-01-11,2019-02-24,45,5.0
41184,39679,19/20,Corona virus,2020-03-21,2020-04-14,25,
41184,39679,19/20,Quarantine,2020-04-15,2020-04-29,15,
41184,39679,21/22,strain,2021-10-22,2021-11-05,15,3.0
41270,46741,17/18,Knee injury,2018-04-01,2018-05-13,43,8.0
41270,46741,20/21,Neck injury,2020-09-11,2020-09-18,8,1.0
41270,46741,20/21,Hamstring injury,2020-10-26,2020-11-03,9,2.0
41270,46741,20/21,Knock,2020-11-27,2020-11-28,2,
41270,46741,20/21,Head injury,2020-12-01,2020-12-15,15,4.0
41270,46741,20/21,Ill,2020-12-25,2021-01-01,8,2.0
41270,46741,20/21,Hamstring injury,2021-05-03,2021-05-24,22,5.0
41270,46741,22/23,muscular problems,2023-05-15,2023-05-19,5,1.0
41270,46741,24/25,Achilles tendon problems,2024-10-27,2024-11-02,7,1.0
41270,46741,24/25,Fever,2024-11-14,2024-11-25,12,1.0
41270,46741,24/25,Muscle injury,2025-03-23,2025-03-28,6,1.0
41270,46741,24/25,Head injury,2025-04-24,2025-04-28,5,1.0
41270,46741,25/26,Thigh problems,2025-07-08,2025-08-03,27,5.0
41270,46741,25/26,Muscle injury,2026-01-18,2026-01-26,9,1.0
41270,46741,25/26,Muscle injury,2026-04-08,2026-04-21,14,2.0
41320,61819,15/16,Hamstring injury,2015-08-29,2015-09-19,22,1.0
41320,61819,16/17,Hamstring injury,2017-01-27,2017-02-13,18,2.0
41320,61819,18/19,Knee injury,2018-08-26,2018-10-26,62,8.0
41320,61819,18/19,Ankle injury,2019-03-31,2019-04-05,6,
41320,61819,18/19,Knee surgery,2019-04-07,2019-08-09,125,5.0
41320,61819,19/20,Knee surgery,2019-08-26,2020-10-23,425,39.0
41321,50477,15/16,Knock,2016-01-25,2016-08-22,211,21.0
41321,50477,21/22,Ankle injury,2022-04-19,2022-05-31,43,5.0
41328,57500,10/11,Cruciate ligament tear,2010-11-27,2011-05-15,170,30.0
41328,57500,19/20,Muscle strain,2019-12-23,2019-12-25,3,
41328,57500,19/20,Hamstring injury,2020-08-01,2020-09-13,44,3.0
41328,57500,21/22,Knock,2022-02-27,2022-03-06,8,2.0
41328,57500,21/22,Ill,2022-03-10,2022-03-15,6,1.0
41328,57500,21/22,Corona virus,2022-04-08,2022-04-11,4,1.0
41328,57500,22/23,Head injury,2023-02-18,2023-03-10,21,3.0
41328,57500,23/24,Meniscus tear,2024-01-19,2024-03-10,52,13.0
41328,57500,24/25,Muscle injury,2024-09-22,2024-11-06,46,9.0
41328,57500,25/26,Muscle injury,2025-10-18,2025-10-30,13,2.0
41328,57500,25/26,Calf muscle tear,2025-11-08,2025-11-26,19,2.0
41328,57500,25/26,Left hip flexor problems,2025-12-11,2025-12-29,19,3.0
41328,57500,25/26,Calf muscle tear,2026-01-03,2026-01-28,26,4.0
41328,57500,25/26,Hamstring strain,2026-03-22,2026-04-27,37,4.0
41338,59606,16/17,Inguinal hernia,2016-09-26,2016-12-17,83,14.0
41338,59606,17/18,Muscle injury,2017-07-29,2017-08-20,23,2.0
41338,59606,17/18,Knee injury,2017-08-26,2018-03-03,190,33.0
41338,59606,19/20,Muscle strain,2019-09-11,2019-09-27,17,3.0
41338,59606,19/20,Back injury,2019-11-03,2019-11-07,5,
41338,59606,19/20,Knock,2019-12-29,2019-12-31,3,
41338,59606,19/20,Knee injury,2020-01-02,2020-01-11,10,1.0
41464,41384,20/21,unknown injury,2021-05-15,2021-06-05,22,2.0
41464,41384,21/22,Muscle injury,2021-10-04,2021-10-14,11,2.0
41464,41384,21/22,muscular problems,2021-10-23,2021-11-01,10,1.0
41464,41384,21/22,Thigh problems,2021-12-01,2021-12-12,12,1.0
41464,41384,21/22,Corona virus,2022-03-03,2022-03-09,7,1.0
41464,41384,22/23,Back problems,2022-10-09,2022-10-17,9,1.0
41464,41384,22/23,Stomach flu,2022-10-26,2022-11-02,8,1.0
41464,41384,22/23,sprain,2023-01-06,2023-02-11,37,6.0
41464,41384,22/23,Hip injury,2023-02-20,2023-03-03,12,1.0
41464,41384,22/23,Foot injury,2023-03-19,2023-05-07,50,8.0
41464,41384,23/24,Hamstring muscle injury,2023-09-24,2023-11-06,44,10.0
41464,41384,23/24,Hamstring muscle injury,2024-03-09,2024-04-04,27,5.0
41464,41384,24/25,muscular problems,2024-08-02,2024-08-22,21,
41464,41384,24/25,flu,2024-09-16,2024-09-19,4,1.0
41464,41384,25/26,Adductor injury,2025-11-27,2025-12-10,14,3.0
41674,111114,14/15,Cruciate ligament tear,2015-01-02,2015-10-02,274,
41674,111114,16/17,Knee injury,2017-01-19,2017-06-01,134,15.0
41674,111114,19/20,Hip injury,2019-11-20,2019-12-20,31,5.0
41674,111114,20/21,Ankle injury,2020-12-30,2021-01-11,13,1.0
41674,111114,23/24,Calf injury,2023-11-08,2023-12-28,51,9.0
41674,111114,24/25,Muscle injury,2024-09-04,2024-09-20,17,2.0
41674,111114,24/25,concussion,2024-10-04,2024-10-09,6,1.0
41674,111114,24/25,Leg injury,2025-03-27,2025-04-03,8,1.0
41674,111114,25/26,Hamstring injury,2025-09-15,2026-04-01,199,7.0
41705,39471,21/22,Achilles tendon problems,2022-04-16,2022-04-17,2,
41705,39471,21/22,Achilles tendon rupture,2022-04-18,2023-02-03,292,29.0
41705,39471,22/23,Internal ligament tear,2023-04-10,2023-05-25,46,8.0
41725,65477,17/18,Groin injury,2017-06-10,2017-08-19,71,1.0
41725,65477,18/19,Hamstring injury,2018-10-18,2018-11-08,22,3.0
41725,65477,19/20,Knee surgery,2019-08-22,2019-11-05,76,12.0
41725,65477,19/20,Knee injury,2020-07-12,2020-07-16,5,
41725,65477,20/21,Knee problems,2020-09-01,2020-09-24,24,4.0
41725,65477,20/21,Knee injury,2020-09-28,2020-11-03,37,6.0
41725,65477,20/21,Achilles tendon problems,2021-02-14,2021-05-06,82,16.0
41733,49499,13/14,Back injury,2013-09-19,2014-02-10,145,29.0
41733,49499,13/14,Back problems,2014-02-13,2014-03-27,43,13.0
41733,49499,14/15,Knee injury,2014-10-13,2014-10-23,11,2.0
41733,49499,16/17,Knee injury,2016-09-15,2016-09-26,12,1.0
41733,49499,16/17,Hamstring injury,2016-10-10,2016-10-24,15,1.0
41733,49499,17/18,Knee injury,2017-10-19,2017-10-30,12,1.0
41733,49499,17/18,Ill,2018-02-22,2018-03-12,19,3.0
41733,49499,18/19,Knock,2018-09-20,2018-10-01,12,1.0
41733,49499,18/19,Knock,2019-01-10,2019-01-31,22,1.0
41733,49499,18/19,Knee injury,2019-01-31,2019-02-11,12,1.0
41733,49499,18/19,Back injury,2019-04-11,2019-04-15,5,
41733,49499,19/20,Knock,2019-12-12,2019-12-23,12,2.0
41733,49499,21/22,Knee problems,2021-11-25,2022-01-15,52,2.0
41733,49499,22/23,Broken tibia,2022-08-22,2023-02-01,164,33.0
41733,49499,22/23,Hamstring injury,2023-04-20,2023-05-05,16,2.0
41792,50057,19/20,Stress reaction of the bone,2019-12-05,2019-12-14,10,2.0
41792,50057,19/20,unknown injury,2020-06-06,2020-06-15,10,1.0
41792,50057,19/20,Quarantine,2020-10-05,2020-10-10,6,1.0
41792,50057,20/21,Muscle injury,2020-10-12,2020-10-19,8,1.0
41792,50057,20/21,Muscle injury,2020-11-05,2020-11-22,18,5.0
41792,50057,20/21,muscular problems,2021-02-01,2021-02-16,16,4.0
41792,50057,20/21,Thigh problems,2021-03-11,2021-04-02,23,5.0
41792,50057,21/22,muscular problems,2021-08-24,2021-09-10,18,4.0
41792,50057,21/22,muscular problems,2021-09-28,2021-10-16,19,2.0
41792,50057,21/22,Muscle fatigue,2021-10-29,2021-11-02,5,1.0
41792,50057,21/22,muscular problems,2021-11-19,2022-01-02,45,9.0
41792,50057,21/22,Corona virus,2022-01-10,2022-01-21,12,3.0
41792,50057,23/24,Knee injury,2023-09-19,2023-12-01,74,17.0
41792,50057,24/25,Hamstring injury,2024-09-11,2025-02-03,146,27.0
41792,50057,24/25,Hamstring injury,2025-03-11,2025-06-01,83,9.0
41823,50362,16/17,Muscle injury,2016-09-01,2017-01-05,127,30.0
41823,50362,17/18,Calf problems,2017-11-06,2017-11-13,8,1.0
41823,50362,17/18,Knee injury,2018-01-14,2018-02-11,29,6.0
41823,50362,17/18,Muscle injury,2018-03-05,2018-03-31,27,4.0
41823,50362,18/19,bruise,2018-09-23,2018-10-31,39,9.0
41823,50362,18/19,Ill,2019-02-21,2019-03-08,16,3.0
41823,50362,18/19,bruise,2019-03-17,2019-04-08,23,5.0
41823,50362,19/20,Calf injury,2019-08-03,2019-08-31,29,3.0
41823,50362,19/20,Muscle injury,2019-10-06,2019-10-24,19,1.0
41823,50362,19/20,Muscle injury,2019-11-04,2019-12-20,47,7.0
41823,50362,19/20,Calf injury,2020-06-02,2020-09-23,114,12.0
41823,50362,20/21,bruise,2020-11-02,2020-11-27,26,2.0
41823,50362,20/21,Hamstring injury,2020-12-06,2021-02-03,60,11.0
41823,50362,21/22,Shoulder injury,2021-08-27,2021-10-25,60,8.0
41823,50362,21/22,Hamstring injury,2022-01-21,2022-04-05,75,12.0
41926,9966,09/10,Torn muscle fiber,2009-07-22,2009-08-22,32,5.0
41926,9966,10/11,unknown injury,2010-11-01,2010-11-08,8,1.0
41926,9966,11/12,unknown injury,2012-02-24,2012-03-12,18,3.0
41926,9966,13/14,Foot injury,2013-09-01,2014-01-13,135,21.0
41945,37981,13/14,Muscle injury,2013-10-26,2013-12-20,56,7.0
41945,37981,14/15,Torn muscle fiber,2014-08-01,2014-08-28,28,2.0
41945,37981,14/15,Stomach flu,2014-09-21,2014-09-24,4,1.0
41945,37981,14/15,Hip problems,2014-11-18,2014-11-25,8,1.0
41945,37981,14/15,Internal ligament tear,2014-12-08,2015-02-09,64,6.0
41945,37981,14/15,flu,2015-05-07,2015-05-11,5,1.0
41945,37981,15/16,Calf injury,2015-11-17,2015-12-20,34,4.0
41945,37981,17/18,Hamstring injury,2017-09-02,2017-11-19,79,12.0
41945,37981,19/20,Knock,2018-09-21,2018-10-19,29,4.0
41945,37981,18/19,Knock,2018-10-21,2018-12-03,44,7.0
41945,37981,18/19,Knee injury,2018-12-12,2019-02-26,77,14.0
41945,37981,18/19,Knee injury,2019-03-25,2019-05-31,68,10.0
41945,37981,19/20,Hamstring injury,2019-10-17,2019-10-25,9,1.0
41945,37981,19/20,Knee injury,2020-02-01,2020-08-03,185,16.0
41945,37981,20/21,unknown injury,2020-10-18,2020-10-21,4,1.0
42427,44792,09/10,Metatarsal fracture,2009-11-24,2010-05-01,159,33.0
42427,44792,10/11,Calf problems,2010-09-28,2010-10-16,19,4.0
42427,44792,10/11,Ankle injury,2010-12-08,2011-01-04,28,4.0
42427,44792,11/12,strain,2011-08-16,2011-08-28,13,2.0
42427,44792,11/12,Abdominal muscle strain,2011-10-16,2011-11-16,32,8.0
42427,44792,11/12,surgery,2011-11-17,2012-02-01,77,16.0
42427,44792,12/13,Thigh problems,2012-10-06,2012-11-24,50,11.0
42427,44792,12/13,Hamstring strain,2013-01-30,2013-03-11,41,7.0
42427,44792,13/14,Calf problems,2013-12-30,2014-01-13,15,2.0
42427,44792,14/15,Thigh problems,2014-08-17,2014-09-02,17,4.0
42427,44792,16/17,Knee injury,2016-12-26,2017-01-16,22,4.0
42427,44792,20/21,Virus,2020-11-21,2020-12-05,15,2.0
42427,44792,21/22,unknown injury,2022-02-21,2022-03-17,25,3.0
42493,45146,20/21,muscular problems,2021-01-03,2021-02-07,36,5.0
42493,45146,20/21,unknown injury,2021-03-14,2021-04-26,44,5.0
42493,45146,21/22,Corona virus,2022-01-04,2022-01-14,11,1.0
42493,45146,21/22,Fitness,2022-01-14,2022-01-19,6,2.0
42493,45146,22/23,pneumonia,2022-08-06,2022-08-08,3,1.0
42493,45146,22/23,unknown injury,2022-08-21,2022-08-23,3,1.0
42493,45146,22/23,unknown injury,2023-02-09,2023-02-16,8,1.0
42493,45146,22/23,Ill,2023-03-08,2023-03-15,8,1.0
42493,45146,22/23,unknown injury,2023-04-20,2023-05-04,15,3.0
42493,45146,22/23,unknown injury,2023-05-18,2023-06-07,21,5.0
42493,45146,23/24,Knee problems,2023-10-19,2023-10-25,7,1.0
42493,45146,23/24,Knee surgery,2023-11-15,2024-02-05,83,13.0
42493,45146,24/25,Fitness,2024-10-28,2024-11-01,5,1.0
42493,45146,24/25,flu,2024-12-26,2024-12-28,3,
42493,45146,24/25,Broken hand,2025-02-28,2025-07-01,124,12.0
42564,45660,20/21,Back problems,2021-05-03,2021-05-13,11,1.0
42564,45660,21/22,Muscle injury,2021-10-25,2021-11-04,11,3.0
42564,45660,21/22,Quarantine,2021-11-08,2021-11-15,8,1.0
42564,45660,21/22,Quarantine,2021-11-18,2021-11-25,8,1.0
42564,45660,21/22,Corona virus,2021-11-22,2021-12-09,18,4.0
42564,45660,21/22,Fitness,2021-12-09,2022-01-03,26,3.0
42564,45660,21/22,Corona virus,2022-03-31,2022-04-11,12,3.0
42564,45660,22/23,Groin problems,2022-07-28,2022-08-22,26,4.0
42564,45660,22/23,Stomach flu,2023-02-02,2023-02-08,7,1.0
42564,45660,22/23,Back problems,2023-03-10,2023-03-30,21,4.0
42564,45660,22/23,Knee problems,2023-04-07,2023-04-16,10,3.0
42564,45660,22/23,Knee problems,2023-04-20,2023-05-25,36,5.0
42564,45660,23/24,Ill,2024-05-12,2024-05-19,8,2.0
42564,45660,24/25,Injury to abdominal muscles,2025-06-16,2025-06-27,12,1.0
42564,45660,25/26,Knee problems,2026-05-12,2026-08-14,95,6.0
42583,17804,07/08,Torn lateral knee ligament,2007-12-23,2008-01-14,23,1.0
42583,17804,08/09,Strain in the thigh and gluteal muscles,2009-02-04,2009-02-27,24,4.0
42583,17804,13/14,Stomach flu,2014-03-14,2014-03-17,4,1.0
42583,17804,13/14,Groin problems,2014-03-26,2014-04-22,28,4.0
42583,17804,18/19,surgery,2018-12-27,2019-03-24,88,9.0
42583,17804,18/19,Fitness,2019-03-25,2019-04-01,8,1.0
42583,17804,19/20,Torn knee ligaments,2020-02-25,2021-03-01,371,25.0
42593,46156,12/13,Ankle injury,2012-10-27,2012-11-02,7,
42593,46156,12/13,Knee injury,2012-12-15,2013-01-10,27,5.0
42593,46156,14/15,Calf injury,2014-11-02,2014-12-05,34,9.0
42593,46156,17/18,Muscle fatigue,2018-04-20,2018-04-23,4,1.0
42593,46156,18/19,Broken foot,2018-10-04,2018-10-22,19,4.0
42593,46156,18/19,unknown injury,2019-03-08,2019-03-27,20,4.0
42593,46156,20/21,muscular problems,2020-11-08,2020-11-11,4,1.0
42593,46156,20/21,Corona virus,2020-11-15,2020-12-04,20,4.0
42593,46156,20/21,Fitness,2020-12-04,2020-12-12,9,1.0
42593,46156,20/21,Muscle fatigue,2021-03-10,2021-03-13,4,
42593,46156,20/21,Muscle fatigue,2021-04-02,2021-05-12,41,8.0
42593,46156,20/21,Herniated disc,2021-05-13,2021-06-20,39,2.0
42593,46156,21/22,Muscle injury,2021-11-26,2021-12-06,11,3.0
42727,23825,10/11,Ankle injury,2011-02-13,2011-06-13,121,14.0
42727,23825,17/18,unknown injury,2017-08-12,2017-08-28,17,2.0
42727,23825,18/19,unknown injury,2018-11-19,2018-11-27,9,1.0
42727,23825,19/20,unknown injury,2020-07-06,2020-07-13,8,1.0
42727,23825,21/22,unknown injury,2021-08-26,2021-10-31,67,4.0
42738,37941,10/11,muscular problems,2010-09-19,2010-09-25,7,2.0
42738,37941,10/11,Ankle sprain,2011-03-31,2011-04-06,7,1.0
42738,37941,12/13,Overstretching,2012-10-29,2012-11-15,18,4.0
42738,37941,13/14,minor knock,2013-09-24,2013-09-26,3,1.0
42738,37941,13/14,Knee problems,2013-10-05,2014-04-18,196,44.0
42738,37941,14/15,Inflammation of ligaments in the knee,2015-04-14,2015-06-05,53,
42748,36291,15/16,Tendon rupture,2015-10-29,2016-03-06,130,30.0
42748,36291,18/19,Knee injury,2018-10-11,2018-10-19,9,2.0
42774,56818,14/15,Adductor injury,2015-01-13,2015-02-05,24,4.0
42774,56818,14/15,Ligament injury,2015-04-27,2015-05-21,25,3.0
42774,56818,15/16,Knock,2015-12-08,2015-12-11,4,1.0
42774,56818,16/17,Knock,2016-10-15,2016-10-19,5,1.0
42774,56818,17/18,Toe injury,2017-11-18,2017-11-26,9,1.0
42774,56818,18/19,Muscle strain,2018-08-19,2018-08-31,13,1.0
42774,56818,18/19,Knock,2018-12-01,2018-12-14,14,3.0
42774,56818,18/19,Ankle injury,2019-03-18,2019-04-20,34,3.0
42774,56818,19/20,Knock,2019-11-24,2019-11-30,7,
42774,56818,19/20,Calf strain,2019-12-08,2020-01-04,28,6.0
42774,56818,19/20,Knee injury,2020-02-24,2020-08-22,181,4.0
42774,56818,20/21,Calf injury,2021-01-07,2021-01-28,22,3.0
42774,56818,21/22,Calf injury,2022-03-21,2022-04-11,22,2.0
42774,56818,23/24,Muscle injury,2023-11-24,2024-02-05,74,12.0
42774,56818,23/24,unknown injury,2024-02-17,2024-03-25,38,5.0
42786,50202,19/20,Fissure of the fibula,2020-02-23,2020-05-09,77,3.0
42786,50202,19/20,Knock,2020-06-29,2020-07-09,11,2.0
42786,50202,20/21,Knock,2020-09-01,2020-09-28,28,2.0
42786,50202,20/21,Muscle injury,2020-09-30,2020-10-27,28,8.0
42786,50202,20/21,Corona virus,2020-11-07,2020-11-20,14,4.0
42786,50202,20/21,Muscle injury,2020-11-28,2020-12-28,31,6.0
42786,50202,20/21,Muscle injury,2021-02-03,2021-03-12,38,7.0
42786,50202,20/21,Muscle injury,2021-03-15,2021-04-22,39,11.0
42786,50202,20/21,Knock,2021-05-21,2021-05-23,3,1.0
42786,50202,21/22,Hamstring injury,2021-06-28,2021-08-12,46,1.0
42786,50202,21/22,muscular problems,2021-10-08,2021-10-22,15,2.0
42786,50202,21/22,Stomach flu,2021-11-19,2021-11-30,12,3.0
42786,50202,21/22,Fissure of the fibula,2022-03-25,2022-05-14,51,13.0
42786,50202,22/23,Ankle injury,2023-01-21,2023-01-28,8,2.0
42786,50202,22/23,Patellar tendon irritation,2023-02-04,2023-02-17,14,4.0
42892,18644,09/10,Fever,2009-10-18,2009-10-22,5,1.0
42892,18644,11/12,Sciatica problems,2011-10-03,2011-10-22,20,3.0
42892,18644,11/12,Adductor injury,2012-02-26,2012-03-22,26,3.0
42892,18644,12/13,Muscle injury,2012-11-20,2012-12-07,18,3.0
42892,18644,14/15,Metatarsal fracture,2014-07-18,2014-10-18,93,9.0
42892,18644,14/15,Knee injury,2015-03-14,2015-03-20,7,
42892,18644,17/18,Eyebow fracture,2018-03-18,2018-03-28,11,
42892,18644,17/18,unknown injury,2018-04-29,2018-05-20,22,3.0
42892,18644,20/21,Leg injury,2020-11-19,2020-12-02,14,2.0
42899,30690,14/15,Knock,2015-02-09,2015-02-26,18,1.0
42899,30690,17/18,minor knock,2018-01-08,2018-01-18,11,1.0
42899,30690,17/18,Knock,2018-02-19,2018-03-08,18,2.0
42899,30690,17/18,Knee injury,2018-03-28,2018-05-03,37,6.0
42899,30690,17/18,Knee injury,2018-05-21,2018-08-31,103,8.0
42899,30690,18/19,Knee injury,2019-04-29,2019-05-11,13,1.0
42899,30690,21/22,Corona virus,2022-01-11,2022-02-02,23,3.0
42899,30690,21/22,Knee surgery,2022-03-11,2022-05-29,80,11.0
42899,30690,22/23,Knee injury,2022-09-25,2022-11-10,47,9.0
42899,30690,22/23,muscular problems,2023-01-18,2023-01-25,8,1.0
42899,30690,23/24,Achilles tendon irritation,2024-03-07,2024-04-08,33,5.0
42899,30690,24/25,Shoulder injury,2024-09-01,2024-09-11,11,1.0
42899,30690,24/25,Knee injury,2024-12-04,2025-01-12,40,2.0
42899,30690,24/25,Knee surgery,2025-01-13,2025-08-27,227,31.0
42899,30690,25/26,Muscle injury,2025-11-14,2025-12-20,37,3.0
42996,66550,13/14,Calf injury,2013-11-29,2013-12-12,14,3.0
42996,66550,16/17,Metatarsal fracture,2017-03-11,2017-06-01,83,10.0
42996,66550,17/18,Calf strain,2018-01-02,2018-01-26,25,4.0
42996,66550,17/18,Groin injury,2018-01-28,2018-04-14,77,12.0
42996,66550,18/19,Ankle injury,2018-12-10,2019-03-20,101,21.0
42996,66550,18/19,Muscle injury,2019-04-15,2019-05-10,26,4.0
42996,66550,19/20,cold,2019-09-12,2019-09-30,19,3.0
42996,66550,19/20,Muscle injury,2019-11-05,2019-11-28,24,3.0
42996,66550,19/20,Muscle injury,2019-12-01,2019-12-28,28,5.0
42996,66550,19/20,cold,2020-01-01,2020-01-20,20,4.0
42996,66550,19/20,Achilles tendon rupture,2020-07-14,2021-09-30,444,2.0
43020,50935,15/16,Torn muscle fiber,2016-02-10,2016-02-18,9,2.0
43020,50935,15/16,Shin bruise,2016-04-18,2016-04-21,4,
43020,50935,16/17,Metacarpal fracture,2016-08-22,2016-09-08,18,3.0
43020,50935,16/17,Torn muscle fiber in the adductor area,2017-01-30,2017-02-09,11,2.0
43020,50935,16/17,muscular problems,2017-03-28,2017-04-18,22,4.0
43020,50935,17/18,Hamstring injury,2017-11-11,2017-12-03,23,4.0
43020,50935,17/18,Knee problems,2018-05-04,2018-05-13,10,2.0
43020,50935,18/19,Ill,2018-09-04,2018-10-19,46,9.0
43020,50935,18/19,Back injury,2018-12-22,2019-01-19,29,5.0
43020,50935,18/19,Ruptured eardrum,2019-04-16,2019-04-26,11,1.0
43020,50935,19/20,Virus,2019-12-19,2019-12-27,9,1.0
43020,50935,19/20,strain,2020-07-16,2020-09-12,59,6.0
43020,50935,21/22,Calf injury,2021-07-04,2021-09-09,68,12.0
43020,50935,22/23,Muscle injury,2023-02-21,2023-04-06,45,5.0
43020,50935,22/23,Cruciate ligament tear,2023-06-08,2024-01-22,229,21.0
43250,73484,10/11,Knee problems,2010-09-23,2010-10-10,18,2.0
43250,73484,10/11,Thigh problems,2011-01-05,2011-02-01,28,5.0
43250,73484,11/12,Ankle injury,2011-10-29,2012-02-01,96,19.0
43250,73484,11/12,Ankle injury,2012-02-23,2012-03-10,17,3.0
43250,73484,15/16,Ankle injury,2015-08-29,2015-10-17,50,5.0
43250,73484,17/18,Hamstring injury,2018-01-31,2018-06-01,122,13.0
43250,73484,18/19,Achilles tendon surgery,2018-07-17,2018-12-15,152,18.0
43250,73484,18/19,Calf injury,2019-03-17,2019-04-26,41,6.0
43250,73484,19/20,Heel injury,2019-10-30,2020-02-22,116,18.0
43250,73484,22/23,Achilles tendon problems,2022-08-15,2023-02-06,176,29.0
43252,73482,13/14,Hamstring injury,2013-09-25,2013-11-28,65,8.0
43252,73482,14/15,Shoulder injury,2015-01-18,2015-04-04,77,9.0
43252,73482,18/19,Inflammation in the knee,2019-02-01,2019-05-15,104,19.0
43252,73482,19/20,Hamstring injury,2019-08-08,2019-11-09,94,16.0
43252,73482,20/21,muscular problems,2020-09-16,2020-09-18,3,1.0
43252,73482,20/21,muscular problems,2020-09-22,2020-09-24,3,1.0
43252,73482,20/21,muscular problems,2020-09-30,2020-10-02,3,1.0
43252,73482,20/21,Calf injury,2020-10-16,2020-10-18,3,1.0
43252,73482,20/21,muscular problems,2020-10-30,2020-11-08,10,3.0
43252,73482,22/23,Achilles heel problems,2022-07-24,2022-09-14,53,11.0
43252,73482,22/23,Calf injury,2022-10-26,2023-01-01,68,13.0
43252,73482,22/23,Calf injury,2023-01-02,2023-04-02,91,18.0
43252,73482,22/23,Muscle fatigue,2023-04-08,2023-05-31,54,6.0
43521,51540,12/13,Shoulder injury,2013-03-01,2013-03-08,8,
43521,51540,13/14,Thigh problems,2014-04-26,2014-06-01,37,2.0
43521,51540,14/15,Knee injury,2014-07-29,2014-11-29,124,6.0
43521,51540,14/15,Hamstring injury,2015-02-22,2015-03-19,26,
43521,51540,18/19,unknown injury,2018-09-30,2018-10-31,32,6.0
43521,51540,23/24,Calf injury,2023-08-08,2023-09-04,28,4.0
43521,51540,24/25,Dead leg,2024-11-09,2025-02-09,93,12.0
43521,51540,25/26,Calf injury,2025-12-06,2026-04-06,122,13.0
43670,44068,16/17,Groin surgery,2017-03-30,2017-04-28,30,8.0
43670,44068,18/19,Hamstring injury,2019-02-24,2019-03-16,21,4.0
43670,44068,20/21,Muscle injury,2021-02-25,2021-04-03,38,8.0
43670,44068,22/23,Fitness,2022-09-08,2022-09-17,10,2.0
43670,44068,24/25,Hamstring injury,2025-02-01,2025-02-20,20,2.0
43670,44068,25/26,Elbow fracture,2026-04-06,2026-04-22,17,2.0
43693,54935,17/18,Contracture,2017-10-23,2017-10-30,8,1.0
43693,54935,17/18,Muscle injury,2017-11-06,2017-11-20,15,2.0
43693,54935,17/18,Knee bruise,2018-02-22,2018-02-25,4,
43693,54935,17/18,muscular problems,2018-02-28,2018-03-17,18,4.0
43693,54935,17/18,muscular problems,2018-03-19,2018-03-27,9,2.0
43693,54935,18/19,Muscle injury,2019-04-03,2019-04-30,28,6.0
43693,54935,19/20,Hamstring muscle injury,2019-10-28,2019-11-08,12,2.0
43693,54935,19/20,Corona virus,2020-05-12,2020-05-26,15,
43693,54935,20/21,Back problems,2021-02-04,2021-02-12,9,1.0
43693,54935,21/22,Ankle problems,2021-10-25,2021-11-01,8,1.0
43693,54935,21/22,Hamstring injury,2022-04-03,2022-04-29,27,3.0
43693,54935,22/23,Knee injury,2023-06-23,2023-12-31,192,19.0
43693,54935,24/25,Achilles tendon problems,2024-08-15,2025-01-01,140,13.0
43693,54935,25/26,Muscle tear,2026-03-31,2026-05-11,42,10.0
43693,54935,26/27,unknown injury,2026-08-20,,22,5.0
43808,31514,13/14,Achilles tendon problems,2014-01-30,2014-02-03,5,
43808,31514,14/15,Torn muscle fiber,2014-10-20,2014-11-20,32,6.0
43808,31514,15/16,Metatarsal fracture,2015-11-23,2016-01-25,64,5.0
43808,31514,16/17,minor knock,2016-11-21,2016-11-24,4,
43808,31514,16/17,Torn lateral ankle ligament,2017-05-08,2017-05-11,4,
43808,31514,16/17,muscular problems,2017-05-15,2017-07-01,48,
43808,31514,18/19,Neck injury,2019-03-03,2019-03-10,8,
43808,31514,19/20,Adductor pain,2019-04-03,2019-04-19,17,2.0
43808,31514,19/20,Stomach flu,2019-08-28,2019-09-04,8,1.0
43808,31514,19/20,muscular problems,2019-09-18,2019-11-05,49,7.0
43808,31514,19/20,Hamstring injury,2019-12-01,2019-12-21,21,3.0
43808,31514,20/21,Knee collateral ligament tear,2021-02-06,2021-04-02,56,7.0
43808,31514,20/21,Ill,2021-04-09,2021-04-19,11,2.0
43808,31514,21/22,Muscle injury,2021-10-15,2021-10-22,8,1.0
43808,31514,21/22,Hip bruise,2021-12-04,2022-01-14,42,2.0
44336,57162,18/19,Calf strain,2019-04-14,2019-04-19,6,
44336,57162,19/20,Kidney stone surgery,2019-08-12,2019-08-19,8,1.0
44336,57162,19/20,Rest,2019-09-21,2019-09-23,3,2.0
44336,57162,19/20,Adductor pain,2019-10-17,2019-10-21,5,2.0
44336,57162,19/20,Hamstring strain,2019-12-01,2019-12-12,12,3.0
44336,57162,20/21,Back problems,2020-10-22,2020-10-25,4,1.0
44336,57162,20/21,Hamstring strain,2020-12-26,2021-01-14,20,4.0
44336,57162,20/21,Hamstring injury,2021-01-24,2021-02-23,31,6.0
44336,57162,21/22,Groin problems,2021-09-07,2021-09-15,9,1.0
44336,57162,21/22,Muscle contusion,2021-12-27,2022-01-09,14,3.0
44336,57162,21/22,Groin injury,2022-03-16,2022-03-19,4,1.0
44336,57162,21/22,Torn thigh muscle,2022-03-25,2022-04-27,34,5.0
44336,57162,21/22,Fitness,2022-04-27,2022-05-02,6,1.0
44336,57162,21/22,unknown injury,2022-05-16,2022-05-21,6,1.0
44336,57162,23/24,unknown injury,2024-03-29,2024-04-11,14,1.0
44343,46791,15/16,Hamstring strain,2015-11-23,2015-12-19,27,3.0
44343,46791,16/17,Groin strain,2016-07-20,2016-09-14,57,6.0
44343,46791,16/17,Muscle injury,2016-12-09,2017-01-01,24,4.0
44343,46791,17/18,Calf injury,2017-07-22,2017-09-15,56,5.0
44343,46791,17/18,Ankle injury,2018-01-30,2018-08-18,201,13.0
44343,46791,18/19,Calf strain,2019-03-15,2019-03-31,17,2.0
44343,46791,21/22,Corona virus,2022-01-13,2022-01-18,6,1.0
44346,82442,18/19,Ankle injury,2018-12-31,2019-01-11,12,2.0
44346,82442,19/20,Ill,2019-09-27,2019-10-05,9,1.0
44346,82442,19/20,Ankle injury,2019-12-06,2020-01-04,30,7.0
44346,82442,19/20,Groin injury,2020-01-06,2020-02-16,42,5.0
44346,82442,21/22,Corona virus,2021-09-02,2021-09-10,9,2.0
44346,82442,21/22,Quarantine,2021-09-11,2021-09-13,3,1.0
44346,82442,21/22,Lumbago,2021-09-16,2021-09-23,8,2.0
44346,82442,21/22,Back injury,2021-10-02,2021-10-06,5,1.0
44346,82442,21/22,Torn muscle fiber,2021-11-24,2021-12-17,24,5.0
44346,82442,21/22,Ankle sprain,2022-03-06,2022-03-10,5,
44346,82442,22/23,Calf problems,2023-04-20,2023-04-27,8,1.0
44346,82442,24/25,Leg injury,2025-03-13,2025-03-31,19,3.0
44346,82442,25/26,Muscle strain,2025-08-28,2025-09-10,14,1.0
44346,82442,25/26,unknown injury,2025-10-23,2025-10-27,5,1.0
44346,82442,25/26,Ill,2026-03-06,2026-03-10,5,1.0
44413,23951,13/14,Cervical vertebra fracture,2014-05-19,2014-07-31,74,8.0
44413,23951,16/17,Knee surgery,2016-11-13,2017-04-15,154,25.0
44413,23951,17/18,Muscle injury,2017-09-12,2017-09-22,11,2.0
44413,23951,17/18,Muscle tear,2018-02-10,2018-02-27,18,4.0
44413,23951,17/18,Muscle tear,2018-04-02,2018-05-02,31,7.0
44413,23951,18/19,Muscle tear,2018-08-20,2018-09-19,31,5.0
44413,23951,20/21,Corona virus,2020-09-04,2020-09-12,9,2.0
44413,23951,20/21,Muscle injury,2021-01-14,2021-01-18,5,1.0
44413,23951,21/22,Injury to the ankle,2022-01-06,2022-01-15,10,1.0
44413,23951,22/23,Knee injury,2022-08-15,2022-08-26,12,1.0
44413,23951,22/23,Muscle fatigue,2023-01-19,2023-01-24,6,1.0
44413,23951,22/23,Calf injury,2023-05-28,2023-06-30,34,1.0
44604,55619,11/12,minor knock,2011-11-28,2011-12-05,8,
44604,55619,14/15,Torn muscle fiber,2014-11-13,2014-12-08,26,5.0
44604,55619,15/16,Hamstring injury,2015-09-17,2015-09-24,8,1.0
44604,55619,15/16,Meniscus tear,2015-09-28,2015-11-16,50,11.0
44604,55619,16/17,Foot injury,2017-01-02,2017-02-02,32,11.0
44604,55619,17/18,muscular problems,2017-10-30,2017-11-09,11,1.0
44604,55619,17/18,Muscle injury,2018-04-09,2018-04-19,11,2.0
44604,55619,17/18,concussion,2018-06-15,2018-06-19,5,
44604,55619,19/20,Muscle injury,2020-09-04,2020-10-03,30,7.0
44604,55619,21/22,sprain,2022-04-16,2022-04-19,4,1.0
44604,55619,22/23,strain,2022-10-18,2022-10-28,11,2.0
44604,55619,22/23,Meniscus damage,2022-11-15,2022-12-20,36,1.0
44604,55619,23/24,unknown injury,2024-03-04,2024-03-18,15,1.0
44604,55619,24/25,muscular problems,2024-09-21,2024-09-26,6,1.0
44604,55619,25/26,Muscle tear,2026-03-02,2026-03-18,17,3.0
44683,53360,09/10,Ankle injury,2009-10-15,2010-01-01,79,14.0
44683,53360,13/14,Cruciate ligament tear,2014-04-06,2015-05-24,414,49.0
44683,53360,15/16,Ankle surgery,2015-10-17,2016-03-13,149,24.0
44683,53360,20/21,Hand injury,2019-12-08,2019-12-13,6,
44683,53360,19/20,Ill,2020-01-05,2020-01-18,14,1.0
44683,53360,19/20,Hamstring strain,2020-06-26,2020-07-04,9,1.0
44683,53360,19/20,Calf injury,2020-07-16,2020-07-17,2,
44683,53360,20/21,Ankle injury,2020-09-23,2020-10-18,26,3.0
44683,53360,20/21,Knee injury,2020-12-28,2021-01-11,15,2.0
44683,53360,21/22,unknown injury,2022-04-29,2022-08-07,101,7.0
44683,53360,22/23,Hip problems,2022-11-05,2022-11-13,9,2.0
44683,53360,22/23,Hip injury,2023-02-04,2023-04-18,74,16.0
44683,53360,24/25,Ankle injury,2025-05-02,,497,39.0
44699,63200,15/16,Cruciate ligament injury,2015-05-01,2015-12-31,245,25.0
44699,63200,16/17,Hamstring injury,2016-08-01,2016-11-05,97,10.0
44699,63200,17/18,Shoulder injury,2018-05-06,2018-07-09,65,1.0
44699,63200,19/20,Groin injury,2019-09-01,2019-09-13,13,
44699,63200,19/20,Groin injury,2019-10-17,2019-10-25,9,1.0
44699,63200,19/20,Groin injury,2019-12-05,2019-12-13,9,1.0
44699,63200,19/20,Groin surgery,2020-01-02,2020-09-29,272,23.0
44699,63200,19/20,Corona virus,2020-03-14,2020-03-28,15,
44699,63200,20/21,bruise,2021-01-27,2021-02-05,10,3.0
44699,63200,21/22,Groin injury,2021-11-18,2022-02-06,81,9.0
44699,63200,25/26,Muscle injury,2026-04-10,2026-04-27,18,3.0
45034,42460,13/14,Stomach flu,2013-08-08,2013-08-12,5,1.0
45034,42460,14/15,Broken shoulder,2014-07-28,2014-09-22,57,8.0
45034,42460,14/15,Muscle strain,2015-02-05,2015-02-12,8,1.0
45034,42460,14/15,Adductor pain,2015-02-12,2015-03-09,26,7.0
45034,42460,15/16,Ankle sprain,2016-01-25,2016-01-28,4,1.0
45034,42460,15/16,Leg injury,2016-06-13,2016-06-16,4,
45034,42460,17/18,Shoulder injury,2018-02-12,2018-02-23,12,1.0
45034,42460,19/20,influenza,2019-09-27,2019-09-30,4,1.0
45034,42460,19/20,Ankle injury,2020-02-04,2020-03-30,56,8.0
45034,42460,19/20,Knock,2020-06-14,2020-06-22,9,2.0
45034,42460,20/21,Muscle fatigue,2021-04-02,2021-04-11,10,2.0
45034,42460,20/21,Corona virus,2021-06-26,2021-07-14,19,1.0
45034,42460,21/22,Muscle fatigue,2022-03-04,2022-03-08,5,1.0
45034,42460,21/22,Leg injury,2022-05-22,2022-06-26,36,4.0
45034,42460,23/24,Cruciate ligament tear,2023-09-20,2024-02-28,162,27.0
45076,57420,16/17,Dead leg,2017-01-01,2017-01-13,13,2.0
45076,57420,16/17,Knee injury,2017-03-16,2017-03-31,16,2.0
45076,57420,16/17,Knock,2017-05-18,2017-05-31,14,1.0
45076,57420,18/19,Pelvic injury,2018-09-13,2018-09-27,15,3.0
45076,57420,18/19,Pubalgia,2019-03-31,2019-04-26,27,4.0
45076,57420,19/20,Knock,2019-10-24,2019-11-05,13,2.0
45076,57420,19/20,Ill,2019-11-20,2019-11-30,11,1.0
45076,57420,19/20,Dead leg,2020-01-26,2020-02-06,12,3.0
45076,57420,20/21,Knee injury,2020-09-09,2020-09-25,17,2.0
45076,57420,20/21,unknown injury,2020-10-30,2020-11-01,3,
45076,57420,20/21,Foot injury,2020-11-26,2021-01-15,51,8.0
45076,57420,20/21,Knee injury,2021-04-12,2021-04-29,18,2.0
45076,57420,20/21,Knee injury,2021-05-17,2021-05-31,15,1.0
45076,57420,21/22,unknown injury,2021-06-30,2021-10-03,96,
45076,57420,21/22,Ill,2022-01-29,2022-02-03,6,1.0
45124,45403,11/12,Shoulder injury,2012-04-24,2012-07-24,92,7.0
45124,45403,13/14,Meniscus damage,2013-11-22,2014-02-06,77,23.0
45124,45403,14/15,Adductor injury,2014-11-20,2014-12-05,16,3.0
45124,45403,16/17,Hamstring injury,2016-08-16,2016-10-25,71,15.0
45124,45403,17/18,Ill,2017-11-16,2017-11-24,9,1.0
45124,45403,17/18,Hamstring injury,2018-01-16,2018-02-10,26,5.0
45124,45403,18/19,unknown injury,2018-08-01,2018-08-10,10,1.0
45124,45403,18/19,Broken finger,2018-11-25,2018-12-14,20,5.0
45124,45403,18/19,unknown injury,2019-05-20,2019-05-27,8,1.0
45268,46001,15/16,Groin injury,2015-08-15,2015-08-24,10,1.0
45268,46001,18/19,Hamstring injury,2018-07-29,2018-08-10,13,
45268,46001,18/19,Hamstring injury,2018-08-28,2018-09-26,30,6.0
45268,46001,18/19,Knock,2018-12-24,2018-12-25,2,
45268,46001,18/19,Groin strain,2019-01-13,2019-01-29,17,2.0
45268,46001,18/19,Groin injury,2019-04-19,2019-04-29,11,3.0
45268,46001,19/20,Knee surgery,2020-01-02,2020-03-20,79,15.0
45268,46001,22/23,Hamstring injury,2022-08-10,2022-09-08,30,5.0
45268,46001,25/26,unknown injury,2026-02-03,2026-02-27,25,7.0
45268,46001,25/26,Muscle strain,2026-03-21,2026-05-18,59,7.0
46483,56810,10/11,Foot surgery,2011-03-03,2011-06-06,96,9.0
46483,56810,12/13,Torn muscle fiber in the adductor area,2012-12-06,2012-12-13,8,2.0
46483,56810,13/14,Ankle injury,2013-08-08,2013-08-15,8,
46483,56810,13/14,Bruised back,2013-12-02,2013-12-05,4,
46483,56810,15/16,minor knock,2016-02-22,2016-02-29,8,1.0
46483,56810,16/17,Muscle injury,2016-10-03,2016-10-31,29,6.0
46483,56810,16/17,Cervical spine injury,2017-01-09,2017-01-13,5,
46483,56810,16/17,Torn lateral knee ligament,2017-02-20,2017-04-11,51,7.0
46483,56810,17/18,Rib fracture,2017-08-26,2017-09-01,7,2.0
46483,56810,19/20,Knock,2020-02-25,2020-03-02,7,
46483,56810,20/21,Bruised knee,2021-05-11,2021-05-21,11,2.0
46695,55687,09/10,Ankle injury,2010-03-24,2010-04-03,11,1.0
46695,55687,13/14,Shin injury,2013-10-06,2013-12-06,62,8.0
46695,55687,15/16,Bruise on ankle,2015-12-03,2015-12-18,16,2.0
46695,55687,16/17,Knee injury,2016-09-15,2017-07-01,290,40.0
46695,55687,19/20,Foot bruise,2019-09-21,2019-10-20,30,4.0
46695,55687,21/22,Ankle injury,2022-02-26,2022-03-02,5,1.0
46695,55687,21/22,Overstretching,2022-03-06,2022-03-17,12,1.0
46695,55687,22/23,Calf injury,2023-05-21,2023-06-30,41,2.0
46695,55687,23/24,Knee injury,2023-09-23,2023-10-23,31,5.0
46695,55687,23/24,Muscle injury,2024-01-17,2024-03-05,49,11.0
47390,67416,12/13,Ankle injury,2012-09-01,2013-04-20,232,44.0
47390,67416,13/14,Hamstring injury,2013-08-22,2013-09-23,33,8.0
47390,67416,16/17,Groin strain,2016-12-20,2016-12-31,12,1.0
47390,67416,16/17,Broken cheekbone,2017-01-11,2017-02-04,25,3.0
47390,67416,19/20,Hamstring injury,2020-07-13,2020-07-25,13,2.0
47431,52769,19/20,Calf injury,2020-03-05,2020-03-07,3,
47431,52769,19/20,Ankle injury,2020-07-31,2020-08-13,14,2.0
47431,52769,20/21,Calf injury,2020-10-18,2020-10-31,14,2.0
47431,52769,20/21,Calf injury,2020-11-23,2020-11-28,6,1.0
47431,52769,20/21,Ill,2020-12-25,2021-01-01,8,2.0
47431,52769,22/23,Calf injury,2022-09-29,2022-10-12,14,2.0
47431,52769,22/23,Thigh problems,2023-03-10,2023-03-13,4,1.0
47431,52769,22/23,Muscle tear,2023-04-25,2023-05-02,8,2.0
47431,52769,23/24,Achilles tendon problems,2023-08-24,2023-09-01,9,
47431,52769,23/24,Hamstring injury,2023-12-20,2023-12-30,11,
47431,52769,24/25,Ankle injury,2024-10-04,2024-10-21,18,2.0
47431,52769,24/25,Muscle injury,2024-10-28,2024-11-15,19,4.0
47431,52769,25/26,Broken foot,2025-09-29,2025-11-24,57,10.0
47431,52769,25/26,Muscle injury,2026-02-16,2026-03-15,28,3.0
47431,52769,25/26,Hamstring injury,2026-03-23,2026-04-27,36,8.0
48332,16408,14/15,Foot injury,2015-05-25,2015-06-07,14,1.0
48332,16408,15/16,unknown injury,2016-06-04,2016-06-30,27,1.0
48332,16408,16/17,Broken finger,2017-03-12,2017-04-02,22,2.0
48332,16408,19/20,flu,2019-12-21,2019-12-25,5,1.0
48332,16408,19/20,Ankle sprain,2020-01-13,2020-01-16,4,1.0
48615,55742,15/16,Hip injury,2015-06-07,2015-10-25,141,16.0
48615,55742,15/16,unknown injury,2016-03-20,2016-04-29,41,6.0
48615,55742,16/17,Knee injury,2016-10-15,2016-10-21,7,
48615,55742,18/19,Knock,2018-09-16,2018-09-21,6,
48615,55742,18/19,Knock,2018-10-21,2018-11-02,13,1.0
48615,55742,18/19,Knock,2019-01-02,2019-01-11,10,1.0
48615,55742,18/19,Groin strain,2019-01-13,2019-01-28,16,1.0
48615,55742,18/19,Muscle strain,2019-01-30,2019-02-08,10,1.0
48615,55742,18/19,Knock,2019-03-28,2019-03-30,3,
48615,55742,18/19,Muscle strain,2019-04-14,2019-05-31,48,5.0
48615,55742,19/20,Shin injury,2019-10-19,2020-01-03,77,16.0
48615,55742,20/21,Ankle injury,2020-10-24,2020-11-03,11,2.0
48717,37526,13/14,Ankle sprain,2013-11-04,2014-01-28,86,18.0
48717,37526,14/15,Hamstring injury,2015-01-31,2015-02-22,23,3.0
48717,37526,14/15,Hamstring injury,2015-03-04,2015-04-04,32,3.0
48717,37526,14/15,Hamstring strain,2015-04-24,2015-05-15,22,3.0
48717,37526,15/16,Hip problems,2015-10-03,2015-11-07,36,3.0
48717,37526,15/16,Hamstring injury,2015-12-09,2016-01-05,28,5.0
48717,37526,15/16,Hamstring injury,2016-02-09,2016-03-13,34,5.0
48717,37526,16/17,Adductor pain,2017-03-18,2017-04-20,34,6.0
48717,37526,17/18,Calf strain,2017-08-19,2017-09-11,24,5.0
48717,37526,17/18,Groin problems,2018-01-10,2018-02-02,24,5.0
48717,37526,17/18,Tonsillitis,2018-02-06,2018-02-11,6,1.0
48717,37526,17/18,Knee injury,2018-03-03,2019-06-30,485,56.0
48717,37526,18/19,Knee injury,2019-03-04,2019-08-09,159,9.0
48717,37526,19/20,Knee injury,2019-08-17,2019-10-29,74,11.0
48717,37526,19/20,Knock,2019-12-24,2019-12-27,4,1.0
48760,52059,09/10,Knee surgery,2009-09-24,2009-11-03,41,9.0
48760,52059,11/12,Knee surgery,2011-09-11,2012-04-08,211,34.0
48760,52059,12/13,Ankle injury,2012-09-28,2012-10-04,7,2.0
48760,52059,18/19,Knock,2018-08-14,2018-08-24,11,1.0
48760,52059,18/19,Ill,2019-04-28,2019-05-31,34,2.0
48760,52059,21/22,Leg injury,2021-11-07,2022-02-20,106,20.0
48760,52059,21/22,Muscle injury,2021-11-18,2022-02-20,95,18.0
48760,52059,21/22,Groin injury,2022-04-15,2022-05-23,39,6.0
48760,52059,25/26,Leg injury,2025-09-11,2025-09-18,8,1.0
48773,45509,11/12,Torn muscle fiber,2011-11-07,2012-01-02,57,9.0
48773,45509,13/14,collapsed lung,2013-08-12,2013-09-12,32,6.0
48773,45509,13/14,Thigh problems,2013-11-21,2013-12-23,33,8.0
48773,45509,13/14,Hamstring strain,2014-01-18,2014-01-30,13,3.0
48773,45509,13/14,Hamstring injury,2014-03-17,2014-05-01,46,7.0
48773,45509,14/15,Hamstring strain,2014-09-04,2015-02-08,158,30.0
48773,45509,14/15,collapsed lung,2015-02-09,2015-04-24,75,16.0
48773,45509,14/15,Hamstring strain,2015-05-02,2015-05-24,23,2.0
48773,45509,16/17,Calf injury,2016-10-22,2016-11-18,28,5.0
48773,45509,16/17,Groin injury,2016-12-19,2017-01-12,25,
48773,45509,17/18,Calf injury,2018-05-05,2018-05-20,16,1.0
48773,45509,17/18,Calf injury,2018-06-20,2018-07-02,13,
48773,45509,19/20,Fitness,2019-07-01,2019-09-13,75,9.0
48773,45509,21/22,unknown injury,2021-10-01,2021-10-10,10,1.0
48773,45509,21/22,unknown injury,2021-11-01,2021-11-30,30,3.0
48844,73396,18/19,concussion,2019-03-18,2019-03-27,10,2.0
48844,73396,19/20,Stomach flu,2020-01-25,2020-01-29,5,1.0
48844,73396,19/20,Head injury,2020-07-02,2020-07-07,6,1.0
48844,73396,19/20,Muscle fatigue,2020-07-21,2020-07-24,4,1.0
48844,73396,20/21,muscular problems,2020-11-14,2020-11-20,7,
48844,73396,20/21,Adductor pain,2021-02-13,2021-02-26,14,3.0
48844,73396,20/21,Finger injury,2021-03-30,2021-04-03,5,
48844,73396,20/21,Muscle injury,2021-04-11,2021-05-06,26,4.0
48844,73396,21/22,Calf injury,2022-01-13,2022-01-21,9,2.0
48844,73396,21/22,Stomach flu,2022-01-31,2022-02-03,4,1.0
48844,73396,21/22,influenza,2022-04-17,2022-04-20,4,1.0
48844,73396,22/23,Elbow injury,2023-01-14,2023-11-30,321,53.0
48844,73396,23/24,Torn thigh muscle,2024-02-01,2024-02-26,26,4.0
48844,73396,24/25,Muscle injury,2024-08-05,2024-10-18,75,13.0
48844,73396,24/25,Leg injury,2025-01-29,2025-03-03,34,5.0
48860,12359,12/13,flu,2012-09-14,2012-09-21,8,1.0
48860,12359,14/15,Fever,2014-04-17,2014-04-20,4,1.0
48860,12359,14/15,flu,2014-11-01,2014-11-07,7,1.0
48860,12359,21/22,unknown injury,2021-08-26,2021-09-10,16,1.0
48860,12359,21/22,Back problems,2021-10-07,2021-10-15,9,
48860,12359,21/22,Back problems,2021-11-25,2021-12-13,19,4.0
48860,12359,22/23,unknown injury,2022-10-07,2022-10-23,17,3.0
48860,12359,22/23,unknown injury,2022-11-10,2022-11-29,20,2.0
48860,12359,22/23,Calf injury,2023-03-09,2023-05-11,64,8.0
48860,12359,23/24,Calf injury,2023-09-22,2023-10-22,31,5.0
49013,59866,16/17,Calf strain,2017-03-18,2017-04-07,21,3.0
49013,59866,17/18,Hamstring injury,2017-10-14,2017-11-25,43,10.0
49013,59866,18/19,Back problems,2018-11-27,2018-12-03,7,2.0
49013,59866,18/19,Groin injury,2019-04-16,2019-05-03,18,2.0
49013,59866,19/20,Torn thigh muscle,2019-08-19,2019-10-14,57,6.0
49013,59866,19/20,Torn thigh muscle,2019-12-03,2020-01-20,49,7.0
49013,59866,19/20,Thigh problems,2020-03-02,2020-03-16,15,1.0
49013,59866,19/20,Muscle injury,2020-07-02,2020-07-14,13,
49013,59866,20/21,Knee collateral ligament strain,2021-03-13,2021-04-01,20,1.0
49013,59866,21/22,muscular problems,2021-08-07,2021-08-24,18,3.0
49013,59866,21/22,Muscle injury,2021-11-24,2021-12-01,8,1.0
49013,59866,22/23,Achilles tendon surgery,2022-08-06,2023-02-27,206,20.0
49013,59866,22/23,unknown injury,2023-04-03,2023-04-28,26,4.0
49013,59866,23/24,unknown injury,2023-08-20,2023-09-06,18,3.0
49013,59866,23/24,unknown injury,2024-03-15,2024-04-27,44,7.0
49195,77932,09/10,Inflammation of pubic bone,2009-10-21,2009-11-21,32,3.0
49195,77932,14/15,Torn muscle fiber,2014-12-27,2015-01-27,32,5.0
49195,77932,14/15,Hamstring strain,2015-03-29,2015-04-18,21,2.0
49195,77932,15/16,Thigh problems,2015-08-30,2015-09-11,13,2.0
49195,77932,16/17,Hamstring injury,2016-09-30,2016-11-04,36,6.0
49195,77932,16/17,Broken hand,2016-11-07,2016-11-25,19,3.0
49195,77932,16/17,Hamstring injury,2016-12-27,2017-02-28,64,9.0
49195,77932,16/17,Torn muscle fiber,2017-05-01,2017-09-20,143,13.0
49195,77932,17/18,Calf injury,2017-09-25,2017-11-16,53,7.0
49195,77932,18/19,Hamstring injury,2018-09-14,2018-10-15,32,7.0
49202,61549,17/18,Groin injury,2018-01-03,2018-02-02,31,5.0
49202,61549,17/18,Shoulder injury,2018-02-12,2018-06-30,139,12.0
49202,61549,18/19,fatigue fracture,2018-10-24,2019-04-01,160,30.0
49277,63342,11/12,Groin problems,2011-12-05,2011-12-15,11,2.0
49277,63342,12/13,Tear of the lateral meniscus,2012-09-08,2012-11-13,67,19.0
49277,63342,13/14,Hamstring injury,2014-02-27,2014-04-10,43,7.0
49277,63342,13/14,Thigh problems,2014-06-24,2014-07-10,17,
49277,63342,14/15,Inner ligament injury,2015-02-10,2015-04-25,75,10.0
49277,63342,17/18,Achilles tendon surgery,2018-02-03,2018-08-10,189,21.0
49277,63342,18/19,unknown injury,2019-01-29,2019-05-31,123,20.0
49277,63342,19/20,Rest,2019-08-10,2019-08-16,7,2.0
49277,63342,19/20,Rest,2019-09-25,2019-09-27,3,1.0
49277,63342,20/21,Hamstring injury,2020-10-18,2020-12-09,53,11.0
49277,63342,20/21,Calf injury,2021-03-18,2021-04-03,17,1.0
49277,63342,21/22,unknown injury,2021-07-07,2021-07-16,10,
49277,63342,21/22,Ill,2021-11-26,2021-12-07,12,3.0
49384,57079,09/10,Achilles tendon problems,2009-12-31,2010-01-28,29,5.0
49384,57079,10/11,Ankle injury,2010-09-09,2010-12-06,89,9.0
49384,57079,11/12,Tendon rupture,2012-02-06,2012-03-01,25,4.0
49384,57079,12/13,Hamstring injury,2012-10-11,2013-01-17,99,23.0
49384,57079,12/13,Hamstring injury,2013-03-04,2013-04-08,36,5.0
49384,57079,13/14,Thigh problems,2013-09-23,2013-10-24,32,6.0
49384,57079,15/16,Knock,2015-12-31,2016-01-12,13,2.0
49384,57079,16/17,Hamstring injury,2016-11-03,2016-12-31,59,8.0
49384,57079,16/17,Calf strain,2017-04-28,2017-05-05,8,1.0
49384,57079,22/23,Groin injury,2023-01-19,2023-02-23,36,5.0
49384,57079,22/23,concussion,2023-04-25,2023-04-30,6,1.0
49384,57079,23/24,Hamstring injury,2023-09-25,2023-12-13,80,8.0
49384,57079,23/24,Calf muscle tear,2024-01-07,2024-02-29,54,7.0
49384,57079,23/24,Ill,2024-03-02,2024-03-11,10,2.0
49413,61592,08/09,Knee problems,2008-08-18,2008-09-01,15,3.0
49413,61592,14/15,Shoulder injury,2015-03-12,2015-05-24,74,9.0
49413,61592,15/16,Calf injury,2016-02-06,2016-04-01,56,8.0
49413,61592,16/17,Groin strain,2016-12-09,2016-12-31,23,4.0
49413,61592,18/19,Calf strain,2018-08-22,2018-09-14,24,3.0
49413,61592,18/19,Knee injury,2018-11-11,2018-11-23,13,
49413,61592,18/19,Hamstring strain,2019-01-31,2019-02-01,2,
49413,61592,18/19,Calf strain,2019-02-03,2019-02-22,20,1.0
49413,61592,18/19,Groin injury,2019-04-07,2019-09-13,160,10.0
49413,61592,19/20,Hamstring injury,2020-02-09,2020-10-25,260,19.0
49413,61592,20/21,Hip injury,2020-11-06,2020-11-26,21,4.0
49413,61592,20/21,Ill,2021-01-18,2021-05-12,115,27.0
49438,57207,11/12,unknown injury,2011-08-14,2011-12-30,139,
49438,57207,14/15,Thigh problems,2014-09-20,2014-10-03,14,1.0
49438,57207,14/15,Torn muscle fiber,2014-10-17,2014-11-13,28,4.0
49438,57207,14/15,Hamstring strain,2015-02-28,2015-04-25,57,6.0
49438,57207,17/18,Muscle injury,2018-04-01,2018-04-25,25,3.0
49438,57207,17/18,Hamstring strain,2018-04-29,2018-06-08,41,6.0
49438,57207,18/19,Foot injury,2018-07-22,2018-09-14,55,9.0
49438,57207,18/19,unknown injury,2019-05-01,2019-06-25,56,11.0
49438,57207,19/20,unknown injury,2019-07-01,2019-09-18,80,2.0
49438,57207,19/20,Muscle injury,2020-06-15,2020-08-10,57,13.0
49438,57207,22/23,Hamstring injury,2023-03-18,2023-06-30,105,11.0
49440,65976,17/18,strain,2017-10-09,2017-10-28,20,2.0
49440,65976,17/18,concussion,2018-03-18,2018-04-20,34,5.0
49440,65976,20/21,Knock,2020-09-23,2020-09-26,4,
49440,65976,20/21,Broken arm,2020-10-06,2020-11-20,46,10.0
49440,65976,20/21,Arm injury,2020-11-30,2021-01-15,47,8.0
49464,59323,19/20,Pubic bone irritation,2019-08-16,2019-08-27,12,2.0
49464,59323,19/20,Rest,2020-01-10,2020-01-12,3,1.0
49464,59323,20/21,Knee injury,2020-10-05,2020-10-22,18,3.0
49464,59323,20/21,unknown injury,2020-10-30,2020-11-29,31,7.0
49464,59323,20/21,Adductor injury,2021-01-02,2021-01-12,11,3.0
49464,59323,20/21,Adductor pain,2021-03-14,2021-03-25,12,1.0
49464,59323,20/21,Hamstring injury,2021-05-21,2021-06-11,22,4.0
49464,59323,21/22,muscular problems,2021-09-10,2021-09-16,7,1.0
49464,59323,21/22,Corona virus,2022-01-01,2022-01-08,8,2.0
49464,59323,21/22,Corona virus,2022-01-21,2022-01-26,6,1.0
49464,59323,22/23,heart problems,2022-09-02,2022-09-25,24,3.0
49464,59323,22/23,Thigh problems,2023-04-27,2023-05-03,7,1.0
49464,59323,23/24,unknown injury,2024-04-18,2024-05-18,31,5.0
49464,59323,25/26,Calf injury,2025-11-26,2026-01-07,43,6.0
49464,59323,25/26,Muscle injury,2026-01-12,2026-01-28,17,2.0
49539,66219,13/14,Dead leg,2013-11-03,2013-11-07,5,
49539,66219,14/15,Ankle injury,2014-10-04,2014-10-27,24,
49539,66219,14/15,Ankle injury,2015-04-07,2015-05-22,46,6.0
49539,66219,21/22,Corona virus,2021-08-13,2021-08-23,11,3.0
49539,66219,23/24,Hamstring injury,2024-03-16,2024-05-30,76,8.0
49688,77737,12/13,unknown injury,2012-09-02,2012-09-26,25,2.0
49688,77737,15/16,Hamstring injury,2015-11-04,2015-11-18,15,3.0
49688,77737,23/24,unknown injury,2024-04-27,2024-05-31,35,5.0
49696,26456,12/13,Thigh problems,2012-11-21,2012-12-14,24,5.0
49696,26456,14/15,Knee injury,2015-03-11,2015-05-24,75,9.0
49696,26456,15/16,Hamstring injury,2015-08-19,2015-09-19,32,3.0
49696,26456,16/17,Cruciate ligament tear,2017-02-25,2017-09-23,211,18.0
49696,26456,19/20,Torn muscle bundle,2019-08-22,2019-09-17,27,4.0
49696,26456,19/20,strain,2019-11-23,2019-11-28,6,1.0
49696,26456,19/20,Stomach problems,2019-12-06,2019-12-10,5,1.0
49696,26456,19/20,Calf injury,2020-01-28,2020-02-12,16,2.0
49696,26456,19/20,Hamstring injury,2020-03-12,2020-03-31,20,1.0
49696,26456,20/21,Torn muscle bundle,2020-10-15,2020-11-02,19,2.0
49696,26456,20/21,Calf injury,2021-04-18,2021-05-19,32,8.0
49696,26456,20/21,Muscle injury,2021-10-08,2021-10-22,15,3.0
49696,26456,22/23,Cruciate ligament tear,2023-02-20,2023-09-30,223,17.0
49944,61832,20/21,Virus,2020-11-21,2020-12-11,21,3.0
49957,37920,12/13,unknown injury,2013-03-10,2013-03-18,9,1.0
49957,37920,12/13,unknown injury,2013-03-30,2013-04-08,10,1.0
49957,37920,13/14,unknown injury,2013-08-19,2013-09-16,29,5.0
49957,37920,13/14,unknown injury,2013-09-22,2013-11-05,45,9.0
49957,37920,14/15,Broken hand,2014-11-14,2015-01-22,70,17.0
49957,37920,15/16,muscular problems,2016-04-29,2016-05-05,7,1.0
49957,37920,16/17,muscular problems,2016-08-21,2016-09-19,30,4.0
49957,37920,16/17,cold,2016-11-21,2016-11-28,8,1.0
49957,37920,16/17,Back problems,2016-12-12,2016-12-15,4,1.0
49957,37920,17/18,Broken finger,2017-12-27,2018-02-14,50,7.0
49957,37920,20/21,Back injury,2020-09-18,2020-12-01,75,10.0
49957,37920,21/22,unknown injury,2021-10-24,2021-11-10,18,2.0
49957,37920,21/22,unknown injury,2022-02-27,2022-03-03,5,
50089,31642,14/15,Groin surgery,2014-08-27,2014-10-06,41,7.0
50089,31642,16/17,Knee injury,2016-10-22,2017-02-25,127,21.0
50089,31642,17/18,concussion,2017-10-29,2017-12-02,35,4.0
50175,67063,15/16,Cartilage damage,2016-05-09,2017-01-02,239,41.0
50175,67063,16/17,Toe injury,2017-04-17,2017-04-20,4,1.0
50175,67063,17/18,Hip injury,2017-09-18,2017-10-12,25,6.0
50175,67063,17/18,Groin strain,2017-10-16,2017-11-18,34,8.0
50175,67063,18/19,Ankle injury,2018-11-09,2019-05-31,204,40.0
50175,67063,19/20,Hamstring injury,2019-10-20,2020-01-31,104,18.0
50175,67063,20/21,bruise,2020-10-20,2020-10-25,6,
50175,67063,20/21,Knee problems,2020-12-30,2021-02-05,38,8.0
50175,67063,21/22,Hamstring injury,2021-07-24,2021-08-27,35,3.0
50175,67063,21/22,Hamstring injury,2021-09-27,2021-12-25,90,11.0
50175,67063,22/23,unknown injury,2022-12-23,2023-01-04,13,3.0
50175,67063,22/23,Calf injury,2023-02-04,2023-02-04,1,
50175,67063,23/24,Hamstring injury,2023-10-21,2023-12-16,57,11.0
50175,67063,24/25,unknown injury,2024-12-11,2025-01-10,31,5.0
50175,67063,25/26,Back problems,2025-12-19,2025-12-21,3,1.0
50229,77274,13/14,Broken leg,2014-02-02,2014-06-02,121,23.0
50229,77274,16/17,Hamstring injury,2017-02-11,2017-04-04,53,7.0
50229,77274,16/17,Hamstring injury,2017-04-25,2017-06-30,67,6.0
50229,77274,17/18,Hamstring injury,2017-11-30,2017-12-25,26,5.0
50229,77274,17/18,Hamstring injury,2018-01-01,2018-01-12,12,2.0
50229,77274,20/21,Virus,2021-01-04,2021-01-25,22,3.0
50229,77274,22/23,Leg injury,2023-01-27,2023-06-01,126,19.0
50232,71292,18/19,Knock,2018-11-04,2018-11-25,22,1.0
50232,71292,18/19,Hamstring strain,2018-12-07,2018-12-28,22,4.0
50232,71292,18/19,Hamstring strain,2019-01-06,2019-03-08,62,10.0
50232,71292,19/20,Knee injury,2019-08-12,2019-08-16,5,
50232,71292,19/20,Hamstring injury,2019-09-22,2019-10-05,14,1.0
50232,71292,19/20,Calf injury,2019-12-09,2019-12-20,12,1.0
50232,71292,19/20,Hamstring strain,2020-01-18,2020-02-28,42,5.0
50232,71292,20/21,Groin injury,2020-10-19,2020-11-20,33,3.0
50232,71292,20/21,Groin injury,2020-12-23,2020-12-29,7,1.0
50232,71292,20/21,Hamstring injury,2021-01-04,2021-01-17,14,2.0
50232,71292,21/22,Calf injury,2021-08-15,2021-10-15,62,7.0
50232,71292,21/22,Muscle injury,2021-12-17,2021-12-26,10,1.0
50232,71292,21/22,Calf problems,2022-05-01,2022-05-25,25,3.0
50232,71292,22/23,Hamstring injury,2022-07-26,2022-10-10,77,10.0
50232,71292,23/24,Muscle contusion,2024-04-21,2024-04-28,8,1.0
50471,41416,15/16,Ankle injury,2016-02-02,2016-04-19,78,14.0
50471,41416,16/17,Groin problems,2016-08-30,2016-09-09,11,1.0
50471,41416,18/19,Knock,2018-10-29,2018-11-03,6,1.0
50471,41416,19/20,Knock,2019-09-01,2019-09-21,21,1.0
50471,41416,19/20,Back injury,2019-11-04,2019-11-08,5,
50471,41416,20/21,Knock,2021-01-27,2021-05-31,125,18.0
50472,45333,10/11,unknown injury,2010-10-23,2011-01-10,80,16.0
50472,45333,14/15,Hamstring injury,2014-11-09,2014-12-06,28,4.0
50472,45333,14/15,Hamstring injury,2014-12-28,2015-01-31,35,5.0
50472,45333,16/17,Groin strain,2016-08-23,2016-10-05,44,8.0
50472,45333,16/17,Hamstring injury,2016-12-19,2017-01-07,20,3.0
50472,45333,16/17,Hamstring injury,2017-03-24,2017-06-30,99,13.0
50472,45333,17/18,Knee injury,2017-07-26,2017-10-24,91,22.0
50472,45333,17/18,Hamstring injury,2017-10-25,2017-12-14,51,20.0
50472,45333,17/18,Tibia and fibula fracture,2018-01-20,2019-01-05,351,46.0
50472,45333,20/21,Hamstring injury,2020-10-10,2020-11-06,28,3.0
51344,77001,13/14,Thigh problems,2014-01-23,2014-01-30,8,1.0
51344,77001,18/19,Ill,2018-10-21,2018-11-05,16,1.0
51344,77001,18/19,Back injury,2018-11-07,2018-12-30,54,9.0
51507,76277,14/15,Calf injury,2014-12-04,2014-12-29,26,4.0
51507,76277,15/16,Back problems,2015-08-24,2015-08-31,8,1.0
51507,76277,15/16,Knock,2016-02-29,2016-03-14,15,4.0
51507,76277,16/17,Thigh problems,2017-02-16,2017-03-02,15,1.0
51507,76277,17/18,Achilles tendon problems,2017-10-05,2017-10-12,8,2.0
51507,76277,17/18,Knock,2018-01-01,2018-01-18,18,4.0
51507,76277,17/18,Achilles tendon rupture,2018-05-04,2018-11-19,200,21.0
51507,76277,18/19,Back injury,2019-01-06,2019-01-11,6,
51507,76277,18/19,Facial injury,2019-01-26,2019-02-01,7,1.0
51507,76277,18/19,Knock,2019-02-22,2019-02-23,2,
51507,76277,18/19,Knee injury,2019-03-01,2019-03-01,1,
51507,76277,18/19,Foot injury,2019-03-15,2019-04-14,31,2.0
51507,76277,20/21,Groin strain,2020-10-05,2020-10-30,26,2.0
51507,76277,20/21,Muscle strain,2020-12-02,2021-01-01,31,5.0
51507,76277,20/21,Tendon tear,2021-04-19,2021-05-17,29,4.0
51927,74810,12/13,Knee injury,2012-12-02,2013-03-06,95,17.0
51927,74810,17/18,Shin injury,2018-04-05,2018-06-01,58,7.0
51927,74810,20/21,Hamstring strain,2020-07-03,2020-11-05,126,15.0
51927,74810,20/21,Head injury,2021-02-14,2021-02-21,8,1.0
51927,74810,21/22,Hairline fracture in the fibula,2022-03-01,2022-06-30,122,13.0
51927,74810,23/24,Muscle injury,2023-09-26,2023-10-20,25,3.0
51927,74810,23/24,Ankle injury,2024-02-26,2024-06-30,126,12.0
51927,74810,24/25,Muscle injury,2024-12-27,2025-01-14,19,3.0
51927,74810,25/26,Hand injury,2025-12-03,2026-01-08,37,7.0
51934,21327,10/11,Shoulder injury,2011-03-11,2011-04-05,26,2.0
51934,21327,19/20,Quarantine,2020-03-12,2020-03-26,15,
51934,21327,21/22,Muscle injury,2021-10-15,2021-12-27,74,9.0
51938,61560,12/13,Metatarsal fracture,2012-07-13,2012-09-24,74,6.0
51938,61560,12/13,Foot injury,2013-01-05,2013-03-31,86,18.0
51938,61560,13/14,Groin problems,2014-05-04,2014-05-13,10,2.0
51938,61560,18/19,Hamstring injury,2019-02-01,2019-04-12,71,9.0
51938,61560,19/20,Knock,2020-07-13,2020-07-25,13,2.0
51940,59377,14/15,Finger injury,2014-11-19,2014-11-20,2,
51940,59377,14/15,Hamstring injury,2015-05-19,2015-06-10,23,1.0
51940,59377,15/16,Knee injury,2016-02-18,2016-02-28,11,3.0
51940,59377,16/17,Stomach flu,2017-06-05,2017-06-10,6,1.0
51940,59377,19/20,Groin strain,2019-10-16,2019-10-19,4,
51940,59377,20/21,Knee injury,2020-11-30,2020-12-01,2,
51940,59377,25/26,Finger injury,2026-02-15,2026-02-21,7,1.0
51943,95795,12/13,Broken finger,2013-03-14,2013-04-07,25,2.0
52153,76799,10/11,unknown injury,2011-02-06,2011-02-20,15,2.0
52153,76799,11/12,Foot surgery,2011-08-22,2011-11-19,90,13.0
52153,76799,11/12,Broken toe,2011-10-01,2011-11-01,32,6.0
52153,76799,11/12,Fever,2012-03-24,2012-03-30,7,1.0
52153,76799,12/13,unknown injury,2012-09-13,2012-10-07,25,7.0
52153,76799,12/13,Thigh problems,2012-10-07,2012-10-24,18,2.0
52153,76799,12/13,fracture,2013-03-02,2013-03-18,17,2.0
52153,76799,13/14,contortion,2013-10-20,2013-11-10,22,5.0
52153,76799,14/15,unknown injury,2014-10-19,2014-10-27,9,2.0
52153,76799,16/17,Knock,2017-05-02,2017-05-23,22,4.0
52153,76799,17/18,Foot bruise,2017-11-25,2018-02-21,89,16.0
52153,76799,17/18,Knock,2018-05-10,2018-06-01,23,1.0
52153,76799,18/19,Ill,2019-02-25,2019-03-04,8,2.0
52153,76799,18/19,Dental surgery,2019-04-26,2019-05-06,11,2.0
52287,53359,10/11,Muscle tear,2011-04-24,2011-05-21,28,3.0
52538,51174,17/18,Knee medial ligament tear,2017-12-24,2018-02-21,60,9.0
52538,51174,18/19,Hamstring strain,2018-10-19,2018-11-19,32,5.0
52538,51174,18/19,Knee problems,2019-02-14,2019-03-18,33,7.0
52538,51174,19/20,Groin injury,2019-11-25,2019-12-05,11,2.0
52538,51174,19/20,Adductor injury,2020-03-02,2020-04-30,60,1.0
52538,51174,21/22,Ankle injury,2022-02-28,2022-07-01,124,14.0
52538,51174,22/23,Mononucleation,2022-09-18,2022-11-03,47,10.0
52538,51174,23/24,muscular problems,2023-08-25,2023-09-11,18,1.0
52538,51174,23/24,Groin problems,2023-10-23,2023-10-27,5,1.0
52538,51174,23/24,Groin problems,2023-11-02,2023-11-06,5,1.0
52538,51174,23/24,Shoulder injury,2023-12-04,2024-01-28,56,11.0
52538,51174,23/24,Shoulder injury,2024-04-17,2024-04-28,12,3.0
52538,51174,24/25,Hamstring injury,2024-07-14,2024-08-13,31,6.0
52538,51174,24/25,Calf injury,2024-10-20,2024-11-20,32,4.0
52538,51174,24/25,Knee injury,2025-06-02,2025-08-15,75,9.0
52775,60577,13/14,Knee injury,2014-01-25,2014-01-28,4,1.0
52775,60577,14/15,Knee injury,2014-12-01,2014-12-06,6,1.0
52775,60577,14/15,Knee injury,2015-02-05,2015-03-31,55,9.0
52775,60577,20/21,Muscle fatigue,2021-01-21,2021-01-28,8,2.0
52775,60577,20/21,Corona virus,2021-02-26,2021-04-01,35,6.0
52775,60577,21/22,Hamstring injury,2021-11-21,2022-05-21,182,34.0
52775,60577,22/23,sprain,2022-11-29,2023-01-09,42,6.0
52775,60577,23/24,unknown injury,2024-01-24,2024-01-30,7,1.0
52940,60744,12/13,flu,2013-01-29,2013-02-01,4,1.0
52940,60744,13/14,Hip injury,2013-08-10,2013-08-24,15,4.0
52940,60744,13/14,Ill,2014-03-06,2014-03-10,5,1.0
52940,60744,13/14,unknown injury,2014-05-01,2014-05-05,5,1.0
52940,60744,13/14,Ankle injury,2014-05-18,2014-05-22,5,
52940,60744,16/17,Shoulder injury,2016-09-18,2016-10-16,29,4.0
52940,60744,16/17,Shoulder injury,2016-11-07,2016-11-18,12,2.0
52940,60744,16/17,Toe injury,2017-05-22,2017-06-30,40,3.0
52940,60744,17/18,Groin strain,2017-08-12,2017-09-07,27,5.0
52940,60744,18/19,Knee injury,2018-09-22,2018-12-28,98,14.0
52940,60744,19/20,Knee injury,2019-11-22,2020-02-22,93,16.0
52940,60744,20/21,Knee injury,2020-11-25,2021-01-08,45,
52940,60744,20/21,Knee injury,2021-01-15,2021-05-04,110,16.0
52940,60744,21/22,Knee injury,2021-07-26,2021-12-13,141,20.0
52940,60744,21/22,Knock,2022-01-20,2022-03-17,57,7.0
53371,68183,10/11,Cruciate ligament tear,2010-08-10,2010-12-15,128,18.0
53371,68183,14/15,Bruised back,2014-09-25,2014-10-06,12,2.0
54102,74223,11/12,fatigue fracture,2012-02-01,2012-05-15,105,20.0
54102,74223,11/12,Knee surgery,2012-05-22,2012-09-24,126,15.0
54102,74223,12/13,Ankle injury,2013-03-11,2013-04-10,31,6.0
54102,74223,13/14,Ankle sprain,2013-11-02,2013-11-08,7,2.0
54102,74223,13/14,Hairline crack in foot,2014-03-05,2014-05-01,58,11.0
54102,74223,14/15,Ankle injury,2014-11-22,2015-02-20,91,18.0
54102,74223,14/15,Ankle injury,2015-02-23,2015-03-31,37,8.0
54102,74223,15/16,Hairline fracture in the fibula,2015-08-01,2016-04-04,248,55.0
54102,74223,16/17,Knee injury,2016-07-31,2016-08-11,12,
54102,74223,16/17,Hairline fracture in the fibula,2017-04-16,2017-08-06,113,5.0
54102,74223,18/19,Ankle injury,2018-09-09,2018-11-30,83,11.0
54102,74223,18/19,Ankle surgery,2018-12-02,2019-04-19,139,22.0
54102,74223,19/20,Groin injury,2019-08-11,2019-08-16,6,
54102,74223,19/20,Groin injury,2019-10-23,2020-05-31,222,22.0
54102,74223,20/21,Calf injury,2020-09-11,2020-09-22,12,3.0
54284,55125,12/13,Bruised ribs,2012-07-12,2012-07-19,8,
54284,55125,12/13,Groin surgery,2012-11-30,2013-01-03,35,5.0
54284,55125,13/14,Calf injury,2014-04-17,2014-06-17,62,4.0
54284,55125,15/16,Shoulder injury,2016-03-15,2016-06-30,108,8.0
54284,55125,18/19,Shoulder injury,2018-11-10,2018-12-08,29,3.0
54284,55125,18/19,Ill,2019-02-03,2019-02-22,20,1.0
54284,55125,18/19,Knock,2019-05-06,2019-05-31,26,1.0
54284,55125,19/20,Adductor pain,2019-10-21,2019-10-31,11,2.0
54284,55125,19/20,Stomach flu,2019-12-17,2019-12-21,5,1.0
54284,55125,20/21,Torn lateral knee ligament,2020-10-20,2021-03-28,160,24.0
54284,55125,20/21,Bone edema,2020-12-14,2021-03-28,105,15.0
54284,55125,20/21,unknown injury,2021-04-10,2021-04-15,6,1.0
54284,55125,21/22,Corona virus,2021-11-01,2021-11-24,24,2.0
54284,55125,21/22,Knee medial ligament tear,2022-02-18,2022-03-27,38,4.0
54284,55125,22/23,Knee medial ligament tear,2023-05-07,2024-03-29,328,32.0
54316,54890,16/17,Hamstring strain,2017-01-07,2017-02-05,30,4.0
54316,54890,19/20,Cruciate ligament tear,2020-02-12,2020-08-12,183,16.0
54469,61841,18/19,Hamstring injury,2019-03-10,2019-04-05,27,2.0
54469,61841,18/19,Knock,2019-04-14,2019-05-03,20,2.0
54469,61841,19/20,Muscle strain,2019-09-01,2019-10-18,48,5.0
54469,61841,19/20,Ill,2019-11-24,2019-12-02,9,1.0
54469,61841,19/20,Ankle injury,2019-12-03,2020-01-18,47,7.0
54469,61841,20/21,Head injury,2020-07-10,2020-07-25,16,3.0
54469,61841,20/21,Rest,2020-09-14,2020-09-16,3,1.0
54469,61841,20/21,Knee bruise,2020-10-22,2020-10-26,5,1.0
54469,61841,21/22,Knee injury,2021-08-10,2021-09-03,25,5.0
54469,61841,21/22,Knee injury,2021-10-11,2021-12-01,52,9.0
54469,61841,21/22,Knee injury,2021-12-10,2022-02-14,67,11.0
54469,61841,24/25,Hamstring injury,2024-12-23,2025-02-24,64,11.0
54469,61841,24/25,Calf injury,2025-02-24,2025-03-28,33,4.0
54469,61841,25/26,Thigh problems,2025-08-30,2025-10-18,50,4.0
54469,61841,25/26,Head injury,2025-11-09,2025-11-12,4,
54484,76467,09/10,Torn muscle fiber,2010-03-10,2010-03-17,8,1.0
54484,76467,16/17,Muscle injury,2016-10-02,2016-10-22,21,1.0
54484,76467,17/18,Muscle injury,2017-12-08,2017-12-10,3,1.0
54484,76467,17/18,Hamstring injury,2017-12-12,2018-02-23,74,12.0
54484,76467,18/19,Hamstring injury,2019-01-20,2019-03-08,48,8.0
54484,76467,18/19,Knock,2019-04-08,2019-04-14,7,
54484,76467,19/20,Knock,2019-12-01,2019-12-04,4,
54484,76467,19/20,Hamstring injury,2020-01-02,2020-02-28,58,8.0
54513,65467,10/11,Back problems,2010-11-11,2010-12-30,50,7.0
54513,65467,14/15,Leg injury,2014-08-25,2014-08-28,4,
54513,65467,14/15,Ankle sprain,2014-10-27,2014-12-08,43,9.0
54513,65467,16/17,Knock,2017-05-06,2017-05-21,16,2.0
54513,65467,17/18,Hamstring injury,2017-08-01,2017-09-09,40,4.0
54513,65467,17/18,Hamstring injury,2018-04-07,2018-05-04,28,3.0
54513,65467,20/21,Cruciate ligament tear,2020-12-14,2021-06-14,183,39.0
54513,65467,23/24,unknown injury,2023-09-27,2023-11-05,40,6.0
54513,65467,23/24,Knock,2024-05-10,2024-05-18,9,2.0
54694,58864,17/18,Rest,2018-01-04,2018-01-08,5,
54694,58864,18/19,Ill,2018-10-01,2018-10-08,8,1.0
54694,58864,18/19,Ill,2019-02-04,2019-02-25,22,1.0
54694,58864,18/19,Nose injury,2019-04-22,2019-04-29,8,1.0
54694,58864,19/20,Knock,2020-01-02,2020-01-13,12,1.0
54694,58864,20/21,Calf injury,2020-12-17,2020-12-28,12,2.0
54694,58864,20/21,Knock,2021-01-18,2021-02-01,15,3.0
54694,58864,20/21,malaria,2021-04-08,2021-04-26,19,4.0
54694,58864,21/22,Corona virus,2021-08-02,2021-08-16,15,1.0
54694,58864,21/22,Corona virus,2022-01-03,2022-01-13,11,3.0
54694,58864,21/22,heart problems,2022-01-13,2022-01-31,19,6.0
54694,58864,22/23,Head injury,2022-08-29,2022-09-05,8,1.0
54694,58864,22/23,Back injury,2023-03-10,2023-04-09,31,6.0
54694,58864,25/26,Dead leg,2025-12-15,2025-12-28,14,1.0
54694,58864,25/26,Dead leg,2025-12-30,2026-01-02,4,1.0
54738,77757,20/21,Groin strain,2020-10-25,2020-11-09,16,3.0
54738,77757,22/23,Ankle injury,2023-01-22,2023-03-18,56,10.0
54756,77760,13/14,Knock,2013-12-05,2014-01-09,36,7.0
54756,77760,14/15,Hamstring injury,2015-01-15,2015-02-05,22,3.0
54756,77760,17/18,Cartilage damage,2017-08-21,2018-01-01,134,29.0
54756,77760,18/19,Knee problems,2018-07-29,2018-09-01,35,3.0
54756,77760,18/19,Hamstring injury,2018-10-15,2018-10-23,9,1.0
54756,77760,18/19,Knee injury,2018-11-01,2018-11-09,9,2.0
54756,77760,18/19,Knee injury,2018-11-23,2019-01-27,66,17.0
54756,77760,18/19,Muscle strain,2019-05-10,2019-05-11,2,
54756,77760,19/20,Knee injury,2019-08-08,2019-08-09,2,
54771,61891,08/09,Shoulder injury,2008-09-22,2008-12-20,90,21.0
54771,61891,08/09,strain,2009-01-24,2009-02-05,13,1.0
54771,61891,11/12,Achilles tendon rupture,2011-11-30,2012-01-01,33,7.0
54771,61891,12/13,Hamstring injury,2012-09-15,2012-11-15,62,8.0
54771,61891,16/17,concussion,2017-04-02,2017-04-09,8,2.0
54771,61891,18/19,Torn thigh muscle,2018-07-28,2018-09-14,49,4.0
54771,61891,19/20,Patellar tendon rupture,2019-10-25,2020-07-01,251,21.0
54771,61891,21/22,Ankle sprain,2022-02-14,2022-03-19,34,5.0
54771,61891,22/23,Ankle sprain,2023-05-06,2023-05-16,11,3.0
54771,61891,22/23,Knee problems,2023-06-05,2023-07-10,36,6.0
54771,61891,24/25,Adductor injury,2024-07-03,2024-07-13,11,3.0
54771,61891,24/25,Hamstring injury,2024-09-10,2024-10-03,24,4.0
54861,50201,13/14,Achilles tendon rupture,2014-04-03,2014-09-15,166,21.0
54861,50201,14/15,Fitness,2014-09-16,2014-09-26,11,1.0
54861,50201,15/16,Thigh problems,2015-09-21,2015-10-22,32,7.0
54861,50201,15/16,Outer ligament tear,2016-03-31,2016-04-27,28,7.0
54861,50201,17/18,Inner ligament injury,2017-09-23,2017-11-17,56,10.0
54861,50201,18/19,Knee injury,2018-09-01,2019-01-12,134,26.0
54861,50201,18/19,Facial injury,2019-04-28,2019-05-11,14,1.0
54861,50201,19/20,Knock,2019-12-22,2020-01-31,41,7.0
54861,50201,19/20,Hamstring strain,2020-06-24,2020-07-03,10,2.0
54861,50201,20/21,Ankle injury,2020-09-11,2020-09-25,15,3.0
54861,50201,22/23,Ankle injury,2023-05-09,2023-05-16,8,2.0
54861,50201,23/24,Knock,2024-03-02,2024-03-14,13,2.0
54861,50201,24/25,Thigh problems,2025-04-21,2025-04-29,9,1.0
54861,50201,24/25,Ankle injury,2025-05-16,2025-06-19,35,7.0
54861,50201,25/26,Thigh problems,2025-07-14,2025-07-18,5,1.0
54908,59631,20/21,Hamstring injury,2021-01-10,2021-03-13,63,15.0
54908,59631,20/21,Fitness,2021-03-13,2021-03-22,10,2.0
54908,59631,21/22,Leg injury,2021-07-02,2021-08-23,53,2.0
54908,59631,21/22,Fitness,2021-08-23,2021-08-29,7,1.0
54908,59631,21/22,unknown injury,2022-02-16,2022-02-19,4,1.0
54908,59631,21/22,unknown injury,2022-04-02,2022-04-23,22,3.0
54908,59631,21/22,Fitness,2022-04-23,2022-04-25,3,1.0
54908,59631,22/23,unknown injury,2022-07-18,2022-08-19,33,7.0
54908,59631,22/23,Adductor pain,2022-10-29,2022-11-07,10,1.0
54908,59631,22/23,Ill,2023-01-13,2023-01-19,7,2.0
54908,59631,22/23,Groin injury,2023-05-27,2023-06-30,35,1.0
54908,59631,23/24,Calf injury,2023-10-01,2023-10-25,25,2.0
54908,59631,23/24,minor knock,2023-11-09,2023-11-16,8,1.0
54908,59631,23/24,minor knock,2023-12-23,2023-12-31,9,1.0
54908,59631,23/24,Calf injury,2024-03-12,2024-06-01,82,11.0
55037,66934,07/08,fatigue fracture,2008-03-26,2008-06-01,68,7.0
55037,66934,09/10,Broken cheekbone,2009-07-01,2009-09-01,63,9.0
55037,66934,09/10,Nose surgery,2009-09-20,2009-10-25,36,5.0
55037,66934,14/15,Groin injury,2014-09-20,2014-10-19,30,5.0
55037,66934,16/17,Groin strain,2016-11-30,2016-12-14,15,2.0
55037,66934,17/18,Knee injury,2017-07-15,2017-08-23,40,2.0
55037,66934,17/18,Hamstring injury,2017-12-03,2017-12-23,21,4.0
55037,66934,18/19,Knock,2018-10-29,2018-11-03,6,1.0
55037,66934,18/19,Knock,2018-12-16,2018-12-25,10,1.0
55037,66934,18/19,Ankle injury,2019-01-31,2019-02-22,23,2.0
55037,66934,19/20,Ankle injury,2019-09-15,2019-09-21,7,
55037,66934,19/20,Head injury,2019-11-04,2019-11-08,5,
55037,66934,19/20,Ankle injury,2020-02-23,2020-02-28,6,
55037,66934,22/23,Hamstring injury,2022-11-21,2023-01-03,44,6.0
55313,66413,15/16,Hamstring strain,2015-12-03,2016-01-08,37,6.0
55313,66413,16/17,Achilles tendon irritation,2016-09-24,2016-11-17,55,5.0
55313,66413,16/17,Ankle injury,2017-04-23,2017-06-23,62,5.0
55422,90466,11/12,Knee problems,2011-07-17,2011-08-13,28,3.0
55422,90466,13/14,Hamstring strain,2014-02-08,2014-02-28,21,5.0
55422,90466,14/15,Hamstring injury,2015-02-27,2015-03-03,5,1.0
55422,90466,17/18,Knee injury,2018-03-11,2018-06-01,83,10.0
55422,90466,19/20,Knock,2019-12-08,2019-12-20,13,2.0
55422,90466,19/20,Groin injury,2020-01-12,2020-01-31,20,4.0
55452,75471,15/16,Calf muscle tear,2015-12-21,2016-02-04,46,15.0
55452,75471,16/17,Cruciate ligament tear,2016-12-05,2017-12-10,371,62.0
55452,75471,20/21,Hamstring strain,2021-02-11,2021-02-28,18,5.0
55452,75471,21/22,unknown injury,2021-11-22,2021-11-29,8,1.0
55452,75471,21/22,unknown injury,2021-12-20,2021-12-27,8,2.0
55452,75471,24/25,Knock,2025-04-07,2025-04-25,19,4.0
55452,75471,25/26,Knee problems,2025-10-19,2025-11-08,21,3.0
55452,75471,26/27,Inflammation of the pancreas,2026-08-04,,38,5.0
55459,92571,16/17,Groin strain,2016-11-30,2016-12-11,12,1.0
55459,92571,18/19,Calf injury,2018-10-28,2018-11-02,6,1.0
55459,92571,18/19,Hamstring injury,2018-12-02,2018-12-07,6,1.0
55459,92571,18/19,Hamstring injury,2019-01-20,2019-02-03,15,2.0
55459,92571,18/19,Foot injury,2019-02-06,2019-02-08,3,
55459,92571,18/19,Broken toe,2019-02-24,2019-03-01,6,1.0
55459,92571,18/19,Head injury,2019-03-03,2019-03-08,6,
55459,92571,18/19,Knee injury,2019-04-10,2019-05-31,52,5.0
55459,92571,19/20,Groin injury,2019-10-06,2019-10-24,19,1.0
55459,92571,19/20,Hamstring injury,2019-12-11,2019-12-13,3,
55459,92571,19/20,Knock,2020-01-02,2020-01-09,8,1.0
55459,92571,19/20,Knock,2020-07-23,2020-07-31,9,1.0
55459,92571,20/21,Groin injury,2020-11-01,2020-11-07,7,
55459,92571,20/21,Ankle injury,2020-12-18,2020-12-21,4,
55459,92571,24/25,Muscle injury,2025-04-04,2025-04-14,11,2.0
55494,92572,15/16,Knee injury,2015-09-10,2015-10-17,38,5.0
55494,92572,18/19,Knock,2018-10-17,2018-11-09,24,4.0
55494,92572,19/20,Knee injury,2019-11-24,2020-01-17,55,10.0
55494,92572,20/21,Groin injury,2020-10-19,2020-11-22,35,3.0
55494,92572,20/21,Knock,2021-01-31,2021-02-12,13,2.0
55494,92572,23/24,Hamstring injury,2023-12-17,2024-02-06,52,8.0
55494,92572,24/25,Calf injury,2024-12-08,2024-12-18,11,1.0
55494,92572,24/25,Calf strain,2025-01-24,2025-03-09,45,8.0
55605,42710,11/12,Ankle injury,2011-10-03,2011-10-13,11,2.0
55605,42710,11/12,Thigh problems,2011-12-05,2012-01-02,29,3.0
55605,42710,11/12,Strain in the thigh and gluteal muscles,2012-01-23,2012-02-09,18,2.0
55605,42710,12/13,Groin problems,2012-11-12,2012-11-19,8,2.0
55605,42710,14/15,Thigh problems,2014-09-18,2014-09-25,8,2.0
55605,42710,14/15,Hamstring injury,2015-01-12,2015-03-02,50,8.0
55605,42710,16/17,Knee injury,2016-10-17,2016-12-01,46,11.0
55605,42710,17/18,Hamstring injury,2017-11-02,2018-03-11,130,28.0
55605,42710,20/21,Groin strain,2020-11-21,2020-12-05,15,3.0
55605,42710,22/23,muscular problems,2022-08-02,2022-08-06,5,1.0
55605,42710,22/23,Hamstring injury,2023-03-02,2023-03-26,25,3.0
55605,42710,23/24,Shoulder injury,2023-08-30,2023-09-13,15,1.0
55605,42710,23/24,Rest,2023-11-06,2023-11-08,3,1.0
55605,42710,24/25,Rib fracture,2024-11-08,2024-11-28,21,2.0
55605,42710,24/25,Hamstring muscle injury,2025-03-16,2025-05-16,62,8.0
55829,45330,12/13,Hamstring injury,2012-12-01,2013-01-19,50,9.0
55829,45330,13/14,Hamstring injury,2014-02-19,2014-03-07,17,1.0
55829,45330,19/20,Muscle injury,2020-02-28,2020-03-10,12,2.0
55829,45330,22/23,Stomach flu,2022-07-22,2022-07-26,5,1.0
55909,103427,19/20,Bruised knee,2019-12-10,2019-12-19,10,2.0
55909,103427,19/20,Adductor injury,2020-07-05,2020-07-19,15,
55909,103427,20/21,sprain,2020-10-07,2020-10-27,21,3.0
55909,103427,20/21,Food poisoning,2020-11-18,2020-11-23,6,1.0
55909,103427,20/21,Inflammation in the knee,2020-11-24,2020-12-08,15,4.0
55909,103427,20/21,Hamstring muscle injury,2021-01-31,2021-03-03,32,6.0
55909,103427,20/21,Knee problems,2021-03-12,2021-04-23,43,9.0
55909,103427,20/21,muscular problems,2021-05-06,2021-05-31,26,4.0
55909,103427,21/22,Hamstring injury,2021-08-17,2021-09-08,23,4.0
55909,103427,21/22,Hamstring injury,2021-10-05,2021-11-20,47,7.0
55909,103427,21/22,unknown injury,2022-01-12,2022-01-23,12,2.0
55909,103427,22/23,Hamstring injury,2023-04-20,2023-05-17,28,3.0
55909,103427,23/24,Tendonitis,2023-09-12,2024-02-10,152,28.0
55909,103427,23/24,Bruise on ankle,2024-03-08,2024-03-29,22,3.0
55909,103427,23/24,Groin injury,2024-04-25,2024-04-30,6,1.0
55914,75067,18/19,Hamstring injury,2018-08-19,2018-08-30,12,3.0
55914,75067,18/19,Knee injury,2018-12-01,2019-01-10,41,7.0
55914,75067,19/20,Groin injury,2019-10-01,2019-10-17,17,3.0
55914,75067,19/20,Groin injury,2019-11-11,2019-11-22,12,2.0
55914,75067,20/21,Calf strain,2020-09-08,2020-09-18,11,2.0
55914,75067,20/21,Groin injury,2020-10-10,2020-11-01,23,4.0
55914,75067,20/21,Chest injury,2020-12-21,2021-01-15,26,3.0
55914,75067,21/22,Hamstring injury,2021-12-05,2022-03-14,100,15.0
55914,75067,23/24,Foot injury,2023-08-15,2023-09-18,35,7.0
55914,75067,24/25,unknown injury,2024-10-05,2024-10-18,14,
55914,75067,24/25,Calf problems,2025-02-07,2025-02-23,17,3.0
55914,75067,25/26,Groin injury,2026-02-22,2026-05-31,99,13.0
56192,91251,11/12,Ankle injury,2011-12-08,2012-01-19,43,3.0
56192,91251,14/15,Thigh problems,2015-02-05,2015-02-19,15,2.0
56192,91251,17/18,concussion,2017-11-02,2017-11-18,17,1.0
56192,91251,21/22,unknown injury,2021-12-17,2021-12-31,15,2.0
56192,91251,21/22,inflammation,2022-04-28,2022-06-02,36,4.0
56827,47659,14/15,Knee problems,2015-05-20,2015-07-20,62,2.0
56827,47659,16/17,Foot injury,2017-01-29,2017-02-25,28,3.0
56827,47659,17/18,Back injury,2017-12-14,2017-12-28,15,2.0
56827,47659,20/21,Hip problems,2020-12-19,2020-12-24,6,2.0
56827,47659,20/21,unknown injury,2021-03-01,2021-03-15,15,2.0
56864,74869,19/20,Hamstring injury,2020-02-12,2020-03-04,22,4.0
56864,74869,19/20,Muscle injury,2020-06-19,2020-06-26,8,2.0
56864,74869,20/21,Torn muscle fiber,2020-09-28,2020-10-15,18,2.0
56864,74869,20/21,Ankle injury,2021-02-07,2021-03-09,31,6.0
56864,74869,21/22,Achilles tendon irritation,2021-11-21,2022-03-04,104,19.0
56864,74869,22/23,Cruciate ligament tear,2023-02-13,2023-09-15,215,23.0
56864,74869,24/25,Dead leg,2025-02-13,2025-02-21,9,1.0
56864,74869,24/25,Calf injury,2025-03-03,2025-03-13,11,1.0
56864,74869,24/25,Hamstring injury,2025-03-30,2025-04-28,30,5.0
56864,74869,25/26,Hamstring injury,2025-09-21,2025-12-07,78,10.0
56864,74869,25/26,Dead leg,2026-01-24,2026-01-29,6,1.0
56864,74869,25/26,Hamstring injury,2026-03-20,2026-03-24,5,1.0
56864,74869,25/26,Dead leg,2026-04-21,2026-05-01,11,2.0
56864,74869,26/27,Facial fracture,2026-08-14,,28,3.0
56872,87672,10/11,Abdominal muscle strain,2011-01-12,2011-03-01,49,9.0
56872,87672,15/16,Hamstring injury,2016-02-27,2016-04-15,49,6.0
56872,87672,16/17,Inguinal hernia,2016-06-01,2016-08-27,88,2.0
56872,87672,16/17,Ankle injury,2016-12-04,2016-12-25,22,3.0
56872,87672,16/17,Groin injury,2017-03-03,2017-03-13,11,2.0
56872,87672,17/18,Groin problems,2017-08-11,2017-09-09,30,4.0
56872,87672,17/18,Groin injury,2017-10-28,2017-11-25,29,2.0
56872,87672,17/18,Knee injury,2018-03-31,2018-08-01,124,6.0
56872,87672,18/19,Knock,2018-11-04,2018-11-24,21,1.0
56872,87672,18/19,Muscle strain,2019-02-03,2019-03-29,55,6.0
56872,87672,18/19,Knee surgery,2019-04-25,2019-12-13,233,21.0
56872,87672,19/20,Calf injury,2020-01-05,2020-01-31,27,4.0
56872,87672,20/21,Knock,2020-09-13,2020-10-13,31,5.0
56872,87672,21/22,Hamstring injury,2022-01-10,2022-05-10,121,22.0
56917,90836,18/19,Groin injury,2019-02-10,2019-04-12,62,7.0
56917,90836,19/20,Hand injury,2019-12-03,2020-01-11,40,4.0
56917,90836,19/20,Hamstring injury,2020-03-08,2020-06-02,87,
56917,90836,19/20,Muscle strain,2020-07-02,2020-07-09,8,1.0
56917,90836,21/22,Ankle injury,2022-03-13,2022-04-22,41,6.0
56917,90836,22/23,Knee injury,2023-02-05,2023-07-01,147,18.0
56917,90836,23/24,Ankle problems,2023-10-07,2023-10-28,22,3.0
56917,90836,23/24,Ill,2023-12-23,2023-12-26,4,1.0
56917,90836,23/24,Ill,2023-12-31,2024-01-02,3,1.0
56917,90836,24/25,Foot injury,2024-12-22,2025-01-21,31,6.0
56917,90836,24/25,Foot injury,2025-03-16,2025-05-15,61,8.0
56979,61651,19/20,Hamstring injury,2020-02-19,2020-03-10,21,4.0
56979,61651,19/20,Knee injury,2020-07-09,2020-08-30,53,5.0
56979,61651,20/21,Hip problems,2020-10-02,2020-10-03,2,
56979,61651,20/21,Knock,2020-11-16,2020-11-27,12,3.0
56979,61651,20/21,Groin surgery,2021-02-26,2021-05-19,83,17.0
56979,61651,21/22,Ill,2021-12-18,2021-12-20,3,1.0
56979,61651,21/22,Back problems,2022-02-07,2022-02-12,6,1.0
56979,61651,22/23,Hamstring injury,2022-08-31,2022-09-25,26,4.0
56979,61651,23/24,unknown injury,2024-02-21,2024-02-24,4,1.0
56979,61651,23/24,Muscle injury,2024-03-28,2024-05-04,38,5.0
56979,61651,24/25,Groin problems,2024-10-01,2024-10-05,5,1.0
56979,61651,24/25,Hamstring injury,2025-02-09,2025-02-19,11,2.0
56979,61651,25/26,Ankle injury,2026-01-11,2026-01-19,9,1.0
56979,61651,25/26,Knock,2026-03-28,2026-05-04,38,5.0
56979,61651,26/27,Forearm fracture,2026-07-06,,67,5.0
56983,92469,17/18,Thigh problems,2017-10-06,2017-10-14,9,1.0
56983,92469,17/18,Wrist fracture,2017-11-29,2017-12-01,3,
56983,92469,17/18,Ill,2018-03-03,2018-03-09,7,
56983,92469,17/18,Groin injury,2018-03-26,2018-03-30,5,
56983,92469,17/18,Knee injury,2018-05-16,2018-07-16,62,
56983,92469,18/19,Knee injury,2018-08-28,2018-09-14,18,2.0
56983,92469,19/20,Hamstring injury,2019-07-30,2019-08-10,12,
56983,92469,19/20,Hamstring injury,2019-08-03,2019-08-10,8,
56983,92469,19/20,Ankle injury,2019-08-28,2020-01-03,129,18.0
56983,92469,19/20,Knock,2020-06-18,2020-06-20,3,
56983,92469,19/20,Knock,2020-06-24,2020-07-01,8,1.0
56983,92469,20/21,Shoulder injury,2020-09-27,2020-11-25,60,7.0
56983,92469,21/22,Corona virus,2021-12-21,2022-01-01,12,1.0
56983,92469,22/23,Knee injury,2023-05-10,2023-06-01,23,4.0
57001,81808,11/12,Knee problems,2012-04-30,2012-05-04,5,1.0
57001,81808,12/13,Calf problems,2013-04-15,2013-04-25,11,1.0
57001,81808,13/14,Hamstring injury,2013-11-29,2013-12-09,11,2.0
57001,81808,14/15,Ankle sprain,2015-04-06,2015-04-24,19,3.0
57001,81808,15/16,Cut,2015-08-28,2015-09-11,15,2.0
57001,81808,15/16,Knock,2015-11-09,2015-11-27,19,4.0
57001,81808,15/16,Calf injury,2016-01-04,2016-02-26,54,18.0
57001,81808,17/18,Thigh problems,2017-09-30,2017-11-18,50,7.0
57001,81808,17/18,Cruciate ligament injury,2018-02-03,2018-11-10,281,38.0
57001,81808,21/22,Hamstring injury,2022-02-10,2022-03-10,29,4.0
57001,81808,21/22,unknown injury,2022-04-20,2022-06-30,72,5.0
57112,90681,11/12,Muscle strain,2011-11-21,2011-12-03,13,2.0
57112,90681,11/12,Bone sprain,2012-02-17,2012-03-11,24,6.0
57112,90681,15/16,Muscle injury,2015-09-19,2015-10-01,13,3.0
57112,90681,15/16,Hamstring injury,2016-01-06,2016-02-24,50,10.0
57112,90681,16/17,Achilles tendon problems,2016-10-03,2016-10-22,20,2.0
57112,90681,16/17,Muscle injury,2016-12-22,2017-01-08,18,1.0
57112,90681,17/18,Knee injury,2018-02-10,2018-10-30,263,26.0
57112,90681,19/20,Hamstring injury,2020-02-23,2020-05-23,91,3.0
57112,90681,19/20,Corona virus,2020-03-15,2020-03-29,15,
57112,90681,20/21,Torn muscle fiber,2020-09-14,2020-10-20,37,5.0
57112,90681,20/21,Torn muscle fiber,2021-03-16,2021-04-13,29,3.0
57112,90681,23/24,Muscle injury,2023-08-27,2023-11-15,81,10.0
57112,90681,24/25,Muscle injury,2024-10-20,2024-12-04,46,5.0
57134,80197,10/11,Torn muscle fiber,2010-10-29,2010-11-26,29,6.0
57134,80197,10/11,Torn muscle fiber,2011-05-10,2011-06-10,32,4.0
57134,80197,13/14,Metatarsal fracture,2013-09-22,2013-12-01,71,13.0
57145,85475,16/17,Broken toe,2016-12-01,2016-12-25,25,4.0
57145,85475,18/19,Hamstring injury,2018-09-23,2018-10-05,13,1.0
57145,85475,18/19,Calf strain,2018-12-10,2018-12-21,12,1.0
57145,85475,18/19,Hip injury,2018-12-30,2019-01-11,13,2.0
57145,85475,20/21,Corona virus,2020-12-01,2020-12-14,14,1.0
57145,85475,20/21,Knock,2020-12-21,2020-12-25,5,1.0
57145,85475,20/21,Hamstring strain,2021-01-13,2021-02-16,35,7.0
57145,85475,21/22,Thigh problems,2021-12-13,2022-02-15,65,8.0
57145,85475,23/24,Muscle injury,2023-10-09,2023-11-08,31,5.0
57145,85475,23/24,Muscle injury,2024-04-10,2024-05-03,24,4.0
57145,85475,24/25,strain,2024-07-29,2024-08-15,18,2.0
57145,85475,24/25,Muscle injury,2024-09-25,2024-10-27,33,4.0
57187,69001,09/10,concussion,2009-07-20,2009-08-10,22,3.0
57187,69001,14/15,Arm injury,2015-05-05,2015-05-23,19,3.0
57187,69001,15/16,Adductor injury,2016-02-08,2016-03-01,23,3.0
57249,55735,18/19,Metatarsal fracture,2018-12-20,2019-02-07,50,10.0
57249,55735,18/19,Back injury,2019-03-08,2019-03-23,16,1.0
57249,55735,19/20,Adductor injury,2019-09-30,2019-11-14,46,11.0
57249,55735,19/20,Fitness,2019-11-14,2019-11-26,13,3.0
57249,55735,19/20,Hamstring strain,2020-01-07,2020-02-04,29,6.0
57249,55735,20/21,muscular problems,2021-01-21,2021-01-29,9,1.0
57249,55735,20/21,Calf muscle tear,2021-03-11,2021-04-09,30,8.0
57249,55735,21/22,Corona virus,2022-02-17,2022-02-24,8,1.0
57249,55735,21/22,Hamstring injury,2022-04-28,2022-05-22,25,5.0
57249,55735,22/23,Hamstring injury,2022-08-14,2022-08-30,17,2.0
57249,55735,22/23,Hamstring injury,2023-05-16,2023-06-08,24,3.0
57249,55735,24/25,Adductor pain,2025-01-09,2025-01-16,8,2.0
57249,55735,24/25,Muscle fatigue,2025-05-08,2025-05-14,7,1.0
57249,55735,25/26,Hamstring injury,2025-10-26,2025-11-27,33,6.0
57249,55735,25/26,Muscle injury,2026-03-16,2026-04-04,20,1.0
57328,85177,12/13,Dead leg,2012-09-29,2012-10-20,22,3.0
57328,85177,13/14,Hamstring injury,2013-12-04,2013-12-28,25,4.0
57328,85177,17/18,Back injury,2017-07-12,2018-03-26,258,44.0
57328,85177,18/19,Knock,2018-11-27,2018-12-15,19,5.0
57328,85177,18/19,Hamstring injury,2019-04-14,2019-04-26,13,1.0
57328,85177,19/20,Cruciate ligament tear,2019-07-24,2020-06-30,343,50.0
57328,85177,20/21,Knock,2021-01-31,2021-02-01,2,
57328,85177,25/26,Adductor injury,2026-01-06,2026-01-26,21,4.0
57410,54781,14/15,Ankle problems,2015-01-15,2015-01-19,5,1.0
57410,54781,15/16,Ankle problems,2016-03-17,2016-03-24,8,1.0
57410,54781,18/19,Knock,2018-10-30,2018-11-06,8,2.0
57410,54781,18/19,Achilles tendon problems,2018-11-10,2018-11-23,14,3.0
57410,54781,18/19,Knee injury,2019-03-17,2019-03-29,13,2.0
57410,54781,19/20,Knock,2019-10-10,2019-10-21,12,2.0
57410,54781,19/20,Knock,2019-12-31,2020-01-06,7,2.0
57410,54781,20/21,Corona virus,2021-01-20,2021-01-29,10,3.0
57410,54781,25/26,muscular problems,2026-03-13,2026-03-19,7,1.0
57513,48870,09/10,Hip problems,2010-04-23,2010-05-07,15,4.0
57513,48870,10/11,unknown injury,2011-05-09,2011-05-17,9,1.0
57513,48870,16/17,Knee problems,2017-04-06,2017-04-14,9,1.0
57513,48870,18/19,Knock,2018-11-11,2018-11-24,14,2.0
57513,48870,18/19,Ill,2019-02-03,2019-02-22,20,1.0
57513,48870,19/20,Calf strain,2019-08-18,2019-09-25,39,7.0
57513,48870,21/22,unknown injury,2021-09-01,2021-09-28,28,5.0
57513,48870,23/24,unknown injury,2023-10-26,2023-11-30,36,4.0
58498,62121,10/11,unknown injury,2010-11-01,2010-11-09,9,1.0
58498,62121,12/13,unknown injury,2012-08-20,2012-10-05,47,6.0
58498,62121,13/14,Meniscus injury,2013-12-30,2014-02-12,45,6.0
58498,62121,18/19,unknown injury,2019-05-11,2019-06-15,36,6.0
58498,62121,19/20,Hamstring injury,2019-07-18,2019-09-11,56,7.0
58498,62121,24/25,Muscle tear,2024-11-11,2024-11-15,5,
58621,95424,13/14,Groin injury,2014-03-17,2014-07-03,109,15.0
58621,95424,14/15,Groin surgery,2014-09-01,2014-12-11,102,25.0
58621,95424,14/15,Ankle injury,2015-04-02,2015-05-25,54,7.0
58621,95424,16/17,Ankle injury,2017-05-15,2017-06-01,18,2.0
58621,95424,18/19,Knock,2018-07-02,2018-07-09,8,
58621,95424,18/19,Groin injury,2018-10-15,2018-10-25,11,1.0
58621,95424,19/20,Knock,2019-10-07,2019-10-28,22,3.0
58621,95424,20/21,Corona virus,2020-12-21,2021-01-04,15,2.0
58621,95424,20/21,Knock,2021-01-21,2021-01-25,5,1.0
58621,95424,22/23,Groin injury,2022-10-03,2022-11-17,46,11.0
58621,95424,22/23,Fitness,2022-11-18,2022-11-22,5,1.0
58621,95424,23/24,Hamstring injury,2024-03-23,2024-04-12,21,5.0
58621,95424,24/25,Hamstring injury,2025-02-19,2025-02-28,10,2.0
58621,95424,24/25,Broken arm,2025-04-08,2025-04-26,19,3.0
58621,95424,24/25,Stomach flu,2025-05-17,2025-05-26,10,2.0
58771,61644,11/12,Ankle injury,2012-01-04,2012-02-01,29,3.0
58771,61644,15/16,Thigh problems,2015-09-26,2015-10-17,22,1.0
58771,61644,15/16,Knee injury,2015-10-25,2015-12-13,50,3.0
58771,61644,19/20,Knee injury,2019-12-18,2020-03-01,75,15.0
58786,78959,10/11,Thigh problems,2011-02-27,2011-06-10,104,15.0
58786,78959,11/12,Thigh problems,2012-03-21,2012-04-14,25,4.0
58786,78959,12/13,Cruciate ligament tear,2012-09-23,2013-05-01,221,41.0
58786,78959,18/19,Groin strain,2018-12-16,2019-01-01,17,3.0
58786,78959,18/19,Knock,2019-02-18,2019-02-26,9,1.0
58786,78959,19/20,Groin injury,2019-09-01,2019-09-21,21,1.0
58786,78959,19/20,Groin injury,2019-10-17,2019-10-26,10,1.0
58786,78959,19/20,Hamstring strain,2019-12-29,2019-12-31,3,
58786,78959,19/20,Calf injury,2020-02-07,2020-02-21,15,1.0
58786,78959,19/20,Calf injury,2020-06-19,2020-07-10,22,5.0
58786,78959,20/21,Calf injury,2020-12-04,2021-01-25,53,12.0
58791,61834,14/15,Hamstring injury,2015-01-01,2015-01-19,19,4.0
58791,61834,15/16,Knee bruise,2015-09-13,2015-10-17,35,8.0
58791,61834,15/16,Ankle injury,2015-11-29,2015-12-19,21,3.0
58791,61834,15/16,Ankle injury,2016-01-01,2016-02-03,34,8.0
58791,61834,16/17,Skull fracture,2017-01-22,2018-02-13,388,52.0
58822,112988,12/13,Hip bruise,2013-05-13,2013-06-30,49,1.0
58822,112988,13/14,influenza,2013-07-03,2013-07-07,5,
58822,112988,14/15,Rib fracture,2014-08-17,2014-09-14,29,3.0
58822,112988,15/16,Groin injury,2015-12-22,2016-01-08,18,3.0
58822,112988,16/17,Foot injury,2016-10-02,2016-11-19,49,10.0
58822,112988,16/17,Ill,2016-12-09,2016-12-18,10,2.0
58822,112988,17/18,Ankle injury,2017-12-16,2018-01-13,29,5.0
58822,112988,18/19,Calf strain,2018-12-08,2018-12-31,24,5.0
58822,112988,19/20,Calf injury,2019-09-26,2019-11-08,44,8.0
58822,112988,19/20,Knee injury,2020-01-21,2020-03-02,42,6.0
58822,112988,19/20,Broken nose bone,2020-06-17,2020-06-26,10,3.0
58822,112988,20/21,Calf strain,2020-08-30,2020-09-30,32,6.0
58822,112988,24/25,Calf problems,2025-05-27,2025-05-30,4,1.0
58822,112988,25/26,Virus,2025-09-19,2025-09-28,10,2.0
58822,112988,25/26,Broken toe,2025-10-06,2025-11-04,30,4.0
58845,98240,11/12,Knee injury,2012-02-12,2012-03-25,43,6.0
58845,98240,12/13,Knee injury,2012-10-16,2012-11-02,18,3.0
58845,98240,13/14,Tendon irritation,2013-11-10,2013-11-24,15,2.0
58845,98240,14/15,Inner ligament stretch of the knee,2015-04-12,2015-06-01,51,7.0
58845,98240,17/18,Knee injury,2018-05-01,2018-06-01,32,4.0
58845,98240,18/19,Knock,2018-10-15,2018-11-08,25,4.0
58845,98240,18/19,Ankle injury,2018-12-16,2019-01-11,27,4.0
58845,98240,18/19,Knock,2019-02-03,2019-03-15,41,5.0
58845,98240,19/20,Calf injury,2019-12-09,2020-01-10,33,6.0
58845,98240,19/20,Ankle injury,2020-02-16,2020-09-14,212,17.0
58845,98240,20/21,Hamstring strain,2020-09-25,2020-10-18,24,7.0
58845,98240,20/21,Calf injury,2021-01-19,2021-01-29,11,2.0
58845,98240,20/21,Knock,2021-02-04,2021-02-14,11,1.0
58845,98240,21/22,Corona virus,2021-12-21,2022-01-01,12,1.0
58877,12282,13/14,Groin problems,2013-08-27,2013-09-12,17,2.0
58877,12282,14/15,Knee injury,2014-11-19,2015-01-09,52,10.0
58877,12282,14/15,Ankle injury,2015-04-12,2015-04-26,15,1.0
58877,12282,17/18,Ankle injury,2018-01-17,2018-04-16,90,17.0
58877,12282,19/20,heart problems,2019-12-14,2020-02-07,56,7.0
58877,12282,20/21,heart problems,2020-08-25,2020-09-08,15,2.0
58877,12282,20/21,Ill,2020-12-09,2020-12-11,3,1.0
58877,12282,20/21,Knee injury,2021-03-03,2021-03-15,13,3.0
58877,12282,20/21,Syndesmotic ligament tear,2021-03-30,2021-06-05,68,12.0
58877,12282,24/25,unknown injury,2024-09-30,2024-10-21,22,3.0
58877,12282,26/27,unknown injury,2026-08-14,,28,5.0
58893,93176,22/23,Cruciate ligament tear,2022-10-12,2023-05-16,217,27.0
58893,93176,22/23,Fitness,2023-05-17,2023-06-04,19,4.0
58893,93176,22/23,Muscle tear,2023-06-05,2023-06-25,21,3.0
58893,93176,22/23,Calf muscle tear,2023-06-29,2023-07-27,29,7.0
58893,93176,23/24,unknown injury,2023-10-22,2023-11-15,25,5.0
58893,93176,23/24,Calf muscle tear,2024-01-15,2024-03-08,54,9.0
58893,93176,23/24,Ankle problems,2024-03-31,2024-04-05,6,1.0
58893,93176,23/24,Muscle tear,2024-05-06,2024-05-23,18,4.0
58893,93176,24/25,Calf muscle tear,2024-07-31,2024-08-12,13,2.0
58893,93176,24/25,strain,2024-09-01,2024-09-10,10,1.0
58893,93176,24/25,Tendon irritation,2025-01-27,2025-02-20,25,6.0
58893,93176,25/26,strain,2025-10-31,2025-11-05,6,1.0
58893,93176,25/26,Muscle tear,2025-11-11,2025-12-06,26,3.0
58893,93176,25/26,Adductor tear,2026-02-21,2026-03-13,21,3.0
58893,93176,25/26,Rest,2026-04-05,2026-04-09,5,1.0
59044,73067,20/21,Ankle injury,2020-10-29,2020-11-29,32,6.0
59044,73067,23/24,Knee injury,2023-12-17,2024-02-05,51,6.0
59115,28336,08/09,Inner ligament tear in ankle joint,2009-04-26,2009-05-20,25,3.0
59115,28336,15/16,Thigh problems,2015-09-17,2015-10-17,31,5.0
59125,95435,10/11,Thigh problems,2010-11-26,2010-12-12,17,4.0
59125,95435,11/12,Knee injury,2011-11-06,2011-12-10,35,5.0
59125,95435,14/15,Back problems,2014-09-23,2014-09-26,4,1.0
59125,95435,15/16,Bruised ribs,2015-08-21,2015-08-26,6,2.0
59125,95435,15/16,Calf injury,2015-09-09,2015-11-08,61,9.0
59125,95435,15/16,Calf strain,2015-12-19,2016-01-11,24,4.0
59125,95435,16/17,Cruciate ligament tear,2016-11-27,2018-03-12,471,62.0
59125,95435,17/18,Groin strain,2018-03-29,2018-05-31,64,7.0
59125,95435,18/19,Calf injury,2018-07-30,2018-10-20,83,10.0
59125,95435,18/19,Hamstring strain,2018-11-01,2018-12-14,44,6.0
59125,95435,18/19,Knock,2019-02-01,2019-03-08,36,6.0
59125,95435,19/20,Ankle injury,2019-09-27,2019-10-04,8,1.0
59125,95435,19/20,Knock,2019-10-18,2019-12-02,46,6.0
59125,95435,20/21,Knock,2020-09-11,2021-03-01,172,28.0
59125,95435,21/22,Hamstring injury,2021-09-19,2022-01-19,123,17.0
59735,99397,15/16,Ankle sprain,2015-09-17,2015-11-23,68,14.0
59735,99397,17/18,Shoulder injury,2018-03-12,2018-04-02,22,
59735,99397,18/19,Knock,2018-11-08,2019-02-25,110,18.0
59735,99397,19/20,Knock,2019-12-09,2019-12-23,15,1.0
59735,99397,20/21,Groin injury,2020-10-15,2020-10-26,12,
59735,99397,20/21,Knee injury,2021-04-15,2021-06-03,50,7.0
59735,99397,21/22,Corona virus,2021-07-15,2021-08-02,19,
59735,99397,22/23,Ankle injury,2022-09-05,2022-11-05,62,7.0
59741,28140,12/13,Cruciate ligament tear,2013-03-28,2013-09-26,183,28.0
59741,28140,15/16,Cruciate ligament tear,2015-09-03,2016-02-25,176,37.0
59741,28140,16/17,Hamstring injury,2016-10-03,2016-10-17,15,1.0
59741,28140,16/17,Hamstring injury,2016-10-31,2016-11-07,8,1.0
59741,28140,17/18,Leg injury,2017-09-07,2017-10-16,40,6.0
59741,28140,19/20,Hamstring strain,2019-12-10,2020-02-15,68,9.0
59741,28140,22/23,Foot injury,2022-10-17,2022-10-20,4,1.0
59741,28140,22/23,Hamstring strain,2022-12-27,2023-01-02,7,1.0
59741,28140,22/23,Outer ligament problems,2023-05-24,2023-06-07,15,2.0
59741,28140,24/25,unknown injury,2025-01-18,2025-05-31,134,3.0
59779,101213,10/11,unknown injury,2010-11-16,2010-12-14,29,5.0
59779,101213,12/13,unknown injury,2012-10-18,2012-11-04,18,3.0
59779,101213,13/14,Inguinal hernia,2014-04-13,2014-05-30,48,5.0
59779,101213,16/17,Ankle injury,2017-03-18,2017-08-10,146,9.0
59779,101213,17/18,muscular problems,2017-09-17,2017-10-14,28,3.0
59779,101213,17/18,Knee injury,2018-01-27,2018-05-04,98,11.0
59779,101213,18/19,Calf strain,2018-10-07,2018-11-02,27,2.0
59779,101213,19/20,Adductor injury,2020-06-30,2020-07-28,29,8.0
59779,101213,21/22,unknown injury,2021-08-16,2022-07-06,325,55.0
59779,101213,23/24,unknown injury,2023-08-07,2023-09-15,40,5.0
59779,101213,23/24,Hamstring muscle injury,2023-10-19,2024-02-23,128,25.0
59796,82130,18/19,Torn thigh muscle,2018-10-29,2018-11-30,33,5.0
59796,82130,19/20,unknown injury,2019-08-17,2019-08-22,6,1.0
59796,82130,19/20,Hamstring strain,2019-08-26,2019-10-05,41,5.0
59796,82130,19/20,unknown injury,2019-12-22,2020-01-15,25,2.0
59796,82130,19/20,unknown injury,2020-02-02,2020-02-08,7,1.0
59796,82130,20/21,Calf muscle tear,2020-10-28,2020-11-07,11,2.0
59796,82130,20/21,Muscle strain,2020-11-25,2021-01-04,41,8.0
59796,82130,20/21,Torn lateral ankle ligament,2021-01-28,2021-02-09,13,3.0
59796,82130,20/21,Calf strain,2021-03-08,2021-03-22,15,3.0
59796,82130,20/21,Hamstring strain,2021-04-28,2021-04-30,3,
59796,82130,20/21,Thigh problems,2021-05-10,2021-05-14,5,1.0
59796,82130,21/22,Knee problems,2021-11-10,2021-12-09,30,5.0
59796,82130,21/22,muscular problems,2021-12-22,2022-01-07,17,4.0
59796,82130,22/23,pneumonia,2023-05-03,2023-05-05,3,1.0
59796,82130,23/24,Syndesmotic ligament tear,2023-11-01,2024-02-01,93,16.0
59846,99343,22/23,Adductor injury,2022-09-09,2022-09-15,7,1.0
59846,99343,22/23,Hamstring injury,2022-11-03,2022-11-06,4,1.0
59846,99343,22/23,Hamstring injury,2022-12-13,2023-01-04,23,2.0
59846,99343,22/23,Hamstring injury,2023-02-10,2023-04-05,55,9.0
59846,99343,22/23,Hamstring injury,2023-05-21,2023-05-31,11,2.0
59846,99343,23/24,Hamstring injury,2023-10-22,2023-11-24,34,5.0
59846,99343,23/24,Hamstring injury,2024-02-17,2024-03-27,40,6.0
59846,99343,24/25,Adductor injury,2024-09-27,2024-10-01,5,1.0
59846,99343,24/25,Muscle injury,2024-12-02,2025-01-02,32,5.0
59846,99343,24/25,Muscle tear,2025-01-27,2025-02-20,25,6.0
59846,99343,24/25,muscular problems,2025-03-08,2025-03-22,15,1.0
59846,99343,24/25,Muscle tear,2025-03-31,2025-05-15,46,6.0
59846,99343,25/26,Muscle tear,2025-06-17,2025-09-24,100,12.0
59846,99343,25/26,Hamstring injury,2026-02-03,2026-02-26,24,4.0
59846,99343,25/26,Muscle tear,2026-04-24,2026-05-08,15,3.0
59856,76608,16/17,Foot injury,2017-05-10,2017-05-31,22,2.0
59856,76608,17/18,Achilles tendon surgery,2017-08-15,2018-02-11,181,31.0
59856,76608,17/18,Fitness,2018-02-12,2018-02-28,17,4.0
59856,76608,18/19,Hip injury,2018-09-16,2018-10-30,45,9.0
59856,76608,18/19,Adductor pain,2018-11-04,2018-12-06,33,5.0
59856,76608,18/19,Knee injury,2019-03-03,2019-03-29,27,2.0
59856,76608,20/21,Muscle injury,2020-11-15,2020-12-08,24,5.0
59856,76608,21/22,Heel problems,2021-07-02,2021-07-12,11,3.0
59856,76608,22/23,Tendonitis,2023-03-10,2023-03-29,20,3.0
59856,76608,22/23,Muscle injury,2023-06-01,2023-06-08,8,2.0
59856,76608,23/24,Torn muscle bundle,2023-08-23,2023-09-03,12,2.0
59856,76608,23/24,Torn muscle bundle,2023-10-09,2023-11-30,53,10.0
59856,76608,23/24,unknown injury,2024-01-28,2024-03-02,35,7.0
59856,76608,23/24,Hamstring injury,2024-04-03,2024-10-06,187,21.0
59856,76608,25/26,Knee injury,2026-01-20,2026-04-01,72,10.0
59859,53622,15/16,influenza,2016-02-15,2016-02-22,8,2.0
59859,53622,15/16,Foot bruise,2016-03-10,2016-04-07,29,7.0
59859,53622,15/16,Dislocation of the kneecap,2016-05-02,2016-09-12,134,19.0
59859,53622,16/17,Cruciate ligament tear,2016-12-15,2017-08-13,242,40.0
59859,53622,18/19,Hamstring injury,2018-10-03,2018-11-06,35,8.0
59859,53622,18/19,Foot injury,2018-11-25,2018-11-30,6,1.0
59859,53622,19/20,Knock,2018-12-27,2019-01-02,7,1.0
59859,53622,19/20,Knock,2019-04-26,2019-04-27,2,
59859,53622,19/20,influenza,2019-09-07,2019-09-12,6,1.0
59859,53622,20/21,Corona virus,2020-09-21,2020-10-16,26,8.0
59859,53622,20/21,Ankle injury,2020-12-27,2021-01-02,7,
59859,53622,20/21,Groin problems,2021-02-16,2021-02-19,4,1.0
59859,53622,21/22,Hamstring injury,2021-09-19,2021-10-12,24,6.0
59859,53622,24/25,concussion,2024-08-13,2024-08-20,8,1.0
59859,53622,25/26,Hamstring strain,2025-10-22,2025-11-18,28,5.0
59940,67421,10/11,Broken cheekbone,2010-09-28,2010-12-01,65,1.0
59940,67421,10/11,Knee injury,2011-03-17,2011-06-01,77,12.0
59940,67421,11/12,Groin problems,2011-09-06,2011-10-15,40,6.0
59940,67421,12/13,Hamstring strain,2012-09-11,2012-12-05,86,14.0
59940,67421,13/14,Hamstring injury,2014-02-17,2014-04-15,58,10.0
59940,67421,14/15,Knee injury,2015-02-13,2015-04-04,51,5.0
59940,67421,17/18,Inner knee ligament tear,2017-08-22,2018-01-02,134,21.0
59940,67421,17/18,Knee injury,2018-04-22,2018-06-30,70,4.0
59940,67421,20/21,Calf injury,2020-12-07,2021-01-01,26,5.0
59949,68390,17/18,Hamstring strain,2018-02-10,2018-03-03,22,1.0
59949,68390,18/19,Foot injury,2018-09-08,2018-10-20,43,8.0
59949,68390,18/19,Ill,2019-03-04,2019-03-16,13,1.0
59949,68390,18/19,Groin injury,2019-05-05,2019-05-31,27,1.0
59949,68390,19/20,Hamstring injury,2019-11-24,2019-12-14,21,3.0
59949,68390,19/20,Hamstring strain,2020-03-02,2020-06-14,105,1.0
59949,68390,20/21,Muscle injury,2020-10-17,2020-11-05,20,2.0
59949,68390,20/21,Muscle injury,2020-11-08,2020-12-18,41,8.0
59949,68390,21/22,Hamstring injury,2021-09-17,2021-10-15,29,6.0
59949,68390,22/23,Knee injury,2023-05-01,2023-11-21,205,26.0
59949,68390,24/25,Foot injury,2024-09-07,2024-10-18,42,8.0
59949,68390,24/25,unknown injury,2024-11-09,2024-11-25,17,4.0
59949,68390,24/25,Calf injury,2024-12-30,2025-03-07,68,11.0
59949,68390,24/25,unknown injury,2025-05-28,2025-06-30,34,2.0
59949,68390,25/26,Hamstring injury,2025-11-25,2026-01-11,48,
59966,93720,17/18,Knee injury,2018-02-12,2018-03-28,45,8.0
59966,93720,18/19,Groin injury,2018-11-12,2018-12-01,20,2.0
59966,93720,19/20,Ankle sprain,2019-07-28,2019-08-11,15,
59966,93720,19/20,Ankle injury,2019-09-02,2019-10-20,49,7.0
59966,93720,20/21,Head injury,2020-12-31,2021-01-01,2,
59966,93720,20/21,Head injury,2021-01-31,2021-02-01,2,
59966,93720,20/21,Dead leg,2021-04-18,2021-05-06,19,3.0
59966,93720,21/22,Corona virus,2021-08-01,2021-08-24,24,2.0
59966,93720,21/22,Corona virus,2022-04-14,2022-04-19,6,1.0
59966,93720,22/23,Dead leg,2023-02-12,2023-03-09,26,4.0
59966,93720,23/24,Dead leg,2024-02-28,2024-03-10,12,2.0
59966,93720,23/24,Ill,2024-03-16,2024-03-29,14,
59966,93720,23/24,Facial injury,2024-04-15,2024-04-20,6,
59966,93720,24/25,Muscle injury,2025-01-18,2025-01-21,4,1.0
59966,93720,24/25,Knee injury,2025-02-07,2025-02-14,8,1.0
60025,88103,20/21,Groin injury,2020-10-26,2020-11-06,12,1.0
60025,88103,20/21,Calf strain,2020-12-06,2020-12-31,26,5.0
60025,88103,20/21,Calf injury,2021-02-07,2021-02-13,7,1.0
60025,88103,20/21,Calf injury,2021-02-22,2021-04-01,39,5.0
60025,88103,20/21,Calf injury,2021-05-01,2021-05-14,14,3.0
60025,88103,21/22,Quarantine,2021-08-12,2021-09-21,41,9.0
60025,88103,21/22,Muscle tear,2022-02-22,2022-08-31,191,15.0
60025,88103,21/22,Muscle injury,2022-03-07,2022-04-13,38,5.0
60025,88103,21/22,Fitness,2022-04-14,2022-04-21,8,2.0
60025,88103,22/23,unknown injury,2023-02-06,2023-02-11,6,1.0
60025,88103,22/23,unknown injury,2023-02-16,2023-03-11,24,3.0
60025,88103,22/23,unknown injury,2023-03-29,2023-04-03,6,1.0
60025,88103,23/24,Muscle injury,2024-04-15,2024-06-05,52,11.0
60025,88103,25/26,bruise,2026-03-05,2026-03-12,8,1.0
60025,88103,25/26,Ill,2026-04-03,2026-04-13,11,2.0
60165,103565,12/13,Knee injury,2013-03-25,2013-04-03,10,1.0
60165,103565,12/13,Knee injury,2013-05-17,2013-05-25,9,1.0
60165,103565,13/14,Hamstring injury,2013-12-06,2013-12-17,12,2.0
60165,103565,13/14,Hamstring strain,2013-12-18,2014-01-10,24,2.0
60165,103565,17/18,Dead leg,2017-10-25,2017-10-28,4,
60165,103565,17/18,Strain in the thigh and gluteal muscles,2017-12-02,2017-12-09,8,
60165,103565,17/18,Torn muscle fiber,2018-05-06,2018-06-05,31,4.0
60165,103565,20/21,Thigh problems,2021-02-26,2021-03-10,13,2.0
60165,103565,21/22,Corona virus,2022-01-18,2022-01-23,6,2.0
60165,103565,21/22,Muscle injury,2022-03-21,2022-04-15,26,4.0
60165,103565,21/22,Dead leg,2022-04-28,2022-05-10,13,1.0
60165,103565,23/24,Muscle injury,2023-12-04,2024-01-04,32,3.0
60165,103565,23/24,Groin problems,2024-02-18,2024-02-25,8,1.0
60165,103565,23/24,Ill,2024-03-30,2024-04-05,7,1.0
60165,103565,23/24,Muscle injury,2024-04-26,2024-05-31,36,3.0
60232,121477,17/18,Knee injury,2017-10-21,2017-12-26,67,9.0
60232,121477,19/20,Head injury,2019-11-24,2019-12-13,20,3.0
60232,121477,22/23,Hamstring injury,2022-08-01,2022-09-04,35,8.0
60232,121477,23/24,Groin problems,2024-03-03,2024-04-02,31,3.0
60232,121477,23/24,Groin surgery,2024-04-18,2024-05-20,33,6.0
60232,121477,24/25,Calf strain,2025-01-04,2025-01-14,11,2.0
60252,61842,12/13,Hamstring injury,2013-04-20,2013-05-04,15,1.0
60252,61842,13/14,Ligament injury,2014-04-26,2014-07-05,71,8.0
60252,61842,19/20,bruise,2019-10-28,2019-11-08,12,1.0
60252,61842,19/20,Groin injury,2019-12-08,2020-01-31,55,9.0
60252,61842,21/22,Broken foot,2021-12-14,2022-01-06,24,2.0
60252,61842,21/22,Cruciate ligament injury,2022-03-20,2023-05-07,414,48.0
60252,61842,24/25,unknown injury,2025-01-03,2025-01-05,3,1.0
60270,96828,17/18,Knee injury,2017-11-09,2017-11-16,8,2.0
60270,96828,17/18,Hamstring injury,2018-04-19,2018-04-26,8,1.0
60270,96828,18/19,muscular problems,2018-10-08,2018-10-18,11,
60270,96828,19/20,Knee problems,2019-08-29,2019-09-15,18,1.0
60270,96828,19/20,Muscle fatigue,2019-10-03,2019-10-19,17,1.0
60270,96828,19/20,Ankle sprain,2019-11-08,2019-11-13,6,1.0
60270,96828,19/20,Hamstring strain,2020-01-11,2020-02-13,34,6.0
60270,96828,19/20,Thigh problems,2020-06-26,2020-06-29,4,1.0
60270,96828,20/21,unknown injury,2020-10-17,2020-11-07,22,5.0
60270,96828,20/21,Muscle fatigue,2020-12-12,2020-12-19,8,1.0
60270,96828,21/22,Knee injury,2021-08-10,2021-09-30,52,7.0
60270,96828,21/22,Lumbago,2022-02-06,2022-02-19,14,2.0
60270,96828,21/22,flu,2022-03-05,2022-03-16,12,2.0
60270,96828,21/22,Knee problems,2022-03-29,2022-05-07,40,7.0
60270,96828,21/22,Lumbago,2022-05-04,2022-05-25,22,3.0
60307,82873,14/15,muscle stiffness,2015-05-21,2015-05-26,6,
60307,82873,15/16,cold,2016-01-04,2016-01-06,3,
60307,82873,18/19,Ankle injury,2018-09-01,2018-11-22,83,8.0
60307,82873,18/19,Hamstring injury,2019-02-26,2019-04-16,50,7.0
60307,82873,21/22,Corona virus,2021-12-14,2021-12-25,12,1.0
60307,82873,24/25,Inner ligament injury,2025-04-20,2025-05-02,13,1.0
60551,91317,12/13,Ankle injury,2013-01-01,2013-01-10,10,2.0
60551,91317,14/15,Knee injury,2014-12-08,2015-01-03,27,5.0
60551,91317,14/15,Hamstring injury,2015-04-02,2015-04-18,17,3.0
60551,91317,18/19,Ill,2019-02-24,2019-03-01,6,1.0
60551,91317,19/20,Groin injury,2019-11-24,2019-12-13,20,3.0
60551,91317,19/20,Groin injury,2019-12-15,2019-12-20,6,
60551,91317,20/21,bruise,2020-12-30,2021-01-11,13,1.0
60551,91317,21/22,Broken ankle,2022-04-17,2022-12-31,259,35.0
60551,91317,22/23,Hamstring injury,2023-03-20,2023-04-28,40,6.0
60586,89231,19/20,Hamstring strain,2020-01-05,2020-02-21,48,8.0
60586,89231,20/21,Hamstring strain,2020-02-23,2020-07-04,133,5.0
60586,89231,20/21,Knee injury,2020-09-18,2020-10-02,15,4.0
60586,89231,20/21,Groin strain,2020-10-13,2020-10-18,6,1.0
60586,89231,20/21,Hamstring strain,2020-10-28,2020-11-05,9,1.0
60586,89231,20/21,Hamstring strain,2020-11-29,2021-01-11,44,6.0
60586,89231,20/21,Groin strain,2021-02-18,2021-03-04,15,3.0
60586,89231,21/22,unknown injury,2021-10-04,2021-10-20,17,2.0
60586,89231,21/22,Corona virus,2022-01-04,2022-01-18,15,3.0
60586,89231,21/22,Appendectomy,2022-01-24,2022-02-21,29,4.0
60586,89231,21/22,Calf injury,2022-02-22,2022-08-21,181,26.0
60586,89231,23/24,Muscle injury,2023-09-23,2023-10-22,30,7.0
60586,89231,23/24,unknown injury,2024-03-19,2024-03-25,7,1.0
60586,89231,24/25,unknown injury,2025-05-20,2025-06-15,27,3.0
60586,89231,25/26,unknown injury,2026-01-02,2026-01-22,21,2.0
60598,59032,09/10,Knee problems,2009-08-03,2009-08-06,4,
60598,59032,09/10,Adductor injury,2009-10-19,2009-10-22,4,
60598,59032,10/11,Knee problems,2010-07-08,2010-07-12,5,
60598,59032,10/11,Fever,2010-07-22,2010-07-29,8,
60598,59032,10/11,Fever,2011-05-30,2011-06-09,11,2.0
60598,59032,12/13,Ankle injury,2012-10-04,2012-10-08,5,1.0
60598,59032,12/13,muscular problems,2013-04-18,2013-04-22,5,1.0
60598,59032,13/14,Meniscus injury,2013-11-04,2013-11-11,8,1.0
60598,59032,15/16,Ankle injury,2016-04-11,2016-05-16,36,5.0
60598,59032,16/17,Muscle injury,2017-01-23,2017-02-13,22,3.0
60598,59032,21/22,Corona virus,2021-09-29,2021-10-12,14,3.0
60598,59032,23/24,Shoulder injury,2024-03-09,2024-04-09,32,5.0
60598,59032,25/26,Hamstring injury,2025-08-07,2025-08-23,17,3.0
60598,59032,25/26,Ill,2026-02-20,2026-02-22,3,1.0
60598,59032,26/27,concussion,2026-07-26,2026-08-05,11,2.0
60689,108725,17/18,Knee injury,2017-12-23,2018-02-24,64,9.0
60689,108725,17/18,Foot injury,2018-04-28,2018-05-13,16,1.0
60689,108725,18/19,Knock,2018-08-04,2018-08-11,8,1.0
60689,108725,19/20,Hamstring injury,2019-10-20,2019-11-08,20,2.0
60689,108725,19/20,Calf injury,2019-12-15,2019-12-20,6,
60689,108725,19/20,Hamstring strain,2020-01-05,2020-01-10,6,
60689,108725,19/20,Hamstring strain,2020-02-16,2020-02-28,13,1.0
60689,108725,19/20,Calf injury,2020-06-05,2020-07-04,30,3.0
60689,108725,20/21,Hamstring strain,2021-02-01,2021-02-18,18,5.0
60689,108725,21/22,Hip injury,2022-05-09,2022-05-20,12,1.0
60689,108725,22/23,Hamstring injury,2023-03-30,2023-07-03,96,13.0
60689,108725,23/24,Hamstring injury,2024-01-30,2024-03-04,35,7.0
60689,108725,24/25,Hip problems,2025-03-25,2025-04-11,18,3.0
60689,108725,25/26,Knee injury,2025-10-22,2025-12-27,67,16.0
60689,108725,25/26,Knee surgery,2025-12-27,2026-03-20,84,20.0
60706,71271,15/16,Calf injury,2016-05-06,2016-05-16,11,3.0
60706,71271,21/22,Calf injury,2021-12-03,2022-01-02,31,7.0
60772,108390,21/22,Corona virus,2021-12-30,2022-01-03,5,
60772,108390,21/22,Inflammation of pubic bone,2022-05-30,2022-06-30,32,4.0
60772,108390,22/23,Sciatica problems,2022-09-29,2022-10-17,19,5.0
60772,108390,22/23,Hamstring injury,2023-02-06,2023-02-17,12,3.0
60772,108390,22/23,Adductor pain,2023-03-26,2023-03-30,5,1.0
60772,108390,22/23,Stomach flu,2023-04-23,2023-04-26,4,1.0
60772,108390,23/24,Cruciate ligament tear,2023-08-10,2024-03-31,235,50.0
60772,108390,23/24,Meniscus tear,2024-03-19,2024-04-28,41,8.0
60772,108390,24/25,Adductor tear,2024-09-30,2024-10-18,19,4.0
60772,108390,24/25,Achilles tendon problems,2024-10-23,2024-11-23,32,5.0
60772,108390,24/25,Patellar tendon irritation,2025-03-07,2025-03-12,6,1.0
60772,108390,24/25,Muscle injury,2025-03-19,2025-04-04,17,2.0
60772,108390,24/25,Back injury,2025-06-01,2025-06-15,15,2.0
60772,108390,25/26,Stomach flu,2025-11-25,2025-11-30,6,1.0
60772,108390,25/26,Muscle tear,2026-03-17,2026-05-01,46,9.0
60794,108878,12/13,Ankle injury,2012-12-16,2013-01-01,17,3.0
60794,108878,13/14,Hamstring injury,2013-03-06,2013-07-25,142,14.0
60794,108878,13/14,Broken collarbone,2013-10-05,2013-12-10,67,13.0
60794,108878,13/14,Fever,2013-12-16,2013-12-22,7,1.0
60794,108878,13/14,Calf injury,2014-01-07,2014-01-31,25,3.0
60794,108878,13/14,Thigh problems,2014-03-28,2014-04-25,29,3.0
60794,108878,13/14,Thigh problems,2014-05-08,2014-06-01,25,1.0
60794,108878,14/15,Thigh problems,2014-09-01,2014-09-30,30,6.0
60794,108878,14/15,Ankle injury,2015-03-05,2015-03-31,27,5.0
60794,108878,14/15,Knock,2015-04-20,2015-04-23,4,1.0
60794,108878,15/16,Ankle ligament tear,2015-08-25,2015-10-11,48,9.0
60794,108878,23/24,Ankle injury,2023-10-07,2023-10-22,16,
60794,108878,24/25,Knee injury,2025-02-16,2025-03-26,39,5.0
60914,82105,16/17,Ankle injury,2016-12-12,2017-01-09,29,6.0
60914,82105,17/18,Muscle injury,2017-11-30,2017-12-25,26,6.0
60914,82105,17/18,Hamstring injury,2018-04-02,2018-07-02,92,11.0
60914,82105,18/19,Broken collarbone,2018-12-13,2019-01-10,29,6.0
60914,82105,19/20,Knee injury,2019-10-28,2020-01-16,81,19.0
60914,82105,20/21,Ankle injury,2020-06-22,2020-07-30,39,8.0
60914,82105,20/21,Thigh problems,2020-09-14,2020-10-15,32,5.0
60914,82105,20/21,bruise,2020-10-19,2020-11-02,15,4.0
60914,82105,20/21,Back problems,2020-12-14,2020-12-17,4,1.0
60914,82105,20/21,Groin problems,2020-12-28,2021-01-21,25,4.0
60914,82105,20/21,Ankle injury,2021-01-28,2021-07-01,155,22.0
60914,82105,21/22,Corona virus,2021-12-30,2022-01-06,8,1.0
60914,82105,21/22,Ill,2022-03-03,2022-03-07,5,1.0
60914,82105,22/23,Calf injury,2022-10-11,2022-10-26,16,4.0
60914,82105,23/24,Cruciate ligament tear,2023-12-04,2024-06-30,210,37.0
61256,16306,14/15,Ankle sprain,2014-09-25,2014-10-16,22,4.0
61256,16306,15/16,minor knock,2016-04-14,2016-04-18,5,1.0
61256,16306,15/16,muscular problems,2016-05-02,2016-05-08,7,1.0
61256,16306,16/17,Fracture of fibula shaft,2016-09-19,2016-11-25,68,17.0
61256,16306,17/18,Stomach problems,2018-02-26,2018-02-28,3,1.0
61256,16306,18/19,Ankle sprain,2018-11-12,2018-12-17,36,9.0
61256,16306,20/21,Corona virus,2020-11-07,2020-11-22,16,4.0
61256,16306,21/22,infection,2021-10-04,2021-10-16,13,3.0
61256,16306,21/22,Stomach flu,2022-02-05,2022-02-11,7,1.0
61256,16306,21/22,muscular problems,2022-04-19,2022-04-25,7,1.0
61256,16306,23/24,Knock,2023-10-13,2024-01-04,84,18.0
61256,16306,25/26,unknown injury,2026-05-06,2026-05-12,7,1.0
61262,85314,14/15,Hamstring injury,2015-05-01,2015-06-30,61,10.0
61262,85314,15/16,Knee bruise,2015-08-14,2015-09-16,34,6.0
61262,85314,16/17,Ill,2016-12-08,2016-12-17,10,2.0
61262,85314,20/21,Hamstring strain,2020-11-02,2020-11-21,20,3.0
61262,85314,21/22,Broken toe,2021-09-16,2021-10-28,43,3.0
61262,85314,24/25,Hamstring injury,2025-03-11,2025-05-16,67,11.0
61262,85314,24/25,Thigh problems,2025-05-25,2025-06-27,34,3.0
61262,85314,25/26,Lumbar vertebra fracture,2025-07-20,2025-10-01,74,16.0
61262,85314,25/26,Calf injury,2025-10-13,2025-11-10,29,6.0
61262,85314,25/26,heart problems,2025-11-11,2026-04-30,171,24.0
61302,111073,18/19,Ankle injury,2018-11-12,2018-12-26,45,6.0
61316,81999,09/10,Torn lateral ankle ligament,2010-03-18,2010-04-07,21,3.0
61316,81999,13/14,Muscle strain,2014-04-26,2014-05-03,8,
61316,81999,14/15,minor knock,2014-10-08,2014-10-17,10,
61316,81999,14/15,flu,2015-04-03,2015-04-06,4,1.0
61316,81999,16/17,Knee injury,2016-09-12,2016-11-28,78,10.0
61316,81999,16/17,Achilles tendon problems,2017-04-27,2017-05-31,35,4.0
61316,81999,22/23,Muscle injury,2023-02-07,2023-02-24,18,2.0
61316,81999,23/24,Ankle injury,2024-02-23,2024-03-01,8,1.0
61316,81999,23/24,Stomach problems,2024-03-16,2024-03-21,6,1.0
61366,88755,20/21,Muscle injury,2020-10-12,2020-10-22,11,3.0
61366,88755,20/21,Hamstring injury,2021-01-21,2021-02-16,27,7.0
61366,88755,20/21,muscular problems,2021-05-05,2021-05-15,11,2.0
61366,88755,20/21,Facial fracture,2021-05-29,2021-06-14,17,3.0
61366,88755,21/22,Ankle injury,2021-08-01,2021-09-10,41,6.0
61366,88755,21/22,Corona virus,2021-11-19,2021-12-03,15,4.0
61366,88755,22/23,Ill,2023-02-21,2023-02-24,4,1.0
61366,88755,22/23,Foot bruise,2023-04-26,2023-05-04,9,2.0
61366,88755,23/24,Hamstring muscle injury,2023-08-12,2023-12-17,128,30.0
61366,88755,23/24,Fitness,2023-12-18,2023-12-29,12,3.0
61366,88755,23/24,Groin strain,2024-03-10,2024-03-18,9,1.0
61366,88755,23/24,Stomach problems,2024-04-09,2024-04-10,2,
61366,88755,24/25,Hamstring muscle injury,2024-09-18,2024-10-31,44,11.0
61366,88755,25/26,Hamstring muscle injury,2025-10-26,2026-03-03,129,30.0
61366,88755,25/26,Eye injury,2026-05-10,2026-05-12,3,1.0
61538,61711,12/13,Ankle injury,2013-03-17,2013-03-28,12,
61538,61711,14/15,Foot injury,2015-03-07,2015-04-11,36,3.0
61538,61711,15/16,Ankle injury,2016-01-29,2016-03-06,38,12.0
61538,61711,24/25,Knock,2024-07-19,2024-08-16,29,2.0
61538,61711,24/25,Muscle injury,2024-10-20,2024-11-24,36,6.0
61603,73491,16/17,Knee injury,2016-12-08,2016-12-15,8,2.0
61603,73491,17/18,Thigh problems,2017-08-03,2017-09-07,36,4.0
61603,73491,17/18,Calf strain,2017-09-11,2017-10-25,45,9.0
61603,73491,17/18,Calf strain,2018-04-11,2018-06-01,52,8.0
61603,73491,18/19,unknown injury,2018-11-02,2019-03-09,128,31.0
61603,73491,19/20,Ankle injury,2019-09-05,2019-11-29,86,9.0
61603,73491,19/20,Calf injury,2020-01-23,2020-02-15,24,2.0
61603,73491,19/20,unknown injury,2020-06-11,2020-06-26,16,3.0
61603,73491,20/21,unknown injury,2021-01-20,2021-02-15,27,6.0
61603,73491,20/21,unknown injury,2021-04-13,2021-04-19,7,1.0
61603,73491,20/21,unknown injury,2021-05-08,2021-05-16,9,2.0
61603,73491,21/22,Groin injury,2021-12-05,2021-12-31,27,1.0
61604,171679,18/19,Knock,2018-08-19,2018-08-24,6,
61604,171679,18/19,Facial fracture,2018-11-12,2018-11-24,13,2.0
61604,171679,18/19,Knock,2019-02-18,2019-02-22,5,
61604,171679,19/20,Ill,2019-08-21,2019-08-24,4,
61604,171679,19/20,Knee injury,2019-08-26,2019-09-13,19,2.0
61604,171679,20/21,Corona virus,2020-11-16,2020-11-25,10,2.0
61604,171679,20/21,unknown injury,2021-01-16,2021-01-26,11,2.0
61604,171679,20/21,Muscle injury,2021-04-01,2021-04-30,30,5.0
61604,171679,21/22,unknown injury,2021-10-13,2021-10-26,14,3.0
61604,171679,21/22,Internal ligament tear,2022-04-10,2022-07-10,92,11.0
61604,171679,25/26,Wrist fracture,2025-09-30,2025-10-16,17,1.0
61604,171679,25/26,unknown injury,2025-10-24,2025-12-01,39,5.0
61604,171679,25/26,unknown injury,2026-04-01,2026-04-20,20,2.0
61760,75890,12/13,Thigh problems,2012-11-05,2012-11-28,24,4.0
61760,75890,19/20,unknown injury,2020-07-07,2020-07-13,7,2.0
61760,75890,19/20,unknown injury,2020-07-19,2020-07-26,8,1.0
61760,75890,20/21,unknown injury,2021-01-08,2021-01-11,4,1.0
61760,75890,20/21,Calf problems,2021-01-19,2021-01-24,6,1.0
61760,75890,20/21,Corona virus,2021-04-16,2021-04-27,12,2.0
61810,125314,15/16,unknown injury,2015-08-20,2015-08-26,7,1.0
61810,125314,15/16,Knee injury,2015-10-02,2015-11-20,50,10.0
61810,125314,15/16,unknown injury,2016-01-15,2016-01-22,8,2.0
61810,125314,15/16,Muscle fatigue,2016-04-09,2016-04-19,11,2.0
61810,125314,18/19,Back injury,2018-08-19,2018-08-24,6,1.0
61810,125314,18/19,Foot injury,2018-11-23,2018-11-30,8,2.0
61810,125314,20/21,Hamstring injury,2020-10-22,2020-11-08,18,5.0
61810,125314,20/21,Ankle surgery,2021-01-19,2021-03-13,54,14.0
61810,125314,22/23,Hamstring injury,2022-10-02,2022-11-15,45,8.0
61810,125314,24/25,Knee problems,2024-11-11,2025-01-01,52,3.0
61810,125314,24/25,Knee injury,2025-04-19,2025-05-12,24,4.0
61810,125314,24/25,Hamstring injury,2025-05-23,2025-07-06,45,5.0
61810,125314,25/26,Cruciate ligament injury,2026-04-17,2026-12-31,259,18.0
61858,62049,11/12,Ankle ligament tear,2012-03-08,2012-03-16,9,2.0
61858,62049,11/12,Syndesmosis ligament tear,2012-04-11,2012-09-24,167,18.0
61858,62049,12/13,Foot injury,2013-03-01,2013-03-09,9,1.0
61858,62049,13/14,Ankle sprain,2013-09-09,2013-09-26,18,3.0
61858,62049,13/14,Torn muscle fiber,2013-09-28,2013-10-21,24,3.0
61858,62049,13/14,Shoulder injury,2014-03-08,2014-06-30,115,12.0
61858,62049,20/21,Knock,2021-01-06,2021-01-11,6,1.0
61858,62049,21/22,unknown injury,2022-02-18,2022-02-24,7,1.0
61858,62049,23/24,unknown injury,2023-11-25,2023-12-17,23,4.0
61933,119269,16/17,Metatarsal fracture,2017-03-04,2017-04-15,43,9.0
61933,119269,19/20,Calf injury,2019-09-26,2019-10-11,16,2.0
61933,119269,19/20,Groin injury,2020-01-12,2020-01-17,6,
61933,119269,19/20,Calf injury,2020-01-23,2020-02-07,16,1.0
61933,119269,20/21,bruise,2021-05-03,2021-06-01,30,4.0
61933,119269,21/22,Corona virus,2021-12-16,2021-12-28,13,1.0
61933,119269,21/22,Ankle injury,2022-01-14,2022-02-04,22,3.0
61933,119269,21/22,Thigh problems,2022-04-03,2022-04-23,21,3.0
61933,119269,22/23,Ill,2023-01-04,2023-01-10,7,1.0
61933,119269,22/23,unknown injury,2023-03-05,2023-03-13,9,2.0
61933,119269,23/24,unknown injury,2024-02-03,2024-03-28,55,10.0
61933,119269,24/25,unknown injury,2024-11-10,2024-11-20,11,
61933,119269,25/26,Calf injury,2025-09-15,2025-10-31,47,7.0
62398,74683,18/19,muscle stiffness,2019-02-20,2019-03-10,19,4.0
62398,74683,18/19,bruise,2019-03-18,2019-03-29,12,2.0
62398,74683,18/19,Ill,2019-04-04,2019-04-15,12,2.0
62398,74683,19/20,unknown injury,2019-10-20,2019-12-11,53,12.0
62398,74683,21/22,Knock,2021-11-29,2021-12-04,6,1.0
62398,74683,21/22,Ill,2021-12-10,2021-12-17,8,1.0
62398,74683,21/22,Shin injury,2022-02-10,2022-02-18,9,2.0
62398,74683,22/23,Adductor pain,2022-10-26,2022-10-31,6,1.0
62398,74683,22/23,Abdominal problems,2023-03-14,2023-03-18,5,1.0
62398,74683,22/23,Rest,2023-05-26,2023-05-29,4,1.0
62398,74683,23/24,Muscle injury,2023-12-19,2024-01-12,25,2.0
62398,74683,24/25,Back injury,2024-10-04,2024-10-23,20,2.0
62398,74683,24/25,Ill,2025-01-11,2025-01-16,6,1.0
62398,74683,24/25,Hip injury,2025-04-19,2025-04-24,6,1.0
62398,74683,25/26,Virus,2026-03-17,2026-03-30,14,1.0
62399,36139,07/08,Ankle injury,2007-11-06,2007-12-01,26,2.0
62399,36139,13/14,Knee injury,2013-07-10,2013-07-30,21,
62399,36139,14/15,Muscle injury,2014-12-13,2014-12-26,14,2.0
62399,36139,14/15,Groin injury,2015-04-28,2015-06-30,64,6.0
62399,36139,16/17,Nose injury,2016-11-12,2016-12-07,26,6.0
62399,36139,19/20,Rest,2019-09-08,2019-09-10,3,
62399,36139,19/20,Knock,2019-10-09,2019-10-18,10,2.0
62399,36139,24/25,influenza,2025-02-04,2025-02-06,3,1.0
62974,111630,18/19,Knock,2018-07-26,2018-08-17,23,1.0
62974,111630,18/19,Hamstring injury,2018-08-27,2018-09-14,19,3.0
62974,111630,18/19,Muscle strain,2018-11-29,2018-12-14,16,3.0
62974,111630,18/19,Calf injury,2018-12-27,2019-01-12,17,3.0
62974,111630,18/19,Muscle strain,2019-03-10,2019-05-11,63,11.0
62974,111630,19/20,Hamstring injury,2019-10-23,2019-12-25,64,12.0
62974,111630,19/20,Groin injury,2020-02-03,2020-02-18,16,2.0
62974,111630,20/21,Calf injury,2020-11-03,2020-12-26,54,11.0
62974,111630,21/22,Shoulder injury,2021-11-08,2022-03-12,125,24.0
62974,111630,23/24,Right hip flexor problems,2023-09-30,2023-10-16,17,2.0
62974,111630,23/24,Muscle injury,2023-11-23,2024-01-13,52,12.0
62974,111630,23/24,Torn muscle fiber in the adductor area,2024-01-26,2024-02-08,14,2.0
62974,111630,23/24,Back problems,2024-02-16,2024-03-10,24,3.0
62974,111630,23/24,Foot injury,2024-05-06,2024-06-24,50,4.0
62974,111630,24/25,unknown injury,2024-09-13,2024-10-14,32,4.0
63370,85935,12/13,Groin injury,2012-10-06,2012-10-20,15,2.0
63370,85935,12/13,Ankle injury,2013-02-06,2013-02-23,18,1.0
63370,85935,24/25,Foot injury,2024-09-08,2024-09-14,7,1.0
63370,85935,24/25,Hip problems,2025-02-21,2025-02-27,7,2.0
63370,85935,25/26,Hip problems,2026-04-01,2026-04-05,5,1.0
63370,85935,25/26,strain,2026-04-02,2026-04-05,4,1.0
63370,85935,25/26,Hip problems,2026-04-21,2026-05-20,30,5.0
66242,79027,18/19,Knock,2019-03-22,2019-03-29,8,1.0
66242,79027,18/19,Hamstring injury,2019-04-21,2019-05-31,41,4.0
66242,79027,19/20,Hamstring injury,2019-09-22,2019-10-18,27,5.0
66242,79027,19/20,Calf injury,2020-07-02,2020-07-03,2,
66242,79027,20/21,Calf injury,2020-09-10,2020-09-16,7,1.0
66242,79027,20/21,Calf injury,2020-09-24,2020-10-31,38,5.0
66242,79027,20/21,Knock,2020-11-07,2020-12-12,36,3.0
66242,79027,20/21,Groin injury,2021-01-29,2021-02-12,15,4.0
66242,79027,21/22,unknown injury,2021-08-23,2021-09-14,23,3.0
66242,79027,21/22,unknown injury,2021-09-28,2021-10-10,13,2.0
66242,79027,21/22,unknown injury,2021-11-01,2021-11-10,10,2.0
66242,79027,21/22,Knee injury,2021-12-01,2022-01-04,35,6.0
66242,79027,22/23,Cruciate ligament tear,2023-02-04,2024-01-05,336,31.0
66242,79027,23/24,Knee problems,2024-01-17,2024-01-17,1,
66242,79027,23/24,Cruciate ligament injury,2024-01-29,2024-06-30,154,16.0
66247,92899,21/22,Corona virus,2022-01-01,2022-01-14,14,1.0
66588,67420,17/18,Ankle surgery,2018-01-01,2018-05-05,125,20.0
66588,67420,18/19,Knee medial ligament tear,2018-10-27,2018-12-23,58,7.0
66588,67420,21/22,Knee injury,2021-09-17,2021-11-28,73,10.0
66733,91970,22/23,Knee problems,2022-12-10,2023-01-20,42,4.0
66733,91970,22/23,Muscle fatigue,2023-01-27,2023-01-31,5,2.0
66733,91970,22/23,flu,2023-02-11,2023-02-15,5,1.0
66733,91970,23/24,Achilles tendon irritation,2023-09-18,2023-10-01,14,4.0
66733,91970,23/24,Achilles tendon irritation,2023-10-12,2023-11-23,43,6.0
66733,91970,23/24,Achilles tendon irritation,2023-12-15,2023-12-20,6,2.0
66733,91970,23/24,Achilles tendon surgery,2023-12-20,2024-04-14,117,20.0
66733,91970,23/24,Muscle fatigue,2024-04-19,2024-04-27,9,
66733,91970,24/25,muscular problems,2024-12-04,2024-12-12,9,2.0
66733,91970,24/25,Hamstring muscle injury,2024-12-31,2025-01-20,21,4.0
66733,91970,24/25,Hamstring muscle injury,2025-03-09,2025-03-29,21,1.0
66733,91970,24/25,Hamstring muscle injury,2025-05-04,2025-05-23,20,2.0
66733,91970,25/26,Muscle fatigue,2025-09-13,2025-09-20,8,1.0
66733,91970,25/26,Hamstring injury,2025-11-09,2026-02-03,87,12.0
66733,91970,25/26,muscular problems,2026-03-14,2026-04-02,20,2.0
66749,96341,19/20,Adductor injury,2020-07-10,2020-07-18,9,2.0
66749,96341,20/21,Adductor injury,2020-10-29,2020-11-06,9,2.0
66749,96341,20/21,Contracture,2021-01-03,2021-01-06,4,
66749,96341,21/22,sprain,2021-10-21,2021-11-21,32,8.0
66749,96341,21/22,Corona virus,2021-12-16,2021-12-25,10,3.0
66749,96341,21/22,Ankle injury,2022-06-03,2022-06-30,28,3.0
66749,96341,22/23,Hamstring injury,2022-08-29,2022-10-25,58,14.0
66749,96341,22/23,Hamstring muscle injury,2022-10-31,2022-11-26,27,6.0
66749,96341,22/23,Inflammation in the knee,2023-01-08,2023-01-17,10,2.0
66749,96341,23/24,Hip problems,2024-03-13,2024-03-16,4,1.0
66749,96341,23/24,Thigh problems,2024-04-18,2024-04-30,13,2.0
66749,96341,25/26,Hamstring injury,2025-08-14,2025-12-14,123,28.0
66749,96341,25/26,Fitness,2025-12-14,2026-01-19,37,7.0
66749,96341,25/26,muscular problems,2026-03-30,2026-05-31,63,9.0
66749,96341,26/27,Fitness,2026-08-12,2026-08-16,5,1.0
66797,50219,11/12,Broken nose bone,2011-10-29,2011-12-31,64,10.0
66797,50219,18/19,Knock,2018-08-01,2018-08-19,19,1.0
66797,50219,18/19,Hand injury,2018-09-02,2018-09-14,13,2.0
66797,50219,20/21,Knee injury,2021-06-27,2021-07-26,30,3.0
66797,50219,23/24,Partial muscle tear,2024-02-28,2024-03-13,15,3.0
66797,50219,23/24,Hamstring injury,2024-03-17,2024-04-26,41,7.0
66797,50219,24/25,Knock,2025-04-24,2025-05-02,9,2.0
66797,50219,25/26,Adductor tear,2025-09-18,2025-11-23,67,13.0
66797,50219,25/26,Injury to abdominal muscles,2025-11-30,2026-01-19,51,8.0
66797,50219,25/26,Hamstring injury,2026-04-08,2026-05-06,29,5.0
66838,45671,15/16,Hamstring injury,2016-03-01,2016-03-05,5,1.0
66838,45671,18/19,Torn lateral knee ligament,2019-05-30,2019-07-30,62,3.0
66838,45671,19/20,Groin injury,2019-10-18,2019-10-27,10,2.0
66838,45671,19/20,Crack bruise,2020-01-24,2020-02-21,29,2.0
66838,45671,19/20,Cruciate ligament surgery,2020-03-02,2020-10-26,239,24.0
66838,45671,20/21,Quarantine,2021-02-01,2021-02-08,8,2.0
66838,45671,20/21,Edema in the knee,2021-02-19,2021-03-17,27,5.0
66838,45671,20/21,Corona virus,2021-03-28,2021-04-07,11,2.0
66838,45671,20/21,Patellar tendon rupture,2021-04-11,2021-10-24,197,31.0
66838,45671,21/22,Torn thigh muscle,2022-03-10,2022-05-23,75,15.0
66838,45671,22/23,Groin injury,2023-04-09,2023-04-17,9,1.0
66838,45671,22/23,Muscle tear,2023-06-07,2023-08-11,66,5.0
66838,45671,23/24,Hamstring strain,2023-11-09,2023-11-19,11,2.0
66838,45671,25/26,Groin injury,2025-08-16,2025-08-28,13,3.0
66838,45671,25/26,Herniated disc,2025-11-24,2025-12-26,33,7.0
66975,74300,12/13,Broken nose bone,2013-03-30,2013-04-12,14,2.0
66975,74300,14/15,Knee injury,2014-12-06,2015-01-17,43,8.0
66975,74300,17/18,Knock,2017-11-29,2017-12-01,3,
66975,74300,19/20,Knee injury,2020-07-17,2020-07-25,9,1.0
66975,74300,20/21,Virus,2020-11-12,2020-12-05,24,2.0
67089,74960,18/19,Groin injury,2018-08-01,2018-08-10,10,
67089,74960,19/20,Knee medial ligament tear,2020-03-07,2020-04-01,26,
67089,74960,20/21,Heel injury,2020-08-25,2020-12-21,119,24.0
67089,74960,20/21,Abdominal problems,2021-03-26,2021-04-01,7,2.0
67089,74960,21/22,Foot injury,2021-07-13,2021-09-20,70,9.0
67089,74960,21/22,angina,2022-03-22,2022-04-01,11,2.0
67089,74960,23/24,Fever,2023-10-11,2023-10-13,3,
67089,74960,23/24,Ill,2024-02-21,2024-02-26,6,1.0
67089,74960,24/25,Knee injury,2024-10-02,2024-10-30,29,5.0
67527,111508,24/25,unknown injury,2024-12-22,2025-02-05,46,7.0
67527,111508,24/25,muscular problems,2025-04-15,2025-04-29,15,2.0
68312,86792,15/16,Hamstring injury,2016-03-13,2016-04-08,27,4.0
68312,86792,16/17,Calf injury,2016-08-17,2016-09-24,39,7.0
68312,86792,16/17,Muscle injury,2016-11-03,2016-11-18,16,2.0
68312,86792,17/18,muscular problems,2018-03-18,2018-03-29,12,2.0
68312,86792,18/19,Inflammation of pubic bone,2019-03-18,2019-03-31,14,2.0
68312,86792,18/19,Calf injury,2019-06-10,2019-08-03,55,
68312,86792,19/20,Calf injury,2019-09-23,2019-11-26,65,16.0
68312,86792,19/20,Hamstring strain,2019-12-28,2020-01-10,14,3.0
68312,86792,19/20,Calf injury,2020-01-12,2020-07-04,175,16.0
68312,86792,20/21,Muscle injury,2020-11-16,2020-12-26,41,10.0
68312,86792,21/22,Calf injury,2022-04-03,2022-04-21,19,3.0
68312,86792,21/22,Hamstring injury,2022-06-13,2022-06-28,16,2.0
68312,86792,22/23,muscular problems,2023-03-19,2023-04-13,26,6.0
68312,86792,25/26,unknown injury,2026-03-06,2026-03-11,6,1.0
68312,86792,25/26,Muscle injury,2026-04-23,2026-05-06,14,2.0
68983,102258,17/18,Knock,2017-11-27,2017-12-15,19,4.0
68983,102258,18/19,Knock,2019-01-03,2019-01-11,9,1.0
68983,102258,18/19,Toe injury,2019-01-20,2019-02-08,20,3.0
68983,102258,19/20,Knee injury,2020-02-03,2020-06-10,129,4.0
68983,102258,19/20,Ankle injury,2020-06-28,2020-09-16,81,7.0
68983,102258,20/21,Knee injury,2020-10-01,2020-10-25,25,2.0
69140,88590,17/18,Hamstring injury,2017-10-09,2017-11-18,41,7.0
69140,88590,17/18,Hamstring strain,2017-12-02,2017-12-22,21,5.0
69140,88590,18/19,Hamstring injury,2018-12-08,2018-12-29,22,5.0
69140,88590,18/19,Knock,2019-01-02,2019-01-11,10,1.0
69140,88590,19/20,Ankle injury,2019-11-30,2019-11-30,1,
69140,88590,19/20,Ankle injury,2020-01-29,2020-02-01,4,
69140,88590,19/20,Muscle strain,2020-02-29,2020-03-15,16,2.0
69140,88590,20/21,Muscle injury,2020-07-19,2020-10-24,98,11.0
69140,88590,20/21,Quarantine,2021-02-01,2021-02-05,5,1.0
69140,88590,20/21,muscular problems,2021-02-19,2021-02-24,6,1.0
69140,88590,21/22,Torn muscle fiber in the adductor area,2021-10-24,2021-11-12,20,3.0
69140,88590,21/22,Knee injury,2021-12-12,2022-03-12,91,11.0
69140,88590,21/22,Hamstring injury,2022-04-04,2022-07-12,100,8.0
69140,88590,22/23,Muscle injury,2022-09-05,2022-10-18,44,7.0
69140,88590,22/23,Muscle injury,2022-10-29,2023-04-13,167,27.0
69143,74943,18/19,Abdominal muscle strain,2018-11-15,2018-12-20,36,6.0
69143,74943,19/20,Calf problems,2019-09-12,2019-09-30,19,3.0
69143,74943,19/20,Calf muscle tear,2019-12-09,2019-12-23,15,1.0
69143,74943,19/20,Hamstring strain,2020-02-13,2020-03-02,19,1.0
69143,74943,19/20,Lumbago,2020-03-05,2020-03-12,8,1.0
69143,74943,19/20,Muscle fatigue,2020-07-13,2020-07-23,11,3.0
69143,74943,20/21,bruise,2020-12-03,2020-12-17,15,2.0
69143,74943,20/21,muscular problems,2021-01-04,2021-01-18,15,2.0
69143,74943,20/21,Adductor injury,2021-04-15,2021-05-03,19,2.0
69143,74943,20/21,Knock,2021-05-10,2021-05-24,15,3.0
69143,74943,21/22,Leg injury,2021-08-16,2021-08-26,11,2.0
69143,74943,21/22,minor knock,2022-06-09,2022-06-13,5,1.0
69143,74943,24/25,Knee injury,2024-08-30,2024-09-06,8,2.0
69143,74943,24/25,Knee surgery,2024-09-20,2024-10-20,31,6.0
69143,74943,24/25,Meniscus injury,2025-01-10,2025-03-31,81,11.0
69752,111819,13/14,unknown injury,2014-05-04,2014-07-01,59,3.0
69752,111819,15/16,unknown injury,2016-04-16,2016-05-02,17,4.0
69752,111819,18/19,Back injury,2019-03-15,2019-03-29,15,1.0
69752,111819,19/20,Hand injury,2019-08-11,2019-09-17,38,4.0
69752,111819,19/20,Ankle sprain,2020-01-23,2020-02-14,23,5.0
69752,111819,20/21,Ankle sprain,2021-03-22,2021-04-24,34,4.0
69752,111819,21/22,cold,2021-11-05,2021-11-08,4,1.0
69752,111819,22/23,Hamstring injury,2022-10-24,2022-12-18,56,4.0
69752,111819,22/23,Fitness,2022-12-19,2023-01-13,26,5.0
69752,111819,23/24,Ankle injury,2023-10-27,2023-11-24,29,3.0
69752,111819,25/26,Thigh problems,2025-09-15,2026-01-20,128,19.0
69960,53173,12/13,flu,2012-10-31,2012-11-03,4,1.0
69960,53173,13/14,Ankle problems,2014-04-04,2014-05-05,32,5.0
69960,53173,14/15,Torn muscle fiber,2014-09-19,2014-10-06,18,4.0
69960,53173,14/15,muscular problems,2014-11-17,2014-11-24,8,1.0
69960,53173,14/15,Knock,2015-03-05,2015-03-20,16,1.0
69960,53173,16/17,surgery,2017-01-04,2017-01-22,19,1.0
69960,53173,16/17,Adductor pain,2017-02-03,2017-02-14,12,3.0
72147,124884,16/17,Ankle injury,2017-01-25,2017-04-20,86,17.0
72147,124884,24/25,Shoulder injury,2024-12-14,2024-12-22,9,2.0
72222,92738,13/14,Broken toe,2013-11-10,2013-12-05,26,4.0
72222,92738,13/14,Back injury,2014-03-06,2014-03-13,8,1.0
72222,92738,17/18,Hip injury,2018-05-11,2018-05-18,8,2.0
72222,92738,20/21,Hamstring strain,2020-12-30,2021-01-01,3,
72222,92738,20/21,Corona virus,2021-03-24,2021-04-01,9,3.0
72222,92738,21/22,Corona virus,2021-08-29,2021-09-09,12,3.0
72222,92738,24/25,flu,2025-02-27,2025-03-06,8,1.0
72222,92738,24/25,Thigh problems,2025-03-13,2025-03-20,8,1.0
73314,122155,16/17,Ankle injury,2016-12-11,2016-12-19,9,1.0
73314,122155,16/17,Muscle injury,2017-02-11,2017-03-30,48,6.0
73314,122155,16/17,Hamstring injury,2017-04-27,2017-05-11,15,2.0
73314,122155,17/18,Metatarsal bruise,2018-02-05,2018-03-02,26,6.0
73314,122155,18/19,Torn muscle fiber,2018-09-01,2018-09-20,20,1.0
73314,122155,18/19,Muscle injury,2019-03-04,2019-03-28,25,2.0
73314,122155,20/21,Corona virus,2020-09-09,2020-09-29,21,2.0
73314,122155,21/22,Torn muscle fiber,2022-01-04,2022-01-17,14,3.0
73314,122155,23/24,unknown injury,2023-09-24,2023-10-03,10,2.0
73314,122155,24/25,unknown injury,2024-09-14,2024-09-24,11,3.0
73314,122155,24/25,Muscle fatigue,2025-04-18,2025-04-23,6,1.0
73314,122155,25/26,Ankle sprain,2025-07-13,2025-07-21,9,2.0
73314,122155,25/26,Hamstring injury,2026-03-19,2026-03-31,13,1.0
73314,122155,25/26,Injury to the ankle,2026-05-10,2026-05-16,7,1.0
73426,120565,18/19,Knock,2018-12-06,2019-01-18,44,8.0
73426,120565,20/21,Hamstring injury,2020-09-01,2020-10-30,60,10.0
73494,45184,14/15,sprain,2015-01-26,2015-02-03,9,2.0
73494,45184,15/16,Knee injury,2016-01-29,2016-03-17,49,13.0
73494,45184,16/17,Knee injury,2017-01-13,2017-01-26,14,3.0
73494,45184,16/17,Rib fracture,2017-03-25,2017-04-13,20,6.0
73494,45184,19/20,concussion,2019-11-10,2019-11-13,4,
73494,45184,20/21,Calf problems,2020-08-29,2020-09-01,4,1.0
73494,45184,20/21,Corona virus,2020-11-30,2020-12-10,11,2.0
73494,45184,23/24,Knock,2023-08-29,2023-08-30,2,
73494,45184,24/25,Muscle injury,2025-01-08,2025-02-12,36,6.0
73889,120610,14/15,Back injury,2015-01-01,2015-01-23,23,6.0
73889,120610,14/15,Adductor pain,2015-04-11,2015-06-30,81,8.0
73889,120610,15/16,Hamstring injury,2015-12-03,2016-03-01,90,18.0
73889,120610,16/17,Back injury,2016-07-05,2016-11-05,124,18.0
73889,120610,16/17,Hamstring injury,2016-11-27,2016-12-20,24,5.0
73889,120610,16/17,Back injury,2016-12-21,2017-03-18,88,18.0
73889,120610,16/17,Back injury,2017-04-28,2017-08-10,105,6.0
73889,120610,17/18,Back injury,2017-10-16,2017-11-03,19,3.0
73889,120610,18/19,unknown injury,2018-10-22,2018-11-03,13,2.0
73889,120610,18/19,Torn ankle ligaments,2018-11-11,2018-12-24,44,5.0
73889,120610,18/19,unknown injury,2019-01-28,2019-02-17,21,3.0
73889,120610,18/19,Hip problems,2019-04-01,2019-04-08,8,1.0
73889,120610,19/20,unknown injury,2020-07-11,2020-07-15,5,1.0
73889,120610,19/20,unknown injury,2020-08-02,2020-09-07,37,1.0
74033,122223,20/21,Calf injury,2020-10-18,2020-11-18,32,6.0
74208,122153,20/21,Muscle injury,2021-04-08,2021-04-11,4,
74208,122153,21/22,Hamstring injury,2021-11-08,2022-02-03,88,16.0
74208,122153,21/22,Calf injury,2022-04-18,2022-05-23,36,5.0
74208,122153,22/23,Meniscus injury,2022-07-25,2022-09-12,50,7.0
74208,122153,22/23,Knee surgery,2022-09-05,2023-01-26,144,21.0
74208,122153,22/23,Hamstring strain,2022-10-31,2023-01-18,80,7.0
74208,122153,22/23,Groin strain,2023-02-01,2023-02-27,27,6.0
74208,122153,22/23,Adductor injury,2023-03-12,2023-04-11,31,6.0
74208,122153,22/23,Hamstring injury,2023-05-14,2023-06-20,38,4.0
74208,122153,23/24,unknown injury,2023-07-12,2023-08-15,35,
74208,122153,23/24,Muscle fatigue,2023-09-03,2023-10-05,33,4.0
74208,122153,25/26,Fitness,2025-08-11,2025-10-13,64,9.0
74208,122153,25/26,Thigh problems,2025-10-09,2025-10-31,23,4.0
74208,122153,25/26,Ankle injury,2025-10-30,2025-11-16,18,3.0
74208,122153,25/26,Calf injury,2025-12-13,2026-03-22,100,18.0
74230,52119,10/11,Thigh problems,2011-03-07,2011-03-31,25,4.0
74230,52119,12/13,Shoulder injury,2013-03-28,2013-04-11,15,2.0
74230,52119,13/14,Injury to abdominal muscles,2013-09-30,2013-10-03,4,1.0
74230,52119,14/15,Shoulder injury,2014-11-03,2015-01-01,60,11.0
74230,52119,16/17,Ankle injury,2017-03-06,2017-04-13,39,6.0
74230,52119,17/18,Hamstring injury,2017-10-28,2017-11-25,29,4.0
74230,52119,19/20,Hamstring strain,2019-12-05,2019-12-20,16,2.0
74230,52119,19/20,Hamstring strain,2019-12-27,2020-01-31,36,6.0
74230,52119,20/21,Shoulder injury,2020-07-17,2020-10-17,93,12.0
74230,52119,21/22,Corona virus,2022-01-03,2022-01-11,9,1.0
74230,52119,23/24,unknown injury,2023-08-20,2023-08-27,8,1.0
74230,52119,24/25,Rest,2024-12-18,2024-12-19,2,1.0
74230,52119,24/25,Calf injury,2025-02-14,2025-02-25,12,
74230,52119,24/25,unknown injury,2025-05-05,2025-05-12,8,1.0
74230,52119,25/26,unknown injury,2025-10-30,2025-11-01,3,
74375,119164,12/13,Overstretching,2012-09-10,2012-09-17,8,1.0
74375,119164,12/13,flu,2012-12-16,2012-12-23,8,1.0
74375,119164,12/13,flu,2013-01-18,2013-01-22,5,1.0
74375,119164,12/13,flu,2013-03-15,2013-03-18,4,
74375,119164,13/14,Ankle sprain,2014-04-19,2014-04-25,7,
74375,119164,14/15,Ankle injury,2014-09-25,2014-10-13,19,2.0
74375,119164,16/17,unknown injury,2016-11-27,2016-12-24,28,7.0
74375,119164,18/19,Cruciate ligament tear,2019-03-08,2019-05-31,85,12.0
74375,119164,20/21,Torn muscle bundle,2021-03-24,2021-04-16,24,4.0
74375,119164,20/21,Torn muscle bundle,2021-06-26,2021-07-22,27,3.0
74375,119164,21/22,Cruciate ligament tear,2021-07-22,2022-04-22,275,40.0
74375,119164,25/26,Inguinal hernia,2026-06-01,2026-06-30,30,
74471,123951,11/12,Back problems,2011-08-01,2011-12-15,137,16.0
74471,123951,17/18,Knee injury,2018-02-11,2018-03-09,27,3.0
74471,123951,18/19,Knock,2018-08-12,2018-08-24,13,1.0
74471,123951,18/19,Groin strain,2018-10-07,2018-10-19,13,1.0
74471,123951,18/19,Knee injury,2018-12-08,2019-01-29,53,14.0
74471,123951,18/19,Knock,2019-04-21,2019-05-04,14,1.0
74471,123951,19/20,Knock,2020-01-02,2020-01-17,16,2.0
74471,123951,19/20,Quarantine,2020-09-01,2020-09-14,14,2.0
74471,123951,22/23,Knee injury,2023-05-09,2023-07-03,56,5.0
74944,123551,20/21,unknown injury,2020-11-01,2020-11-11,11,2.0
74944,123551,24/25,Muscle injury,2024-10-25,2024-10-28,4,1.0
74944,123551,24/25,Injury to abdominal muscles,2025-02-14,2025-02-21,8,1.0
75115,123682,20/21,Hamstring strain,2020-11-07,2020-11-26,20,4.0
75115,123682,20/21,Hamstring injury,2021-01-04,2021-01-11,8,1.0
75115,123682,20/21,Hamstring injury,2021-02-07,2021-04-04,57,9.0
75115,123682,20/21,Hamstring injury,2021-05-08,2021-05-25,18,3.0
75115,123682,21/22,Hamstring injury,2021-08-30,2021-10-17,49,9.0
75115,123682,21/22,Calf injury,2021-12-27,2022-05-01,126,19.0
75115,123682,22/23,Hamstring injury,2022-08-21,2022-09-25,36,6.0
75115,123682,22/23,Corona virus,2022-11-01,2022-11-11,11,1.0
75115,123682,23/24,Hamstring injury,2023-09-24,2023-10-07,14,3.0
75115,123682,23/24,Hamstring injury,2023-11-07,2023-12-08,32,5.0
75115,123682,23/24,Calf injury,2023-12-26,2024-02-01,38,5.0
75115,123682,23/24,Chest injury,2024-02-11,2024-04-15,65,10.0
75115,123682,23/24,Ill,2024-05-06,2024-05-17,12,2.0
75115,123682,24/25,Back injury,2024-07-19,2024-11-25,130,14.0
75115,123682,24/25,Hamstring injury,2024-12-07,2025-02-05,61,12.0
75773,81801,11/12,Broken leg,2011-07-30,2012-04-30,276,52.0
75773,81801,14/15,Hairline crack in foot,2015-01-10,2015-04-24,105,23.0
75773,81801,17/18,muscular problems,2017-10-24,2017-12-10,48,10.0
75773,81801,19/20,Knee problems,2019-08-17,2019-10-24,69,7.0
75773,81801,19/20,Ankle injury,2020-06-06,2020-06-24,19,3.0
75773,81801,20/21,Knee injury,2020-09-29,2020-10-20,22,2.0
75773,81801,20/21,Bruised ribs,2021-03-19,2021-05-14,57,9.0
75773,81801,20/21,Ankle injury,2021-09-18,2021-10-04,17,3.0
75880,78966,11/12,Knee injury,2011-08-25,2011-09-10,17,3.0
75880,78966,11/12,Ankle injury,2012-02-04,2012-03-03,29,7.0
75880,78966,13/14,Ankle injury,2014-02-02,2014-04-11,69,12.0
75880,78966,16/17,Ankle injury,2016-07-06,2016-08-20,46,1.0
75880,78966,19/20,Ankle injury,2020-01-02,2020-09-27,270,18.0
75880,78966,20/21,Groin strain,2020-10-22,2020-11-22,32,8.0
76359,117996,14/15,Shin injury,2014-10-23,2014-12-11,50,9.0
76359,117996,14/15,Ankle injury,2015-04-13,2015-04-30,18,2.0
76359,117996,15/16,Vein occlusion,2015-08-06,2015-09-24,50,11.0
76359,117996,15/16,Ankle sprain,2015-11-23,2015-12-10,18,4.0
76359,117996,15/16,Ankle sprain,2016-01-04,2016-02-03,31,6.0
76359,117996,15/16,Ankle injury,2016-02-08,2016-04-04,57,19.0
76359,117996,16/17,Knee injury,2016-09-05,2016-11-03,60,14.0
76359,117996,16/17,Toe injury,2017-03-20,2017-05-04,46,11.0
76359,117996,17/18,Hamstring injury,2017-11-13,2017-11-30,18,5.0
76359,117996,17/18,Hamstring injury,2018-02-15,2018-04-10,55,11.0
76359,117996,18/19,Hamstring injury,2018-08-06,2018-08-25,20,2.0
76359,117996,18/19,Ill,2019-02-13,2019-03-16,32,6.0
76359,117996,18/19,Knock,2019-04-22,2019-05-04,13,2.0
76359,117996,19/20,Knock,2019-09-26,2019-10-19,24,3.0
76359,117996,19/20,Knee injury,2020-06-12,2021-09-09,455,78.0
76542,81796,16/17,Knee injury,2017-01-31,2017-03-04,33,
76542,81796,16/17,Knee injury,2017-06-14,2017-10-06,115,2.0
76542,81796,17/18,Calf strain,2017-12-14,2018-01-02,20,1.0
76542,81796,18/19,Achilles tendon problems,2019-01-07,2019-01-10,4,
76542,81796,18/19,Achilles tendon problems,2019-01-19,2019-02-23,36,5.0
76542,81796,18/19,Knee injury,2019-05-06,2019-05-31,26,1.0
76542,81796,19/20,Knock,2019-09-30,2020-02-26,150,23.0
76542,81796,19/20,Ankle injury,2020-06-12,2020-06-26,15,4.0
76542,81796,20/21,Fitness,2020-07-20,2020-08-25,37,6.0
76542,81796,20/21,Achilles tendon problems,2020-09-19,2020-12-31,104,10.0
76542,81796,20/21,Hamstring strain,2021-02-27,2021-03-02,4,
76542,81796,20/21,Thigh problems,2021-04-08,2021-04-23,16,4.0
76542,81796,22/23,Fitness,2023-04-10,2023-04-17,8,2.0
76542,81796,23/24,Achilles tendon problems,2024-06-10,2024-10-22,135,20.0
76542,81796,24/25,unknown injury,2025-04-12,2025-12-31,264,20.0
77359,127108,16/17,Muscle injury,2017-04-07,2017-04-14,8,1.0
77359,127108,17/18,Ankle injury,2017-08-13,2017-09-10,29,3.0
77359,127108,18/19,Cruciate ligament tear,2018-07-23,2018-12-31,162,21.0
77359,127108,18/19,Knock,2018-12-11,2019-01-01,22,4.0
77359,127108,18/19,Knee injury,2019-04-06,2019-11-04,213,17.0
77359,127108,19/20,Groin injury,2020-01-23,2020-01-30,8,1.0
77359,127108,19/20,Thigh problems,2020-06-13,2020-08-31,80,10.0
77359,127108,21/22,Ankle injury,2021-09-01,2021-10-02,32,4.0
77454,96754,19/20,Hamstring injury,2020-02-17,2020-03-18,31,1.0
77454,96754,19/20,Thigh problems,2020-06-22,2020-06-30,9,2.0
77454,96754,19/20,Hamstring muscle injury,2020-07-06,2020-07-17,12,
77454,96754,20/21,unknown injury,2021-02-15,2021-02-22,8,1.0
77454,96754,20/21,unknown injury,2021-03-25,2021-04-07,14,2.0
77454,96754,20/21,Corona virus,2021-04-06,2021-04-13,8,2.0
77454,96754,21/22,Foot injury,2021-07-08,2021-09-09,64,3.0
77454,96754,21/22,Fitness,2021-09-09,2021-09-26,18,4.0
77454,96754,21/22,unknown injury,2021-11-18,2021-12-16,29,5.0
77454,96754,21/22,unknown injury,2022-03-02,2022-03-31,30,3.0
77454,96754,21/22,Fitness,2022-03-31,2022-04-10,11,2.0
77454,96754,23/24,unknown injury,2023-08-17,2023-08-23,7,1.0
77454,96754,23/24,Adductor injury,2023-11-24,2024-02-24,93,12.0
77454,96754,24/25,Calf problems,2024-08-12,2024-08-19,8,1.0
77454,96754,24/25,muscular problems,2025-05-11,2025-05-12,2,
77760,121686,15/16,Bruised ribs,2016-06-09,2016-08-14,67,2.0
77760,121686,17/18,minor knock,2017-07-13,2017-08-01,20,6.0
77760,121686,18/19,Knock,2018-10-25,2018-10-31,7,1.0
77760,121686,19/20,muscular problems,2019-10-21,2019-11-17,28,5.0
77760,121686,20/21,Hip problems,2021-03-23,2021-04-01,10,
77760,121686,20/21,Abdominal muscle strain,2021-05-08,2021-05-24,17,3.0
77760,121686,20/21,Knock,2021-05-09,2021-05-17,9,2.0
77760,121686,21/22,Arm injury,2021-08-25,2021-10-07,44,5.0
77760,121686,21/22,Corona virus,2022-03-16,2022-03-29,14,1.0
77760,121686,22/23,Knee medial ligament tear,2023-01-19,2023-03-24,65,11.0
77762,124983,14/15,Hamstring injury,2015-02-19,2015-04-27,68,14.0
77762,124983,14/15,Metatarsal fracture,2015-04-28,2015-08-01,96,11.0
77762,124983,15/16,Internal ligament strain,2015-08-29,2015-09-19,22,3.0
77762,124983,15/16,Thigh problems,2015-11-01,2016-01-09,70,14.0
77762,124983,16/17,Hamstring injury,2017-04-09,2017-05-13,35,4.0
77762,124983,17/18,minor knock,2017-07-09,2017-08-10,33,5.0
77762,124983,20/21,Corona virus,2020-11-06,2020-11-13,8,1.0
77762,124983,21/22,Cartilage damage,2021-07-07,2021-08-20,45,14.0
77762,124983,22/23,Calf injury,2023-03-24,2023-04-12,20,5.0
77762,124983,22/23,Groin injury,2023-05-23,2023-06-02,11,3.0
77762,124983,22/23,unknown injury,2023-06-07,2023-06-20,14,3.0
77762,124983,24/25,Fitness,2024-09-16,2024-09-25,10,2.0
77762,124983,24/25,strain,2024-10-18,2024-10-21,4,1.0
77762,124983,24/25,strain,2025-01-29,2025-01-31,3,1.0
77762,124983,24/25,Sore muscles,2025-05-20,2025-05-30,11,3.0
77794,95810,17/18,Ankle injury,2017-08-05,2017-08-19,15,1.0
77794,95810,18/19,bruise,2018-08-01,2018-08-17,17,1.0
77794,95810,18/19,Groin strain,2018-11-10,2018-12-13,34,7.0
77794,95810,18/19,Strain in the thigh and gluteal muscles,2019-03-03,2019-03-22,20,2.0
77794,95810,19/20,Groin strain,2020-01-16,2020-02-20,36,7.0
77794,95810,21/22,Shoulder injury,2021-11-08,2021-12-10,33,7.0
77794,95810,21/22,Metatarsal fracture,2022-02-13,2022-05-01,78,14.0
77794,95810,23/24,Groin injury,2023-12-26,2024-01-05,11,1.0
77794,95810,23/24,Calf injury,2024-03-02,2024-05-10,70,11.0
77794,95810,24/25,Hamstring injury,2024-10-14,2024-11-25,43,5.0
77794,95810,25/26,Ill,2025-10-31,2025-11-04,5,1.0
77794,95810,25/26,Thigh problems,2025-11-21,2026-01-04,45,11.0
77818,91340,21/22,Knee injury,2022-04-18,2022-04-18,1,
78007,1011131,25/26,Knee problems,2025-12-28,2026-01-16,20,4.0
78056,66100,10/11,muscular problems,2010-09-10,2010-09-30,21,9.0
78056,66100,10/11,Meniscus damage,2011-01-03,2011-04-03,91,34.0
78056,66100,12/13,Knee injury,2012-12-08,2013-05-01,145,37.0
78056,66100,13/14,Meniscus injury,2014-02-02,2014-03-15,42,7.0
78056,66100,13/14,Muscle injury,2014-04-28,2014-05-15,18,3.0
78056,66100,14/15,muscular problems,2015-05-21,2015-05-22,2,
78056,66100,20/21,Calf injury,2020-12-30,2021-01-29,31,5.0
78056,66100,20/21,Calf injury,2021-02-01,2021-02-05,5,1.0
78056,66100,20/21,Ankle surgery,2021-02-23,2021-05-19,86,14.0
78056,66100,23/24,muscular problems,2024-02-08,2024-02-15,8,1.0
78056,66100,24/25,Tendon tear,2024-09-30,2024-10-30,31,5.0
78091,123742,14/15,Torn muscle fiber,2015-05-07,2015-06-21,46,7.0
78091,123742,15/16,Thigh problems,2015-07-24,2015-09-22,61,12.0
78091,123742,16/17,Knee injury,2017-01-07,2017-02-11,36,6.0
78091,123742,17/18,Ankle sprain,2018-02-25,2018-03-05,9,
78091,123742,18/19,Knock,2019-02-12,2019-03-06,23,3.0
78091,123742,18/19,Knock,2019-03-11,2019-03-25,15,1.0
78091,123742,19/20,Knee injury,2020-01-07,2020-01-22,16,2.0
78091,123742,20/21,Knee injury,2021-04-23,2021-05-02,10,1.0
78091,123742,20/21,Ankle injury,2021-05-13,2021-05-21,9,1.0
78091,123742,22/23,Torn thigh muscle,2022-12-04,2023-01-06,34,4.0
78091,123742,22/23,Muscle fatigue,2023-02-01,2023-02-03,3,
78091,123742,22/23,Adductor pain,2023-02-03,2023-02-09,7,1.0
78091,123742,23/24,Torn muscle bundle,2023-08-08,2023-08-23,16,2.0
78091,123742,23/24,Muscle injury,2024-02-20,2024-03-25,35,4.0
78091,123742,24/25,muscular problems,2025-06-17,2025-07-01,15,3.0
78315,101118,24/25,unknown injury,2025-03-09,2025-04-12,35,3.0
78356,129627,10/11,Hamstring injury,2011-03-06,2011-06-30,117,13.0
78356,129627,15/16,Hamstring injury,2016-03-01,2016-04-03,34,3.0
78356,129627,15/16,Knee injury,2016-04-09,2016-04-23,15,1.0
78356,129627,16/17,Shoulder injury,2016-12-08,2017-04-30,144,25.0
78356,129627,17/18,Hamstring injury,2017-12-23,2018-03-31,99,15.0
78356,129627,18/19,Shoulder injury,2018-10-28,2018-11-03,7,
78356,129627,18/19,Ankle injury,2019-01-06,2019-02-01,27,4.0
78412,79642,10/11,Thigh problems,2010-10-07,2010-10-28,22,5.0
78412,79642,11/12,Capsular injury,2011-07-14,2011-07-28,15,
78412,79642,11/12,Inner knee ligament tear,2012-03-15,2012-03-31,17,3.0
78412,79642,12/13,Toe injury,2012-09-27,2012-10-18,22,5.0
78412,79642,12/13,Inner ligament stretch of the knee,2012-12-06,2012-12-16,11,2.0
78412,79642,12/13,Outer ligament problems,2013-03-21,2013-04-01,12,1.0
78412,79642,14/15,Calf stiffness,2014-09-25,2014-10-02,8,1.0
78412,79642,14/15,Thigh problems,2015-02-02,2015-02-05,4,1.0
78412,79642,17/18,Ankle injury,2018-04-16,2018-05-28,43,5.0
78412,79642,17/18,muscular problems,2018-06-28,2018-08-24,58,2.0
78412,79642,20/21,Torn muscle bundle,2020-10-04,2020-11-08,36,4.0
78412,79642,23/24,Knee injury,2023-09-27,2023-10-25,29,3.0
78412,79642,23/24,Knee injury,2023-12-21,2024-05-07,139,19.0
78830,132098,17/18,Ankle injury,2018-03-12,2018-04-01,21,3.0
78830,132098,18/19,Back injury,2018-07-04,2018-07-06,3,
78830,132098,18/19,Torn ankle ligaments,2019-01-14,2019-02-23,41,7.0
78830,132098,18/19,Ligament injury,2019-04-10,2019-05-31,52,9.0
78830,132098,19/20,Ill,2019-11-01,2019-11-04,4,1.0
78830,132098,19/20,Torn thigh muscle,2020-01-02,2020-03-09,68,14.0
78830,132098,19/20,Fitness,2020-03-09,2020-04-01,24,1.0
78830,132098,20/21,unknown injury,2020-11-30,2020-12-05,6,1.0
78830,132098,20/21,Ankle injury,2021-01-29,2021-02-05,8,2.0
78830,132098,20/21,Ankle injury,2021-04-16,2021-04-22,7,1.0
78830,132098,23/24,Ankle injury,2024-03-17,2024-03-27,11,2.0
78830,132098,23/24,Back problems,2024-05-09,2024-06-01,24,2.0
78830,132098,24/25,Torn muscle fiber,2024-12-01,2024-12-15,15,4.0
78830,132098,25/26,Calf problems,2026-03-05,2026-03-08,4,1.0
78830,132098,25/26,Ankle problems,2026-03-31,2026-04-06,7,2.0
80146,108354,18/19,Knock,2018-08-09,2018-08-19,11,1.0
80146,108354,20/21,Virus,2020-10-19,2020-10-29,11,1.0
80179,121257,13/14,Ankle injury,2014-04-22,2014-09-01,133,9.0
80179,121257,19/20,Hip injury,2019-09-30,2021-04-12,561,71.0
80179,121257,21/22,Broken kneecap,2022-04-22,2022-06-30,70,6.0
80179,121257,25/26,Hamstring injury,2025-08-04,2025-10-11,69,9.0
80179,121257,25/26,Hamstring injury,2025-12-08,2026-01-05,29,7.0
80183,110860,15/16,Ankle injury,2015-08-01,2015-09-14,45,8.0
80183,110860,22/23,Hamstring injury,2022-12-27,2023-02-16,52,9.0
80226,127032,19/20,Broken arm,2019-08-17,2019-08-28,12,2.0
80226,127032,19/20,Bruised back,2019-09-18,2019-09-18,1,
80226,127032,19/20,Arch problems,2019-11-06,2019-11-06,1,
80226,127032,19/20,Cheekbone bruise,2019-12-11,2019-12-11,1,
80226,127032,20/21,Knock,2020-09-14,2020-09-19,6,1.0
80226,127032,20/21,Arch problems,2020-10-30,2020-11-07,9,2.0
80226,127032,20/21,Knock,2020-12-07,2020-12-12,6,1.0
80226,127032,20/21,Foot injury,2021-02-07,2021-02-26,20,5.0
80226,127032,20/21,Groin injury,2021-05-15,2021-05-18,4,1.0
80226,127032,21/22,Hip problems,2021-11-27,2022-01-02,37,7.0
80226,127032,22/23,Calf injury,2023-02-18,2023-03-05,16,1.0
80226,127032,23/24,Calf strain,2023-12-05,2024-01-06,33,6.0
80226,127032,23/24,Hamstring strain,2024-02-11,2024-03-25,44,8.0
80226,127032,25/26,Hamstring strain,2025-09-01,2025-10-01,31,3.0
80226,127032,25/26,unknown injury,2025-12-09,2025-12-24,16,2.0
80254,126321,11/12,fatigue fracture,2011-11-17,2012-02-19,95,29.0
80254,126321,14/15,Torn muscle fiber,2014-08-03,2014-09-12,41,6.0
80254,126321,15/16,Torn knee ligaments,2016-01-23,2016-10-13,265,30.0
80254,126321,17/18,Shoulder injury,2017-08-26,2018-01-19,147,23.0
80254,126321,18/19,Ankle injury,2018-08-13,2018-10-24,73,11.0
80254,126321,19/20,Ankle injury,2019-09-01,2020-02-11,164,17.0
80254,126321,23/24,unknown injury,2024-01-24,2024-03-07,44,6.0
80447,81789,09/10,Calf strain,2009-07-04,2009-07-16,13,3.0
80447,81789,09/10,fatigue fracture,2010-01-11,2010-10-24,287,44.0
80447,81789,11/12,Inner ligament injury,2012-06-10,2012-06-30,21,1.0
80447,81789,14/15,Ankle injury,2014-09-20,2014-10-18,29,8.0
80447,81789,17/18,Hamstring injury,2018-01-13,2018-01-21,9,1.0
80447,81789,17/18,Knee injury,2018-02-16,2018-03-17,30,4.0
80447,81789,18/19,Virus,2019-04-26,2019-06-10,46,5.0
80447,81789,21/22,Knee bruise,2021-11-17,2021-11-23,7,1.0
80447,81789,21/22,Thigh problems,2022-01-07,2022-02-22,47,9.0
80447,81789,22/23,Knee bruise,2023-01-15,2023-01-20,6,
80447,81789,22/23,Torn muscle fiber,2023-04-14,2023-04-25,12,2.0
80447,81789,24/25,Muscle injury,2025-04-03,2025-04-22,20,4.0
80447,81789,25/26,Leg injury,2025-08-14,2025-08-28,15,3.0
80447,81789,25/26,Ankle injury,2025-10-02,2025-10-16,15,3.0
80447,81789,25/26,Knee injury,2026-04-24,2026-05-01,8,1.0
80498,61583,18/19,Broken leg,2018-09-16,2021-01-16,854,122.0
80607,69633,10/11,flu,2010-09-11,2010-09-15,5,1.0
80607,69633,13/14,unknown injury,2013-11-16,2013-12-10,25,5.0
80607,69633,15/16,Knee injury,2015-08-21,2015-09-17,28,5.0
80607,69633,18/19,Abdominal muscle strain,2018-09-22,2018-10-20,29,6.0
80607,69633,19/20,Muscle strain,2019-10-16,2019-10-21,6,1.0
80607,69633,20/21,heart problems,2021-06-13,2022-01-30,232,35.0
80607,69633,21/22,Fitness,2022-01-31,2022-02-25,26,4.0
80607,69633,22/23,Ankle injury,2023-01-29,2023-04-06,68,18.0
80607,69633,23/24,Knee injury,2023-11-11,2023-12-22,42,9.0
80607,69633,24/25,Ill,2025-02-15,2025-02-17,3,1.0
80607,69633,25/26,heart problems,2026-06-07,,96,5.0
80711,127194,10/11,Broken tibia,2010-09-19,2011-04-15,209,24.0
80711,127194,11/12,Adductor injury,2011-12-15,2012-05-30,168,24.0
80711,127194,13/14,Back injury,2013-09-05,2014-02-10,159,37.0
80711,127194,14/15,Hamstring injury,2014-09-10,2014-10-30,51,12.0
80711,127194,15/16,Groin injury,2015-09-14,2015-11-11,59,13.0
80711,127194,15/16,Ill,2015-12-04,2015-12-10,7,1.0
80711,127194,15/16,Calf injury,2016-04-24,2017-03-01,312,40.0
80711,127194,19/20,Shoulder injury,2020-01-12,2020-02-21,41,5.0
80711,127194,22/23,unknown injury,2023-02-20,2023-04-30,70,10.0
80711,127194,22/23,Fitness,2023-05-03,2023-05-20,18,2.0
80711,127194,23/24,Muscle injury,2023-07-12,2023-09-15,66,9.0
80755,38383,09/10,Syndesmosis ligament tear,2009-07-11,2009-08-08,29,
80755,38383,10/11,Meniscus tear,2010-12-15,2011-04-01,108,11.0
80755,38383,10/11,Ligament injury,2011-05-09,2011-05-16,8,1.0
80755,38383,11/12,Shoulder injury,2012-04-25,2012-06-01,38,4.0
80755,38383,12/13,Ankle sprain,2013-04-11,2013-06-01,52,9.0
80755,38383,13/14,Foot injury,2013-09-19,2013-11-10,53,10.0
80755,38383,17/18,Hairline crack in foot,2017-09-16,2017-10-13,28,5.0
80755,38383,17/18,Ankle injury,2018-03-14,2018-08-17,157,9.0
80755,38383,18/19,Ankle injury,2018-08-20,2018-08-31,12,1.0
80755,38383,18/19,Knee injury,2018-09-20,2018-11-24,66,7.0
80755,38383,18/19,Knee injury,2018-12-12,2019-03-29,108,16.0
80789,85289,14/15,Outer ligament problems,2014-09-13,2014-11-05,54,8.0
80789,85289,14/15,Metatarsal fracture,2015-05-01,2015-08-24,116,7.0
80789,85289,17/18,Knock,2017-11-26,2017-12-17,22,2.0
80789,85289,17/18,Groin injury,2018-02-19,2018-02-28,10,1.0
80789,85289,23/24,unknown injury,2023-10-03,2023-10-18,16,2.0
80789,85289,23/24,Broken nose bone,2024-01-20,2024-01-23,4,
80789,85289,24/25,unknown injury,2024-08-05,2024-09-21,48,5.0
80789,85289,24/25,Ankle injury,2024-10-10,2024-11-07,29,4.0
80801,126665,11/12,Hand injury,2011-11-23,2011-12-08,16,2.0
80801,126665,18/19,Knee injury,2018-08-25,2018-09-16,23,3.0
80801,126665,18/19,Ankle injury,2018-10-15,2018-10-20,6,1.0
80801,126665,18/19,Groin strain,2018-12-12,2018-12-25,14,2.0
80801,126665,18/19,Groin strain,2019-01-27,2019-02-05,10,2.0
80801,126665,19/20,Rest,2019-09-24,2019-09-26,3,1.0
80801,126665,19/20,Groin injury,2019-10-11,2019-10-28,18,3.0
80801,126665,19/20,Hamstring injury,2019-12-09,2020-01-01,24,4.0
80801,126665,20/21,Ankle injury,2020-09-20,2020-10-02,13,1.0
80801,126665,20/21,Hamstring injury,2020-10-20,2020-10-25,6,1.0
80801,126665,21/22,Corona virus,2021-08-01,2021-08-16,16,3.0
80801,126665,21/22,Corona virus,2022-01-12,2022-01-15,4,1.0
80935,136610,13/14,Rib fracture,2014-03-09,2014-03-30,22,3.0
80935,136610,20/21,unknown injury,2021-03-08,2021-03-15,8,1.0
80935,136610,21/22,Corona virus,2022-01-07,2022-01-13,7,1.0
80954,131505,18/19,muscular problems,2018-10-28,2018-11-02,6,1.0
80954,131505,18/19,Muscle injury,2018-11-28,2018-12-07,10,2.0
80954,131505,18/19,muscular problems,2019-02-12,2019-02-23,12,3.0
80954,131505,18/19,muscular problems,2019-04-12,2019-04-19,8,2.0
80954,131505,19/20,muscular problems,2019-10-17,2019-10-26,10,2.0
80954,131505,19/20,Back injury,2019-11-10,2019-11-20,11,2.0
80954,131505,19/20,Knee injury,2020-01-05,2020-01-24,20,3.0
80954,131505,19/20,Knee injury,2020-02-13,2020-03-05,22,4.0
80954,131505,19/20,Torn knee ligaments,2020-07-02,2020-09-02,63,5.0
80954,131505,20/21,Virus,2020-11-02,2020-11-21,20,5.0
80954,131505,20/21,Groin injury,2021-01-31,2021-03-05,34,11.0
80954,131505,21/22,Heel problems,2021-12-09,2022-01-14,37,5.0
80954,131505,22/23,Ankle injury,2023-01-29,2023-03-10,41,7.0
80954,131505,24/25,Finger injury,2024-09-14,2024-12-17,95,15.0
80954,131505,24/25,unknown injury,2025-03-08,2025-04-14,38,3.0
81183,101500,11/12,Cruciate ligament tear,2011-09-21,2012-03-21,183,38.0
81183,101500,13/14,Hamstring injury,2013-08-25,2013-10-15,52,9.0
81183,101500,19/20,Hip injury,2019-11-03,2019-12-02,30,5.0
81183,101500,20/21,Back injury,2020-12-18,2021-01-11,25,3.0
81183,101500,20/21,Hamstring injury,2021-02-10,2021-02-18,9,2.0
81183,101500,21/22,Groin surgery,2022-02-03,2022-02-28,26,6.0
81183,101500,21/22,Elbow injury,2022-03-09,2022-03-31,23,3.0
81183,101500,23/24,Knee injury,2023-11-05,2023-12-11,37,7.0
81205,119150,18/19,minor knock,2019-02-22,2019-02-25,4,1.0
81205,119150,18/19,minor knock,2019-03-09,2019-03-11,3,1.0
81205,119150,18/19,Knock,2019-05-16,2019-05-19,4,1.0
81205,119150,21/22,Muscle injury,2021-10-07,2021-10-15,9,2.0
81205,119150,23/24,Cruciate ligament tear,2023-07-23,2024-01-22,184,29.0
81205,119150,23/24,Fitness,2024-01-22,2024-03-10,49,10.0
81205,119150,24/25,minor knock,2024-09-22,2024-09-24,3,1.0
81441,142389,13/14,Cyst in the knee,2013-11-12,2014-05-01,171,34.0
81441,142389,14/15,Groin problems,2014-09-25,2015-01-01,99,16.0
81880,143424,15/16,Knee injury,2016-02-22,2016-04-28,67,14.0
81880,143424,15/16,Inner ligament injury,2016-05-05,2016-07-07,64,9.0
81880,143424,16/17,Hamstring injury,2017-05-10,2017-05-27,18,3.0
81880,143424,17/18,Cruciate ligament tear,2018-04-25,2019-03-07,317,58.0
81880,143424,18/19,Hamstring injury,2019-03-09,2019-04-12,35,9.0
81880,143424,18/19,Knock,2019-05-06,2019-05-11,6,1.0
81880,143424,19/20,Head injury,2019-10-03,2019-10-07,5,1.0
81880,143424,19/20,Ankle injury,2019-12-23,2020-01-04,13,3.0
81880,143424,19/20,Knock,2020-06-11,2020-06-20,10,
81880,143424,20/21,Knee injury,2020-08-21,2020-12-12,114,20.0
81880,143424,22/23,Hamstring injury,2022-07-16,2022-10-17,94,14.0
81880,143424,23/24,Torn thigh muscle,2023-12-21,2024-03-29,100,17.0
81880,143424,23/24,pneumonia,2024-05-10,2024-05-13,4,1.0
81880,143424,24/25,Rest,2025-02-22,2025-02-26,5,1.0
81880,143424,24/25,Inner ligament stretch of the knee,2025-05-11,2025-06-02,23,3.0
82143,61697,17/18,Knee injury,2018-04-20,2018-05-07,18,3.0
82143,61697,24/25,Ankle problems,2024-08-17,2024-10-29,74,9.0
82143,61697,24/25,Virus,2024-11-25,2024-11-30,6,1.0
82143,61697,24/25,Ankle problems,2024-11-26,2024-11-30,5,
82143,61697,24/25,Ankle problems,2024-12-08,2024-12-10,3,1.0
82143,61697,24/25,Ankle problems,2024-12-10,2024-12-26,17,2.0
82143,61697,24/25,Ill,2025-01-17,2025-01-19,3,1.0
82143,61697,24/25,Ankle injury,2025-02-22,2025-06-16,115,13.0
82143,61697,25/26,Ankle injury,2025-06-16,2025-09-06,83,4.0
82143,61697,25/26,Ligament injury,2026-01-26,2026-02-06,12,1.0
82143,61697,25/26,Ankle injury,2026-05-06,,128,6.0
82257,111428,12/13,Broken finger,2013-03-21,2013-06-17,89,9.0
82257,111428,18/19,unknown injury,2018-08-16,2018-08-22,7,1.0
82257,111428,20/21,Groin injury,2020-09-02,2021-02-03,155,18.0
82257,111428,20/21,unknown injury,2021-02-15,2021-06-30,136,19.0
82263,112515,09/10,Ankle injury,2010-04-26,2010-07-03,69,6.0
82263,112515,11/12,Metatarsal fracture,2011-08-26,2011-12-15,112,17.0
82263,112515,11/12,Ankle injury,2011-12-20,2012-03-10,82,19.0
82263,112515,15/16,Muscle injury,2015-10-24,2015-11-01,9,2.0
82263,112515,15/16,Injury to the ankle,2016-02-02,2016-02-12,11,2.0
82263,112515,18/19,Back injury,2018-12-03,2018-12-04,2,
82263,112515,18/19,Hamstring injury,2019-04-01,2019-04-28,28,5.0
82263,112515,19/20,Knock,2019-12-23,2020-01-20,29,6.0
82263,112515,21/22,Corona virus,2022-03-01,2022-03-12,12,3.0
82263,112515,23/24,Back injury,2023-12-01,2024-03-15,106,22.0
82263,112515,23/24,Lumbago,2024-05-24,2024-05-31,8,1.0
82263,112515,24/25,sprain,2025-01-11,2025-01-24,14,1.0
82403,145988,20/21,Virus,2020-11-23,2020-12-05,13,2.0
82403,145988,20/21,Knock,2021-01-15,2021-01-25,11,1.0
82403,145988,20/21,Hamstring strain,2021-02-04,2021-03-04,29,5.0
82403,145988,21/22,unknown injury,2021-10-11,2021-10-19,9,1.0
82403,145988,22/23,unknown injury,2022-08-20,2022-08-28,9,2.0
82403,145988,22/23,unknown injury,2023-01-21,2023-02-26,37,6.0
82403,145988,22/23,unknown injury,2023-04-01,2023-04-26,26,4.0
82403,145988,22/23,unknown injury,2023-05-13,2023-08-05,85,5.0
82403,145988,23/24,Fitness,2023-08-05,2023-08-11,7,1.0
82403,145988,23/24,unknown injury,2023-08-15,2023-09-17,34,6.0
82403,145988,23/24,unknown injury,2023-11-29,2023-12-06,8,1.0
82403,145988,23/24,Bone edema,2024-03-02,2024-03-06,5,1.0
82403,145988,24/25,influenza,2024-08-26,2024-08-28,3,1.0
82403,145988,24/25,Thumb injury,2025-04-07,2025-04-17,11,1.0
82403,145988,25/26,Leg injury,2026-04-24,2026-04-30,7,2.0
82428,133179,12/13,Groin problems,2013-04-08,2013-04-18,11,1.0
82428,133179,13/14,Thigh problems,2013-08-29,2013-09-09,12,1.0
82428,133179,14/15,Thigh problems,2014-05-08,2014-05-31,24,1.0
82428,133179,16/17,Hamstring injury,2016-08-13,2016-08-30,18,3.0
82428,133179,17/18,unknown injury,2017-08-14,2017-08-18,5,
82428,133179,17/18,muscular problems,2017-11-29,2017-12-04,6,
82428,133179,18/19,Injury to the ankle,2018-12-22,2019-01-10,20,2.0
82428,133179,20/21,unknown injury,2020-10-24,2020-11-15,23,5.0
82428,133179,21/22,Corona virus,2022-01-21,2022-02-02,13,1.0
82428,133179,22/23,Hamstring muscle injury,2022-10-26,2022-11-04,10,1.0
82428,133179,22/23,muscular problems,2022-11-09,2022-11-20,12,1.0
82428,133179,23/24,Hamstring muscle injury,2024-05-15,2024-07-18,65,11.0
82428,133179,25/26,muscular problems,2025-10-29,2025-11-04,7,1.0
82660,147034,11/12,Meniscus injury,2011-11-11,2011-12-15,35,5.0
82660,147034,12/13,Head injury,2013-04-18,2013-04-25,8,1.0
82660,147034,13/14,Cruciate ligament tear,2013-09-24,2014-03-20,178,47.0
82660,147034,14/15,Ankle injury,2014-09-24,2014-10-17,24,4.0
82660,147034,14/15,Torn lateral ankle ligament,2014-12-12,2015-01-16,36,5.0
82660,147034,16/17,Knee injury,2016-08-05,2016-10-29,86,16.0
82660,147034,16/17,Knee injury,2017-03-02,2017-03-09,8,1.0
82660,147034,16/17,unknown injury,2017-05-22,2017-06-30,40,3.0
82660,147034,17/18,Shoulder injury,2018-02-05,2018-02-24,20,3.0
82660,147034,17/18,Knee problems,2018-04-17,2018-04-27,11,1.0
82660,147034,17/18,Knee injury,2018-06-01,2021-01-12,957,125.0
82660,147034,21/22,Corona virus,2022-02-03,2022-02-09,7,2.0
82660,147034,22/23,Hamstring injury,2022-08-25,2022-10-22,59,12.0
82660,147034,23/24,Ankle injury,2024-04-12,2024-04-27,16,1.0
82738,125685,17/18,Leg injury,2018-03-31,2018-12-01,246,30.0
82738,125685,21/22,Knee injury,2021-10-24,2022-01-01,70,8.0
82771,122011,13/14,Thigh problems,2013-10-03,2013-10-17,15,4.0
82771,122011,14/15,Foot injury,2014-08-28,2014-09-11,15,3.0
82771,122011,14/15,Knee injury,2014-10-02,2015-01-01,92,16.0
82771,122011,15/16,flesh wound,2015-12-07,2015-12-31,25,4.0
82771,122011,15/16,influenza,2016-01-25,2016-01-28,4,1.0
82771,122011,15/16,Knee injury,2016-03-10,2016-03-31,22,4.0
82771,122011,16/17,Shoulder injury,2017-01-10,2017-04-01,82,12.0
82771,122011,22/23,Torn knee ligaments,2023-06-26,2023-11-04,132,18.0
82771,122011,23/24,Knee injury,2024-07-09,2024-09-16,70,9.0
83091,85324,09/10,Cruciate ligament tear,2010-05-15,2010-11-15,185,13.0
83091,85324,16/17,Muscle injury,2016-08-17,2016-09-18,33,4.0
83091,85324,17/18,Knee problems,2017-09-24,2017-10-19,26,2.0
83091,85324,17/18,Muscle strain,2018-05-16,2018-05-30,15,1.0
83091,85324,18/19,Torn muscle fiber,2018-09-07,2018-10-05,29,4.0
83091,85324,21/22,Corona virus,2021-12-28,2022-01-06,10,1.0
83283,129078,19/20,Knock,2018-12-17,2018-12-21,5,
83283,129078,19/20,Ankle injury,2019-08-29,2019-09-19,22,2.0
83283,129078,19/20,Groin injury,2020-02-15,2020-06-01,108,4.0
83283,129078,20/21,Ankle injury,2020-09-18,2020-10-03,16,2.0
83283,129078,20/21,Hamstring injury,2020-11-07,2020-12-06,30,2.0
83283,129078,20/21,Knock,2020-12-20,2021-01-25,37,6.0
83283,129078,22/23,Metacarpal fracture,2022-09-23,2022-09-29,7,
83283,129078,22/23,unknown injury,2023-01-31,2023-02-06,7,1.0
83283,129078,22/23,unknown injury,2023-06-01,2023-06-08,8,2.0
83283,129078,23/24,unknown injury,2023-09-10,2023-10-15,36,6.0
83283,129078,23/24,Hamstring injury,2024-01-10,2024-11-14,310,34.0
83283,129078,24/25,Calf injury,2024-12-05,2025-02-04,62,13.0
83299,148153,18/19,Ankle injury,2018-08-20,2018-08-31,12,2.0
83299,148153,18/19,Knock,2019-02-10,2019-02-25,16,1.0
83299,148153,21/22,Knee injury,2021-12-01,2022-01-22,53,8.0
83299,148153,24/25,Calf problems,2025-01-03,2025-01-14,12,2.0
83299,148153,24/25,Chest injury,2025-02-08,2025-03-29,50,6.0
83299,148153,25/26,Knee problems,2026-03-02,2026-03-09,8,1.0
83312,128904,18/19,Inguinal hernia,2018-08-28,2018-11-25,90,11.0
83312,128904,19/20,Groin injury,2019-12-08,2020-01-10,34,6.0
83312,128904,19/20,Groin injury,2020-01-12,2020-06-15,156,8.0
83314,148262,13/14,Ankle injury,2013-08-25,2013-11-19,87,22.0
83314,148262,13/14,Virus,2013-11-22,2013-11-25,4,1.0
83314,148262,13/14,concussion,2013-12-23,2013-12-31,9,2.0
83314,148262,13/14,Ankle sprain,2014-01-26,2014-01-30,5,1.0
83314,148262,13/14,Hip problems,2014-04-07,2014-04-11,5,1.0
83314,148262,14/15,Ligament injury,2014-08-31,2014-09-29,30,7.0
83314,148262,15/16,Leg injury,2015-08-19,2015-08-27,9,1.0
83314,148262,17/18,Hamstring strain,2017-08-20,2017-09-18,30,6.0
83314,148262,20/21,Ill,2020-12-23,2020-12-29,7,1.0
83314,148262,23/24,unknown injury,2023-12-05,2024-03-28,115,21.0
83314,148262,24/25,Calf injury,2025-04-14,2025-05-31,48,4.0
83428,121385,19/20,Groin strain,2019-08-26,2019-09-10,16,4.0
83428,121385,19/20,Groin strain,2019-09-29,2019-12-18,81,14.0
83428,121385,19/20,Ill,2020-01-05,2020-01-10,6,
83428,121385,19/20,Knock,2020-01-12,2020-01-17,6,
83428,121385,19/20,Hamstring injury,2020-06-15,2020-10-01,109,16.0
83428,121385,20/21,Hamstring injury,2020-11-09,2020-11-23,15,3.0
83428,121385,20/21,Quarantine,2021-06-01,2021-06-04,4,1.0
83428,121385,21/22,Groin injury,2021-10-31,2021-11-24,25,3.0
83428,121385,21/22,Shoulder injury,2021-12-12,2022-01-05,25,3.0
83428,121385,21/22,Corona virus,2022-03-11,2022-03-20,10,1.0
83428,121385,23/24,Achilles tendon problems,2023-04-07,2023-12-25,263,43.0
83428,121385,23/24,Back problems,2024-01-10,2024-01-25,16,4.0
83428,121385,23/24,unknown injury,2024-03-06,2024-04-23,49,9.0
83428,121385,25/26,Hamstring injury,2026-02-02,2026-03-18,45,6.0
83428,121385,26/27,Knee problems,2026-08-07,2026-08-17,11,3.0
83543,149237,19/20,Hamstring injury,2020-01-22,2020-02-09,19,3.0
83543,149237,19/20,Ill,2020-02-11,2020-02-14,4,1.0
83543,149237,20/21,Muscle injury,2020-10-01,2020-10-21,21,3.0
83543,149237,21/22,Back problems,2021-08-01,2021-08-22,22,4.0
83543,149237,21/22,Muscle injury,2021-08-25,2021-09-20,27,4.0
83543,149237,21/22,Back problems,2021-09-24,2021-11-22,60,10.0
83543,149237,21/22,Back problems,2021-12-01,2022-01-20,51,7.0
83543,149237,21/22,unknown injury,2022-02-06,2022-05-31,115,18.0
83543,149237,22/23,Muscle injury,2022-08-10,2022-10-10,62,10.0
84112,123397,10/11,Torn muscle fiber,2011-02-26,2011-03-31,34,6.0
84112,123397,10/11,Groin problems,2011-05-01,2011-06-30,61,2.0
84112,123397,14/15,Syndesmosis ligament tear,2014-12-14,2015-02-02,51,2.0
84112,123397,16/17,Muscle injury,2016-09-24,2016-10-14,21,2.0
84112,123397,16/17,Thigh problems,2016-10-27,2016-11-01,6,1.0
84112,123397,17/18,Calf injury,2017-09-17,2017-10-28,42,5.0
84112,123397,18/19,Knock,2018-08-30,2018-10-05,37,4.0
84112,123397,19/20,unknown injury,2019-08-20,2019-09-26,38,5.0
84112,123397,20/21,Knee injury,2021-01-16,2021-02-25,41,10.0
84112,123397,20/21,Thigh problems,2021-03-08,2021-04-17,41,4.0
84112,123397,21/22,Achilles tendon problems,2021-11-19,2021-12-31,43,4.0
84182,120629,15/16,Outer ligament problems,2016-03-14,2016-03-21,8,2.0
84182,120629,16/17,Ankle injury,2016-11-05,2016-11-17,13,3.0
84182,120629,18/19,Back injury,2018-12-20,2019-01-04,16,1.0
84182,120629,23/24,Groin injury,2024-03-31,2024-04-18,19,4.0
84395,57423,13/14,muscular problems,2014-05-18,2014-06-10,24,4.0
84395,57423,14/15,muscular problems,2014-07-05,2014-08-08,35,8.0
84395,57423,14/15,bruise,2015-04-03,2015-04-17,15,4.0
84395,57423,15/16,Cruciate ligament injury,2015-07-23,2016-04-17,270,49.0
84395,57423,16/17,Knee injury,2016-07-10,2016-10-13,96,13.0
84450,111455,14/15,cold,2015-05-21,2015-06-01,12,
84450,111455,15/16,Ankle injury,2015-10-12,2015-10-15,4,
84450,111455,16/17,Ankle injury,2017-04-30,2017-05-10,11,
84450,111455,17/18,flu,2018-04-10,2018-04-15,6,1.0
84450,111455,17/18,Knee bruise,2018-05-31,2018-06-04,5,1.0
84450,111455,18/19,Groin problems,2019-01-30,2019-02-23,25,2.0
84450,111455,18/19,Groin injury,2019-03-28,2019-04-15,19,3.0
84450,111455,18/19,Bruised ribs,2019-04-19,2019-04-23,5,1.0
84450,111455,19/20,Back injury,2019-08-12,2019-08-23,12,1.0
84450,111455,19/20,concussion,2019-12-09,2019-12-17,9,2.0
84450,111455,19/20,Ankle injury,2020-06-18,2020-06-24,7,1.0
84450,111455,20/21,Ill,2021-04-01,2021-04-04,4,1.0
84450,111455,20/21,Groin injury,2021-05-06,2021-05-16,11,3.0
84450,111455,21/22,Inner ligament injury,2021-09-27,2021-12-05,70,13.0
84450,111455,25/26,Ankle injury,2026-01-18,2026-02-20,34,5.0
84583,80444,17/18,Hamstring injury,2017-12-30,2018-01-24,26,6.0
84583,80444,18/19,Torn muscle bundle,2018-11-07,2018-11-26,20,4.0
84583,80444,18/19,Hamstring injury,2019-05-13,2019-05-23,11,1.0
84583,80444,19/20,Ankle problems,2020-04-24,2020-06-25,63,9.0
84583,80444,20/21,Hamstring injury,2020-10-25,2020-11-20,27,6.0
84583,80444,20/21,Tear of the lateral meniscus,2020-12-30,2021-08-07,221,42.0
84583,80444,21/22,Fitness,2021-08-08,2021-08-25,18,2.0
84583,80444,21/22,Corona virus,2021-12-30,2022-01-13,15,3.0
84583,80444,22/23,Hamstring injury,2022-11-05,2022-12-25,51,3.0
84583,80444,23/24,Hamstring injury,2023-08-20,2023-09-25,37,7.0
84583,80444,23/24,unknown injury,2023-11-08,2023-12-11,34,6.0
84583,80444,24/25,Fitness,2024-07-09,2024-07-20,12,2.0
84583,80444,24/25,Hamstring injury,2024-08-04,2024-09-14,42,7.0
84583,80444,25/26,Calf problems,2025-07-13,2025-07-29,17,4.0
84939,134294,13/14,Torn lateral ankle ligament,2014-03-13,2014-04-07,26,5.0
84939,134294,14/15,Hamstring injury,2014-09-15,2014-10-16,32,5.0
84939,134294,15/16,Cruciate ligament tear,2015-10-15,2016-05-12,211,54.0
84939,134294,16/17,Knee surgery,2016-10-26,2017-08-10,289,41.0
84939,134294,18/19,Knock,2018-08-26,2018-08-31,6,1.0
84939,134294,18/19,Hamstring injury,2018-11-14,2018-12-15,32,7.0
84939,134294,18/19,Hamstring injury,2019-01-03,2019-01-18,16,3.0
84939,134294,18/19,Hamstring injury,2019-02-03,2019-03-30,56,7.0
84939,134294,20/21,Knee injury,2020-11-02,2020-12-06,35,3.0
84939,134294,20/21,Hamstring injury,2020-12-20,2020-12-28,9,1.0
84939,134294,20/21,Knock,2021-01-06,2021-01-25,20,2.0
84939,134294,22/23,Knee injury,2023-01-21,2023-01-21,1,
85017,158700,19/20,Cruciate ligament tear,2019-08-01,2020-07-07,342,50.0
85017,158700,22/23,Shoulder injury,2022-08-28,2022-09-14,18,3.0
85017,158700,26/27,Cruciate ligament tear,2026-08-23,2027-06-30,312,5.0
85128,163656,16/17,heart problems,2017-02-04,2017-06-30,147,18.0
85128,163656,18/19,Ill,2018-11-08,2018-11-16,9,1.0
85128,163656,18/19,Knee injury,2018-12-26,2018-12-28,3,
85128,163656,22/23,Hamstring injury,2022-10-12,2022-12-16,66,10.0
85128,163656,22/23,Knee injury,2023-05-20,2023-07-31,73,3.0
85128,163656,23/24,Knee injury,2024-05-01,2024-05-31,31,5.0
85128,163656,25/26,strain,2025-08-28,2025-09-19,23,2.0
85128,163656,26/27,heart problems,2026-07-03,,70,6.0
85352,112052,20/21,Knock,2020-11-04,2020-11-07,4,1.0
85352,112052,20/21,Cheekbone surgery,2020-12-10,2021-01-08,30,4.0
85352,112052,21/22,Toe injury,2022-01-12,2022-02-01,21,3.0
85352,112052,21/22,unknown injury,2022-04-07,2022-04-13,7,1.0
85352,112052,22/23,Groin injury,2022-08-31,2022-09-14,15,4.0
85352,112052,22/23,Thigh problems,2022-09-27,2023-09-18,357,47.0
85352,112052,23/24,unknown injury,2023-09-29,2023-10-03,5,1.0
85352,112052,23/24,unknown injury,2023-12-08,2023-12-12,5,1.0
85352,112052,23/24,Hamstring injury,2024-01-24,2024-01-31,8,1.0
85352,112052,23/24,Ill,2024-02-28,2024-03-04,6,1.0
85352,112052,23/24,Back injury,2024-03-07,2024-05-18,73,9.0
85352,112052,24/25,Hamstring injury,2024-08-01,2024-09-28,59,7.0
85352,112052,24/25,Muscle injury,2024-10-09,2024-11-23,46,6.0
85352,112052,25/26,Muscle injury,2025-11-22,2025-12-16,25,3.0
85352,112052,26/27,unknown injury,2026-07-27,2026-08-05,10,
85368,57842,18/19,Knee injury,2018-09-30,2018-10-05,6,
85368,57842,15/16,cold,2018-10-07,2018-10-19,13,
85368,57842,18/19,Knee injury,2019-03-11,2019-03-29,19,1.0
85368,57842,20/21,Cruciate ligament tear,2020-12-06,2021-07-26,233,31.0
85368,57842,21/22,Ill,2022-02-08,2022-02-22,15,2.0
85368,57842,21/22,Knee injury,2022-08-03,2022-08-22,20,3.0
85368,57842,22/23,Muscle injury,2023-04-13,2023-04-17,5,1.0
85368,57842,22/23,Cruciate ligament tear,2023-05-08,2023-06-30,54,3.0
85368,57842,23/24,Cruciate ligament tear,2023-07-01,2024-01-09,193,20.0
85368,57842,23/24,Metatarsal fracture,2024-01-24,2024-04-01,69,9.0
85368,57842,23/24,Fitness,2024-04-02,2024-04-22,21,3.0
85368,57842,23/24,Hamstring injury,2024-04-23,2024-07-01,70,4.0
85624,81512,16/17,Hamstring injury,2017-01-21,2017-02-04,15,2.0
85624,81512,16/17,Hip injury,2017-02-28,2017-04-07,39,6.0
85624,81512,18/19,Shoulder injury,2018-12-27,2019-01-18,23,4.0
85624,81512,19/20,Hamstring injury,2019-11-25,2019-12-06,12,2.0
85624,81512,23/24,unknown injury,2023-09-17,2023-09-30,14,2.0
85633,127202,20/21,Achilles tendon rupture,2020-07-15,2021-01-20,190,20.0
85633,127202,24/25,Adductor injury,2024-10-08,2024-10-15,8,2.0
85633,127202,25/26,Groin injury,2025-12-10,2025-12-22,13,2.0
85633,127202,25/26,Groin injury,2026-02-01,2026-02-23,23,4.0
85654,104223,16/17,Groin strain,2016-12-20,2017-01-01,13,2.0
85654,104223,17/18,Knee injury,2017-10-01,2017-11-01,32,7.0
85654,104223,20/21,Inflammation of pubic bone,2020-10-16,2021-02-15,123,24.0
85654,104223,20/21,unknown injury,2021-04-20,2021-04-28,9,1.0
85654,104223,21/22,Ill,2021-12-03,2021-12-07,5,1.0
85654,104223,21/22,Ill,2022-03-09,2022-03-12,4,1.0
85654,104223,23/24,unknown injury,2023-08-19,2023-09-01,14,3.0
85654,104223,23/24,Groin injury,2024-04-13,2024-05-18,36,4.0
85654,104223,24/25,Hamstring injury,2024-10-04,2024-10-18,15,1.0
85654,104223,24/25,Back injury,2024-11-02,2024-11-23,22,2.0
85654,104223,24/25,Knee problems,2025-02-14,2025-02-22,9,1.0
85654,104223,24/25,Knee problems,2025-03-17,2025-05-19,64,10.0
85654,104223,25/26,Ankle injury,2025-10-04,2026-04-03,182,34.0
85654,104223,25/26,Rest,2026-04-15,2026-04-17,3,1.0
85654,104223,26/27,unknown injury,2026-07-27,2026-08-21,26,3.0
85971,91845,17/18,Metacarpal fracture,2017-06-15,2017-08-14,61,
85971,91845,18/19,Calf injury,2019-01-31,2019-02-04,5,
85971,91845,19/20,Broken arm,2020-02-17,2020-04-30,74,6.0
85971,91845,20/21,Hamstring injury,2020-09-28,2020-10-05,8,2.0
85971,91845,20/21,Hamstring injury,2021-03-15,2021-04-05,22,3.0
85971,91845,21/22,Calf strain,2021-09-06,2021-09-20,15,3.0
85971,91845,21/22,Hamstring injury,2022-01-06,2022-02-03,29,8.0
85971,91845,22/23,Facial fracture,2022-11-02,2022-11-20,19,4.0
85971,91845,22/23,Groin surgery,2023-05-29,2023-06-18,21,
85971,91845,24/25,Hamstring injury,2024-09-26,2024-10-19,24,5.0
85971,91845,24/25,Thigh problems,2024-10-21,2024-11-02,13,3.0
85971,91845,24/25,Knock,2025-04-11,2025-04-14,4,1.0
85971,91845,24/25,Foot injury,2025-04-14,2025-05-09,26,6.0
85971,91845,25/26,Rest,2026-04-10,2026-04-13,4,1.0
85971,91845,25/26,Rest,2026-04-24,2026-04-27,4,1.0
86129,93128,11/12,Metatarsal fracture,2012-04-11,2012-05-25,45,7.0
86129,93128,14/15,Knock,2015-03-13,2015-03-20,8,2.0
86129,93128,16/17,Knee collateral ligament strain,2016-12-11,2016-12-26,16,2.0
86129,93128,19/20,Hamstring muscle injury,2019-12-15,2020-01-30,47,7.0
86129,93128,19/20,Thigh problems,2020-02-15,2020-03-04,19,4.0
86129,93128,20/21,Muscle injury,2020-12-20,2021-01-09,21,3.0
86129,93128,20/21,Corona virus,2021-02-05,2021-02-19,15,4.0
86129,93128,20/21,Leg injury,2021-05-04,2021-05-24,21,4.0
86129,93128,21/22,Hamstring muscle injury,2021-12-01,2022-01-02,33,5.0
86129,93128,21/22,Corona virus,2022-01-07,2022-01-16,10,4.0
86129,93128,22/23,Hamstring injury,2023-04-12,2023-05-20,39,6.0
86129,93128,25/26,Leg injury,2026-04-10,2026-06-08,60,9.0
86173,70934,14/15,minor knock,2015-02-16,2015-02-19,4,
86173,70934,15/16,Hamstring strain,2015-07-20,2015-08-20,32,
86173,70934,15/16,Hamstring injury,2015-12-14,2016-02-18,67,16.0
86173,70934,17/18,Hamstring injury,2017-09-11,2017-09-25,15,4.0
86173,70934,17/18,Groin injury,2018-02-05,2018-02-19,15,3.0
86173,70934,18/19,Fracture of fibula shaft,2019-01-12,2019-05-02,111,24.0
86173,70934,19/20,Groin strain,2019-12-02,2019-12-30,29,5.0
86173,70934,22/23,Muscle injury,2023-02-27,2023-04-05,38,5.0
86176,157368,17/18,Hamstring injury,2018-04-20,2018-05-06,17,1.0
86417,157506,14/15,Knee injury,2015-01-01,2015-01-16,16,2.0
86417,157506,15/16,Hamstring injury,2015-12-14,2016-01-23,41,9.0
86417,157506,16/17,Muscle strain,2016-08-18,2016-09-17,31,6.0
86417,157506,16/17,Hamstring injury,2017-01-28,2017-02-04,8,3.0
86417,157506,17/18,Knee injury,2018-01-08,2018-03-05,57,6.0
86417,157506,18/19,Ankle injury,2019-04-15,2019-08-17,125,10.0
86417,157506,19/20,Hip injury,2019-12-08,2020-03-06,90,13.0
86417,157506,20/21,Knock,2020-09-20,2020-10-17,28,4.0
86417,157506,20/21,Hamstring injury,2021-01-03,2021-03-01,58,10.0
86417,157506,25/26,unknown injury,2025-09-01,2025-09-22,22,2.0
86431,93690,12/13,Hamstring strain,2013-02-21,2013-03-31,39,6.0
86431,93690,13/14,Knee injury,2013-09-27,2013-11-20,55,9.0
86431,93690,14/15,Ankle sprain,2014-03-21,2014-03-28,8,1.0
86431,93690,14/15,Thigh problems,2015-05-08,2015-05-14,7,1.0
86431,93690,15/16,Knee injury,2015-08-26,2015-09-16,22,3.0
86431,93690,15/16,Hip injury,2015-10-26,2015-11-16,22,4.0
86431,93690,15/16,Hip injury,2016-01-04,2016-01-11,8,1.0
86431,93690,15/16,Hamstring injury,2016-02-15,2016-03-14,29,7.0
86431,93690,16/17,Foot injury,2016-07-20,2016-09-01,44,4.0
86431,93690,18/19,unknown injury,2018-09-24,2018-10-07,14,3.0
86431,93690,18/19,unknown injury,2018-12-12,2018-12-23,12,3.0
86431,93690,18/19,unknown injury,2019-03-09,2019-03-30,22,1.0
86431,93690,18/19,unknown injury,2019-04-21,2019-05-20,30,3.0
86431,93690,21/22,unknown injury,2022-02-05,2022-02-10,6,1.0
86431,93690,22/23,Knock,2022-08-10,2022-10-20,72,10.0
86873,127181,11/12,Ankle injury,2012-03-08,2012-05-31,85,12.0
86873,127181,16/17,Knock,2016-11-17,2017-01-12,57,7.0
86873,127181,20/21,Corona virus,2020-09-03,2020-09-17,15,1.0
86873,127181,20/21,Hand injury,2020-11-05,2020-12-31,57,8.0
86873,127181,21/22,Hamstring injury,2021-07-05,2021-08-02,29,
86873,127181,21/22,Corona virus,2022-02-17,2022-02-21,5,1.0
86873,127181,23/24,Tendon irritation,2024-05-02,2024-06-02,32,3.0
86881,111051,14/15,Injury to the ankle,2015-05-21,2015-06-01,12,1.0
86881,111051,16/17,Ankle injury,2016-08-20,2016-12-03,106,17.0
86881,111051,16/17,Ankle injury,2017-03-09,2017-08-17,162,15.0
86881,111051,17/18,Groin injury,2018-01-12,2018-01-18,7,2.0
86881,111051,18/19,bruise,2018-07-28,2018-08-17,21,1.0
86881,111051,18/19,Groin injury,2019-02-04,2019-02-22,19,1.0
86881,111051,19/20,Knee injury,2020-01-24,2020-03-08,45,7.0
86881,111051,20/21,Neck injury,2021-01-17,2021-01-23,7,
86881,111051,21/22,Groin problems,2021-08-01,2021-09-30,61,2.0
86881,111051,21/22,Groin problems,2021-11-05,2021-12-20,46,
86881,111051,21/22,Ill,2022-05-16,2022-05-18,3,
86881,111051,22/23,Knee injury,2022-10-06,2022-10-14,9,
86881,111051,23/24,Hamstring injury,2023-11-12,2023-11-21,10,2.0
86881,111051,23/24,Dead leg,2023-12-13,2024-01-02,21,2.0
86934,135853,17/18,Knee injury,2017-08-28,2017-09-28,32,6.0
86934,135853,17/18,Hamstring injury,2018-01-22,2018-02-22,32,4.0
86934,135853,18/19,Cruciate ligament tear,2018-05-31,2019-02-19,265,41.0
86934,135853,18/19,Torn muscle bundle,2019-04-14,2019-05-03,20,2.0
86934,135853,19/20,Ankle injury,2019-09-17,2019-09-27,11,2.0
86934,135853,19/20,Shoulder injury,2019-11-10,2019-12-25,46,7.0
86934,135853,20/21,Muscle strain,2020-09-10,2020-09-11,2,
86934,135853,20/21,Muscle strain,2020-12-18,2020-12-26,9,1.0
86934,135853,20/21,Knock,2021-04-03,2021-04-18,16,2.0
86934,135853,20/21,Groin injury,2021-05-09,2021-05-30,22,3.0
86934,135853,23/24,Torn muscle bundle,2024-01-20,2024-03-11,52,11.0
86934,135853,23/24,Metatarsal fracture,2024-05-08,2024-06-11,35,8.0
86934,135853,24/25,Acromioclavicular joint dislocation,2025-02-13,2025-02-20,8,1.0
86934,135853,25/26,Rib fracture,2025-09-24,2025-10-03,10,1.0
86934,135853,25/26,Knee problems,2026-01-11,2026-01-19,9,
87428,49501,16/17,Calf problems,2017-04-17,2017-05-13,27,4.0
87428,49501,17/18,Back injury,2017-10-21,2017-10-28,8,
87428,49501,17/18,Ligament injury,2017-12-17,2018-03-05,79,15.0
87428,49501,17/18,Ankle injury,2018-03-31,2018-06-01,63,6.0
87428,49501,21/22,Hamstring injury,2022-01-08,2022-03-10,62,14.0
87428,49501,23/24,Hamstring injury,2023-10-01,2023-11-07,38,9.0
87428,49501,24/25,Hamstring injury,2024-08-22,2024-09-18,28,5.0
87447,93905,10/11,Wrist injury,2010-07-18,2010-08-01,15,
87447,93905,15/16,Thigh problems,2015-09-12,2015-11-02,52,10.0
87447,93905,15/16,Hamstring injury,2016-01-24,2016-03-05,42,7.0
87447,93905,16/17,Cruciate ligament injury,2016-08-03,2017-03-18,228,35.0
87447,93905,22/23,Cruciate ligament tear,2023-02-12,2023-06-29,138,16.0
87447,93905,24/25,unknown injury,2025-02-09,2025-05-01,82,12.0
87856,102382,11/12,Broken toe,2011-07-05,2011-08-29,56,8.0
87856,102382,11/12,Knee injury,2011-10-10,2012-03-15,158,18.0
87856,102382,12/13,Metatarsal fracture,2013-01-08,2013-04-30,113,24.0
87856,102382,13/14,Torn lateral ankle ligament,2013-07-31,2013-08-21,22,3.0
87856,102382,13/14,flu,2014-05-08,2014-05-13,6,1.0
87856,102382,14/15,Mononucleation,2014-08-19,2014-09-02,15,3.0
87856,102382,17/18,Achilles tendon problems,2017-09-26,2017-12-29,95,14.0
87856,102382,17/18,Knee injury,2018-03-01,2018-06-30,122,10.0
87856,102382,18/19,Achilles tendon surgery,2019-01-02,2020-01-02,366,49.0
87873,158764,14/15,bruise,2014-09-15,2014-10-30,46,9.0
87873,158764,18/19,Thigh problems,2018-08-06,2018-08-30,25,5.0
87873,158764,18/19,Broken foot,2018-12-02,2019-02-23,84,13.0
87873,158764,21/22,Femoral fracture,2022-04-30,2024-04-10,712,96.0
88170,148734,17/18,Ankle ligament tear,2018-01-27,2018-04-01,65,19.0
88170,148734,24/25,Facial injury,2024-08-15,2024-09-10,27,3.0
88248,85941,10/11,Rib fracture,2010-07-18,2010-09-09,54,
88248,85941,11/12,Hip bruise,2011-11-30,2011-12-03,4,
88248,85941,11/12,Eye injury,2012-03-13,2012-03-17,5,
88248,85941,18/19,Internal ligament strain,2018-10-23,2018-11-19,28,4.0
88248,85941,19/20,influenza,2020-02-13,2020-02-20,8,
88248,85941,21/22,Corona virus,2021-12-17,2021-12-31,15,1.0
88248,85941,25/26,Calf injury,2026-02-28,2026-03-18,19,4.0
88482,128223,21/22,Adductor pain,2021-09-19,2021-09-22,4,
88482,128223,21/22,Torn muscle fiber,2021-09-26,2021-10-16,21,4.0
88482,128223,22/23,Neck injury,2023-05-22,2023-05-25,4,1.0
88482,128223,23/24,Thigh problems,2024-01-29,2024-02-01,4,1.0
88482,128223,23/24,Inner ligament stretch of the knee,2024-02-11,2024-02-20,10,1.0
88482,128223,23/24,Toothache,2024-04-19,2024-04-24,6,1.0
88482,128223,24/25,Muscle injury,2024-08-18,2024-09-09,23,4.0
88482,128223,24/25,Head injury,2024-11-07,2024-11-12,6,1.0
88482,128223,24/25,Adductor pain,2024-12-11,2024-12-14,4,
88482,128223,24/25,Tonsillitis,2024-12-19,2024-12-28,10,1.0
88482,128223,24/25,Muscle fatigue,2025-01-15,2025-01-21,7,1.0
88482,128223,24/25,Hamstring strain,2025-02-13,2025-03-03,19,5.0
88482,128223,24/25,Groin injury,2025-04-20,2025-04-24,5,1.0
88482,128223,24/25,Rest,2025-05-29,2025-05-31,3,1.0
88482,128223,25/26,Adductor injury,2025-12-07,2026-01-26,51,8.0
88484,74230,15/16,Shoulder injury,2016-01-29,2016-02-11,14,2.0
88484,74230,18/19,Muscle injury,2019-03-15,2019-04-03,20,2.0
88484,74230,18/19,Muscle injury,2019-04-16,2019-04-23,8,1.0
88484,74230,19/20,Knock,2019-09-19,2019-09-23,5,1.0
88484,74230,19/20,Rest,2020-02-14,2020-02-16,3,1.0
88484,74230,20/21,Hamstring injury,2020-11-30,2020-12-23,24,6.0
88484,74230,20/21,Foot injury,2021-02-20,2021-02-26,7,1.0
88484,74230,20/21,Thigh problems,2021-03-16,2021-04-02,18,5.0
88484,74230,22/23,Injury to the ankle,2022-08-30,2022-09-01,3,1.0
88484,74230,24/25,Calf injury,2024-12-01,2025-01-03,34,6.0
88498,110858,11/12,Groin problems,2011-08-15,2012-02-15,185,20.0
88498,110858,12/13,Cruciate ligament tear,2013-03-05,2013-10-08,218,27.0
88498,110858,15/16,Hamstring injury,2016-03-29,2016-04-22,25,3.0
88498,110858,17/18,strain,2017-10-28,2017-11-18,22,2.0
88498,110858,19/20,Cruciate ligament tear,2019-09-13,2020-05-13,244,33.0
88498,110858,20/21,unknown injury,2020-12-12,2020-12-20,9,2.0
88498,110858,20/21,Shoulder injury,2021-03-30,2021-04-18,20,4.0
88894,131978,13/14,Broken toe,2014-01-06,2014-01-27,22,3.0
88894,131978,14/15,Ligament injury,2014-08-18,2014-10-09,53,11.0
88894,131978,17/18,Hamstring injury,2017-08-14,2017-12-26,135,34.0
88894,131978,17/18,Hamstring injury,2018-02-02,2018-03-30,57,11.0
88894,131978,18/19,Knock,2018-10-17,2018-10-19,3,
88894,131978,18/19,Ankle injury,2018-12-01,2018-12-07,7,2.0
88894,131978,19/20,Foot injury,2019-10-19,2019-12-05,48,10.0
88894,131978,19/20,Foot injury,2019-12-13,2019-12-23,11,2.0
88894,131978,20/21,Ill,2020-07-15,2020-07-23,9,2.0
88894,131978,20/21,Hamstring injury,2020-11-21,2021-01-19,60,8.0
88894,131978,23/24,Hamstring injury,2023-09-10,2023-10-04,25,5.0
88894,131978,24/25,unknown injury,2024-11-03,2024-11-11,9,3.0
88894,131978,24/25,Calf injury,2025-01-10,2025-04-06,87,18.0
88894,131978,25/26,Knee injury,2025-12-02,2026-01-31,61,14.0
88898,163738,16/17,Knee injury,2016-07-15,2018-09-21,799,105.0
88898,163738,22/23,concussion,2022-08-26,2022-09-09,15,2.0
88898,163738,22/23,strain,2023-04-24,2023-05-01,8,2.0
88898,163738,23/24,Shoulder injury,2023-10-29,2023-11-20,23,2.0
88898,163738,24/25,bruise,2024-09-14,2024-10-14,31,4.0
88898,163738,24/25,unknown injury,2025-02-10,2025-03-17,36,5.0
88898,163738,25/26,unknown injury,2025-12-03,2025-12-12,10,2.0
88898,163738,25/26,muscular problems,2026-01-31,2026-02-12,13,3.0
88898,163738,25/26,Muscle injury,2026-03-02,2026-04-02,32,3.0
88898,163738,26/27,Muscle injury,2026-07-15,2026-09-03,51,7.0
88900,163744,18/19,Knee injury,2018-12-09,2018-12-21,13,1.0
88900,163744,21/22,Knee injury,2021-09-18,2021-11-30,74,10.0
88900,163744,21/22,Corona virus,2021-12-13,2022-01-07,26,3.0
88900,163744,23/24,Calf injury,2023-08-27,2023-12-03,99,15.0
88900,163744,24/25,Calf injury,2024-12-30,2025-02-22,55,7.0
88935,129554,14/15,Metatarsal fracture,2014-09-04,2014-11-30,88,12.0
88935,129554,14/15,Ill,2015-01-23,2015-01-26,4,1.0
88935,129554,16/17,Knee injury,2016-10-01,2016-10-13,13,5.0
88935,129554,19/20,Knee injury,2019-09-14,2019-09-17,4,1.0
88935,129554,20/21,Groin injury,2020-12-13,2020-12-22,10,1.0
88935,129554,21/22,Hip injury,2021-11-06,2021-11-20,15,3.0
88935,129554,22/23,Ill,2023-01-07,2023-01-13,7,2.0
88935,129554,22/23,unknown injury,2023-05-05,2023-05-27,23,3.0
88935,129554,23/24,unknown injury,2023-07-18,2023-08-05,19,
88935,129554,23/24,Calf problems,2023-10-07,2023-10-18,12,1.0
88935,129554,23/24,Knee injury,2024-02-16,2024-03-08,22,4.0
88935,129554,23/24,Back injury,2024-03-09,2024-05-04,57,8.0
88935,129554,24/25,unknown injury,2024-08-27,2024-10-29,64,10.0
88935,129554,25/26,Muscle injury,2025-09-16,2025-09-20,5,1.0
88935,129554,25/26,Groin injury,2025-10-17,2026-02-09,116,21.0
89068,126710,18/19,Herniated disc,2018-08-10,2018-11-07,90,20.0
89068,126710,18/19,Fitness,2018-11-08,2018-11-23,16,3.0
89068,126710,19/20,Ill,2019-08-16,2019-08-29,14,2.0
89068,126710,19/20,unknown injury,2019-11-20,2019-12-01,12,2.0
89068,126710,19/20,Rest,2020-02-14,2020-02-16,3,1.0
89068,126710,20/21,Thigh problems,2020-08-01,2020-08-21,21,1.0
89068,126710,20/21,Groin strain,2020-12-21,2021-01-07,18,2.0
89068,126710,20/21,Calf injury,2021-03-29,2021-04-15,18,4.0
89068,126710,20/21,Ankle sprain,2021-05-11,2021-06-10,31,4.0
89068,126710,21/22,Adductor pain,2021-08-19,2021-09-16,29,4.0
89068,126710,21/22,Ill,2021-10-02,2021-10-14,13,1.0
89068,126710,22/23,Knock,2022-10-08,2022-11-02,26,5.0
89068,126710,22/23,Collateral ligament tear,2023-02-27,2023-06-30,124,15.0
89068,126710,24/25,Muscle injury,2025-02-20,2025-03-12,21,3.0
89068,126710,24/25,Muscle injury,2025-04-10,2025-05-31,52,6.0
89076,148252,18/19,unknown injury,2019-01-18,2019-01-24,7,1.0
89076,148252,21/22,muscular problems,2022-04-07,2022-04-19,13,2.0
89076,148252,24/25,flu,2025-03-20,2025-03-27,8,2.0
89076,148252,25/26,Broken collarbone,2025-11-03,2025-12-27,55,13.0
89085,128900,14/15,Knock,2015-03-12,2015-04-09,29,6.0
89085,128900,16/17,Groin problems,2017-06-23,2017-06-25,3,
89085,128900,16/17,Groin problems,2017-06-28,2017-07-20,23,
89085,128900,17/18,Knee surgery,2017-09-20,2018-08-26,341,36.0
89085,128900,18/19,Knee injury,2018-10-17,2018-11-02,17,2.0
89085,128900,18/19,unknown injury,2018-12-16,2019-01-05,21,4.0
89085,128900,19/20,Groin injury,2020-01-05,2020-01-11,7,
89085,128900,19/20,Groin injury,2020-01-23,2020-01-31,9,1.0
89085,128900,19/20,Back injury,2020-02-02,2020-02-07,6,
89085,128900,20/21,Corona virus,2020-08-26,2020-09-09,15,
89085,128900,21/22,Hamstring injury,2021-09-25,2021-10-08,14,2.0
89085,128900,21/22,Calf injury,2021-10-16,2021-12-03,49,9.0
89085,128900,21/22,Fitness,2021-12-03,2021-12-18,16,2.0
89085,128900,22/23,Knock,2022-07-30,2022-08-08,10,1.0
89335,148928,13/14,Abdominal muscle strain,2014-05-14,2014-05-20,7,1.0
89335,148928,14/15,Knee injury,2015-02-09,2015-02-16,8,
89335,148928,14/15,Ill,2015-02-26,2015-04-01,35,7.0
89335,148928,15/16,Ankle sprain,2016-03-24,2016-04-02,10,1.0
89335,148928,16/17,Ankle sprain,2016-10-03,2016-10-19,17,4.0
89335,148928,18/19,Hamstring injury,2019-01-17,2019-01-25,9,
89335,148928,18/19,muscular problems,2019-01-28,2019-02-08,12,
89335,148928,20/21,Muscle injury,2020-10-15,2020-11-02,19,
89335,148928,24/25,Hip injury,2024-09-25,2024-11-20,57,7.0
89335,148928,25/26,Ankle injury,2025-10-03,2025-10-18,16,2.0
89335,148928,25/26,Heel injury,2026-01-10,2026-04-15,96,24.0
90105,146795,18/19,Knock,2019-03-10,2019-03-15,6,
90105,146795,19/20,Ill,2019-09-27,2019-10-05,9,1.0
90105,146795,19/20,Knock,2019-11-10,2019-11-22,13,2.0
90105,146795,19/20,Knock,2019-11-24,2019-11-29,6,
90105,146795,19/20,Knock,2019-12-22,2019-12-25,4,
90105,146795,20/21,Hamstring injury,2020-11-02,2020-12-15,44,7.0
90105,146795,20/21,Groin injury,2020-12-23,2021-01-11,20,4.0
90105,146795,20/21,Knock,2021-01-31,2021-02-01,2,
90105,146795,20/21,Groin injury,2021-04-01,2021-05-31,61,9.0
90105,146795,21/22,Hamstring injury,2022-04-08,2022-05-09,32,5.0
90105,146795,22/23,Groin injury,2022-07-20,2022-08-25,37,2.0
90105,146795,23/24,Knee injury,2024-02-24,2024-03-24,30,3.0
90105,146795,24/25,Ill,2024-10-04,2024-10-06,3,1.0
90105,146795,24/25,Calf injury,2025-01-31,2025-04-28,88,12.0
90105,146795,25/26,Achilles heel problems,2026-04-01,2026-04-10,10,1.0
90152,164770,18/19,flu,2019-02-12,2019-02-16,5,1.0
90152,164770,20/21,Corona virus,2021-04-06,2021-04-20,15,4.0
90152,164770,20/21,Leg injury,2021-05-02,2021-05-19,18,4.0
90152,164770,21/22,Groin injury,2021-10-11,2021-10-26,16,3.0
90152,164770,21/22,Hamstring injury,2021-11-02,2021-12-22,51,10.0
90152,164770,21/22,Abdominal problems,2022-02-14,2022-02-18,5,1.0
90152,164770,21/22,Corona virus,2022-03-01,2022-03-09,9,1.0
90152,164770,21/22,muscular problems,2022-04-03,2022-04-21,19,3.0
90152,164770,22/23,Ankle sprain,2022-10-03,2022-10-08,6,1.0
90152,164770,22/23,Leg injury,2022-10-22,2022-11-14,24,6.0
90152,164770,22/23,Foot injury,2023-04-14,2023-05-08,25,7.0
90152,164770,23/24,unknown injury,2023-08-26,2023-09-22,28,3.0
90152,164770,23/24,Ill,2023-12-22,2023-12-25,4,1.0
90152,164770,23/24,Muscle injury,2024-04-04,2024-05-16,43,8.0
90152,164770,24/25,Knee problems,2024-08-11,2025-01-01,144,5.0
90263,167393,16/17,Shoulder injury,2016-07-09,2017-04-04,270,51.0
90263,167393,25/26,Hamstring injury,2025-08-03,2025-12-24,144,20.0
90517,128229,18/19,Knock,2019-05-05,2019-05-11,7,
90517,128229,19/20,Chest injury,2019-08-08,2019-09-13,37,7.0
90517,128229,19/20,Calf injury,2020-01-02,2020-01-18,17,2.0
90517,128229,19/20,Groin strain,2020-06-22,2020-07-04,13,3.0
90517,128229,20/21,Chest injury,2020-09-21,2020-10-02,12,3.0
90517,128229,20/21,Groin injury,2020-11-19,2020-11-23,5,
90517,128229,20/21,Hamstring injury,2020-11-24,2020-12-04,11,1.0
90517,128229,20/21,Hamstring strain,2020-12-06,2020-12-12,7,
90517,128229,20/21,Hamstring strain,2020-12-22,2020-12-28,7,1.0
90517,128229,20/21,Knock,2021-01-23,2021-01-26,4,1.0
90517,128229,20/21,Calf injury,2021-02-01,2021-02-12,12,3.0
90517,128229,23/24,Calf injury,2023-08-01,2023-09-10,41,7.0
90517,128229,24/25,Injury to the ankle,2024-10-26,2024-12-09,45,10.0
90517,128229,24/25,Rib fracture,2024-12-22,2025-01-10,20,4.0
90517,128229,25/26,Tendon irritation,2026-03-26,2026-04-20,26,4.0
90714,168337,13/14,Knee problems,2014-04-16,2014-05-12,27,4.0
90714,168337,21/22,Ill,2021-12-25,2022-01-03,10,2.0
90714,168337,22/23,Broken arm,2022-09-18,2022-10-19,32,6.0
90714,168337,22/23,Fitness,2022-10-19,2022-10-23,5,1.0
90714,168337,23/24,unknown injury,2023-08-13,2023-09-04,23,3.0
91046,169801,15/16,Metatarsal fracture,2016-01-10,2016-03-10,61,11.0
91046,169801,20/21,Hamstring injury,2020-10-28,2020-11-22,26,2.0
91126,118535,11/12,Cruciate ligament tear,2012-06-01,2013-09-11,468,32.0
91126,118535,15/16,Groin injury,2016-02-22,2016-09-09,201,23.0
91126,118535,16/17,Cruciate ligament injury,2016-11-06,2018-01-19,440,61.0
91126,118535,24/25,Hamstring injury,2024-10-01,2024-11-10,41,9.0
91126,118535,25/26,Calf injury,2025-08-01,2025-11-20,112,17.0
91889,75489,20/21,Calf injury,2020-10-26,2020-12-31,67,9.0
91889,75489,20/21,Ankle problems,2021-01-14,2021-02-11,29,5.0
91889,75489,20/21,Broken toe,2021-04-05,2021-04-19,15,3.0
91889,75489,21/22,Corona virus,2021-12-30,2022-01-13,15,
91889,75489,22/23,bruise,2022-08-08,2022-08-11,4,
91889,75489,22/23,Bruised back,2022-11-07,2022-11-10,4,1.0
91889,75489,22/23,Calf problems,2023-04-12,2023-04-21,10,1.0
91889,75489,22/23,Calf problems,2023-04-22,2023-05-17,26,3.0
91889,75489,23/24,Tendon irritation,2023-09-04,2023-09-15,12,2.0
91889,75489,23/24,Rest,2024-05-10,2024-05-12,3,1.0
91889,75489,24/25,Achilles tendon irritation,2024-09-08,2024-12-02,86,16.0
91889,75489,24/25,Hamstring injury,2025-01-11,2025-04-01,81,11.0
91889,75489,25/26,muscular problems,2025-09-05,2025-09-10,6,
91889,75489,25/26,Torn muscle bundle,2025-10-08,2025-11-21,45,4.0
91889,75489,25/26,Foot injury,2026-01-12,2026-01-14,3,
91972,128897,16/17,Fitness,2016-10-12,2017-01-20,101,15.0
91972,128897,19/20,unknown injury,2019-10-29,2019-12-02,35,7.0
91972,128897,20/21,Corona virus,2021-03-16,2021-03-30,15,1.0
91979,145922,14/15,Edema in the knee,2014-07-31,2015-04-16,260,51.0
91979,145922,14/15,Cartilage damage,2015-04-27,2016-01-11,260,36.0
91979,145922,15/16,minor knock,2016-01-14,2016-01-18,5,1.0
91979,145922,19/20,Groin surgery,2019-07-06,2019-08-06,32,5.0
91979,145922,19/20,Groin surgery,2019-09-02,2019-10-14,43,7.0
91979,145922,21/22,Foot bruise,2021-08-01,2021-11-30,122,16.0
91979,145922,21/22,Foot injury,2022-02-01,2022-03-11,39,2.0
92170,170929,23/24,Dead leg,2023-09-21,2023-10-19,29,6.0
92170,170929,23/24,Ill,2023-11-23,2023-11-24,2,
92170,170929,23/24,Dead leg,2024-01-05,2024-01-22,18,2.0
92170,170929,23/24,Dead leg,2024-02-23,2024-03-11,18,3.0
92170,170929,24/25,Head injury,2024-10-26,2024-11-01,7,
92170,170929,24/25,Muscle injury,2024-11-10,2024-11-25,16,2.0
92170,170929,24/25,Calf injury,2025-01-11,2025-01-30,20,5.0
92170,170929,24/25,Achilles tendon contusion,2025-05-04,2025-05-09,6,
92170,170929,25/26,unknown injury,2025-08-28,2025-09-10,14,1.0
92170,170929,25/26,unknown injury,2025-09-14,2025-09-30,17,2.0
92170,170929,25/26,unknown injury,2025-10-04,2025-11-10,38,4.0
92170,170929,25/26,unknown injury,2025-12-19,2026-01-10,23,1.0
92170,170929,25/26,Fitness,2026-01-10,2026-01-14,5,1.0
92170,170929,25/26,unknown injury,2026-03-15,2026-03-29,15,1.0
92170,170929,25/26,unknown injury,2026-04-05,2026-04-08,4,1.0
92217,131789,15/16,Back injury,2015-09-24,2015-10-19,26,6.0
92217,131789,15/16,Hamstring injury,2016-03-17,2016-04-04,19,4.0
92217,131789,16/17,Groin strain,2016-09-11,2016-09-18,8,1.0
92217,131789,16/17,muscular problems,2017-05-12,2017-05-18,7,1.0
92217,131789,18/19,Eye injury,2018-09-16,2018-09-17,2,
92217,131789,18/19,Ankle problems,2019-02-24,2019-03-02,7,1.0
92217,131789,18/19,Groin strain,2019-04-25,2019-04-30,6,1.0
92217,131789,18/19,Muscle injury,2019-05-03,2019-05-21,19,3.0
92217,131789,20/21,Knee injury,2021-03-05,2021-04-01,28,3.0
92217,131789,21/22,Muscle injury,2021-08-29,2021-09-22,25,6.0
92217,131789,21/22,Hamstring injury,2021-11-03,2021-12-12,40,10.0
92217,131789,21/22,Corona virus,2022-01-01,2022-01-08,8,1.0
92217,131789,21/22,muscular problems,2022-02-17,2022-03-10,22,6.0
92217,131789,21/22,Foot injury,2022-04-17,2022-05-08,22,6.0
92217,131789,22/23,Calf injury,2022-12-20,2023-02-09,52,10.0
92293,121404,14/15,Contracture,2015-03-09,2015-03-18,10,2.0
92293,121404,14/15,Muscle injury,2015-04-01,2015-04-10,10,2.0
92293,121404,15/16,Adductor pain,2016-01-02,2016-01-05,4,1.0
92293,121404,15/16,Rest,2016-02-02,2016-02-04,3,1.0
92293,121404,15/16,Ankle injury,2016-05-04,2016-09-04,124,9.0
92293,121404,16/17,Fitness,2016-09-05,2016-10-17,43,9.0
92293,121404,17/18,Fever,2017-09-29,2017-10-02,4,1.0
92293,121404,18/19,unknown injury,2019-02-02,2019-03-07,34,8.0
92293,121404,20/21,Corona virus,2020-11-13,2020-12-09,27,5.0
92293,121404,20/21,Eye injury,2020-12-31,2021-12-01,336,65.0
92293,121404,21/22,Fitness,2021-12-01,2022-01-25,56,11.0
92293,121404,21/22,Corona virus,2022-02-03,2022-02-11,9,1.0
92293,121404,21/22,unknown injury,2022-03-14,2022-04-06,24,5.0
92293,121404,21/22,unknown injury,2022-04-27,2022-05-21,25,4.0
92293,121404,23/24,unknown injury,2023-07-20,2024-09-30,439,65.0
92383,173483,17/18,Ankle injury,2017-07-12,2017-10-30,111,12.0
92383,173483,23/24,Ankle injury,2023-10-08,2023-12-12,66,13.0
93001,148967,21/22,minor knock,2021-08-12,2021-08-16,5,1.0
93001,148967,21/22,bruise,2021-09-30,2021-10-04,5,1.0
93001,148967,21/22,Corona virus,2021-12-27,2022-01-10,15,1.0
93001,148967,21/22,Knee problems,2022-03-21,2022-03-28,8,
93001,148967,21/22,Overstretching,2022-05-12,2022-05-16,5,1.0
93001,148967,22/23,muscular problems,2022-07-28,2022-08-01,5,1.0
93001,148967,22/23,muscular problems,2022-08-11,2022-08-22,12,2.0
93001,148967,22/23,muscular problems,2022-08-29,2022-10-06,39,4.0
93001,148967,22/23,Corona virus,2022-10-13,2022-10-20,8,2.0
93001,148967,22/23,Rib fracture,2023-01-19,2023-01-26,8,2.0
93001,148967,22/23,Ill,2023-04-14,2023-04-17,4,1.0
93001,148967,22/23,Shoulder injury,2023-05-16,2023-05-31,16,2.0
93001,148967,25/26,Muscle injury,2026-02-03,2026-02-19,17,4.0
93001,148967,25/26,Muscle injury,2026-02-22,2026-04-02,40,4.0
93001,148967,25/26,Muscle injury,2026-04-29,2026-05-31,33,5.0
93127,134936,13/14,Cruciate ligament tear,2014-03-19,2014-11-06,233,34.0
93127,134936,14/15,Fitness,2014-11-07,2014-12-01,25,4.0
93127,134936,16/17,Stomach flu,2017-04-12,2017-04-22,11,1.0
93127,134936,18/19,Muscle injury,2019-02-22,2019-02-27,6,1.0
93127,134936,19/20,Muscle injury,2019-09-16,2019-09-20,5,1.0
93127,134936,22/23,unknown injury,2023-01-03,2023-01-09,7,2.0
93264,175722,18/19,Hip injury,2019-03-22,2019-04-20,30,6.0
93264,175722,19/20,Hip problems,2019-08-30,2019-09-12,14,3.0
93264,175722,20/21,Muscle strain,2020-10-13,2020-10-25,13,3.0
93264,175722,21/22,Thigh problems,2022-01-03,2022-01-20,18,4.0
93264,175722,21/22,Thigh problems,2022-02-04,2022-02-15,12,3.0
93264,175722,22/23,Knock,2023-05-07,2023-05-21,15,1.0
93264,175722,22/23,Groin injury,2023-05-21,2023-06-30,41,1.0
93264,175722,23/24,Knock,2023-11-27,2023-12-24,28,3.0
93264,175722,23/24,Muscle injury,2024-01-05,2024-01-11,7,1.0
93264,175722,24/25,Knee injury,2024-10-31,2024-11-03,4,
93264,175722,24/25,Ill,2025-01-28,2025-01-30,3,1.0
93264,175722,24/25,Ill,2025-03-01,2025-03-02,2,
93264,175722,25/26,Hamstring injury,2025-10-16,2025-11-08,24,6.0
93264,175722,25/26,Calf injury,2025-11-14,2025-12-08,25,4.0
93264,175722,25/26,Calf injury,2026-01-24,2026-03-18,54,11.0
93464,121279,13/14,Ankle sprain,2013-10-18,2013-11-29,43,8.0
93464,121279,14/15,Ankle ligament tear,2015-03-27,2015-06-17,83,9.0
93464,121279,15/16,bruise,2015-10-16,2015-11-04,20,4.0
93464,121279,18/19,Hip injury,2018-09-02,2018-09-21,20,2.0
93464,121279,18/19,Hip problems,2018-10-24,2018-11-08,16,2.0
93464,121279,18/19,Hip injury,2018-11-12,2019-01-30,80,14.0
93464,121279,18/19,Hip problems,2019-02-03,2019-02-27,25,4.0
93464,121279,18/19,Hip problems,2019-03-08,2019-03-12,5,1.0
93464,121279,18/19,Hip injury,2019-03-29,2019-06-01,65,9.0
93464,121279,21/22,Hip problems,2021-09-27,2021-11-15,50,12.0
94245,179184,17/18,Ankle injury,2017-11-09,2017-11-30,22,6.0
94245,179184,17/18,Torn ankle ligaments,2018-04-16,2018-05-21,36,4.0
94245,179184,21/22,Inner ligament stretch of the knee,2021-09-21,2021-09-25,5,1.0
94245,179184,21/22,Hamstring strain,2021-10-30,2021-11-21,23,5.0
94245,179184,21/22,Tonsillitis,2021-11-17,2021-11-22,6,1.0
94245,179184,22/23,unknown injury,2023-02-26,2023-03-07,10,1.0
94245,179184,22/23,Groin injury,2023-03-16,2023-04-11,27,6.0
94245,179184,22/23,Fitness,2023-04-11,2023-04-30,20,4.0
94245,179184,23/24,minor knock,2024-04-02,2024-04-04,3,1.0
94245,179184,25/26,Foot injury,2025-12-07,2026-03-05,89,14.0
94245,179184,25/26,Fitness,2026-03-06,2026-05-04,60,8.0
94924,129476,13/14,Hamstring injury,2013-12-15,2014-02-01,49,9.0
94924,129476,17/18,Adductor pain,2017-07-01,2017-07-22,22,
94924,129476,17/18,Ligament stretching,2017-12-15,2017-12-29,15,2.0
94924,129476,17/18,Broken foot,2018-03-02,2018-04-22,52,7.0
94924,129476,18/19,Foot injury,2018-08-21,2018-10-05,46,7.0
94924,129476,18/19,Ankle injury,2019-04-08,2019-04-19,12,1.0
94924,129476,19/20,Cruciate ligament tear,2020-03-01,2020-10-24,238,16.0
94924,129476,20/21,Bone edema,2021-01-01,2021-01-16,16,3.0
94924,129476,20/21,Knee problems,2021-02-18,2021-03-04,15,3.0
94924,129476,20/21,Inflammation in the knee,2021-03-11,2021-05-30,81,12.0
94924,129476,21/22,sprain,2021-10-17,2021-10-30,14,2.0
94924,129476,21/22,Knee problems,2022-01-15,2022-01-22,8,1.0
94924,129476,21/22,Thigh problems,2022-03-28,2022-04-04,8,1.0
94924,129476,22/23,Knee bruise,2022-11-12,2023-01-16,66,3.0
94924,129476,22/23,Knee surgery,2023-01-22,,1328,82.0
95463,203026,17/18,Back injury,2017-10-19,2017-11-27,40,7.0
95463,203026,18/19,Knock,2018-10-18,2018-10-22,5,
95463,203026,21/22,Knee surgery,2022-03-10,2022-04-25,47,11.0
95463,203026,25/26,Elbow injury,2025-08-31,2026-01-09,132,30.0
95508,158022,21/22,Fitness,2021-09-07,2021-09-19,13,2.0
95508,158022,21/22,unknown injury,2021-09-25,2021-09-30,6,1.0
95508,158022,21/22,Fitness,2021-09-30,2021-10-03,4,1.0
95508,158022,21/22,unknown injury,2021-11-28,2021-12-15,18,2.0
95508,158022,21/22,Fitness,2021-12-15,2022-01-03,20,4.0
95508,158022,21/22,unknown injury,2022-01-05,2022-02-17,44,7.0
95508,158022,21/22,Fitness,2022-02-17,2022-03-05,17,3.0
95508,158022,22/23,Broken nose bone,2022-10-10,2022-10-20,11,2.0
95508,158022,22/23,Fitness,2022-10-20,2022-10-23,4,1.0
95508,158022,22/23,Hamstring injury,2023-01-27,2023-02-06,11,3.0
95658,177907,21/22,Knee problems,2022-04-26,2022-05-03,8,2.0
95658,177907,22/23,Hamstring injury,2022-09-26,2022-10-25,30,7.0
95658,177907,22/23,unknown injury,2023-02-17,2023-02-21,5,1.0
95658,177907,22/23,unknown injury,2023-04-22,2023-04-28,7,2.0
95658,177907,23/24,unknown injury,2023-08-18,2023-08-23,6,1.0
95658,177907,23/24,Groin injury,2023-12-13,2024-01-24,43,6.0
95658,177907,23/24,Groin injury,2024-02-26,2024-03-14,18,3.0
95658,177907,23/24,unknown injury,2024-03-24,2024-03-28,5,1.0
95658,177907,23/24,Muscle injury,2024-05-05,2024-06-30,57,10.0
95658,177907,24/25,Knock,2024-09-27,2024-10-01,5,1.0
95658,177907,24/25,Knee injury,2024-10-07,2024-11-06,31,7.0
95658,177907,24/25,unknown injury,2024-11-06,2024-11-29,24,6.0
95658,177907,24/25,Calf injury,2025-03-02,2025-03-24,23,5.0
95658,177907,25/26,Knock,2025-10-24,2025-10-27,4,1.0
95658,177907,25/26,Thigh problems,2025-11-21,2026-01-12,53,9.0
95715,77100,18/19,Knock,2018-08-09,2018-08-20,12,
95715,77100,18/19,Knee injury,2019-01-03,2019-01-24,22,3.0
95715,77100,19/20,Knock,2019-12-23,2020-01-02,11,
95715,77100,19/20,Knock,2020-07-16,2020-07-20,5,
95715,77100,21/22,Ankle injury,2021-09-16,2021-09-23,8,2.0
95715,77100,21/22,Dead leg,2022-02-24,2022-03-03,8,2.0
95715,77100,22/23,Calf injury,2022-08-29,2022-10-10,43,10.0
95715,77100,23/24,Hamstring injury,2024-01-31,2024-02-25,26,5.0
95715,77100,23/24,Injury to the ankle,2024-04-05,2024-05-16,42,10.0
95715,77100,24/25,Knee problems,2025-03-11,2025-05-02,53,10.0
95715,77100,24/25,Knee bruise,2025-05-07,2025-08-08,94,16.0
95715,77100,25/26,Knee injury,2025-08-20,2025-09-24,36,5.0
95715,77100,25/26,Knee problems,2025-11-19,2026-01-05,48,5.0
95715,77100,25/26,Rib fracture,2026-03-19,2026-05-02,45,10.0
95715,77100,25/26,Achilles tendon rupture,2026-05-04,,130,18.0
96305,171260,12/13,Internal ligament tear,2012-09-02,2012-10-25,54,11.0
96305,171260,24/25,Calf injury,2024-11-01,2024-11-15,15,3.0
96306,184398,17/18,Groin injury,2017-09-26,2018-04-02,189,37.0
96306,184398,20/21,Groin injury,2021-03-20,2021-05-31,73,10.0
96306,184398,21/22,Ill,2021-08-06,2021-08-11,6,1.0
96306,184398,21/22,Quarantine,2021-08-20,2021-08-30,11,2.0
96306,184398,21/22,Knock,2022-04-16,2022-04-27,12,1.0
96306,184398,22/23,Hamstring injury,2022-07-22,2022-09-03,44,5.0
96306,184398,22/23,Hamstring injury,2022-10-28,2022-11-30,34,5.0
96306,184398,22/23,concussion,2022-12-24,2023-01-16,24,4.0
96306,184398,22/23,Knee injury,2023-05-09,2023-06-30,53,4.0
96306,184398,23/24,Knock,2023-08-31,2023-09-11,12,1.0
96306,184398,23/24,Groin problems,2023-10-16,2023-10-30,15,1.0
96306,184398,24/25,Hamstring muscle injury,2024-12-01,2025-05-06,157,22.0
96306,184398,25/26,Groin injury,2026-01-05,2026-03-31,86,12.0
96306,184398,26/27,Hamstring injury,2026-07-29,2026-09-28,62,10.0
96764,157501,13/14,Shoulder injury,2013-09-12,2013-09-19,8,2.0
96764,157501,14/15,minor knock,2014-12-08,2014-12-18,11,1.0
96764,157501,14/15,Foot injury,2015-05-14,2015-05-28,15,2.0
96764,157501,15/16,Metatarsal fracture,2015-08-03,2015-10-29,88,11.0
96764,157501,15/16,traffic accident,2016-02-29,2016-05-16,78,12.0
96764,157501,16/17,minor knock,2016-10-31,2016-11-07,8,1.0
96764,157501,17/18,Muscle injury,2017-12-04,2017-12-14,11,1.0
96764,157501,17/18,Thigh problems,2018-04-05,2018-04-16,12,2.0
96764,157501,17/18,Ankle problems,2018-06-21,2018-06-21,1,
96764,157501,20/21,Fitness,2020-09-12,2020-10-31,50,8.0
96764,157501,24/25,Muscle fatigue,2025-04-09,2025-04-11,3,
96764,157501,25/26,unknown injury,2026-02-01,2026-02-10,10,2.0
96764,157501,25/26,unknown injury,2026-05-03,2026-05-10,8,1.0
96778,163530,22/23,Ill,2022-10-15,2022-10-18,4,1.0
96778,163530,22/23,Arch problems,2022-11-01,2022-11-02,2,1.0
96778,163530,22/23,Arch problems,2022-11-11,2022-11-13,3,1.0
96778,163530,22/23,Ankle problems,2022-12-17,2022-12-26,10,2.0
96778,163530,22/23,Ill,2023-01-01,2023-01-03,3,1.0
96778,163530,22/23,Knee injury,2023-04-07,2023-06-01,56,8.0
96778,163530,23/24,Thigh problems,2023-07-22,2024-01-01,164,21.0
96784,184129,26/27,Broken jaw,2026-08-23,,19,5.0
97032,139208,17/18,Thigh problems,2017-12-21,2018-01-15,26,5.0
97032,139208,18/19,Knock,2018-09-24,2018-09-27,4,1.0
97032,139208,18/19,Rib fracture,2018-10-15,2018-10-18,4,1.0
97032,139208,18/19,Ill,2019-01-03,2019-01-10,8,1.0
97032,139208,18/19,Ill,2019-01-21,2019-01-28,8,
97032,139208,18/19,Ankle injury,2019-04-01,2019-04-04,4,
97032,139208,19/20,Ill,2019-12-16,2019-12-19,4,2.0
97032,139208,20/21,Cruciate ligament tear,2020-10-19,2021-06-30,255,57.0
97032,139208,21/22,Corona virus,2021-12-16,2021-12-27,12,3.0
97032,139208,21/22,Knee problems,2022-05-16,2022-05-19,4,1.0
97032,139208,21/22,Rest,2022-06-06,2022-06-16,11,3.0
97032,139208,22/23,Hamstring injury,2023-01-02,2023-02-12,42,6.0
97032,139208,22/23,Ill,2023-04-02,2023-04-06,5,1.0
97032,139208,23/24,Ill,2024-01-06,2024-01-09,4,1.0
97032,139208,24/25,Rest,2024-11-18,2024-11-20,3,1.0
97296,183161,15/16,Hip injury,2015-10-08,2015-12-26,80,13.0
97296,183161,16/17,Shoulder injury,2016-11-01,2017-03-01,121,21.0
97296,183161,17/18,Cruciate ligament surgery,2017-08-01,2018-06-11,315,41.0
97296,183161,18/19,Knee injury,2018-08-02,2018-08-23,22,3.0
97296,183161,18/19,Knee injury,2018-08-25,2019-01-21,150,22.0
97296,183161,18/19,Cruciate ligament surgery,2019-02-16,2019-08-12,178,15.0
97296,183161,20/21,Head injury,2021-01-27,2021-01-29,3,
97299,186590,20/21,Ankle injury,2020-06-19,2020-06-27,9,2.0
97299,186590,20/21,Knock,2020-09-22,2020-10-02,11,3.0
97299,186590,20/21,Rest,2021-01-22,2021-01-24,3,1.0
97299,186590,21/22,Hamstring injury,2022-04-21,2022-05-16,26,6.0
97299,186590,22/23,Hamstring injury,2022-09-26,2022-10-20,25,5.0
97299,186590,22/23,Hamstring injury,2023-01-27,2023-03-01,34,7.0
97299,186590,23/24,Hip injury,2023-08-10,2023-10-01,53,11.0
97299,186590,23/24,Ankle injury,2023-12-28,2024-01-15,19,3.0
97299,186590,24/25,unknown injury,2024-11-01,2024-11-18,18,5.0
97299,186590,24/25,Foot injury,2024-11-23,2024-12-14,22,5.0
97299,186590,24/25,Foot injury,2024-12-22,2025-01-20,30,6.0
97299,186590,24/25,Hamstring injury,2025-02-19,2025-05-23,94,18.0
97299,186590,25/26,Muscle injury,2025-09-01,2025-09-15,15,3.0
97299,186590,25/26,Thigh problems,2025-12-05,2026-02-09,67,18.0
97299,186590,25/26,Calf injury,2026-03-28,2026-04-17,21,3.0
97485,122675,13/14,Torn muscle fiber,2014-04-02,2014-04-16,15,2.0
97485,122675,16/17,Hamstring injury,2016-08-10,2016-08-20,11,1.0
97485,122675,21/22,Groin surgery,2021-10-27,2022-02-10,107,11.0
97485,122675,22/23,Knee problems,2022-10-14,2022-11-11,29,6.0
97615,187105,13/14,Knee injury,2013-12-13,2013-12-23,11,5.0
97615,187105,15/16,Leg injury,2016-04-09,2016-04-13,5,
97615,187105,21/22,concussion,2021-10-31,2021-11-24,25,2.0
97615,187105,22/23,Knee injury,2022-08-06,2022-09-25,51,6.0
97615,187105,22/23,Ill,2023-03-16,2023-03-20,5,1.0
97615,187105,23/24,unknown injury,2023-09-10,2023-10-15,36,4.0
97615,187105,23/24,Rib fracture,2023-11-13,2024-01-14,63,5.0
97615,187105,23/24,Ill,2024-04-13,2024-04-16,4,1.0
97615,187105,23/24,Achilles tendon problems,2024-04-28,2024-05-18,21,2.0
97615,187105,25/26,Thigh problems,2025-10-26,2025-11-05,11,1.0
98745,191217,15/16,Groin problems,2015-11-02,2015-11-18,17,4.0
98745,191217,16/17,Ankle injury,2016-11-07,2016-12-10,34,10.0
98745,191217,16/17,Ankle injury,2017-01-06,2017-01-16,11,2.0
98745,191217,18/19,Muscle injury,2018-10-29,2018-11-02,5,1.0
98745,191217,18/19,Calf strain,2018-12-16,2019-01-11,27,6.0
98745,191217,18/19,Cruciate ligament tear,2019-01-19,2019-09-16,241,36.0
98745,191217,19/20,Hamstring injury,2019-11-24,2019-12-04,11,2.0
98745,191217,19/20,Hamstring injury,2019-12-06,2020-01-14,40,9.0
98745,191217,22/23,Muscle injury,2022-09-27,2022-10-19,23,5.0
98745,191217,22/23,unknown injury,2023-03-08,2023-04-07,31,5.0
98745,191217,24/25,Inflammation of pubic bone,2024-11-04,2025-03-01,118,22.0
98747,192080,18/19,Shoulder injury,2018-07-26,2019-01-04,163,33.0
98747,192080,20/21,Head injury,2020-11-27,2020-12-04,8,1.0
98747,192080,20/21,Knee surgery,2021-05-12,2021-06-30,50,9.0
98747,192080,21/22,Corona virus,2021-12-29,2022-01-06,9,2.0
98747,192080,22/23,Thigh problems,2023-03-19,2023-03-31,13,2.0
98747,192080,22/23,Hand injury,2023-05-23,2023-06-20,29,3.0
98747,192080,23/24,Shoulder injury,2023-12-02,2024-05-02,153,28.0
98747,192080,24/25,Knee injury,2024-12-07,2025-01-20,45,10.0
98747,192080,25/26,Head injury,2025-11-09,2025-11-12,4,
98747,192080,25/26,Groin injury,2025-11-28,2025-12-16,19,5.0
98780,100507,13/14,Appendectomy,2014-01-23,2014-02-17,26,5.0
98780,100507,15/16,Muscle strain,2016-03-22,2016-03-27,6,1.0
98780,100507,16/17,Knee problems,2017-02-17,2017-02-24,8,2.0
98780,100507,18/19,Broken tibia,2019-06-20,2020-01-31,226,25.0
98780,100507,24/25,unknown injury,2025-03-25,,535,14.0
98914,184672,22/23,Toothache,2023-02-26,2023-03-07,10,1.0
98914,184672,22/23,Muscle tear,2023-04-03,2023-04-17,15,4.0
98914,184672,22/23,Muscle injury,2023-04-25,2023-05-17,23,4.0
98914,184672,22/23,Sore muscles,2023-07-23,2023-08-27,36,6.0
98914,184672,23/24,Hamstring injury,2023-09-12,2023-10-20,39,7.0
98914,184672,23/24,Lumbar vertebra problems,2023-11-24,2023-11-26,3,
98914,184672,23/24,Muscle injury,2024-01-30,2024-02-22,24,5.0
98914,184672,23/24,Hamstring injury,2024-05-31,2024-06-27,28,3.0
98914,184672,24/25,Fracture of the eye socket,2024-09-29,2024-10-29,31,3.0
98914,184672,24/25,muscular problems,2024-11-07,2024-11-15,9,1.0
98914,184672,24/25,Fever,2025-02-20,2025-02-23,4,1.0
98914,184672,24/25,Muscle injury,2025-05-12,2025-06-02,22,3.0
98914,184672,25/26,strain,2026-01-31,2026-02-05,6,1.0
98914,184672,25/26,strain,2026-02-22,2026-02-28,7,1.0
98914,184672,25/26,Knee problems,2026-04-01,2026-04-05,5,1.0
98980,111873,21/22,Knee problems,2022-05-20,2022-05-29,10,1.0
98980,111873,24/25,unknown injury,2025-01-09,2025-01-14,6,1.0
98980,111873,24/25,unknown injury,2025-03-07,2025-03-09,3,1.0
98980,111873,25/26,Muscle injury,2025-09-15,2025-09-26,12,2.0
98980,111873,25/26,Knock,2025-10-01,2025-10-03,3,1.0
98980,111873,25/26,muscular problems,2025-12-02,2025-12-04,3,1.0
98980,111873,25/26,muscular problems,2025-12-12,2025-12-15,4,1.0
98980,111873,25/26,Calf problems,2026-04-11,2026-04-15,5,1.0
99127,131248,16/17,Adductor injury,2017-02-01,2017-02-22,22,3.0
99127,131248,17/18,Knee surgery,2017-07-13,2017-10-08,88,15.0
99127,131248,17/18,Ankle sprain,2017-10-31,2018-03-06,127,20.0
99127,131248,18/19,Ankle problems,2018-09-01,2018-09-13,13,3.0
99127,131248,21/22,Ankle sprain,2021-10-10,2021-11-06,28,3.0
99127,131248,23/24,unknown injury,2023-09-25,2023-10-09,15,2.0
99127,131248,23/24,Rest,2023-10-01,2023-10-05,5,1.0
99127,131248,23/24,Contracture,2023-11-06,2023-11-13,8,2.0
99127,131248,24/25,Back problems,2025-01-13,2025-02-04,23,5.0
99127,131248,24/25,Ankle injury,2025-04-12,2025-04-15,4,1.0
99127,131248,25/26,Muscle injury,2025-08-05,2025-08-20,16,3.0
99127,131248,25/26,Sore muscles,2025-09-05,2025-09-22,18,6.0
99127,131248,25/26,Rest,2025-12-06,2025-12-08,3,1.0
99127,131248,25/26,strain,2026-02-14,2026-02-20,7,1.0
99127,131248,25/26,unknown injury,2026-04-22,2026-04-27,6,2.0
99323,144303,12/13,Injury to abdominal muscles,2013-02-17,2013-03-31,43,8.0
99323,144303,15/16,Hamstring injury,2015-09-27,2015-10-12,16,4.0
99323,144303,15/16,Hamstring injury,2015-10-29,2015-11-18,21,3.0
99323,144303,15/16,Hamstring injury,2016-02-05,2016-05-20,106,24.0
99323,144303,16/17,Knock,2016-12-08,2016-12-20,13,3.0
99323,144303,16/17,Ankle injury,2017-05-06,2017-07-05,61,2.0
99323,144303,18/19,Calf injury,2019-03-01,2019-05-31,92,10.0
99323,144303,19/20,Adductor injury,2019-10-16,2019-12-16,62,14.0
99323,144303,20/21,Leg injury,2020-08-01,2020-09-05,36,5.0
99323,144303,20/21,Leg injury,2020-10-21,2020-10-29,9,1.0
99323,144303,21/22,Shoulder injury,2021-11-25,2022-01-11,48,6.0
99323,144303,22/23,unknown injury,2022-12-26,2023-01-01,7,1.0
99323,144303,23/24,Muscle tear,2023-11-02,2023-11-12,11,2.0
99323,144303,25/26,Muscle injury,2025-11-28,2026-01-15,49,7.0
99323,144303,25/26,Muscle injury,2026-05-06,2026-05-21,16,2.0
100059,207917,13/14,Muscle injury,2013-12-16,2014-01-09,25,3.0
100059,207917,17/18,Ankle injury,2017-12-07,2018-01-26,51,10.0
100059,207917,18/19,Back injury,2018-12-17,2019-01-02,17,3.0
100059,207917,19/20,Muscle injury,2019-08-24,2019-10-19,57,6.0
100059,207917,19/20,Muscle injury,2019-10-26,2020-01-04,71,9.0
100059,207917,19/20,Muscle injury,2020-01-26,2020-02-20,26,5.0
100059,207917,20/21,Cruciate ligament tear,2020-09-02,2021-03-15,195,41.0
100059,207917,21/22,Cruciate ligament tear,2022-03-07,2022-09-05,183,22.0
100059,207917,24/25,Muscle strain,2024-12-02,2024-12-25,24,3.0
100059,207917,24/25,muscular problems,2025-01-13,2025-01-22,10,2.0
100059,207917,24/25,Muscle fatigue,2025-01-26,2025-02-18,24,3.0
100180,145707,19/20,Hamstring strain,2020-01-23,2020-02-09,18,3.0
100180,145707,19/20,concussion,2020-07-27,2020-07-30,4,1.0
100180,145707,21/22,Adductor injury,2021-11-20,2022-01-10,52,10.0
100180,145707,21/22,Adductor pain,2022-01-15,2022-01-17,3,1.0
100180,145707,21/22,Rest,2022-05-05,2022-05-09,5,1.0
100180,145707,21/22,muscular problems,2022-05-11,2022-05-23,13,2.0
100180,145707,22/23,Ankle injury,2022-11-24,2022-12-04,11,2.0
100180,145707,23/24,Torn muscle bundle,2023-10-13,2023-10-30,18,3.0
100180,145707,23/24,unknown injury,2023-10-31,2023-12-01,32,5.0
100180,145707,23/24,Ankle injury,2024-02-18,2024-03-02,14,1.0
100180,145707,23/24,Hamstring muscle injury,2024-05-05,2024-05-13,9,1.0
100180,145707,24/25,Ankle sprain,2024-12-20,2024-12-28,9,1.0
100180,145707,24/25,Hamstring injury,2025-02-23,2025-04-12,49,10.0
100180,145707,25/26,Hamstring injury,2025-07-21,2025-08-16,27,7.0
100180,145707,25/26,Knee problems,2026-01-10,2026-01-31,22,6.0
100412,135057,11/12,Tendonitis,2011-10-15,2011-10-18,4,1.0
100412,135057,11/12,Knee injury,2011-11-30,2011-12-03,4,1.0
100412,135057,12/13,flu,2013-03-24,2013-04-19,27,4.0
100412,135057,14/15,Thigh problems,2015-01-19,2015-01-26,8,1.0
100412,135057,17/18,Knee bruise,2017-08-01,2017-08-13,13,2.0
100412,135057,19/20,Corona virus,2020-07-12,2020-07-26,15,
100412,135057,21/22,Knee injury,2022-03-26,2022-05-28,64,13.0
100412,135057,23/24,Achilles tendon contusion,2023-09-19,2023-10-10,22,2.0
100412,135057,23/24,unknown injury,2024-05-10,2024-05-25,16,2.0
100412,135057,25/26,Injury to the ankle,2025-08-07,2025-10-24,79,16.0
101148,183318,18/19,Shoulder injury,2018-11-04,2018-11-30,27,2.0
101148,183318,18/19,Knee injury,2019-03-10,2019-03-31,22,1.0
101148,183318,18/19,Ill,2019-04-21,2019-05-03,13,1.0
101148,183318,19/20,Knee injury,2019-11-09,2020-01-13,66,11.0
101148,183318,20/21,Ankle problems,2020-07-12,2020-09-01,52,3.0
101148,183318,20/21,Hip injury,2020-09-28,2020-10-16,19,2.0
101148,183318,20/21,Muscle fatigue,2020-11-22,2021-01-17,57,9.0
101148,183318,20/21,Corona virus,2020-11-25,2020-12-10,16,1.0
101148,183318,20/21,Hamstring strain,2021-01-31,2021-02-14,15,2.0
101148,183318,20/21,Foot injury,2021-04-04,2021-06-01,59,8.0
101148,183318,21/22,Ill,2022-02-11,2022-02-16,6,1.0
101148,183318,22/23,Calf injury,2023-04-29,2023-05-31,33,6.0
101148,183318,23/24,unknown injury,2023-12-23,2024-01-01,10,1.0
101148,183318,23/24,Calf injury,2024-01-22,2024-02-08,18,3.0
101148,183318,23/24,Cruciate ligament injury,2024-03-30,2025-05-10,407,54.0
101178,181579,14/15,Broken foot,2014-09-20,2014-11-29,71,13.0
101178,181579,16/17,Injury to the ankle,2017-01-26,2017-01-29,4,1.0
101178,181579,19/20,Knee injury,2020-02-06,2020-02-14,9,
101178,181579,20/21,Hamstring injury,2020-11-08,2020-11-22,15,3.0
101179,226965,14/15,Knee injury,2014-08-26,2014-10-05,41,
101179,226965,21/22,Torn thigh muscle,2021-11-23,2022-02-16,86,15.0
101184,215118,16/17,Foot injury,2017-01-26,2017-02-02,8,2.0
101184,215118,16/17,Foot injury,2017-02-20,2017-04-17,57,9.0
101184,215118,17/18,Hip injury,2017-09-21,2017-11-16,57,14.0
101184,215118,18/19,Ankle injury,2018-10-21,2018-11-05,16,2.0
101184,215118,18/19,Knock,2018-12-07,2018-12-14,8,1.0
101184,215118,19/20,Cruciate ligament tear,2019-12-29,2020-11-08,316,39.0
101184,215118,25/26,Wrist injury,2026-04-07,2026-05-31,55,6.0
101338,106987,20/21,Torn muscle fiber,2020-09-24,2020-10-18,25,6.0
101338,106987,20/21,Calf problems,2021-04-17,2021-04-22,6,1.0
101338,106987,21/22,Calf injury,2021-11-20,2021-12-15,26,6.0
101338,106987,21/22,muscular problems,2022-05-13,2022-05-18,6,1.0
101338,106987,22/23,unknown injury,2023-03-06,2023-03-14,9,2.0
101338,106987,22/23,Groin problems,2023-04-16,2023-04-19,4,1.0
101338,106987,22/23,Meniscus injury,2023-05-10,2023-06-15,37,5.0
101338,106987,23/24,Adductor pain,2023-09-20,2023-10-12,23,4.0
101338,106987,23/24,Calf problems,2023-12-07,2023-12-10,4,1.0
101338,106987,23/24,Rest,2024-05-10,2024-05-12,3,1.0
101338,106987,24/25,Knock,2024-09-26,2024-09-29,4,1.0
101338,106987,24/25,Knock,2024-12-21,2024-12-24,4,1.0
101338,106987,24/25,Knee medial ligament tear,2025-03-16,2025-04-28,44,9.0
101338,106987,25/26,muscle stiffness,2025-12-09,2025-12-15,7,2.0
101338,106987,25/26,Calf problems,2026-01-16,2026-02-11,27,6.0
101394,137616,16/17,Groin injury,2017-05-20,2017-05-25,6,1.0
101394,137616,16/17,Groin injury,2017-05-27,2017-06-12,17,3.0
101394,137616,17/18,Foot bruise,2017-12-04,2017-12-13,10,2.0
101394,137616,18/19,Ankle injury,2018-07-31,2018-08-14,15,
101394,137616,18/19,Toe injury,2019-01-17,2019-02-01,16,2.0
101394,137616,18/19,Edema in the knee,2019-05-30,2019-06-12,14,3.0
101394,137616,19/20,Knee injury,2019-08-11,2019-09-19,40,6.0
101394,137616,24/25,Cartilage damage,2024-11-19,2025-01-05,48,6.0
101394,137616,24/25,Fitness,2025-01-05,2025-01-09,5,1.0
101394,137616,24/25,Calf injury,2025-01-18,2025-02-06,20,3.0
101394,137616,24/25,Fitness,2025-02-06,2025-02-11,6,1.0
101394,137616,25/26,muscular problems,2025-10-25,2025-10-28,4,1.0
101394,137616,25/26,muscular problems,2025-12-15,2026-01-15,32,4.0
101394,137616,25/26,muscular problems,2026-04-19,2026-05-23,35,7.0
101394,137616,26/27,Cartilage damage,2026-07-10,,63,6.0
101668,197838,18/19,Groin strain,2018-12-03,2018-12-13,11,2.0
101668,197838,18/19,Groin injury,2018-12-17,2018-12-20,4,1.0
101668,197838,18/19,Head injury,2019-03-04,2019-03-07,4,
101668,197838,19/20,Muscle injury,2019-12-30,2020-01-06,8,2.0
101668,197838,19/20,Strain in the thigh and gluteal muscles,2020-01-23,2020-01-30,8,1.0
101668,197838,20/21,Calf strain,2020-10-19,2020-10-22,4,
101668,197838,20/21,Groin injury,2021-01-04,2021-01-14,11,1.0
101668,197838,20/21,Groin surgery,2021-01-21,2021-02-04,15,4.0
101668,197838,21/22,Hamstring injury,2021-12-27,2022-02-24,60,8.0
101668,197838,21/22,Knee injury,2022-03-07,2022-04-25,50,10.0
101668,197838,23/24,Knee injury,2023-12-09,2024-01-22,45,9.0
101668,197838,24/25,Knock,2025-02-03,2025-02-10,8,1.0
101668,197838,25/26,Muscle fatigue,2025-09-16,2025-09-25,10,1.0
101668,197838,25/26,Dead leg,2026-03-09,2026-03-17,9,1.0
101668,197838,25/26,Muscle injury,2026-04-03,2026-05-01,29,4.0
101982,110864,13/14,Finger injury,2013-08-19,2013-10-19,62,9.0
101982,110864,20/21,Virus,2021-01-05,2021-01-18,14,2.0
101982,110864,23/24,Calf injury,2023-12-10,2024-01-16,38,5.0
101982,110864,23/24,Elbow injury,2024-03-24,2024-07-14,113,10.0
101982,110864,24/25,unknown injury,2025-04-11,2025-06-30,81,7.0
101982,110864,25/26,Shoulder injury,2026-04-09,2026-06-08,61,7.0
102366,159692,15/16,Torn lateral ankle ligament,2015-10-04,2015-10-15,12,
102366,159692,21/22,unknown injury,2022-04-06,2022-04-14,9,1.0
102380,86202,18/19,Knee injury,2019-07-15,2019-08-12,29,1.0
102380,86202,19/20,Knock,2019-08-19,2019-09-16,29,5.0
102380,86202,19/20,Groin injury,2019-09-12,2019-12-12,92,22.0
102380,86202,20/21,Facial injury,2021-04-28,2021-05-03,6,1.0
102380,86202,21/22,Back problems,2021-10-09,2021-10-20,12,2.0
102380,86202,21/22,Groin injury,2022-04-14,2022-04-28,15,2.0
102380,86202,22/23,Hip injury,2022-11-05,2022-11-17,13,3.0
102380,86202,22/23,Knee problems,2023-03-22,2023-04-05,15,3.0
102380,86202,23/24,Hamstring injury,2024-02-02,2024-02-19,18,4.0
102380,86202,23/24,Muscle strain,2024-06-24,2024-06-28,5,
102380,86202,24/25,Muscle injury,2025-02-02,2025-02-18,17,4.0
102380,86202,24/25,flu,2025-03-08,2025-03-12,5,1.0
102380,86202,24/25,Tear of the lateral meniscus,2025-04-27,2025-06-20,55,8.0
102380,86202,25/26,Hamstring injury,2025-09-12,2025-11-28,78,19.0
102380,86202,25/26,Knee injury,2026-01-09,2026-02-03,26,6.0
102549,822917,21/22,Foot injury,2022-04-01,2022-10-10,193,14.0
102549,822917,24/25,Foot injury,2024-06-29,2024-07-22,24,2.0
102738,130756,18/19,Hamstring injury,2019-02-10,2019-02-20,11,1.0
102738,130756,19/20,Pubic bone bruise,2019-09-07,2019-09-17,11,1.0
102738,130756,19/20,Thigh problems,2019-10-17,2019-10-28,12,2.0
102738,130756,19/20,Tendonitis,2019-12-12,2019-12-25,14,2.0
102738,130756,21/22,unknown injury,2021-09-20,2021-10-20,31,2.0
102738,130756,23/24,unknown injury,2024-01-11,2024-02-06,27,5.0
102826,157495,18/19,Knee injury,2019-04-17,2019-09-17,154,17.0
102826,157495,19/20,Hamstring injury,2019-10-02,2019-10-18,17,3.0
102826,157495,19/20,Knee injury,2019-11-05,2019-11-17,13,1.0
102826,157495,19/20,Foot injury,2020-01-19,2020-02-18,31,4.0
102826,157495,19/20,Quarantine,2020-03-12,2020-03-25,14,
102826,157495,20/21,Knock,2020-07-03,2020-07-10,8,2.0
102826,157495,20/21,Muscle injury,2020-10-04,2020-11-24,52,8.0
102826,157495,23/24,Knock,2023-08-01,2023-09-15,46,4.0
102826,157495,23/24,Dead leg,2023-10-06,2023-11-25,51,5.0
102826,157495,23/24,Hamstring injury,2024-01-10,2025-04-03,450,37.0
102826,157495,24/25,Hamstring injury,2024-05-20,2024-10-02,136,7.0
102826,157495,24/25,Torn muscle fiber,2025-04-17,2025-07-01,76,6.0
102826,157495,25/26,Fitness,2025-09-21,2025-11-02,43,7.0
102826,157495,25/26,Ill,2026-01-28,2026-02-12,16,2.0
102826,157495,25/26,unknown injury,2026-04-07,2026-05-01,25,3.0
102836,191056,24/25,Injury to the ankle,2024-12-20,2024-12-30,11,1.0
102836,191056,26/27,Muscle injury,2026-08-28,2026-08-31,4,1.0
102884,195488,12/13,Shoulder injury,2012-12-01,2012-12-20,20,1.0
103025,171424,15/16,Leg injury,2016-05-27,2016-06-05,10,1.0
103025,171424,20/21,Corona virus,2020-09-07,2020-09-21,15,
103025,171424,23/24,Knock,2024-05-22,2024-05-31,10,2.0
103100,170322,13/14,Ankle sprain,2013-09-09,2013-11-20,73,12.0
103100,170322,16/17,Shoulder injury,2016-12-21,2017-04-02,103,20.0
103100,170322,17/18,Shoulder injury,2017-11-19,2018-01-25,68,12.0
103100,170322,18/19,Hamstring injury,2018-08-06,2018-08-28,23,3.0
103100,170322,19/20,Knee injury,2019-10-19,2020-01-04,78,16.0
103127,129893,14/15,muscular problems,2015-04-17,2015-05-21,35,6.0
103127,129893,15/16,Adductor pain,2015-11-23,2015-12-05,13,2.0
103127,129893,15/16,muscular problems,2016-02-08,2016-03-14,36,4.0
103127,129893,15/16,Shoulder injury,2016-05-08,2016-08-31,116,6.0
103127,129893,16/17,flu,2016-10-21,2016-10-22,2,
103127,129893,16/17,Shoulder injury,2017-02-18,2017-07-01,134,18.0
103127,129893,18/19,Calf injury,2018-11-23,2018-12-10,18,3.0
103192,157509,11/12,Knee surgery,2012-05-03,2012-08-09,99,10.0
103192,157509,12/13,Knee problems,2012-09-13,2012-09-20,8,1.0
103192,157509,12/13,Ankle sprain,2012-10-25,2012-11-08,15,3.0
103192,157509,12/13,Ankle sprain,2013-01-28,2013-02-07,11,1.0
103192,157509,14/15,Knee injury,2015-05-11,2015-07-02,53,4.0
103192,157509,15/16,Cruciate ligament tear,2016-02-08,2016-11-21,288,49.0
103192,157509,17/18,Knee injury,2018-03-29,2018-04-05,8,1.0
103192,157509,20/21,Rest,2020-12-28,2020-12-31,4,1.0
103192,157509,20/21,Knock,2021-02-01,2021-02-04,4,
103192,157509,21/22,Hamstring injury,2021-12-06,2022-01-17,43,10.0
103192,157509,21/22,Ankle sprain,2022-04-18,2022-04-25,8,1.0
103192,157509,22/23,Knee injury,2022-11-12,2023-01-09,59,4.0
103192,157509,22/23,Hamstring injury,2023-01-27,2023-03-04,37,6.0
103192,157509,23/24,Knee problems,2023-10-30,2023-11-10,12,3.0
103192,157509,23/24,Ill,2023-12-24,2023-12-29,6,1.0
103912,195652,15/16,Hamstring injury,2016-01-07,2016-01-11,5,1.0
103912,195652,20/21,Fitness,2020-09-11,2020-10-22,42,4.0
103912,195652,20/21,Stomach flu,2020-10-27,2020-12-07,42,11.0
103912,195652,20/21,Depression,2021-01-01,2022-01-01,366,26.0
103912,195652,21/22,Food poisoning,2022-01-22,2022-01-24,3,1.0
103914,195633,17/18,Bruised ribs,2018-01-14,2018-01-19,6,
103914,195633,19/20,Hamstring strain,2019-12-01,2019-12-20,20,3.0
103914,195633,19/20,Hamstring strain,2020-02-03,2020-02-14,12,
103914,195633,20/21,Hamstring strain,2020-07-16,2020-09-16,63,2.0
103914,195633,20/21,Hamstring strain,2020-12-30,2021-01-20,22,3.0
103914,195633,20/21,Hamstring strain,2021-01-22,2021-02-15,25,7.0
103914,195633,21/22,Bruise on ankle,2022-01-07,2022-02-25,50,7.0
103914,195633,23/24,Shoulder injury,2024-01-10,2024-02-10,32,3.0
103914,195633,24/25,Ankle problems,2024-10-26,2024-11-30,36,5.0
103914,195633,24/25,unknown injury,2024-12-15,2024-12-27,13,4.0
103914,195633,24/25,Groin problems,2025-01-16,2025-02-01,17,3.0
103914,195633,24/25,Hip injury,2025-02-22,2025-05-05,73,10.0
103955,134425,14/15,Ankle injury,2015-02-08,2015-02-19,12,2.0
103955,134425,15/16,Groin injury,2016-03-21,2016-04-18,29,7.0
103955,134425,16/17,Calf strain,2016-10-03,2016-10-14,12,2.0
103955,134425,17/18,Back problems,2017-11-06,2017-11-15,10,2.0
103955,134425,17/18,Hamstring injury,2018-02-13,2018-03-11,27,5.0
103955,134425,18/19,Back injury,2018-09-02,2018-09-14,13,2.0
103955,134425,19/20,Hamstring injury,2020-02-02,2020-02-24,23,2.0
103955,134425,20/21,Calf strain,2020-11-14,2020-11-20,7,2.0
103955,134425,20/21,Knock,2021-01-08,2021-01-12,5,1.0
103955,134425,22/23,Hamstring injury,2023-01-05,2023-02-02,29,4.0
103955,134425,22/23,Knee problems,2023-02-09,2023-02-12,4,1.0
103955,134425,22/23,Hamstring injury,2023-03-09,2023-04-02,25,3.0
103955,134425,23/24,Ill,2024-04-11,2024-04-16,6,1.0
103955,134425,23/24,unknown injury,2024-04-25,2024-05-05,11,2.0
103955,134425,24/25,Knee problems,2024-12-20,2025-01-07,19,4.0
104047,244338,21/22,Knee injury,2022-04-11,2022-09-18,161,21.0
104535,186290,12/13,Knee injury,2012-09-11,2013-07-04,297,37.0
104542,85864,13/14,Patellar tendon problems,2013-09-19,2013-10-31,43,10.0
104542,85864,14/15,Right hip flexor problems,2015-04-13,2015-04-16,4,
104542,85864,14/15,Patellar tendon irritation,2015-05-11,2015-05-14,4,
104542,85864,16/17,Broken hand,2016-07-28,2016-09-08,43,4.0
104542,85864,17/18,concussion,2018-05-28,2018-06-11,15,
104542,85864,18/19,Back problems,2018-11-10,2018-11-15,6,1.0
104542,85864,19/20,Hamstring strain,2019-08-05,2019-08-19,15,1.0
104542,85864,20/21,Foot injury,2020-10-21,2020-11-05,16,2.0
104542,85864,24/25,Calf injury,2025-03-31,2025-06-01,63,7.0
104542,85864,25/26,Back problems,2026-02-20,2026-03-10,19,3.0
104547,196522,15/16,Thigh problems,2015-11-06,2015-12-06,31,3.0
104547,196522,15/16,Thigh problems,2015-12-09,2015-12-31,23,4.0
104547,196522,16/17,Hamstring injury,2017-01-14,2017-02-14,32,6.0
104547,196522,17/18,Calf stiffness,2017-10-15,2017-10-30,16,1.0
104547,196522,19/20,Calf injury,2019-08-08,2019-10-05,59,8.0
104547,196522,19/20,Hamstring strain,2020-01-02,2020-01-10,9,1.0
104547,196522,19/20,Hamstring strain,2020-01-12,2020-02-21,41,7.0
104547,196522,19/20,Calf injury,2020-05-01,2020-06-20,51,
104547,196522,20/21,Inner ligament injury,2020-09-05,2020-12-11,98,13.0
104547,196522,23/24,Hamstring injury,2024-03-17,2024-05-31,76,7.0
104953,186997,14/15,Hamstring injury,2014-12-11,2015-01-01,22,4.0
104953,186997,15/16,Stress reaction of the bone,2015-09-23,2015-12-01,70,12.0
104953,186997,15/16,Torn muscle fiber,2016-02-06,2016-02-22,17,2.0
104953,186997,17/18,Hamstring strain,2017-11-08,2017-12-02,25,4.0
104953,186997,17/18,Knee injury,2018-04-13,2018-07-01,80,8.0
104953,186997,19/20,Hamstring injury,2019-08-12,2019-08-24,13,1.0
104953,186997,19/20,Ill,2020-02-21,2020-03-01,10,2.0
105377,129604,22/23,Fitness,2022-08-02,2022-08-16,15,4.0
105377,129604,22/23,Groin injury,2022-12-05,2022-12-18,14,
105377,129604,22/23,Fitness,2022-12-18,2022-12-25,8,2.0
105377,129604,25/26,Broken fibula,2025-10-27,2026-01-15,81,11.0
105377,129604,25/26,unknown injury,2026-01-28,2026-02-18,22,4.0
105377,129604,25/26,unknown injury,2026-03-02,2026-04-01,31,6.0
105377,129604,26/27,unknown injury,2026-08-05,,37,9.0
105666,128899,15/16,Dislocation fracture of the ankle joint,2016-03-28,2017-04-01,370,54.0
105666,128899,17/18,Broken finger,2017-11-09,2017-11-19,11,2.0
105666,128899,20/21,Virus,2020-10-23,2020-11-06,15,2.0
105666,128899,22/23,Broken finger,2022-07-19,2022-11-13,118,16.0
105666,128899,24/25,Heel injury,2025-01-02,2025-02-22,52,6.0
105700,173859,20/21,Corona virus,2020-09-30,2020-10-22,23,4.0
105700,173859,20/21,unknown injury,2020-10-24,2020-12-19,57,14.0
105700,173859,20/21,Hamstring muscle injury,2021-04-14,2021-04-20,7,1.0
105700,173859,21/22,Corona virus,2022-01-08,2022-01-16,9,2.0
105700,173859,22/23,Muscle injury,2022-07-05,2022-08-30,57,3.0
105700,173859,22/23,Muscle injury,2022-09-10,2023-01-02,115,14.0
105700,173859,22/23,Hamstring muscle injury,2023-01-15,2023-02-09,26,5.0
105700,173859,22/23,Adductor injury,2023-03-04,2023-03-10,7,
105700,173859,23/24,flu,2023-10-29,2023-11-02,5,1.0
105700,173859,23/24,Ankle sprain,2023-11-25,2023-12-03,9,1.0
105700,173859,23/24,muscular problems,2024-03-30,2024-04-02,4,
105700,173859,24/25,Calf problems,2024-11-10,2024-12-09,30,6.0
105700,173859,24/25,flu,2025-01-31,2025-02-03,4,1.0
105700,173859,25/26,flu,2025-12-02,2025-12-05,4,1.0
105700,173859,25/26,Muscle fatigue,2025-12-29,2026-01-01,4,
105717,181380,18/19,Knee injury,2019-02-10,2019-03-01,20,2.0
105717,181380,19/20,Knee injury,2020-01-12,2020-01-17,6,
105717,181380,19/20,Knee injury,2020-01-24,2020-01-28,5,1.0
105717,181380,19/20,Ankle injury,2020-06-19,2020-07-04,16,3.0
105717,181380,20/21,Knee surgery,2020-12-10,2021-03-17,98,24.0
105717,181380,22/23,Bone edema,2022-11-04,2022-11-29,26,2.0
105717,181380,23/24,Hamstring strain,2023-08-24,2023-09-07,15,2.0
105717,181380,23/24,unknown injury,2023-09-09,2023-09-13,5,1.0
105717,181380,23/24,Hamstring strain,2023-10-05,2023-10-14,10,2.0
105717,181380,23/24,Hamstring strain,2023-10-26,2023-11-25,31,6.0
105717,181380,23/24,Hamstring strain,2023-11-26,2023-12-16,21,4.0
105717,181380,23/24,Cartilage damage,2024-03-28,2024-04-21,25,3.0
105717,181380,23/24,Edema in the knee,2024-05-02,2024-05-07,6,1.0
105717,181380,25/26,Fitness,2025-08-10,2025-08-19,10,3.0
105717,181380,25/26,Ankle sprain,2025-12-28,2026-02-02,37,10.0
106449,200782,15/16,Ankle injury,2016-02-15,2016-04-04,50,15.0
106450,200777,15/16,Ankle injury,2015-09-06,2016-02-06,154,29.0
106450,200777,17/18,Ankle surgery,2017-07-15,2017-11-24,133,22.0
106450,200777,18/19,Knock,2018-12-02,2018-12-03,2,
106450,200777,18/19,Back injury,2019-02-10,2019-02-25,16,1.0
106450,200777,19/20,Ankle injury,2019-09-01,2019-09-26,26,2.0
106450,200777,20/21,Ankle injury,2020-10-01,2020-10-05,5,1.0
106450,200777,20/21,Ankle injury,2020-11-01,2020-11-15,15,2.0
106450,200777,24/25,Calf strain,2024-09-26,2024-10-01,6,1.0
106450,200777,24/25,Torn thigh muscle,2024-10-20,2024-11-15,27,3.0
106450,200777,24/25,unknown injury,2025-01-20,2025-01-28,9,1.0
106450,200777,24/25,Muscle strain,2025-02-12,2025-02-18,7,1.0
106450,200777,24/25,unknown injury,2025-02-25,2025-03-13,17,2.0
106450,200777,24/25,unknown injury,2025-05-10,2025-05-13,4,1.0
106468,193098,14/15,Ill,2014-08-22,2014-09-01,11,2.0
106468,193098,15/16,Muscle injury,2016-05-26,2016-06-09,15,2.0
106468,193098,16/17,Metacarpal fracture,2017-01-08,2017-01-16,9,1.0
106468,193098,18/19,Ill,2018-10-17,2018-10-24,8,1.0
106468,193098,19/20,muscular problems,2019-11-27,2019-12-04,8,1.0
106468,193098,20/21,Corona virus,2020-12-28,2021-01-08,12,3.0
106468,193098,21/22,Muscle injury,2021-08-22,2021-09-06,16,1.0
106468,193098,21/22,Muscle injury,2022-01-17,2022-01-20,4,1.0
106468,193098,22/23,Hamstring injury,2023-05-20,2023-09-15,119,7.0
106468,193098,23/24,minor knock,2024-04-15,2024-05-31,47,7.0
106468,193098,24/25,unknown injury,2025-04-30,2025-07-30,92,5.0
106468,193098,25/26,Muscle injury,2026-02-10,2026-03-17,36,4.0
106606,181687,20/21,Knee injury,2020-10-18,2020-11-28,42,6.0
106606,181687,24/25,Ankle injury,2024-10-01,2024-11-01,32,3.0
106606,181687,24/25,Ill,2024-12-09,2025-01-12,35,5.0
106606,181687,25/26,Cruciate ligament tear,2025-10-19,2026-06-30,255,39.0
106611,118534,17/18,Cut,2017-09-22,2017-09-30,9,2.0
106611,118534,18/19,Skull fracture,2018-08-25,2018-09-22,29,5.0
106611,118534,18/19,Ill,2019-03-31,2019-04-08,9,1.0
106611,118534,19/20,Neck injury,2020-01-17,2020-01-20,4,1.0
106611,118534,25/26,muscular problems,2025-12-01,2025-12-05,5,1.0
106611,118534,25/26,Ill,2025-12-29,2025-12-31,3,1.0
106617,183334,18/19,Cruciate ligament injury,2018-09-07,2018-12-07,92,14.0
106617,183334,18/19,Knee problems,2018-12-22,2019-01-31,41,8.0
106617,183334,21/22,Ankle injury,2021-09-18,2021-11-28,72,10.0
106617,183334,21/22,Hamstring injury,2021-12-07,2022-02-28,84,12.0
106617,183334,21/22,Foot injury,2022-03-27,2022-07-01,97,8.0
106617,183334,22/23,Groin problems,2022-11-05,2022-12-31,57,4.0
106617,183334,23/24,Hamstring injury,2023-07-31,2023-09-25,57,10.0
106617,183334,24/25,Muscle injury,2025-01-02,2025-04-01,90,16.0
106618,170321,14/15,Knee injury,2015-02-11,2015-05-09,88,10.0
106618,170321,14/15,Hamstring injury,2015-06-06,2015-08-24,80,4.0
106618,170321,15/16,Hamstring injury,2015-08-27,2015-10-18,53,10.0
106618,170321,15/16,Hamstring injury,2016-03-05,2016-04-09,36,5.0
106618,170321,17/18,Hamstring injury,2017-08-13,2017-12-07,117,21.0
106618,170321,18/19,Hamstring injury,2018-09-23,2018-10-19,27,4.0
106618,170321,18/19,Hamstring injury,2018-11-18,2018-12-08,21,4.0
106618,170321,18/19,Hamstring injury,2019-01-03,2019-02-22,51,8.0
106618,170321,19/20,Groin injury,2019-12-22,2020-01-10,20,4.0
106618,170321,19/20,Achilles tendon rupture,2020-01-11,2020-10-18,282,29.0
106618,170321,20/21,Hamstring injury,2020-11-07,2020-12-18,42,4.0
106618,170321,20/21,Ill,2020-12-21,2021-01-02,13,3.0
106618,170321,20/21,Hamstring strain,2021-01-13,2021-02-01,20,4.0
106618,170321,20/21,Hamstring injury,2021-02-04,2021-02-05,2,
106618,170321,21/22,Calf injury,2021-07-28,2022-01-01,158,20.0
106757,166240,15/16,Ankle injury,2016-03-21,2016-04-07,18,1.0
106757,166240,15/16,Knee problems,2016-05-23,2016-06-09,18,
106757,166240,16/17,Groin problems,2016-09-08,2016-12-12,96,20.0
106757,166240,16/17,Knee injury,2016-12-12,2017-02-20,71,7.0
106757,166240,16/17,minor knock,2017-05-22,2017-06-01,11,
106757,166240,17/18,Leg injury,2017-10-23,2017-10-26,4,
106757,166240,17/18,Ankle injury,2017-11-06,2017-11-16,11,
106757,166240,17/18,Hamstring injury,2017-12-11,2018-02-15,67,8.0
106757,166240,18/19,Ankle injury,2019-02-18,2019-02-25,8,
106757,166240,19/20,Stomach flu,2019-09-19,2019-09-23,5,
106757,166240,21/22,Corona virus,2021-12-13,2022-01-03,22,4.0
106757,166240,21/22,Bruised back,2022-03-03,2022-03-10,8,1.0
106757,166240,21/22,Knee problems,2022-03-17,2022-04-11,26,3.0
106757,166240,21/22,Ill,2022-05-12,2022-05-19,8,1.0
106757,166240,24/25,muscular problems,2024-09-07,2024-11-05,60,10.0
106760,183288,20/21,Hamstring injury,2020-11-07,2020-12-07,31,8.0
106760,183288,21/22,Head injury,2021-11-20,2021-12-07,18,4.0
106760,183288,21/22,Hamstring injury,2022-01-18,2022-01-31,14,2.0
106760,183288,21/22,Corona virus,2022-03-02,2022-03-16,15,3.0
106760,183288,21/22,Leg injury,2022-04-02,2022-05-13,42,7.0
106760,183288,22/23,unknown injury,2023-04-06,2023-04-19,14,3.0
106760,183288,23/24,Muscle injury,2023-08-23,2023-11-23,93,22.0
106760,183288,23/24,Thigh problems,2023-12-24,2024-01-24,32,4.0
106760,183288,23/24,Muscle injury,2024-02-18,2024-06-10,114,21.0
106760,183288,24/25,Knee injury,2024-08-01,2024-10-20,81,12.0
106760,183288,24/25,Calf injury,2024-08-11,2024-11-08,90,16.0
106760,183288,24/25,Muscle injury,2024-12-03,2025-04-04,123,26.0
106760,183288,24/25,Rest,2025-04-18,2025-04-22,5,1.0
106760,183288,24/25,Foot injury,2025-05-22,2025-06-01,11,1.0
106760,183288,25/26,Ill,2026-03-01,2026-03-05,5,
106824,167850,22/23,Muscle injury,2023-04-01,2023-04-25,25,4.0
106824,167850,22/23,Calf injury,2023-05-02,2023-07-30,90,8.0
106824,167850,23/24,Muscle injury,2023-09-15,2023-09-20,6,2.0
106824,167850,23/24,Muscle injury,2023-09-26,2023-11-24,60,14.0
106824,167850,23/24,Muscle injury,2024-04-08,2024-05-06,29,6.0
106824,167850,23/24,Muscle injury,2024-04-09,2024-05-11,33,6.0
106824,167850,24/25,Muscle injury,2024-07-10,2024-08-01,23,
106824,167850,24/25,Fitness,2024-09-13,2024-09-20,8,2.0
106824,167850,24/25,Injury to the ankle,2025-04-06,2025-04-11,6,1.0
106824,167850,24/25,Leg injury,2025-04-28,2025-05-02,5,1.0
106824,167850,24/25,Ankle sprain,2025-05-11,2025-05-26,16,4.0
106824,167850,25/26,Hamstring injury,2025-08-07,2025-08-26,20,3.0
106824,167850,25/26,Hamstring injury,2025-09-11,2025-10-04,24,4.0
106824,167850,25/26,Inflammation of ligaments in the knee,2025-11-21,2025-12-06,16,3.0
106824,167850,25/26,Hamstring muscle injury,2026-03-22,2026-05-23,63,17.0
106899,202984,18/19,muscular problems,2019-01-14,2019-01-26,13,2.0
106899,202984,21/22,Corona virus,2021-07-21,2021-07-31,11,
106899,202984,24/25,Cruciate ligament injury,2025-02-12,2026-01-01,324,9.0
107265,201574,20/21,Ankle injury,2020-11-08,2021-01-19,73,15.0
107265,201574,25/26,Knee injury,2025-10-30,2025-12-13,45,11.0
108053,146509,14/15,Foot injury,2014-09-15,2014-10-07,23,4.0
108053,146509,20/21,Ankle problems,2020-09-01,2020-09-14,14,1.0
108053,146509,20/21,Knee injury,2020-11-30,2021-01-25,57,10.0
108053,146509,24/25,Thigh problems,2025-04-18,2025-05-16,29,4.0
108053,146509,25/26,Cruciate ligament tear,2025-08-03,,404,49.0
108411,207037,12/13,concussion,2013-01-23,2013-02-07,16,5.0
108411,207037,19/20,unknown injury,2020-07-15,2020-12-05,144,19.0
108411,207037,23/24,Torn ankle ligaments,2023-08-01,2024-01-01,154,21.0
108411,207037,23/24,Hamstring injury,2024-02-22,2024-05-20,89,14.0
108413,207014,12/13,Groin injury,2013-02-17,2013-04-17,60,13.0
108413,207014,13/14,Ill,2013-12-13,2013-12-16,4,1.0
108413,207014,13/14,Dead leg,2014-03-10,2014-03-14,5,1.0
108413,207014,13/14,Hip problems,2014-03-24,2014-04-01,9,2.0
108413,207014,15/16,Cruciate ligament tear,2015-08-09,2016-04-01,237,46.0
108413,207014,17/18,Hamstring injury,2017-11-28,2018-02-24,89,15.0
108413,207014,18/19,Hip injury,2018-11-11,2018-11-23,13,
108413,207014,18/19,Knock,2018-12-05,2018-12-28,24,4.0
108413,207014,18/19,concussion,2019-01-13,2019-01-25,13,1.0
108413,207014,19/20,Knock,2019-09-22,2019-10-04,13,2.0
108413,207014,19/20,Groin injury,2019-12-29,2020-01-31,34,6.0
108413,207014,24/25,Leg injury,2024-12-30,2025-01-06,8,1.0
108438,199369,16/17,Achilles tendon contusion,2017-01-18,2017-03-01,43,7.0
108438,199369,16/17,Achilles tendon problems,2017-03-21,2017-03-31,11,2.0
108438,199369,17/18,Heel injury,2017-08-13,2017-08-24,12,2.0
108438,199369,18/19,muscular problems,2018-08-30,2018-09-06,8,1.0
108438,199369,18/19,Ligament stretching,2018-09-11,2018-09-28,18,3.0
108438,199369,18/19,Hamstring injury,2018-12-27,2019-01-17,22,3.0
108438,199369,18/19,Hamstring injury,2019-01-04,2019-01-12,9,2.0
108438,199369,19/20,Muscle injury,2019-08-19,2019-09-11,24,2.0
108438,199369,19/20,Muscle injury,2019-10-07,2019-11-01,26,3.0
108438,199369,19/20,Leg injury,2020-06-14,2020-07-06,23,6.0
108438,199369,20/21,Muscle injury,2020-12-07,2021-01-09,34,7.0
108438,199369,20/21,Muscle injury,2021-01-18,2021-02-18,32,5.0
108438,199369,21/22,muscular problems,2021-09-17,2021-09-23,7,2.0
108438,199369,23/24,Dead leg,2023-09-22,2023-11-05,45,8.0
108438,199369,25/26,Knee injury,2025-07-17,2026-02-17,216,27.0
108796,207742,17/18,unknown injury,2018-01-25,2018-02-14,21,4.0
108796,207742,18/19,Head injury,2018-09-30,2018-10-11,12,3.0
108796,207742,20/21,strain,2020-09-10,2020-10-05,26,3.0
108796,207742,20/21,Abdominal problems,2020-11-05,2020-11-15,11,1.0
108796,207742,20/21,Ankle surgery,2021-02-16,2021-06-01,106,19.0
108796,207742,21/22,strain,2021-08-01,2021-08-15,15,2.0
108796,207742,21/22,strain,2021-11-01,2021-11-15,15,3.0
108796,207742,21/22,strain,2021-12-01,2022-01-23,54,6.0
108796,207742,21/22,strain,2022-03-15,2022-04-13,30,5.0
108796,207742,23/24,minor knock,2023-08-30,2023-09-12,14,3.0
108796,207742,23/24,Back problems,2023-12-03,2023-12-07,5,1.0
108796,207742,23/24,heart problems,2023-12-16,2025-10-07,662,74.0
108796,207742,25/26,unknown injury,2026-01-25,2026-02-15,22,5.0
108796,207742,26/27,muscle stiffness,2026-08-05,2026-08-11,7,1.0
108813,208379,17/18,Ankle surgery,2017-08-31,2017-11-10,72,9.0
108813,208379,20/21,Ankle injury,2020-08-31,2020-11-05,67,10.0
108813,208379,23/24,Inflammation of the sole of the foot,2023-07-26,2023-09-25,62,10.0
108813,208379,24/25,Foot injury,2025-01-31,2025-03-10,39,6.0
108824,208244,15/16,Patellar tendon problems,2015-08-23,2015-09-07,16,2.0
108824,208244,16/17,bruise,2017-01-17,2017-02-04,19,5.0
108824,208244,19/20,Patellar tendon problems,2019-08-11,2019-08-23,13,2.0
108824,208244,19/20,Patellar tendon problems,2019-09-15,2019-11-21,68,10.0
108824,208244,19/20,Broken kneecap,2019-12-01,2020-12-01,367,45.0
108824,208244,20/21,Knee injury,2021-01-13,2021-05-31,139,24.0
108824,208244,21/22,Knee injury,2021-11-23,2022-06-01,191,34.0
108824,208244,22/23,Hamstring injury,2022-12-03,2023-02-20,80,14.0
108824,208244,22/23,Hand injury,2023-04-08,2023-04-14,7,1.0
108824,208244,22/23,Hamstring injury,2023-04-19,2023-05-30,42,4.0
108824,208244,23/24,Fitness,2023-08-01,2023-11-20,112,21.0
108824,208244,24/25,Ankle injury,2024-10-15,2024-12-01,48,11.0
108824,208244,24/25,Leg injury,2025-01-15,2025-05-31,137,24.0
109065,182932,15/16,concussion,2015-10-05,2015-10-13,9,1.0
109065,182932,15/16,concussion,2015-10-26,2015-10-30,5,1.0
109065,182932,15/16,Knee problems,2015-11-11,2015-11-18,8,1.0
109065,182932,15/16,Knee problems,2016-01-07,2016-01-30,24,3.0
109065,182932,15/16,Knee problems,2016-03-27,2016-03-31,5,1.0
109065,182932,16/17,Shoulder injury,2016-07-09,2016-07-17,9,
109065,182932,16/17,Rest,2016-09-21,2016-09-21,1,
109065,182932,16/17,Rest,2016-10-26,2016-10-26,1,
109065,182932,16/17,Rest,2016-11-24,2016-11-24,1,
109065,182932,16/17,Knee injury,2017-05-28,2017-06-01,5,1.0
109065,182932,17/18,Foot injury,2017-08-23,2017-09-07,16,4.0
109065,182932,20/21,Calf injury,2021-05-13,2021-05-24,12,1.0
109065,182932,21/22,Groin problems,2021-09-10,2021-09-24,15,4.0
109065,182932,25/26,unknown injury,2026-02-20,2026-02-26,7,1.0
109065,182932,25/26,Knee injury,2026-04-03,2026-05-09,37,4.0
109322,141660,14/15,Knee injury,2014-08-16,2014-12-08,115,20.0
109322,141660,16/17,Ankle injury,2016-08-07,2016-09-09,34,3.0
109322,141660,18/19,bruise,2018-08-01,2018-08-18,18,1.0
109322,141660,18/19,Groin problems,2018-09-25,2018-10-27,33,7.0
109322,141660,18/19,Hamstring injury,2019-02-13,2019-03-16,32,5.0
109322,141660,18/19,Knee injury,2019-04-26,2019-05-11,16,2.0
109322,141660,19/20,Ill,2019-09-07,2019-09-18,12,3.0
109322,141660,19/20,Hamstring injury,2019-10-04,2019-10-23,20,4.0
109322,141660,19/20,Ill,2020-01-09,2020-01-14,6,1.0
109322,141660,20/21,bruise,2020-10-17,2020-12-01,46,13.0
109322,141660,22/23,Hamstring injury,2022-12-27,2023-01-16,21,5.0
109322,141660,23/24,Knee injury,2024-03-26,2024-05-13,49,10.0
109322,141660,23/24,Hamstring injury,2024-07-13,2024-08-13,32,4.0
109434,152651,18/19,Knee injury,2018-12-05,2018-12-14,10,
109434,152651,18/19,Hip injury,2019-03-03,2019-03-15,13,1.0
109434,152651,19/20,Muscle injury,2019-09-23,2019-11-08,47,7.0
109434,152651,19/20,Hip injury,2019-12-06,2020-01-12,38,9.0
109434,152651,19/20,Broken foot,2020-02-08,2020-07-31,175,9.0
109434,152651,20/21,Fitness,2020-08-01,2020-11-01,93,7.0
109434,152651,20/21,Ankle injury,2020-10-16,2021-01-12,89,11.0
109434,152651,20/21,Achilles tendon problems,2021-01-15,2021-02-13,30,7.0
109434,152651,20/21,Knee surgery,2021-04-09,2021-09-13,158,13.0
109434,152651,22/23,unknown injury,2023-04-03,2023-05-23,51,7.0
109434,152651,23/24,Hip problems,2023-10-27,2023-11-25,30,4.0
109434,152651,23/24,Ankle injury,2024-04-18,2024-04-27,10,2.0
109434,152651,23/24,unknown injury,2024-05-03,2024-06-30,59,3.0
109434,152651,25/26,Muscle injury,2025-08-14,2025-08-30,17,2.0
109528,162029,13/14,Vertebral injury,2014-02-13,2014-04-08,55,13.0
109528,162029,18/19,Ankle injury,2018-08-20,2018-09-14,26,3.0
109528,162029,19/20,Hamstring strain,2020-01-02,2020-02-28,58,10.0
109528,162029,20/21,Knock,2020-07-02,2020-07-04,3,
109528,162029,20/21,Virus,2020-11-29,2020-12-25,27,4.0
109528,162029,20/21,Virus,2021-01-24,2021-01-25,2,
109528,162029,20/21,Ankle injury,2021-02-07,2021-03-10,32,3.0
109528,162029,21/22,chickenpox,2022-05-12,2022-05-23,12,2.0
109528,162029,22/23,Knock,2023-05-20,2023-05-31,12,2.0
109528,162029,24/25,Hamstring injury,2024-09-13,2024-09-23,11,2.0
109533,181778,14/15,Knock,2015-04-02,2015-05-14,43,7.0
109533,181778,16/17,Calf muscle tear,2016-10-31,2016-11-14,15,2.0
109533,181778,16/17,Tendonitis,2017-04-06,2017-04-20,15,2.0
109533,181778,17/18,Cruciate ligament tear,2017-05-29,2017-11-02,158,14.0
109533,181778,18/19,Knock,2018-09-13,2018-09-25,13,3.0
109533,181778,19/20,Hamstring injury,2019-09-10,2019-10-20,41,9.0
109533,181778,21/22,unknown injury,2021-09-08,2021-09-11,4,1.0
109533,181778,21/22,Corona virus,2022-01-18,2022-01-25,8,1.0
109533,181778,23/24,Groin problems,2024-03-07,2024-03-12,6,1.0
109533,181778,24/25,Knock,2025-01-03,2025-01-13,11,2.0
109533,181778,25/26,Dead leg,2026-01-21,2026-02-01,12,4.0
109638,214928,15/16,unknown injury,2015-12-13,2016-02-06,56,4.0
109638,214928,19/20,bruise,2019-08-29,2019-09-24,27,3.0
109638,214928,20/21,Calf injury,2020-12-07,2020-12-28,22,4.0
109638,214928,21/22,Cruciate ligament surgery,2021-11-03,,1773,82.0
109788,149729,12/13,unknown injury,2013-04-08,2013-05-02,25,8.0
109788,149729,16/17,unknown injury,2016-09-25,2016-10-02,8,2.0
109788,149729,16/17,Muscle fatigue,2017-03-02,2017-03-05,4,
109788,149729,17/18,Tonsillitis,2017-10-15,2017-10-20,6,1.0
109788,149729,17/18,Tonsillitis,2017-12-09,2017-12-16,8,1.0
109788,149729,19/20,Broken toe,2019-11-10,2019-12-15,36,7.0
109788,149729,20/21,Foot injury,2021-02-03,2021-02-06,4,1.0
109788,149729,21/22,Lumbar vertebra problems,2021-11-08,2021-11-16,9,2.0
109788,149729,21/22,Corona virus,2022-02-03,2022-02-09,7,1.0
110504,131996,16/17,Foot injury,2016-11-07,2016-11-16,10,1.0
110504,131996,16/17,Leg injury,2016-12-02,2017-01-01,31,5.0
110504,131996,17/18,Inner ligament stretch of the knee,2017-11-24,2018-01-13,51,9.0
110504,131996,20/21,Ill,2020-09-14,2020-09-19,6,2.0
110504,131996,20/21,Bruised ribs,2020-11-02,2020-11-20,19,1.0
110504,131996,21/22,Strain in the thigh and gluteal muscles,2021-10-20,2021-12-25,67,11.0
110504,131996,21/22,Corona virus,2022-01-10,2022-01-16,7,3.0
110504,131996,22/23,Knee injury,2022-12-28,2023-02-15,50,8.0
110504,131996,23/24,unknown injury,2023-08-30,2023-09-25,27,7.0
110504,131996,23/24,unknown injury,2023-11-25,2024-01-13,50,12.0
110504,131996,24/25,Knee injury,2024-10-01,2024-10-05,5,1.0
110504,131996,24/25,Knee problems,2024-11-10,2024-11-23,14,2.0
110504,131996,25/26,unknown injury,2025-08-16,2025-08-29,14,3.0
110504,131996,25/26,Knee injury,2026-01-06,2026-02-26,52,9.0
110504,131996,25/26,Knee injury,2026-03-12,2026-05-12,62,7.0
110979,200512,16/17,Shoulder injury,2016-08-15,2016-08-22,8,1.0
110979,200512,16/17,Knee injury,2017-04-03,2017-06-29,88,10.0
110979,200512,17/18,Hamstring injury,2017-10-09,2017-11-02,25,5.0
110979,200512,18/19,Broken finger,2018-10-15,2018-10-24,10,2.0
110979,200512,18/19,Foot injury,2018-12-03,2018-12-07,5,1.0
110979,200512,18/19,Hand injury,2019-04-11,2019-04-13,3,
110979,200512,19/20,Hamstring strain,2019-09-23,2019-09-27,5,1.0
110979,200512,19/20,Muscle injury,2020-01-24,2020-02-14,22,4.0
110979,200512,19/20,Hamstring injury,2020-01-26,2020-02-11,17,4.0
110979,200512,20/21,Corona virus,2020-10-02,2020-10-16,15,2.0
110979,200512,20/21,Knock,2021-01-30,2021-02-06,8,2.0
110979,200512,22/23,Inflammation in the head of the fibula,2022-11-09,2023-02-22,106,19.0
110979,200512,23/24,Knee problems,2024-05-27,2024-05-31,5,
110979,200512,23/24,Torn thigh muscle,2024-05-31,2024-06-30,31,2.0
110979,200512,25/26,Ankle injury,2026-03-13,2026-03-26,14,1.0
111234,130164,16/17,Knee injury,2016-12-26,2017-02-27,64,9.0
111234,130164,20/21,Chest injury,2021-01-28,2021-02-18,22,4.0
111234,130164,21/22,Shoulder injury,2021-09-13,2021-09-27,15,2.0
111234,130164,22/23,Thigh problems,2022-09-09,2022-09-27,19,3.0
111291,137745,19/20,Adductor pain,2019-07-31,2019-09-10,42,4.0
111291,137745,19/20,Muscle injury,2019-10-21,2019-11-20,31,5.0
111291,137745,19/20,Calf strain,2019-12-11,2020-01-03,24,3.0
111291,137745,20/21,Calf injury,2020-09-23,2020-10-18,26,2.0
111291,137745,20/21,Knock,2020-10-26,2020-11-07,13,1.0
111291,137745,20/21,Groin injury,2020-12-28,2021-02-13,48,11.0
111291,137745,23/24,Calf injury,2024-01-30,2024-02-23,25,4.0
111291,137745,23/24,Calf injury,2024-04-02,2024-06-19,79,16.0
111291,137745,24/25,muscular problems,2024-08-19,2024-08-24,6,1.0
111291,137745,24/25,Fitness,2025-03-27,2025-05-02,37,10.0
111291,137745,24/25,Fitness,2025-05-19,2025-06-14,27,4.0
111291,137745,25/26,Adductor injury,2025-09-29,2025-10-14,16,2.0
111291,137745,25/26,Calf injury,2025-10-20,2025-11-04,16,2.0
111291,137745,25/26,Inner ligament stretch of the knee,2026-02-02,2026-03-17,44,12.0
111291,137745,25/26,unknown injury,2026-03-22,2026-04-20,30,7.0
111452,124419,12/13,Insect bite,2012-08-18,2012-08-22,5,
111452,124419,13/14,Meniscus tear,2013-11-23,2013-12-31,39,7.0
111452,124419,20/21,Corona virus,2021-01-24,2021-01-31,8,2.0
111452,124419,21/22,Corona virus,2022-01-06,2022-01-11,6,1.0
111457,94005,22/23,Adductor pain,2023-03-13,2023-03-30,18,3.0
111457,94005,23/24,muscular problems,2023-11-13,2023-11-23,11,2.0
111457,94005,23/24,Ankle sprain,2023-12-09,2023-12-17,9,2.0
111457,94005,23/24,muscular problems,2024-01-07,2024-01-09,3,
111457,94005,23/24,muscular problems,2024-04-11,2024-04-15,5,1.0
111457,94005,23/24,muscular problems,2024-05-02,2024-05-20,19,5.0
111457,94005,23/24,muscular problems,2024-05-22,2024-06-03,13,2.0
111457,94005,24/25,Muscle fatigue,2024-08-14,2024-09-09,27,4.0
111457,94005,24/25,Fever,2024-10-19,2024-10-21,3,1.0
111457,94005,24/25,Muscle injury,2024-11-06,2024-11-25,20,4.0
111457,94005,24/25,Hamstring muscle injury,2025-02-02,2025-02-17,16,4.0
111457,94005,24/25,Cruciate ligament tear,2025-04-14,2025-10-27,197,23.0
111457,94005,25/26,unknown injury,2025-10-31,2025-11-02,3,1.0
111457,94005,25/26,Collateral ligament injury,2026-01-05,2026-01-15,11,2.0
111457,94005,25/26,Muscle fatigue,2026-02-26,2026-02-28,3,
111478,111195,16/17,Ill,2017-02-15,2017-02-17,3,1.0
111478,111195,17/18,Rest,2017-10-25,2017-10-25,1,
111478,111195,17/18,Cruciate ligament tear,2018-04-20,2019-02-01,288,45.0
111478,111195,19/20,Muscle injury,2019-11-22,2019-11-29,8,2.0
111478,111195,19/20,Knee surgery,2020-02-02,2020-05-31,120,9.0
111478,111195,20/21,Knock,2021-02-02,2021-02-05,4,1.0
111478,111195,21/22,Corona virus,2021-08-14,2021-08-27,14,3.0
111478,111195,21/22,Ankle injury,2021-12-15,2021-12-28,14,1.0
111478,111195,23/24,Knee injury,2023-12-17,2024-02-05,51,8.0
111478,111195,23/24,Knock,2024-05-11,2024-05-21,11,2.0
111478,111195,24/25,Ill,2024-09-27,2024-09-30,4,1.0
111478,111195,24/25,unknown injury,2024-11-25,2024-12-17,23,4.0
111478,111195,24/25,Foot injury,2025-02-17,2025-04-21,64,10.0
111478,111195,25/26,Calf injury,2025-10-02,2025-11-07,37,5.0
111478,111195,25/26,Muscle injury,2026-01-06,2026-01-09,4,1.0
111782,75458,17/18,Broken collarbone,2018-03-01,2018-05-17,78,12.0
111782,75458,18/19,Muscle injury,2018-11-24,2018-11-26,3,1.0
111782,75458,18/19,Calf problems,2019-02-07,2019-02-12,6,1.0
111787,189070,17/18,Knee problems,2017-09-10,2017-09-29,20,4.0
111787,189070,19/20,unknown injury,2020-01-20,2020-01-24,5,1.0
111787,189070,19/20,Torn thigh muscle,2020-03-14,2020-04-06,24,
111787,189070,20/21,minor knock,2021-05-21,2021-05-27,7,2.0
111787,189070,20/21,Muscle injury,2021-08-01,2021-10-26,87,17.0
111787,189070,20/21,Stomach problems,2021-10-27,2021-11-02,7,1.0
111787,189070,23/24,Shoulder injury,2023-10-25,2023-10-31,7,1.0
111787,189070,23/24,unknown injury,2023-11-05,2023-12-10,36,4.0
111847,93145,11/12,unknown injury,2012-05-16,2012-06-30,46,4.0
111847,93145,17/18,muscular problems,2018-06-20,2018-06-22,3,1.0
111847,93145,18/19,muscular problems,2018-08-07,2018-08-14,8,2.0
111847,93145,18/19,Adductor pain,2018-08-21,2018-09-21,32,3.0
111847,93145,18/19,Muscle injury,2019-04-07,2019-05-03,27,4.0
111847,93145,19/20,Broken foot,2020-02-01,2020-04-01,61,4.0
111847,93145,22/23,Muscle injury,2022-09-08,2022-11-01,55,7.0
111847,93145,22/23,Muscle injury,2023-03-06,2023-04-25,51,7.0
111847,93145,22/23,Leg injury,2023-05-15,2023-08-31,109,17.0
112139,39033,11/12,Achilles tendon rupture,2011-09-21,2011-12-01,72,14.0
112316,138335,20/21,unknown injury,2021-01-29,2021-03-25,56,3.0
112316,138335,20/21,unknown injury,2021-06-19,2021-10-31,135,18.0
112316,138335,24/25,unknown injury,2024-07-13,2024-07-30,18,3.0
112338,119296,20/21,muscular problems,2020-11-30,2020-12-03,4,1.0
112338,119296,21/22,Calf problems,2021-07-27,2021-08-18,23,3.0
112338,119296,21/22,muscular problems,2021-08-25,2021-09-30,37,9.0
112338,119296,21/22,Muscle injury,2021-10-27,2021-11-17,22,5.0
112338,119296,21/22,Muscle injury,2022-01-17,2022-02-10,25,3.0
112338,119296,22/23,muscular problems,2023-01-20,2023-01-23,4,1.0
112338,119296,23/24,bruise,2023-10-26,2023-11-23,29,7.0
112338,119296,23/24,Knock,2024-01-19,2024-01-25,7,1.0
112338,119296,24/25,Ill,2025-01-09,2025-01-13,5,1.0
112338,119296,24/25,Adductor pain,2025-03-31,2025-04-04,5,
112338,119296,24/25,Adductor pain,2025-04-14,2025-04-18,5,1.0
112338,119296,24/25,Adductor pain,2025-06-10,2025-10-29,142,18.0
112338,119296,25/26,Ill,2026-02-01,2026-02-04,4,1.0
112338,119296,25/26,Adductor pain,2026-02-05,2026-02-23,19,4.0
112338,119296,25/26,Cruciate ligament tear,2026-03-01,,194,15.0
112516,245805,15/16,Knock,2016-04-01,2016-04-15,15,2.0
112516,245805,16/17,Knee injury,2017-03-17,2017-04-18,33,5.0
112516,245805,17/18,Hamstring injury,2017-08-12,2017-09-24,44,6.0
112516,245805,17/18,Knee injury,2017-12-22,2017-12-31,10,3.0
112516,245805,17/18,Cruciate ligament tear,2018-01-08,2018-11-15,312,27.0
112516,245805,18/19,Hamstring injury,2018-11-17,2019-02-02,78,13.0
112516,245805,19/20,Knee injury,2020-09-28,2020-10-30,33,5.0
113534,220491,21/22,Thigh problems,2022-02-27,2022-04-04,37,4.0
113534,220491,26/27,Cruciate ligament injury,2026-07-26,,47,7.0
113564,236953,15/16,Muscle injury,2016-03-18,2016-04-17,31,6.0
113564,236953,16/17,Hamstring injury,2016-10-01,2017-01-08,100,16.0
113564,236953,17/18,Hamstring strain,2017-11-01,2018-01-13,74,20.0
113564,236953,17/18,Ankle injury,2018-03-03,2018-08-13,164,10.0
113564,236953,18/19,Knee surgery,2018-08-29,2019-04-08,223,38.0
113564,236953,19/20,Hamstring injury,2020-02-16,2021-01-16,336,39.0
113564,236953,23/24,Hamstring injury,2023-12-09,2023-12-23,15,2.0
113564,236953,23/24,Hamstring injury,2024-02-11,2024-02-25,15,3.0
114093,220755,16/17,Hamstring injury,2016-07-30,2017-01-07,162,22.0
114241,198516,17/18,unknown injury,2017-08-01,2017-08-13,13,2.0
114241,198516,25/26,Muscle injury,2025-08-26,2025-10-16,52,5.0
114241,198516,25/26,Muscle injury,2026-04-27,2026-07-21,86,6.0
114241,198516,26/27,Muscle injury,2026-08-03,,39,9.0
114243,199527,23/24,Shoulder injury,2023-10-25,2024-01-26,94,
114243,199527,24/25,Hamstring injury,2024-10-30,2024-11-08,10,
114243,199527,25/26,Hamstring injury,2026-01-08,2026-01-26,19,
114536,183284,13/14,Hamstring injury,2014-02-19,2014-03-23,33,6.0
114536,183284,23/24,fatigue fracture,2023-10-14,2023-11-24,42,6.0
115357,215677,12/13,Hip problems,2012-10-29,2012-11-24,27,2.0
115357,215677,13/14,Groin problems,2013-10-31,2014-01-10,72,16.0
115357,215677,15/16,Ankle sprain,2015-10-12,2015-10-29,18,4.0
115357,215677,17/18,Shoulder injury,2018-06-18,2018-10-15,120,13.0
115357,215677,24/25,Lower leg fracture,2024-11-02,2025-04-30,180,22.0
115556,192765,18/19,Groin strain,2019-01-24,2019-02-25,33,5.0
115556,192765,19/20,Groin injury,2019-08-08,2019-08-19,12,1.0
115556,192765,19/20,Ankle injury,2019-11-21,2020-02-10,82,18.0
115556,192765,20/21,Shin injury,2021-03-22,2021-05-31,71,13.0
115556,192765,21/22,Ill,2021-10-04,2021-10-11,8,1.0
115556,192765,21/22,Hamstring strain,2022-03-28,2022-03-31,4,1.0
115556,192765,22/23,Knee injury,2022-09-15,2022-10-03,19,4.0
115556,192765,22/23,Hamstring injury,2023-03-18,2023-04-20,34,5.0
115556,192765,23/24,Knock,2023-10-22,2023-10-26,5,1.0
115556,192765,23/24,Knock,2023-10-27,2023-11-09,14,1.0
115556,192765,23/24,Hamstring injury,2024-01-12,2024-01-23,12,1.0
115556,192765,23/24,Calf problems,2024-04-29,2024-07-27,90,7.0
115556,192765,24/25,Hamstring injury,2024-12-05,2025-01-17,44,11.0
115556,192765,25/26,Hamstring injury,2025-10-17,2025-11-26,41,10.0
115556,192765,25/26,Ankle surgery,2026-01-19,2026-06-01,134,22.0
115854,248045,13/14,Foot injury,2014-02-08,2014-03-15,36,4.0
115854,248045,13/14,Knee injury,2014-03-20,2014-03-25,6,1.0
115854,248045,15/16,Ankle injury,2016-02-06,2016-04-15,70,8.0
115854,248045,16/17,Knee injury,2016-12-03,2017-09-15,287,35.0
115854,248045,17/18,Knee injury,2017-11-18,2018-11-25,373,53.0
115854,248045,18/19,Ankle injury,2019-03-02,2019-05-15,75,13.0
115918,205657,15/16,Wrist fracture,2015-09-03,2015-12-15,104,15.0
115918,205657,15/16,Ankle injury,2015-12-30,2016-02-28,61,
115918,205657,18/19,influenza,2018-12-03,2018-12-07,5,1.0
115918,205657,19/20,Head injury,2019-11-02,2019-11-28,27,4.0
115918,205657,19/20,Foot injury,2020-01-18,2020-01-24,7,2.0
115918,205657,23/24,Ill,2024-04-06,2024-04-06,1,
115918,205657,23/24,unknown injury,2024-05-04,2024-05-11,8,1.0
115918,205657,24/25,Broken hand,2025-06-29,2025-07-31,33,4.0
115918,205657,25/26,Ill,2026-02-07,2026-02-09,3,1.0
116404,156501,19/20,Stomach problems,2020-06-10,2020-06-26,17,4.0
116404,156501,19/20,Knock,2020-07-02,2020-07-06,5,1.0
116404,156501,21/22,Ligament injury,2021-06-20,2021-08-28,70,7.0
116594,225083,19/20,Muscle injury,2020-02-17,2020-06-08,113,5.0
116594,225083,19/20,Hamstring injury,2020-07-02,2020-07-30,29,6.0
116594,225083,20/21,Rest,2020-09-21,2020-09-24,4,1.0
116594,225083,20/21,Hamstring injury,2021-01-07,2021-02-01,26,5.0
116594,225083,20/21,Muscle injury,2021-03-25,2021-04-01,8,2.0
116594,225083,21/22,Groin injury,2021-08-26,2021-09-16,22,4.0
116594,225083,21/22,Corona virus,2021-09-27,2021-10-11,15,4.0
116594,225083,21/22,Knee problems,2021-11-25,2021-12-16,22,5.0
116594,225083,21/22,Corona virus,2022-01-06,2022-01-10,5,1.0
116594,225083,21/22,Knock,2022-04-28,2022-05-12,15,3.0
116594,225083,21/22,Knee problems,2022-06-09,2022-06-30,22,2.0
116594,225083,22/23,Hamstring injury,2022-08-15,2023-02-20,190,39.0
116594,225083,22/23,Fitness,2023-02-20,2023-03-12,21,4.0
116594,225083,22/23,Groin injury,2023-05-12,2023-05-29,18,4.0
116594,225083,24/25,Muscle injury,2025-01-09,2025-01-13,5,1.0
118335,224884,14/15,Rest,2015-02-16,2015-02-19,4,
118335,224884,14/15,Capsular injury,2015-03-23,2015-04-13,22,2.0
118335,224884,14/15,Toe injury,2015-04-09,2015-04-16,8,
118335,224884,17/18,Cruciate ligament tear,2017-01-19,2017-09-04,229,39.0
118335,224884,17/18,Fitness,2017-09-04,2018-05-04,243,52.0
118335,224884,19/20,Knee injury,2019-09-23,2020-09-04,348,41.0
118335,224884,21/22,Hamstring injury,2022-02-19,2022-03-31,41,8.0
118335,224884,22/23,Hamstring injury,2022-09-29,2022-10-16,18,4.0
118335,224884,22/23,Tonsillitis,2023-02-01,2023-02-05,5,1.0
118335,224884,22/23,unknown injury,2023-02-15,2023-05-15,90,17.0
118335,224884,23/24,unknown injury,2023-11-09,2023-12-11,33,7.0
118335,224884,23/24,Head injury,2024-02-26,2024-03-01,5,1.0
118335,224884,23/24,unknown injury,2024-03-30,2024-04-01,3,1.0
118335,224884,24/25,unknown injury,2024-08-16,2024-08-20,5,1.0
118342,125714,12/13,Adductor pain,2013-04-14,2013-04-22,9,2.0
118342,125714,14/15,Cruciate ligament tear,2014-07-18,2015-01-05,172,21.0
118342,125714,16/17,Hamstring injury,2017-02-17,2017-02-21,5,1.0
118342,125714,17/18,Thigh problems,2018-04-27,2018-05-18,22,3.0
118342,125714,18/19,Adductor pain,2019-03-28,2019-05-01,35,5.0
118342,125714,19/20,Syndesmotic ligament tear,2019-08-01,2019-09-30,61,7.0
118342,125714,20/21,Elbow injury,2020-09-13,2021-03-22,191,28.0
118342,125714,21/22,Corona virus,2022-01-07,2022-01-17,11,2.0
118342,125714,23/24,cold,2023-10-03,2023-10-19,17,3.0
118342,125714,24/25,Chest injury,2025-01-31,2025-02-14,15,1.0
118342,125714,25/26,Ligament injury,2026-01-18,2026-03-18,60,16.0
118342,125714,25/26,muscular problems,2026-04-25,2026-04-27,3,1.0
118748,148455,15/16,Torn lateral ankle ligament,2015-11-09,2015-12-07,29,6.0
118748,148455,16/17,Torn lateral ankle ligament,2016-12-01,2016-12-15,15,3.0
118748,148455,17/18,Groin problems,2017-12-31,2018-01-08,9,2.0
118748,148455,17/18,Groin problems,2018-04-05,2018-04-08,4,1.0
118748,148455,17/18,Shoulder injury,2018-05-27,2018-06-14,19,2.0
118748,148455,18/19,Thigh problems,2018-10-13,2018-10-18,6,1.0
118748,148455,18/19,concussion,2019-05-05,2019-05-11,7,1.0
118748,148455,19/20,Ankle problems,2019-10-06,2019-10-22,17,2.0
118748,148455,19/20,Ankle injury,2019-11-11,2019-11-22,12,2.0
118748,148455,20/21,Corona virus,2020-11-13,2020-11-24,12,3.0
118748,148455,21/22,Groin problems,2022-05-15,2022-05-20,6,1.0
118748,148455,23/24,Hamstring muscle injury,2024-01-19,2024-02-13,26,8.0
118748,148455,23/24,muscular problems,2024-02-19,2024-03-04,15,4.0
118748,148455,25/26,muscular problems,2026-03-18,2026-04-01,15,3.0
118748,148455,25/26,Thigh problems,2026-04-26,2026-05-12,17,2.0
119765,126422,16/17,Knock,2017-02-20,2017-03-03,12,2.0
119765,126422,16/17,Muscle fatigue,2017-05-14,2017-05-20,7,
119765,126422,18/19,Shoulder injury,2018-12-21,2018-12-24,4,1.0
119765,126422,18/19,Stress reaction of the bone,2019-04-27,2019-05-02,6,1.0
119765,126422,19/20,flu,2019-09-21,2019-09-23,3,1.0
119765,126422,19/20,Knee injury,2019-10-31,2019-11-04,5,1.0
119765,126422,19/20,Knee problems,2019-11-08,2019-11-20,13,3.0
119765,126422,19/20,Bruised ribs,2019-11-28,2019-12-09,12,2.0
119765,126422,19/20,Muscle fatigue,2020-01-20,2020-02-02,14,2.0
119765,126422,19/20,Muscle fatigue,2020-06-27,2020-07-06,10,3.0
119765,126422,20/21,Groin injury,2020-10-02,2020-10-16,15,3.0
119765,126422,20/21,Muscle injury,2020-12-17,2021-02-13,59,12.0
119765,126422,25/26,muscular problems,2025-07-17,2025-07-25,9,1.0
119765,126422,25/26,Hamstring injury,2026-02-13,2026-03-09,25,7.0
119765,126422,25/26,Torn thigh muscle,2026-05-03,2026-08-15,105,13.0
120202,228645,16/17,Groin injury,2017-03-18,2017-03-25,8,1.0
120202,228645,19/20,Hamstring strain,2020-02-01,2020-02-06,6,1.0
120202,228645,21/22,Corona virus,2021-10-17,2021-11-01,16,3.0
120202,228645,23/24,muscular problems,2023-08-17,2023-08-24,8,1.0
120202,228645,23/24,unknown injury,2023-09-29,2023-10-05,7,1.0
120202,228645,23/24,Torn muscle fiber in the adductor area,2023-12-09,2023-12-31,23,2.0
120202,228645,24/25,Hamstring injury,2024-09-28,2024-10-05,8,2.0
120202,228645,24/25,Ill,2024-11-27,2024-11-30,4,1.0
120202,228645,24/25,Broken toe,2025-02-09,2025-03-31,51,12.0
120202,228645,25/26,Back injury,2025-09-20,2025-09-26,7,1.0
120202,228645,25/26,unknown injury,2025-09-29,2025-10-01,3,1.0
120202,228645,25/26,minor knock,2025-11-12,2025-11-21,10,2.0
120202,228645,25/26,Ankle sprain,2025-12-06,2026-01-23,49,8.0
120202,228645,25/26,Ill,2026-05-01,2026-05-09,9,1.0
120202,228645,26/27,Rest,2026-08-12,2026-08-14,3,1.0
120447,175745,16/17,Foot injury,2016-10-10,2016-11-14,36,4.0
120447,175745,17/18,Hip injury,2017-10-10,2018-02-23,137,25.0
120447,175745,18/19,Adductor pain,2018-08-14,2018-08-24,11,1.0
120447,175745,18/19,Muscle injury,2018-09-25,2019-03-01,158,16.0
120447,175745,22/23,Torn knee ligaments,2022-07-08,2023-04-07,274,22.0
120447,175745,22/23,Cruciate ligament tear,2022-07-10,2023-04-20,285,24.0
120447,175745,25/26,Muscle injury,2025-08-25,,382,10.0
120721,183321,17/18,unknown injury,2018-04-16,2018-04-20,5,1.0
120721,183321,17/18,Ligament injury,2018-05-11,2018-06-26,47,3.0
120721,183321,18/19,Rest,2018-09-14,2018-09-17,4,1.0
120721,183321,18/19,Ankle sprain,2018-09-24,2018-10-18,25,6.0
120721,183321,18/19,surgery,2019-01-24,2019-02-21,29,3.0
120721,183321,18/19,unknown injury,2019-02-21,2019-02-28,8,1.0
120721,183321,18/19,unknown injury,2019-03-07,2019-03-14,8,1.0
120721,183321,19/20,Thigh problems,2020-03-04,2020-03-13,10,2.0
120721,183321,20/21,Corona virus,2020-07-25,2020-08-09,16,1.0
120721,183321,20/21,Ligament injury,2020-09-04,2020-11-02,60,14.0
120721,183321,20/21,muscular problems,2020-12-22,2020-12-24,3,1.0
120721,183321,21/22,Corona virus,2021-12-28,2022-01-03,7,
120721,183321,23/24,Groin problems,2023-10-15,2023-10-30,16,3.0
120721,183321,23/24,Adductor injury,2024-04-01,2024-04-12,12,1.0
120721,183321,25/26,Muscle injury,2026-03-12,2026-04-10,30,4.0
121160,238223,19/20,Ill,2019-12-08,2019-12-14,7,1.0
121160,238223,19/20,Ill,2019-12-30,2020-01-07,9,2.0
121160,238223,20/21,Virus,2020-12-27,2021-01-12,17,2.0
121160,238223,23/24,Knee injury,2024-01-13,2024-01-20,8,
121160,238223,23/24,Muscle injury,2024-03-10,2024-04-05,27,5.0
121160,238223,23/24,Eyebow fracture,2024-05-14,2024-07-28,76,8.0
121160,238223,24/25,unknown injury,2024-12-20,2025-01-10,22,4.0
121160,238223,24/25,unknown injury,2025-02-01,2025-02-10,10,2.0
121160,238223,24/25,Abdominal problems,2025-03-14,2025-03-30,17,3.0
121160,238223,24/25,Hip problems,2025-04-13,2025-04-25,13,2.0
121160,238223,25/26,Ill,2025-08-15,2025-08-23,9,1.0
121160,238223,25/26,muscular problems,2025-10-04,2025-10-21,18,4.0
121160,238223,25/26,Hamstring strain,2026-02-23,2026-02-28,6,1.0
121160,238223,25/26,Hamstring strain,2026-03-01,2026-03-06,6,1.0
121160,238223,26/27,Ill,2026-08-09,2026-08-17,9,2.0
121221,11111,11/12,Appendicitis,2011-11-08,2011-12-05,28,4.0
121221,11111,12/13,Cruciate ligament tear,2012-10-29,2013-05-23,207,22.0
121221,11111,16/17,Meniscus injury,2017-03-29,2017-07-17,111,11.0
121221,11111,17/18,Knee surgery,2017-07-17,2018-02-04,203,45.0
121221,11111,19/20,Achilles tendon problems,2020-05-27,2020-08-27,93,11.0
121221,11111,22/23,Muscle injury,2022-10-02,2022-10-10,9,1.0
121221,11111,23/24,Knee injury,2024-02-29,2024-07-01,124,21.0
121570,134277,20/21,unknown injury,2020-09-20,2020-09-27,8,1.0
121570,134277,20/21,Cruciate ligament injury,2020-10-18,2021-05-16,211,48.0
121570,134277,22/23,Injury to the ankle,2022-08-22,2022-09-28,38,7.0
121570,134277,22/23,Dead leg,2023-02-02,2023-02-20,19,4.0
121570,134277,23/24,Groin injury,2023-10-25,2023-11-05,12,2.0
121570,134277,23/24,unknown injury,2023-11-21,2023-12-04,14,2.0
121570,134277,23/24,unknown injury,2023-12-18,2023-12-25,8,2.0
121570,134277,23/24,Muscle injury,2024-03-02,2024-03-15,14,1.0
121570,134277,23/24,Meniscus tear,2024-04-10,2024-05-10,31,4.0
121570,134277,24/25,unknown injury,2024-07-30,2024-08-20,22,1.0
121570,134277,24/25,Muscle injury,2024-09-19,2024-10-13,25,4.0
121570,134277,24/25,unknown injury,2024-11-02,2024-12-06,35,5.0
121570,134277,24/25,Inner ligament injury,2025-01-16,2025-03-24,68,9.0
121570,134277,24/25,Fitness,2025-03-24,2025-03-29,6,2.0
121570,134277,24/25,unknown injury,2025-04-20,2025-05-01,12,1.0
121599,127187,12/13,Cruciate ligament tear,2013-05-22,2013-12-30,223,19.0
121599,127187,18/19,Knee injury,2019-01-13,2019-02-08,27,4.0
121599,127187,20/21,Foot injury,2021-03-04,2021-05-07,65,8.0
121599,127187,21/22,Stress reaction of the bone,2021-10-17,2021-11-28,43,4.0
121599,127187,22/23,Hamstring injury,2022-08-13,2022-10-03,52,5.0
121599,127187,23/24,Thigh problems,2023-12-17,2024-01-12,27,5.0
121709,296802,15/16,Hairline fracture in the fibula,2016-03-22,2016-04-27,37,5.0
121709,296802,16/17,fatigue fracture,2016-08-13,2016-10-29,78,13.0
121709,296802,22/23,Knee surgery,2023-02-28,2023-04-04,36,5.0
121709,296802,25/26,Finger injury,2025-09-19,2025-09-29,11,2.0
122342,223047,14/15,Broken collarbone,2015-01-23,2015-04-15,83,24.0
122342,223047,15/16,Calf injury,2015-11-01,2015-11-15,15,3.0
122342,223047,16/17,Foot injury,2017-05-02,2017-05-31,30,3.0
122342,223047,18/19,Knee injury,2018-11-05,2018-12-07,33,4.0
122342,223047,20/21,Cruciate ligament tear,2021-06-10,2022-04-13,308,34.0
122342,223047,22/23,Hamstring injury,2022-07-03,2023-06-09,342,18.0
122411,255788,14/15,Ankle sprain,2015-01-21,2015-01-24,4,
122411,255788,22/23,Facial fracture,2022-09-15,2022-10-23,39,9.0
122411,255788,26/27,Achilles tendon rupture,2026-08-09,,33,6.0
122775,174094,17/18,Inner ligament stretch of the knee,2018-01-17,2018-01-22,6,1.0
122775,174094,18/19,Calf injury,2018-09-27,2018-10-17,21,3.0
122775,174094,20/21,Contracture,2020-09-12,2020-09-16,5,1.0
122775,174094,20/21,Muscle injury,2020-12-13,2021-01-12,31,5.0
122775,174094,20/21,Knee problems,2021-04-09,2021-08-29,143,13.0
122775,174094,21/22,Hamstring injury,2021-09-23,2021-10-16,24,2.0
122775,174094,21/22,Ill,2021-10-30,2021-11-06,8,2.0
122775,174094,21/22,Corona virus,2021-12-12,2021-12-25,14,1.0
122775,174094,21/22,Knock,2022-04-10,2022-05-08,29,2.0
122775,174094,22/23,Hamstring injury,2023-03-01,2023-03-10,10,1.0
122775,174094,23/24,Knee injury,2024-02-24,2024-03-07,13,2.0
122775,174094,23/24,Muscle injury,2024-03-17,2024-04-06,21,1.0
122775,174094,24/25,Injury to the ankle,2024-08-17,2025-03-17,213,37.0
122775,174094,24/25,Head injury,2025-05-11,2025-05-16,6,
122775,174094,25/26,Dead leg,2025-08-07,2025-08-29,23,3.0
122798,234803,18/19,Knock,2018-12-03,2018-12-07,5,1.0
122798,234803,18/19,Arm injury,2019-02-25,2019-02-26,2,
122798,234803,18/19,Torn thigh muscle,2019-06-12,2019-06-24,13,
122798,234803,19/20,Ankle injury,2019-11-11,2019-11-22,12,2.0
122798,234803,19/20,Rest,2020-03-05,2020-03-09,5,1.0
122798,234803,19/20,minor knock,2020-06-15,2020-06-22,8,1.0
122798,234803,20/21,Hip injury,2020-11-14,2020-11-18,5,1.0
122798,234803,25/26,Ankle injury,2021-08-08,2021-08-18,11,1.0
122798,234803,21/22,Thigh problems,2021-11-16,2021-11-21,6,1.0
122798,234803,22/23,Knee injury,2022-09-08,2022-10-10,33,7.0
122798,234803,22/23,Groin problems,2023-05-25,2023-05-30,6,1.0
122798,234803,23/24,Shoulder injury,2023-10-12,2024-01-22,103,24.0
122798,234803,23/24,Ill,2024-02-26,2024-02-29,4,1.0
122798,234803,23/24,Ankle problems,2024-03-26,2024-04-02,8,1.0
122798,234803,23/24,Knock,2024-05-10,2024-05-15,6,1.0
123125,95755,13/14,Hamstring strain,2014-02-24,2015-03-20,390,70.0
123125,95755,15/16,Groin injury,2015-10-04,2015-10-13,10,3.0
123125,95755,16/17,Knee injury,2016-12-17,2017-01-21,36,4.0
123125,95755,18/19,Ankle injury,2018-11-02,2019-01-18,78,9.0
123125,95755,18/19,Muscle injury,2019-01-26,2019-02-25,31,2.0
123125,95755,19/20,unknown injury,2020-02-12,2020-03-05,23,6.0
123125,95755,19/20,Torn muscle fiber in the adductor area,2020-05-22,2020-06-02,12,1.0
123125,95755,19/20,Groin surgery,2020-06-12,2020-07-18,37,7.0
123125,95755,20/21,Corona virus,2020-12-05,2020-12-17,13,2.0
123125,95755,21/22,Ankle surgery,2022-01-01,2022-06-30,181,20.0
123125,95755,22/23,Muscle fatigue,2022-07-18,2022-07-29,12,3.0
123125,95755,22/23,Muscle injury,2022-08-17,2022-08-23,7,1.0
123125,95755,22/23,Muscle injury,2022-10-17,2022-10-28,12,2.0
124183,217111,19/20,Calf injury,2020-01-19,2020-02-11,24,3.0
124183,217111,19/20,Calf injury,2020-02-16,2020-02-29,14,2.0
124183,217111,20/21,Knee injury,2020-08-30,2020-10-16,48,7.0
124183,217111,20/21,Hip injury,2020-12-07,2021-01-02,27,6.0
124183,217111,21/22,Shoulder injury,2021-08-12,2021-08-17,6,1.0
124183,217111,21/22,Achilles heel problems,2022-02-22,2022-03-03,10,2.0
124183,217111,22/23,Rest,2022-12-18,2022-12-28,11,1.0
124183,217111,23/24,Fitness,2023-08-19,2023-09-03,16,4.0
124183,217111,23/24,Foot injury,2023-09-25,2023-10-22,28,6.0
124183,217111,23/24,unknown injury,2023-12-02,2023-12-11,10,1.0
124183,217111,23/24,Hamstring injury,2023-12-24,2023-12-30,7,
124183,217111,23/24,Ankle injury,2024-01-11,2024-01-16,6,3.0
124183,217111,23/24,Ankle injury,2024-01-24,2024-03-06,43,12.0
124183,217111,24/25,Partial muscle tear,2024-09-09,2024-10-04,26,6.0
124183,217111,25/26,Fitness,2025-10-24,2025-11-17,25,5.0
126184,177476,19/20,Hamstring injury,2019-12-08,2020-01-11,35,6.0
126184,177476,19/20,Head injury,2020-02-10,2020-02-28,19,1.0
126184,177476,20/21,Groin injury,2020-07-13,2020-07-25,13,2.0
126184,177476,20/21,Groin strain,2020-10-21,2020-10-30,10,3.0
126184,177476,20/21,Hamstring injury,2020-11-11,2020-11-30,20,5.0
126184,177476,20/21,Hamstring injury,2020-12-27,2021-03-14,78,21.0
126184,177476,22/23,Groin injury,2022-08-22,2022-09-01,11,2.0
126184,177476,22/23,Hamstring muscle injury,2023-04-19,2023-05-01,13,3.0
126184,177476,22/23,Hamstring injury,2023-05-07,2023-05-27,21,5.0
126184,177476,23/24,Calf injury,2024-03-31,2024-04-12,13,3.0
126184,177476,24/25,Hamstring injury,2024-09-10,2024-10-14,35,8.0
126184,177476,24/25,unknown injury,2024-12-04,2024-12-20,17,3.0
126184,177476,24/25,Muscle injury,2025-01-18,2025-02-11,25,6.0
126184,177476,24/25,muscle stiffness,2025-02-13,2025-02-17,5,1.0
126184,177476,24/25,Foot surgery,2025-03-01,2025-05-19,80,14.0
126187,202886,22/23,Knock,2021-08-13,2021-09-20,39,6.0
126187,202886,21/22,unknown injury,2021-12-17,2022-01-03,18,5.0
126187,202886,21/22,Corona virus,2021-12-23,2022-01-03,12,3.0
126187,202886,22/23,Calf injury,2022-11-12,2023-01-13,63,10.0
126187,202886,22/23,Knock,2023-02-01,2023-02-05,5,1.0
126187,202886,22/23,Knock,2023-02-17,2023-02-19,3,1.0
126187,202886,22/23,Knock,2023-04-14,2023-04-17,4,1.0
126187,202886,23/24,Adductor injury,2023-09-30,2023-10-31,32,7.0
126187,202886,23/24,Hamstring muscle injury,2024-04-27,2024-05-22,26,3.0
126187,202886,24/25,Muscle fatigue,2024-10-02,2024-10-16,15,3.0
126187,202886,24/25,Adductor injury,2024-12-12,2025-01-03,23,3.0
126187,202886,24/25,muscular problems,2025-01-10,2025-03-15,65,16.0
126187,202886,24/25,Appendectomy,2025-03-29,2025-04-21,24,5.0
126187,202886,25/26,Muscle fatigue,2025-10-18,2025-10-27,10,2.0
126187,202886,25/26,Broken jaw,2026-02-23,2026-04-01,38,4.0
126407,245537,16/17,Stomach flu,2017-02-13,2017-02-16,4,
126407,245537,16/17,Ankle injury,2017-06-08,2017-06-08,1,
126407,245537,17/18,muscle stiffness,2017-09-21,2017-09-28,8,1.0
126407,245537,17/18,Groin problems,2017-10-02,2017-10-12,11,1.0
126407,245537,17/18,Inflammation of pubic bone,2017-11-06,2017-12-31,56,9.0
126407,245537,18/19,Hamstring injury,2019-01-16,2019-01-24,9,1.0
126407,245537,18/19,Back injury,2019-02-21,2019-02-22,2,
126407,245537,18/19,Groin problems,2019-03-14,2019-03-18,5,1.0
126407,245537,19/20,Meniscus tear,2019-09-02,2019-11-20,80,16.0
126407,245537,20/21,Groin problems,2021-03-05,2021-03-15,11,2.0
126407,245537,20/21,Groin surgery,2021-03-16,2021-06-30,107,14.0
126407,245537,23/24,Calf injury,2023-09-04,2023-10-09,36,7.0
126407,245537,23/24,heart problems,2024-06-18,2025-02-12,240,42.0
126407,245537,25/26,Shoulder injury,2026-01-23,2026-02-13,22,4.0
126407,245537,25/26,infection,2026-04-17,2026-05-04,18,3.0
126468,198495,15/16,Muscle injury,2016-03-26,2016-06-05,72,8.0
126468,198495,16/17,unknown injury,2016-12-05,2016-12-16,12,2.0
126468,198495,16/17,unknown injury,2016-12-19,2017-01-06,19,2.0
126468,198495,16/17,unknown injury,2017-01-29,2017-02-12,15,2.0
126468,198495,16/17,unknown injury,2017-03-27,2017-04-13,18,4.0
128198,232271,19/20,Toe injury,2019-11-24,2019-12-20,27,1.0
128198,232271,19/20,Ankle injury,2019-12-29,2020-01-03,6,1.0
128198,232271,19/20,Ill,2020-01-09,2020-01-10,2,
128198,232271,19/20,Calf injury,2020-02-16,2020-02-21,6,
128198,232271,19/20,Muscle strain,2020-06-20,2020-07-31,42,8.0
128198,232271,20/21,Knee injury,2020-11-02,2020-11-25,24,4.0
128198,232271,20/21,Muscle strain,2020-12-08,2021-01-20,44,8.0
128198,232271,21/22,Dead leg,2022-04-21,2022-07-20,91,8.0
128198,232271,23/24,unknown injury,2023-08-25,2024-01-09,138,17.0
128198,232271,23/24,unknown injury,2024-01-29,2024-05-12,105,16.0
128198,232271,24/25,minor knock,2024-10-02,2024-10-05,4,1.0
128198,232271,24/25,minor knock,2024-10-23,2024-11-05,14,4.0
128198,232271,24/25,Torn muscle bundle,2025-01-17,2025-02-11,26,6.0
128198,232271,24/25,Muscle injury,2025-03-30,2025-05-07,39,6.0
128198,232271,25/26,Hamstring injury,2025-08-26,2025-09-15,21,6.0
128295,148367,12/13,Syndesmotic ligament tear,2012-09-24,2012-11-29,67,15.0
128295,148367,13/14,Torn ankle ligaments,2013-07-04,2013-08-15,43,2.0
128295,148367,13/14,Torn knee ligaments,2014-03-13,2014-05-08,57,9.0
128295,148367,14/15,Broken collarbone,2014-08-04,2014-10-16,74,12.0
128295,148367,18/19,unknown injury,2018-10-17,2018-11-01,16,2.0
128295,148367,20/21,Ankle injury,2020-10-04,2020-12-16,74,21.0
128295,148367,20/21,Ankle injury,2020-12-25,2021-02-25,63,15.0
128295,148367,22/23,Achilles tendon problems,2022-08-28,2022-11-08,73,12.0
128295,148367,23/24,Foot injury,2024-01-05,2024-01-30,26,2.0
128295,148367,23/24,Back injury,2024-03-09,2024-04-16,39,7.0
128295,148367,24/25,unknown injury,2024-09-17,2024-10-05,19,2.0
128295,148367,24/25,Head injury,2025-02-21,2025-03-08,16,1.0
128295,148367,25/26,Knock,2025-08-15,2025-09-15,32,6.0
128295,148367,25/26,Knock,2026-03-13,2026-03-16,4,1.0
128295,148367,26/27,Groin injury,2026-08-20,,22,4.0
128340,275590,18/19,Head injury,2019-02-09,2019-04-19,70,11.0
128340,275590,20/21,unknown injury,2020-12-13,2020-12-31,19,4.0
128340,275590,21/22,Corona virus,2021-08-31,2021-09-10,11,3.0
128340,275590,21/22,Broken foot,2022-02-09,2022-04-24,75,15.0
128340,275590,24/25,Calf injury,2024-11-05,2024-12-09,35,7.0
128340,275590,24/25,Groin injury,2025-01-02,2025-02-17,47,9.0
128340,275590,25/26,Ankle injury,2025-08-10,2025-09-01,23,1.0
128340,275590,25/26,Hamstring injury,2025-11-09,2025-11-23,15,3.0
128340,275590,25/26,Hamstring injury,2025-12-30,2026-01-12,14,3.0
128340,275590,25/26,Torn thigh muscle,2026-03-08,2026-04-01,25,6.0
128389,51152,20/21,Ankle sprain,2020-12-10,2020-12-15,6,1.0
128389,51152,20/21,Achilles tendon problems,2021-01-10,2021-01-19,10,2.0
128389,51152,20/21,Corona virus,2021-02-13,2021-02-27,15,3.0
128389,51152,20/21,Muscle injury,2021-05-16,2021-05-24,9,2.0
128389,51152,21/22,Ill,2021-11-23,2021-11-27,5,1.0
128389,51152,21/22,Ill,2022-01-21,2022-01-24,4,1.0
128389,51152,22/23,Ankle injury,2022-10-02,2022-10-15,14,1.0
128389,51152,22/23,Ankle injury,2022-11-02,2022-11-17,16,2.0
128389,51152,22/23,Knock,2023-02-15,2023-02-28,14,2.0
128389,51152,23/24,Ankle injury,2023-08-12,2023-08-23,12,1.0
128389,51152,23/24,Hamstring injury,2024-03-31,2024-04-28,29,7.0
128389,51152,24/25,Hamstring injury,2025-01-07,2025-03-02,55,12.0
128389,51152,25/26,Calf injury,2025-06-01,2025-09-01,93,6.0
128389,51152,25/26,Calf muscle tear,2025-10-24,2026-02-01,101,16.0
128389,51152,26/27,Collateral ligament injury,2026-07-24,,49,3.0
130025,62945,17/18,Muscle injury,2017-09-24,2017-10-08,15,1.0
130025,62945,18/19,Adductor injury,2018-11-04,2019-02-14,103,13.0
130025,62945,21/22,Corona virus,2022-01-02,2022-01-11,10,2.0
130025,62945,23/24,Knee injury,2024-01-19,2024-06-19,153,18.0
130036,236471,16/17,Ankle injury,2016-10-09,2016-11-14,37,7.0
130036,236471,16/17,Calf injury,2017-01-22,2017-01-30,9,2.0
130036,236471,16/17,Hamstring injury,2017-05-17,2017-05-28,12,2.0
130036,236471,17/18,Outer ligament tear,2018-05-18,2018-06-28,42,4.0
130036,236471,20/21,Corona virus,2020-12-22,2021-01-02,12,1.0
130036,236471,21/22,Knee injury,2021-11-12,2021-11-17,6,
130036,236471,21/22,Leg injury,2022-02-08,2022-02-16,9,1.0
130036,236471,22/23,Muscle fiber tear,2022-08-23,2022-08-31,9,2.0
130036,236471,23/24,Hip injury,2023-08-25,2023-09-17,24,2.0
130036,236471,24/25,Ligament injury,2024-09-29,2024-10-09,11,1.0
130103,244125,26/27,Torn muscle bundle,2026-08-01,,41,6.0
131304,192875,14/15,unknown injury,2014-10-16,2014-10-27,12,1.0
131304,192875,17/18,unknown injury,2017-12-01,2017-12-07,7,1.0
131304,192875,18/19,Muscle injury,2018-09-03,2018-09-11,9,1.0
131304,192875,18/19,unknown injury,2019-04-01,2019-04-03,3,1.0
131304,192875,18/19,muscular problems,2019-04-21,2019-05-09,19,2.0
131304,192875,19/20,Muscle fatigue,2019-09-11,2019-09-18,8,1.0
131304,192875,20/21,unknown injury,2020-12-20,2020-12-28,9,1.0
131304,192875,21/22,Hamstring injury,2022-04-01,2022-04-20,20,3.0
131304,192875,22/23,unknown injury,2022-09-24,2022-10-07,14,3.0
131304,192875,22/23,Knee problems,2023-02-13,2023-03-15,31,4.0
131304,192875,23/24,Rest,2023-09-23,2023-09-25,3,1.0
131304,192875,23/24,unknown injury,2024-02-12,2024-02-24,13,3.0
131304,192875,23/24,bruise,2024-02-24,2024-05-06,73,16.0
131897,128969,15/16,Meniscus injury,2015-08-31,2015-11-14,76,16.0
131897,128969,16/17,Ankle sprain,2016-09-13,2016-10-06,24,4.0
131897,128969,16/17,Cyst in the knee,2016-12-12,2017-01-02,22,1.0
131897,128969,16/17,Hip problems,2016-12-13,2017-01-23,42,5.0
131897,128969,18/19,Knock,2018-10-07,2018-10-19,13,1.0
131897,128969,18/19,Ankle injury,2018-11-25,2018-11-30,6,
131897,128969,20/21,Groin injury,2021-01-28,2021-02-05,9,2.0
131897,128969,21/22,Knee injury,2021-07-22,2021-09-11,52,3.0
131897,128969,22/23,Knee problems,2022-08-10,2022-08-15,6,1.0
131897,128969,23/24,Broken cheekbone,2023-12-11,2024-01-01,22,3.0
131897,128969,24/25,unknown injury,2025-01-01,2025-01-11,11,1.0
131897,128969,24/25,Hip injury,2025-02-07,2025-02-21,15,2.0
133798,159471,23/24,Forearm fracture,2023-09-27,2023-10-25,29,7.0
133798,159471,23/24,Ill,2023-10-26,2023-10-30,5,1.0
133798,159471,23/24,Muscle injury,2023-12-10,2024-03-04,86,13.0
133798,159471,23/24,Torn muscle fiber,2024-04-10,2024-04-29,20,4.0
133798,159471,23/24,Torn muscle bundle,2024-05-09,2024-06-25,48,7.0
133798,159471,24/25,Fitness,2024-06-26,2024-07-24,29,2.0
133798,159471,24/25,Knee problems,2024-11-29,2024-12-02,4,1.0
133798,159471,24/25,Knee problems,2024-12-06,2024-12-31,26,4.0
133798,159471,24/25,Ill,2025-02-06,2025-02-09,4,1.0
133798,159471,25/26,Adductor pain,2025-10-18,2025-10-23,6,2.0
133798,159471,25/26,Knock,2025-11-21,2025-11-25,5,1.0
133798,159471,25/26,Ill,2026-01-23,2026-01-26,4,1.0
133798,159471,25/26,Knee problems,2026-04-11,2026-04-13,3,1.0
133798,159471,25/26,Adductor injury,2026-04-18,2026-08-31,136,11.0
133798,159471,26/27,Fitness,2026-09-01,,10,3.0
133845,232964,22/23,Foot injury,2023-05-09,2024-01-05,242,26.0
134383,262545,17/18,Knee injury,2017-10-26,2017-11-04,10,1.0
134383,262545,17/18,Broken hand,2017-12-27,2018-01-03,8,1.0
134383,262545,17/18,Knock,2018-04-02,2018-04-07,6,
134383,262545,17/18,Knee injury,2018-05-02,2018-05-21,20,3.0
134383,262545,20/21,Back injury,2020-12-15,2020-12-28,14,4.0
134383,262545,20/21,Back injury,2021-01-26,2021-06-30,156,14.0
134383,262545,21/22,Ankle injury,2021-08-29,2021-10-25,58,6.0
134383,262545,22/23,Broken leg,2022-08-06,2022-12-01,118,15.0
135363,196948,20/21,Knock,2021-02-12,2021-02-14,3,
135363,196948,20/21,Ligament injury,2021-05-08,2021-05-22,15,3.0
135363,196948,21/22,Back injury,2021-12-29,2022-01-07,10,2.0
135363,196948,21/22,Corona virus,2022-01-14,2022-02-01,19,3.0
135363,196948,21/22,Achilles heel problems,2022-02-26,2022-03-03,6,2.0
135363,196948,22/23,cold,2022-08-27,2022-08-31,5,1.0
135363,196948,22/23,Ankle sprain,2022-10-05,2022-11-04,31,8.0
135363,196948,22/23,Muscle injury,2023-03-24,2023-04-28,36,7.0
135363,196948,23/24,Abdominal problems,2024-01-19,2024-01-23,5,1.0
135363,196948,23/24,Achilles tendon irritation,2024-03-17,2024-04-08,23,3.0
135363,196948,24/25,Achilles tendon irritation,2024-08-22,2025-01-17,149,34.0
135363,196948,24/25,Muscle injury,2025-01-27,2025-04-05,69,16.0
135363,196948,25/26,cold,2025-10-20,2025-10-24,5,1.0
135363,196948,25/26,Calf problems,2025-10-25,2025-11-09,16,3.0
135363,196948,25/26,Cruciate ligament tear,2025-12-21,2026-05-12,143,32.0
135365,216569,20/21,Corona virus,2020-08-20,2020-10-04,46,3.0
135365,216569,20/21,muscular problems,2021-01-14,2021-01-23,10,1.0
135365,216569,20/21,Thigh problems,2021-02-06,2021-03-13,36,4.0
135365,216569,20/21,unknown injury,2021-05-07,2021-05-11,5,1.0
135365,216569,21/22,Fever,2021-10-16,2021-10-30,15,3.0
135365,216569,21/22,unknown injury,2021-11-12,2021-12-05,24,5.0
135365,216569,21/22,Knee problems,2022-03-18,2022-03-31,14,3.0
135365,216569,22/23,Ankle sprain,2023-05-07,2023-06-30,55,5.0
135365,216569,23/24,Dead leg,2023-08-12,2023-08-31,20,2.0
135365,216569,24/25,Dead leg,2024-08-17,2024-08-31,15,2.0
135365,216569,24/25,Knock,2024-09-18,2024-09-26,9,2.0
135365,216569,24/25,Muscle injury,2024-11-30,2025-02-06,69,13.0
135365,216569,25/26,Ill,2025-12-01,2026-01-18,49,7.0
135365,216569,26/27,Hamstring muscle injury,2026-09-07,2026-10-07,31,
138009,244130,18/19,Knock,2019-02-25,2019-03-30,34,3.0
140200,222209,16/17,influenza,2017-05-19,2017-05-24,6,1.0
140200,222209,17/18,Thigh problems,2017-10-02,2017-10-10,9,2.0
140200,222209,18/19,Achilles tendon problems,2019-05-07,2019-05-13,7,1.0
140200,222209,18/19,Achilles heel problems,2019-05-18,2019-07-31,75,4.0
140200,222209,19/20,flu,2019-11-26,2019-11-30,5,1.0
140200,222209,20/21,Quarantine,2020-10-27,2020-10-31,5,1.0
140200,222209,20/21,Corona virus,2020-11-03,2020-11-22,20,6.0
140200,222209,20/21,Hamstring injury,2021-01-06,2021-01-18,13,2.0
140200,222209,20/21,Knee problems,2021-01-23,2021-02-23,32,6.0
140200,222209,22/23,Ankle injury,2022-09-30,2023-01-01,94,14.0
140200,222209,24/25,Rest,2025-02-21,2025-02-24,4,1.0
140200,222209,24/25,muscular problems,2025-03-08,2025-03-17,10,1.0
140941,245072,14/15,Thigh problems,2014-12-04,2014-12-11,8,2.0
140941,245072,16/17,muscular problems,2017-02-27,2017-03-05,7,
140941,245072,16/17,muscular problems,2017-05-17,2017-05-21,5,
140941,245072,17/18,Ankle sprain,2017-08-06,2017-08-18,13,1.0
140941,245072,17/18,Adductor pain,2017-09-07,2017-10-01,25,4.0
140941,245072,17/18,unknown injury,2017-12-12,2017-12-16,5,
140941,245072,18/19,unknown injury,2018-10-09,2018-11-05,28,3.0
140941,245072,20/21,Arm injury,2020-10-25,2020-11-25,32,5.0
140941,245072,21/22,Ill,2022-01-15,2022-01-28,14,1.0
140941,245072,22/23,Shoulder injury,2023-02-11,2023-03-01,19,3.0
140941,245072,23/24,Knock,2023-07-15,2023-09-05,53,6.0
140941,245072,24/25,muscular problems,2025-06-14,2025-07-15,32,1.0
144485,251664,15/16,Ankle injury,2016-01-22,2016-03-22,61,13.0
144485,251664,21/22,Corona virus,2021-12-04,2021-12-14,11,2.0
144485,251664,21/22,unknown injury,2022-02-07,2022-02-23,17,3.0
144485,251664,22/23,Knee injury,2022-12-31,2023-01-10,11,2.0
144485,251664,23/24,Hip problems,2024-04-14,2024-04-24,11,1.0
144660,210081,13/14,Broken leg,2014-02-15,2014-04-07,52,11.0
145212,241119,15/16,Knee injury,2015-12-11,2016-04-29,141,35.0
145212,241119,17/18,Muscle tear,2017-08-21,2017-09-09,20,4.0
145212,241119,18/19,Adductor pain,2018-09-25,2018-10-24,30,7.0
145212,241119,19/20,Muscle injury,2019-09-16,2019-09-26,11,2.0
145212,241119,19/20,Corona virus,2020-06-20,2020-07-06,17,3.0
145212,241119,20/21,Ill,2020-10-27,2020-11-02,7,1.0
145212,241119,22/23,Torn thigh muscle,2022-12-07,2022-12-26,20,2.0
145212,241119,22/23,Torn thigh muscle,2023-01-17,2023-02-01,16,4.0
145212,241119,22/23,Fitness,2023-02-01,2023-02-05,5,1.0
145212,241119,23/24,unknown injury,2024-02-29,2024-03-05,6,1.0
145212,241119,24/25,Contracture,2024-11-24,2024-12-02,9,1.0
145212,241119,24/25,unknown injury,2024-12-06,2025-01-05,31,3.0
145212,241119,24/25,unknown injury,2025-05-02,2025-06-09,39,4.0
145235,277179,20/21,Muscle injury,2021-02-25,2021-04-06,41,7.0
145235,277179,21/22,Muscle injury,2021-08-19,2021-09-06,19,2.0
145235,277179,21/22,cold,2022-02-18,2022-02-22,5,1.0
145235,277179,25/26,flu,2025-10-04,2025-10-09,6,1.0
145235,277179,25/26,bronchitis,2025-10-15,2025-12-04,51,10.0
145235,277179,25/26,Fitness,2025-12-05,2025-12-10,6,1.0
145235,277179,25/26,unknown injury,2026-01-16,2026-01-28,13,3.0
146426,251912,22/23,Ligament injury,2022-08-30,2022-10-25,57,10.0
146426,251912,24/25,Hamstring injury,2024-10-27,2025-02-08,105,21.0
146426,251912,24/25,Hamstring injury,2025-02-23,2025-04-22,59,12.0
146941,176553,18/19,Muscle injury,2019-02-25,2019-03-11,15,2.0
146941,176553,19/20,Knee injury,2019-08-29,2020-01-20,145,30.0
146941,176553,19/20,Knock,2020-01-23,2020-02-20,29,3.0
146941,176553,19/20,Hamstring injury,2020-02-27,2020-06-15,110,3.0
146941,176553,20/21,Corona virus,2020-09-07,2020-09-28,22,2.0
146941,176553,20/21,Knock,2020-10-15,2020-10-22,8,2.0
146941,176553,20/21,Muscle strain,2020-12-28,2021-01-18,22,5.0
146941,176553,22/23,Knee surgery,2022-06-30,2022-10-03,96,12.0
146941,176553,22/23,Back problems,2022-12-29,2023-01-06,9,2.0
146941,176553,22/23,Ill,2023-02-21,2023-02-26,6,2.0
146941,176553,24/25,Hamstring injury,2025-02-25,2025-03-23,27,6.0
146941,176553,24/25,Foot injury,2025-03-26,2025-03-31,6,
146941,176553,25/26,Virus,2025-11-26,2025-11-30,5,1.0
146941,176553,25/26,Hamstring injury,2025-12-06,2026-02-02,59,12.0
147303,90583,14/15,Back injury,2015-04-30,2015-06-01,33,4.0
147303,90583,15/16,Abdominal problems,2016-03-07,2016-03-07,1,
147303,90583,22/23,muscular problems,2022-07-14,2022-08-10,28,4.0
147303,90583,22/23,Knock,2023-03-28,2023-04-10,14,2.0
147303,90583,22/23,Achilles tendon rupture,2023-04-23,2023-11-28,220,32.0
147611,272855,17/18,Appendectomy,2017-08-17,2017-09-04,19,4.0
147611,272855,17/18,Herniated disc,2018-02-10,2018-04-14,64,10.0
147611,272855,19/20,Knock,2020-02-29,2020-03-02,3,1.0
147611,272855,21/22,Hamstring injury,2021-12-19,2022-01-17,30,4.0
147611,272855,22/23,Adductor pain,2022-07-21,2022-08-03,14,2.0
147611,272855,23/24,Forearm fracture,2024-02-28,2024-04-07,40,6.0
147611,272855,23/24,Fitness,2024-04-07,2024-04-13,7,1.0
147611,272855,23/24,Hamstring injury,2024-05-25,2024-05-27,3,1.0
147611,272855,24/25,Ankle injury,2025-04-13,2025-04-18,6,
147611,272855,25/26,Muscle injury,2026-04-10,2026-04-16,7,1.0
147675,197642,16/17,Back injury,2016-09-28,2017-01-07,102,21.0
147675,197642,20/21,Calf injury,2020-10-25,2020-10-29,5,1.0
147675,197642,21/22,unknown injury,2022-02-23,2022-02-28,6,2.0
147675,197642,22/23,Knee injury,2022-08-15,2022-09-26,43,7.0
147675,197642,23/24,Ill,2024-01-20,2024-02-02,14,2.0
147675,197642,23/24,Ankle injury,2024-04-01,2024-04-06,6,1.0
148179,139503,21/22,unknown injury,2021-08-12,2021-08-21,10,2.0
148179,139503,21/22,Ankle injury,2021-10-30,2021-12-06,38,9.0
148179,139503,21/22,Fitness,2021-12-06,2021-12-15,10,2.0
148179,139503,21/22,Ill,2022-01-14,2022-01-16,3,1.0
148179,139503,21/22,Foot injury,2022-02-28,2022-03-14,15,2.0
148179,139503,22/23,Knee injury,2022-11-29,2022-12-16,18,
148179,139503,22/23,Knee problems,2022-12-26,2023-01-04,10,2.0
148179,139503,22/23,Meniscus injury,2023-03-19,2023-03-29,11,2.0
148179,139503,22/23,Head injury,2023-04-29,2023-05-06,8,1.0
148179,139503,23/24,Foot bruise,2024-02-26,2024-03-08,12,2.0
148179,139503,23/24,Foot injury,2024-04-01,2024-05-28,58,7.0
148179,139503,24/25,Hip flexor problems,2024-07-14,2024-07-22,9,2.0
148179,139503,24/25,Hamstring injury,2025-05-09,2025-06-08,31,8.0
148179,139503,24/25,Thigh problems,2025-07-25,2025-08-01,8,1.0
148179,139503,25/26,Hamstring injury,2025-11-22,2026-02-16,87,7.0
148225,182877,19/20,Hamstring strain,2019-08-25,2019-10-20,57,12.0
148225,182877,20/21,Hip injury,2021-03-11,2021-03-20,10,2.0
148225,182877,20/21,Torn knee ligaments,2021-03-29,2021-08-02,127,21.0
148225,182877,21/22,Fitness,2021-10-15,2021-10-29,15,3.0
148225,182877,21/22,Knee injury,2021-12-04,2021-12-13,10,3.0
148225,182877,21/22,Muscle injury,2022-02-21,2022-03-09,17,3.0
148225,182877,22/23,Hamstring injury,2022-07-31,2022-08-18,19,2.0
148225,182877,22/23,Achilles tendon irritation,2022-08-23,2022-09-26,35,5.0
148225,182877,22/23,Back injury,2022-10-10,2022-10-31,22,6.0
148225,182877,22/23,unknown injury,2023-01-14,2023-01-30,17,4.0
148225,182877,22/23,Hip injury,2023-02-02,2023-03-08,35,9.0
148225,182877,23/24,Ill,2023-12-11,2023-12-29,19,4.0
148225,182877,23/24,Groin surgery,2024-01-24,2024-03-06,43,8.0
148225,182877,24/25,unknown injury,2025-02-14,2025-02-28,15,3.0
148225,182877,24/25,unknown injury,2025-03-02,2025-04-04,34,3.0
149016,307781,15/16,Ankle injury,2016-03-21,2016-06-01,73,3.0
149016,307781,16/17,Ankle injury,2016-11-28,2017-01-29,63,11.0
149016,307781,20/21,Foot injury,2020-11-25,2020-12-12,18,4.0
149016,307781,21/22,Calf injury,2022-02-17,2022-02-20,4,1.0
149016,307781,22/23,unknown injury,2022-10-16,2022-12-02,48,6.0
149016,307781,22/23,unknown injury,2022-12-28,2023-01-06,10,2.0
149016,307781,22/23,Hip injury,2023-01-20,2023-03-10,50,10.0
149016,307781,22/23,Hip injury,2023-01-22,2023-03-11,49,10.0
149016,307781,23/24,Hamstring injury,2024-03-17,2024-04-28,43,7.0
149016,307781,24/25,Inner ligament injury,2024-09-15,2024-11-27,74,14.0
149016,307781,24/25,Hip injury,2025-02-02,2025-03-20,47,9.0
149266,287431,18/19,Knee injury,2018-06-14,2018-08-27,75,3.0
149266,287431,18/19,Knee surgery,2018-12-29,2019-04-27,120,16.0
149266,287431,19/20,Knee injury,2019-07-27,2019-07-31,5,
149266,287431,19/20,Knee surgery,2020-01-20,2020-05-31,133,10.0
149266,287431,19/20,Fitness,2020-06-01,2020-07-06,36,4.0
149266,287431,20/21,Knee surgery,2020-10-21,2021-01-14,86,16.0
149266,287431,20/21,Cruciate ligament tear,2021-02-10,2021-06-01,112,16.0
149468,156934,15/16,Knee surgery,2015-11-06,2016-11-08,369,48.0
149468,156934,23/24,muscular problems,2023-10-30,2023-11-22,24,3.0
149468,156934,23/24,Muscle fatigue,2024-01-31,2024-02-25,26,
149468,156934,24/25,Knee injury,2024-11-24,2025-02-06,75,2.0
149468,156934,24/25,Muscle strain,2025-03-20,2025-05-06,48,9.0
149468,156934,25/26,Muscle injury,2025-11-23,2026-04-19,148,13.0
149468,156934,25/26,Knee injury,2026-06-05,2026-07-27,53,8.0
149484,253677,15/16,Cruciate ligament tear,2015-08-29,2016-09-19,388,45.0
149484,253677,17/18,Back injury,2017-09-18,2018-04-27,222,35.0
149484,253677,19/20,Calf injury,2019-09-29,2019-10-04,6,
149484,253677,19/20,Muscle strain,2019-12-09,2019-12-31,23,5.0
149484,253677,23/24,Cruciate ligament tear,2023-08-12,2024-10-30,446,66.0
149484,253677,24/25,Ill,2024-12-13,2024-12-15,3,1.0
149484,253677,24/25,Knee injury,2025-01-26,2025-02-10,16,3.0
149484,253677,24/25,Knee problems,2025-02-24,2025-03-03,8,1.0
149484,253677,25/26,Foot injury,2025-09-29,2025-10-20,22,3.0
149484,253677,25/26,Thigh problems,2025-11-01,2026-01-16,77,14.0
149519,234781,21/22,Dead leg,2022-02-09,2022-02-12,4,
149519,234781,21/22,Calf injury,2022-02-20,2022-02-25,6,1.0
149519,234781,21/22,Knee problems,2022-04-22,2022-05-05,14,2.0
149519,234781,22/23,Calf injury,2022-10-05,2023-03-05,152,31.0
149519,234781,23/24,Ill,2023-12-21,2023-12-29,9,1.0
149519,234781,23/24,Hamstring injury,2024-03-01,2024-03-31,31,5.0
149519,234781,24/25,muscular problems,2025-02-05,2025-02-13,9,1.0
149519,234781,24/25,Muscle strain,2025-03-01,2025-05-20,81,9.0
149519,234781,25/26,Muscle strain,2025-05-25,2025-06-15,22,
149519,234781,25/26,Calf injury,2025-08-25,2025-09-27,34,5.0
149519,234781,25/26,Adductor pain,2025-10-04,2025-10-16,13,1.0
149519,234781,25/26,muscular problems,2025-11-19,2025-12-06,18,3.0
149519,234781,25/26,Muscle fatigue,2025-12-15,2026-01-17,34,5.0
149519,234781,25/26,Muscle fatigue,2026-03-19,2026-04-22,35,4.0
149519,234781,25/26,Muscle fatigue,2026-05-08,2026-07-01,55,3.0
149736,203348,14/15,Knee injury,2014-11-06,2014-11-24,19,3.0
149736,203348,15/16,Ankle injury,2016-02-03,2016-03-20,47,7.0
149736,203348,18/19,Knee injury,2018-07-25,2018-09-24,62,9.0
149736,203348,18/19,Fitness,2018-09-25,2018-10-05,11,2.0
149736,203348,20/21,Muscle injury,2020-12-27,2021-01-01,6,1.0
149736,203348,20/21,Rest,2021-02-10,2021-02-14,5,1.0
149736,203348,20/21,Knee problems,2021-03-05,2021-03-08,4,1.0
149736,203348,21/22,unknown injury,2021-10-12,2021-10-17,6,1.0
149736,203348,23/24,Knee injury,2024-04-19,2024-05-02,14,3.0
149828,174915,13/14,bruise,2014-01-20,2014-01-30,11,1.0
149828,174915,14/15,Thigh problems,2015-01-26,2015-02-26,32,6.0
149828,174915,14/15,Leg injury,2015-04-20,2015-05-11,22,3.0
149828,174915,16/17,minor knock,2016-10-27,2016-11-03,8,2.0
149828,174915,16/17,Groin injury,2017-01-23,2017-03-13,50,5.0
149828,174915,16/17,Groin injury,2017-04-13,2017-04-28,16,3.0
149828,174915,17/18,Hamstring strain,2018-01-30,2018-03-10,40,5.0
149828,174915,18/19,unknown injury,2018-10-07,2018-10-21,15,3.0
149828,174915,19/20,Muscle fatigue,2019-09-19,2019-09-22,4,2.0
149828,174915,19/20,Adductor injury,2019-10-25,2019-11-06,13,2.0
149828,174915,19/20,Muscle injury,2020-01-13,2020-02-04,23,5.0
149828,174915,21/22,Bruise on ankle,2021-10-13,2021-10-28,16,3.0
149828,174915,22/23,Thigh problems,2023-03-20,2023-04-06,18,3.0
149828,174915,23/24,Muscle injury,2023-10-27,2023-10-29,3,
149828,174915,23/24,Leg injury,2023-11-20,2023-12-10,21,4.0
149915,246291,18/19,Hamstring injury,2018-11-27,2018-12-14,18,3.0
149915,246291,18/19,Muscle injury,2019-03-04,2019-04-02,30,5.0
149915,246291,18/19,Muscle injury,2019-04-21,2019-05-10,20,3.0
149915,246291,19/20,Muscle injury,2020-01-27,2020-03-05,39,8.0
149915,246291,20/21,Groin injury,2020-10-11,2020-12-04,55,10.0
149915,246291,20/21,Groin injury,2020-12-06,2021-01-15,41,7.0
149915,246291,20/21,Hamstring injury,2021-01-26,2021-02-22,28,4.0
149915,246291,20/21,Quarantine,2021-06-08,2021-06-11,4,1.0
149915,246291,22/23,Adductor pain,2023-03-09,2023-03-19,11,2.0
149915,246291,22/23,Hamstring muscle injury,2023-04-24,2023-05-21,28,4.0
149915,246291,23/24,Hamstring muscle injury,2023-09-28,2023-10-19,22,3.0
149915,246291,23/24,Adductor injury,2024-01-08,2024-01-10,3,
149915,246291,23/24,Head injury,2024-02-22,2024-02-29,8,1.0
149915,246291,24/25,Hamstring injury,2025-04-13,2025-06-30,79,11.0
149915,246291,25/26,Adductor injury,2025-12-15,2026-01-01,18,2.0
149929,255731,24/25,Knee surgery,2025-01-25,2026-01-01,342,40.0
151086,170934,19/20,Hamstring injury,2020-02-16,2020-03-04,18,2.0
151086,170934,19/20,Hamstring strain,2020-06-28,2020-07-25,28,5.0
151086,170934,20/21,Knock,2020-09-27,2020-10-17,21,4.0
151086,170934,20/21,Achilles tendon problems,2020-11-02,2020-11-08,7,1.0
151086,170934,20/21,Knock,2020-12-21,2021-01-18,29,4.0
151086,170934,21/22,Corona virus,2022-01-06,2022-01-12,7,2.0
151086,170934,21/22,heart problems,2022-01-13,2022-01-21,9,3.0
151086,170934,24/25,Calf injury,2024-12-20,2025-01-01,13,3.0
151086,170934,24/25,Ill,2025-01-10,2025-01-15,6,1.0
151086,170934,24/25,Rest,2025-05-29,2025-05-31,3,1.0
151086,170934,25/26,unknown injury,2025-08-15,2025-08-27,13,1.0
151086,170934,25/26,muscular problems,2025-11-22,2025-11-30,9,1.0
151086,170934,25/26,muscular problems,2025-12-05,2025-12-22,18,4.0
151086,170934,25/26,Rest,2026-03-02,2026-03-06,5,1.0
151086,170934,26/27,Groin strain,2026-09-04,2026-09-30,27,1.0
151119,255916,16/17,Hamstring injury,2017-03-06,2017-04-13,39,8.0
151119,255916,17/18,Hamstring injury,2017-07-29,2017-09-10,44,6.0
151119,255916,18/19,Knee injury,2018-08-12,2018-08-25,14,1.0
151119,255916,18/19,Ankle injury,2018-09-23,2018-09-28,6,
151119,255916,19/20,Groin problems,2019-04-28,2019-09-28,154,19.0
151119,255916,19/20,Hip injury,2019-11-27,2019-12-10,14,3.0
151119,255916,19/20,Hand injury,2020-01-05,2020-01-23,19,4.0
151119,255916,20/21,Knock,2020-09-29,2020-10-24,26,3.0
151119,255916,20/21,Torn lateral ankle ligament,2021-04-10,2021-04-29,20,4.0
151119,255916,21/22,Corona virus,2021-07-16,2021-07-26,11,3.0
151119,255916,25/26,Muscle injury,2026-02-23,2026-04-16,53,5.0
152015,188862,16/17,Ankle problems,2017-03-02,2017-03-09,8,1.0
152015,188862,16/17,Remove screws/nails,2017-03-09,2017-03-23,15,2.0
152015,188862,16/17,Ankle problems,2017-03-27,2017-04-13,18,3.0
152015,188862,16/17,inflamed wound,2017-05-23,2017-05-28,6,1.0
152015,188862,17/18,Knock,2017-11-23,2017-12-08,16,3.0
152015,188862,17/18,Rest,2018-04-28,2018-04-30,3,1.0
152015,188862,17/18,Muscle injury,2018-06-08,2018-06-13,6,
152015,188862,18/19,Ankle injury,2018-09-05,2018-12-31,118,14.0
152015,188862,19/20,Fitness,2019-10-30,2019-11-02,4,1.0
152015,188862,22/23,unknown injury,2022-10-20,2022-11-08,20,6.0
152015,188862,22/23,unknown injury,2023-04-25,2023-05-16,22,6.0
152015,188862,23/24,Knee injury,2023-08-18,2023-10-18,62,13.0
152015,188862,24/25,Hip flexor problems,2024-08-08,2024-08-14,7,1.0
152015,188862,25/26,Inflammation of pubic bone,2025-09-06,2025-09-17,12,2.0
152015,188862,25/26,Ankle injury,2026-02-05,2026-02-17,13,3.0
152590,255755,13/14,unknown injury,2013-09-09,2013-09-13,5,1.0
152590,255755,13/14,unknown injury,2013-10-06,2013-10-11,6,1.0
152590,255755,17/18,Knee injury,2018-02-22,2018-03-28,35,5.0
152590,255755,18/19,Bursitis,2019-04-01,2019-04-08,8,2.0
152590,255755,20/21,Corona virus,2020-10-27,2020-11-17,22,4.0
152590,255755,20/21,Ill,2021-04-03,2021-04-07,5,1.0
152590,255755,21/22,Ankle injury,2021-07-20,2021-09-16,59,7.0
152590,255755,21/22,Corona virus,2022-02-03,2022-02-10,8,2.0
152590,255755,22/23,Knee injury,2022-12-03,2023-02-13,73,13.0
152590,255755,23/24,Inguinal hernia,2023-12-01,2023-12-18,18,3.0
152590,255755,23/24,Inguinal hernia,2024-06-01,2024-08-11,72,6.0
152590,255755,25/26,Knee problems,2025-09-25,2025-10-25,31,5.0
152590,255755,25/26,Hamstring injury,2026-04-05,2026-04-14,10,2.0
152760,148368,15/16,Torn muscle fiber,2015-12-28,2016-01-21,25,7.0
152760,148368,15/16,Knee surgery,2016-01-07,2016-02-04,29,8.0
152760,148368,15/16,Thigh problems,2016-03-24,2016-04-04,12,1.0
152760,148368,15/16,Ankle injury,2016-04-21,2016-05-16,26,7.0
152760,148368,16/17,Calf injury,2017-05-22,2017-06-05,15,
152760,148368,17/18,muscular problems,2017-07-27,2017-08-07,12,
152760,148368,17/18,influenza,2018-01-25,2018-02-01,8,1.0
152760,148368,18/19,Ill,2018-11-26,2018-12-01,6,1.0
152760,148368,19/20,Ankle injury,2019-09-15,2019-09-27,13,3.0
152760,148368,21/22,muscular problems,2021-12-15,2022-02-15,63,13.0
152760,148368,22/23,inflammation,2022-08-29,2022-08-31,3,1.0
152760,148368,22/23,Muscle fatigue,2022-09-09,2022-09-11,3,1.0
152760,148368,22/23,inflammation,2022-09-12,2022-10-04,23,3.0
152760,148368,22/23,Hamstring injury,2022-12-18,2023-01-13,27,3.0
152760,148368,22/23,Adductor pain,2023-05-19,2023-05-25,7,1.0
152898,192765,18/19,Groin strain,2019-01-24,2019-02-25,33,5.0
152898,192765,19/20,Groin injury,2019-08-08,2019-08-19,12,1.0
152898,192765,19/20,Ankle injury,2019-11-21,2020-02-10,82,18.0
152898,192765,20/21,Shin injury,2021-03-22,2021-05-31,71,13.0
152898,192765,21/22,Ill,2021-10-04,2021-10-11,8,1.0
152898,192765,21/22,Hamstring strain,2022-03-28,2022-03-31,4,1.0
152898,192765,22/23,Knee injury,2022-09-15,2022-10-03,19,4.0
152898,192765,22/23,Hamstring injury,2023-03-18,2023-04-20,34,5.0
152898,192765,23/24,Knock,2023-10-22,2023-10-26,5,1.0
152898,192765,23/24,Knock,2023-10-27,2023-11-09,14,1.0
152898,192765,23/24,Hamstring injury,2024-01-12,2024-01-23,12,1.0
152898,192765,23/24,Calf problems,2024-04-29,2024-07-27,90,7.0
152898,192765,24/25,Hamstring injury,2024-12-05,2025-01-17,44,11.0
152898,192765,25/26,Hamstring injury,2025-10-17,2025-11-26,41,10.0
152898,192765,25/26,Ankle surgery,2026-01-19,2026-06-01,134,22.0
153127,206225,14/15,Ankle injury,2014-10-20,2014-12-01,43,12.0
153127,206225,16/17,Ankle surgery,2017-02-17,2017-03-31,43,7.0
153127,206225,18/19,Knock,2018-11-30,2018-12-14,15,3.0
153127,206225,18/19,Back injury,2019-01-17,2019-01-18,2,
153127,206225,18/19,Hip injury,2019-04-21,2019-04-26,6,
153127,206225,20/21,Hamstring strain,2020-07-05,2020-07-25,21,4.0
153127,206225,20/21,Hamstring strain,2020-10-18,2020-10-24,7,
153127,206225,20/21,Corona virus,2020-11-25,2020-12-11,17,1.0
153127,206225,20/21,Knee injury,2021-03-20,2021-06-01,74,9.0
153127,206225,21/22,Knee surgery,2021-12-28,2022-04-20,114,14.0
153127,206225,22/23,Knee problems,2022-07-25,2022-10-10,78,15.0
153127,206225,22/23,Knee injury,2023-01-03,2023-04-08,96,15.0
153133,242631,16/17,Hamstring strain,2016-08-14,2016-09-10,28,3.0
153133,242631,18/19,Ill,2018-08-26,2018-09-19,25,3.0
153133,242631,18/19,Ankle injury,2019-02-25,2019-02-26,2,
153133,242631,19/20,Hamstring injury,2019-12-23,2020-01-27,36,7.0
153133,242631,20/21,Corona virus,2021-03-26,2021-03-29,4,1.0
153133,242631,21/22,Calf injury,2021-10-01,2021-10-13,13,3.0
153133,242631,23/24,Hamstring injury,2023-08-20,2023-09-15,27,4.0
153133,242631,25/26,Hamstring injury,2026-04-19,2026-05-15,27,3.0
153256,160438,13/14,Shoulder injury,2013-07-22,2013-07-25,4,
153256,160438,13/14,Arm injury,2013-09-12,2013-09-23,12,3.0
153256,160438,16/17,Calf strain,2017-01-26,2017-02-02,8,4.0
153256,160438,17/18,Ankle injury,2018-04-22,2018-05-12,21,5.0
153256,160438,18/19,Hamstring injury,2018-10-30,2018-11-24,26,5.0
153256,160438,20/21,Virus,2020-11-16,2020-11-28,13,4.0
153256,160438,22/23,Thigh problems,2022-08-27,2022-11-01,67,15.0
153256,160438,22/23,Knee injury,2023-01-14,2023-09-20,250,43.0
153366,226973,19/20,Calf injury,2020-01-09,2020-03-01,53,11.0
153366,226973,19/20,Fitness,2020-03-02,2020-03-14,13,1.0
153366,226973,20/21,Knock,2020-09-27,2020-10-23,27,4.0
153366,226973,20/21,Knee problems,2021-04-19,2021-05-12,24,2.0
153366,226973,20/21,Ankle injury,2021-05-18,2021-05-23,6,
153366,226973,21/22,Knock,2021-08-07,2021-08-28,22,5.0
153366,226973,21/22,Knock,2021-09-15,2021-09-20,6,1.0
153366,226973,21/22,Calf injury,2021-10-20,2021-10-24,5,
153366,226973,21/22,Muscle injury,2021-12-10,2021-12-18,9,1.0
153366,226973,24/25,Knee surgery,2024-11-21,2024-12-31,41,8.0
153366,226973,24/25,Fitness,2025-01-01,2025-01-08,8,1.0
153366,226973,24/25,Calf injury,2025-05-04,2025-06-01,29,3.0
153366,226973,25/26,Knock,2025-09-12,2025-09-22,11,2.0
153366,226973,25/26,Knee bruise,2026-04-08,2026-04-17,10,1.0
153373,226968,18/19,Cruciate ligament tear,2018-10-31,2019-07-01,244,35.0
153379,286919,21/22,Fitness,2022-02-20,2022-04-18,58,6.0
153601,257740,17/18,Muscle injury,2018-05-07,2018-05-22,16,3.0
153601,257740,19/20,Hamstring injury,2020-03-03,2020-04-10,39,3.0
153601,257740,19/20,unknown injury,2020-03-04,2020-03-30,27,3.0
153601,257740,20/21,unknown injury,2021-04-20,2021-04-23,4,1.0
153601,257740,21/22,Corona virus,2022-01-03,2022-01-23,21,
153673,258883,18/19,Knock,2018-10-13,2018-11-24,43,7.0
153673,258883,19/20,Fever,2020-01-29,2020-02-03,6,1.0
153673,258883,19/20,Torn ankle ligaments,2020-02-03,2020-02-12,10,2.0
153673,258883,20/21,Ankle injury,2020-10-02,2020-10-31,30,3.0
153673,258883,20/21,Knee problems,2020-11-06,2020-12-10,35,4.0
153673,258883,23/24,muscular problems,2024-01-20,2024-01-22,3,1.0
153673,258883,25/26,Heel problems,2026-03-03,2026-04-13,42,5.0
153678,183298,19/20,Knock,2019-12-23,2019-12-31,9,1.0
153678,183298,19/20,Knock,2020-01-22,2020-01-28,7,1.0
153678,183298,19/20,Knee injury,2020-02-17,2020-02-21,5,1.0
153678,183298,25/26,unknown injury,2025-11-07,2025-11-27,21,2.0
153678,183298,25/26,Ankle injury,2026-03-01,,194,6.0
153682,279455,18/19,Groin injury,2018-08-11,2018-09-16,37,6.0
153682,279455,18/19,Hip injury,2019-01-01,2019-01-12,12,2.0
153682,279455,19/20,Muscle strain,2019-12-05,2019-12-25,21,3.0
153682,279455,20/21,Muscle injury,2020-10-25,2020-11-01,8,2.0
153682,279455,21/22,Head injury,2021-09-08,2021-09-15,8,1.0
153682,279455,21/22,Ill,2022-01-21,2022-01-24,4,1.0
153682,279455,22/23,Knee injury,2022-07-30,2022-10-06,69,11.0
153682,279455,23/24,Shoulder injury,2024-01-27,2024-02-09,14,2.0
153682,279455,24/25,Broken foot,2025-01-27,2025-04-18,82,14.0
153682,279455,25/26,Knock,2025-10-19,2025-10-31,13,2.0
153682,279455,25/26,Ankle injury,2026-03-02,2026-03-14,13,2.0
153772,183301,25/26,Hip injury,2025-08-23,,384,49.0
154043,285845,17/18,Ill,2018-01-17,2018-01-19,3,
154043,285845,17/18,Knock,2018-03-28,2018-04-14,18,4.0
154043,285845,18/19,Hairline fracture in the fibula,2018-08-16,2018-10-25,71,11.0
154043,285845,18/19,Knee injury,2019-01-26,2019-02-08,14,2.0
154043,285845,18/19,Ill,2019-02-15,2019-03-01,15,3.0
154043,285845,20/21,Knock,2021-05-04,2021-05-15,12,1.0
154043,285845,21/22,Virus,2021-12-21,2021-12-31,11,2.0
154043,285845,22/23,Knock,2023-03-06,2023-03-16,11,2.0
154043,285845,24/25,Ill,2025-01-16,2025-01-17,2,
154043,285845,24/25,Ill,2025-01-22,2025-01-24,3,1.0
154043,285845,25/26,Adductor pain,2026-03-06,2026-03-31,26,5.0
154048,340328,16/17,Torn thigh muscle,2017-02-25,2017-05-25,90,6.0
154048,340328,17/18,Hamstring injury,2018-02-03,2018-03-29,55,8.0
154048,340328,21/22,Knee injury,2022-02-03,2022-03-14,40,6.0
154048,340328,22/23,Thigh problems,2022-08-07,2022-09-19,44,7.0
154048,340328,22/23,Thigh problems,2023-02-06,2023-02-23,18,2.0
154048,340328,24/25,unknown injury,2025-04-28,2025-06-01,35,4.0
154051,337284,16/17,Ankle injury,2017-01-30,2017-04-19,80,24.0
154051,337284,18/19,Knee problems,2018-09-12,2018-09-24,13,2.0
154051,337284,20/21,Muscle injury,2020-10-01,2020-10-07,7,1.0
154051,337284,20/21,Muscle injury,2020-10-25,2020-11-05,12,3.0
154051,337284,21/22,Groin injury,2021-11-25,2022-01-25,62,9.0
154051,337284,21/22,Groin injury,2022-02-08,2022-02-23,16,5.0
154051,337284,22/23,Knee injury,2022-12-01,2023-09-01,275,34.0
154051,337284,25/26,Muscle injury,2025-12-12,2026-03-02,81,10.0
154506,120186,24/25,Muscle injury,2024-09-21,2024-10-10,20,4.0
154506,120186,24/25,Ankle injury,2025-01-07,2025-03-17,70,14.0
154506,120186,25/26,Knee injury,2025-10-07,2025-12-31,86,14.0
154506,120186,25/26,unknown injury,2026-01-31,,223,18.0
154561,262749,21/22,Knee injury,2021-10-25,2022-02-04,103,17.0
154561,262749,24/25,Muscle injury,2024-09-23,2024-09-27,5,1.0
154566,258889,15/16,Achilles tendon problems,2016-02-04,2016-03-14,40,6.0
154566,258889,18/19,concussion,2018-09-16,2018-09-25,10,3.0
154566,258889,18/19,Groin strain,2018-11-25,2019-01-29,66,13.0
154566,258889,18/19,Hamstring injury,2018-12-23,2019-01-30,39,6.0
154566,258889,18/19,Muscle strain,2019-02-24,2019-03-08,13,2.0
154566,258889,18/19,Hamstring injury,2019-04-28,2019-05-31,34,2.0
154566,258889,20/21,Ankle injury,2021-02-03,2021-02-25,23,6.0
154566,258889,22/23,Knee injury,2023-01-13,2023-02-06,25,3.0
154566,258889,24/25,Ankle injury,2024-08-21,2024-09-09,20,3.0
154566,258889,24/25,Ill,2024-11-29,2024-12-02,4,1.0
154566,258889,24/25,Knee injury,2025-01-17,2025-03-02,45,10.0
154566,258889,24/25,Thigh problems,2025-05-02,2025-05-05,4,1.0
154566,258889,25/26,Ankle surgery,2025-08-24,2026-01-09,139,33.0
154566,258889,25/26,Muscle injury,2026-04-25,2026-05-19,25,2.0
154976,177847,17/18,flu,2017-11-28,2017-12-09,12,2.0
154976,177847,17/18,Hamstring injury,2017-12-21,2018-01-11,22,1.0
154976,177847,17/18,Tonsillitis,2018-05-08,2018-05-18,11,1.0
154976,177847,18/19,Knee injury,2018-08-01,2018-10-25,86,13.0
154976,177847,18/19,Ankle sprain,2019-02-17,2019-03-09,21,2.0
154976,177847,18/19,Knee problems,2019-04-01,2019-05-09,39,7.0
154976,177847,19/20,Torn muscle fiber,2020-07-03,2020-07-17,15,4.0
154976,177847,21/22,Muscle injury,2022-02-15,2022-03-10,24,5.0
154976,177847,24/25,Muscle injury,2024-08-04,2024-09-20,48,5.0
154976,177847,24/25,Muscle injury,2024-10-29,2024-11-21,24,3.0
154976,177847,24/25,Ankle sprain,2024-12-04,2024-12-14,11,1.0
154976,177847,24/25,unknown injury,2025-01-25,2025-02-27,34,4.0
154976,177847,25/26,Hamstring injury,2025-08-19,2025-09-02,15,2.0
154976,177847,25/26,Hamstring injury,2025-11-25,2025-12-12,18,3.0
154976,177847,25/26,Hamstring injury,2026-01-18,2026-02-10,24,4.0
154998,245744,15/16,Hip injury,2016-03-31,2016-04-25,26,6.0
154998,245744,17/18,cold,2018-01-01,2018-01-08,8,
154998,245744,17/18,Adductor pain,2018-01-21,2018-01-27,7,
154998,245744,18/19,Overstretching,2018-10-29,2018-11-26,29,5.0
154998,245744,18/19,Muscle injury,2018-12-13,2019-01-24,43,7.0
154998,245744,18/19,Fever,2019-02-04,2019-02-11,8,1.0
154998,245744,21/22,Torn muscle fiber in the adductor area,2021-08-19,2021-09-20,33,5.0
154998,245744,21/22,Quarantine,2021-12-06,2021-12-27,22,3.0
154998,245744,22/23,Inner knee ligament tear,2022-09-11,2022-11-13,64,12.0
154998,245744,24/25,Knee injury,2024-09-20,2024-10-16,27,3.0
154998,245744,24/25,Hamstring injury,2024-10-20,2024-12-01,43,6.0
154998,245744,24/25,Hamstring injury,2025-04-06,2025-04-25,20,3.0
154998,245744,26/27,Calf injury,2026-07-25,,48,
155197,258885,18/19,Groin problems,2018-12-23,2018-12-31,9,2.0
155197,258885,20/21,Head injury,2020-10-19,2020-10-30,12,1.0
155197,258885,21/22,Groin strain,2021-11-25,2022-01-21,58,8.0
155197,258885,21/22,Groin injury,2022-03-12,2022-05-21,71,14.0
155197,258885,22/23,Hamstring injury,2022-09-14,2022-11-28,76,12.0
155197,258885,22/23,Calf injury,2023-05-05,2023-05-31,27,1.0
155197,258885,23/24,Ankle injury,2023-08-26,2023-11-12,79,10.0
155197,258885,23/24,unknown injury,2024-01-25,2024-02-10,17,3.0
155197,258885,23/24,Ankle injury,2024-02-18,2024-05-11,84,12.0
155197,258885,24/25,Muscle injury,2025-02-28,2025-03-08,9,
155197,258885,24/25,Knee injury,2025-03-16,2025-05-20,66,8.0
155197,258885,25/26,Hamstring injury,2025-11-29,2025-12-09,11,1.0
155197,258885,25/26,Calf injury,2025-12-20,2026-03-21,92,18.0
155405,351749,20/21,Shoulder injury,2020-10-22,2020-11-23,33,6.0
155405,351749,20/21,Calf injury,2021-02-08,2021-03-08,29,4.0
155405,351749,21/22,Hamstring injury,2021-12-02,2022-03-14,103,15.0
155405,351749,22/23,Shoulder injury,2022-08-26,2022-11-08,75,16.0
155405,351749,24/25,Ankle injury,2024-11-13,2024-12-21,39,2.0
155405,351749,24/25,Achilles tendon problems,2025-04-11,2025-09-23,166,13.0
155405,351749,25/26,Fitness,2025-09-23,2025-10-13,21,3.0
155405,351749,25/26,Knee injury,2026-02-24,2026-05-31,97,13.0
155408,249089,16/17,Ankle injury,2016-08-16,2017-03-13,210,30.0
155408,249089,18/19,Cruciate ligament tear,2018-12-06,2019-09-14,283,30.0
155408,249089,20/21,Cruciate ligament tear,2021-03-07,2021-10-29,237,30.0
155408,249089,22/23,Knee injury,2023-01-14,2023-04-01,78,5.0
155408,249089,24/25,unknown injury,2024-11-29,2024-12-02,4,1.0
155408,249089,25/26,Knee injury,2025-07-25,2025-09-13,51,4.0
155408,249089,25/26,Shoulder injury,2025-09-19,2025-09-29,11,2.0
155408,249089,25/26,Neck bruise,2025-12-29,2026-01-01,4,1.0
155408,249089,25/26,Hamstring injury,2026-02-20,2026-05-10,80,10.0
155503,226049,19/20,Injury to abdominal muscles,2020-07-13,2020-08-01,20,5.0
155503,226049,21/22,Hip injury,2021-09-13,2021-12-20,99,14.0
155503,226049,24/25,Injury to the ankle,2025-03-16,2025-06-30,107,9.0
155509,257533,23/24,Torn knee ligaments,2023-11-25,2024-03-20,117,17.0
155509,257533,24/25,Broken leg,2024-08-17,2025-05-31,288,48.0
155509,257533,25/26,Fitness,2025-08-08,2025-09-12,36,6.0
155509,257533,25/26,Knee injury,2025-11-02,2026-03-06,125,9.0
155511,250426,14/15,Calf problems,2015-05-05,2015-05-24,20,2.0
155511,250426,20/21,Hamstring injury,2020-11-01,2020-11-08,8,1.0
155513,258188,14/15,Thigh problems,2014-09-04,2014-10-27,54,13.0
155513,258188,14/15,Hamstring injury,2014-11-03,2015-05-04,183,48.0
155513,258188,15/16,Calf injury,2015-09-22,2015-10-18,27,3.0
155513,258188,15/16,Ankle injury,2015-10-30,2016-01-02,65,9.0
155513,258188,16/17,Metatarsal fracture,2016-08-23,2016-10-18,57,9.0
155513,258188,16/17,Cruciate ligament injury,2016-11-16,2017-06-30,227,34.0
155513,258188,22/23,Hamstring injury,2022-09-18,2022-11-21,65,11.0
155529,186901,20/21,Finger injury,2021-02-26,2021-04-20,54,11.0
155529,186901,21/22,Quarantine,2021-11-23,2021-11-25,3,1.0
155529,186901,25/26,Wrist injury,2026-05-27,2026-06-30,35,
155561,170646,19/20,muscular problems,2020-05-15,2020-05-25,11,2.0
155561,170646,20/21,Hamstring strain,2020-10-21,2020-11-16,27,5.0
155561,170646,20/21,muscular problems,2021-01-15,2021-01-29,15,3.0
155561,170646,20/21,Back problems,2021-02-17,2021-03-01,13,2.0
155561,170646,20/21,Hamstring strain,2021-04-07,2021-04-16,10,1.0
155561,170646,20/21,muscular problems,2021-05-21,2021-05-24,4,1.0
155561,170646,22/23,Hamstring injury,2022-10-02,2022-10-31,30,5.0
155561,170646,23/24,Ill,2023-12-06,2023-12-09,4,1.0
155561,170646,23/24,Muscle injury,2024-01-25,2024-02-15,22,4.0
155561,170646,24/25,concussion,2024-09-17,2024-10-01,15,3.0
155561,170646,24/25,Knee injury,2024-10-25,2024-11-15,22,5.0
155561,170646,24/25,Bruised ribs,2024-11-23,2024-12-03,11,3.0
155561,170646,24/25,Calf injury,2025-01-09,2025-01-17,9,2.0
155561,170646,25/26,Calf injury,2025-12-04,2025-12-31,28,4.0
155561,170646,25/26,Hamstring injury,2026-01-18,2026-02-10,24,4.0
155569,214056,13/14,Broken cheekbone,2013-04-16,2013-04-25,10,2.0
155569,214056,13/14,Leg injury,2013-04-28,2013-05-05,8,2.0
155569,214056,17/18,Hamstring injury,2018-03-03,2018-05-14,73,10.0
155569,214056,18/19,Ankle surgery,2018-10-28,2019-09-23,331,46.0
155569,214056,19/20,Ankle injury,2019-12-20,2020-09-12,268,27.0
155569,214056,20/21,Hamstring injury,2020-10-05,2020-12-19,76,19.0
155569,214056,21/22,Corona virus,2021-12-05,2021-12-15,11,3.0
155569,214056,23/24,unknown injury,2023-08-29,2023-09-12,15,3.0
155569,214056,23/24,Hip problems,2023-09-14,2023-09-18,5,1.0
155569,214056,23/24,unknown injury,2023-10-08,2023-10-12,5,
155569,214056,23/24,Hamstring strain,2023-10-21,2023-11-07,18,3.0
155569,214056,23/24,Groin injury,2023-11-17,2023-12-02,16,3.0
155569,214056,23/24,Hip problems,2024-05-10,2024-05-16,7,1.0
155569,214056,23/24,Fitness,2024-05-16,2024-05-19,4,1.0
155706,107617,14/15,Foot injury,2014-11-04,2015-02-09,98,21.0
155851,73185,14/15,Knee injury,2014-07-19,2014-08-11,24,
155851,73185,14/15,Torn muscle fiber,2014-08-12,2014-10-01,51,6.0
155851,73185,16/17,Ankle injury,2016-10-25,2016-11-30,37,6.0
155851,73185,16/17,Hamstring strain,2017-03-16,2017-05-01,47,8.0
155851,73185,17/18,Hamstring injury,2017-10-06,2017-10-13,8,
155851,73185,17/18,Ill,2018-01-04,2018-01-11,8,1.0
155851,73185,18/19,Knock,2018-08-09,2018-08-17,9,1.0
155851,73185,18/19,Foot injury,2018-12-09,2018-12-26,18,2.0
155851,73185,18/19,Ankle injury,2019-01-28,2019-02-03,7,1.0
155851,73185,24/25,unknown injury,2024-11-16,2024-11-18,3,
155851,73185,24/25,tuberculosis,2025-03-24,2025-05-28,66,8.0
156074,253341,18/19,Cruciate ligament tear,2018-12-05,2019-08-31,270,42.0
156074,253341,19/20,Knee injury,2019-11-10,2019-12-31,52,15.0
156074,253341,20/21,Hamstring injury,2020-10-16,2020-10-30,15,4.0
156074,253341,21/22,Fitness,2021-08-01,2021-08-09,9,
156074,253341,23/24,unknown injury,2023-12-01,2024-01-10,41,8.0
156074,253341,23/24,Ankle surgery,2024-02-29,2024-08-21,175,12.0
156074,253341,23/24,Hamstring injury,2024-04-23,2024-05-01,9,2.0
156658,264220,18/19,Muscle injury,2018-12-01,2018-12-23,23,3.0
156658,264220,18/19,unknown injury,2019-01-24,2019-02-10,18,3.0
156658,264220,19/20,Calf injury,2020-02-07,2020-02-16,10,3.0
156658,264220,19/20,Calf injury,2020-02-25,2020-04-04,40,3.0
156658,264220,21/22,unknown injury,2021-08-05,2021-08-22,18,5.0
156658,264220,21/22,unknown injury,2021-11-18,2021-11-26,9,2.0
156658,264220,21/22,unknown injury,2022-03-17,2022-04-12,27,4.0
156658,264220,22/23,Fitness,2022-07-29,2022-08-04,7,1.0
156658,264220,22/23,Knock,2022-10-01,2022-12-31,92,13.0
156658,264220,22/23,unknown injury,2023-02-26,2023-03-12,15,3.0
156658,264220,22/23,Groin injury,2023-04-17,2023-05-07,21,3.0
156658,264220,23/24,Knee problems,2023-10-21,2023-11-26,37,4.0
156658,264220,23/24,unknown injury,2023-10-23,2024-01-08,78,11.0
156658,264220,24/25,Groin injury,2024-10-20,2024-11-17,29,5.0
156658,264220,24/25,Knock,2024-11-29,2025-03-09,101,20.0
156683,244192,19/20,Finger injury,2020-03-10,2020-03-20,11,1.0
156683,244192,19/20,Cruciate ligament injury,2020-08-02,2020-10-26,86,12.0
156683,244192,20/21,Knee injury,2020-11-29,2020-12-06,8,1.0
156683,244192,22/23,Muscle fatigue,2022-11-08,2022-11-12,5,1.0
156683,244192,23/24,Hand injury,2023-09-01,2023-10-13,43,8.0
156683,244192,23/24,Calf problems,2023-12-29,2023-12-31,3,1.0
156683,244192,23/24,Shoulder injury,2024-04-25,2024-05-07,13,2.0
156683,244192,23/24,Muscle fatigue,2024-05-16,2024-05-21,6,1.0
156683,244192,24/25,Hip injury,2024-10-15,2024-11-20,37,5.0
156683,244192,24/25,Shoulder injury,2025-05-11,2025-05-15,5,1.0
156683,244192,25/26,Hamstring injury,2026-01-05,2026-01-19,15,4.0
156683,244192,25/26,flu,2026-02-28,2026-03-03,4,1.0
156685,183293,20/21,Back injury,2020-10-04,2020-11-01,29,5.0
156685,183293,25/26,Muscle injury,2025-11-23,2026-01-12,51,12.0
156685,183293,25/26,Neck injury,2026-03-12,2026-03-28,17,2.0
156686,251058,20/21,Corona virus,2020-12-09,2020-12-23,15,
156686,251058,21/22,Cruciate ligament injury,2021-12-11,2023-06-30,567,18.0
156687,183302,20/21,Groin injury,2020-09-14,2020-09-16,3,1.0
156687,183302,20/21,Groin injury,2020-10-19,2020-11-09,22,6.0
156687,183302,23/24,Hamstring injury,2024-03-17,2024-05-15,60,8.0
156687,183302,24/25,Hamstring injury,2024-06-01,2024-10-15,137,12.0
156689,203394,17/18,Achilles tendon problems,2018-02-02,2018-03-16,43,8.0
156689,203394,17/18,Muscle injury,2018-05-10,2018-05-31,22,2.0
156689,203394,20/21,Fever,2020-10-14,2020-10-24,11,3.0
156689,203394,20/21,Fever,2021-02-20,2021-02-22,3,1.0
156689,203394,22/23,Ankle injury,2023-04-30,2023-05-29,30,5.0
156689,203394,25/26,Lumbar vertebra problems,2026-05-11,2026-05-15,5,1.0
156690,289844,18/19,Cruciate ligament injury,2018-09-29,2019-08-18,324,40.0
156700,246963,15/16,Knee injury,2015-09-14,2015-09-17,4,1.0
156700,246963,15/16,Ankle sprain,2016-04-01,2016-04-04,4,1.0
156700,246963,17/18,Cruciate ligament injury,2018-05-27,2019-03-12,290,41.0
156700,246963,21/22,Knee injury,2021-08-14,2021-11-07,86,15.0
156700,246963,25/26,Leg injury,2025-11-23,2026-02-11,81,16.0
156700,246963,26/27,Calf muscle tear,2026-08-22,,20,4.0
157668,249126,16/17,Ankle injury,2017-04-03,2017-06-01,60,10.0
157668,249126,17/18,Ankle injury,2017-11-06,2017-11-13,8,1.0
157668,249126,17/18,Ill,2017-11-25,2017-11-29,5,1.0
157668,249126,17/18,Ankle injury,2018-01-05,2018-02-03,30,5.0
157668,249126,17/18,Ankle injury,2018-03-20,2018-08-17,151,21.0
157668,249126,18/19,Groin injury,2019-03-01,2019-04-03,34,5.0
157668,249126,18/19,Groin surgery,2019-04-13,2019-05-31,49,9.0
157668,249126,19/20,Ankle injury,2019-12-06,2019-12-14,9,2.0
157668,249126,20/21,Knock,2020-11-19,2020-11-25,7,1.0
157668,249126,22/23,Ankle injury,2022-09-02,2023-01-06,127,13.0
158074,149498,14/15,Ankle injury,2014-08-21,2014-08-21,1,
158074,149498,14/15,Hamstring injury,2015-03-05,2015-03-16,12,2.0
158074,149498,16/17,Ankle injury,2016-08-08,2016-09-19,43,6.0
158074,149498,16/17,Knee injury,2017-05-21,2017-09-06,109,5.0
158074,149498,18/19,Muscle injury,2018-12-09,2018-12-14,6,1.0
158074,149498,18/19,Muscle injury,2018-12-16,2018-12-30,15,1.0
158074,149498,18/19,Muscle injury,2019-02-08,2019-02-22,15,4.0
158074,149498,19/20,Ankle sprain,2020-02-15,2020-02-29,15,2.0
158074,149498,20/21,Hamstring injury,2020-09-20,2020-10-14,25,3.0
158074,149498,21/22,Knee injury,2021-10-05,2022-02-20,139,18.0
158074,149498,24/25,Partial muscle tear,2024-10-06,2024-11-03,29,4.0
158074,149498,24/25,Tendon rupture,2024-11-28,2025-02-18,83,15.0
158074,149498,24/25,Fitness,2025-02-18,2025-03-02,13,3.0
158074,149498,24/25,unknown injury,2025-04-28,2025-05-02,5,
158074,149498,25/26,Hamstring strain,2025-08-28,2025-09-04,8,1.0
158499,188077,15/16,Knee injury,2015-11-07,2016-01-31,86,11.0
158499,188077,18/19,Knee injury,2018-12-13,2018-12-21,9,2.0
158499,188077,18/19,Hamstring strain,2019-02-24,2019-03-31,36,6.0
158499,188077,18/19,Facial fracture,2019-04-14,2019-05-21,38,5.0
158499,188077,19/20,Groin surgery,2019-12-29,2020-01-17,20,
158499,188077,19/20,Knock,2020-02-24,2020-02-29,6,1.0
158499,188077,20/21,Quarantine,2020-10-08,2020-10-22,15,4.0
158499,188077,20/21,Quarantine,2021-01-09,2021-01-19,11,2.0
158499,188077,21/22,unknown injury,2021-08-15,2021-08-18,4,1.0
158499,188077,24/25,Groin problems,2025-02-28,2025-03-03,4,1.0
158499,188077,24/25,Groin injury,2025-04-03,2025-08-23,143,11.0
158499,188077,25/26,Knock,2025-09-12,2025-09-15,4,1.0
158499,188077,25/26,Knee problems,2025-11-24,2025-12-19,26,4.0
158499,188077,25/26,Knee problems,2025-12-29,2026-01-16,19,4.0
158534,341051,17/18,Hamstring injury,2018-03-28,2018-04-28,32,5.0
158534,341051,19/20,Hamstring strain,2019-08-26,2019-09-17,23,2.0
158534,341051,19/20,Calf injury,2020-02-16,2020-02-28,13,1.0
158534,341051,20/21,Hamstring strain,2021-01-24,2021-02-10,18,4.0
158534,341051,21/22,Corona virus,2022-01-07,2022-01-14,8,2.0
158534,341051,22/23,Hamstring injury,2022-10-19,2022-12-04,47,5.0
158534,341051,22/23,Hamstring injury,2023-02-01,2023-02-13,13,2.0
158544,315185,14/15,Knee injury,2014-12-13,2015-01-09,28,7.0
158544,315185,16/17,Ankle injury,2016-10-14,2017-02-19,129,44.0
158983,146310,16/17,Elbow injury,2016-06-27,2016-07-04,8,1.0
158983,146310,16/17,Ankle sprain,2017-05-01,2017-05-04,4,
158983,146310,17/18,Hip injury,2018-03-15,2018-03-26,12,1.0
158983,146310,18/19,Hamstring injury,2019-02-07,2019-03-28,50,8.0
158983,146310,18/19,Hamstring injury,2019-05-20,2019-06-10,22,2.0
158983,146310,20/21,Knee injury,2020-08-27,2020-09-03,8,
158983,146310,21/22,Corona virus,2022-04-11,2022-04-18,8,1.0
158983,146310,22/23,bruise,2022-10-03,2022-10-06,4,
158983,146310,22/23,concussion,2022-11-09,2022-11-15,7,1.0
158983,146310,23/24,muscle stiffness,2024-02-26,2024-03-01,5,1.0
158983,146310,23/24,Knock,2024-03-31,2024-04-05,6,1.0
158983,146310,25/26,unknown injury,2025-10-08,2025-10-20,13,3.0
158983,146310,25/26,Ankle injury,2025-12-07,2026-01-10,35,7.0
158983,146310,25/26,Ankle ligament tear,2026-02-11,2026-05-22,101,20.0
158983,146310,25/26,Foot injury,2026-06-11,2026-08-04,55,
159506,236490,18/19,Muscle injury,2018-09-03,2018-09-10,8,1.0
159506,236490,18/19,bruise,2018-11-20,2018-12-01,12,2.0
159506,236490,18/19,unknown injury,2019-03-03,2019-03-05,3,1.0
159506,236490,18/19,flu,2019-05-11,2019-05-13,3,1.0
159506,236490,20/21,Fitness,2020-09-11,2020-10-03,23,5.0
159506,236490,22/23,Hamstring muscle injury,2022-10-22,2023-01-23,94,11.0
159506,236490,22/23,Muscle injury,2023-03-29,2023-05-10,43,7.0
159506,236490,23/24,unknown injury,2024-02-23,2024-03-25,32,6.0
159506,236490,24/25,Calf injury,2025-04-01,2025-04-26,26,3.0
159506,236490,25/26,Hamstring injury,2025-09-09,2026-01-03,117,24.0
159506,236490,25/26,Knock,2026-04-30,2026-05-24,25,4.0
159533,204103,15/16,Metatarsal fracture,2016-01-03,2016-04-03,92,21.0
159533,204103,18/19,Shoulder injury,2018-07-27,2018-08-17,22,3.0
159533,204103,18/19,Hamstring injury,2018-12-30,2019-01-01,3,
159533,204103,19/20,Knock,2019-11-11,2019-11-22,12,
159533,204103,19/20,Shoulder injury,2019-12-16,2019-12-20,5,
159533,204103,19/20,Knock,2020-01-17,2020-01-17,1,
159533,204103,19/20,Shoulder injury,2020-02-02,2020-02-13,12,
159533,204103,19/20,Shoulder injury,2020-03-02,2020-03-06,5,
159533,204103,20/21,Knock,2020-09-02,2020-09-04,3,
159533,204103,20/21,Hamstring injury,2021-01-09,2021-01-14,6,1.0
159533,204103,22/23,Hamstring injury,2022-07-20,2022-08-13,25,1.0
159533,204103,23/24,Hamstring injury,2023-09-11,2023-11-11,62,9.0
159533,204103,23/24,Hamstring injury,2023-11-20,2024-02-09,82,16.0
159533,204103,24/25,Knock,2025-03-03,2025-03-14,12,1.0
159533,204103,25/26,Hamstring injury,2026-05-22,2026-06-08,18,1.0
160190,258216,16/17,Achilles tendon problems,2017-02-09,2017-05-28,109,23.0
160190,258216,17/18,Hamstring injury,2017-09-05,2017-11-26,83,10.0
160190,258216,22/23,Hamstring injury,2023-02-27,2023-05-09,72,16.0
160190,258216,23/24,Hamstring injury,2023-09-24,2023-12-03,71,17.0
160729,277114,15/16,Rest,2015-10-12,2015-10-22,11,3.0
160729,277114,15/16,Hamstring strain,2015-11-25,2016-01-04,41,8.0
160729,277114,15/16,Hip problems,2016-01-23,2016-02-04,13,2.0
160729,277114,15/16,Calf strain,2016-03-29,2016-04-06,9,1.0
160729,277114,15/16,unknown injury,2016-04-13,2016-04-25,13,3.0
160729,277114,16/17,Adductor tear,2016-10-08,2016-11-04,28,8.0
160729,277114,16/17,Hamstring injury,2016-12-26,2017-01-06,12,2.0
160729,277114,17/18,Calf injury,2017-11-25,2017-11-29,5,2.0
160729,277114,17/18,Torn thigh muscle,2018-02-04,2018-03-04,29,6.0
160729,277114,20/21,Ill,2020-10-23,2020-11-06,15,2.0
160729,277114,20/21,unknown injury,2021-01-30,2021-02-08,10,2.0
160729,277114,21/22,Ankle sprain,2021-12-06,2022-02-06,63,8.0
160729,277114,23/24,unknown injury,2024-03-30,2024-05-12,44,6.0
160729,277114,23/24,Fitness,2024-05-13,2024-05-19,7,1.0
160729,277114,24/25,unknown injury,2025-01-22,2025-03-31,69,1.0
160816,179451,15/16,Hamstring injury,2016-02-29,2016-03-22,23,6.0
160817,167268,14/15,Hamstring injury,2014-10-05,2014-10-26,22,1.0
160817,167268,15/16,Bruised ribs,2015-10-11,2015-11-07,28,6.0
160817,167268,16/17,Cruciate ligament injury,2016-11-19,2017-10-09,325,49.0
160817,167268,24/25,Groin injury,2025-06-06,2025-07-24,49,7.0
160817,167268,25/26,Leg injury,2025-08-07,2025-08-14,8,1.0
162344,271098,18/19,Ankle injury,2018-11-12,2018-12-31,50,1.0
162344,271098,22/23,Calf injury,2023-05-13,2023-05-30,18,2.0
162344,271098,23/24,Ill,2023-09-20,2023-09-22,3,1.0
162344,271098,23/24,flesh wound,2024-02-04,2024-03-01,27,5.0
162344,271098,23/24,minor knock,2024-03-12,2024-04-04,24,3.0
162344,271098,24/25,Leg injury,2025-03-07,2025-03-13,7,1.0
162651,255744,14/15,Calf injury,2015-03-01,2015-04-01,32,7.0
162651,255744,16/17,Muscle injury,2016-09-03,2016-10-10,38,5.0
162651,255744,16/17,Knee surgery,2017-04-10,2017-08-18,131,8.0
162651,255744,17/18,muscular problems,2017-12-09,2017-12-16,8,1.0
162651,255744,18/19,Torn ankle ligaments,2018-11-24,2019-03-20,117,14.0
162651,255744,19/20,muscular problems,2019-12-06,2019-12-17,12,2.0
162651,255744,19/20,Meniscus injury,2019-12-18,2020-02-12,57,8.0
162651,255744,20/21,Hamstring injury,2021-03-10,2021-04-01,23,1.0
163463,211325,15/16,unknown injury,2015-11-27,2015-12-02,6,1.0
163463,211325,16/17,unknown injury,2017-03-13,2017-04-10,29,4.0
163463,211325,19/20,Fitness,2019-08-04,2019-09-01,29,7.0
163463,211325,19/20,Virus,2019-12-08,2019-12-21,14,3.0
163463,211325,19/20,Tear of the lateral meniscus,2020-04-01,2020-05-18,48,
163463,211325,20/21,unknown injury,2020-11-15,2020-12-01,17,3.0
163463,211325,23/24,unknown injury,2023-07-24,2023-08-18,26,5.0
163463,211325,23/24,unknown injury,2023-09-23,2023-10-18,26,4.0
163463,211325,23/24,Fitness,2023-10-18,2023-10-24,7,1.0
163463,211325,23/24,unknown injury,2024-05-12,2024-05-27,16,2.0
163463,211325,24/25,unknown injury,2025-02-03,2025-02-12,10,1.0
163463,211325,24/25,unknown injury,2025-02-25,2025-02-28,4,1.0
163526,247555,18/19,Knock,2018-06-04,2018-08-27,85,6.0
163526,247555,18/19,muscular problems,2019-03-07,2019-04-15,40,6.0
163526,247555,19/20,Meniscus injury,2020-01-06,2020-02-20,46,5.0
163526,247555,20/21,Corona virus,2020-08-17,2020-10-01,46,5.0
163526,247555,20/21,Fitness,2020-10-01,2020-10-12,12,1.0
163526,247555,20/21,Corona virus,2021-01-07,2021-01-25,19,4.0
163526,247555,20/21,Ankle injury,2021-02-11,2021-03-11,29,4.0
163526,247555,21/22,influenza,2021-09-06,2021-09-30,25,4.0
163526,247555,21/22,minor knock,2022-04-14,2022-04-21,8,1.0
163526,247555,22/23,Ankle problems,2022-09-19,2022-09-22,4,
163526,247555,23/24,Hamstring injury,2023-12-02,2023-12-20,19,4.0
163526,247555,23/24,Ankle problems,2024-02-15,2024-03-05,20,3.0
163526,247555,25/26,Muscle injury,2025-11-05,2025-12-31,57,10.0
163526,247555,25/26,Fitness,2026-01-01,2026-01-15,15,
163526,247555,25/26,unknown injury,2026-05-14,2026-05-27,14,1.0
163776,230746,21/22,Knee injury,2021-11-09,2021-11-21,13,1.0
163776,230746,22/23,Ill,2023-03-17,2023-03-19,3,1.0
163776,230746,23/24,unknown injury,2024-04-29,2024-05-14,16,2.0
163776,230746,24/25,unknown injury,2024-10-03,2024-10-18,16,1.0
163776,230746,24/25,unknown injury,2024-11-30,2024-12-10,11,2.0
163776,230746,24/25,unknown injury,2025-02-17,2025-02-23,7,1.0
163776,230746,24/25,unknown injury,2025-05-24,2025-05-31,8,1.0
163793,245893,17/18,Ill,2018-02-16,2018-02-24,9,1.0
163793,245893,19/20,Hamstring injury,2019-08-25,2019-09-30,37,7.0
163793,245893,19/20,Ankle injury,2020-01-25,2020-03-03,39,9.0
163793,245893,21/22,Corona virus,2021-12-08,2021-12-31,24,5.0
163793,245893,23/24,Cruciate ligament surgery,2024-06-17,2025-04-04,292,34.0
163793,245893,24/25,unknown injury,2025-05-12,2025-05-16,5,1.0
163793,245893,25/26,Leg injury,2025-09-15,2026-03-10,177,13.0
164011,271966,18/19,Groin injury,2019-02-21,2019-03-01,9,2.0
164011,271966,18/19,Shoulder injury,2019-03-26,2019-04-01,7,
164011,271966,20/21,Quarantine,2020-12-25,2020-12-28,4,1.0
164011,271966,20/21,Fitness,2020-12-28,2021-01-03,7,1.0
164011,271966,21/22,Femoral fracture,2021-12-18,2022-05-21,155,24.0
164484,221624,17/18,Knee injury,2018-06-21,2018-07-05,15,
164484,221624,18/19,Knee problems,2019-03-17,2019-03-29,13,2.0
164484,221624,18/19,Foot injury,2019-05-11,2019-05-22,12,
164484,221624,19/20,Patellar tendon problems,2020-01-17,2020-03-29,73,11.0
164484,221624,19/20,Fitness,2020-03-29,2020-04-20,23,
164484,221624,19/20,Inner ligament injury,2020-04-27,2020-09-20,147,19.0
164484,221624,20/21,Bone bruise,2021-06-08,2021-07-08,31,1.0
164484,221624,21/22,Corona virus,2021-09-04,2021-09-20,17,5.0
164484,221624,22/23,Knee problems,2022-08-26,2022-09-18,24,4.0
164484,221624,22/23,Knee surgery,2023-06-01,2023-12-31,214,45.0
164484,221624,24/25,Muscle injury,2025-05-16,2025-06-02,18,3.0
164484,221624,24/25,Knee injury,2025-06-04,2025-07-11,38,6.0
164484,221624,25/26,Shoulder injury,2026-03-05,2026-03-19,15,2.0
164484,221624,25/26,unknown injury,2026-05-07,,127,14.0
164555,157672,16/17,Knee bruise,2017-02-26,2017-05-10,74,11.0
164555,157672,18/19,Injury to abdominal muscles,2018-11-04,2018-11-25,22,6.0
164555,157672,18/19,Muscle injury,2019-04-10,2019-04-25,16,4.0
164555,157672,20/21,Quarantine,2020-09-05,2020-09-09,5,1.0
164555,157672,21/22,Groin injury,2021-10-05,2021-10-27,23,5.0
164555,157672,21/22,Groin surgery,2022-02-14,2022-04-01,47,10.0
164555,157672,22/23,Heel injury,2023-03-01,2023-03-20,20,5.0
164555,157672,22/23,Hamstring injury,2023-05-03,2023-05-16,14,3.0
164555,157672,24/25,Hamstring strain,2025-02-14,2025-04-01,47,5.0
164555,157672,25/26,Knee problems,2025-10-27,2025-10-30,4,1.0
165152,337640,19/20,Thigh problems,2020-06-29,2020-07-16,18,1.0
165153,170527,21/22,strain,2021-10-21,2021-11-15,26,7.0
165153,170527,21/22,Corona virus,2021-12-13,2022-01-03,22,6.0
165153,170527,22/23,infection,2022-10-13,2022-10-24,12,3.0
165153,170527,22/23,Syndesmotic ligament tear,2022-11-03,2023-01-02,61,7.0
165153,170527,22/23,cold,2023-05-18,2023-05-23,6,1.0
165153,170527,22/23,Ankle problems,2023-06-15,2023-07-01,17,
165153,170527,23/24,Back problems,2023-09-25,2023-10-01,7,2.0
165153,170527,23/24,Adductor pain,2023-11-23,2023-12-10,18,4.0
165153,170527,23/24,Thigh problems,2024-04-29,2024-06-30,63,5.0
165153,170527,24/25,Hip injury,2024-11-04,2024-11-09,6,1.0
165153,170527,24/25,Hamstring injury,2025-01-13,2025-02-22,41,9.0
165153,170527,25/26,muscular problems,2025-10-01,2025-10-06,6,1.0
165153,170527,25/26,muscular problems,2025-12-01,2025-12-08,8,2.0
165153,170527,25/26,Leg injury,2026-03-23,2026-04-14,23,2.0
165153,170527,25/26,Muscle injury,2026-04-27,2026-07-21,86,6.0
165183,278166,19/20,Knee problems,2019-10-17,2019-10-20,4,1.0
165183,278166,19/20,unknown injury,2020-06-19,2020-07-19,31,8.0
165183,278166,20/21,Corona virus,2020-10-25,2020-11-15,22,4.0
165183,278166,23/24,Hamstring injury,2023-10-04,2023-11-15,43,8.0
165183,278166,23/24,Peroneus tendon injury,2024-03-02,2024-07-17,138,20.0
165183,278166,24/25,Hamstring injury,2024-09-20,2024-10-27,38,9.0
165183,278166,24/25,Achilles tendon problems,2024-11-20,2024-11-25,6,1.0
165183,278166,24/25,Hamstring injury,2024-12-08,2024-12-27,20,4.0
165183,278166,24/25,Thigh problems,2025-01-26,2025-02-13,19,4.0
165183,278166,25/26,unknown injury,2025-11-02,2025-11-23,22,5.0
165183,278166,25/26,Muscle injury,2025-11-30,2025-12-22,23,3.0
165183,278166,25/26,Hamstring injury,2026-01-11,2026-01-26,16,4.0
165183,278166,25/26,unknown injury,2026-04-23,2026-05-10,18,2.0
165659,329145,16/17,Knock,2016-09-12,2016-09-29,18,3.0
165659,329145,21/22,Knock,2022-02-28,2022-03-28,29,5.0
165659,329145,22/23,Achilles tendon rupture,2022-08-11,2023-03-12,214,26.0
165659,329145,23/24,Hamstring injury,2024-02-14,2024-03-05,21,3.0
165659,329145,24/25,unknown injury,2024-08-30,2024-09-01,3,1.0
165659,329145,24/25,unknown injury,2024-12-20,2024-12-22,3,1.0
165659,329145,24/25,Foot injury,2025-01-03,2025-01-19,17,4.0
165659,329145,24/25,Inner ligament injury,2025-02-05,2025-03-25,49,10.0
165659,329145,24/25,Fitness,2025-03-25,2025-04-14,21,4.0
165659,329145,24/25,unknown injury,2025-05-09,2025-05-28,20,2.0
165659,329145,26/27,Fitness,2026-07-05,2026-07-30,26,2.0
165809,241641,15/16,Hamstring injury,2016-02-08,2016-02-29,22,3.0
165809,241641,15/16,Hamstring injury,2016-05-09,2016-07-10,63,10.0
165809,241641,16/17,Ankle injury,2017-06-25,2017-06-27,3,
165809,241641,18/19,Knock,2018-11-19,2018-11-30,12,3.0
165809,241641,18/19,Knock,2019-04-07,2019-04-14,8,1.0
165809,241641,20/21,Muscle injury,2020-09-08,2020-09-30,23,3.0
165809,241641,21/22,muscular problems,2021-11-09,2021-11-12,4,1.0
165809,241641,23/24,muscular problems,2023-08-14,2023-08-26,13,2.0
165809,241641,23/24,unknown injury,2023-09-20,2023-10-01,12,3.0
165809,241641,24/25,unknown injury,2025-03-15,2025-03-17,3,
165911,246579,16/17,minor knock,2017-06-19,2017-06-21,3,1.0
165911,246579,17/18,Fitness,2017-08-25,2017-08-31,7,2.0
165911,246579,17/18,Ill,2018-01-17,2018-02-07,22,3.0
165911,246579,18/19,Cruciate ligament tear,2019-03-30,2019-12-29,275,38.0
165911,246579,21/22,Cruciate ligament tear,2021-07-22,2022-03-22,244,48.0
165911,246579,22/23,Edema in the knee,2023-05-15,2023-11-01,171,26.0
165911,246579,24/25,Collateral ligament injury,2025-04-03,2025-05-30,58,11.0
165990,207015,18/19,Foot injury,2019-01-30,2019-04-19,80,16.0
165990,207015,19/20,Muscle injury,2020-03-12,2020-03-22,11,2.0
165990,207015,20/21,Corona virus,2020-08-01,2020-08-15,15,1.0
165990,207015,20/21,Toe injury,2020-09-20,2020-10-06,17,2.0
165990,207015,20/21,Broken finger,2021-01-13,2021-02-03,22,1.0
165990,207015,21/22,Inflammation of pubic bone,2021-08-19,2021-09-30,43,11.0
165990,207015,22/23,Calf injury,2023-03-18,2023-04-05,19,2.0
165990,207015,22/23,Rest,2023-04-22,2023-04-24,3,1.0
165990,207015,23/24,Hamstring muscle injury,2023-07-21,2023-07-28,8,1.0
165990,207015,23/24,surgery,2024-05-16,2024-06-30,46,2.0
165990,207015,24/25,minor knock,2025-02-28,2025-03-05,6,1.0
165990,207015,24/25,Meniscus tear,2025-04-26,2025-05-28,33,5.0
165990,207015,25/26,Knee surgery,2025-11-21,2025-12-02,12,2.0
165990,207015,25/26,surgery,2026-04-30,2026-05-06,7,1.0
165990,207015,25/26,minor knock,2026-05-17,2026-05-21,5,1.0
166477,262226,15/16,Shoulder injury,2016-05-10,2016-06-20,42,5.0
166477,262226,19/20,Meniscus injury,2019-08-01,2019-09-15,46,4.0
166477,262226,19/20,Knee problems,2020-01-13,2020-01-28,16,3.0
166477,262226,20/21,Hamstring strain,2020-10-27,2020-12-19,54,15.0
166477,262226,20/21,Hamstring strain,2021-02-01,2021-02-19,19,5.0
166477,262226,20/21,Fracture of the eye socket,2021-06-13,2021-08-15,64,6.0
166477,262226,21/22,Hamstring injury,2022-01-03,2022-03-17,74,13.0
166477,262226,24/25,Hamstring injury,2024-10-14,2024-11-03,21,2.0
166477,262226,24/25,Ankle surgery,2025-05-07,2025-07-15,70,5.0
167074,206746,18/19,Hamstring injury,2019-03-21,2019-04-08,19,4.0
167074,206746,18/19,Ankle injury,2019-05-09,2019-05-31,23,3.0
167074,206746,19/20,Knock,2019-11-04,2019-11-20,17,4.0
167074,206746,20/21,Calf injury,2020-09-20,2020-11-21,63,13.0
167074,206746,20/21,Fitness,2020-11-21,2020-12-27,37,7.0
167074,206746,20/21,Corona virus,2021-04-17,2021-04-27,11,1.0
167074,206746,21/22,Thigh problems,2021-08-21,2021-10-18,59,10.0
167074,206746,21/22,Groin injury,2022-01-22,2022-02-17,27,4.0
167074,206746,22/23,Knock,2022-09-29,2022-10-29,31,5.0
167074,206746,23/24,Groin problems,2023-09-17,2023-11-11,56,8.0
167074,206746,23/24,Achilles tendon problems,2024-02-09,2024-02-19,11,2.0
167074,206746,24/25,Knee injury,2024-12-15,2025-04-06,113,18.0
167074,206746,25/26,Knee injury,2025-09-27,2025-10-17,21,2.0
167074,206746,25/26,Hamstring injury,2026-01-02,2026-01-31,30,5.0
167074,206746,25/26,Foot injury,2026-03-16,2026-04-30,46,4.0
167075,253765,14/15,Knee injury,2015-04-02,2015-04-16,15,2.0
167075,253765,15/16,Ankle problems,2015-10-23,2015-10-27,5,1.0
167075,253765,15/16,Knee problems,2016-01-22,2016-01-29,8,1.0
167075,253765,15/16,muscular problems,2016-05-08,2016-05-31,24,1.0
167075,253765,18/19,Foot injury,2018-11-07,2018-11-09,3,
167075,253765,19/20,Ankle injury,2020-02-06,2020-02-20,15,2.0
167199,230784,19/20,Hamstring injury,2019-09-09,2019-09-16,8,1.0
167199,230784,20/21,Muscle injury,2020-11-09,2020-12-03,25,6.0
167199,230784,20/21,Hip injury,2020-12-03,2021-01-11,40,10.0
167199,230784,20/21,Hamstring injury,2021-02-04,2021-02-22,19,3.0
167199,230784,21/22,Ankle injury,2021-07-29,2021-08-30,33,4.0
167199,230784,21/22,Muscle injury,2022-02-14,2022-02-22,9,
167199,230784,21/22,unknown injury,2022-04-04,2022-07-25,113,13.0
167199,230784,22/23,Thigh problems,2022-08-25,2022-09-15,22,4.0
167199,230784,22/23,Knock,2022-09-22,2022-09-30,9,2.0
167199,230784,23/24,Groin injury,2023-09-02,2023-10-03,32,8.0
167199,230784,23/24,Hamstring injury,2023-11-09,2024-02-29,113,25.0
167199,230784,24/25,Muscle injury,2024-11-28,2024-12-03,6,1.0
167199,230784,25/26,Muscle injury,2025-12-05,2026-01-05,32,5.0
167199,230784,25/26,Inflammation of pubic bone,2026-01-31,2026-02-16,17,3.0
167199,230784,26/27,Hamstring injury,2026-08-29,2026-09-26,29,3.0
167473,147094,16/17,Adductor tear,2016-08-15,2016-09-08,25,2.0
167473,147094,16/17,Groin injury,2016-10-01,2016-10-27,27,5.0
167473,147094,16/17,Hip injury,2016-12-04,2016-12-17,14,2.0
167473,147094,16/17,Torn muscle fiber in the adductor area,2017-03-09,2017-04-09,32,3.0
167473,147094,16/17,unknown injury,2017-05-20,2017-05-22,3,1.0
167473,147094,18/19,Knee injury,2018-08-01,2018-09-28,59,7.0
167473,147094,18/19,Knee injury,2018-12-04,2019-02-26,85,15.0
167473,147094,18/19,Knee injury,2019-04-28,2020-10-02,524,49.0
167473,147094,20/21,Hamstring strain,2021-01-12,2021-01-30,19,4.0
167473,147094,21/22,unknown injury,2021-08-31,2021-10-10,41,6.0
167512,282939,21/22,Shoulder injury,2021-11-27,2022-03-07,101,21.0
167512,282939,25/26,Shoulder injury,2025-07-01,2025-09-22,84,6.0
167522,291544,09/10,Ankle sprain,2009-09-18,2009-11-18,62,
167522,291544,11/12,Cruciate ligament injury,2011-11-29,2012-09-29,306,
167522,291544,20/21,Hamstring injury,2021-01-23,2021-02-20,29,5.0
167767,281404,14/15,Appendectomy,2015-05-19,2015-05-31,13,1.0
167767,281404,16/17,Knee injury,2016-10-10,2017-01-27,110,16.0
167767,281404,18/19,Knock,2018-10-07,2018-10-19,13,
167767,281404,18/19,Toe injury,2018-12-02,2018-12-08,7,1.0
167767,281404,18/19,Foot injury,2018-12-16,2018-12-21,6,
167767,281404,18/19,Toe injury,2019-01-11,2019-01-28,18,3.0
167767,281404,19/20,Knee bruise,2019-12-13,2020-02-01,51,7.0
167767,281404,20/21,Hamstring injury,2020-11-13,2020-12-04,22,4.0
167767,281404,20/21,Ankle sprain,2021-05-02,2021-05-31,30,4.0
167767,281404,22/23,Groin injury,2022-09-30,2022-12-26,88,10.0
167767,281404,22/23,Torn muscle bundle,2023-01-15,2023-03-25,70,9.0
167789,293450,15/16,Ankle injury,2016-03-05,2016-06-01,89,12.0
167887,314241,21/22,Ankle injury,2022-02-13,2022-03-11,27,5.0
167887,314241,22/23,Ankle injury,2022-08-14,2022-09-13,31,5.0
167887,314241,23/24,Ankle injury,2023-12-24,2024-02-12,51,9.0
168090,191422,17/18,Toothache,2017-10-09,2017-10-12,4,1.0
168090,191422,17/18,influenza,2017-10-16,2017-10-23,8,2.0
168090,191422,17/18,Neck bruise,2017-10-26,2017-11-06,12,3.0
168090,191422,17/18,minor knock,2017-11-09,2017-11-13,5,
168090,191422,18/19,minor knock,2018-12-17,2018-12-20,4,1.0
168090,191422,18/19,infection,2019-01-03,2019-01-07,5,
168090,191422,18/19,influenza,2019-02-28,2019-03-11,12,3.0
168090,191422,19/20,Knee injury,2020-05-28,2020-06-29,33,6.0
168090,191422,20/21,Ill,2020-12-07,2020-12-10,4,1.0
168090,191422,20/21,minor knock,2020-12-21,2020-12-24,4,1.0
168090,191422,21/22,Inner ligament stretch of the knee,2021-09-30,2021-11-18,50,8.0
168090,191422,21/22,Back problems,2022-01-17,2022-01-20,4,1.0
168090,191422,21/22,Shoulder injury,2022-04-11,2022-07-04,85,5.0
168090,191422,22/23,Shoulder injury,2022-08-22,2022-11-28,99,19.0
168090,191422,24/25,cold,2025-01-22,2025-01-28,7,2.0
168172,287167,16/17,Foot injury,2016-08-16,2017-01-01,139,
168172,287167,21/22,Ill,2021-08-17,2021-08-30,14,4.0
168172,287167,21/22,Knee injury,2021-12-25,2022-02-05,43,7.0
168172,287167,22/23,Hamstring injury,2023-04-30,2023-05-04,5,
168172,287167,23/24,Hamstring injury,2024-05-05,2024-09-01,120,3.0
168172,287167,24/25,Groin injury,2024-10-28,2024-11-11,15,3.0
168172,287167,25/26,Hamstring injury,2025-12-07,2026-01-28,53,5.0
168172,287167,25/26,Ankle surgery,2026-03-02,2026-04-30,60,7.0
168196,192611,19/20,Back injury,2019-08-02,2019-08-16,15,1.0
168196,192611,19/20,Knock,2019-08-25,2019-09-09,16,1.0
168196,192611,21/22,Inguinal hernia,2021-08-25,2022-02-28,188,26.0
168281,255906,14/15,Knee injury,2014-12-25,2015-01-31,38,6.0
168281,255906,16/17,Ankle injury,2016-09-12,2016-10-31,50,6.0
168281,255906,18/19,Hamstring injury,2018-08-05,2018-09-14,41,6.0
168281,255906,19/20,Torn thigh muscle,2019-08-24,2019-10-01,39,7.0
168281,255906,19/20,Hamstring injury,2020-02-29,2020-05-31,93,2.0
168281,255906,20/21,Ankle injury,2021-01-25,2021-03-07,42,10.0
168281,255906,21/22,Hamstring injury,2022-03-16,2022-04-01,17,3.0
168281,255906,22/23,Hamstring injury,2023-02-11,2023-04-08,57,9.0
168281,255906,22/23,Shoulder injury,2023-04-22,2023-06-05,45,6.0
168281,255906,23/24,unknown injury,2024-03-21,2024-03-31,11,2.0
168281,255906,24/25,Hamstring injury,2024-09-20,2024-10-16,27,6.0
168281,255906,25/26,Adductor pain,2026-04-19,2026-04-24,6,1.0
168281,255906,25/26,Adductor pain,2026-05-03,2026-05-11,9,1.0
168287,284727,18/19,Fitness,2018-08-22,2018-09-04,14,2.0
168287,284727,19/20,Muscle injury,2019-10-04,2019-10-18,15,1.0
168287,284727,19/20,Hamstring injury,2019-10-21,2019-11-27,38,7.0
168287,284727,20/21,Inner knee ligament tear,2020-10-19,2020-12-05,48,5.0
168287,284727,22/23,Ankle injury,2023-02-25,2023-04-07,42,3.0
168287,284727,22/23,Back problems,2023-06-28,2023-07-06,9,1.0
168287,284727,23/24,Injury to the ankle,2023-10-01,2023-12-31,92,13.0
168287,284727,23/24,Calf injury,2024-05-09,2024-05-28,20,3.0
168287,284727,24/25,Hamstring injury,2024-07-18,2024-07-23,6,1.0
168287,284727,24/25,muscular problems,2024-11-10,2025-01-01,53,5.0
168287,284727,24/25,Cruciate ligament injury,2025-04-17,2025-12-11,239,46.0
168287,284727,25/26,Head injury,2026-04-05,2026-04-09,5,1.0
168566,215679,19/20,Ill,2019-10-02,2019-10-04,3,1.0
168566,215679,19/20,Ill,2019-10-03,2019-10-04,2,1.0
168566,215679,19/20,Hamstring strain,2019-10-06,2019-11-08,34,5.0
168566,215679,19/20,Hamstring strain,2019-12-06,2019-12-19,14,4.0
168566,215679,19/20,unknown injury,2020-07-07,2020-07-10,4,1.0
168566,215679,20/21,Hamstring strain,2020-09-01,2020-11-07,68,8.0
168566,215679,20/21,Hamstring strain,2021-05-01,2021-05-10,10,1.0
168566,215679,21/22,Capsular injury,2021-09-11,2021-10-31,51,10.0
168566,215679,21/22,Fitness,2021-10-31,2021-11-05,6,1.0
168566,215679,21/22,Ligament injury,2021-12-03,2022-02-28,88,16.0
168566,215679,21/22,Fitness,2022-02-28,2022-03-15,16,3.0
168566,215679,22/23,Hamstring strain,2022-09-23,2022-10-06,14,2.0
168566,215679,22/23,Fever,2023-01-21,2023-01-23,3,1.0
168566,215679,23/24,Muscle injury,2024-05-13,2024-05-19,7,1.0
168566,215679,24/25,unknown injury,2025-02-13,2025-03-31,47,7.0
168580,246968,19/20,Knock,2020-06-07,2020-06-19,13,
168580,246968,20/21,Calf injury,2021-02-11,2021-02-12,2,
168580,246968,20/21,Knee injury,2021-02-13,2021-03-07,23,6.0
168580,246968,22/23,Knock,2023-01-14,2023-02-02,20,4.0
168580,246968,23/24,Ankle injury,2024-01-18,2024-03-01,44,8.0
168580,246968,23/24,muscular problems,2024-06-21,2024-06-29,9,1.0
168580,246968,24/25,Muscle injury,2024-09-27,2024-10-25,29,5.0
168580,246968,24/25,Muscle injury,2024-11-17,2024-12-04,18,3.0
168580,246968,24/25,Thigh problems,2024-12-21,2025-01-14,25,2.0
168580,246968,24/25,Hamstring injury,2025-05-18,2025-06-22,36,1.0
168580,246968,25/26,Adductor injury,2025-07-19,2025-09-11,55,3.0
168580,246968,25/26,Adductor pain,2025-09-20,2025-10-15,26,5.0
168636,251106,16/17,Groin injury,2016-09-05,2016-09-15,11,2.0
168636,251106,18/19,Groin injury,2018-05-14,2018-07-12,60,3.0
168636,251106,18/19,influenza,2019-01-21,2019-01-31,11,1.0
168636,251106,20/21,Hamstring injury,2020-12-31,2021-02-01,33,6.0
168636,251106,20/21,Corona virus,2021-04-01,2021-04-15,15,2.0
168636,251106,21/22,minor knock,2022-06-02,2022-06-16,15,3.0
168636,251106,22/23,Muscle injury,2022-09-22,2022-09-30,9,1.0
168636,251106,23/24,Cruciate ligament tear,2023-05-24,2023-12-20,211,29.0
168636,251106,23/24,Broken toe,2024-05-31,2024-09-09,102,12.0
168636,251106,24/25,Cruciate ligament tear,2025-01-08,2025-10-20,286,31.0
168636,251106,25/26,Rest,2025-10-31,2025-11-10,11,2.0
168636,251106,25/26,Muscle injury,2026-01-11,2026-01-21,11,1.0
168717,240457,25/26,heart problems,2025-10-17,2026-01-30,106,17.0
168763,341049,16/17,Knee injury,2017-04-13,2017-04-30,18,3.0
168763,341049,18/19,Groin injury,2018-08-02,2018-08-31,30,4.0
168763,341049,20/21,Fitness,2020-10-16,2020-11-04,20,6.0
168763,341049,20/21,Ankle sprain,2020-12-10,2020-12-21,12,4.0
168763,341049,21/22,Ankle injury,2021-08-19,2021-09-08,21,5.0
168763,341049,22/23,minor knock,2022-09-15,2022-10-06,22,5.0
168763,341049,22/23,minor knock,2023-01-15,2023-01-25,11,2.0
168763,341049,22/23,Knee problems,2023-04-09,2023-04-19,11,1.0
168763,341049,22/23,Knee surgery,2023-05-01,2023-07-24,85,13.0
168763,341049,23/24,Hamstring injury,2023-08-19,2023-09-30,43,8.0
168763,341049,25/26,Achilles tendon problems,2025-10-24,2026-06-30,250,44.0
168765,243589,18/19,Knee injury,2018-07-14,2018-08-23,41,2.0
168765,243589,18/19,Knee injury,2018-12-27,2019-01-27,32,6.0
168765,243589,18/19,Knee injury,2019-02-03,2019-04-14,71,13.0
168765,243589,19/20,Fitness,2019-08-09,2019-08-25,17,4.0
168765,243589,19/20,Ill,2019-12-30,2020-01-03,5,1.0
168765,243589,19/20,Knee surgery,2020-02-20,2020-04-27,68,4.0
168765,243589,19/20,Fitness,2020-04-28,2020-06-26,60,1.0
168765,243589,20/21,Knee injury,2020-10-03,2020-12-06,65,8.0
168765,243589,20/21,Fitness,2020-12-06,2021-01-01,27,4.0
168765,243589,21/22,Knock,2021-09-11,2021-09-16,6,1.0
168991,320411,17/18,Ankle surgery,2017-10-14,2018-01-13,92,15.0
168991,320411,18/19,Knock,2018-10-13,2018-10-19,7,1.0
168991,320411,18/19,Knee injury,2019-01-13,2019-02-01,20,4.0
168991,320411,18/19,Back injury,2019-03-28,2019-05-31,65,7.0
168991,320411,19/20,Back injury,2020-01-23,2020-01-31,9,1.0
168991,320411,19/20,Ankle injury,2020-06-06,2020-06-23,18,1.0
168991,320411,20/21,Groin injury,2021-03-03,2021-03-13,11,1.0
168991,320411,24/25,Back problems,2024-08-23,2024-09-02,11,3.0
168991,320411,24/25,Ill,2024-10-18,2024-10-31,14,2.0
168991,320411,25/26,Achilles tendon problems,2026-03-19,2026-04-21,34,4.0
169061,314140,22/23,unknown injury,2021-10-02,2021-12-02,62,
169102,182618,14/15,Hamstring injury,2015-01-14,2015-04-15,92,21.0
169102,182618,15/16,Ankle injury,2015-10-10,2015-11-16,38,9.0
169102,182618,16/17,Rest,2016-09-16,2016-09-18,3,1.0
169102,182618,17/18,Knee surgery,2017-05-25,2017-08-20,88,2.0
169102,182618,19/20,Ankle sprain,2019-10-26,2019-11-20,26,3.0
169102,182618,20/21,Fever,2020-11-17,2020-11-18,2,
169102,182618,21/22,Muscle injury,2021-09-12,2021-10-17,36,7.0
169102,182618,21/22,Adductor injury,2022-03-05,2022-03-18,14,2.0
169102,182618,23/24,Hamstring injury,2023-12-03,2024-01-03,32,3.0
169102,182618,24/25,Rest,2024-11-02,2024-11-04,3,1.0
169102,182618,24/25,bruise,2024-11-16,2024-12-30,45,9.0
169141,238639,17/18,Heel injury,2017-09-11,2017-10-21,41,6.0
169141,238639,22/23,Heel injury,2022-07-24,2022-09-11,50,7.0
169141,238639,22/23,Heel injury,2022-09-28,2022-10-28,31,4.0
169141,238639,24/25,Adductor pain,2025-02-04,2025-02-06,3,1.0
169141,238639,24/25,Ill,2025-02-08,2025-02-11,4,1.0
169141,238639,25/26,Inner ligament stretch of the knee,2025-10-14,2025-11-13,31,5.0
169141,238639,25/26,unknown injury,2026-04-30,2026-05-17,18,3.0
169141,238639,26/27,unknown injury,2026-07-31,,42,3.0
169187,314353,21/22,Hamstring injury,2021-06-03,2021-07-12,40,8.0
169187,314353,21/22,Ill,2021-09-18,2021-09-20,3,1.0
169187,314353,21/22,muscular problems,2021-09-27,2021-10-14,18,4.0
169187,314353,21/22,Corona virus,2022-01-03,2022-01-13,11,1.0
169187,314353,21/22,Hamstring injury,2022-03-17,2022-03-31,15,3.0
169187,314353,22/23,Ankle problems,2022-10-10,2022-10-15,6,1.0
169187,314353,23/24,Hamstring injury,2023-09-04,2023-09-29,26,6.0
169187,314353,23/24,Torn lateral knee ligament,2024-01-08,2024-01-28,21,3.0
169187,314353,23/24,Torn lateral knee ligament,2024-02-13,2024-04-08,56,14.0
169187,314353,24/25,Hamstring injury,2024-11-09,2024-11-25,17,3.0
169187,314353,24/25,Hamstring injury,2025-02-02,2025-02-11,10,2.0
169187,314353,24/25,Ankle injury,2025-03-12,2025-04-17,37,6.0
169187,314353,25/26,muscular problems,2025-07-07,2025-07-13,7,1.0
169187,314353,25/26,Hamstring injury,2025-09-16,2025-10-23,38,7.0
169187,314353,25/26,Muscle tear,2025-12-04,2026-02-02,61,14.0
169359,250478,17/18,Ankle problems,2017-09-19,2017-10-16,28,3.0
169359,250478,18/19,Head injury,2018-11-30,2018-12-04,5,1.0
169359,250478,18/19,Knee injury,2019-01-20,2019-01-29,10,
169359,250478,19/20,Hamstring injury,2019-08-29,2019-09-24,27,3.0
169359,250478,19/20,Muscle strain,2019-09-29,2019-10-04,6,
169359,250478,19/20,Hamstring injury,2019-12-31,2020-01-17,18,4.0
169359,250478,19/20,Muscle strain,2020-06-28,2020-07-11,14,2.0
169359,250478,20/21,Knock,2021-01-21,2021-01-22,2,
169359,250478,22/23,Dead leg,2022-08-06,2022-08-23,18,2.0
169359,250478,22/23,Heel injury,2022-12-30,2023-03-01,62,11.0
169359,250478,23/24,Hamstring injury,2023-11-01,2024-03-04,125,24.0
169359,250478,23/24,Achilles tendon problems,2024-03-18,2024-08-12,148,10.0
169359,250478,24/25,Skin disease,2024-09-16,2024-11-04,50,16.0
169359,250478,24/25,Ill,2025-04-01,2025-04-04,4,1.0
169359,250478,24/25,Hamstring injury,2025-04-21,2025-05-25,35,4.0
169432,298477,16/17,bruise,2017-01-26,2017-02-06,12,3.0
169432,298477,20/21,Shoulder injury,2020-12-14,2020-12-25,12,2.0
169432,298477,20/21,bruise,2020-12-28,2021-01-29,33,7.0
169432,298477,20/21,Metatarsal fracture,2021-04-12,2021-08-07,118,7.0
169432,298477,21/22,Dead leg,2022-03-12,2022-03-18,7,1.0
169432,298477,21/22,Foot injury,2022-04-15,2022-06-30,77,6.0
169432,298477,25/26,Calf injury,2025-10-19,2025-12-01,44,8.0
169527,268185,20/21,Hamstring strain,2020-09-01,2020-12-01,92,17.0
169527,268185,21/22,Hamstring injury,2021-11-24,2022-01-21,59,8.0
169527,268185,24/25,Ankle surgery,2025-05-10,2026-01-26,262,33.0
169528,349701,19/20,Groin injury,2020-01-31,2020-04-13,74,9.0
169528,349701,20/21,Ankle injury,2021-05-14,2021-05-24,11,3.0
169528,349701,21/22,Knee problems,2021-09-28,2021-10-02,5,1.0
169528,349701,21/22,Ill,2021-12-01,2021-12-05,5,1.0
169528,349701,21/22,Ill,2022-02-26,2022-03-02,5,1.0
169528,349701,21/22,Rest,2022-04-01,2022-04-03,3,1.0
169528,349701,22/23,Ankle injury,2022-09-03,2022-10-03,31,4.0
169528,349701,23/24,muscular problems,2023-09-10,2023-09-22,13,1.0
169528,349701,24/25,Knock,2025-04-25,2025-05-02,8,1.0
169528,349701,24/25,Knock,2025-05-05,2025-05-17,13,1.0
169528,349701,24/25,Knee surgery,2025-05-27,2025-08-23,89,9.0
169528,349701,25/26,Rest,2025-08-25,2025-08-29,5,1.0
169528,349701,25/26,Knee problems,2025-09-19,2025-09-22,4,1.0
169528,349701,25/26,Knee problems,2025-10-17,2025-12-12,57,11.0
169528,349701,25/26,Knock,2026-02-21,2026-02-28,8,1.0
169535,129592,20/21,Syndesmotic ligament tear,2021-01-20,2021-02-15,27,7.0
169535,129592,22/23,Adductor tear,2022-07-14,2022-10-03,82,15.0
169535,129592,22/23,Hamstring injury,2022-10-19,2022-10-31,13,3.0
169535,129592,23/24,Ill,2023-11-28,2023-12-01,4,1.0
169535,129592,23/24,Knee injury,2023-12-03,2023-12-08,6,2.0
169535,129592,23/24,Rest,2024-05-15,2024-05-27,13,2.0
169535,129592,25/26,Meniscus tear,2025-08-29,2026-04-18,233,32.0
169593,196722,16/17,Shoulder injury,2016-10-01,2017-01-01,93,13.0
169593,196722,22/23,Hip injury,2022-11-05,2022-11-07,3,1.0
169735,320220,25/26,Cruciate ligament strain,2025-09-06,2026-06-30,298,40.0
170154,251876,17/18,muscular problems,2017-09-06,2017-09-27,22,
170154,251876,17/18,concussion,2017-11-26,2017-12-01,6,1.0
170154,251876,18/19,Ankle problems,2018-11-24,2019-02-24,93,11.0
170154,251876,18/19,Stomach flu,2019-02-27,2019-03-04,6,1.0
170154,251876,19/20,Adductor injury,2019-09-23,2019-10-08,16,3.0
170154,251876,19/20,muscular problems,2020-06-22,2020-07-01,10,2.0
170154,251876,19/20,muscular problems,2020-07-07,2020-07-31,25,4.0
170154,251876,20/21,Muscle injury,2020-12-19,2021-01-14,27,5.0
170154,251876,21/22,Muscle injury,2021-09-20,2021-10-01,12,2.0
170154,251876,23/24,Meniscus tear,2024-01-15,2024-02-15,32,7.0
170154,251876,24/25,Muscle injury,2024-09-04,2024-09-18,15,2.0
171099,290017,17/18,Ankle sprain,2018-01-23,2018-04-14,82,9.0
171099,290017,23/24,Foot injury,2024-02-17,2024-02-23,7,1.0
171099,290017,24/25,Muscle fatigue,2024-09-23,2024-10-01,9,2.0
171099,290017,24/25,unknown injury,2025-05-21,2025-05-31,11,1.0
171099,290017,25/26,Heel spur,2025-11-27,2025-12-19,23,4.0
171099,290017,25/26,muscular problems,2026-01-24,2026-02-27,35,5.0
171101,182904,16/17,Knock,2017-02-23,2017-03-01,7,1.0
171101,182904,19/20,muscular problems,2019-11-22,2019-11-26,5,1.0
171101,182904,21/22,Patellar tendon problems,2021-08-07,2021-08-14,8,
171101,182904,21/22,Corona virus,2021-12-27,2022-01-01,6,
171101,182904,21/22,Stomach problems,2022-01-04,2022-01-07,4,1.0
171101,182904,21/22,Hamstring injury,2022-02-03,2022-02-26,24,5.0
171101,182904,22/23,Adductor injury,2022-08-10,2022-08-18,9,1.0
171101,182904,24/25,sprain,2024-10-20,2024-11-01,13,3.0
171101,182904,25/26,Inner ligament injury,2025-12-07,2026-01-23,48,7.0
171162,177862,16/17,Knee injury,2016-10-18,2016-11-18,32,3.0
171162,177862,16/17,Knee problems,2016-11-30,2017-01-23,55,6.0
171162,177862,18/19,Knee injury,2018-09-09,2019-05-01,235,31.0
171162,177862,19/20,Knee surgery,2019-08-23,2021-09-20,760,103.0
171162,177862,22/23,Muscle injury,2022-10-15,2022-12-01,48,8.0
171162,177862,22/23,Muscle injury,2022-12-08,2022-12-29,22,3.0
171273,258879,15/16,Knock,2016-02-22,2016-03-23,31,10.0
171273,258879,16/17,Groin injury,2016-07-19,2016-08-14,27,
171273,258879,18/19,Cartilage damage,2019-01-26,2019-03-22,56,8.0
171277,258886,17/18,Knee injury,2018-02-28,2018-05-04,66,7.0
171277,258886,17/18,Knock,2018-05-11,2018-05-14,4,1.0
171277,258886,18/19,Cartilage damage,2019-02-11,2019-06-30,140,17.0
171277,258886,21/22,Ankle injury,2022-02-13,2022-07-29,167,16.0
171277,258886,22/23,Ankle injury,2022-08-01,2022-10-19,80,9.0
171277,258886,23/24,Cruciate ligament injury,2023-10-31,2024-10-27,363,48.0
171277,258886,24/25,Knee problems,2025-03-28,2025-05-31,65,9.0
171287,256178,20/21,minor knock,2020-09-17,2020-09-26,10,2.0
171287,256178,20/21,Patellar tendon problems,2020-11-11,2021-06-30,232,51.0
171287,256178,21/22,Calf injury,2021-11-03,2021-12-05,33,9.0
171287,256178,21/22,Corona virus,2022-02-04,2022-02-11,8,2.0
171287,256178,21/22,Leg injury,2022-05-18,2022-05-25,8,1.0
171287,256178,22/23,Muscle injury,2023-02-21,2023-03-14,22,4.0
171287,256178,23/24,minor knock,2023-11-10,2023-11-22,13,3.0
171287,256178,23/24,Virus,2024-02-08,2024-02-13,6,1.0
171287,256178,24/25,Hamstring injury,2024-12-29,2025-02-07,41,10.0
171287,256178,24/25,Hamstring injury,2025-02-09,2025-05-15,96,16.0
171287,256178,25/26,Achilles tendon problems,2025-07-14,2025-08-14,32,1.0
171287,256178,25/26,Hamstring injury,2025-12-14,2026-01-02,20,3.0
171287,256178,25/26,Bruised knee,2026-01-25,2026-02-09,16,3.0
171287,256178,25/26,muscular problems,2026-04-15,2026-04-22,8,1.0
171287,256178,26/27,Muscle injury,2026-07-22,,51,4.0
171314,258004,17/18,Ankle injury,2018-03-19,2018-03-29,11,
171314,258004,21/22,Knock,2022-03-03,2022-04-11,40,9.0
171314,258004,21/22,Muscle injury,2022-05-09,2022-06-15,38,7.0
171314,258004,22/23,Hamstring injury,2022-12-22,2023-01-15,25,7.0
171314,258004,22/23,unknown injury,2023-05-22,2023-06-01,11,2.0
171314,258004,23/24,concussion,2023-08-07,2023-08-15,9,1.0
171314,258004,23/24,Ill,2023-12-25,2023-12-28,4,1.0
171314,258004,23/24,Ill,2024-04-26,2024-04-30,5,1.0
171314,258004,24/25,Calf injury,2024-10-30,2024-12-01,33,6.0
171314,258004,24/25,unknown injury,2024-12-20,2025-01-18,30,6.0
171314,258004,24/25,Hip injury,2025-01-24,2025-02-07,15,3.0
171314,258004,24/25,muscle stiffness,2025-02-13,2025-02-17,5,1.0
171314,258004,25/26,Hamstring injury,2026-01-04,2026-02-07,35,8.0
171314,258004,25/26,Hamstring injury,2026-03-18,2026-05-08,52,9.0
171314,258004,25/26,unknown injury,2026-06-16,2026-06-19,4,
171319,258027,23/24,Hamstring strain,2023-09-21,2023-11-04,45,8.0
171319,258027,23/24,Muscle fatigue,2023-11-23,2023-11-30,8,1.0
171319,258027,23/24,influenza,2023-12-23,2023-12-27,5,1.0
171319,258027,23/24,Ankle sprain,2024-01-04,2024-01-31,28,5.0
171319,258027,23/24,Muscle fatigue,2024-03-08,2024-03-29,22,3.0
171319,258027,23/24,Fever,2024-05-12,2024-05-27,16,3.0
171319,258027,24/25,Hamstring injury,2024-09-10,2024-10-13,34,5.0
171319,258027,24/25,Muscle injury,2024-11-20,2025-01-03,45,9.0
171319,258027,24/25,Muscle injury,2025-01-13,2025-03-02,49,12.0
171319,258027,24/25,Muscle injury,2025-04-03,2025-05-20,48,9.0
171319,258027,25/26,unknown injury,2025-10-05,2025-10-24,20,2.0
171319,258027,25/26,unknown injury,2025-10-29,2026-01-05,69,12.0
171319,258027,25/26,Rest,2026-03-07,2026-03-09,3,1.0
171319,258027,25/26,Rest,2026-03-14,2026-03-16,3,1.0
171319,258027,25/26,Ill,2026-05-01,2026-05-15,15,3.0
171422,277697,23/24,unknown injury,2024-03-14,2024-03-28,15,3.0
171422,277697,24/25,Knee injury,2024-09-16,2024-09-29,14,2.0
171422,277697,24/25,Broken leg,2024-11-09,2025-02-13,97,20.0
171771,243028,23/24,unknown injury,2023-09-10,2023-09-17,8,1.0
171771,243028,24/25,unknown injury,2024-11-15,2024-12-09,25,5.0
171771,243028,24/25,Muscle injury,2025-02-22,2025-03-08,15,1.0
171771,243028,24/25,Head injury,2025-03-08,2025-03-17,10,1.0
171771,243028,25/26,unknown injury,2025-11-09,2025-11-24,16,3.0
171982,241916,13/14,muscle stiffness,2014-04-14,2014-04-20,7,1.0
171982,241916,14/15,concussion,2014-07-28,2014-08-11,15,2.0
172246,238809,15/16,Head injury,2016-03-13,2016-03-21,9,1.0
172246,238809,15/16,Adductor pain,2016-04-23,2016-04-27,5,1.0
172246,238809,16/17,unknown injury,2016-07-22,2016-07-25,4,1.0
172246,238809,19/20,Ill,2020-03-12,2020-03-16,5,1.0
172246,238809,21/22,Ill,2021-09-16,2021-09-26,11,2.0
172246,238809,21/22,unknown injury,2021-10-23,2021-11-06,15,2.0
172246,238809,22/23,unknown injury,2023-01-15,2023-02-06,23,4.0
172246,238809,22/23,unknown injury,2023-04-16,2023-04-20,5,1.0
172246,238809,23/24,Ill,2023-10-05,2023-10-07,3,1.0
172246,238809,24/25,unknown injury,2025-02-09,2025-02-20,12,1.0
172246,238809,24/25,unknown injury,2025-03-15,2025-04-05,22,3.0
172246,238809,25/26,unknown injury,2025-08-31,2025-09-15,16,3.0
172246,238809,25/26,Calf strain,2025-09-26,2025-10-09,14,1.0
172246,238809,25/26,Fitness,2025-10-09,2025-10-14,6,2.0
172246,238809,25/26,Knee problems,2026-01-24,2026-01-29,6,1.0
172453,292139,15/16,Foot injury,2015-12-18,2016-06-01,167,27.0
172453,292139,24/25,Ankle injury,2025-01-06,2025-02-16,42,6.0
172453,292139,24/25,Ankle injury,2025-02-27,2025-05-16,79,12.0
172453,292139,25/26,Knee surgery,2025-10-06,2025-12-05,61,11.0
172453,292139,25/26,Ill,2025-12-19,2026-01-02,15,4.0
172453,292139,25/26,concussion,2026-03-27,2026-04-09,14,2.0
172453,292139,26/27,Thigh problems,2026-08-15,2026-08-27,13,1.0
172567,242606,19/20,Torn ankle ligaments,2019-11-23,2020-01-18,57,11.0
172567,242606,22/23,unknown injury,2022-10-23,2022-11-02,11,2.0
172567,242606,24/25,unknown injury,2024-08-23,2024-09-11,20,5.0
172567,242606,25/26,Cruciate ligament tear,2025-12-29,2026-10-01,277,30.0
172632,292417,16/17,Calf injury,2016-11-11,2016-11-16,6,1.0
172632,292417,18/19,Ankle injury,2018-09-25,2018-10-26,32,5.0
172632,292417,20/21,Ill,2020-09-25,2020-10-02,8,1.0
172632,292417,21/22,Ill,2021-12-15,2021-12-17,3,1.0
172632,292417,21/22,Hip injury,2022-02-08,2022-02-25,18,2.0
172632,292417,21/22,Ill,2022-03-03,2022-03-08,6,2.0
172632,292417,23/24,Shoulder injury,2024-05-10,2024-06-20,42,5.0
172632,292417,24/25,Muscle injury,2025-01-24,2025-02-03,11,2.0
172841,290532,20/21,Knock,2020-10-16,2020-10-30,15,2.0
172841,290532,26/27,unknown injury,2026-08-21,,21,4.0
172850,316125,21/22,Cruciate ligament tear,2021-11-22,2022-05-19,179,43.0
172850,316125,22/23,Hamstring injury,2022-11-03,2023-01-31,90,15.0
172850,316125,22/23,Hamstring injury,2023-05-06,2023-06-03,29,4.0
172850,316125,23/24,Hamstring injury,2023-09-27,2024-01-03,99,20.0
172850,316125,23/24,Fitness,2024-01-03,2024-01-08,6,1.0
172850,316125,23/24,Knee problems,2024-03-07,2024-03-15,9,1.0
172850,316125,23/24,Knee problems,2024-03-27,2024-04-08,13,3.0
172850,316125,23/24,Ill,2024-03-30,2024-04-05,7,2.0
172850,316125,23/24,Knee problems,2024-04-22,2024-05-14,23,5.0
172850,316125,24/25,Ill,2024-12-13,2024-12-20,8,2.0
172850,316125,25/26,Ill,2025-10-02,2025-10-04,3,1.0
172850,316125,25/26,Muscle injury,2025-10-25,2025-10-28,4,1.0
172850,316125,25/26,Ill,2026-02-23,2026-02-28,6,1.0
172850,316125,25/26,Hamstring injury,2026-03-16,2026-04-01,17,2.0
172850,316125,26/27,Knee injury,2026-08-20,2026-08-31,12,2.0
172912,287579,19/20,Muscle fatigue,2020-07-04,2020-07-07,4,1.0
172912,287579,20/21,Bruised back,2021-03-07,2021-03-21,15,1.0
172912,287579,21/22,Pubalgia,2021-07-14,2021-08-23,41,2.0
172912,287579,21/22,influenza,2022-03-17,2022-03-21,5,1.0
172912,287579,22/23,Back problems,2022-11-01,2022-11-05,5,1.0
172912,287579,22/23,Lumbago,2023-04-16,2023-04-21,6,2.0
172912,287579,22/23,Rest,2023-05-02,2023-05-05,4,1.0
172912,287579,22/23,Rest,2023-05-20,2023-05-22,3,1.0
172912,287579,23/24,unknown injury,2023-08-21,2023-09-20,31,6.0
172912,287579,24/25,Stomach flu,2024-11-27,2024-11-30,4,1.0
172912,287579,24/25,unknown injury,2025-04-11,2025-05-06,26,4.0
172912,287579,25/26,Muscle injury,2025-10-03,2025-10-07,5,1.0
172912,287579,25/26,Leg injury,2025-11-27,2025-12-19,23,12.0
172912,287579,25/26,Ankle surgery,2026-01-19,2026-03-11,52,10.0
172912,287579,25/26,Fitness,2026-05-19,2026-05-25,7,1.0
173268,226073,25/26,unknown injury,2026-05-03,2026-05-17,15,2.0
173271,238266,17/18,Fever,2018-02-09,2018-02-14,6,1.0
173271,238266,20/21,muscular problems,2021-02-12,2021-02-16,5,1.0
173271,238266,21/22,Corona virus,2021-07-28,2021-08-14,18,1.0
173271,238266,24/25,Muscle injury,2024-11-22,2024-11-27,6,1.0
173399,192167,19/20,Calf problems,2020-01-31,2020-02-06,7,1.0
173399,192167,20/21,Adductor pain,2020-12-06,2020-12-27,22,4.0
173399,192167,21/22,Corona virus,2022-01-14,2022-01-18,5,2.0
173399,192167,22/23,unknown injury,2022-10-06,2022-10-14,9,1.0
173399,192167,23/24,Torn muscle fiber,2023-12-13,2024-02-07,57,5.0
173399,192167,23/24,Hip injury,2024-05-15,2024-08-22,100,7.0
173514,295331,15/16,Facial fracture,2016-04-22,2016-08-26,127,7.0
173514,295331,16/17,Hamstring injury,2016-10-16,2016-12-03,49,5.0
173514,295331,16/17,Hamstring injury,2016-12-23,2017-02-04,44,7.0
173514,295331,17/18,Knee injury,2017-10-09,2017-12-23,76,11.0
173514,295331,18/19,Hamstring injury,2019-02-01,2019-02-26,26,4.0
173514,295331,18/19,Knee injury,2019-03-31,2019-04-14,15,2.0
173514,295331,19/20,Groin strain,2019-09-16,2019-11-01,47,7.0
173514,295331,19/20,Achilles tendon rupture,2020-06-08,2021-03-19,285,45.0
173514,295331,21/22,Stomach flu,2021-09-11,2021-10-23,43,6.0
173514,295331,21/22,muscular problems,2022-03-04,2022-03-20,17,3.0
173514,295331,21/22,inflammation,2022-05-01,2022-05-25,25,3.0
173514,295331,22/23,Fever,2023-04-01,2023-04-04,4,1.0
173514,295331,22/23,Hamstring injury,2023-04-23,2023-05-31,39,6.0
173514,295331,23/24,bruise,2023-12-03,2023-12-11,9,1.0
173514,295331,23/24,unknown injury,2024-05-22,2024-05-29,8,1.0
173515,295330,15/16,Hip bruise,2015-09-19,2015-09-28,10,2.0
173515,295330,17/18,Broken finger,2018-03-25,2018-03-29,5,1.0
173515,295330,19/20,Head injury,2020-02-23,2020-02-27,5,
173515,295330,22/23,Groin injury,2023-04-25,2023-05-18,24,3.0
173515,295330,25/26,Hamstring injury,2025-10-23,2025-11-26,35,6.0
173792,314295,16/17,Ill,2017-02-23,2017-03-09,15,4.0
173792,314295,17/18,Ankle problems,2017-08-03,2017-08-17,15,1.0
173792,314295,17/18,Ankle sprain,2018-01-01,2018-01-15,15,4.0
173792,314295,17/18,Torn muscle fiber,2018-03-12,2018-05-03,53,6.0
173792,314295,18/19,minor knock,2019-03-21,2019-04-04,15,2.0
173792,314295,19/20,Thigh problems,2019-10-21,2019-11-04,15,1.0
173792,314295,19/20,Dental surgery,2020-01-20,2020-02-06,18,2.0
173792,314295,21/22,Meniscus injury,2021-07-05,2021-08-19,46,2.0
173792,314295,21/22,muscular problems,2021-11-25,2021-12-09,15,2.0
173792,314295,22/23,Knee surgery,2022-07-04,2022-11-03,123,14.0
173792,314295,22/23,Calf problems,2023-01-01,2023-03-07,66,8.0
173792,314295,22/23,Fitness,2023-03-09,2023-03-16,8,1.0
173792,314295,22/23,muscular problems,2023-04-01,2023-06-30,91,9.0
173792,314295,23/24,muscular problems,2023-07-07,2024-06-30,360,35.0
173792,314295,24/25,Fitness,2024-07-01,,802,38.0
173807,314210,19/20,Ill,2020-01-30,2020-02-04,6,1.0
173807,314210,20/21,bruise,2020-10-28,2020-11-04,8,1.0
173807,314210,21/22,Knee injury,2021-11-19,2022-06-30,224,26.0
173807,314210,23/24,unknown injury,2023-10-05,2024-02-01,120,17.0
173807,314210,23/24,Hamstring injury,2024-03-15,2024-05-20,67,10.0
173807,314210,24/25,Hamstring injury,2024-07-15,2024-11-10,119,16.0
173809,314266,19/20,Cruciate ligament injury,2019-12-21,2020-10-15,300,31.0
173809,314266,21/22,unknown injury,2021-10-30,2021-11-24,26,6.0
173818,344009,21/22,Hamstring injury,2021-12-21,2022-04-01,102,16.0
173818,344009,23/24,Thigh problems,2023-09-29,2023-10-02,4,1.0
173818,344009,24/25,Hamstring injury,2025-04-18,2025-05-23,36,4.0
173821,296986,20/21,Ill,2020-12-30,2021-01-15,17,3.0
173821,296986,21/22,Torn thigh muscle,2022-03-07,2022-05-27,82,12.0
173821,296986,23/24,Calf injury,2023-08-10,2023-12-18,131,21.0
173879,331726,19/20,Ankle injury,2020-01-31,2020-01-31,1,
173879,331726,19/20,Knock,2020-02-02,2020-02-21,20,1.0
173879,331726,19/20,Ankle injury,2020-02-26,2020-06-06,102,3.0
173879,331726,20/21,Ankle injury,2021-02-21,2021-04-05,44,10.0
173879,331726,21/22,Bruise on ankle,2021-10-12,2021-10-17,6,
173879,331726,21/22,Ankle injury,2021-12-22,2022-01-05,15,
173879,331726,22/23,Shoulder injury,2022-09-04,2022-09-09,6,1.0
173879,331726,22/23,muscular problems,2023-01-29,2023-01-31,3,
173879,331726,22/23,Eye injury,2023-02-19,2023-02-23,5,
173879,331726,22/23,Shoulder injury,2023-04-13,2023-04-16,4,
173879,331726,22/23,Cruciate ligament injury,2023-06-05,2024-03-16,286,40.0
173879,331726,23/24,Rest,2024-03-30,2024-04-06,8,1.0
173879,331726,24/25,Injury to abdominal muscles,2024-07-17,2024-08-01,16,
173879,331726,24/25,Shoulder injury,2024-10-19,2024-11-01,14,2.0
173879,331726,24/25,Thigh problems,2025-05-01,2025-05-07,7,1.0
173904,341429,18/19,Hamstring injury,2018-11-06,2018-12-26,51,9.0
173904,341429,18/19,Knock,2019-05-05,2019-05-31,27,2.0
173904,341429,19/20,Ankle injury,2019-09-12,2019-09-17,6,1.0
173904,341429,21/22,Quarantine,2021-09-09,2021-09-17,9,3.0
173904,341429,23/24,Hamstring strain,2023-11-25,2023-12-10,16,3.0
173904,341429,23/24,Toe injury,2023-12-12,2024-01-14,34,5.0
173904,341429,23/24,Fitness,2024-01-14,2024-01-16,3,1.0
173904,341429,23/24,strain,2024-03-06,2024-03-18,13,2.0
173904,341429,24/25,Hamstring strain,2024-08-09,2024-09-05,28,4.0
173904,341429,24/25,concussion,2025-03-21,2025-03-28,8,1.0
173904,341429,25/26,Rest,2026-03-02,2026-03-04,3,1.0
173954,241481,14/15,Knee injury,2015-01-19,2015-01-29,11,2.0
173954,241481,15/16,Rest,2015-10-29,2015-10-29,1,
173954,241481,15/16,Knee problems,2015-11-09,2015-11-19,11,
173954,241481,15/16,Ankle surgery,2016-02-08,2016-04-21,74,10.0
173954,241481,16/17,Knee problems,2016-11-21,2016-11-24,4,
173954,241481,16/17,Knee injury,2017-04-10,2017-04-21,12,5.0
173954,241481,18/19,Knee injury,2018-09-26,2018-10-20,25,2.0
173954,241481,19/20,Groin injury,2019-12-18,2019-12-20,3,
173954,241481,19/20,Hamstring injury,2020-01-06,2020-01-10,5,
173954,241481,20/21,Knock,2020-09-13,2020-09-25,13,2.0
173954,241481,20/21,Knock,2020-10-25,2020-10-29,5,
173954,241481,23/24,unknown injury,2024-02-20,2024-04-10,51,6.0
173954,241481,24/25,Hamstring injury,2024-08-30,2024-12-02,95,12.0
173954,241481,25/26,Ill,2025-12-07,2025-12-10,4,1.0
173954,241481,25/26,Hamstring injury,2026-01-16,2026-02-19,35,7.0
174248,735674,25/26,Thigh problems,2025-08-01,2025-09-15,46,7.0
174254,242273,17/18,Cruciate ligament strain,2017-12-16,2017-12-27,12,2.0
174254,242273,22/23,Pubalgia,2023-04-03,2023-05-21,49,8.0
174254,242273,24/25,Knee injury,2025-01-05,2025-01-18,14,1.0
174254,242273,24/25,Dead leg,2025-03-31,2025-04-07,8,1.0
174254,242273,25/26,Calf injury,2026-01-25,2026-03-09,44,12.0
174292,296622,18/19,Fitness,2019-03-30,2019-03-31,2,
174292,296622,19/20,Cruciate ligament tear,2019-07-24,2020-03-29,250,45.0
174292,296622,20/21,Edema in the knee,2020-09-02,2020-09-28,27,4.0
174292,296622,20/21,inflammation,2020-10-06,2020-10-16,11,3.0
174292,296622,21/22,Knock,2021-10-02,2021-10-18,17,3.0
174292,296622,21/22,Corona virus,2021-12-16,2021-12-26,11,2.0
174292,296622,21/22,Muscle injury,2022-01-15,2022-02-01,18,3.0
174292,296622,21/22,minor knock,2022-05-10,2022-05-14,5,1.0
174292,296622,23/24,Foot injury,2023-09-09,2023-11-23,76,12.0
174292,296622,23/24,Muscle injury,2024-03-01,2024-03-28,28,4.0
174292,296622,25/26,muscular problems,2025-12-09,2025-12-13,5,1.0
174292,296622,25/26,unknown injury,2026-03-03,2026-03-06,4,1.0
174292,296622,25/26,Cruciate ligament strain,2026-04-05,2026-04-23,19,3.0
174292,296622,25/26,Knee problems,2026-05-12,2026-05-18,7,1.0
174292,296622,26/27,Hamstring strain,2026-08-22,,20,4.0
174310,319900,24/25,Cruciate ligament injury,2025-04-06,2026-02-23,324,47.0
174310,319900,25/26,Hip injury,2026-03-18,2026-06-30,105,9.0
174592,314367,16/17,Ankle injury,2016-10-15,2017-01-31,109,34.0
174592,314367,18/19,Ill,2018-11-26,2018-12-03,8,2.0
174592,314367,21/22,Corona virus,2021-12-27,2022-01-05,10,1.0
174592,314367,22/23,Ill,2023-04-15,2023-04-18,4,1.0
174592,314367,23/24,unknown injury,2024-03-16,2024-03-26,11,1.0
174592,314367,24/25,Muscle injury,2024-09-20,2024-10-27,38,7.0
174592,314367,24/25,minor knock,2024-11-08,2024-11-12,5,1.0
174592,314367,25/26,Knock,2026-02-27,2026-03-09,11,2.0
174593,314366,21/22,Thigh problems,2022-02-17,2022-06-01,105,14.0
174593,314366,23/24,Hamstring injury,2023-09-29,2023-11-13,46,10.0
174593,314366,23/24,Hamstring injury,2023-12-01,2024-09-15,290,41.0
174593,314366,24/25,unknown injury,2024-10-19,2025-01-27,101,17.0
174594,314288,19/20,concussion,2019-10-03,2019-10-10,8,1.0
174594,314288,21/22,Thigh problems,2021-08-09,2021-08-16,8,1.0
174594,314288,21/22,Ankle injury,2021-12-16,2022-02-28,75,8.0
174594,314288,22/23,Knee problems,2022-09-24,2022-10-06,13,1.0
174594,314288,22/23,Patellar tendon tear,2022-11-09,2023-02-01,85,5.0
174594,314288,22/23,Knee problems,2023-03-16,2023-06-01,78,10.0
174594,314288,23/24,Knee injury,2023-08-14,2023-12-31,140,18.0
174594,314288,23/24,Fitness,2024-01-01,2024-02-14,45,5.0
174594,314288,23/24,Hamstring injury,2024-03-26,2024-10-24,213,16.0
174594,314288,24/25,Fitness,2024-10-24,2024-10-30,7,2.0
174594,314288,24/25,Adductor pain,2025-02-07,2025-02-21,15,2.0
174594,314288,24/25,Adductor pain,2025-02-24,2025-03-18,23,4.0
174594,314288,25/26,Hamstring injury,2025-12-04,2025-12-25,22,3.0
174594,314288,25/26,Thigh problems,2026-01-30,2026-02-02,4,1.0
174595,314378,23/24,Hamstring injury,2023-09-06,2023-10-03,28,6.0
174595,314378,23/24,Hamstring injury,2023-11-20,2024-05-24,187,31.0
174595,314378,24/25,Groin injury,2024-12-08,2024-12-28,21,3.0
174874,260827,15/16,Ill,2016-04-29,2016-05-01,3,
174874,260827,16/17,Shoulder injury,2016-09-18,2016-10-20,33,6.0
174874,260827,18/19,unknown injury,2019-04-24,2019-05-26,33,4.0
174874,260827,20/21,Ankle ligament tear,2020-10-15,2020-11-01,18,2.0
174874,260827,21/22,Hamstring injury,2021-11-23,2021-12-13,21,4.0
174874,260827,22/23,Calf injury,2023-01-15,2023-02-15,32,4.0
174874,260827,24/25,Achilles tendon problems,2024-11-24,2024-12-19,26,4.0
174874,260827,25/26,Muscle injury,2025-10-19,2025-10-31,13,2.0
174874,260827,25/26,cold,2026-02-28,2026-03-03,4,1.0
174932,251845,22/23,Hamstring injury,2022-08-01,2022-09-05,36,7.0
174932,251845,22/23,Inner ligament injury,2023-04-02,2023-05-01,30,6.0
174932,251845,23/24,Knee injury,2023-09-17,2023-10-27,41,5.0
174932,251845,23/24,Muscle injury,2024-01-21,2024-02-04,15,2.0
174932,251845,24/25,Herniated disc,2025-05-21,2025-07-01,42,1.0
174932,251845,25/26,Cruciate ligament tear,2026-04-04,2026-11-01,212,12.0
175941,282823,23/24,Ankle injury,2023-08-03,2024-05-15,287,40.0
175941,282823,24/25,Muscle injury,2024-08-01,2024-11-25,117,18.0
176295,289845,17/18,Knock,2018-05-08,2018-05-14,7,1.0
176296,289846,20/21,Hamstring injury,2020-09-20,2021-01-30,133,23.0
176297,258923,19/20,Back injury,2020-01-16,2020-06-05,142,13.0
176297,258923,20/21,Shoulder injury,2020-11-08,2020-11-20,13,3.0
176297,258923,21/22,Shoulder injury,2021-07-14,2021-10-15,94,15.0
176297,258923,21/22,Dead leg,2022-01-13,2022-01-17,5,1.0
176297,258923,21/22,bronchitis,2022-05-04,2022-05-19,16,1.0
176297,258923,22/23,Muscle injury,2022-09-04,2022-09-19,16,2.0
176297,258923,22/23,unknown injury,2023-03-19,2023-03-31,13,2.0
176297,258923,22/23,Muscle injury,2023-04-08,2023-04-19,12,2.0
176297,258923,22/23,Leg injury,2023-05-11,2023-05-24,14,2.0
176297,258923,23/24,Ill,2023-12-11,2023-12-13,3,1.0
176297,258923,23/24,unknown injury,2024-04-22,2024-05-13,22,4.0
176297,258923,24/25,Ill,2025-01-04,2025-01-15,12,2.0
176297,258923,24/25,Hamstring injury,2025-04-23,2025-05-23,31,4.0
176297,258923,25/26,Fever,2025-11-21,2025-11-24,4,1.0
176297,258923,25/26,Knee bruise,2026-02-07,2026-02-22,16,2.0
176420,351755,14/15,Calf strain,2015-03-14,2015-04-25,43,4.0
177815,306024,20/21,Muscle injury,2021-01-02,2021-01-26,25,2.0
177815,306024,20/21,Hamstring injury,2021-02-11,2021-02-19,9,2.0
177815,306024,21/22,Broken toe,2021-08-28,2021-12-31,126,22.0
177815,306024,21/22,Hamstring injury,2022-04-12,2022-04-30,19,2.0
177815,306024,22/23,Knee injury,2022-08-04,2022-10-03,61,11.0
177815,306024,22/23,Hamstring injury,2022-11-05,2022-12-28,54,8.0
177815,306024,22/23,Hamstring injury,2023-02-04,2023-04-20,76,12.0
177815,306024,22/23,Hamstring injury,2023-05-20,2023-06-20,32,3.0
177815,306024,23/24,Fitness,2023-08-01,2023-08-18,18,1.0
177815,306024,23/24,Broken cheekbone,2023-08-20,2023-09-14,26,5.0
177815,306024,23/24,Ill,2024-04-25,2024-05-01,7,1.0
177815,306024,24/25,Ankle injury,2025-01-05,2025-01-14,10,1.0
177815,306024,24/25,Hamstring injury,2025-01-26,2025-05-05,100,15.0
177815,306024,25/26,Fitness,2025-08-15,2025-08-25,11,2.0
177815,306024,25/26,Ill,2026-02-08,2026-02-11,4,1.0
178186,314875,19/20,Knock,2020-07-23,2020-07-25,3,
178186,314875,21/22,Heel injury,2022-03-06,2022-03-22,17,4.0
178186,314875,23/24,Knee injury,2023-11-18,2023-12-01,14,3.0
178186,314875,23/24,Ankle problems,2024-01-07,2024-01-19,13,1.0
178186,314875,23/24,Hip injury,2024-04-08,2024-04-15,8,2.0
178186,314875,23/24,Knee injury,2024-04-19,2024-04-25,7,1.0
178186,314875,23/24,Tonsillitis,2024-05-16,2024-05-22,7,1.0
178186,314875,24/25,Foot injury,2024-12-29,2025-01-31,34,5.0
178301,324358,24/25,Muscle fatigue,2024-09-03,2024-09-11,9,2.0
178301,324358,24/25,Muscle injury,2025-02-02,2025-02-14,13,1.0
178301,324358,24/25,Knee problems,2025-03-12,2025-03-30,19,2.0
178301,324358,25/26,Muscle injury,2026-01-29,2026-02-06,9,1.0
178304,291422,18/19,Ankle injury,2018-08-30,2018-09-03,5,
178304,291422,19/20,Hamstring strain,2019-11-25,2019-12-02,8,
178304,291422,19/20,Knock,2019-12-09,2019-12-16,8,
178304,291422,20/21,Toe injury,2020-09-03,2020-11-23,82,10.0
178304,291422,20/21,Toe injury,2020-11-30,2020-12-14,15,1.0
178304,291422,20/21,Ankle injury,2021-01-07,2021-01-11,5,
178304,291422,20/21,Knock,2021-01-11,2021-01-28,18,2.0
178304,291422,21/22,Knock,2021-12-02,2022-01-24,54,5.0
178304,291422,21/22,sprain,2022-03-17,2022-05-02,47,6.0
178304,291422,21/22,Knock,2022-05-05,2022-05-26,22,4.0
178304,291422,22/23,Muscle injury,2022-09-08,2022-09-22,15,2.0
178304,291422,22/23,cold,2022-10-03,2022-10-05,3,
178304,291422,22/23,Fitness,2022-10-06,2022-10-10,5,1.0
178304,291422,22/23,Thigh problems,2023-04-10,2023-05-01,22,3.0
178304,291422,22/23,Achilles tendon rupture,2023-05-21,2023-10-31,164,12.0
178871,261504,21/22,Muscle injury,2022-01-27,2022-02-10,15,2.0
179268,284857,15/16,Foot injury,2015-11-29,2016-01-16,49,1.0
179268,284857,15/16,Broken nose bone,2016-02-23,2016-03-19,26,
179268,284857,17/18,Hamstring injury,2017-08-15,2017-08-27,13,1.0
179268,284857,22/23,Muscle injury,2023-04-25,2023-06-02,39,7.0
179268,284857,23/24,Ankle surgery,2023-12-15,2024-03-01,78,17.0
179268,284857,25/26,Hamstring injury,2025-12-27,2026-01-05,10,2.0
179268,284857,25/26,Hamstring injury,2026-02-10,2026-03-03,22,3.0
179276,257805,19/20,Ill,2019-10-28,2019-11-18,22,4.0
179276,257805,19/20,Corona virus,2020-06-17,2020-07-01,15,2.0
179276,257805,20/21,unknown injury,2020-10-14,2020-11-20,38,6.0
179276,257805,20/21,Muscle injury,2021-03-13,2021-05-09,58,9.0
179276,257805,21/22,Pelvic injury,2021-11-27,2022-02-04,70,10.0
179276,257805,22/23,Muscle injury,2022-09-13,2022-09-16,4,
179276,257805,22/23,Shoulder injury,2022-10-08,2022-12-31,85,8.0
179458,293281,17/18,Knee injury,2017-11-23,2018-01-18,57,8.0
179458,293281,17/18,Fitness,2018-01-19,2018-01-25,7,1.0
179458,293281,18/19,Foot bruise,2018-08-15,2018-09-02,19,3.0
179458,293281,18/19,Thigh problems,2018-09-15,2018-09-19,5,1.0
179458,293281,18/19,muscular problems,2018-11-11,2018-11-15,5,1.0
179458,293281,18/19,Knee problems,2018-12-10,2018-12-16,7,2.0
179458,293281,18/19,Inner ligament stretch of the knee,2018-12-22,2019-01-09,19,
179458,293281,19/20,Knee problems,2019-11-20,2019-12-08,19,4.0
179458,293281,19/20,muscular problems,2020-05-30,2020-06-08,10,1.0
179458,293281,20/21,Corona virus,2020-11-07,2020-11-20,14,5.0
179458,293281,20/21,Fitness,2020-11-21,2020-12-31,41,10.0
179458,293281,21/22,muscular problems,2021-11-16,2022-01-03,49,6.0
179458,293281,22/23,Groin surgery,2022-12-16,2023-05-04,140,18.0
179458,293281,24/25,Ill,2025-02-06,2025-02-19,14,2.0
179458,293281,25/26,Heel problems,2025-09-12,2025-09-22,11,2.0
179519,289592,18/19,Torn muscle fiber,2019-05-06,2019-05-31,26,2.0
179519,289592,19/20,Inner ligament stretch of the knee,2019-08-13,2019-08-26,14,2.0
179519,289592,20/21,Torn muscle fiber,2021-03-15,2021-07-01,109,9.0
179519,289592,21/22,Torn muscle bundle,2021-07-14,2021-09-07,56,4.0
179519,289592,21/22,Corona virus,2021-10-15,2021-10-19,5,1.0
179519,289592,21/22,Thigh problems,2022-02-26,2022-03-04,7,
179519,289592,22/23,Corona virus,2022-07-20,2022-07-26,7,
179519,289592,22/23,Muscle injury,2022-08-21,2022-10-01,42,7.0
179519,289592,23/24,Knock,2023-08-19,2023-08-27,9,1.0
179519,289592,23/24,Ill,2024-03-07,2024-03-29,23,2.0
179519,289592,23/24,Muscle injury,2024-04-06,2024-04-13,8,1.0
179519,289592,24/25,Cruciate ligament tear,2025-01-26,2025-11-29,308,35.0
179519,289592,25/26,Hamstring injury,2025-12-05,2025-12-15,11,3.0
179519,289592,25/26,unknown injury,2026-01-23,2026-03-02,39,8.0
179519,289592,25/26,Dead leg,2026-04-26,2026-05-11,16,2.0
179596,341993,17/18,Knock,2018-02-12,2018-02-18,7,1.0
179596,341993,24/25,Adductor injury,2025-01-02,2025-02-24,54,11.0
179620,314959,16/17,Foot injury,2016-09-03,2016-09-26,24,5.0
179620,314959,16/17,Hamstring injury,2017-02-24,2017-03-09,14,2.0
179620,314959,17/18,Thigh problems,2017-08-20,2017-10-13,55,9.0
179620,314959,17/18,Torn thigh muscle,2017-10-27,2017-12-31,66,12.0
179620,314959,17/18,surgery,2018-04-30,2018-10-01,155,15.0
179620,314959,18/19,Fitness,2018-10-02,2018-11-23,53,12.0
179620,314959,18/19,Broken tibia,2018-12-14,2019-05-05,143,19.0
179620,314959,19/20,Muscle injury,2019-08-08,2019-09-05,29,4.0
179620,314959,20/21,Hip injury,2020-08-05,2020-08-18,14,2.0
179620,314959,20/21,Partial muscle tear,2020-12-20,2021-02-22,65,12.0
179620,314959,20/21,Corona virus,2021-02-26,2021-05-30,94,15.0
179620,314959,22/23,Cruciate ligament tear,2022-07-13,2023-01-31,203,22.0
179829,339789,20/21,Ankle injury,2020-09-14,2020-09-16,3,1.0
179829,339789,20/21,Ankle injury,2020-10-01,2020-10-05,5,1.0
179829,339789,20/21,Ankle injury,2020-10-26,2020-11-26,32,6.0
179829,339789,21/22,Hamstring injury,2022-02-22,2022-04-08,46,8.0
179829,339789,22/23,unknown injury,2022-12-23,2023-02-06,46,8.0
179830,342048,19/20,Hamstring injury,2019-12-14,2020-01-10,28,5.0
179830,342048,20/21,Hamstring strain,2021-01-03,2021-02-15,44,8.0
179830,342048,22/23,Foot surgery,2023-02-25,2023-08-27,184,18.0
179830,342048,24/25,Shoulder injury,2024-09-29,2024-10-02,4,1.0
179830,342048,24/25,Calf injury,2024-11-15,2024-12-20,36,8.0
179830,342048,25/26,Hamstring injury,2025-12-07,2026-01-01,26,3.0
180151,293200,14/15,concussion,2014-08-24,2014-09-14,22,4.0
180151,293200,18/19,Bruise on the ankle joint,2019-06-24,2019-06-30,7,
180151,293200,20/21,Muscle injury,2020-08-08,2020-08-17,10,2.0
180151,293200,20/21,Inflammation in the knee,2021-05-01,2021-05-17,17,2.0
180151,293200,21/22,bruise,2021-07-24,2021-07-27,4,
180151,293200,21/22,Foot bruise,2021-08-14,2021-08-18,5,
180151,293200,22/23,Hamstring injury,2023-02-19,2023-03-16,26,4.0
180151,293200,23/24,Stomach flu,2023-09-18,2023-09-20,3,1.0
180151,293200,23/24,Head injury,2023-10-22,2023-11-01,11,1.0
180151,293200,23/24,unknown injury,2023-12-29,2024-01-04,7,
180151,293200,23/24,unknown injury,2024-02-20,2024-02-22,3,
180151,293200,23/24,Adductor injury,2024-05-09,2024-05-31,23,3.0
180151,293200,23/24,Muscle injury,2024-06-18,2024-09-27,102,11.0
180151,293200,24/25,muscular problems,2025-04-12,2025-04-25,14,2.0
180184,288255,18/19,Groin injury,2018-05-31,2018-07-02,33,1.0
180184,288255,19/20,Hamstring injury,2019-08-22,2019-09-23,33,6.0
180184,288255,20/21,Muscle injury,2021-03-01,2021-03-15,15,4.0
180184,288255,21/22,Groin injury,2021-06-07,2021-07-12,36,
180184,288255,21/22,Thigh problems,2022-03-31,2022-04-11,12,3.0
180184,288255,21/22,Thigh problems,2022-04-21,2022-05-16,26,5.0
180184,288255,22/23,Shingles,2022-09-03,2022-10-24,52,10.0
180184,288255,22/23,Knee collateral ligament strain,2023-01-03,2023-06-30,179,37.0
180184,288255,23/24,Heel problems,2024-05-03,2024-07-03,62,3.0
180184,288255,25/26,Achilles tendon rupture,2025-09-24,2026-05-01,220,29.0
180736,346314,17/18,Ankle injury,2017-07-10,2017-09-05,58,7.0
180736,346314,21/22,Hamstring injury,2021-12-03,2021-12-13,11,3.0
180736,346314,21/22,Hamstring injury,2022-01-03,2022-01-21,19,5.0
180736,346314,21/22,surgery,2022-02-27,2022-03-03,5,1.0
180736,346314,22/23,Fitness,2022-08-29,2022-08-31,3,1.0
180736,346314,22/23,Fitness,2023-02-25,2023-02-28,4,1.0
180736,346314,23/24,Thigh problems,2023-08-01,2024-01-10,163,26.0
180736,346314,23/24,Fitness,2024-01-10,2024-02-07,29,5.0
180736,346314,24/25,Abdominal muscle strain,2024-08-10,2024-09-27,49,8.0
180736,346314,24/25,Back injury,2025-02-22,2025-03-06,13,1.0
180736,346314,24/25,unknown injury,2025-02-23,2025-03-04,10,1.0
180736,346314,25/26,Ankle injury,2026-03-17,2026-04-17,32,5.0
180804,342046,18/19,Metatarsal fracture,2018-12-22,2019-03-29,98,17.0
180804,342046,19/20,Hip injury,2019-10-19,2019-11-23,36,7.0
180804,342046,19/20,Hamstring strain,2019-12-18,2020-03-05,79,18.0
180804,342046,20/21,Ankle injury,2020-06-18,2020-10-19,124,4.0
180804,342046,21/22,Lumbago,2022-02-03,2022-03-14,40,8.0
180804,342046,22/23,unknown injury,2022-07-13,2023-01-23,195,30.0
180804,342046,24/25,Thumb injury,2024-10-04,2024-11-04,32,6.0
180804,342046,24/25,Hamstring injury,2024-11-30,2025-01-18,50,9.0
180804,342046,24/25,Broken thumb,2025-03-04,2025-03-17,14,2.0
180804,342046,24/25,Thigh problems,2025-04-25,2025-04-28,4,1.0
180804,342046,25/26,muscular problems,2025-08-10,2025-08-25,16,4.0
180804,342046,25/26,Fitness,2025-08-25,2025-09-28,35,6.0
180804,342046,25/26,unknown injury,2025-11-30,2025-12-20,21,2.0
180804,342046,25/26,Achilles tendon problems,2026-02-06,2026-04-30,84,12.0
181284,225122,17/18,Foot injury,2017-11-27,2017-12-15,19,3.0
181284,225122,17/18,Hamstring injury,2018-01-28,2018-02-07,11,2.0
181284,225122,18/19,Adductor injury,2018-10-08,2018-11-02,26,6.0
181284,225122,18/19,Groin injury,2018-12-09,2019-02-01,55,11.0
181284,225122,19/20,Ankle sprain,2019-10-15,2020-02-03,112,23.0
181284,225122,22/23,unknown injury,2023-03-01,2023-03-05,5,1.0
181284,225122,22/23,Meniscus injury,2023-03-09,2023-04-10,33,6.0
181284,225122,24/25,Knee injury,2025-02-21,2025-03-08,16,3.0
181284,225122,26/27,surgery,2026-08-01,2026-08-24,24,1.0
182156,192565,21/22,Corona virus,2022-01-03,2022-01-13,11,1.0
182156,192565,21/22,Ill,2022-05-07,2022-05-09,3,1.0
182156,192565,22/23,Torn muscle fiber,2022-10-17,2022-11-03,18,5.0
182156,192565,22/23,Knee problems,2022-11-21,2022-11-22,2,
182156,192565,23/24,Knee problems,2024-02-27,2024-03-04,7,1.0
182156,192565,23/24,Pubic bone irritation,2024-04-04,2024-04-08,5,1.0
182156,192565,23/24,Pubic bone irritation,2024-04-10,2024-04-14,5,1.0
182156,192565,23/24,Inflammation of pubic bone,2024-04-18,2024-04-29,12,2.0
182156,192565,23/24,Rest,2024-05-09,2024-05-20,12,2.0
182156,192565,23/24,Inflammation of pubic bone,2024-05-21,2024-05-31,11,
182156,192565,23/24,Fitness,2024-06-01,2024-06-06,6,1.0
182156,192565,24/25,Groin surgery,2024-07-08,2024-08-18,42,1.0
182156,192565,24/25,Fitness,2024-08-04,2024-09-04,32,3.0
182156,192565,25/26,Rest,2026-01-12,2026-01-14,3,1.0
182156,192565,25/26,Torn lateral ankle ligament,2026-01-28,2026-02-14,18,4.0
182436,344015,19/20,Broken foot,2019-10-07,2020-03-01,147,36.0
182436,344015,21/22,Ill,2022-01-16,2022-01-25,10,2.0
182960,286415,19/20,muscular problems,2019-12-05,2019-12-09,5,1.0
182960,286415,19/20,Wrist fracture,2020-05-13,2020-07-04,53,3.0
182960,286415,20/21,Shoulder injury,2021-04-29,2021-08-27,121,8.0
182960,286415,22/23,Muscle injury,2022-07-27,2022-08-19,24,2.0
182960,286415,22/23,muscular problems,2023-01-21,2023-01-29,9,1.0
182960,286415,23/24,Dead leg,2023-10-22,2023-10-30,9,1.0
182960,286415,23/24,Calf problems,2024-02-17,2024-02-20,4,1.0
182960,286415,24/25,Bone edema,2024-10-10,2024-10-31,22,4.0
182960,286415,25/26,Muscle tear,2025-11-02,2025-12-01,30,6.0
183487,337321,19/20,Hamstring injury,2020-03-07,2020-05-31,86,
183751,322702,18/19,Meniscus injury,2019-03-18,2019-05-03,47,7.0
183751,322702,19/20,Foot injury,2020-02-26,2020-03-02,6,1.0
183751,322702,20/21,Muscle tear,2020-09-25,2020-11-16,53,8.0
183751,322702,20/21,Knock,2021-03-21,2021-04-08,19,1.0
183751,322702,21/22,Knee injury,2022-01-25,2022-03-05,40,6.0
183751,322702,22/23,unknown injury,2023-02-04,2023-03-13,38,10.0
183751,322702,23/24,Ankle injury,2023-09-28,2023-12-15,79,12.0
183751,322702,23/24,Knock,2023-12-22,2024-01-11,21,4.0
183751,322702,24/25,Achilles tendon problems,2024-03-27,2024-06-30,96,1.0
183751,322702,24/25,Achilles tendon problems,2024-08-18,2024-12-10,115,23.0
183751,322702,25/26,Hamstring strain,2026-05-06,2026-07-01,57,7.0
183751,322702,26/27,Achilles tendon problems,2026-07-01,2026-08-03,34,
183751,322702,26/27,Cruciate ligament tear,2026-08-17,2027-07-01,319,3.0
184029,316264,20/21,Calf injury,2020-10-16,2020-11-06,22,6.0
184029,316264,20/21,Muscle injury,2020-12-07,2020-12-20,14,3.0
184029,316264,20/21,Knock,2021-01-16,2021-01-29,14,2.0
184029,316264,20/21,Ankle injury,2021-04-05,2021-04-20,16,4.0
184029,316264,22/23,Calf injury,2022-09-08,2022-09-21,14,1.0
184029,316264,23/24,Hip injury,2023-11-03,2023-11-22,20,5.0
184029,316264,24/25,Ankle sprain,2024-09-09,2024-11-04,57,14.0
184029,316264,24/25,Ill,2025-01-24,2025-01-28,5,1.0
184029,316264,25/26,Shoulder injury,2025-09-13,2025-09-25,13,3.0
184029,316264,25/26,Knee injury,2025-10-04,2025-11-25,53,12.0
184029,316264,25/26,Muscle injury,2026-02-01,2026-02-10,10,2.0
184029,316264,25/26,Knock,2026-02-13,2026-02-20,8,2.0
184029,316264,25/26,Knee problems,2026-02-23,2026-03-31,37,8.0
184029,316264,25/26,Muscle injury,2026-04-08,2026-04-17,10,2.0
184029,316264,25/26,Knee problems,2026-04-29,2026-05-04,6,1.0
184254,286047,18/19,Finger injury,2018-07-23,2018-08-31,40,2.0
184254,286047,22/23,Chest injury,2023-03-03,2023-04-29,58,9.0
184254,286047,23/24,Fever,2023-11-15,2023-11-19,5,1.0
184254,286047,24/25,Ankle surgery,2024-11-25,2025-02-10,78,21.0
184254,286047,24/25,unknown injury,2025-05-28,2025-07-01,35,2.0
184254,286047,25/26,surgery,2026-03-23,2026-05-19,58,5.0
184386,324223,20/21,Knee injury,2020-09-20,2020-11-02,44,8.0
184386,324223,23/24,Hamstring strain,2023-12-23,2024-02-20,60,12.0
184386,324223,24/25,Thigh problems,2025-03-07,2025-04-02,27,2.0
184667,184573,18/19,Groin strain,2018-11-25,2018-12-15,21,5.0
184667,184573,19/20,Back injury,2019-11-03,2019-11-09,7,1.0
184667,184573,19/20,Ill,2020-01-20,2020-01-25,6,1.0
184667,184573,19/20,Back injury,2020-07-05,2020-07-08,4,
184667,184573,20/21,Back injury,2020-12-27,2021-01-06,11,2.0
184667,184573,21/22,heart problems,2021-12-11,2021-12-21,11,
184667,184573,21/22,Corona virus,2021-12-26,2022-01-05,11,3.0
184667,184573,21/22,Ill,2022-01-31,2022-02-07,8,1.0
184667,184573,22/23,Back problems,2022-08-07,2022-08-31,25,4.0
184667,184573,23/24,Groin injury,2023-12-07,2024-02-02,58,11.0
184667,184573,23/24,Hamstring injury,2024-03-30,2024-05-22,54,10.0
184667,184573,24/25,Toe injury,2024-08-04,2024-09-14,42,6.0
184667,184573,24/25,unknown injury,2024-11-17,2024-12-09,23,6.0
184667,184573,24/25,unknown injury,2024-12-20,2025-01-25,37,8.0
184667,184573,25/26,Rest,2026-03-20,2026-03-23,4,1.0
184754,292246,19/20,Eye injury,2019-09-21,2019-09-27,7,2.0
184754,292246,19/20,Thigh problems,2019-12-13,2020-01-14,33,3.0
184754,292246,19/20,Torn muscle fiber,2020-03-05,2020-05-28,85,1.0
184754,292246,20/21,Corona virus,2020-11-18,2020-12-30,43,10.0
184754,292246,21/22,Hamstring injury,2021-12-19,2022-02-06,50,10.0
184754,292246,22/23,Adductor pain,2022-09-30,2022-10-06,7,1.0
184754,292246,22/23,Hamstring injury,2022-11-14,2022-11-21,8,
184754,292246,22/23,Hamstring injury,2023-02-05,2023-03-08,32,5.0
184754,292246,23/24,Hamstring injury,2023-08-26,2023-09-03,9,1.0
184754,292246,23/24,unknown injury,2024-01-10,2024-01-22,13,3.0
184754,292246,23/24,unknown injury,2024-02-28,2024-04-10,43,8.0
184754,292246,24/25,Ankle injury,2024-10-10,2024-11-22,44,7.0
184754,292246,24/25,Hamstring injury,2025-02-09,2025-02-27,19,3.0
184754,292246,25/26,Calf problems,2025-10-17,2025-10-20,4,1.0
184754,292246,25/26,Calf injury,2026-02-08,2026-02-28,21,5.0
185253,330085,20/21,Corona virus,2020-11-20,2020-11-28,9,2.0
185253,330085,22/23,Knee injury,2023-04-06,2023-05-08,33,5.0
185253,330085,23/24,unknown injury,2023-11-24,2024-01-01,39,6.0
185253,330085,24/25,Knee problems,2024-11-17,2024-11-25,9,2.0
185253,330085,25/26,Inflammation of ligaments in the knee,2026-05-06,2026-07-28,84,9.0
185253,330085,26/27,Hamstring injury,2026-08-07,2026-08-29,23,6.0
185478,327755,17/18,unknown injury,2017-11-22,2017-12-04,13,3.0
185478,327755,18/19,unknown injury,2018-12-06,2018-12-09,4,1.0
185478,327755,18/19,unknown injury,2018-12-18,2019-02-01,46,3.0
189627,295630,20/21,Torn muscle fiber in the adductor area,2020-11-06,2020-11-30,25,7.0
189627,295630,22/23,unknown injury,2022-08-07,2022-10-16,71,16.0
189627,295630,22/23,Ill,2023-06-14,2023-06-17,4,1.0
189627,295630,23/24,Facial injury,2023-12-23,2024-01-08,17,3.0
189627,295630,23/24,Hamstring injury,2024-03-12,2024-04-29,49,10.0
189627,295630,24/25,Adductor injury,2024-11-23,2024-12-09,17,3.0
189627,295630,25/26,Hamstring injury,2025-08-30,2025-09-22,24,4.0
189627,295630,25/26,Muscle injury,2025-11-14,2025-11-20,7,2.0
189627,295630,25/26,Torn muscle fiber,2026-01-30,2026-02-12,14,2.0
189627,295630,25/26,Achilles heel problems,2026-02-27,2026-03-05,7,1.0
189627,295630,25/26,Hamstring injury,2026-05-10,2026-05-31,22,1.0
189627,295630,25/26,unknown injury,2026-06-03,2026-08-01,60,
189776,289510,16/17,unknown injury,2016-09-29,2016-10-16,18,3.0
189776,289510,17/18,muscular problems,2018-03-26,2018-04-07,13,1.0
189776,289510,19/20,Tendon rupture,2020-08-17,2020-10-01,46,7.0
189776,289510,23/24,unknown injury,2023-10-08,2024-02-25,141,22.0
189776,289510,23/24,unknown injury,2024-04-21,2024-05-27,37,5.0
189776,289510,25/26,stroke,2025-03-22,2025-11-21,245,21.0
191769,273773,16/17,Knee injury,2016-09-29,2017-01-29,123,19.0
191866,328658,18/19,Virus,2018-09-18,2018-09-22,5,1.0
191866,328658,18/19,Hamstring injury,2018-09-22,2018-10-27,36,8.0
191866,328658,18/19,Eyebow fracture,2018-11-11,2018-12-15,35,7.0
191866,328658,19/20,Knee problems,2019-08-29,2019-09-12,15,3.0
191866,328658,19/20,Virus,2020-01-25,2020-01-29,5,1.0
191866,328658,20/21,Groin injury,2020-10-29,2020-11-07,10,2.0
191866,328658,20/21,Quarantine,2021-01-09,2021-01-19,11,2.0
191866,328658,21/22,Hamstring injury,2022-07-09,2022-08-31,54,6.0
191866,328658,23/24,Foot injury,2023-12-02,2024-01-16,46,7.0
191866,328658,23/24,Calf strain,2024-04-06,2024-04-20,15,1.0
191866,328658,24/25,Ankle injury,2024-08-31,2024-09-14,15,2.0
191866,328658,24/25,Foot injury,2024-10-19,2024-12-07,50,9.0
191866,328658,24/25,Ankle injury,2024-12-21,2025-01-25,36,6.0
191866,328658,25/26,Back problems,2025-11-07,2025-11-12,6,1.0
192290,214666,20/21,Groin injury,2021-06-26,2021-10-04,101,15.0
192290,214666,21/22,infection,2021-12-08,2022-01-09,33,4.0
192290,214666,25/26,Groin injury,2025-06-10,2025-09-14,97,2.0
192290,214666,25/26,Achilles tendon problems,2025-09-13,2026-05-08,238,6.0
192301,245034,15/16,Broken nose bone,2016-03-17,2016-03-31,15,4.0
192301,245034,15/16,Foot injury,2016-04-25,2016-04-25,1,
192301,245034,16/17,Cruciate ligament injury,2017-03-23,2018-03-10,353,56.0
192301,245034,18/19,Knock,2019-03-03,2019-03-08,6,
192301,245034,20/21,Adductor injury,2021-02-20,2021-02-27,8,1.0
192301,245034,22/23,cold,2022-10-26,2022-10-28,3,1.0
192301,245034,23/24,Ill,2023-12-02,2023-12-04,3,1.0
192301,245034,24/25,Forearm fracture,2024-09-28,2024-11-26,60,14.0
193195,347619,17/18,Knock,2018-02-15,2018-02-22,8,1.0
193195,347619,19/20,Knee injury,2020-03-07,2020-03-23,17,
193195,347619,20/21,Quarantine,2020-11-21,2020-12-05,15,2.0
193195,347619,20/21,Ill,2021-02-18,2021-02-23,6,1.0
193195,347619,23/24,Ill,2023-10-27,2023-10-29,3,1.0
193195,347619,23/24,Achilles heel problems,2023-12-23,2023-12-26,4,1.0
193195,347619,23/24,Ankle injury,2024-02-17,2024-04-01,45,7.0
193195,347619,24/25,Back injury,2024-04-09,2024-05-01,23,4.0
193645,328784,17/18,cold,2017-09-14,2017-09-18,5,1.0
193645,328784,18/19,Knee medial ligament tear,2019-02-12,2019-03-20,37,5.0
193645,328784,19/20,cold,2020-02-28,2020-03-06,8,1.0
193645,328784,19/20,Back injury,2020-06-16,2020-06-26,11,1.0
193645,328784,20/21,Knee injury,2020-12-05,2021-03-09,95,17.0
193645,328784,21/22,Pubic bone bruise,2021-08-19,2021-11-28,102,22.0
193645,328784,21/22,Ill,2021-11-29,2021-12-17,19,4.0
193645,328784,21/22,Corona virus,2022-03-21,2022-03-28,8,1.0
193645,328784,23/24,Calf injury,2023-11-08,2023-12-01,24,6.0
193645,328784,24/25,Hip problems,2024-10-07,2024-10-18,12,2.0
193645,328784,24/25,Calf problems,2024-12-04,2024-12-06,3,
193645,328784,24/25,Shoulder injury,2025-02-03,2025-02-24,22,3.0
193645,328784,24/25,concussion,2025-03-02,2025-03-07,6,1.0
193645,328784,24/25,infection,2025-03-08,2025-03-11,4,1.0
193645,328784,25/26,Ill,2026-02-19,2026-02-25,7,1.0
194010,701057,25/26,Ankle injury,2026-02-27,2026-03-16,18,5.0
194164,348623,17/18,Ankle injury,2018-03-20,2018-05-13,55,6.0
194164,348623,18/19,Calf injury,2018-07-24,2018-08-10,18,
194164,348623,19/20,Calf injury,2020-07-07,2020-07-15,9,2.0
194164,348623,20/21,Ankle injury,2020-09-18,2020-11-06,50,8.0
194164,348623,22/23,Knee injury,2022-08-27,2022-10-16,51,6.0
194190,298091,20/21,Corona virus,2020-11-28,2020-12-12,15,4.0
194190,298091,21/22,Cruciate ligament tear,2021-11-15,2022-10-20,340,42.0
194190,298091,22/23,Hip problems,2023-02-02,2023-02-04,3,
194190,298091,22/23,Ankle injury,2023-03-27,2023-04-01,6,1.0
194190,298091,23/24,Ill,2023-12-13,2023-12-18,6,1.0
194190,298091,24/25,Achilles tendon rupture,2024-12-26,2026-04-07,468,83.0
194794,303254,19/20,Hip problems,2019-12-09,2019-12-21,13,2.0
194794,303254,19/20,Knock,2020-06-19,2020-07-13,25,7.0
194794,303254,21/22,Hip problems,2021-11-19,2021-11-29,11,3.0
194794,303254,21/22,Corona virus,2022-01-05,2022-01-10,6,2.0
194794,303254,21/22,Meniscus injury,2022-01-13,2022-02-04,23,2.0
194794,303254,22/23,Hip injury,2023-01-24,2023-02-17,25,4.0
194794,303254,23/24,Hamstring muscle injury,2023-12-23,2024-02-26,66,13.0
195384,338424,16/17,Inflammation in the knee,2016-09-05,2016-09-12,8,1.0
195384,338424,16/17,Ill,2016-11-28,2016-12-05,8,1.0
195384,338424,17/18,Back injury,2017-10-29,2017-11-24,27,5.0
195384,338424,17/18,Knee injury,2018-04-23,2018-05-05,13,1.0
195384,338424,18/19,Groin injury,2018-09-30,2018-11-22,54,10.0
195384,338424,19/20,muscular problems,2020-01-30,2020-02-05,7,1.0
195384,338424,20/21,Knee injury,2021-04-01,2021-06-01,62,10.0
195384,338424,21/22,Hamstring injury,2021-11-26,2021-12-17,22,6.0
195384,338424,22/23,Hamstring injury,2023-01-18,2023-02-12,26,4.0
195384,338424,23/24,Calf injury,2023-08-11,2023-08-24,14,2.0
195384,338424,24/25,Shoulder injury,2024-08-30,2024-10-01,33,8.0
195384,338424,24/25,Knee injury,2024-11-28,2024-12-02,5,1.0
195384,338424,24/25,Knock,2025-01-24,2025-01-28,5,1.0
195384,338424,24/25,unknown injury,2025-04-21,2025-04-28,8,1.0
195384,338424,25/26,Foot surgery,2026-01-30,2026-05-24,115,28.0
195473,406560,17/18,Broken foot,2017-07-05,2017-08-02,29,
195473,406560,17/18,Ankle surgery,2018-01-12,2019-03-28,441,41.0
195473,406560,19/20,Ankle injury,2019-11-20,2020-01-04,46,18.0
195473,406560,20/21,bruise,2020-11-15,2020-11-21,7,1.0
195473,406560,21/22,Hamstring injury,2022-01-29,2022-06-30,153,28.0
195473,406560,22/23,Hamstring injury,2022-10-29,2023-09-28,335,42.0
195473,406560,23/24,Hamstring injury,2023-11-04,2023-12-24,51,7.0
195473,406560,23/24,Hamstring injury,2024-03-04,2024-04-29,57,9.0
195473,406560,24/25,Thigh problems,2024-11-02,2024-12-09,38,5.0
195473,406560,25/26,Fitness,2025-08-01,2025-08-18,18,3.0
195473,406560,25/26,Groin strain,2025-09-11,2025-10-03,23,4.0
195473,406560,25/26,Knee surgery,2026-03-22,2026-08-11,143,8.0
195480,453824,18/19,Torn knee ligaments,2019-04-21,2019-05-31,41,5.0
195480,453824,19/20,Calf strain,2019-12-19,2020-01-01,14,1.0
195480,453824,21/22,Back injury,2021-08-01,2021-12-13,135,18.0
195480,453824,23/24,Torn ankle ligaments,2023-12-11,2024-04-07,119,23.0
195480,453824,24/25,Calf injury,2025-01-05,2025-06-30,177,21.0
195728,337333,17/18,Muscle injury,2018-04-30,2018-05-31,32,4.0
195728,337333,20/21,Quarantine,2020-09-05,2020-09-09,5,1.0
195728,337333,20/21,Hip injury,2021-03-18,2021-04-08,22,4.0
195728,337333,22/23,Herniated disc,2023-01-09,2023-01-28,20,2.0
195728,337333,23/24,Knock,2023-10-07,2023-10-19,13,2.0
195851,315969,20/21,Knock,2021-02-18,2021-02-26,9,2.0
195851,315969,21/22,Groin injury,2021-08-26,2021-09-16,22,6.0
195851,315969,21/22,Ill,2022-02-22,2022-03-02,9,2.0
195851,315969,21/22,Foot injury,2022-04-06,2022-04-18,13,2.0
195851,315969,22/23,unknown injury,2023-01-27,2023-02-18,23,6.0
195851,315969,22/23,unknown injury,2023-04-09,2023-05-11,33,8.0
195851,315969,23/24,Knee injury,2024-04-05,2024-06-13,70,4.0
195851,315969,24/25,flu,2025-03-29,2025-04-02,5,1.0
195851,315969,24/25,Knee problems,2025-06-08,2025-06-14,7,1.0
195851,315969,25/26,Muscle fatigue,2025-07-22,2025-08-04,14,
195851,315969,25/26,Ankle problems,2025-10-17,2025-10-19,3,1.0
195851,315969,25/26,Calf problems,2026-02-07,2026-03-04,26,4.0
195851,315969,25/26,Tendonitis,2026-02-09,2026-03-09,29,5.0
195851,315969,26/27,heart problems,2026-09-01,2026-10-01,31,2.0
195855,399369,18/19,Ankle injury,2018-07-09,2018-10-22,106,11.0
195855,399369,21/22,Knee injury,2021-11-25,2022-01-24,61,6.0
195855,399369,21/22,Cruciate ligament injury,2022-03-20,2023-05-31,438,59.0
195855,399369,23/24,Hamstring injury,2023-08-10,2023-09-11,33,7.0
195855,399369,24/25,Leg injury,2024-07-29,2024-09-13,47,7.0
195855,399369,24/25,Ill,2024-10-21,2024-10-31,11,3.0
195855,399369,24/25,Knee problems,2024-12-06,2024-12-27,22,5.0
195855,399369,25/26,Knee problems,2025-07-17,2025-08-11,26,4.0
195855,399369,25/26,Hamstring injury,2025-11-03,2025-12-15,43,6.0
195855,399369,25/26,Knee problems,2026-02-15,2026-03-02,16,1.0
195864,387331,19/20,Knee injury,2019-10-23,2020-02-23,124,20.0
195864,387331,20/21,Knee injury,2020-10-22,2021-01-15,86,13.0
195864,387331,21/22,Knee surgery,2021-07-23,2021-11-04,105,20.0
195864,387331,24/25,Ankle injury,2025-02-23,2025-04-01,38,5.0
195899,315867,18/19,Knee injury,2018-11-30,2019-01-20,52,6.0
195899,315867,20/21,Muscle fatigue,2021-05-12,2021-05-22,11,1.0
195899,315867,21/22,unknown injury,2022-01-05,2022-01-09,5,1.0
195899,315867,22/23,Ill,2022-08-29,2022-09-07,10,2.0
195899,315867,22/23,unknown injury,2022-11-14,2022-12-27,44,3.0
195899,315867,22/23,Knee injury,2023-01-20,2023-02-19,31,4.0
195899,315867,22/23,Meniscus injury,2023-04-01,2023-04-18,18,5.0
195899,315867,22/23,Knee surgery,2023-04-18,2023-07-09,83,14.0
195899,315867,23/24,Hamstring injury,2023-09-17,2023-10-04,18,4.0
195899,315867,23/24,Adductor injury,2023-12-03,2023-12-22,20,4.0
195899,315867,24/25,Cruciate ligament tear,2024-08-04,2025-01-27,177,38.0
195899,315867,24/25,Hamstring injury,2025-02-02,2025-07-16,165,22.0
195899,315867,25/26,Inflammation in the knee,2025-09-01,2025-10-13,43,8.0
195899,315867,25/26,muscular problems,2026-01-06,2026-01-09,4,1.0
195899,315867,25/26,Adductor injury,2026-03-21,2026-04-09,20,2.0
196100,322985,19/20,Thigh problems,2019-10-05,2019-10-18,14,
196411,349503,24/25,Knee injury,2025-01-03,2025-03-01,58,10.0
196411,349503,24/25,Fitness,2025-03-01,2025-03-17,17,3.0
197024,342385,19/20,muscular problems,2020-02-18,2020-02-24,7,1.0
197024,342385,20/21,muscular problems,2021-01-22,2021-02-01,11,2.0
197024,342385,23/24,Ankle injury,2023-12-09,2024-03-11,94,15.0
197365,286384,19/20,Neck injury,2020-07-20,2020-07-25,6,1.0
197365,286384,20/21,Muscle injury,2020-10-18,2020-12-01,45,11.0
197365,286384,20/21,Knock,2021-01-21,2021-01-29,9,2.0
197365,286384,20/21,Knock,2021-02-03,2021-02-13,11,2.0
197365,286384,20/21,Knock,2021-03-17,2021-03-25,9,2.0
197365,286384,20/21,Corona virus,2021-03-31,2021-04-20,21,5.0
197365,286384,21/22,Ankle injury,2022-02-03,2022-02-16,14,4.0
197365,286384,22/23,Thigh problems,2022-09-14,2022-09-29,16,3.0
197365,286384,22/23,Dead leg,2022-10-21,2022-12-22,63,7.0
197365,286384,23/24,Shoulder injury,2023-10-08,2023-10-29,22,4.0
197365,286384,23/24,Neck injury,2023-11-09,2023-11-17,9,1.0
197365,286384,23/24,Hamstring strain,2023-11-22,2023-12-06,15,3.0
197365,286384,23/24,Muscle injury,2024-02-03,2024-02-16,14,5.0
197365,286384,24/25,Muscle injury,2024-11-04,2024-12-04,31,3.0
197469,341501,21/22,Corona virus,2021-12-11,2021-12-26,16,2.0
197469,341501,21/22,Groin strain,2022-05-15,2022-05-19,5,1.0
197469,341501,22/23,Knee injury,2022-12-11,2023-01-08,29,5.0
197469,341501,22/23,Ill,2023-04-21,2023-04-25,5,1.0
197469,341501,24/25,Shoulder injury,2024-10-03,2024-11-10,39,5.0
197469,341501,25/26,Knee injury,2026-01-31,2026-03-05,34,6.0
197937,341317,16/17,Thigh problems,2017-02-23,2017-03-02,8,1.0
197937,341317,16/17,Stomach flu,2017-04-26,2017-04-30,5,
197937,341317,17/18,Thigh problems,2017-10-17,2017-10-29,13,3.0
197937,341317,19/20,Virus,2020-03-03,2020-04-11,40,1.0
197937,341317,20/21,Knock,2020-10-08,2020-10-17,10,3.0
197937,341317,20/21,Back injury,2020-12-28,2020-12-28,1,
197937,341317,21/22,Heel injury,2021-09-21,2021-11-07,48,9.0
197937,341317,23/24,muscular problems,2024-02-18,2024-04-05,48,8.0
197937,341317,24/25,muscular problems,2024-09-02,2024-09-17,16,1.0
197937,341317,24/25,Calf problems,2024-11-20,2024-11-26,7,1.0
197937,341317,24/25,Knock,2025-01-29,2025-02-02,5,1.0
197937,341317,24/25,Foot bruise,2025-05-11,2025-05-26,16,1.0
197937,341317,25/26,Knock,2025-12-03,2025-12-05,3,1.0
197937,341317,25/26,Knock,2026-02-06,2026-02-12,7,1.0
197937,341317,26/27,Achilles tendon problems,2026-07-20,,53,3.0
198501,349300,22/23,Foot injury,2022-12-26,2023-01-10,16,3.0
198501,349300,24/25,Groin problems,2024-08-25,2024-12-31,129,24.0
198842,337787,19/20,Rib fracture,2019-08-12,2019-09-08,28,1.0
198842,337787,20/21,unknown injury,2020-09-17,2020-09-30,14,2.0
198842,337787,20/21,Metatarsal fracture,2021-05-13,2021-07-31,80,2.0
198842,337787,23/24,Knee injury,2024-03-11,2024-05-10,61,8.0
198842,337787,24/25,Leg injury,2025-02-12,2025-02-28,17,3.0
198842,337787,24/25,muscular problems,2025-03-13,2025-03-20,8,1.0
198842,337787,24/25,Appendectomy,2025-03-26,2025-04-17,23,3.0
198842,337787,25/26,Ankle injury,2025-07-18,2025-08-28,42,7.0
198842,337787,25/26,Leg injury,2026-03-09,2026-05-07,60,10.0
199056,364409,21/22,Hamstring injury,2022-03-05,2022-06-23,111,14.0
199056,364409,22/23,unknown injury,2022-10-01,2022-10-20,20,4.0
199056,364409,22/23,Knee injury,2023-04-08,2023-05-05,28,5.0
199056,364409,23/24,Knee problems,2023-08-01,2023-11-01,93,10.0
199056,364409,23/24,minor knock,2024-02-28,2026-03-04,736,29.0
199056,364409,23/24,Knee injury,2024-03-09,2024-04-15,38,6.0
199056,364409,24/25,Knee problems,2024-10-21,2024-10-30,10,1.0
199056,364409,24/25,Knee injury,2025-01-01,2025-01-15,15,2.0
199056,364409,24/25,Knee bruise,2025-04-12,2025-04-28,17,3.0
199056,364409,26/27,Knee problems,2025-09-28,2025-10-02,5,1.0
199056,364409,25/26,Toe injury,2025-12-03,2025-12-30,28,7.0
199056,364409,25/26,Rest,2026-01-02,2026-01-05,4,1.0
199056,364409,25/26,Ill,2026-03-08,2026-03-12,5,1.0
199056,364409,26/27,Knee problems,2026-08-18,2026-08-26,9,2.0
199170,291200,21/22,Hamstring injury,2021-09-12,2021-09-28,17,2.0
199170,291200,21/22,Corona virus,2022-01-04,2022-01-11,8,1.0
199170,291200,22/23,Hamstring injury,2022-08-15,2023-03-17,215,41.0
199249,282429,18/19,Muscle injury,2018-11-12,2018-11-30,19,2.0
199249,282429,18/19,Knock,2018-12-04,2018-12-17,14,4.0
199249,282429,18/19,Toe injury,2019-05-10,2019-05-17,8,1.0
199249,282429,19/20,Right hip flexor problems,2019-08-02,2019-08-08,7,
199249,282429,20/21,Ankle sprain,2020-09-07,2020-09-25,19,2.0
199249,282429,20/21,Muscle injury,2021-01-26,2021-02-19,25,7.0
199249,282429,21/22,Corona virus,2022-02-15,2022-02-22,8,1.0
199249,282429,21/22,Groin problems,2022-04-30,2022-06-30,62,5.0
199249,282429,22/23,Pubalgia,2022-08-21,2022-10-27,68,14.0
199249,282429,22/23,Hamstring injury,2023-02-20,2023-03-13,22,2.0
199249,282429,25/26,Knee injury,2026-02-19,2026-03-10,20,3.0
199249,282429,25/26,Muscle injury,2026-03-20,2026-04-09,21,2.0
199249,282429,25/26,unknown injury,2026-04-13,2026-05-07,25,4.0
199404,406637,20/21,Back injury,2021-03-18,2021-09-09,176,19.0
199583,346315,22/23,Groin injury,2022-11-06,2023-01-15,71,9.0
199583,346315,25/26,Achilles tendon surgery,2025-04-10,2025-11-24,229,32.0
199583,346315,25/26,muscular problems,2026-01-06,2026-01-27,22,4.0
199598,392771,17/18,Hamstring injury,2018-02-23,2018-03-09,15,2.0
199598,392771,17/18,Broken ankle,2018-03-14,2018-07-01,110,15.0
199598,392771,18/19,Knock,2018-11-17,2018-11-29,13,3.0
199598,392771,18/19,Back injury,2019-03-28,2019-05-31,65,12.0
199598,392771,19/20,concussion,2019-10-16,2019-10-25,10,2.0
199598,392771,19/20,Back injury,2020-02-26,2020-06-28,124,12.0
199598,392771,20/21,Knock,2020-11-01,2020-11-21,21,1.0
199598,392771,20/21,Groin injury,2020-11-23,2020-12-12,20,2.0
199598,392771,24/25,Knee injury,2024-09-28,2024-12-03,67,15.0
199598,392771,24/25,Knee injury,2025-02-24,2025-04-15,51,7.0
199598,392771,25/26,Inner ligament injury,2025-08-22,2025-09-01,11,3.0
199670,344152,18/19,Muscle injury,2019-01-01,2019-01-29,29,3.0
199670,344152,18/19,Knock,2019-02-04,2019-02-10,7,1.0
199670,344152,18/19,Ankle sprain,2019-05-12,2019-05-21,10,1.0
199670,344152,19/20,Knee injury,2019-11-25,2019-12-13,19,4.0
199670,344152,20/21,Hamstring strain,2020-08-24,2020-08-31,8,2.0
199670,344152,20/21,Corona virus,2020-10-06,2020-10-26,21,5.0
199670,344152,20/21,Quarantine,2021-01-09,2021-01-19,11,2.0
199670,344152,22/23,Dead leg,2022-11-04,2022-11-11,8,2.0
199670,344152,22/23,Injury to the ankle,2023-04-10,2023-04-16,7,
199670,344152,23/24,Hamstring injury,2023-09-24,2023-10-08,15,2.0
199670,344152,23/24,Knee injury,2023-12-10,2023-12-29,20,3.0
199670,344152,23/24,Knee injury,2024-03-13,2024-04-15,34,1.0
199670,344152,25/26,Achilles tendon contusion,2025-08-27,2025-09-11,16,2.0
199670,344152,25/26,Muscle injury,2025-10-05,2025-10-17,13,
199670,344152,25/26,Knock,2026-01-12,2026-01-19,8,1.0
199796,425334,16/17,Broken tibia,2016-09-11,2016-11-24,75,12.0
199796,425334,20/21,Hamstring injury,2021-02-18,2021-03-07,18,4.0
199796,425334,22/23,Tendon rupture,2022-09-03,2022-09-28,26,3.0
199796,425334,22/23,Calf injury,2023-03-29,2023-05-03,36,7.0
199796,425334,22/23,Fitness,2023-05-04,2023-05-08,5,1.0
199796,425334,23/24,Ill,2023-12-29,2023-12-31,3,1.0
199796,425334,23/24,Hamstring injury,2024-03-21,2024-04-12,23,5.0
199796,425334,23/24,Calf injury,2024-05-12,2024-06-12,32,4.0
199796,425334,24/25,Hamstring injury,2024-08-24,2024-10-08,46,8.0
199796,425334,24/25,Calf injury,2024-11-05,2024-11-11,7,2.0
199796,425334,24/25,Muscle injury,2025-01-30,2025-02-17,19,3.0
199796,425334,24/25,unknown injury,2025-02-24,2025-03-03,8,2.0
199796,425334,25/26,Knee problems,2026-02-08,2026-02-20,13,2.0
199796,425334,25/26,Calf problems,2026-03-11,2026-03-16,6,2.0
200089,340329,19/20,Calf injury,2019-09-02,2019-09-14,13,
200089,340329,21/22,Corona virus,2021-12-21,2021-12-31,11,1.0
200089,340329,21/22,Knee injury,2022-04-04,2022-04-10,7,1.0
200089,340329,21/22,Knee injury,2022-05-01,2022-05-25,25,3.0
200089,340329,22/23,Hamstring injury,2023-05-18,2023-06-05,19,2.0
200089,340329,23/24,Hamstring injury,2023-08-01,2023-10-23,84,12.0
200089,340329,23/24,Achilles tendon problems,2023-11-24,2024-02-23,92,18.0
200089,340329,23/24,Achilles tendon problems,2024-04-06,2024-05-20,45,7.0
200089,340329,24/25,Thigh problems,2024-08-28,2024-09-11,15,1.0
200089,340329,24/25,Muscle injury,2025-01-11,2025-01-14,4,1.0
200089,340329,24/25,concussion,2025-04-03,2025-04-15,13,2.0
200089,340329,25/26,Calf injury,2025-07-31,2025-08-25,26,1.0
200402,231572,15/16,Knee injury,2015-10-11,2016-01-19,101,21.0
200402,231572,17/18,Tonsillitis,2018-01-13,2018-01-16,4,1.0
200402,231572,17/18,Hamstring injury,2018-02-25,2018-03-30,34,7.0
200402,231572,18/19,Knee problems,2018-12-15,2018-12-20,6,1.0
200402,231572,19/20,Ankle sprain,2019-09-08,2019-09-12,5,1.0
200402,231572,19/20,Muscle injury,2019-11-10,2019-12-13,34,7.0
200402,231572,22/23,Hamstring injury,2022-04-30,2022-08-12,105,9.0
200402,231572,24/25,Hamstring strain,2025-01-04,2025-01-14,11,2.0
200402,231572,25/26,Muscle injury,2025-08-27,2025-09-15,20,4.0
200402,231572,25/26,Partial muscle tear,2025-12-06,2026-01-13,39,6.0
200402,231572,25/26,Fitness,2026-01-13,2026-01-15,3,1.0
200402,231572,25/26,Inner knee ligament tear,2026-03-01,2026-03-31,31,6.0
200402,231572,25/26,Fitness,2026-03-31,2026-04-02,3,1.0
200428,345437,23/24,influenza,2024-01-25,2024-01-30,6,1.0
200428,345437,24/25,pneumonia,2025-05-17,2025-05-19,3,1.0
200455,286005,17/18,Hamstring strain,2017-08-10,2017-09-25,47,7.0
200455,286005,18/19,Ill,2018-10-25,2018-11-02,9,1.0
200455,286005,18/19,concussion,2019-01-21,2019-02-08,19,1.0
200455,286005,21/22,Syndesmotic ligament tear,2021-09-02,2021-11-01,61,4.0
200455,286005,22/23,Muscle injury,2022-08-11,2022-08-25,15,2.0
200455,286005,22/23,Muscle injury,2022-12-15,2023-01-19,36,6.0
200455,286005,23/24,unknown injury,2024-01-04,2024-01-17,14,4.0
200455,286005,23/24,unknown injury,2024-02-09,2024-03-24,45,5.0
200455,286005,23/24,Fitness,2024-03-24,2024-04-04,12,1.0
200455,286005,24/25,Ankle sprain,2024-08-24,2024-11-15,84,10.0
200617,319301,18/19,Muscle injury,2018-12-02,2018-12-21,20,2.0
200617,319301,19/20,Ankle injury,2019-09-10,2019-09-21,12,1.0
200617,319301,19/20,Knock,2020-02-28,2020-03-07,9,2.0
200617,319301,20/21,Knock,2020-12-27,2020-12-28,2,
200617,319301,20/21,Knock,2021-04-09,2021-04-14,6,1.0
200617,319301,20/21,unknown injury,2021-04-30,2021-05-21,22,5.0
200617,319301,22/23,Hamstring injury,2023-05-07,2023-05-21,15,3.0
200617,319301,24/25,Hamstring injury,2024-08-29,2024-10-16,49,10.0
200617,319301,25/26,Muscle injury,2025-09-15,2025-09-22,8,1.0
200617,319301,25/26,Ankle injury,2025-09-29,2025-10-13,15,2.0
200617,319301,25/26,Hamstring injury,2025-11-30,2026-02-01,64,12.0
200617,319301,25/26,Adductor injury,2026-04-01,2026-04-21,21,3.0
200641,340325,19/20,Ankle injury,2019-10-07,2019-11-25,50,8.0
200641,340325,19/20,Hamstring injury,2020-01-09,2020-02-24,47,6.0
200641,340325,20/21,Knee injury,2020-10-29,2020-11-23,26,3.0
200641,340325,20/21,Head injury,2020-12-03,2021-01-11,40,9.0
200641,340325,21/22,Groin injury,2021-09-09,2021-10-04,26,5.0
200641,340325,21/22,Corona virus,2022-02-03,2022-02-10,8,1.0
200641,340325,21/22,Knock,2022-02-15,2022-03-07,21,2.0
200641,340325,21/22,minor knock,2022-05-12,2022-05-26,15,1.0
200641,340325,22/23,Thigh problems,2022-08-08,2022-10-03,57,7.0
200641,340325,22/23,Thigh problems,2022-12-22,2023-02-12,53,9.0
200641,340325,24/25,Hamstring injury,2024-12-06,2025-06-01,178,28.0
200641,340325,25/26,Ill,2025-09-19,2025-10-06,18,3.0
200641,340325,25/26,Knock,2025-12-05,2025-12-22,18,4.0
200641,340325,25/26,Calf injury,2026-02-27,2026-03-11,13,3.0
200641,340325,26/27,Fitness,2026-09-02,2026-09-19,18,2.0
200785,332705,19/20,Fitness,2019-09-12,2019-10-19,38,8.0
200785,332705,19/20,Adductor pain,2019-12-10,2019-12-20,11,3.0
200785,332705,19/20,Torn muscle fiber,2020-02-12,2020-02-24,13,3.0
200785,332705,20/21,Inner ligament injury,2020-10-24,2020-10-25,2,1.0
200785,332705,20/21,Back problems,2021-05-03,2021-05-31,29,5.0
200785,332705,21/22,muscular problems,2021-09-24,2021-09-30,7,1.0
200785,332705,21/22,Thigh problems,2022-04-01,2022-04-08,8,2.0
200785,332705,22/23,Hamstring injury,2023-03-15,2023-06-07,85,15.0
200785,332705,23/24,Hamstring injury,2023-09-28,2024-03-04,159,29.0
200785,332705,23/24,Back injury,2024-04-05,2024-05-05,31,6.0
200785,332705,24/25,Back injury,2024-07-15,2024-10-07,85,10.0
200785,332705,24/25,Muscle fatigue,2024-12-06,2024-12-09,4,1.0
200785,332705,24/25,Muscle injury,2024-12-27,2024-12-30,4,1.0
200785,332705,25/26,Knee medial ligament tear,2025-12-15,2026-02-16,64,10.0
200785,332705,25/26,Hamstring injury,2026-03-13,2026-04-01,20,4.0
200834,348026,19/20,Torn muscle fiber,2019-11-10,2019-11-25,16,1.0
200834,348026,20/21,Torn muscle fiber,2020-10-25,2020-11-02,9,2.0
200834,348026,21/22,Corona virus,2022-01-04,2022-01-17,14,2.0
200834,348026,22/23,Hamstring injury,2023-01-16,2023-02-23,39,8.0
200834,348026,22/23,Hamstring injury,2023-03-09,2023-06-15,99,12.0
200834,348026,24/25,Torn muscle fiber,2024-11-02,2024-11-27,26,4.0
200834,348026,24/25,Torn muscle fiber,2025-04-24,2025-06-01,39,4.0
200834,348026,25/26,Fitness,2025-08-18,2025-08-26,9,1.0
200834,348026,25/26,Calf injury,2026-02-23,2026-03-16,22,4.0
200878,261988,16/17,unknown injury,2016-10-01,2016-11-04,35,2.0
200878,261988,17/18,Groin problems,2017-06-23,2017-08-13,52,2.0
200878,261988,17/18,Cruciate ligament tear,2018-01-21,2018-11-05,289,33.0
200878,261988,21/22,Bruise on ankle,2021-10-03,2021-10-25,23,1.0
200878,261988,25/26,Ankle injury,2026-04-18,2026-05-18,31,5.0
200884,382554,20/21,Knee injury,2020-12-08,2021-10-17,314,46.0
200884,382554,23/24,Hip injury,2023-09-30,2023-10-28,29,5.0
200884,382554,24/25,Hamstring injury,2024-12-09,2025-01-05,28,7.0
201057,228948,12/13,Torn ligaments,2013-05-30,2013-06-27,29,3.0
201057,228948,14/15,Torn knee ligaments,2015-03-30,2015-05-07,39,12.0
201057,228948,17/18,Shoulder injury,2017-11-27,2017-11-30,4,
201057,228948,17/18,influenza,2018-03-01,2018-03-05,5,1.0
201057,228948,17/18,Eye injury,2018-03-12,2018-03-29,18,1.0
201057,228948,18/19,Knock,2019-04-22,2019-05-13,22,4.0
201057,228948,19/20,Foot injury,2019-08-12,2019-12-08,119,26.0
201057,228948,20/21,Knock,2020-07-24,2020-07-30,7,
201057,228948,20/21,Adductor pain,2020-09-14,2020-10-25,42,10.0
201057,228948,20/21,surgery,2020-11-09,2020-11-29,21,6.0
201057,228948,20/21,Corona virus,2021-01-08,2021-01-19,12,3.0
201057,228948,20/21,Adductor pain,2021-03-20,2021-03-30,11,3.0
201057,228948,22/23,Ill,2023-03-03,2023-03-04,2,
201084,315131,16/17,Shoulder injury,2017-04-27,2017-05-20,24,6.0
201084,315131,18/19,Shoulder injury,2018-09-29,2018-10-26,28,2.0
201084,315131,18/19,Cruciate ligament surgery,2019-04-13,2020-01-09,272,36.0
201084,315131,19/20,Knee injury,2020-01-12,2020-02-29,49,11.0
201084,315131,20/21,Cruciate ligament tear,2021-03-01,2022-01-07,313,36.0
201084,315131,21/22,Hamstring injury,2022-03-18,2022-07-29,134,8.0
201084,315131,23/24,Knee injury,2023-08-31,2023-10-09,40,7.0
201084,315131,23/24,Fitness,2023-10-10,2023-12-31,83,15.0
201410,389253,22/23,Calf problems,2023-02-22,2023-03-01,8,1.0
201410,389253,26/27,Calf injury,2025-03-02,2025-03-26,25,3.0
201410,389253,25/26,Inflammation of the sole of the foot,2025-08-21,2025-09-30,41,9.0
201440,260166,17/18,Hamstring injury,2017-10-25,2017-12-01,38,5.0
201440,260166,19/20,unknown injury,2019-11-25,2019-12-01,7,1.0
201440,260166,21/22,Ankle sprain,2021-10-17,2021-11-22,37,6.0
201440,260166,22/23,unknown injury,2022-09-27,2022-10-04,8,1.0
201440,260166,23/24,Hamstring injury,2023-11-28,2023-12-17,20,4.0
201440,260166,23/24,unknown injury,2024-01-01,2024-02-12,43,7.0
201440,260166,23/24,Hamstring injury,2024-02-18,2024-03-13,25,3.0
201440,260166,23/24,Fitness,2024-03-13,2024-03-17,5,1.0
201440,260166,23/24,unknown injury,2024-04-24,2024-04-30,7,1.0
201440,260166,24/25,unknown injury,2024-09-28,2024-10-16,19,1.0
201440,260166,25/26,Rest,2025-09-20,2025-09-22,3,1.0
201658,399434,22/23,Hamstring injury,2022-11-13,2023-02-06,86,8.0
201658,399434,22/23,Hamstring injury,2023-02-24,2023-03-20,25,4.0
201658,399434,22/23,Hamstring injury,2023-04-28,2023-06-28,62,5.0
201658,399434,23/24,Hamstring injury,2024-04-07,2024-05-05,29,5.0
201658,399434,24/25,Thigh problems,2024-12-09,2025-01-24,47,8.0
201658,399434,24/25,Foot injury,2025-03-28,2025-04-11,15,3.0
201658,399434,25/26,Hamstring injury,2026-01-20,2026-02-23,35,4.0
201666,398065,20/21,Knee injury,2021-02-28,2021-06-30,123,24.0
201666,398065,21/22,unknown injury,2021-12-15,2022-01-15,32,3.0
201666,398065,22/23,Knee injury,2022-08-05,2022-08-17,13,2.0
201666,398065,22/23,Hamstring injury,2023-04-08,2023-04-23,16,2.0
201666,398065,23/24,Foot injury,2023-09-24,2024-02-01,131,30.0
201666,398065,23/24,Hamstring injury,2024-03-02,2024-03-30,29,4.0
201666,398065,24/25,Thigh problems,2025-01-12,2025-02-14,34,6.0
201895,353032,19/20,unknown injury,2019-09-24,2019-09-27,4,1.0
201895,353032,20/21,Hip bruise,2020-11-30,2020-12-07,8,1.0
201895,353032,21/22,Corona virus,2021-12-11,2021-12-22,12,3.0
201895,353032,21/22,Adductor injury,2022-01-22,2022-02-06,16,3.0
201895,353032,22/23,Pubalgia,2022-08-20,2022-09-27,39,7.0
201895,353032,24/25,Knee problems,2024-09-12,2024-09-15,4,1.0
201895,353032,24/25,Hip problems,2025-02-24,2025-03-05,10,1.0
201895,353032,25/26,Head injury,2025-10-24,2025-11-17,25,3.0
202174,356195,16/17,Knee injury,2016-08-23,2017-08-24,367,47.0
202641,234509,16/17,Rest,2016-10-26,2016-10-26,1,
202641,234509,17/18,Rest,2017-09-20,2017-09-20,1,
202641,234509,18/19,Rest,2018-10-31,2018-10-31,1,
202641,234509,18/19,Ill,2019-01-19,2019-01-23,5,1.0
202641,234509,19/20,Shoulder injury,2020-01-25,2020-02-01,8,1.0
202641,234509,21/22,Groin injury,2022-04-16,2022-06-30,76,6.0
202641,234509,25/26,Hamstring injury,2025-07-12,2025-08-18,38,1.0
202641,234509,25/26,Rest,2025-11-30,2025-12-04,5,1.0
202641,234509,25/26,Rest,2025-12-16,2025-12-18,3,1.0
202641,234509,25/26,Rest,2026-01-13,2026-01-15,3,1.0
202641,234509,25/26,Rest,2026-01-31,2026-02-04,5,1.0
202641,234509,25/26,Rest,2026-03-02,2026-03-04,3,1.0
202641,234509,25/26,unknown injury,2026-05-13,2026-05-19,7,1.0
202993,354362,15/16,Knee injury,2016-04-12,2016-05-07,26,7.0
202993,354362,18/19,Muscle fatigue,2019-04-21,2019-05-09,19,2.0
202993,354362,19/20,Knee problems,2019-12-08,2019-12-13,6,1.0
202993,354362,20/21,Corona virus,2021-03-04,2021-03-18,15,3.0
202993,354362,21/22,Ankle injury,2022-02-25,2022-03-04,8,2.0
202993,354362,21/22,Back problems,2022-05-23,2022-06-13,22,3.0
202993,354362,22/23,Head injury,2022-08-28,2022-09-01,5,1.0
202993,354362,22/23,Adductor pain,2022-12-03,2023-01-16,45,5.0
202993,354362,22/23,Cruciate ligament tear,2023-02-12,2023-10-24,255,36.0
202993,354362,23/24,Torn ankle ligaments,2023-11-27,2023-12-29,33,6.0
202993,354362,24/25,Head injury,2024-08-20,2024-08-31,12,1.0
202993,354362,24/25,concussion,2025-01-09,2025-01-22,14,3.0
202993,354362,25/26,Hamstring injury,2026-01-08,2026-04-13,96,18.0
203341,274839,17/18,Hamstring injury,2018-04-30,2018-05-31,32,4.0
203341,274839,18/19,Knee injury,2018-12-17,2018-12-20,4,
203341,274839,19/20,Hamstring injury,2019-08-26,2019-08-29,4,1.0
203341,274839,19/20,Knee injury,2020-01-09,2020-01-20,12,2.0
203341,274839,19/20,Knee problems,2020-01-30,2020-02-27,29,3.0
203341,274839,20/21,Adductor injury,2020-09-21,2020-12-03,74,17.0
203341,274839,20/21,Hamstring strain,2021-01-28,2021-02-08,12,3.0
203341,274839,21/22,Knee injury,2022-03-17,2022-05-30,75,19.0
203341,274839,23/24,unknown injury,2023-12-29,2024-03-03,66,21.0
203341,274839,24/25,Hamstring injury,2024-12-09,2025-02-07,61,10.0
203341,274839,25/26,Hamstring strain,2025-09-09,2025-09-20,12,2.0
203341,274839,25/26,Hamstring strain,2026-01-10,2026-01-27,18,4.0
203341,274839,25/26,Hamstring strain,2026-04-05,2026-04-20,16,2.0
203341,274839,26/27,Ligament injury,2026-07-21,2026-07-31,11,2.0
204043,362842,20/21,Hamstring injury,2020-12-16,2020-12-21,6,1.0
204043,362842,20/21,Leg injury,2021-02-07,2021-03-06,28,6.0
204043,362842,21/22,surgery,2021-07-16,2021-10-01,78,10.0
204043,362842,21/22,Corona virus,2021-12-31,2022-01-05,6,
204043,362842,21/22,Ankle sprain,2022-04-13,2022-04-30,18,3.0
204043,362842,21/22,unknown injury,2022-05-15,2022-05-27,13,2.0
204043,362842,22/23,Ankle problems,2022-08-08,2022-08-16,9,1.0
204043,362842,22/23,surgery,2022-10-03,2023-02-25,146,40.0
204043,362842,23/24,Adductor pain,2023-12-13,2023-12-17,5,1.0
204043,362842,23/24,Muscle fatigue,2024-02-01,2024-02-11,11,1.0
204043,362842,23/24,Ankle problems,2024-03-06,2024-03-10,5,1.0
204043,362842,25/26,Knock,2025-10-17,2025-10-25,9,1.0
204043,362842,25/26,muscular problems,2026-02-23,2026-03-21,27,4.0
204043,362842,25/26,muscular problems,2026-03-23,2026-04-04,13,1.0
204043,362842,25/26,Hamstring injury,2026-04-30,2026-05-22,23,6.0
204120,318508,16/17,Hamstring injury,2017-01-14,2017-03-16,62,10.0
204120,318508,20/21,Head injury,2021-02-18,2021-02-24,7,1.0
204120,318508,20/21,Muscle injury,2021-03-18,2021-04-01,15,1.0
204120,318508,21/22,Ill,2022-03-09,2022-03-12,4,1.0
204120,318508,21/22,Knee injury,2022-04-11,2023-02-07,303,39.0
204120,318508,24/25,Shoulder injury,2024-07-27,2024-08-07,12,1.0
204214,349599,17/18,Hamstring injury,2017-11-08,2017-12-06,29,4.0
204214,349599,17/18,Muscle injury,2017-12-23,2018-02-01,41,4.0
204214,349599,18/19,Pneumothorax,2018-10-28,2018-11-26,30,5.0
204214,349599,18/19,Inner ligament injury,2019-04-01,2019-05-18,48,6.0
204214,349599,20/21,Muscle injury,2020-10-14,2020-10-31,18,4.0
204214,349599,20/21,Muscle injury,2020-12-14,2020-12-17,4,1.0
204214,349599,20/21,Muscle injury,2021-03-26,2021-04-22,28,7.0
204214,349599,22/23,muscular problems,2023-02-19,2023-03-01,11,1.0
204214,349599,23/24,Muscle injury,2023-09-30,2023-11-08,40,8.0
204214,349599,23/24,Muscle injury,2023-11-09,2023-12-27,49,11.0
204214,349599,24/25,Ankle injury,2024-04-14,2024-08-31,140,15.0
204214,349599,24/25,Muscle injury,2025-01-24,2025-02-22,30,4.0
204214,349599,25/26,Stress reaction of the bone,2025-09-08,2025-09-11,4,1.0
204214,349599,25/26,Ankle problems,2025-10-12,2025-10-31,20,4.0
204216,353674,15/16,Leg injury,2015-11-22,2016-06-01,193,32.0
204216,353674,22/23,Inner ligament injury,2022-08-02,2022-11-04,95,18.0
204216,353674,22/23,Hamstring injury,2022-11-05,2023-03-06,122,18.0
204216,353674,23/24,Hamstring injury,2023-09-23,2023-12-24,93,15.0
204216,353674,25/26,Hamstring injury,2026-02-05,2026-03-25,49,10.0
204480,357662,18/19,Ill,2019-04-28,2019-05-11,14,1.0
204480,357662,20/21,Knee injury,2021-04-01,2021-05-10,40,6.0
204480,357662,21/22,Ill,2022-03-04,2022-03-06,3,1.0
204480,357662,22/23,Ill,2023-05-02,2023-05-05,4,1.0
204480,357662,24/25,Broken toe,2024-11-04,2024-11-19,16,3.0
204480,357662,24/25,Strain in the thigh and gluteal muscles,2025-05-08,2025-05-15,8,1.0
204480,357662,25/26,Knee problems,2025-12-28,2026-01-01,5,1.0
204580,270171,16/17,Knee problems,2017-05-10,2017-08-07,90,4.0
204580,270171,17/18,Knee problems,2017-08-28,2017-11-13,78,7.0
204580,270171,18/19,Adductor injury,2019-03-25,2019-05-31,68,8.0
204580,270171,22/23,Knee injury,2023-03-15,2023-04-06,23,3.0
204580,270171,24/25,Heel injury,2025-04-29,2025-09-13,138,9.0
204580,270171,25/26,Metatarsal fracture,2026-02-22,2026-04-30,68,8.0
204642,360517,16/17,Knee injury,2017-02-10,2017-03-10,29,3.0
204642,360517,19/20,infection,2020-03-08,2021-04-04,393,37.0
204642,360517,20/21,Ankle injury,2021-04-22,2021-09-08,140,11.0
204646,326029,19/20,Ankle injury,2019-10-24,2019-11-18,26,6.0
204646,326029,19/20,Knee surgery,2019-12-16,2020-08-13,242,11.0
204646,326029,21/22,Stomach flu,2021-10-25,2021-10-28,4,1.0
204646,326029,21/22,strain,2022-04-07,2022-07-14,99,10.0
204646,326029,22/23,Torn muscle fiber,2022-08-18,2022-09-12,26,5.0
204646,326029,22/23,cold,2022-10-20,2022-10-24,5,1.0
204646,326029,22/23,Ankle problems,2023-03-02,2023-03-04,3,1.0
204646,326029,23/24,Thigh problems,2024-03-26,2024-04-11,17,3.0
204646,326029,23/24,Knee problems,2024-04-14,2024-04-29,16,3.0
204646,326029,24/25,Fever,2024-09-29,2024-10-03,5,1.0
204646,326029,24/25,Ill,2025-02-26,2025-03-03,6,1.0
204676,345468,16/17,unknown injury,2016-07-27,2016-08-09,14,2.0
204676,345468,16/17,unknown injury,2016-09-21,2016-09-28,8,1.0
204676,345468,18/19,unknown injury,2018-08-01,2018-08-09,9,1.0
204676,345468,18/19,unknown injury,2018-11-21,2018-11-29,9,1.0
204676,345468,18/19,unknown injury,2019-02-06,2019-04-01,55,13.0
204676,345468,19/20,unknown injury,2020-01-22,2020-01-29,8,1.0
204676,345468,19/20,unknown injury,2020-07-13,2020-07-16,4,1.0
204676,345468,21/22,Hip injury,2021-12-05,2021-12-16,12,2.0
204676,345468,21/22,Corona virus,2022-02-25,2022-03-03,7,1.0
204676,345468,22/23,unknown injury,2023-03-20,2023-04-03,15,3.0
204676,345468,24/25,Calf injury,2025-03-24,2025-04-04,12,2.0
204676,345468,24/25,Ankle sprain,2025-04-17,2025-05-31,45,7.0
204676,345468,26/27,Fitness,2026-09-01,2026-09-09,9,1.0
204716,357119,17/18,Thigh problems,2017-11-09,2017-11-16,8,
204716,357119,17/18,minor knock,2017-12-18,2017-12-23,6,
204716,357119,19/20,Torn muscle fiber,2019-10-03,2020-03-11,161,31.0
204716,357119,19/20,Torn muscle fiber,2020-05-22,2020-06-05,15,3.0
204716,357119,20/21,Torn muscle fiber,2020-07-01,2020-10-15,107,10.0
204716,357119,20/21,Ankle injury,2020-12-17,2021-02-04,50,9.0
204716,357119,22/23,Knee injury,2022-08-01,2022-09-25,56,9.0
204716,357119,22/23,Muscle injury,2022-10-12,2022-10-23,12,3.0
204716,357119,22/23,Knock,2022-11-10,2022-12-27,48,3.0
204716,357119,22/23,Muscle injury,2023-01-30,2023-02-27,29,5.0
204716,357119,22/23,minor knock,2023-04-23,2023-04-27,5,1.0
204716,357119,23/24,Muscle injury,2023-08-25,2023-09-14,21,4.0
204716,357119,23/24,Hamstring injury,2023-11-10,2023-11-22,13,3.0
204716,357119,23/24,Thigh problems,2024-03-07,2024-03-19,13,3.0
204716,357119,24/25,Knee injury,2024-11-28,2024-12-31,34,8.0
204727,344596,19/20,Back injury,2019-08-12,2019-09-19,39,4.0
204727,344596,19/20,Ankle injury,2020-01-03,2020-01-20,18,3.0
204727,344596,22/23,Hip injury,2023-02-03,2023-02-18,16,3.0
204727,344596,22/23,Muscle injury,2023-03-31,2023-06-30,92,10.0
204760,479939,21/22,Achilles tendon surgery,2021-06-01,2023-02-20,630,
204814,426192,21/22,Ankle ligament tear,2022-02-14,2022-03-27,42,8.0
204819,364828,20/21,unknown injury,2020-08-23,2020-10-25,64,
204819,364828,22/23,Torn ankle ligaments,2022-12-18,2023-09-05,262,33.0
204819,364828,23/24,Torn thigh muscle,2023-09-22,2024-02-08,140,28.0
204822,424881,21/22,Corona virus,2022-01-01,2022-01-12,12,1.0
204822,424881,22/23,Broken leg,2022-07-20,2023-06-30,346,45.0
204822,424881,23/24,unknown injury,2024-05-09,2024-05-18,10,3.0
204822,424881,25/26,Knee injury,2025-10-01,2026-01-12,104,11.0
204863,262300,13/14,Wrist injury,2014-06-23,2014-07-21,29,4.0
204863,262300,20/21,Ankle injury,2020-09-01,2020-10-18,48,1.0
204863,262300,21/22,Calf injury,2022-03-15,2022-04-03,20,3.0
204863,262300,22/23,Ankle injury,2022-10-10,2022-10-25,16,3.0
204863,262300,24/25,Fitness,2024-08-15,2024-10-01,48,9.0
204863,262300,24/25,Knock,2025-01-26,2025-02-07,13,1.0
204863,262300,25/26,unknown injury,2026-05-25,,109,
204936,315858,15/16,Head injury,2016-03-13,2016-03-14,2,
204936,315858,17/18,Adductor pain,2017-12-27,2017-12-29,3,
204936,315858,18/19,strain,2019-04-03,2019-04-16,14,2.0
204936,315858,18/19,Hamstring muscle injury,2019-05-26,2019-06-30,36,2.0
204936,315858,19/20,Stomach problems,2019-10-05,2019-10-06,2,1.0
204936,315858,19/20,Contracture,2020-01-12,2020-01-18,7,1.0
204936,315858,19/20,Ankle sprain,2020-02-22,2020-03-09,17,1.0
204936,315858,20/21,Corona virus,2020-10-26,2020-10-30,5,2.0
204936,315858,21/22,Fitness,2021-07-14,2021-08-16,34,3.0
204936,315858,21/22,Corona virus,2022-01-10,2022-01-14,5,
204936,315858,24/25,Hamstring injury,2024-09-15,2024-09-28,14,3.0
204936,315858,24/25,Facial injury,2024-12-19,2025-01-03,16,1.0
204968,425902,22/23,Ill,2023-01-21,2023-02-24,35,
204968,425902,22/23,Shoulder injury,2023-03-17,2023-05-08,53,
204968,425902,25/26,Thigh problems,2025-12-06,2026-01-10,36,
205102,312017,18/19,Knee injury,2018-08-24,2018-10-26,64,12.0
205102,312017,22/23,Muscle tear,2023-06-01,2023-08-15,76,8.0
205102,312017,25/26,Knee problems,2025-09-15,2025-12-31,108,22.0
205135,387313,19/20,Foot injury,2019-08-10,2020-03-01,205,31.0
205135,387313,20/21,Torn muscle fiber in the adductor area,2021-02-10,2021-02-19,10,1.0
205135,387313,22/23,Pubalgia,2022-09-09,2022-11-18,71,
205135,387313,22/23,strain,2023-02-09,2023-02-24,16,
205135,387313,22/23,Hip problems,2023-03-04,2023-06-04,93,
205533,340324,24/25,Ankle injury,2021-08-03,2021-11-25,115,12.0
205533,340324,22/23,Ankle injury,2023-03-02,2023-04-13,43,7.0
205533,340324,24/25,Ankle injury,2025-02-06,2025-02-11,6,1.0
205533,340324,25/26,Hamstring injury,2025-08-02,2025-09-18,48,8.0
205533,340324,25/26,Thigh problems,2025-10-30,2025-11-21,23,3.0
205533,340324,25/26,Thigh problems,2025-12-31,2026-03-31,91,17.0
205533,340324,25/26,Hamstring injury,2026-04-08,2026-06-15,69,13.0
205651,363205,18/19,Hamstring injury,2019-02-18,2019-03-02,13,3.0
205651,363205,19/20,Hamstring injury,2019-08-18,2019-09-13,27,4.0
205651,363205,19/20,Ill,2019-12-22,2019-12-28,7,1.0
205651,363205,20/21,Knock,2020-09-22,2020-11-02,42,11.0
205651,363205,20/21,Knock,2020-12-16,2020-12-20,5,1.0
205651,363205,20/21,Corona virus,2020-12-23,2021-01-04,13,2.0
205651,363205,21/22,Muscle injury,2022-02-03,2022-02-23,21,5.0
205651,363205,22/23,Knee injury,2022-12-02,2023-03-11,100,17.0
205651,363205,23/24,Knee injury,2023-08-02,2023-08-26,25,3.0
205651,363205,23/24,Hamstring injury,2023-10-24,2023-11-19,27,6.0
205651,363205,23/24,Knee injury,2024-01-05,2024-01-18,14,1.0
205651,363205,23/24,Knee injury,2024-02-02,2024-02-24,23,4.0
205651,363205,24/25,Groin injury,2024-08-20,2024-09-04,16,2.0
205651,363205,24/25,Cruciate ligament tear,2025-01-13,2025-11-27,319,46.0
205651,363205,25/26,Rest,2025-12-05,2025-12-07,3,1.0
205836,204294,18/19,Appendicitis,2019-03-29,2019-05-03,36,4.0
205836,204294,19/20,Hip injury,2020-01-12,2020-02-25,45,7.0
205836,204294,21/22,Corona virus,2022-03-19,2022-03-26,8,2.0
205836,204294,24/25,unknown injury,2024-11-10,2024-11-25,16,3.0
205836,204294,25/26,unknown injury,2025-09-11,2025-09-21,11,1.0
206325,203853,20/21,Knock,2020-12-02,2020-12-18,17,4.0
206325,203853,21/22,Fitness,2021-07-31,2021-08-08,9,1.0
206325,203853,21/22,unknown injury,2021-09-17,2021-10-14,28,7.0
206325,203853,21/22,Corona virus,2022-01-01,2022-01-31,31,4.0
206325,203853,22/23,Knee problems,2022-08-26,2022-09-03,9,2.0
206325,203853,22/23,Calf injury,2022-09-16,2022-11-01,47,12.0
206325,203853,22/23,unknown injury,2023-04-14,2023-04-17,4,1.0
206325,203853,22/23,Calf muscle tear,2023-05-07,2023-08-18,104,8.0
206325,203853,23/24,Calf problems,2023-12-30,2024-01-18,20,2.0
206325,203853,23/24,Calf problems,2024-02-04,2024-03-08,34,5.0
206325,203853,24/25,Calf injury,2024-09-14,2024-10-21,38,9.0
206325,203853,24/25,Knock,2024-12-05,2024-12-22,18,5.0
206325,203853,25/26,Muscle injury,2025-09-28,2025-10-17,20,2.0
206325,203853,25/26,Groin injury,2025-10-24,2025-12-08,46,9.0
206325,203853,25/26,Torn knee ligaments,2026-02-14,2026-08-31,199,13.0
206915,433188,21/22,Groin problems,2021-10-05,2021-10-10,6,1.0
206915,433188,21/22,Groin injury,2021-10-12,2021-10-21,10,2.0
206915,433188,21/22,Eye injury,2021-11-02,2022-01-02,62,14.0
206915,433188,22/23,Calf injury,2022-08-04,2022-08-28,25,4.0
206915,433188,22/23,Stress reaction of the bone,2022-09-01,2022-10-13,43,9.0
206915,433188,22/23,Shin injury,2022-12-07,2022-12-31,25,3.0
206915,433188,23/24,Ankle injury,2023-08-16,2023-08-30,15,2.0
206915,433188,23/24,Thigh problems,2023-11-01,2023-11-24,24,3.0
206915,433188,23/24,Ankle sprain,2024-02-18,2024-04-02,45,9.0
206915,433188,24/25,Muscle injury,2024-08-24,2024-09-11,19,2.0
206915,433188,24/25,Muscle injury,2025-01-21,2025-01-31,11,2.0
206915,433188,25/26,Muscle injury,2025-09-01,2025-09-26,26,2.0
206915,433188,25/26,Adductor pain,2025-10-26,2025-11-02,8,2.0
206915,433188,25/26,Ill,2026-01-27,2026-01-29,3,1.0
207283,319859,18/19,Groin injury,2018-07-15,2018-09-05,53,9.0
207283,319859,18/19,Hamstring injury,2018-10-10,2019-01-23,106,20.0
207283,319859,21/22,Leg injury,2021-07-07,2021-08-31,56,3.0
207283,319859,24/25,Calf injury,2024-09-06,2024-10-26,51,9.0
207283,319859,24/25,Hamstring injury,2024-11-30,2025-01-01,33,6.0
207283,319859,24/25,Adductor injury,2025-02-17,2025-03-08,20,2.0
207283,319859,24/25,Ill,2025-03-14,2025-04-04,22,4.0
207283,319859,26/27,Muscle strain,2026-08-26,2026-09-14,20,2.0
207725,367195,23/24,unknown injury,2023-08-01,2023-11-22,114,22.0
207725,367195,23/24,Abdominal problems,2024-02-02,2024-03-30,58,12.0
207725,367195,24/25,unknown injury,2025-01-04,2025-02-08,36,7.0
207725,367195,25/26,unknown injury,2025-10-03,2025-10-13,11,1.0
207725,367195,25/26,unknown injury,2025-12-04,2025-12-11,8,1.0
208904,407021,21/22,Knee injury,2021-08-01,2021-10-25,86,15.0
208912,415970,18/19,Achilles tendon irritation,2018-08-04,2018-08-29,26,
208912,415970,18/19,Ill,2019-04-07,2019-05-12,36,
208912,415970,20/21,Broken foot,2020-09-20,2020-12-30,102,12.0
208912,415970,20/21,Corona virus,2020-09-25,2020-12-01,68,12.0
208912,415970,21/22,Calf problems,2021-08-01,2021-08-20,20,4.0
208912,415970,21/22,Rib fracture,2022-01-16,2022-02-05,21,3.0
208912,415970,24/25,Broken foot,2024-09-27,2024-12-04,69,12.0
208912,415970,25/26,Knock,2025-12-26,2026-01-26,32,7.0
208973,371436,18/19,unknown injury,2018-08-09,2018-08-24,16,2.0
208973,371436,18/19,Muscle injury,2018-10-07,2018-12-31,86,16.0
208973,371436,18/19,Hamstring muscle injury,2019-04-14,2019-04-30,17,2.0
208973,371436,21/22,Dead leg,2021-10-05,2021-11-06,33,6.0
208973,371436,21/22,Hamstring injury,2021-11-18,2021-12-16,29,7.0
208973,371436,21/22,Calf injury,2022-04-10,2022-05-01,22,3.0
208973,371436,24/25,Muscle tear,2024-09-21,2024-10-10,20,4.0
208973,371436,25/26,Dead leg,2025-09-09,2025-09-15,7,2.0
208973,371436,25/26,Adductor pain,2025-11-15,2025-11-24,10,3.0
208973,371436,25/26,Muscle tear,2026-01-02,2026-02-25,55,7.0
208987,326300,20/21,Calf injury,2020-09-05,2020-10-25,51,10.0
208987,326300,20/21,Cruciate ligament tear,2021-02-04,2022-02-21,383,49.0
208987,326300,22/23,Strain in the thigh and gluteal muscles,2022-07-25,2022-08-15,22,1.0
208987,326300,22/23,Strain in the thigh and gluteal muscles,2022-11-07,2022-11-15,9,1.0
208987,326300,22/23,Knock,2023-01-23,2023-01-30,8,1.0
208987,326300,22/23,Knock,2023-02-20,2023-03-01,10,1.0
208987,326300,22/23,Back injury,2023-03-20,2023-04-12,24,2.0
208987,326300,22/23,Knock,2023-05-01,2023-05-20,20,2.0
208987,326300,23/24,minor knock,2023-12-22,2023-12-25,4,1.0
208987,326300,23/24,concussion,2024-05-04,2024-05-19,16,1.0
208987,326300,24/25,unknown injury,2024-09-30,2024-11-22,54,6.0
208987,326300,24/25,unknown injury,2024-12-02,2024-12-25,24,3.0
208987,326300,24/25,unknown injury,2025-02-01,2025-02-11,11,2.0
208987,326300,25/26,Knee surgery,2025-08-15,2026-04-25,254,32.0
208987,326300,26/27,Hamstring injury,2026-08-07,2026-09-10,35,4.0
209035,392777,19/20,Ankle problems,2020-01-30,2020-02-10,12,2.0
209035,392777,19/20,Knee injury,2020-02-21,2020-06-01,102,3.0
209035,392777,20/21,Ill,2021-03-12,2021-03-15,4,1.0
209035,392777,21/22,Knee injury,2021-07-01,2021-10-31,123,14.0
209035,392777,22/23,Knee injury,2023-02-11,2023-03-12,30,7.0
209035,392777,24/25,Knee injury,2024-10-27,2025-01-26,92,12.0
209041,392770,18/19,Knock,2018-10-11,2018-10-21,11,2.0
209041,392770,20/21,unknown injury,2020-10-15,2020-10-30,16,2.0
209041,392770,23/24,Hamstring injury,2024-03-28,2024-04-18,22,2.0
209041,392770,24/25,concussion,2024-08-18,2024-08-29,12,3.0
209041,392770,24/25,Calf injury,2024-11-25,2024-12-31,37,6.0
209041,392770,24/25,Calf injury,2025-04-01,2025-05-05,35,5.0
209045,484551,21/22,unknown injury,2022-01-07,2022-02-25,50,11.0
209046,392768,19/20,Hamstring injury,2020-02-03,2020-04-06,64,6.0
209046,392768,19/20,Corona virus,2020-03-12,2020-03-26,15,
209046,392768,19/20,Ankle injury,2020-06-15,2020-06-29,15,3.0
209046,392768,20/21,Hip injury,2020-12-03,2020-12-21,19,4.0
209046,392768,21/22,Achilles heel problems,2022-02-28,2022-05-02,64,14.0
209046,392768,22/23,Knee problems,2022-10-13,2022-10-20,8,1.0
209046,392768,22/23,Knock,2023-01-28,2023-02-01,5,1.0
209046,392768,22/23,unknown injury,2023-04-19,2023-05-09,21,4.0
209046,392768,23/24,Hamstring injury,2023-10-18,2023-11-21,35,4.0
209046,392768,24/25,Knock,2024-12-27,2025-01-03,8,1.0
209046,392768,24/25,Groin injury,2025-01-20,2025-02-10,22,2.0
209046,392768,24/25,Thigh problems,2025-05-02,2025-05-17,16,2.0
209046,392768,25/26,Thigh problems,2025-11-05,2025-11-21,17,2.0
209046,392768,25/26,Knock,2026-01-01,2026-01-05,5,1.0
209046,392768,25/26,Leg injury,2026-04-16,2026-07-20,96,8.0
209212,430788,20/21,Quarantine,2021-04-01,2021-04-30,30,2.0
209243,401173,17/18,Fitness,2017-11-23,2017-11-27,5,1.0
209243,401173,17/18,Ligament stretching,2017-12-11,2018-01-04,25,3.0
209243,401173,17/18,Ligament injury,2018-02-05,2018-03-15,39,8.0
209243,401173,18/19,infection,2019-02-04,2019-02-06,3,1.0
209243,401173,20/21,infection,2020-09-29,2020-10-04,6,2.0
209243,401173,20/21,Torn muscle bundle,2021-03-03,2021-04-19,48,12.0
209243,401173,21/22,Tonsillitis,2022-04-26,2022-05-08,13,3.0
209243,401173,22/23,Ill,2022-11-01,2022-11-14,14,4.0
209243,401173,22/23,Depression,2022-12-26,2023-01-31,37,10.0
209243,401173,23/24,muscular problems,2024-01-31,2024-02-04,5,1.0
209243,401173,23/24,Ill,2024-04-12,2024-04-14,3,1.0
209243,401173,24/25,Ill,2024-11-02,2024-11-11,10,3.0
209243,401173,25/26,Ill,2025-09-29,2025-10-06,8,2.0
209243,401173,25/26,Ill,2026-01-16,2026-01-19,4,1.0
209243,401173,25/26,Shoulder injury,2026-04-01,2026-04-15,15,2.0
209244,406635,17/18,Foot injury,2017-12-21,2018-02-09,51,15.0
209244,406635,19/20,Ill,2019-09-15,2019-09-25,11,2.0
209244,406635,21/22,Foot injury,2021-08-01,2021-09-09,40,7.0
209244,406635,22/23,Foot injury,2023-01-20,2023-01-27,8,1.0
209244,406635,22/23,Ill,2023-02-04,2023-02-06,3,1.0
209244,406635,22/23,Appendectomy,2023-03-26,2023-04-17,23,5.0
209244,406635,23/24,Ill,2024-04-26,2024-04-30,5,1.0
209244,406635,24/25,Ill,2024-08-21,2024-08-31,11,1.0
209244,406635,24/25,cold,2024-09-03,2024-09-08,6,1.0
209244,406635,24/25,unknown injury,2024-12-01,2024-12-09,9,2.0
209244,406635,24/25,Ankle injury,2025-04-07,2025-04-18,12,1.0
209244,406635,25/26,Ankle injury,2025-08-04,2025-08-22,19,1.0
209244,406635,25/26,Ankle injury,2025-08-25,2025-09-12,19,3.0
209293,387191,18/19,Hamstring injury,2019-04-20,2019-06-14,56,13.0
209293,387191,23/24,Ankle injury,2023-12-14,2023-12-21,8,1.0
209293,387191,26/27,Neck injury,2026-08-29,,13,1.0
209365,326031,20/21,Corona virus,2021-01-07,2021-01-25,19,4.0
209365,326031,20/21,Muscle fatigue,2021-03-01,2021-03-11,11,1.0
209365,326031,20/21,Groin problems,2021-06-03,2021-06-17,15,2.0
209365,326031,21/22,Adductor pain,2021-10-14,2021-10-21,8,1.0
209365,326031,22/23,Adductor pain,2022-10-10,2022-10-13,4,1.0
209365,326031,22/23,Inner ligament stretch of the knee,2022-10-31,2022-11-10,11,3.0
209365,326031,22/23,Virus,2023-03-23,2023-03-25,3,1.0
209365,326031,23/24,Calf injury,2023-06-12,2023-06-19,8,2.0
209365,326031,23/24,Knock,2023-09-25,2023-10-17,23,6.0
209365,326031,23/24,Inner knee ligament tear,2023-11-02,2023-12-14,43,9.0
209365,326031,23/24,Inner ligament injury,2024-04-27,2024-05-06,10,2.0
209365,326031,24/25,Ill,2024-12-20,2024-12-23,4,1.0
209365,326031,24/25,Foot injury,2025-04-01,2025-04-18,18,4.0
209365,326031,24/25,Knee injury,2025-05-05,2025-05-23,19,4.0
209365,326031,25/26,Back injury,2025-11-30,2026-09-01,276,28.0
209400,356141,15/16,Elbow injury,2016-04-21,2016-05-12,22,4.0
209400,356141,17/18,Dead leg,2017-07-24,2017-07-27,4,
209400,356141,17/18,Ill,2017-12-07,2017-12-18,12,3.0
209400,356141,19/20,Torn ligaments,2020-01-09,2020-01-20,12,1.0
209400,356141,19/20,Quarantine,2020-03-19,2020-04-02,15,
209400,356141,20/21,Lumbago,2021-03-04,2021-03-11,8,1.0
209400,356141,21/22,Torn muscle fiber,2022-01-27,2022-02-10,15,3.0
209400,356141,22/23,infection,2022-11-03,2022-11-07,5,1.0
209400,356141,23/24,Back problems,2023-11-16,2023-11-22,7,1.0
209400,356141,23/24,Calf injury,2024-04-22,2024-04-26,5,1.0
209400,356141,25/26,Knee problems,2025-08-11,2025-08-25,15,3.0
209400,356141,25/26,Hamstring injury,2025-12-14,2026-02-02,51,11.0
209413,397099,20/21,Hamstring injury,2020-10-26,2021-03-29,155,33.0
209413,397099,20/21,Ankle injury,2021-05-06,2021-06-28,54,1.0
209413,397099,21/22,Hamstring injury,2021-08-19,2021-11-29,103,18.0
209413,397099,21/22,Ankle injury,2021-12-16,2022-02-21,68,11.0
209413,397099,22/23,cold,2022-10-31,2022-11-03,4,
209413,397099,22/23,Ill,2023-05-11,2023-05-15,5,1.0
209413,397099,23/24,Knee injury,2024-03-16,2024-05-01,47,5.0
210156,295313,17/18,Hamstring injury,2018-04-13,2018-06-30,79,8.0
210156,295313,19/20,concussion,2020-06-15,2020-06-30,16,3.0
210156,295313,20/21,Torn muscle bundle,2021-02-19,2021-05-11,82,11.0
210156,295313,22/23,Groin injury,2023-01-04,2023-04-01,88,15.0
210156,295313,23/24,Groin surgery,2023-11-16,2024-01-29,75,18.0
210156,295313,23/24,unknown injury,2024-03-14,2024-08-16,156,11.0
210156,295313,24/25,Broken nose bone,2025-02-12,2025-02-17,6,1.0
210156,295313,24/25,Thigh problems,2025-04-04,2025-04-18,15,2.0
210156,295313,24/25,Intestinal surgery,2025-05-14,2025-07-18,66,2.0
210156,295313,25/26,Knock,2025-11-21,2025-12-22,32,7.0
210207,364861,18/19,Knock,2019-05-12,2019-05-19,8,
210207,364861,19/20,Shoulder injury,2019-11-06,2019-11-29,24,2.0
210207,364861,20/21,Rest,2020-09-25,2020-09-27,3,1.0
210207,364861,20/21,Calf strain,2021-05-06,2021-05-16,11,3.0
210207,364861,25/26,unknown injury,2025-10-30,2025-11-14,16,2.0
210237,222813,16/17,Hamstring injury,2016-12-01,2017-02-27,89,27.0
210237,222813,18/19,Torn ankle ligaments,2018-09-23,2018-11-11,50,10.0
210237,222813,18/19,Ankle injury,2018-12-12,2019-01-14,34,3.0
210237,222813,18/19,Ankle injury,2019-04-09,2019-04-15,7,1.0
210237,222813,19/20,Quarantine,2020-03-17,2020-03-31,15,
210237,222813,21/22,Muscle injury,2021-08-01,2021-09-09,40,7.0
210237,222813,21/22,unknown injury,2021-12-13,2021-12-27,15,3.0
210237,222813,22/23,unknown injury,2022-08-16,2022-09-09,25,4.0
210237,222813,22/23,Muscle injury,2023-01-24,2023-02-03,11,4.0
210237,222813,23/24,unknown injury,2023-09-01,2023-09-18,18,4.0
210237,222813,24/25,Heel injury,2024-10-29,2025-08-01,277,44.0
210407,225984,18/19,Strain in the thigh and gluteal muscles,2019-05-05,2019-06-01,28,2.0
210407,225984,23/24,Knee injury,2023-08-08,2023-10-14,68,7.0
210407,225984,24/25,Muscle fatigue,2025-04-21,2025-04-25,5,
210462,375885,18/19,Tendon rupture,2018-10-20,2019-01-01,74,11.0
210462,375885,21/22,unknown injury,2021-09-09,2021-09-23,15,4.0
210462,375885,22/23,Ill,2022-09-10,2022-09-13,4,1.0
210462,375885,22/23,Ill,2022-11-01,2022-11-04,4,1.0
210462,375885,22/23,Ill,2023-02-17,2023-02-22,6,1.0
210462,375885,23/24,Knee injury,2024-02-23,2024-03-01,8,2.0
210462,375885,24/25,Hamstring injury,2024-09-14,2025-01-20,129,24.0
210462,375885,25/26,unknown injury,2026-04-24,2026-05-05,12,2.0
210462,375885,26/27,Calf injury,2026-08-26,2026-09-06,12,2.0
210494,361914,22/23,Knock,2023-05-19,2023-05-25,7,1.0
210494,361914,23/24,Ill,2023-12-19,2023-12-29,11,3.0
210494,361914,23/24,Knock,2024-03-08,2024-03-09,2,
210494,361914,23/24,Shoulder injury,2024-04-02,2024-04-05,4,1.0
210494,361914,23/24,Injury to the ankle,2024-04-19,2024-04-28,10,2.0
210494,361914,24/25,Hamstring injury,2024-11-08,2024-11-09,2,
210494,361914,24/25,Back injury,2025-01-05,2025-01-14,10,1.0
210494,361914,24/25,Dead leg,2025-02-24,2025-03-03,8,1.0
210494,361914,24/25,Knee injury,2025-03-26,2025-03-30,5,1.0
210494,361914,24/25,Achilles tendon contusion,2025-04-02,2025-05-05,34,4.0
210494,361914,24/25,Knee injury,2025-05-10,2025-05-25,16,4.0
210494,361914,25/26,Head injury,2025-09-15,2025-09-20,6,1.0
210494,361914,25/26,Pubalgia,2025-11-09,2025-11-26,18,4.0
210494,361914,25/26,Ill,2026-02-07,2026-02-09,3,1.0
210494,361914,25/26,Groin injury,2026-03-04,2026-07-28,147,10.0
211975,284730,18/19,Capsular injury,2018-11-29,2018-12-05,7,1.0
211975,284730,18/19,Torn muscle fiber in the adductor area,2018-12-19,2018-12-31,13,1.0
211975,284730,18/19,Hip injury,2019-01-01,2019-02-20,51,7.0
211975,284730,19/20,muscular problems,2020-06-16,2020-06-30,15,3.0
211975,284730,20/21,Corona virus,2020-10-07,2020-10-21,15,5.0
211975,284730,20/21,Knee problems,2020-12-03,2020-12-09,7,2.0
211975,284730,20/21,Torn muscle fiber,2021-02-19,2021-03-14,24,6.0
211975,284730,21/22,Knee surgery,2021-12-06,2022-01-10,36,5.0
211975,284730,21/22,Calf problems,2022-01-23,2022-02-01,10,
211975,284730,21/22,Torn muscle fiber,2022-02-18,2022-03-17,28,5.0
211975,284730,21/22,minor knock,2022-03-28,2022-03-31,4,1.0
211975,284730,23/24,unknown injury,2024-01-07,2024-01-31,25,2.0
211975,284730,24/25,Adductor injury,2024-11-11,2024-11-19,9,2.0
211975,284730,24/25,unknown injury,2024-12-04,2024-12-20,17,3.0
211975,284730,24/25,Adductor injury,2025-02-12,2025-04-13,61,13.0
212314,245056,17/18,Muscle injury,2017-11-15,2017-12-06,22,4.0
212314,245056,17/18,Torn muscle fiber,2018-03-28,2018-04-11,15,2.0
212314,245056,19/20,Calf problems,2019-09-17,2019-09-27,11,2.0
212314,245056,19/20,bruise,2019-12-06,2019-12-10,5,1.0
212314,245056,20/21,Corona virus,2020-11-21,2020-12-05,15,3.0
212314,245056,21/22,flu,2022-03-04,2022-03-07,4,1.0
212314,245056,22/23,Calf problems,2022-11-09,2022-11-21,13,3.0
212314,245056,22/23,Hamstring injury,2023-01-15,2023-01-27,13,2.0
212314,245056,23/24,Knee injury,2023-08-27,2023-10-01,36,7.0
212314,245056,23/24,Calf injury,2024-05-09,2024-05-20,12,2.0
212314,245056,24/25,Shoulder injury,2024-10-12,2024-11-22,42,7.0
212314,245056,24/25,Knock,2025-05-05,2025-05-16,12,1.0
212314,245056,25/26,Groin injury,2025-10-04,2025-10-24,21,3.0
212314,245056,25/26,Groin injury,2025-12-18,2025-12-21,4,
212314,245056,25/26,Hamstring injury,2026-01-18,2026-03-03,45,7.0
212319,378710,20/21,Head injury,2020-12-25,2020-12-31,7,1.0
212319,378710,20/21,bruise,2021-01-02,2021-01-11,10,1.0
212319,378710,21/22,Knee injury,2021-09-13,2021-10-22,40,8.0
212319,378710,21/22,Calf injury,2021-12-12,2022-01-12,32,3.0
212319,378710,22/23,Calf injury,2022-10-15,2022-11-08,25,6.0
212319,378710,22/23,Hamstring injury,2022-12-09,2023-01-13,36,4.0
212319,378710,23/24,Groin surgery,2023-11-10,2023-12-03,24,4.0
212319,378710,23/24,Knee injury,2024-02-18,2024-03-11,23,2.0
212319,378710,23/24,Knee injury,2024-04-05,2024-04-19,15,2.0
212319,378710,23/24,Hamstring injury,2024-05-10,2024-07-14,66,9.0
212319,378710,24/25,unknown injury,2024-08-27,2024-10-19,54,12.0
212319,378710,24/25,Hamstring injury,2024-11-03,2025-01-14,73,18.0
212319,378710,24/25,Groin injury,2025-01-26,2025-01-29,4,
212319,378710,24/25,Calf injury,2025-02-06,2025-04-03,57,10.0
212319,378710,25/26,Hamstring injury,2026-01-10,2026-02-21,43,7.0
212325,377393,16/17,Hamstring injury,2017-02-09,2017-03-02,22,3.0
212325,377393,17/18,Groin injury,2018-05-07,2018-05-31,25,2.0
212325,377393,18/19,Dead leg,2018-10-12,2018-11-22,42,5.0
212325,377393,18/19,Injury to the ankle,2019-01-04,2019-01-24,21,4.0
212325,377393,20/21,Wrist fracture,2020-12-11,2021-01-10,31,6.0
212325,377393,21/22,Ill,2021-09-12,2021-09-17,6,
212325,377393,21/22,Corona virus,2021-12-12,2021-12-18,7,1.0
212325,377393,21/22,Dead leg,2022-04-17,2022-04-24,8,
212325,377393,22/23,Knock,2022-10-05,2022-10-10,6,1.0
212325,377393,22/23,flu,2022-12-26,2022-12-30,5,1.0
212325,377393,23/24,Broken fibula,2024-04-29,2024-10-03,158,10.0
212325,377393,24/25,Peroneus tendon injury,2024-11-25,2024-12-31,37,6.0
212325,377393,25/26,Shin injury,2025-11-24,2026-02-10,79,11.0
212701,334526,20/21,Knee problems,2021-02-07,2021-02-16,10,1.0
212701,334526,21/22,Corona virus,2021-07-26,2021-08-09,15,
212701,334526,21/22,Fitness,2021-08-10,2021-08-15,6,1.0
212701,334526,21/22,Corona virus,2021-12-29,2022-01-10,13,1.0
212701,334526,21/22,strain,2022-01-14,2022-01-16,3,1.0
212701,334526,21/22,Adductor injury,2022-02-26,2022-03-31,34,7.0
212701,334526,21/22,Thigh problems,2022-05-15,2022-05-21,7,1.0
212701,334526,22/23,Hamstring injury,2023-01-13,2023-02-13,32,4.0
212701,334526,23/24,Hamstring injury,2024-05-02,2024-06-20,50,7.0
212701,334526,24/25,Knee bruise,2024-10-07,2024-10-17,11,2.0
212701,334526,24/25,Adductor injury,2024-10-27,2024-11-10,15,4.0
212701,334526,24/25,Hamstring injury,2024-12-08,2024-12-31,24,4.0
212701,334526,24/25,Ill,2025-01-11,2025-01-16,6,1.0
212701,334526,24/25,muscular problems,2025-06-06,2025-06-30,25,2.0
212701,334526,25/26,Adductor injury,2025-09-17,2025-11-17,62,14.0
212723,291739,20/21,Knee problems,2020-09-04,2020-10-15,42,8.0
212723,291739,20/21,Hamstring injury,2020-12-02,2021-01-12,42,7.0
212723,291739,20/21,Adductor pain,2021-04-26,2021-05-03,8,1.0
212723,291739,22/23,Bone edema,2022-11-12,2022-12-11,30,2.0
212723,291739,23/24,Hamstring strain,2023-11-17,2023-12-16,30,7.0
212723,291739,23/24,Adductor pain,2024-02-08,2024-02-15,8,1.0
212723,291739,23/24,Hamstring strain,2024-05-07,2024-05-13,7,1.0
212723,291739,24/25,Hamstring strain,2024-10-16,2024-11-05,21,4.0
212723,291739,24/25,Calf strain,2024-12-14,2025-01-05,23,3.0
212723,291739,24/25,unknown injury,2025-05-18,2025-06-02,16,2.0
212723,291739,25/26,Ill,2025-08-07,2025-08-10,4,1.0
212723,291739,25/26,Muscle injury,2025-08-24,2025-09-09,17,4.0
212723,291739,25/26,Rest,2025-09-18,2025-09-20,3,1.0
212723,291739,25/26,Bone edema,2026-05-01,2026-05-13,13,3.0
212723,291739,25/26,Fitness,2026-05-13,2026-05-16,4,1.0
213198,344381,18/19,Groin injury,2018-10-06,2018-10-19,14,1.0
213198,344381,20/21,Ankle problems,2020-12-10,2021-01-11,33,6.0
213198,344381,20/21,Back problems,2021-05-03,2021-05-10,8,1.0
213198,344381,21/22,Corona virus,2021-12-30,2022-01-06,8,
213198,344381,22/23,Wrist injury,2022-10-17,2022-10-20,4,1.0
213198,344381,22/23,Torn lateral knee ligament,2022-11-15,2023-02-06,84,12.0
213198,344381,22/23,Fitness,2023-02-07,2023-02-17,11,1.0
213198,344381,22/23,Torn muscle fiber,2023-03-04,2023-04-12,40,8.0
213198,344381,23/24,Knee injury,2023-08-03,2023-11-20,110,20.0
213198,344381,23/24,Fitness,2023-11-01,2023-12-14,44,9.0
213198,344381,23/24,Hip injury,2024-01-05,2024-01-28,24,5.0
213198,344381,23/24,Hamstring injury,2024-02-26,2024-05-03,68,14.0
213198,344381,24/25,Knock,2025-04-30,2025-05-26,27,6.0
213198,344381,25/26,Foot injury,2025-10-16,2025-10-22,7,1.0
213198,344381,25/26,Ankle problems,2026-01-01,2026-01-09,9,2.0
214225,297212,18/19,Metatarsal fracture,2019-01-19,2019-04-04,76,15.0
214225,297212,19/20,Ankle injury,2019-10-25,2020-01-20,88,18.0
214225,297212,19/20,Ankle injury,2020-02-13,2020-02-15,3,1.0
214225,297212,21/22,unknown injury,2021-08-16,2021-09-07,23,6.0
214225,297212,22/23,flu,2022-11-04,2022-11-07,4,1.0
214225,297212,25/26,Ankle injury,2025-12-29,2026-01-05,8,2.0
214225,297212,25/26,Ankle injury,2026-04-05,2026-04-17,13,1.0
214225,297212,26/27,Hamstring injury,2026-08-31,2026-11-08,70,2.0
214285,338070,20/21,Fever,2020-09-02,2020-09-04,3,1.0
214285,338070,20/21,Quarantine,2020-09-04,2020-09-19,16,2.0
214285,338070,20/21,Thigh problems,2020-09-25,2020-11-03,40,11.0
214285,338070,20/21,Knee injury,2020-12-10,2021-01-20,42,8.0
214285,338070,22/23,Bruised ribs,2023-03-27,2023-03-31,5,
214285,338070,23/24,Rest,2023-11-20,2023-11-22,3,1.0
214285,338070,23/24,Broken collarbone,2023-12-23,2024-02-06,46,9.0
214285,338070,24/25,Ankle injury,2024-11-23,2024-12-16,24,6.0
214285,338070,25/26,flu,2026-05-21,2026-05-25,5,1.0
214590,477758,18/19,Shoulder injury,2018-11-11,2018-11-23,13,2.0
214590,477758,18/19,Hamstring injury,2019-02-10,2019-03-02,21,3.0
214590,477758,19/20,Back injury,2019-09-03,2019-09-13,11,
214590,477758,19/20,Tonsillitis,2019-09-27,2019-10-19,23,3.0
214590,477758,19/20,Back injury,2020-03-02,2020-03-07,6,1.0
214590,477758,21/22,Hand injury,2021-11-29,2021-12-04,6,1.0
214590,477758,21/22,Ill,2022-01-14,2022-01-23,10,3.0
214590,477758,22/23,Back problems,2022-09-12,2022-10-25,44,8.0
214590,477758,23/24,Hamstring injury,2023-09-16,2023-10-30,45,9.0
214590,477758,23/24,unknown injury,2024-01-01,2024-03-13,73,9.0
214590,477758,25/26,Ill,2025-09-12,2025-10-03,22,3.0
214964,385848,19/20,Ill,2019-12-02,2019-12-13,12,3.0
214964,385848,20/21,Quarantine,2020-11-02,2020-11-16,15,2.0
215059,403151,22/23,Knock,2023-05-13,2023-05-29,17,5.0
215059,403151,23/24,Knee injury,2023-12-11,2024-02-15,67,14.0
215059,403151,23/24,unknown injury,2024-03-27,2024-05-31,66,12.0
215059,403151,23/24,Ill,2024-04-09,2024-04-16,8,1.0
215059,403151,25/26,Muscle injury,2026-01-03,2026-01-06,4,1.0
215059,403151,25/26,Head injury,2026-05-04,2026-05-12,9,1.0
215379,567576,20/21,Quarantine,2020-10-08,2020-10-22,15,2.0
215379,567576,22/23,minor knock,2022-10-21,2022-11-03,14,2.0
215379,567576,22/23,Calf problems,2023-01-11,2023-01-18,8,1.0
215379,567576,23/24,Back injury,2023-10-23,2024-02-25,126,25.0
215379,567576,24/25,Foot injury,2024-11-13,2024-11-28,16,3.0
215413,475188,21/22,Calf injury,2022-04-29,2022-05-03,5,1.0
215413,475188,24/25,Knock,2024-12-25,2025-01-16,23,5.0
215413,475188,25/26,Hamstring injury,2025-12-13,2026-01-20,39,7.0
215457,392774,23/24,Hamstring injury,2023-08-16,2023-09-13,29,3.0
215457,392774,24/25,Hamstring injury,2024-08-18,2024-09-25,39,5.0
215457,392774,24/25,Hamstring injury,2025-01-22,2025-03-05,43,7.0
215457,392774,25/26,Knee surgery,2025-06-01,2025-08-25,86,4.0
215457,392774,25/26,Knee injury,2025-09-06,,370,51.0
215460,392763,20/21,Ankle injury,2021-02-01,2021-03-05,33,9.0
215460,392763,21/22,Broken ankle,2021-11-20,2022-04-20,152,26.0
215476,393325,19/20,Torn muscle fiber,2019-12-05,2019-12-31,27,4.0
215476,393325,20/21,Ankle problems,2020-11-27,2020-12-03,7,1.0
215476,393325,21/22,Ankle injury,2022-03-30,2022-07-01,94,13.0
215476,393325,22/23,Ankle injury,2023-02-20,2023-03-06,15,3.0
215476,393325,23/24,Ankle surgery,2023-08-27,2023-12-28,124,28.0
215476,393325,24/25,Groin surgery,2024-11-01,2025-01-08,69,16.0
215476,393325,25/26,concussion,2025-12-09,2025-12-23,15,2.0
215476,393325,25/26,Thigh problems,2026-04-30,2026-05-21,22,4.0
215531,303657,16/17,Shoulder injury,2016-09-01,2017-04-20,232,38.0
215531,303657,18/19,unknown injury,2019-03-08,2019-03-11,4,1.0
215531,303657,20/21,Corona virus,2020-10-09,2020-10-28,20,4.0
215531,303657,22/23,Elbow injury,2022-10-14,2023-01-20,99,13.0
215531,303657,22/23,Hamstring strain,2023-04-16,2023-04-23,8,2.0
215531,303657,22/23,surgery,2023-06-04,2023-07-09,36,2.0
215531,303657,25/26,muscular problems,2026-05-28,2026-06-30,34,
215711,387626,21/22,Thigh problems,2021-12-05,2022-02-10,68,13.0
215711,387626,21/22,Ligament injury,2022-05-01,2022-05-31,31,5.0
215711,387626,22/23,Muscle injury,2022-10-08,2022-10-14,7,1.0
215711,387626,22/23,Hamstring injury,2023-04-08,2023-05-01,24,4.0
215711,387626,23/24,Hamstring injury,2023-09-27,2023-10-07,11,1.0
215711,387626,23/24,Ill,2024-05-18,2024-05-31,14,1.0
215711,387626,24/25,Hamstring injury,2024-09-02,2024-09-17,16,3.0
215711,387626,24/25,Thigh problems,2024-12-13,2024-12-15,3,1.0
215711,387626,24/25,unknown injury,2025-02-14,2025-02-20,7,2.0
215711,387626,24/25,unknown injury,2025-03-26,2025-04-14,20,5.0
215711,387626,25/26,Muscle injury,2025-08-20,2025-10-17,59,12.0
215711,387626,25/26,Hamstring muscle injury,2025-11-03,2025-11-25,23,5.0
215711,387626,25/26,muscular problems,2025-12-21,2026-01-13,24,4.0
215711,387626,25/26,unknown injury,2026-01-17,2026-01-23,7,3.0
215711,387626,26/27,Muscle strain,2026-08-01,,41,6.0
216055,357162,19/20,Meniscus injury,2019-09-11,2019-10-14,34,6.0
216055,357162,20/21,Corona virus,2021-01-05,2021-01-19,15,3.0
216055,357162,24/25,Muscle injury,2025-02-16,2025-03-09,22,
216055,357162,24/25,bruise,2025-06-18,2025-06-25,8,
216055,357162,26/27,Calf problems,2026-08-19,,23,3.0
216058,391719,18/19,Shoulder injury,2019-04-10,2019-07-10,92,7.0
216058,391719,19/20,Groin injury,2019-10-30,2019-11-29,31,3.0
216058,391719,19/20,Muscle strain,2020-01-05,2020-01-11,7,
216058,391719,20/21,Hamstring injury,2020-12-17,2021-02-12,58,10.0
216058,391719,23/24,Adductor injury,2023-08-02,2023-08-15,14,1.0
216058,391719,23/24,unknown injury,2023-11-23,2023-12-02,10,1.0
216058,391719,23/24,unknown injury,2024-05-08,2024-05-12,5,1.0
216058,391719,24/25,unknown injury,2025-02-05,2025-03-08,32,2.0
216058,391719,25/26,Muscle injury,2025-12-05,2025-12-09,5,
216058,391719,25/26,Muscle injury,2026-04-01,2026-04-16,16,3.0
216094,484547,19/20,Knock,2019-11-25,2019-11-28,4,
216094,484547,21/22,Syndesmotic ligament tear,2022-03-14,2022-05-05,53,9.0
216094,484547,23/24,unknown injury,2023-11-16,2023-11-23,8,2.0
216094,484547,25/26,Hamstring muscle injury,2025-08-21,2025-09-10,21,4.0
216094,484547,25/26,Hamstring injury,2025-10-23,2025-12-15,54,14.0
216094,484547,25/26,Hamstring injury,2026-01-28,2026-02-25,29,5.0
216094,484547,25/26,Muscle injury,2026-05-15,2026-05-24,10,1.0
216183,314678,19/20,Hamstring injury,2019-07-13,2019-08-16,35,
216183,314678,19/20,Hamstring injury,2019-08-20,2019-09-13,25,4.0
216183,314678,20/21,Thigh problems,2021-01-27,2021-02-20,25,4.0
216183,314678,20/21,unknown injury,2021-03-31,2021-04-07,8,1.0
216183,314678,21/22,Corona virus,2021-10-15,2021-10-27,13,4.0
216183,314678,22/23,Contracture,2022-10-22,2022-10-25,4,
216183,314678,22/23,Knee injury,2023-03-03,2023-03-06,4,1.0
216183,314678,24/25,Hamstring injury,2024-09-14,2024-10-25,42,10.0
216183,314678,24/25,Torn muscle fiber in the adductor area,2025-05-14,2025-05-23,10,2.0
216183,314678,24/25,unknown injury,2025-06-03,2025-06-09,7,1.0
216208,293257,20/21,Knee injury,2020-09-26,2021-01-01,98,20.0
216208,293257,21/22,Shoulder injury,2022-01-03,2022-06-01,150,23.0
216208,293257,23/24,Muscle injury,2023-09-03,2023-11-28,87,18.0
216554,395797,20/21,Cruciate ligament injury,2020-12-19,2021-11-21,338,49.0
216554,395797,25/26,Achilles tendon rupture,2025-07-26,,412,60.0
216616,401320,20/21,Ankle injury,2020-10-20,2020-11-07,19,2.0
216616,401320,21/22,Broken ankle,2021-09-07,2022-02-07,154,30.0
216620,404584,18/19,Back injury,2018-09-10,2019-01-14,127,26.0
216620,404584,19/20,Hamstring injury,2020-01-12,2020-07-31,202,22.0
216646,388165,21/22,Ankle injury,2021-10-10,2021-11-20,42,8.0
216646,388165,24/25,Ankle injury,2024-09-14,2024-10-19,36,6.0
216646,388165,25/26,Knee injury,2025-08-15,2025-12-06,114,27.0
216646,388165,25/26,Bruised knee,2026-02-12,2026-02-23,12,3.0
217331,398402,21/22,Groin surgery,2022-05-30,2022-07-25,57,
217331,398402,23/24,Leg injury,2023-08-28,2023-09-01,5,1.0
217331,398402,23/24,unknown injury,2024-02-25,2024-03-10,15,4.0
217331,398402,24/25,Back problems,2024-07-01,2024-07-06,6,1.0
217331,398402,24/25,Ankle injury,2024-07-16,2024-07-26,11,2.0
217331,398402,25/26,Hamstring injury,2026-04-13,2026-04-25,13,2.0
217331,398402,25/26,Back problems,2026-04-27,2026-05-21,25,6.0
217989,400831,19/20,Muscle injury,2019-08-01,2019-08-15,15,2.0
217989,400831,20/21,unknown injury,2021-03-25,2021-04-30,37,5.0
217989,400831,21/22,unknown injury,2021-10-18,2021-12-09,53,5.0
217989,400831,23/24,Ligament injury,2023-12-15,2024-05-31,169,32.0
218112,325200,22/23,Ill,2022-10-12,2022-10-16,5,
218218,292808,17/18,Abdominal muscle strain,2018-04-13,2018-04-27,15,2.0
218218,292808,24/25,unknown injury,2025-04-11,2025-04-14,4,1.0
218218,292808,25/26,Ankle sprain,2026-01-25,2026-02-06,13,3.0
218328,401922,18/19,Ill,2019-02-20,2019-02-22,3,1.0
218328,401922,18/19,Toothache,2019-05-17,2019-05-19,3,1.0
218328,401922,20/21,Groin surgery,2021-01-16,2021-02-16,32,8.0
218328,401922,20/21,Hamstring injury,2021-05-07,2021-10-15,162,22.0
218328,401922,21/22,Muscle injury,2022-03-25,2022-04-05,12,2.0
218328,401922,22/23,Muscle injury,2022-09-19,2022-09-29,11,1.0
218328,401922,23/24,Hamstring muscle injury,2023-10-16,2023-11-06,22,5.0
218328,401922,23/24,Hamstring muscle injury,2024-05-17,2024-05-30,14,2.0
218328,401922,24/25,Hamstring muscle injury,2024-10-11,2024-10-16,6,1.0
218328,401922,24/25,Hamstring muscle injury,2024-12-29,2025-01-24,27,6.0
218328,401922,24/25,Inflammation of pubic bone,2025-05-15,2025-05-22,8,1.0
218328,401922,25/26,Calf injury,2025-10-15,2025-10-31,17,3.0
218328,401922,25/26,Calf problems,2026-02-12,2026-02-28,17,2.0
218364,293194,22/23,Adductor pain,2022-07-07,2022-08-11,36,2.0
218364,293194,22/23,cold,2022-09-26,2022-10-06,11,1.0
218364,293194,22/23,muscular problems,2022-11-10,2022-11-15,6,1.0
218364,293194,22/23,Fever,2022-12-03,2022-12-06,4,1.0
218364,293194,22/23,Adductor pain,2023-01-05,2023-02-03,30,4.0
218364,293194,22/23,muscular problems,2023-03-30,2023-04-03,5,1.0
218364,293194,22/23,infection,2023-05-20,2023-05-23,4,1.0
218364,293194,23/24,Knock,2023-10-28,2023-11-04,8,2.0
218364,293194,23/24,Knock,2024-01-20,2024-01-26,7,1.0
218364,293194,23/24,Ill,2024-03-14,2024-03-19,6,1.0
218364,293194,23/24,Ill,2024-04-03,2024-04-13,11,2.0
218364,293194,24/25,Patellar tendon tear,2024-10-19,2024-10-30,12,2.0
218364,293194,24/25,flu,2025-02-21,2025-02-25,5,1.0
218364,293194,24/25,Ankle sprain,2025-04-21,2025-06-16,57,8.0
218364,293194,25/26,Knock,2025-11-25,2025-12-05,11,3.0
218430,402733,20/21,Mononucleation,2021-02-25,2021-04-01,36,6.0
218430,402733,20/21,Thigh problems,2021-05-10,2021-05-13,4,1.0
218430,402733,20/21,Corona virus,2021-05-17,2021-06-03,18,2.0
218430,402733,21/22,Thigh problems,2021-08-05,2021-08-16,12,3.0
218430,402733,21/22,Thigh problems,2021-12-20,2022-01-03,15,1.0
218430,402733,21/22,Muscle tear,2022-02-07,2022-02-21,15,3.0
218430,402733,21/22,Knock,2022-02-28,2022-03-14,15,3.0
218430,402733,23/24,unknown injury,2023-10-19,2023-10-29,11,1.0
218430,402733,24/25,Calf muscle tear,2025-03-15,2025-04-07,24,6.0
218430,402733,24/25,muscular problems,2025-04-28,2025-05-06,9,1.0
218430,402733,24/25,muscular problems,2025-05-13,2025-06-12,31,5.0
218430,402733,25/26,Knee injury,2025-10-29,2025-11-07,10,1.0
218430,402733,25/26,Knee problems,2025-11-11,2025-11-19,9,2.0
218430,402733,25/26,Muscle tear,2026-03-23,2026-04-07,16,4.0
218430,402733,25/26,Muscle tear,2026-05-17,2026-06-07,22,3.0
219002,303259,17/18,Ankle sprain,2017-11-18,2017-12-08,21,3.0
219002,303259,19/20,Quarantine,2020-03-17,2020-03-31,15,
219002,303259,20/21,Corona virus,2021-04-15,2021-05-04,20,1.0
219002,303259,20/21,Fitness,2021-05-05,2021-05-10,6,2.0
219002,303259,21/22,Corona virus,2021-12-29,2022-01-10,13,1.0
219002,303259,23/24,Ligament stretching,2023-12-10,2024-03-01,83,15.0
219002,303259,25/26,Foot bruise,2025-08-26,2025-09-22,28,6.0
219002,303259,25/26,Broken ankle,2025-11-19,2026-02-09,83,18.0
219168,349066,21/22,Knee problems,2021-08-10,2021-08-21,12,1.0
219168,349066,21/22,Hamstring injury,2021-09-20,2021-10-05,16,3.0
219168,349066,21/22,Ankle sprain,2022-01-10,2022-01-20,11,1.0
219168,349066,22/23,Thigh problems,2022-09-20,2023-01-04,107,17.0
219168,349066,22/23,concussion,2023-02-01,2023-02-07,7,1.0
219168,349066,23/24,Groin injury,2023-10-25,2023-11-24,31,7.0
219168,349066,23/24,Groin injury,2024-01-30,2024-02-23,25,3.0
219168,349066,24/25,Broken toe,2024-09-15,2024-10-18,34,5.0
219168,349066,24/25,Hamstring injury,2025-01-11,2025-01-14,4,1.0
219168,349066,24/25,Groin injury,2025-02-25,2025-03-01,5,1.0
219168,349066,25/26,Fitness,2025-08-10,2025-09-01,23,3.0
219168,349066,25/26,Adductor pain,2025-10-23,2025-11-07,16,4.0
219168,349066,25/26,Broken fibula,2025-12-21,2026-04-05,106,24.0
219168,349066,25/26,Adductor pain,2026-05-01,2026-05-07,7,1.0
219168,349066,25/26,muscular problems,2026-05-13,2026-05-24,12,1.0
219249,406634,24/25,Ankle injury,2024-08-27,2024-11-08,74,14.0
219249,406634,24/25,Knee problems,2025-02-28,2025-03-30,31,5.0
219265,406640,19/20,unknown injury,2019-07-01,2019-10-31,123,12.0
219265,406640,21/22,Fitness,2021-08-09,2021-08-19,11,1.0
219265,406640,22/23,Thigh problems,2023-01-23,2023-02-01,10,2.0
219265,406640,23/24,Ankle problems,2023-08-09,2023-08-18,10,1.0
219265,406640,23/24,muscular problems,2023-10-28,2023-10-30,3,1.0
219265,406640,23/24,Hip problems,2023-11-13,2024-02-27,107,18.0
219265,406640,23/24,Fitness,2024-02-28,2024-03-06,8,1.0
219265,406640,24/25,Ligament injury,2025-01-25,2025-04-02,68,15.0
219265,406640,25/26,Torn lateral knee ligament,2026-03-22,2026-05-06,46,7.0
219291,395239,22/23,Broken hand,2023-01-16,2023-02-06,22,3.0
219291,395239,25/26,Shoulder injury,2025-11-01,2025-12-03,33,3.0
219352,406040,18/19,Hamstring injury,2018-07-13,2018-08-17,36,1.0
219352,406040,18/19,Groin strain,2018-08-19,2018-08-31,13,2.0
219352,406040,18/19,Knock,2018-11-14,2018-11-23,10,2.0
219352,406040,18/19,Ankle injury,2018-12-20,2019-01-11,23,4.0
219352,406040,19/20,Fitness,2019-08-12,2019-08-18,7,
219352,406040,19/20,Back problems,2019-10-27,2019-11-03,8,2.0
219352,406040,19/20,Calf injury,2020-06-20,2020-06-26,7,1.0
219352,406040,20/21,muscular problems,2021-04-07,2021-04-20,14,1.0
219352,406040,22/23,Hamstring muscle injury,2023-04-15,2023-05-20,36,6.0
219352,406040,23/24,Ankle sprain,2024-02-11,2024-02-25,15,2.0
219352,406040,24/25,Knee problems,2025-01-28,2025-02-17,21,6.0
219352,406040,25/26,Calf injury,2025-07-17,2025-08-15,30,2.0
219847,309400,19/20,muscular problems,2020-06-06,2020-06-12,7,2.0
219847,309400,20/21,Corona virus,2020-11-03,2020-11-22,20,6.0
219847,309400,20/21,Knock,2021-02-01,2021-02-20,20,4.0
219847,309400,21/22,cold,2021-09-03,2021-09-06,4,1.0
219847,309400,21/22,Corona virus,2021-12-15,2021-12-28,14,4.0
219847,309400,22/23,influenza,2023-03-26,2023-03-29,4,1.0
219847,309400,22/23,Knee injury,2023-04-24,2023-05-01,8,1.0
219847,309400,24/25,Knee problems,2024-10-06,2024-10-21,16,2.0
219847,309400,24/25,Ill,2024-12-30,2025-01-06,8,2.0
219847,309400,24/25,Hamstring injury,2025-02-11,2025-05-16,95,20.0
219847,309400,25/26,Knee injury,2025-08-18,2025-12-29,134,32.0
219847,309400,25/26,Rest,2026-01-02,2026-01-09,8,2.0
219847,309400,25/26,Rest,2026-01-24,2026-01-26,3,1.0
219847,309400,25/26,Muscle injury,2026-02-11,2026-02-27,17,4.0
219847,309400,25/26,Muscle injury,2026-04-25,2026-05-04,10,2.0
219937,503679,20/21,Groin injury,2020-11-15,2020-11-24,10,1.0
219937,503679,21/22,Knock,2021-09-11,2021-09-17,7,1.0
219937,503679,22/23,Shin injury,2022-09-14,2022-10-19,36,3.0
219937,503679,23/24,Back problems,2023-07-17,2023-08-13,28,1.0
219937,503679,23/24,unknown injury,2024-02-01,2024-04-20,80,17.0
219937,503679,24/25,unknown injury,2025-04-13,2025-06-30,79,4.0
219961,411295,18/19,unknown injury,2019-04-04,2019-04-10,7,1.0
219961,411295,19/20,Ill,2019-10-14,2019-10-21,8,1.0
219961,411295,19/20,Back injury,2020-02-05,2020-02-07,3,
219961,411295,20/21,Ankle injury,2020-10-26,2020-11-06,12,1.0
219961,411295,20/21,Hamstring injury,2021-04-12,2021-05-03,22,3.0
219961,411295,21/22,Ill,2021-11-19,2021-11-22,4,1.0
219961,411295,21/22,Corona virus,2022-03-17,2022-03-31,15,3.0
219961,411295,23/24,Muscle injury,2023-09-30,2023-10-27,28,6.0
219961,411295,23/24,Muscle injury,2024-01-12,2024-02-10,30,7.0
219961,411295,23/24,Knock,2024-03-08,2024-03-10,3,
219961,411295,25/26,Hamstring injury,2025-09-26,2025-11-22,58,13.0
219961,411295,25/26,Dead leg,2026-01-15,2026-01-21,7,1.0
219961,411295,25/26,Hamstring strain,2026-02-02,2026-02-14,13,3.0
219961,411295,25/26,Hamstring injury,2026-03-28,2026-04-30,34,7.0
219961,411295,25/26,Hamstring injury,2026-06-21,2026-07-03,13,2.0
220087,263361,22/23,Hamstring injury,2023-03-24,2023-04-15,23,4.0
220087,263361,23/24,cold,2023-08-28,2023-08-30,3,
220087,263361,23/24,Ill,2023-12-01,2023-12-08,8,2.0
220087,263361,23/24,infection,2024-01-15,2024-01-29,15,2.0
220087,263361,23/24,Fitness,2024-01-29,2024-02-05,8,1.0
220087,263361,23/24,muscular problems,2024-03-10,2024-03-14,5,1.0
220087,263361,23/24,Torn muscle fiber,2024-04-21,2024-05-20,30,4.0
220087,263361,24/25,Knee surgery,2024-09-13,2024-10-28,46,10.0
220087,263361,24/25,unknown injury,2024-12-20,2024-12-30,11,3.0
220087,263361,24/25,Knee surgery,2025-02-10,2025-03-30,49,10.0
220087,263361,25/26,Hamstring injury,2025-08-16,2025-12-04,111,12.0
220087,263361,25/26,Fitness,2025-12-05,2025-12-15,11,2.0
220087,263361,25/26,Muscle injury,2026-01-06,2026-04-07,92,13.0
220087,263361,25/26,Fitness,2026-04-08,2026-04-16,9,1.0
220087,263361,25/26,Ill,2026-05-12,2026-05-18,7,1.0
220237,361093,17/18,Kidney problems,2018-01-20,2018-02-16,28,4.0
220237,361093,21/22,Groin injury,2021-10-13,2021-11-29,48,11.0
220237,361093,21/22,Hamstring injury,2022-03-17,2022-04-23,38,7.0
220237,361093,22/23,Virus,2023-03-23,2023-03-30,8,
220237,361093,23/24,Ankle injury,2023-08-27,2023-09-15,20,1.0
220237,361093,23/24,Knee injury,2023-09-28,2023-12-15,79,16.0
220237,361093,23/24,Cruciate ligament surgery,2024-03-20,2024-12-13,269,28.0
220237,361093,24/25,Broken kneecap,2025-02-05,2025-03-06,30,5.0
220237,361093,24/25,Knee problems,2025-03-07,2025-04-23,48,7.0
220237,361093,25/26,Hamstring injury,2025-11-28,2026-01-02,36,9.0
220237,361093,25/26,Back problems,2026-02-17,2026-02-22,6,2.0
220362,386047,21/22,Corona virus,2021-12-30,2022-01-12,14,2.0
220362,386047,23/24,Muscle injury,2023-10-08,2023-10-19,12,2.0
220362,386047,23/24,unknown injury,2024-04-13,2024-04-18,6,1.0
220362,386047,23/24,unknown injury,2024-05-01,2024-05-05,5,1.0
220362,386047,24/25,Groin surgery,2024-06-07,2024-08-07,62,
220585,506189,20/21,Knee injury,2020-10-04,2020-12-31,89,
220585,506189,21/22,Corona virus,2021-08-19,2021-08-29,11,3.0
220585,506189,24/25,Thigh problems,2024-12-27,2025-01-16,21,3.0
220585,506189,24/25,Knock,2025-01-26,2025-02-17,23,3.0
220598,444208,18/19,Hamstring injury,2018-12-02,2018-12-21,20,6.0
220598,444208,18/19,Hamstring injury,2018-12-23,2019-02-23,63,10.0
220598,444208,18/19,Hamstring injury,2019-02-25,2019-06-30,126,15.0
220598,444208,19/20,Hamstring injury,2019-08-29,2019-09-25,28,5.0
220598,444208,20/21,surgery,2020-12-30,2021-05-01,123,25.0
220598,444208,21/22,unknown injury,2021-09-20,2021-10-21,32,8.0
220598,444208,22/23,Hamstring injury,2022-11-18,2023-02-06,81,11.0
220598,444208,22/23,Hamstring injury,2023-06-19,2023-11-09,144,18.0
220598,444208,24/25,Groin injury,2024-12-21,2024-12-30,10,2.0
220598,444208,24/25,Ill,2025-02-10,2025-02-17,8,2.0
220598,444208,24/25,unknown injury,2025-02-20,2025-03-03,12,2.0
220598,444208,25/26,Ankle surgery,2026-02-16,2026-06-30,135,15.0
220650,338673,17/18,Hamstring strain,2018-01-06,2018-01-21,16,4.0
220650,338673,17/18,concussion,2018-02-07,2018-02-19,13,2.0
220650,338673,20/21,Knee injury,2020-10-18,2020-11-08,22,6.0
220650,338673,24/25,Partial muscle tear,2024-09-21,2024-10-15,25,2.0
220650,338673,24/25,minor knock,2025-03-28,2025-04-09,13,1.0
220650,338673,25/26,Ankle injury,2025-09-10,2025-10-01,22,3.0
220650,338673,25/26,Muscle injury,2025-12-07,2025-12-15,9,1.0
220682,503769,24/25,Wrist fracture,2024-11-09,2024-12-27,49,10.0
220684,502065,22/23,Ankle injury,2022-10-18,2022-11-28,42,5.0
220684,502065,22/23,Foot injury,2022-12-25,2023-01-14,21,4.0
220684,502065,22/23,Thigh problems,2023-03-04,2023-05-14,72,12.0
220684,502065,23/24,Thigh problems,2023-06-01,2023-12-15,198,22.0
220684,502065,23/24,Ankle injury,2024-01-15,2024-03-20,66,18.0
220684,502065,24/25,Ankle injury,2024-08-26,2024-11-10,77,12.0
220684,502065,25/26,Shoulder injury,2025-01-13,2025-12-03,325,37.0
220684,502065,25/26,Hamstring injury,2026-02-08,2026-05-15,97,17.0
220686,433186,20/21,Corona virus,2021-01-15,2021-01-30,16,3.0
220693,433184,20/21,Hamstring injury,2020-09-19,2021-02-10,145,22.0
220695,470596,24/25,Ankle injury,2024-06-01,2024-10-19,141,9.0
220695,470596,25/26,Hamstring injury,2025-08-01,2025-10-20,81,
220738,357656,23/24,Foot injury,2024-01-05,2024-05-31,148,26.0
221267,419929,20/21,Foot injury,2020-10-28,2020-11-01,5,1.0
221267,419929,22/23,Ankle injury,2022-08-14,2022-09-12,30,
221267,419929,22/23,Ankle injury,2022-09-16,2022-11-01,47,
221267,419929,22/23,Ankle injury,2023-02-04,2023-03-01,26,
221275,432293,23/24,Broken arm,2023-07-29,2023-11-16,111,19.0
221389,432914,20/21,Corona virus,2021-01-10,2021-01-17,8,2.0
221389,432914,21/22,Meniscus injury,2021-08-03,2021-12-01,121,27.0
221389,432914,23/24,muscular problems,2023-10-30,2023-11-15,17,3.0
221389,432914,23/24,Hamstring injury,2024-02-06,2024-04-02,57,13.0
221389,432914,25/26,Knee surgery,2026-01-04,2026-05-16,133,27.0
221399,417346,15/16,Hip injury,2016-03-01,2016-05-17,78,11.0
221399,417346,18/19,Muscle injury,2018-10-10,2018-10-21,12,1.0
221399,417346,18/19,Muscle injury,2018-10-25,2018-10-31,7,1.0
221399,417346,23/24,Hip injury,2023-07-01,2023-09-21,83,8.0
221403,417348,19/20,Ankle sprain,2020-08-26,2020-09-07,13,3.0
221403,417348,23/24,Hamstring injury,2024-02-26,2024-05-28,93,18.0
221403,417348,24/25,Muscle injury,2025-03-03,2025-05-30,89,17.0
221403,417348,25/26,Hamstring injury,2026-04-24,2026-05-31,38,6.0
221466,469781,19/20,Arm injury,2019-11-10,2019-11-20,11,
221466,469781,20/21,Quarantine,2021-04-02,2021-04-06,5,1.0
221466,469781,21/22,Groin injury,2021-08-22,2021-09-12,22,2.0
221466,469781,21/22,Groin injury,2021-10-03,2021-10-15,13,
221466,469781,21/22,Ill,2021-10-20,2021-10-23,4,1.0
221466,469781,23/24,Hamstring injury,2024-03-03,2024-04-04,33,6.0
221466,469781,24/25,Facial injury,2024-08-10,2024-08-19,10,1.0
221466,469781,24/25,Hamstring injury,2024-11-30,2025-04-01,123,21.0
221610,534700,20/21,Knock,2020-11-03,2020-12-10,38,7.0
221610,534700,23/24,Strain in the thigh and gluteal muscles,2023-11-01,2023-11-22,22,2.0
221610,534700,23/24,Strain in the thigh and gluteal muscles,2023-12-11,2024-01-05,26,6.0
221610,534700,24/25,Bruised knee,2024-08-03,2024-08-30,28,5.0
221610,534700,24/25,Foot injury,2024-12-15,,635,75.0
221632,355915,20/21,Corona virus,2021-01-29,2021-02-02,5,1.0
221632,355915,20/21,muscular problems,2021-06-10,2021-06-15,6,1.0
221632,355915,21/22,Knee injury,2021-06-23,2021-07-10,18,3.0
221632,355915,21/22,Knee injury,2021-08-20,2021-08-25,6,1.0
221632,355915,21/22,Quarantine,2021-09-09,2021-09-17,9,3.0
221632,355915,21/22,Hamstring injury,2021-11-17,2022-02-05,81,17.0
221632,355915,21/22,Hip problems,2022-05-12,2022-05-26,15,3.0
221632,355915,22/23,Adductor pain,2022-08-18,2022-09-02,16,3.0
221632,355915,22/23,Hamstring injury,2022-10-28,2022-11-19,23,6.0
221632,355915,23/24,Hamstring strain,2023-12-24,2024-01-12,20,3.0
221632,355915,24/25,Ankle injury,2024-11-03,2024-11-08,6,1.0
221632,355915,24/25,Toe injury,2024-11-22,2024-12-06,15,4.0
221632,355915,24/25,Hamstring injury,2024-12-08,2025-03-03,86,20.0
221632,355915,25/26,Adductor injury,2025-10-19,2025-10-31,13,4.0
221632,355915,25/26,Knee injury,2026-04-12,2026-06-06,56,6.0
221820,480762,19/20,Hamstring injury,2019-07-05,2019-07-25,21,1.0
221820,480762,20/21,Knock,2020-09-13,2020-09-19,7,1.0
221820,480762,21/22,unknown injury,2021-12-21,2021-12-31,11,1.0
221820,480762,21/22,Muscle injury,2022-03-21,2022-05-22,63,9.0
221820,480762,22/23,Metatarsal fracture,2023-04-14,2023-06-30,78,14.0
221820,480762,23/24,Foot injury,2023-09-21,2024-01-04,106,26.0
221820,480762,23/24,Knee injury,2024-02-04,2024-03-29,55,9.0
221820,480762,23/24,Calf strain,2024-04-02,2024-05-01,30,6.0
221820,480762,24/25,Back problems,2024-11-23,2024-11-25,3,1.0
221820,480762,24/25,Cruciate ligament injury,2025-02-03,2025-11-21,292,44.0
221820,480762,25/26,Calf injury,2026-02-23,2026-04-08,45,8.0
221820,480762,26/27,Hamstring injury,2026-07-19,2026-08-10,23,
222018,468002,18/19,Calf injury,2019-03-01,2019-03-08,8,1.0
222683,330659,17/18,Muscle injury,2017-08-24,2017-09-07,15,1.0
222683,330659,18/19,Muscle injury,2018-10-20,2018-11-02,14,2.0
222683,330659,18/19,Adductor injury,2019-04-27,2019-05-04,8,
222683,330659,19/20,Hamstring injury,2019-12-02,2020-01-14,44,6.0
222683,330659,20/21,Calf injury,2020-12-17,2021-01-11,26,4.0
222683,330659,20/21,Ankle injury,2021-01-31,2021-02-09,10,2.0
222683,330659,21/22,Hamstring strain,2021-08-29,2021-09-13,16,4.0
222683,330659,21/22,Hamstring injury,2021-09-25,2021-11-08,45,9.0
222683,330659,22/23,unknown injury,2023-01-31,2023-02-07,8,2.0
222683,330659,22/23,Hamstring injury,2023-04-09,2023-05-05,27,5.0
222683,330659,24/25,unknown injury,2025-04-01,2025-04-11,11,2.0
222683,330659,25/26,Calf injury,2025-07-16,2025-08-23,39,1.0
222683,330659,25/26,Adductor injury,2025-11-15,2025-11-24,10,2.0
222683,330659,25/26,Knee surgery,2026-01-04,2026-05-07,124,18.0
222690,339340,18/19,Knock,2019-01-01,2019-02-23,54,6.0
222690,339340,19/20,Ill,2019-09-04,2019-09-11,8,2.0
222690,339340,19/20,Hip injury,2020-07-01,2020-10-03,95,5.0
222690,339340,20/21,Knock,2020-11-21,2020-11-30,10,3.0
222690,339340,20/21,Ill,2021-03-26,2021-03-28,3,1.0
222690,339340,21/22,Rest,2021-12-08,2021-12-10,3,1.0
222690,339340,21/22,minor knock,2022-03-16,2022-03-19,4,1.0
222690,339340,21/22,Hamstring injury,2022-05-12,2022-05-24,13,1.0
222690,339340,23/24,Knee injury,2023-07-01,2024-11-11,500,70.0
222694,410708,21/22,Hip injury,2021-12-01,2022-01-14,45,6.0
222694,410708,23/24,Inguinal hernia,2023-11-10,2023-11-20,11,1.0
222694,410708,23/24,Groin injury,2023-12-28,2024-05-14,139,27.0
222694,410708,25/26,Hip problems,2026-02-07,2026-02-20,14,2.0
223081,418561,18/19,Ligament injury,2019-04-22,2019-05-20,29,6.0
223081,418561,24/25,unknown injury,2025-02-15,2025-05-10,85,10.0
223094,418560,20/21,muscular problems,2021-04-29,2021-05-03,5,1.0
223094,418560,20/21,minor knock,2021-05-06,2021-05-10,5,1.0
223094,418560,21/22,muscular problems,2021-09-23,2021-10-11,19,4.0
223094,418560,21/22,Hip flexor problems,2021-10-21,2021-11-25,36,9.0
223094,418560,21/22,muscular problems,2022-01-24,2022-03-07,43,6.0
223094,418560,21/22,Ill,2022-05-05,2022-05-05,1,
223094,418560,22/23,Foot bruise,2022-10-26,2022-11-04,10,2.0
223094,418560,22/23,Groin problems,2023-03-21,2023-04-03,14,3.0
223094,418560,23/24,Ankle injury,2023-11-05,2023-11-06,2,
223094,418560,23/24,Ankle injury,2023-11-17,2023-11-24,8,1.0
223094,418560,23/24,Stress reaction of the bone,2023-12-09,2024-01-31,54,10.0
223094,418560,23/24,Muscle injury,2024-04-18,2024-04-26,9,2.0
223094,418560,24/25,Knee problems,2025-02-16,2025-02-25,10,1.0
223094,418560,24/25,Ankle injury,2025-03-31,2025-05-01,32,6.0
223094,418560,25/26,Knock,2026-02-26,2026-03-01,4,1.0
223335,502074,23/24,unknown injury,2023-08-17,2023-08-30,14,2.0
223336,570336,23/24,Ankle injury,2024-04-20,2024-06-30,72,3.0
223337,504051,22/23,Ankle injury,2022-08-12,,1491,25.0
223434,380350,16/17,bruise,2016-11-24,2016-12-31,38,1.0
223434,380350,17/18,Achilles tendon irritation,2017-08-05,2017-08-17,13,2.0
223434,380350,20/21,unknown injury,2021-03-03,2021-04-16,45,5.0
223434,380350,22/23,unknown injury,2022-08-09,2022-08-23,15,3.0
223434,380350,24/25,Hamstring injury,2025-01-05,2025-05-01,117,18.0
223434,380350,25/26,Hamstring injury,2025-08-15,2025-09-01,18,3.0
223541,341092,22/23,Muscle fatigue,2023-01-28,2023-01-31,4,1.0
223541,341092,22/23,Muscle fatigue,2023-02-17,2023-02-24,8,2.0
223541,341092,22/23,Muscle fatigue,2023-03-09,2023-03-14,6,1.0
223541,341092,22/23,Knee problems,2023-03-19,2023-04-03,16,3.0
223541,341092,22/23,Tendon irritation,2023-09-08,2023-09-15,8,2.0
223541,341092,23/24,muscular problems,2023-10-05,2023-10-22,18,3.0
223541,341092,23/24,muscular problems,2023-12-20,2023-12-25,6,1.0
223541,341092,23/24,unknown injury,2024-01-06,2024-01-12,7,2.0
223541,341092,23/24,Knee problems,2024-01-20,2024-01-30,11,2.0
223541,341092,23/24,unknown injury,2024-09-30,2024-12-11,73,14.0
223541,341092,24/25,Muscle injury,2025-12-07,2025-12-11,5,1.0
223541,341092,25/26,unknown injury,2026-01-22,2026-01-26,5,1.0
223541,341092,25/26,Ill,2026-03-09,2026-03-11,3,1.0
223541,341092,25/26,unknown injury,2026-03-23,2026-04-03,12,
223541,341092,26/27,Muscle injury,2026-08-19,2026-09-27,40,4.0
223723,331560,19/20,Hamstring muscle injury,2019-10-11,2019-11-16,37,7.0
223723,331560,19/20,Hamstring injury,2020-07-22,2020-08-31,41,3.0
223723,331560,20/21,Calf injury,2021-02-26,2021-03-16,19,3.0
223723,331560,20/21,muscular problems,2021-04-03,2021-05-02,30,4.0
223723,331560,20/21,Knee problems,2021-06-09,2021-06-16,8,2.0
223723,331560,21/22,Calf injury,2022-02-20,2022-04-21,61,11.0
223723,331560,22/23,muscular problems,2022-11-03,2022-11-15,13,3.0
223723,331560,22/23,Knee surgery,2023-03-16,2023-07-01,108,15.0
223723,331560,23/24,Calf injury,2023-12-03,2023-12-30,28,6.0
223723,331560,23/24,Calf injury,2024-02-05,2024-03-20,45,6.0
223723,331560,24/25,Knee injury,2024-07-21,2024-10-02,74,11.0
223723,331560,24/25,Knee injury,2024-10-06,2025-02-18,136,33.0
223723,331560,24/25,Knee surgery,2025-02-19,2025-10-01,225,28.0
223723,331560,25/26,Fitness,2025-12-16,2026-01-23,39,6.0
223723,331560,25/26,Hamstring injury,2026-03-22,2026-04-10,20,3.0
223824,503241,24/25,Torn muscle fiber,2025-05-04,2025-07-22,80,4.0
223827,503686,19/20,Knee surgery,2019-08-13,2020-03-02,203,33.0
223827,503686,21/22,Knee surgery,2021-12-03,2022-03-01,89,12.0
223827,503686,22/23,Broken foot,2022-08-13,2022-12-22,132,21.0
223827,503686,22/23,Hamstring injury,2023-03-26,2023-07-03,100,12.0
223827,503686,24/25,Knee injury,2024-07-16,2024-08-31,47,3.0
223827,503686,24/25,Ankle injury,2024-09-25,2024-11-03,40,9.0
223827,503686,24/25,Muscle injury,2024-12-24,2025-01-10,18,4.0
223827,503686,24/25,Hamstring injury,2025-02-24,2025-05-03,69,13.0
223827,503686,25/26,Knee injury,2025-08-23,2025-09-13,22,4.0
223827,503686,25/26,Hamstring injury,2026-03-15,2026-04-15,32,2.0
224024,444523,18/19,Ankle sprain,2019-04-02,2019-04-17,16,2.0
224024,444523,19/20,Thigh problems,2019-09-22,2019-09-28,7,1.0
224024,444523,22/23,Shoulder injury,2022-10-17,2022-11-05,20,5.0
224024,444523,22/23,Shoulder injury,2023-02-11,2023-02-21,11,1.0
224024,444523,22/23,Foot injury,2023-04-07,2023-04-13,7,1.0
224024,444523,23/24,Calf injury,2024-01-07,2024-02-21,46,6.0
224024,444523,24/25,Hip injury,2025-01-30,2025-02-14,16,1.0
224024,444523,24/25,Ankle injury,2025-02-21,2025-03-10,18,2.0
224024,444523,25/26,Hamstring injury,2026-04-20,2026-05-16,27,7.0
224024,444523,25/26,Hamstring injury,2026-06-30,2026-08-08,40,3.0
224068,425306,21/22,Foot injury,2022-02-03,2022-02-17,15,
224068,425306,21/22,Hairline crack in foot,2022-02-18,2022-04-28,70,3.0
224068,425306,24/25,Ill,2025-04-11,2025-04-15,5,1.0
224209,369684,19/20,Knee problems,2019-12-13,2020-01-13,32,1.0
224209,369684,19/20,Hamstring injury,2020-02-08,2020-06-27,141,16.0
224209,369684,22/23,Knock,2022-09-01,2022-09-04,4,1.0
224209,369684,23/24,muscular problems,2024-03-02,2024-04-05,35,7.0
224209,369684,24/25,Hamstring injury,2024-10-28,2024-11-24,28,7.0
224209,369684,24/25,muscular problems,2025-04-26,2025-04-30,5,1.0
224209,369684,25/26,Muscle injury,2025-09-13,2025-10-10,28,6.0
224209,369684,25/26,Ankle injury,2026-02-15,2026-04-24,69,10.0
224444,398184,18/19,cold,2018-09-30,2018-10-05,6,1.0
224444,398184,20/21,Virus,2021-01-01,2021-01-12,12,3.0
224444,398184,21/22,Metatarsal fracture,2021-10-14,2022-01-10,89,23.0
224444,398184,21/22,Corona virus,2022-01-03,2022-01-10,8,2.0
224444,398184,23/24,Hamstring injury,2024-02-01,2024-03-29,58,11.0
224444,398184,24/25,Hamstring injury,2024-10-07,2024-11-29,54,12.0
224444,398184,24/25,Appendicitis,2025-05-14,2025-05-31,18,3.0
224444,398184,25/26,strain,2025-10-13,2025-10-20,8,2.0
224444,398184,25/26,Hamstring injury,2026-01-18,2026-01-28,11,2.0
224444,398184,25/26,Muscle strain,2026-05-16,2026-05-22,7,1.0
224860,372246,17/18,Ankle injury,2017-12-10,2018-01-26,48,9.0
224860,372246,19/20,Ankle injury,2019-08-21,2019-10-18,59,9.0
224860,372246,19/20,Muscle injury,2019-10-31,2019-11-21,22,3.0
224860,372246,20/21,Torn muscle fiber,2020-09-15,2020-10-01,17,3.0
224860,372246,21/22,Muscle injury,2021-09-20,2021-10-15,26,5.0
224860,372246,21/22,Muscle injury,2022-01-06,2022-01-20,15,3.0
225000,495993,25/26,Shin injury,2026-01-07,2026-01-21,15,3.0
225000,495993,25/26,Calf injury,2026-02-01,2026-02-13,13,1.0
225295,371256,24/25,Rest,2024-07-24,2024-07-26,3,1.0
225295,371256,25/26,Adductor pain,2025-09-12,2025-09-15,4,1.0
225295,371256,25/26,Hamstring injury,2026-02-16,2026-02-28,13,2.0
225295,371256,26/27,Muscle injury,2026-08-04,2026-08-15,12,2.0
225321,427568,19/20,Knock,2020-01-11,2020-01-17,7,1.0
225321,427568,19/20,Virus,2020-05-26,2020-05-31,6,
225321,427568,24/25,Finger injury,2024-11-11,2024-12-20,40,8.0
225321,427568,24/25,Muscle injury,2025-01-24,2025-01-30,7,1.0
225368,379980,17/18,Inguinal hernia,2017-07-14,2017-09-07,56,5.0
225368,379980,18/19,Ill,2018-07-11,2018-07-18,8,2.0
225368,379980,18/19,muscular problems,2019-03-10,2019-03-25,16,5.0
225368,379980,19/20,Cruciate ligament tear,2019-09-25,2020-09-11,353,62.0
225368,379980,20/21,Cruciate ligament injury,2021-03-18,2022-04-26,405,44.0
225368,379980,22/23,unknown injury,2023-02-09,2023-02-16,8,1.0
225368,379980,23/24,Adductor injury,2023-07-26,2023-08-24,30,4.0
225368,379980,23/24,Cruciate ligament tear,2023-10-09,2024-06-30,266,30.0
225368,379980,25/26,unknown injury,2026-02-11,2026-04-09,58,8.0
225702,424051,17/18,Thigh problems,2018-05-11,2018-06-30,51,2.0
225702,424051,18/19,Circulation problems,2019-06-21,2019-06-24,4,1.0
225702,424051,20/21,Thigh problems,2021-05-07,2021-06-30,55,5.0
225702,424051,21/22,Quarantine,2021-09-10,2021-09-17,8,1.0
225702,424051,22/23,Hamstring injury,2022-07-30,2022-09-14,47,10.0
225702,424051,22/23,Ankle sprain,2022-11-01,2022-11-07,7,2.0
225702,424051,22/23,Ankle injury,2022-11-25,2022-12-25,31,2.0
225702,424051,22/23,Hamstring injury,2023-01-03,2023-04-28,116,19.0
225702,424051,23/24,Ankle sprain,2024-02-07,2024-04-02,56,7.0
225702,424051,23/24,unknown injury,2024-04-17,2024-05-01,15,1.0
225897,296422,20/21,Metatarsal fracture,2020-09-27,2020-11-02,37,4.0
225897,296422,21/22,Ankle injury,2021-10-23,2021-10-30,8,1.0
225897,296422,21/22,Ankle problems,2021-11-02,2021-11-05,4,1.0
225897,296422,21/22,Corona virus,2022-01-12,2022-01-16,5,2.0
225897,296422,21/22,Adductor pain,2022-02-09,2022-02-12,4,1.0
225897,296422,22/23,Acromioclavicular joint dislocation,2022-12-30,2023-01-28,30,10.0
225897,296422,24/25,Injury to the ankle,2025-02-03,2025-02-22,20,2.0
225897,296422,24/25,Muscle injury,2025-03-10,2025-03-15,6,
225897,296422,24/25,Injury to the ankle,2025-03-27,2025-03-29,3,
225897,296422,25/26,Hamstring injury,2025-10-24,2025-11-22,30,4.0
225902,344605,23/24,Bruise on ankle,2023-11-27,2023-12-08,12,3.0
226182,465717,21/22,Knee problems,2022-02-14,2022-10-01,230,30.0
226182,465717,25/26,Calf injury,2026-01-02,2026-01-16,15,3.0
226473,433818,22/23,unknown injury,2022-07-30,2022-12-10,134,22.0
226473,433818,23/24,Thigh problems,2024-01-29,2024-03-06,38,8.0
226597,435338,19/20,Foot injury,2019-08-01,2019-08-25,25,2.0
226597,435338,20/21,Ill,2020-08-01,2020-08-31,31,2.0
226597,435338,20/21,Corona virus,2020-12-26,2021-01-13,19,4.0
226597,435338,21/22,Knee injury,2021-07-06,2021-08-25,51,2.0
226597,435338,24/25,Knee injury,2024-10-27,2024-11-01,6,1.0
226597,435338,24/25,Knee injury,2024-12-01,2024-12-13,13,3.0
226597,435338,24/25,Hamstring injury,2025-04-02,2025-07-14,104,14.0
226597,435338,25/26,Hamstring injury,2025-11-16,2025-12-27,42,10.0
226597,435338,25/26,Knee injury,2026-03-22,2026-04-01,11,2.0
226944,394327,16/17,Broken arm,2017-01-19,2017-03-03,44,14.0
226944,394327,17/18,Ankle injury,2017-11-16,2018-01-01,47,10.0
226944,394327,17/18,Ankle sprain,2018-04-12,2018-04-30,19,3.0
226944,394327,20/21,Muscle tear,2021-01-14,2021-02-01,19,2.0
226944,394327,21/22,Thigh problems,2021-09-23,2021-09-30,8,1.0
226944,394327,22/23,Knee injury,2022-09-15,2022-10-31,47,8.0
226944,394327,22/23,Ankle injury,2023-03-12,2023-03-18,7,1.0
226944,394327,22/23,Ankle injury,2023-04-04,2023-04-30,27,5.0
226944,394327,23/24,Knee injury,2024-02-11,2024-10-30,263,30.0
226944,394327,24/25,Thigh problems,2024-11-22,2024-11-24,3,1.0
226944,394327,24/25,Hamstring injury,2025-02-15,2025-03-03,17,3.0
226944,394327,25/26,Hamstring injury,2025-08-23,2025-09-16,25,2.0
226944,394327,25/26,Knee injury,2026-01-11,2026-07-01,172,27.0
226956,391005,20/21,Foot injury,2020-09-01,2020-12-01,92,23.0
226956,391005,24/25,Heel problems,2025-03-19,2025-04-01,14,3.0
226956,391005,24/25,Adductor pain,2025-04-17,2025-04-22,6,1.0
226956,391005,25/26,Knee injury,2025-11-08,,307,46.0
227444,413507,18/19,Fever,2019-01-27,2019-01-29,3,1.0
227444,413507,20/21,surgery,2021-05-21,2021-05-31,11,1.0
227444,413507,21/22,unknown injury,2021-10-09,2021-10-17,9,2.0
227444,413507,21/22,flu,2022-04-20,2022-04-23,4,1.0
227444,413507,22/23,Adductor pain,2022-09-08,2022-09-30,23,6.0
227444,413507,22/23,muscular problems,2023-02-19,2023-02-24,6,1.0
227444,413507,22/23,flu,2023-04-04,2023-04-07,4,1.0
227560,409106,17/18,Knock,2018-03-11,2018-04-02,23,4.0
227560,409106,17/18,Muscle injury,2018-05-08,2018-05-18,11,1.0
227560,409106,18/19,unknown injury,2018-10-17,2018-10-28,12,3.0
227560,409106,18/19,Muscle injury,2019-03-03,2019-03-14,12,2.0
227560,409106,19/20,Muscle injury,2019-10-23,2019-11-02,11,1.0
227560,409106,19/20,Knock,2020-02-01,2020-02-10,10,2.0
227560,409106,19/20,Muscle injury,2020-06-21,2020-06-25,5,1.0
227560,409106,19/20,unknown injury,2020-06-30,2020-09-18,81,10.0
227560,409106,20/21,Groin strain,2020-10-04,2020-10-15,12,2.0
227560,409106,20/21,Hamstring strain,2020-12-21,2021-01-10,21,5.0
227560,409106,20/21,Corona virus,2021-04-29,2021-05-12,14,3.0
227560,409106,21/22,Knee injury,2021-09-27,2022-02-28,155,29.0
227560,409106,24/25,Hamstring muscle injury,2025-02-09,2025-03-29,49,8.0
227560,409106,25/26,Partial muscle tear,2025-08-09,2025-09-03,26,3.0
227560,409106,25/26,Achilles tendon rupture,2025-09-06,2026-04-06,213,29.0
228044,372240,18/19,Leg injury,2018-08-15,2018-09-30,47,10.0
228044,372240,18/19,Knee injury,2018-10-05,2018-12-24,81,12.0
228044,372240,18/19,Inner ligament injury,2019-04-23,2019-11-08,200,18.0
228044,372240,19/20,Knee injury,2020-02-09,2020-02-13,5,1.0
228044,372240,20/21,Knee injury,2020-11-02,2020-11-04,3,1.0
228044,372240,22/23,Forearm fracture,2023-02-05,2023-03-16,40,5.0
228286,442531,19/20,Metacarpal fracture,2019-06-28,2019-08-15,49,3.0
228286,442531,19/20,Knee injury,2019-10-04,2019-10-23,20,3.0
228286,442531,20/21,Muscle strain,2020-10-16,2020-10-19,4,1.0
228286,442531,21/22,Bruised ribs,2021-09-14,2021-09-24,11,2.0
228286,442531,21/22,Corona virus,2022-01-07,2022-01-13,7,3.0
228286,442531,22/23,Knock,2022-12-08,2023-01-04,28,2.0
228286,442531,22/23,Shoulder injury,2023-01-05,2023-03-16,71,19.0
228286,442531,25/26,Ligament injury,2026-06-23,,80,4.0
228798,341647,21/22,Back injury,2021-11-07,2021-11-24,18,2.0
228798,341647,21/22,Back injury,2021-11-27,2021-12-03,7,2.0
228798,341647,21/22,Ill,2022-03-05,2022-03-09,5,1.0
228798,341647,21/22,Knee injury,2022-04-18,2022-04-23,6,1.0
228798,341647,23/24,Torn thigh muscle,2023-09-17,2023-10-13,27,6.0
228798,341647,23/24,Fitness,2023-10-28,2023-10-30,3,1.0
228798,341647,23/24,unknown injury,2023-11-01,2023-11-07,7,1.0
228798,341647,23/24,Groin injury,2024-03-17,2024-03-30,14,
228798,341647,23/24,Fitness,2024-03-30,2024-04-07,9,1.0
228798,341647,23/24,Hip problems,2024-04-10,2024-04-15,6,2.0
228798,341647,23/24,unknown injury,2024-05-12,2024-05-26,15,1.0
228798,341647,24/25,Groin injury,2024-10-19,2024-11-20,33,6.0
228798,341647,24/25,Fitness,2024-11-20,2024-11-24,5,1.0
228798,341647,24/25,unknown injury,2025-06-01,2025-06-22,22,1.0
228798,341647,25/26,Hamstring strain,2025-12-08,2026-01-08,32,3.0
229164,392591,20/21,Knee injury,2020-09-27,2021-02-28,155,29.0
229164,392591,23/24,unknown injury,2024-03-23,2024-05-10,49,8.0
229164,392591,24/25,Achilles tendon rupture,2024-10-27,2025-06-01,218,36.0
229164,392591,25/26,Hamstring injury,2025-11-15,2026-01-16,63,11.0
229384,430310,17/18,Wrist fracture,2018-05-01,2018-06-30,61,3.0
229384,430310,20/21,concussion,2020-11-20,2020-11-27,8,1.0
229384,430310,21/22,Ill,2022-03-18,2022-03-20,3,1.0
229384,430310,23/24,Ligament injury,2023-10-21,2023-11-11,22,4.0
230001,340456,21/22,minor knock,2022-04-21,2022-05-05,15,2.0
230001,340456,22/23,Hip flexor problems,2022-12-08,2022-12-12,5,1.0
230001,340456,22/23,Muscle injury,2022-12-15,2022-12-22,8,1.0
230001,340456,22/23,inflammation,2023-01-05,2023-03-07,62,10.0
230001,340456,23/24,muscular problems,2023-10-15,2023-10-23,9,2.0
230001,340456,23/24,Ill,2023-10-30,2023-11-02,4,1.0
230001,340456,23/24,Torn muscle bundle,2023-12-13,2024-01-29,48,10.0
230001,340456,23/24,Fitness,2024-01-30,2024-02-09,11,
230001,340456,23/24,Torn muscle fiber,2024-02-19,2024-03-18,29,5.0
230001,340456,24/25,heart problems,2024-10-09,2024-10-18,10,2.0
230001,340456,25/26,Knock,2025-07-21,2025-08-29,40,9.0
230001,340456,25/26,Muscle injury,2025-09-22,2025-10-17,26,4.0
230001,340456,25/26,Foot injury,2026-03-04,2026-03-13,10,
230001,340456,25/26,Ill,2026-03-19,2026-03-23,5,1.0
230001,340456,25/26,Shoulder injury,2026-06-07,2026-06-13,7,
230127,312239,19/20,Tendon irritation,2019-10-12,2019-10-16,5,1.0
230127,312239,20/21,Muscle injury,2020-11-26,2020-12-15,20,3.0
230127,312239,21/22,Muscle injury,2022-06-25,2022-07-26,32,8.0
230127,312239,22/23,Torn muscle fiber,2022-12-13,2023-01-15,34,7.0
230127,312239,23/24,Leg injury,2024-04-08,2024-04-18,11,3.0
230127,312239,23/24,Hamstring injury,2024-06-12,2024-07-10,29,8.0
230127,312239,24/25,Ill,2025-01-27,2025-02-05,10,
230251,448854,17/18,Ligament injury,2017-08-25,2017-09-14,21,2.0
230251,448854,19/20,Ankle injury,2020-02-25,2020-06-01,98,3.0
230251,448854,23/24,unknown injury,2023-11-24,2024-01-24,62,11.0
230251,448854,25/26,Knock,2026-03-20,2026-03-31,12,1.0
230251,448854,26/27,muscular problems,2026-07-20,2026-08-31,43,6.0
230348,447995,19/20,Hamstring injury,2019-12-29,2020-02-29,63,9.0
230348,447995,22/23,Hamstring injury,2022-09-05,2022-12-07,94,18.0
230348,447995,22/23,Achilles tendon surgery,2023-01-28,2023-11-06,283,45.0
230348,447995,23/24,Muscle injury,2023-12-01,2024-05-01,153,33.0
230348,447995,24/25,Hamstring injury,2024-10-06,2025-02-20,138,26.0
230348,447995,24/25,Fitness,2025-02-21,2025-04-03,42,7.0
230348,447995,25/26,Hamstring injury,2025-10-04,2026-01-03,92,20.0
230376,588989,26/27,Hamstring injury,2026-08-29,2026-09-01,4,1.0
231057,450050,19/20,Knee injury,2019-12-03,2020-01-03,32,4.0
231057,450050,20/21,Thigh problems,2020-12-01,2020-12-14,14,2.0
231057,450050,22/23,Ankle sprain,2023-01-15,2023-03-14,59,8.0
231057,450050,23/24,Calf injury,2023-10-22,2023-11-02,12,1.0
231057,450050,23/24,Knee injury,2024-03-10,2024-05-01,53,8.0
231057,450050,25/26,Ill,2025-10-17,2025-10-20,4,1.0
231057,450050,25/26,Hamstring injury,2025-12-12,2026-01-31,51,9.0
231065,442248,23/24,Ankle injury,2024-02-10,2024-04-13,64,13.0
231065,442248,23/24,Injury to the ankle,2024-06-01,2024-06-20,20,2.0
231065,442248,24/25,Hamstring injury,2024-12-18,2025-02-01,46,8.0
231065,442248,25/26,Hamstring injury,2025-08-01,2025-08-26,26,2.0
231416,369316,21/22,Hamstring strain,2021-12-16,2022-01-02,18,4.0
231416,369316,21/22,Corona virus,2022-01-21,2022-01-26,6,1.0
231416,369316,21/22,Hamstring strain,2022-02-24,2022-03-27,32,4.0
231416,369316,22/23,Groin strain,2022-07-27,2022-08-04,9,
231416,369316,22/23,Stomach flu,2022-10-08,2022-10-10,3,1.0
231416,369316,22/23,Hamstring injury,2022-11-16,2022-11-25,10,1.0
231416,369316,23/24,Torn thigh muscle,2023-08-24,2023-09-10,18,3.0
231416,369316,23/24,Rest,2023-09-20,2023-09-22,3,1.0
231416,369316,23/24,bruise,2023-11-26,2023-12-02,7,1.0
231416,369316,23/24,Calf injury,2024-03-17,2024-03-31,15,2.0
231416,369316,23/24,minor knock,2024-06-02,2024-06-05,4,1.0
231416,369316,24/25,Hamstring strain,2024-08-12,2024-08-16,5,1.0
231416,369316,24/25,unknown injury,2024-08-30,2024-09-10,12,3.0
231416,369316,24/25,Toe joint capsular tear,2024-11-02,2025-06-25,236,38.0
231416,369316,25/26,unknown injury,2026-05-24,2026-06-08,16,2.0
231480,438001,17/18,Ankle injury,2017-11-21,2017-12-14,24,3.0
231480,438001,17/18,muscular problems,2018-04-01,2018-04-11,11,1.0
231480,438001,17/18,Muscle injury,2018-04-23,2018-05-23,31,3.0
231480,438001,21/22,Knee injury,2021-07-22,2021-09-06,47,4.0
231480,438001,21/22,Adductor injury,2022-04-16,2022-04-26,11,2.0
231480,438001,22/23,Hamstring injury,2023-05-24,2023-08-21,90,6.0
231480,438001,23/24,Hamstring injury,2024-04-25,2024-04-30,6,1.0
231480,438001,24/25,Muscle injury,2024-11-11,2024-11-29,19,3.0
231480,438001,25/26,Knock,2025-12-28,2025-12-31,4,1.0
231747,420002,18/19,Ill,2019-02-28,2019-03-01,2,
231747,420002,19/20,Meniscus tear,2019-07-30,2019-12-08,132,15.0
231747,420002,24/25,Head injury,2025-03-08,2025-03-29,22,1.0
231747,420002,25/26,Knee problems,2026-01-31,2026-03-09,38,8.0
231747,420002,26/27,Hamstring injury,2026-08-23,,19,3.0
231899,458178,23/24,Hamstring injury,2024-02-01,2024-03-01,30,6.0
231899,458178,24/25,Hamstring injury,2024-10-21,2024-11-20,31,5.0
231899,458178,25/26,Knee surgery,2026-05-11,,123,4.0
232112,476701,20/21,Arm injury,2020-08-16,2020-08-27,12,3.0
232112,476701,21/22,Corona virus,2021-07-20,2021-07-30,11,1.0
232112,476701,21/22,Corona virus,2021-12-26,2022-01-05,11,1.0
232112,476701,24/25,Knock,2025-01-26,2025-02-01,7,
232112,476701,24/25,Knock,2025-02-08,2025-02-17,10,1.0
232112,476701,24/25,unknown injury,2025-03-04,2025-03-12,9,2.0
232112,476701,25/26,Back problems,2026-05-07,2026-05-13,7,1.0
232112,476701,25/26,Cruciate ligament tear,2026-06-28,,75,4.0
232223,503770,22/23,Hamstring injury,2022-12-31,2023-01-10,11,2.0
232223,503770,23/24,Injury to the ankle,2023-07-27,2023-08-27,32,4.0
232223,503770,23/24,Shoulder injury,2024-01-21,2024-02-05,16,2.0
232223,503770,24/25,Shoulder injury,2024-10-06,2024-11-23,49,11.0
232223,503770,24/25,Shoulder injury,2024-12-02,2025-03-24,113,25.0
232223,503770,24/25,Injury to the ankle,2025-05-10,2025-06-30,52,8.0
232223,503770,25/26,Calf injury,2025-08-14,2025-08-22,9,1.0
232223,503770,25/26,Dead leg,2025-12-03,2025-12-06,4,1.0
232228,528892,21/22,Hamstring injury,2022-01-15,2022-03-28,73,14.0
232228,528892,22/23,unknown injury,2022-08-10,2022-09-18,40,8.0
232228,528892,24/25,Foot injury,2025-02-25,2025-04-11,46,7.0
232245,540687,25/26,unknown injury,2026-03-21,2026-08-01,134,8.0
232413,479999,20/21,Groin injury,2020-09-10,2020-09-11,2,
232413,479999,20/21,Knock,2020-11-19,2020-11-22,4,
232413,479999,20/21,Achilles tendon problems,2021-05-19,2021-10-28,163,12.0
232413,479999,23/24,Hamstring injury,2023-10-03,2023-11-01,30,5.0
232413,479999,23/24,Ankle injury,2023-11-25,2023-12-14,20,3.0
232413,479999,23/24,Muscle injury,2024-01-30,2024-03-01,32,4.0
232413,479999,24/25,Hamstring injury,2024-10-30,2024-11-25,27,5.0
232413,479999,24/25,Foot injury,2025-02-03,2025-02-11,9,1.0
232413,479999,25/26,Calf injury,2026-03-18,2026-04-09,23,5.0
232423,507254,20/21,Hamstring injury,2020-09-11,2021-05-05,237,35.0
232423,507254,20/21,Achilles tendon surgery,2021-05-24,2021-11-27,188,13.0
232423,507254,21/22,Achilles tendon problems,2022-01-30,2022-10-31,275,33.0
232456,530807,23/24,Arm injury,2023-08-12,2023-09-20,40,1.0
232477,496661,26/27,unknown injury,2026-08-08,2026-08-21,14,2.0
232571,475946,24/25,Leg injury,2024-10-25,2024-11-15,22,
232620,533657,24/25,Calf problems,2025-01-03,2025-01-26,24,3.0
232653,503749,22/23,Hamstring injury,2022-11-23,2023-01-08,47,3.0
232653,503749,23/24,Metatarsal fracture,2023-07-02,2023-09-20,81,7.0
232653,503749,23/24,Foot injury,2023-10-04,2023-11-24,52,8.0
232653,503749,23/24,Hamstring injury,2024-01-13,2024-01-29,17,2.0
232653,503749,23/24,Toe injury,2024-03-03,2024-06-30,120,17.0
232653,503749,24/25,Muscle injury,2024-10-05,2024-10-07,3,1.0
232653,503749,24/25,Hamstring injury,2024-11-22,2024-12-27,36,9.0
232653,503749,25/26,Ankle injury,2025-09-01,2025-10-13,43,7.0
232787,488362,23/24,Ill,2024-03-06,2024-03-10,5,
232787,488362,25/26,Ill,2026-03-11,2026-03-16,6,1.0
232859,483348,22/23,Knee injury,2023-05-12,2023-06-15,35,4.0
232859,483348,23/24,Outer ligament problems,2023-09-18,2023-11-18,62,10.0
232859,483348,24/25,Groin injury,2024-10-21,2024-11-08,19,5.0
232859,483348,24/25,Knock,2025-01-20,2025-02-01,13,3.0
232859,483348,25/26,Calf injury,2026-01-29,2026-02-09,12,2.0
232859,483348,25/26,Calf problems,2026-02-23,2026-03-08,14,2.0
232859,483348,26/27,Fitness,2026-08-17,2026-09-07,22,3.0
232892,461883,20/21,Quarantine,2021-02-14,2021-02-23,10,2.0
232892,461883,23/24,cold,2023-12-15,2023-12-18,4,1.0
232892,461883,25/26,Back injury,2026-03-25,2026-04-01,8,2.0
233420,476352,19/20,Muscle injury,2020-03-05,2020-03-08,4,1.0
233420,476352,19/20,Corona virus,2020-05-08,2020-05-15,8,
233420,476352,20/21,Knock,2020-10-15,2020-10-18,4,1.0
233420,476352,20/21,Back injury,2020-12-05,2020-12-08,4,1.0
233420,476352,20/21,Muscle injury,2021-04-30,2021-05-03,4,1.0
233420,476352,21/22,Lumbago,2021-11-27,2021-11-29,3,1.0
233420,476352,23/24,Foot injury,2024-05-16,2024-05-19,4,1.0
233420,476352,24/25,unknown injury,2025-01-27,2025-02-21,26,5.0
233420,476352,24/25,unknown injury,2025-02-23,2025-03-09,15,4.0
233420,476352,24/25,Abdominal problems,2025-05-20,2025-05-23,4,1.0
233821,377468,21/22,Hamstring injury,2021-10-16,2021-10-23,8,2.0
233821,377468,23/24,unknown injury,2023-10-20,2023-11-24,36,6.0
233821,377468,25/26,Knock,2026-01-26,2026-01-31,6,1.0
233821,377468,25/26,unknown injury,2026-04-04,2026-07-10,98,6.0
233821,377468,26/27,Ill,2026-08-05,2026-08-10,6,1.0
233963,415912,19/20,Groin injury,2019-08-08,2019-10-07,61,11.0
233963,415912,19/20,Pelvic injury,2020-02-24,2020-03-09,15,2.0
233963,415912,19/20,Head injury,2020-06-11,2020-06-18,8,1.0
233963,415912,20/21,Groin injury,2020-08-31,2020-10-05,36,3.0
233963,415912,20/21,Meniscus tear,2020-10-08,2020-11-23,47,5.0
233963,415912,20/21,Adductor pain,2020-12-21,2020-12-31,11,1.0
233963,415912,21/22,Torn muscle fiber,2021-10-28,2021-11-18,22,4.0
233963,415912,21/22,Corona virus,2021-12-27,2022-01-03,8,
233963,415912,21/22,Fitness,2022-01-03,2022-01-13,11,1.0
233963,415912,22/23,muscular problems,2022-10-27,2022-11-03,8,1.0
233963,415912,22/23,Head injury,2023-01-25,2023-01-30,6,1.0
233963,415912,22/23,Shin injury,2023-05-04,2023-05-15,12,2.0
233963,415912,23/24,Adductor pain,2023-08-15,2023-08-22,8,1.0
233963,415912,23/24,Knock,2024-04-20,2024-05-13,24,4.0
233963,415912,25/26,Torn thigh muscle,2025-10-20,2025-11-28,40,6.0
234370,336869,16/17,Adductor injury,2016-11-02,2016-11-25,24,2.0
234370,336869,16/17,muscular problems,2016-11-30,2016-12-09,10,1.0
234370,336869,17/18,influenza,2018-02-20,2018-02-27,8,
234370,336869,18/19,Stomach flu,2018-11-29,2018-12-03,5,
234370,336869,20/21,unknown injury,2020-12-29,2021-01-05,8,1.0
234370,336869,20/21,unknown injury,2021-04-04,2021-04-21,18,5.0
234370,336869,21/22,Torn lateral ankle ligament,2021-07-17,2021-08-31,46,5.0
234370,336869,24/25,Ankle injury,2024-10-15,2025-01-15,93,18.0
234370,336869,24/25,Foot injury,2025-02-17,2025-08-26,191,22.0
234483,385918,21/22,Metatarsal fracture,2022-04-06,2022-10-06,184,14.0
234483,385918,23/24,Syndesmotic ligament tear,2024-03-03,2024-06-15,105,16.0
234483,385918,24/25,minor knock,2025-01-18,2025-02-05,19,3.0
234483,385918,25/26,Ankle injury,2026-05-04,2026-05-29,26,5.0
234483,385918,26/27,Ankle surgery,2026-07-21,2026-09-03,45,10.0
234908,480763,18/19,Hamstring strain,2018-07-21,2018-09-26,68,7.0
234908,480763,18/19,Hamstring injury,2018-12-06,2018-12-18,13,3.0
234908,480763,19/20,Ankle injury,2019-07-31,2019-09-22,54,9.0
234908,480763,19/20,Meniscus injury,2020-01-26,2020-07-18,175,16.0
234908,480763,20/21,Hamstring injury,2020-10-30,2020-11-20,22,5.0
234908,480763,20/21,muscular problems,2021-01-21,2021-01-31,11,3.0
234908,480763,20/21,Muscle tear,2021-04-30,2021-05-23,24,6.0
234908,480763,22/23,unknown injury,2022-08-29,2022-11-04,68,17.0
234908,480763,22/23,Shoulder injury,2023-05-30,2023-08-01,64,3.0
234908,480763,23/24,Shoulder injury,2023-12-21,2024-05-31,163,25.0
234908,480763,24/25,Knee injury,2024-08-02,2024-12-18,139,24.0
234908,480763,25/26,Muscle tear,2025-12-17,2026-01-03,18,1.0
234908,480763,25/26,Achilles tendon rupture,2026-01-24,2026-07-31,189,19.0
235546,390664,21/22,Knee injury,2022-01-21,2022-03-01,40,5.0
235546,390664,22/23,Ankle injury,2022-08-14,2023-01-03,143,24.0
235546,390664,23/24,Groin injury,2023-08-03,2024-01-14,165,30.0
235546,390664,23/24,Hamstring injury,2024-04-01,2024-04-19,19,3.0
235546,390664,24/25,Foot injury,2024-08-10,2024-10-21,73,11.0
235674,396638,18/19,Ankle sprain,2018-09-10,2018-09-28,19,3.0
235674,396638,18/19,Torn thigh muscle,2018-10-07,2018-11-02,27,2.0
235674,396638,19/20,unknown injury,2019-11-02,2019-11-25,24,5.0
235674,396638,19/20,Muscle injury,2019-12-11,2020-03-30,111,9.0
235674,396638,19/20,Adductor injury,2020-01-25,2020-03-16,52,8.0
235674,396638,20/21,Knock,2020-09-25,2020-09-28,4,1.0
235674,396638,21/22,Ankle injury,2021-08-03,2021-08-12,10,2.0
235674,396638,21/22,unknown injury,2022-01-10,2022-02-16,38,
235674,396638,22/23,Knee surgery,2022-08-07,2023-01-01,148,21.0
235674,396638,23/24,Meniscus injury,2023-10-05,2024-07-07,277,40.0
235674,396638,24/25,Hamstring injury,2024-09-18,2024-10-17,30,6.0
235674,396638,25/26,Calf injury,2025-06-07,2025-08-30,85,4.0
235674,396638,25/26,Back injury,2025-11-06,2025-11-18,13,3.0
235674,396638,25/26,flu,2026-02-17,2026-02-21,5,1.0
235674,396638,25/26,Thigh problems,2026-02-27,2026-04-11,44,9.0
235826,369962,17/18,minor knock,2017-07-07,2017-07-08,2,
235826,369962,20/21,Corona virus,2020-10-25,2020-11-12,19,5.0
235826,369962,25/26,Calf injury,2025-09-08,2025-10-17,40,1.0
240143,413032,19/20,Hamstring strain,2020-01-12,2020-02-25,45,6.0
240143,413032,20/21,Knock,2020-11-02,2020-11-05,4,
240143,413032,20/21,Knock,2021-02-01,2021-03-02,30,7.0
240299,503975,20/21,Back injury,2021-02-23,2022-02-27,370,41.0
240299,503975,23/24,Hamstring injury,2023-08-31,2023-09-30,31,5.0
240299,503975,24/25,Groin problems,2024-10-15,2025-01-03,81,14.0
240499,509268,23/24,unknown injury,2023-10-07,2024-02-29,146,17.0
240514,463527,21/22,Ankle problems,2021-07-24,2021-09-10,49,5.0
240514,463527,22/23,unknown injury,2022-09-01,2022-09-08,8,1.0
240514,463527,22/23,Knee injury,2022-10-15,2022-11-07,24,3.0
240514,463527,23/24,Ill,2023-11-24,2023-11-26,3,1.0
240514,463527,23/24,Cruciate ligament tear,2023-12-22,2024-06-30,192,22.0
240514,463527,24/25,Knee surgery,2024-11-26,2024-12-31,36,4.0
240514,463527,25/26,Muscle injury,2026-02-04,2026-03-02,27,5.0
240514,463527,25/26,minor knock,2026-03-14,2026-03-31,18,1.0
240796,811778,22/23,Ankle injury,2022-08-09,2022-08-29,21,5.0
240796,811778,25/26,Calf problems,2026-03-09,2026-03-16,8,2.0
241157,476344,20/21,Knee bruise,2020-10-04,2020-10-31,28,4.0
241157,476344,21/22,unknown injury,2021-12-03,2021-12-13,11,2.0
241157,476344,22/23,Knee surgery,2023-03-25,2023-05-01,38,6.0
241157,476344,24/25,Fitness,2024-08-16,2024-08-18,3,1.0
241157,476344,24/25,unknown injury,2024-11-24,2024-11-28,5,
241157,476344,24/25,Calf injury,2025-01-22,2025-05-13,112,22.0
241231,403898,18/19,Ankle injury,2019-02-25,2019-03-18,22,5.0
241231,403898,19/20,Outer ligament problems,2019-09-26,2019-10-14,19,7.0
241231,403898,19/20,concussion,2020-03-09,2020-03-16,8,
241231,403898,19/20,Muscle strain,2020-06-11,2020-06-15,5,1.0
241231,403898,20/21,Corona virus,2020-09-24,2020-11-12,50,11.0
241231,403898,21/22,Muscle injury,2021-10-28,2022-01-03,68,10.0
241231,403898,21/22,Knee problems,2022-01-17,2022-02-03,18,2.0
241231,403898,21/22,Corona virus,2022-03-24,2022-03-31,8,2.0
241231,403898,21/22,Thigh problems,2022-05-09,2022-06-01,24,1.0
241231,403898,22/23,muscular problems,2022-10-18,2022-10-23,6,2.0
241231,403898,22/23,Torn muscle fiber,2023-02-15,2023-02-23,9,2.0
241231,403898,22/23,Foot injury,2023-04-24,2023-05-15,22,3.0
241231,403898,23/24,Meniscus injury,2023-10-04,2023-10-30,27,3.0
241231,403898,23/24,Knee injury,2024-01-08,2025-07-08,548,68.0
241231,403898,25/26,Hamstring injury,2025-07-08,2026-08-03,392,42.0
241519,332697,18/19,Capsular injury,2019-03-23,2019-04-19,28,5.0
241519,332697,19/20,muscular problems,2019-10-17,2019-10-28,12,2.0
241519,332697,19/20,Shoulder injury,2019-12-16,2020-01-19,35,3.0
241519,332697,20/21,Corona virus,2020-10-14,2020-10-24,11,2.0
241519,332697,21/22,Knee problems,2021-11-27,2021-12-13,17,4.0
241519,332697,21/22,Metatarsal fracture,2022-02-23,2022-05-21,88,18.0
241519,332697,22/23,Shoulder injury,2022-07-31,2022-08-13,14,
241519,332697,22/23,Muscle injury,2022-10-30,2022-11-14,16,4.0
241519,332697,23/24,unknown injury,2023-12-30,2024-01-03,5,
241519,332697,23/24,Shoulder injury,2024-02-25,2024-03-10,15,1.0
241519,332697,24/25,Muscle fatigue,2024-10-14,2024-10-20,7,2.0
241519,332697,24/25,Muscle fatigue,2024-11-24,2024-12-09,16,3.0
241519,332697,24/25,Muscle fatigue,2025-01-18,2025-01-20,3,1.0
241519,332697,25/26,Muscle fatigue,2025-12-21,2025-12-26,6,
241519,332697,26/27,Muscle fatigue,2026-08-27,2026-09-11,16,2.0
242183,27614,08/09,Ligament stretching,2008-11-20,2008-11-24,5,1.0
242183,27614,08/09,Thigh problems,2009-01-12,2009-01-26,15,3.0
242183,27614,15/16,Hamstring injury,2016-01-14,2016-06-01,140,24.0
242183,27614,17/18,Achilles tendon problems,2017-10-06,2018-06-01,239,34.0
242453,469958,22/23,Thigh problems,2022-09-16,2022-10-29,44,8.0
242453,469958,22/23,Hamstring injury,2023-04-19,2023-06-20,63,4.0
242453,469958,23/24,Knee problems,2024-01-01,2024-01-13,13,2.0
242453,469958,23/24,Knee problems,2024-01-17,2024-01-31,15,2.0
242453,469958,23/24,Knee injury,2024-02-15,2024-09-24,223,23.0
242453,469958,24/25,Knee problems,2024-12-23,2024-12-31,9,2.0
242453,469958,24/25,Ankle surgery,2025-03-24,2025-11-10,232,27.0
242510,444641,19/20,unknown injury,2019-09-22,2019-10-01,10,2.0
242880,463603,21/22,Hamstring injury,2021-11-26,2021-12-20,25,6.0
242880,463603,21/22,Corona virus,2021-12-30,2022-01-06,8,1.0
242880,463603,21/22,Hamstring injury,2022-01-09,2022-03-03,54,9.0
242880,463603,22/23,Muscle injury,2022-07-15,2022-08-10,27,3.0
242880,463603,22/23,Adductor injury,2022-10-13,2022-10-20,8,2.0
242880,463603,22/23,Hamstring injury,2023-05-19,2023-08-31,105,7.0
242880,463603,23/24,Groin injury,2023-05-29,2023-09-17,112,5.0
242880,463603,23/24,Fitness,2023-09-18,2023-10-19,32,4.0
242880,463603,23/24,Muscle fatigue,2023-12-28,2024-01-08,12,2.0
242880,463603,23/24,Groin injury,2024-02-08,2024-03-13,35,6.0
242880,463603,24/25,Hamstring injury,2024-12-14,2025-03-03,80,15.0
242880,463603,25/26,Muscle strain,2025-06-29,2025-07-15,17,3.0
242880,463603,25/26,Muscle injury,2025-07-01,2025-09-24,86,10.0
242880,463603,25/26,Muscle injury,2025-10-17,2025-11-21,36,7.0
242880,463603,25/26,Ill,2026-03-16,2026-03-20,5,1.0
242882,463605,19/20,Foot bruise,2019-09-25,2019-10-05,11,2.0
242882,463605,19/20,Calf injury,2019-10-27,2020-01-03,69,11.0
242882,463605,20/21,Metacarpal fracture,2020-10-18,2020-11-05,19,2.0
242882,463605,21/22,Muscle injury,2021-07-17,2021-09-06,52,6.0
242882,463605,22/23,Dead leg,2023-02-25,2023-03-20,24,3.0
242882,463605,23/24,Fissure of the fibula,2023-11-03,2023-12-01,29,5.0
242882,463605,23/24,Shoulder injury,2023-12-19,2024-02-18,62,9.0
242882,463605,25/26,Knock,2025-09-12,2025-09-15,4,1.0
242885,463610,21/22,Groin injury,2021-08-09,2021-09-11,34,6.0
242885,463610,21/22,Thigh problems,2021-09-24,2021-12-31,99,17.0
242898,470607,23/24,Hamstring injury,2023-09-28,2023-10-21,24,4.0
242898,470607,23/24,Head injury,2023-12-15,2023-12-18,4,
242898,470607,24/25,Calf injury,2025-01-16,2025-02-13,29,7.0
243298,434675,19/20,Ill,2019-09-07,2019-09-13,7,1.0
243298,434675,20/21,Corona virus,2020-10-21,2020-10-31,11,3.0
243298,434675,20/21,Ankle injury,2021-01-10,2021-03-13,63,13.0
243298,434675,21/22,unknown injury,2021-09-04,2021-09-09,6,1.0
243298,434675,21/22,concussion,2021-10-08,2021-10-13,6,1.0
243298,434675,21/22,Ankle injury,2021-10-22,2021-11-30,40,9.0
243298,434675,21/22,unknown injury,2022-02-21,2022-03-04,12,3.0
243298,434675,21/22,unknown injury,2022-03-18,2022-04-01,15,3.0
243298,434675,22/23,Virus,2023-03-23,2023-03-26,4,1.0
243298,434675,23/24,Knee injury,2023-10-01,2023-10-24,24,5.0
243298,434675,24/25,Knock,2025-02-12,2025-02-21,10,2.0
243298,434675,24/25,Knock,2025-03-04,2025-03-09,6,2.0
243298,434675,25/26,Muscle injury,2025-12-07,2025-12-25,19,3.0
243505,384461,21/22,Cruciate ligament tear,2022-04-02,2023-10-29,576,86.0
243505,384461,24/25,Ankle injury,2025-02-28,2025-03-04,5,1.0
243505,384461,25/26,Inguinal hernia,2025-08-01,2026-01-28,181,36.0
243505,384461,25/26,Knee surgery,2026-04-23,,141,10.0
243526,362108,19/20,Calf injury,2019-10-26,2019-11-14,20,5.0
243526,362108,19/20,Hamstring injury,2019-12-15,2020-03-10,87,10.0
243526,362108,20/21,Ankle injury,2020-08-29,2020-10-22,55,4.0
243526,362108,20/21,Hamstring injury,2021-02-24,2021-03-18,23,3.0
243526,362108,20/21,Ankle injury,2021-04-24,2021-05-17,24,4.0
243526,362108,22/23,Pubalgia,2022-10-28,2023-01-17,82,12.0
243526,362108,25/26,Adductor pain,2026-01-18,2026-01-30,13,1.0
243526,362108,25/26,Hamstring injury,2026-05-22,2026-06-08,18,2.0
243557,395516,20/21,Corona virus,2021-03-18,2021-04-01,15,4.0
243557,395516,22/23,Muscle injury,2023-02-17,2023-02-21,5,1.0
243557,395516,24/25,Ankle sprain,2024-11-23,2025-01-02,41,3.0
243557,395516,24/25,Fitness,2025-01-03,2025-01-24,22,4.0
243569,424021,20/21,Quarantine,2021-02-13,2021-02-24,12,2.0
243569,424021,23/24,traffic accident,2024-01-07,2024-06-30,176,17.0
243571,424015,20/21,Quarantine,2021-02-14,2021-02-23,10,2.0
243571,424015,20/21,Quarantine,2021-06-01,2021-06-04,4,
243571,424015,21/22,Quarantine,2021-08-27,2021-09-08,13,3.0
243571,424015,21/22,Ankle surgery,2022-04-05,2022-06-06,63,11.0
243571,424015,22/23,Ankle injury,2022-09-21,2022-10-26,36,7.0
243571,424015,22/23,Knee injury,2023-01-03,2023-01-03,1,
243571,424015,23/24,Thigh problems,2024-04-15,2024-09-21,160,19.0
243571,424015,24/25,Hamstring injury,2025-02-03,2025-02-28,26,4.0
243571,424015,25/26,Muscle injury,2025-08-01,2025-09-11,42,6.0
243571,424015,25/26,Muscle injury,2025-10-17,2025-12-06,51,8.0
244042,735571,21/22,Calf problems,2022-02-18,2022-02-26,9,2.0
244042,735571,22/23,Knee problems,2023-02-01,2023-03-14,42,7.0
244042,735571,23/24,Knee injury,2023-11-05,2023-12-09,35,4.0
244042,735571,24/25,Back injury,2025-01-09,2025-01-13,5,
244042,735571,24/25,Achilles tendon problems,2025-04-15,2025-06-01,48,6.0
244042,735571,25/26,Muscle injury,2025-09-27,2025-10-31,35,5.0
244042,735571,25/26,Hamstring injury,2025-11-15,2026-02-06,84,15.0
244085,488656,18/19,Knee injury,2019-02-03,2019-03-31,57,7.0
244085,488656,24/25,Ankle injury,2024-10-23,2024-12-23,62,10.0
244262,608175,23/24,Hip injury,2023-11-28,2023-12-03,6,1.0
244262,608175,24/25,Ankle injury,2024-11-08,2025-01-18,72,13.0
244262,608175,24/25,Back problems,2025-02-05,2025-02-13,9,1.0
244262,608175,24/25,Hamstring injury,2025-04-09,2025-05-15,37,5.0
244560,318523,19/20,Groin injury,2019-10-06,2019-10-21,16,1.0
244560,318523,21/22,Virus,2022-02-13,2022-02-24,12,1.0
244560,318523,21/22,Injury to the ankle,2022-05-08,2022-06-30,54,2.0
244560,318523,22/23,Groin injury,2022-08-25,2022-08-28,4,
244560,318523,22/23,Injury to the ankle,2023-04-28,2023-05-30,33,5.0
244560,318523,23/24,Dead leg,2024-01-12,2024-01-26,15,2.0
244560,318523,25/26,Injury to the ankle,2025-09-21,2025-10-01,11,2.0
244704,439072,19/20,Foot injury,2020-01-21,2020-02-10,21,2.0
244704,439072,19/20,muscular problems,2020-02-29,2020-03-06,7,
244704,439072,20/21,Head injury,2020-07-23,2020-08-04,13,3.0
244704,439072,20/21,Corona virus,2020-11-15,2020-11-28,14,5.0
244704,439072,20/21,Rest,2021-01-08,2021-01-10,3,1.0
244704,439072,20/21,Bruise on ankle,2021-03-01,2021-03-15,15,3.0
244704,439072,21/22,muscular problems,2021-09-04,2021-09-10,7,1.0
244704,439072,21/22,Knee injury,2021-09-15,2021-09-25,11,3.0
244704,439072,21/22,Adductor injury,2021-11-03,2021-11-26,24,6.0
244704,439072,23/24,Knee problems,2023-12-11,2024-02-19,71,12.0
244704,439072,24/25,Knee injury,2024-08-12,2025-05-31,293,70.0
244704,439072,25/26,Adductor tear,2026-05-18,2026-05-31,14,3.0
244716,459463,17/18,Ankle sprain,2017-11-27,2017-12-04,8,1.0
244716,459463,17/18,Metatarsal fracture,2018-01-29,2018-03-17,48,6.0
244716,459463,18/19,flu,2019-02-27,2019-03-06,8,1.0
244716,459463,18/19,Muscle injury,2019-06-08,2019-12-07,183,27.0
244716,459463,20/21,Muscle injury,2020-12-28,2021-01-21,25,5.0
244716,459463,20/21,Metatarsal fracture,2021-03-14,2021-05-13,61,9.0
244716,459463,22/23,Knee problems,2023-03-17,2023-04-25,40,8.0
244716,459463,23/24,unknown injury,2024-05-13,2024-05-31,19,3.0
244716,459463,25/26,Hamstring injury,2026-01-10,2026-02-10,32,8.0
244731,480692,19/20,Muscle injury,2020-02-27,2020-03-16,19,2.0
244731,480692,20/21,Muscle injury,2020-10-22,2020-10-29,8,2.0
244731,480692,20/21,Corona virus,2021-01-14,2021-01-28,15,2.0
244731,480692,22/23,Knee injury,2022-10-10,2023-04-16,189,35.0
244845,503990,20/21,Groin strain,2021-04-20,2021-04-26,7,1.0
244845,503990,23/24,Back injury,2023-09-30,2023-12-13,75,17.0
244845,503990,24/25,unknown injury,2025-01-31,2025-02-07,8,1.0
244848,530915,22/23,Hamstring injury,2023-02-14,2023-05-31,107,18.0
244850,503743,23/24,Hamstring injury,2024-05-06,2024-06-01,27,3.0
244856,548470,21/22,Hamstring injury,2022-07-03,2022-10-01,91,8.0
244856,548470,24/25,Knee injury,2024-12-03,2025-04-06,125,23.0
244856,548470,25/26,Ankle injury,2025-07-23,2025-09-12,52,8.0
244856,548470,25/26,Hamstring injury,2026-03-15,2026-05-20,67,10.0
244858,559263,21/22,Ankle injury,2021-08-21,2021-08-28,8,1.0
244858,559263,21/22,Toe injury,2021-09-04,2021-10-25,52,10.0
244858,559263,21/22,Corona virus,2021-10-08,2021-10-15,8,
244858,559263,22/23,muscular problems,2022-09-04,2022-09-28,25,1.0
244858,559263,24/25,Groin injury,2025-01-01,2025-01-10,10,2.0
244858,559263,24/25,Shoulder injury,2025-03-08,2025-06-01,86,11.0
244858,559263,25/26,Knee problems,2025-09-26,2025-09-29,4,1.0
244858,559263,25/26,Cruciate ligament tear,2025-11-20,2026-09-01,286,32.0
244890,725703,23/24,Knee problems,2023-08-08,2023-08-24,17,2.0
244890,725703,23/24,Fitness,2023-08-25,2023-08-31,7,1.0
244890,725703,23/24,Adductor tear,2023-10-11,2024-02-06,119,13.0
244930,503988,21/22,Knee injury,2021-12-18,2022-02-11,56,9.0
244930,503988,23/24,Knock,2023-09-23,2023-10-17,25,2.0
244930,503988,24/25,unknown injury,2025-05-05,2025-05-13,9,1.0
244930,503988,25/26,Leg injury,2025-08-14,2025-08-28,15,2.0
244932,568007,21/22,Knee problems,2021-09-01,2021-10-29,59,10.0
244954,399776,19/20,Muscle injury,2020-01-23,2020-02-13,22,5.0
244954,399776,20/21,Muscle injury,2021-03-12,2021-04-01,21,6.0
244954,399776,23/24,unknown injury,2023-12-18,2023-12-23,6,1.0
244954,399776,23/24,Ankle injury,2024-01-05,2024-02-04,31,5.0
244954,399776,24/25,Metatarsal fracture,2024-12-31,2025-03-03,63,14.0
244954,399776,25/26,Calf injury,2025-12-07,2026-01-09,34,6.0
244954,399776,25/26,Rest,2026-04-17,2026-04-20,4,1.0
245414,392085,21/22,unknown injury,2022-05-29,2022-06-08,11,3.0
245414,392085,22/23,Shoulder injury,2022-08-22,2022-09-12,22,4.0
245414,392085,22/23,flu,2023-01-15,2023-01-18,4,1.0
245414,392085,22/23,Depression,2023-01-31,2023-02-08,9,2.0
245414,392085,23/24,Groin problems,2023-08-01,2023-08-22,22,5.0
245414,392085,23/24,unknown injury,2024-02-01,2024-02-08,8,1.0
245414,392085,23/24,unknown injury,2024-04-18,2024-04-30,13,2.0
245414,392085,23/24,Metatarsal fracture,2024-05-14,2024-08-03,82,7.0
245414,392085,24/25,Tendonitis,2024-08-09,2024-08-23,15,2.0
245414,392085,24/25,Adductor pain,2024-08-27,2024-09-02,7,1.0
245414,392085,24/25,Adductor pain,2025-01-20,2025-01-24,5,1.0
245414,392085,24/25,Lumbago,2025-05-23,2025-05-31,9,1.0
245414,392085,25/26,Arthroscopy,2026-01-11,2026-02-01,22,2.0
245414,392085,25/26,Lumbago,2026-05-15,2026-06-01,18,2.0
245414,392085,26/27,Hamstring strain,2026-08-23,2026-10-01,40,3.0
245419,365172,17/18,Ankle injury,2017-09-27,2017-09-30,4,1.0
245419,365172,18/19,Adductor injury,2018-09-14,2018-10-06,23,6.0
245419,365172,20/21,Hamstring injury,2020-10-28,2020-11-30,34,8.0
245419,365172,21/22,Hamstring injury,2021-12-26,2022-01-13,19,3.0
245419,365172,22/23,Hamstring injury,2022-12-30,2023-01-07,9,1.0
245419,365172,24/25,Ankle injury,2024-08-10,2024-11-05,88,17.0
245824,525287,19/20,Muscle injury,2019-09-11,2019-09-27,17,4.0
245824,525287,19/20,Knock,2019-12-24,2020-01-01,9,
245824,525287,20/21,Knock,2020-11-30,2020-12-05,6,1.0
245824,525287,21/22,unknown injury,2022-01-12,2022-02-06,26,4.0
245824,525287,21/22,Hamstring injury,2022-05-01,2022-08-01,93,4.0
245824,525287,23/24,minor knock,2023-10-28,2023-10-31,4,1.0
245824,525287,24/25,Calf injury,2024-09-09,2024-10-18,40,5.0
245824,525287,25/26,muscular problems,2025-09-12,2025-09-20,9,1.0
245824,525287,25/26,Hamstring injury,2025-09-22,2025-10-15,24,4.0
246265,433329,20/21,minor knock,2021-03-23,2021-04-05,14,2.0
246301,494880,17/18,Dental surgery,2018-05-31,2018-06-07,8,1.0
246301,494880,18/19,Broken nose bone,2018-10-21,2018-10-27,7,
246301,494880,19/20,Metatarsal fracture,2019-11-11,2020-02-07,89,13.0
246301,494880,19/20,Adductor injury,2020-07-29,2020-08-29,32,
246301,494880,24/25,Ankle injury,2024-09-26,2024-10-18,23,2.0
246301,494880,24/25,Knock,2024-11-27,2024-12-04,8,1.0
246878,340394,15/16,Meniscus tear,2015-11-05,2016-01-14,71,4.0
246878,340394,16/17,Meniscus injury,2017-03-02,2017-04-28,58,8.0
246878,340394,18/19,Ankle injury,2018-10-02,2018-10-15,14,1.0
246878,340394,18/19,Ill,2018-11-08,2018-12-26,49,7.0
246878,340394,18/19,Broken collarbone,2018-12-05,2019-02-25,83,13.0
246878,340394,19/20,Back problems,2020-02-09,2020-02-25,17,2.0
246878,340394,20/21,flu,2021-01-15,2021-01-25,11,2.0
246878,340394,22/23,unknown injury,2022-11-04,2022-11-13,10,3.0
246878,340394,22/23,Corona virus,2022-12-26,2023-01-02,8,
246878,340394,22/23,Fitness,2023-01-02,2023-01-09,8,2.0
246878,340394,22/23,Hamstring injury,2023-01-22,2023-02-10,20,2.0
246878,340394,23/24,unknown injury,2023-08-25,2023-08-28,4,1.0
246878,340394,23/24,unknown injury,2023-10-29,2024-01-31,95,12.0
246878,340394,25/26,Thigh problems,2025-10-27,2025-11-30,35,6.0
246878,340394,26/27,unknown injury,2026-08-26,,16,2.0
247245,338635,19/20,Groin injury,2019-08-31,2019-09-14,15,1.0
247245,338635,20/21,Knee surgery,2021-03-07,2021-07-01,117,11.0
247245,338635,21/22,Knee surgery,2021-08-27,2022-01-07,134,20.0
247245,338635,21/22,Torn muscle fiber in the adductor area,2022-01-27,2022-04-25,89,14.0
247245,338635,22/23,Knee injury,2023-01-06,2023-03-20,74,16.0
247245,338635,23/24,Ankle injury,2024-04-12,2024-11-26,229,23.0
247245,338635,25/26,Adductor injury,2026-02-02,2026-03-02,29,5.0
247245,338635,26/27,unknown injury,2026-07-24,2026-07-27,4,1.0
247348,493003,22/23,Hamstring injury,2023-04-02,2023-04-25,24,3.0
247348,493003,23/24,flu,2023-11-24,2023-11-27,4,1.0
247348,493003,25/26,Knee injury,2025-12-06,2026-01-19,45,12.0
247348,493003,25/26,Shoulder injury,2026-03-05,2026-03-16,12,2.0
247412,429983,20/21,Ankle injury,2021-02-28,2021-04-08,40,6.0
247412,429983,21/22,Ill,2021-09-10,2021-09-16,7,1.0
247412,429983,23/24,Hamstring injury,2024-02-04,2024-02-10,7,
247412,429983,24/25,Hamstring injury,2025-01-25,2025-02-17,24,3.0
247412,429983,24/25,Groin injury,2025-05-02,2025-05-09,8,1.0
247412,429983,25/26,Achilles tendon problems,2025-08-29,2025-09-15,18,4.0
247670,522784,18/19,Hamstring injury,2018-08-13,2018-08-31,19,2.0
247670,522784,21/22,Ill,2022-06-28,2022-07-01,4,1.0
247670,522784,22/23,Ankle injury,2023-05-10,2023-05-16,7,1.0
247670,522784,23/24,Adductor injury,2024-01-10,2024-01-24,15,1.0
247670,522784,24/25,Adductor injury,2024-09-16,2024-09-24,9,1.0
247670,522784,24/25,Adductor injury,2025-02-15,2025-03-11,25,5.0
247670,522784,24/25,Calf muscle tear,2025-03-14,2025-04-04,22,1.0
247670,522784,25/26,Hamstring muscle injury,2025-10-11,2025-11-27,48,6.0
247693,487969,21/22,Dead leg,2021-08-16,2021-08-31,16,1.0
247693,487969,22/23,Adductor pain,2023-04-28,2023-05-02,5,1.0
247693,487969,23/24,Injury to the ankle,2023-08-30,2023-09-11,13,2.0
247693,487969,23/24,Virus,2024-02-05,2024-02-08,4,1.0
247693,487969,24/25,Injury to the ankle,2024-10-19,2024-10-21,3,1.0
247693,487969,25/26,Muscle contusion,2025-09-20,2025-11-04,46,7.0
247693,487969,25/26,Head injury,2025-11-08,2025-11-21,14,2.0
247955,420210,20/21,Ill,2020-10-03,2020-10-14,12,1.0
247955,420210,20/21,Knee surgery,2021-05-16,2021-09-10,118,11.0
247955,420210,21/22,Thigh problems,2022-03-23,2022-04-13,22,5.0
247955,420210,22/23,Mononucleation,2022-09-02,2022-09-22,21,5.0
247955,420210,22/23,unknown injury,2022-12-12,2022-12-22,11,
247955,420210,22/23,Hamstring injury,2023-03-24,2023-04-07,15,3.0
247955,420210,23/24,unknown injury,2023-09-09,2023-09-16,8,1.0
247955,420210,23/24,unknown injury,2023-11-16,2023-11-24,9,2.0
247955,420210,23/24,flu,2024-02-13,2024-02-16,4,1.0
247955,420210,24/25,muscular problems,2024-11-06,2024-11-22,17,3.0
248164,484838,20/21,Knock,2021-02-27,2021-03-04,6,1.0
248164,484838,20/21,Groin injury,2021-04-07,2021-05-14,38,5.0
248854,566832,25/26,Achilles tendon rupture,2025-07-12,2026-03-01,233,39.0
248857,503987,18/19,minor knock,2019-05-02,2019-05-09,8,2.0
248857,503987,20/21,minor knock,2021-01-11,2021-01-18,8,1.0
248857,503987,20/21,Knock,2021-01-25,2021-02-25,32,7.0
248857,503987,21/22,Muscle injury,2021-09-20,2021-10-14,25,5.0
248857,503987,21/22,Muscle injury,2021-10-21,2021-12-02,43,9.0
248857,503987,21/22,Muscle injury,2021-12-09,2022-02-07,61,8.0
248857,503987,21/22,Muscle injury,2022-04-11,2022-05-05,25,4.0
248857,503987,22/23,Ankle injury,2022-07-28,2022-10-17,82,20.0
248857,503987,23/24,Muscle injury,2023-09-17,2023-09-25,9,2.0
248857,503987,23/24,unknown injury,2023-12-05,2023-12-18,14,3.0
248857,503987,24/25,Ill,2025-01-10,2025-01-13,4,1.0
248857,503987,24/25,Hamstring injury,2025-02-14,2025-04-02,48,8.0
248857,503987,25/26,Knee injury,2025-09-21,2025-11-21,62,15.0
248859,344888,25/26,Hamstring injury,2025-11-10,2025-11-30,21,4.0
248859,344888,25/26,minor knock,2026-04-20,2026-04-29,10,1.0
248875,486049,21/22,Hamstring injury,2021-08-23,2021-10-04,43,13.0
248875,486049,21/22,Knee injury,2021-10-15,2021-11-13,30,7.0
248875,486049,21/22,Knee injury,2021-12-02,2021-12-31,30,5.0
248875,486049,21/22,Hamstring injury,2022-01-29,2022-02-21,24,3.0
248875,486049,21/22,Calf injury,2022-03-16,2022-04-29,45,10.0
248875,486049,22/23,Muscle injury,2022-08-29,2022-09-14,17,4.0
248875,486049,22/23,Dead leg,2022-10-05,2022-10-24,20,5.0
248875,486049,22/23,Hamstring injury,2023-03-06,2023-03-21,16,2.0
248875,486049,23/24,Muscle injury,2023-12-04,2024-01-05,33,8.0
248875,486049,23/24,minor knock,2024-03-04,2024-03-08,5,1.0
248875,486049,24/25,Hamstring injury,2024-11-03,2024-11-27,25,5.0
248875,486049,24/25,unknown injury,2025-01-19,2025-02-11,24,5.0
248875,486049,25/26,Muscle injury,2025-12-10,2025-12-28,19,4.0
248875,486049,25/26,Calf injury,2026-01-28,2026-02-23,27,6.0
248875,486049,26/27,Calf injury,2026-08-16,,26,4.0
248937,532178,24/25,muscular problems,2025-04-19,2025-08-04,108,2.0
249231,644401,22/23,Ligament injury,2022-09-05,2022-10-10,36,3.0
249231,644401,22/23,Fitness,2022-10-11,2022-10-31,21,1.0
249231,644401,22/23,Knee injury,2023-03-05,2023-05-02,59,11.0
250199,497291,20/21,unknown injury,2021-03-03,2021-03-07,5,
250199,497291,20/21,unknown injury,2021-04-21,2021-05-31,41,6.0
250199,497291,21/22,Corona virus,2021-12-30,2022-01-09,11,
250199,497291,21/22,unknown injury,2022-01-11,2022-01-16,6,
250199,497291,21/22,Shoulder injury,2022-01-21,2022-04-08,78,8.0
250199,497291,22/23,unknown injury,2022-09-10,2022-09-16,7,1.0
250199,497291,22/23,Knee problems,2023-03-04,2023-03-25,22,3.0
250199,497291,25/26,Knee injury,2025-05-30,2025-09-23,117,6.0
250199,497291,25/26,Knee injury,2025-12-13,2025-12-22,10,1.0
250735,386786,16/17,unknown injury,2016-11-19,2017-02-13,87,6.0
250735,386786,19/20,Ill,2019-09-27,2019-09-30,4,2.0
250735,386786,20/21,bruise,2020-10-14,2020-10-21,8,2.0
250735,386786,20/21,Broken nose bone,2021-02-10,2021-02-21,12,2.0
250735,386786,20/21,Fitness,2021-02-22,2021-03-01,8,1.0
250735,386786,21/22,Shoulder injury,2021-11-15,2021-12-05,21,3.0
250735,386786,21/22,muscular problems,2022-04-10,2022-04-18,9,1.0
250735,386786,22/23,unknown injury,2022-09-12,2022-11-30,80,19.0
250735,386786,22/23,Blood poisoning,2023-06-01,2023-10-12,134,14.0
250735,386786,23/24,Ill,2024-05-17,2024-06-07,22,1.0
250735,386786,24/25,Muscle strain,2024-09-11,2024-09-26,16,3.0
250735,386786,25/26,unknown injury,2025-10-13,2025-10-30,18,2.0
250735,386786,25/26,unknown injury,2026-04-26,2026-05-08,13,1.0
420922,487924,24/25,Knee surgery,2024-07-27,2024-10-05,71,7.0
421796,511813,25/26,Knee injury,2025-12-25,2026-03-06,72,15.0
422287,504518,20/21,Hamstring injury,2021-02-12,2021-04-15,63,16.0
423649,490307,18/19,Ankle injury,2019-05-11,2019-05-18,8,1.0
423649,490307,21/22,Knock,2021-08-24,2021-08-27,4,
423649,490307,21/22,unknown injury,2021-09-22,2021-10-14,23,4.0
423649,490307,21/22,Hamstring injury,2022-01-08,2022-03-11,63,9.0
423649,490307,21/22,Groin injury,2022-04-30,2022-05-21,22,2.0
423649,490307,22/23,heart problems,2022-09-30,2022-10-10,11,2.0
424044,391065,19/20,Ankle sprain,2020-02-10,2020-03-23,43,2.0
424044,391065,21/22,influenza,2021-10-14,2021-10-21,8,1.0
424044,391065,21/22,minor knock,2022-04-28,2022-05-09,12,1.0
424044,391065,22/23,Metatarsal fracture,2022-06-30,2022-10-15,108,12.0
424044,391065,22/23,Foot injury,2023-02-26,2023-03-12,15,2.0
424044,391065,22/23,Foot injury,2023-04-05,2023-06-05,62,9.0
424044,391065,23/24,malaria,2023-12-04,2024-01-10,38,6.0
424044,391065,23/24,Fitness,2024-01-10,2024-02-01,23,7.0
424044,391065,24/25,Ill,2024-12-13,2024-12-29,17,2.0
424044,391065,24/25,Hamstring injury,2025-04-02,2025-05-05,34,5.0
424044,391065,25/26,Dead leg,2025-09-15,2025-12-31,108,19.0
424044,391065,25/26,Adductor pain,2026-05-02,2026-09-04,126,5.0
424876,451276,18/19,Torn ankle ligaments,2018-08-17,2018-09-13,28,7.0
424876,451276,20/21,Adductor injury,2020-12-22,2021-07-01,192,35.0
424876,451276,21/22,Ankle problems,2021-11-21,2021-11-25,5,1.0
424876,451276,23/24,Hamstring injury,2024-01-01,2024-01-26,26,4.0
424876,451276,23/24,Hamstring injury,2024-01-31,2024-02-29,30,6.0
424876,451276,24/25,Ill,2025-01-04,2025-01-10,7,2.0
427420,504215,21/22,Fitness,2021-11-29,2022-01-24,57,10.0
427420,504215,21/22,Ill,2022-02-10,2022-02-17,8,1.0
427420,504215,21/22,Hamstring injury,2022-02-21,2022-03-07,15,2.0
427420,504215,21/22,Muscle injury,2022-04-11,2022-06-30,81,9.0
427420,504215,22/23,Fitness,2022-07-04,2022-08-01,29,1.0
427420,504215,22/23,muscular problems,2022-08-08,2022-08-15,8,1.0
427420,504215,22/23,muscular problems,2022-08-22,2022-08-29,8,1.0
427420,504215,22/23,strain,2022-09-29,2022-10-09,11,3.0
427420,504215,22/23,cold,2023-03-29,2023-04-02,5,1.0
427420,504215,22/23,Fissure of the fibula,2023-06-20,2023-09-17,90,12.0
427420,504215,23/24,Ill,2023-12-05,2023-12-07,3,1.0
427420,504215,24/25,Groin strain,2024-09-05,2024-11-20,77,19.0
427420,504215,25/26,Fitness,2025-08-18,2025-09-01,15,2.0
427420,504215,25/26,Thigh problems,2025-09-22,2025-10-13,22,3.0
427420,504215,25/26,muscular problems,2026-01-24,2026-02-25,33,5.0
427623,578539,19/20,Ankle injury,2019-06-10,2019-07-25,46,1.0
427623,578539,19/20,Ill,2019-10-17,2019-10-24,8,1.0
427623,578539,20/21,Calf problems,2020-10-05,2020-10-19,15,2.0
427623,578539,20/21,minor knock,2021-02-11,2021-02-15,5,1.0
427623,578539,20/21,Hamstring injury,2021-04-26,2021-07-08,74,7.0
427623,578539,21/22,Foot injury,2022-01-31,2022-03-31,60,10.0
427623,578539,21/22,Hamstring injury,2022-04-18,2022-06-30,74,8.0
427623,578539,22/23,Leg injury,2022-09-18,2022-11-14,58,11.0
427623,578539,24/25,Knee problems,2024-04-01,2024-04-19,19,3.0
427623,578539,24/25,Hamstring injury,2024-09-27,2024-11-03,38,8.0
427623,578539,24/25,Calf problems,2025-04-01,2025-04-11,11,2.0
427623,578539,25/26,Foot injury,2025-12-23,2026-01-05,14,3.0
427623,578539,25/26,Knee problems,2026-03-27,2026-03-31,5,1.0
427637,393323,21/22,Knee problems,2022-03-19,2022-04-23,36,7.0
427637,393323,23/24,Ill,2023-11-24,2023-11-27,4,1.0
428399,462250,18/19,Muscle injury,2019-03-23,2019-03-28,6,
428399,462250,19/20,Ankle sprain,2019-10-20,2019-11-20,32,8.0
428399,462250,19/20,Leg injury,2020-01-27,2020-02-21,26,4.0
428399,462250,19/20,Ankle injury,2020-07-04,2020-07-18,15,3.0
428399,462250,20/21,Knock,2020-12-20,2020-12-23,4,1.0
428399,462250,20/21,Corona virus,2021-02-02,2021-02-16,15,2.0
428399,462250,20/21,Ankle injury,2021-03-30,2021-04-06,8,1.0
428399,462250,20/21,Ankle injury,2021-04-12,2021-04-23,12,2.0
428399,462250,20/21,Muscle injury,2021-06-17,2021-06-20,4,1.0
428399,462250,21/22,Broken ankle,2021-07-02,2021-09-11,72,6.0
428399,462250,21/22,Muscle injury,2021-11-18,2021-12-01,14,3.0
428399,462250,21/22,Corona virus,2021-12-30,2022-01-05,7,1.0
428399,462250,21/22,Muscle injury,2022-04-18,2022-07-01,75,10.0
428399,462250,23/24,Ankle injury,2024-01-30,2024-02-19,21,4.0
428399,462250,24/25,unknown injury,2024-12-11,2024-12-18,8,2.0
428580,421637,21/22,Ankle injury,2022-03-25,2022-05-16,53,7.0
428580,421637,22/23,Hamstring injury,2022-12-01,2023-02-15,77,8.0
428580,421637,22/23,Thigh problems,2023-03-25,2023-04-09,16,3.0
428626,383109,20/21,Hamstring injury,2020-10-01,2020-10-10,10,1.0
428626,383109,21/22,Ill,2021-08-15,2021-09-25,42,9.0
428626,383109,22/23,Shin bruise,2022-08-26,2023-07-04,313,42.0
428626,383109,23/24,Hamstring injury,2024-04-01,2024-06-18,79,7.0
428626,383109,24/25,unknown injury,2024-08-24,2024-11-22,91,13.0
428626,383109,25/26,unknown injury,2025-08-09,2025-08-17,9,2.0
428626,383109,25/26,unknown injury,2025-12-06,2025-12-13,8,2.0
428971,381469,20/21,Ankle injury,2021-01-04,2021-04-10,97,19.0
428971,381469,21/22,Back injury,2022-03-02,2022-05-10,70,13.0
428971,381469,22/23,Cruciate ligament tear,2023-01-21,2023-10-23,276,30.0
428971,381469,25/26,Groin injury,2025-10-17,2025-11-21,36,6.0
429414,369567,17/18,Internal ligament strain,2017-11-27,2017-12-11,15,2.0
429414,369567,17/18,Metatarsal fracture,2018-03-08,2018-09-13,190,25.0
429414,369567,18/19,Knee problems,2018-09-27,2018-10-25,29,4.0
429414,369567,18/19,Syndesmotic ligament tear,2018-11-05,2019-02-25,113,7.0
429414,369567,19/20,Cruciate ligament tear,2019-07-18,2020-04-06,264,28.0
429414,369567,19/20,Fitness,2020-04-06,2020-05-04,29,
429414,369567,21/22,Corona virus,2021-07-29,2021-08-16,19,2.0
429414,369567,21/22,Shoulder injury,2021-08-19,2022-01-03,138,23.0
429414,369567,21/22,Calf problems,2022-02-10,2022-02-14,5,1.0
429414,369567,21/22,Corona virus,2022-04-04,2022-04-11,8,1.0
429414,369567,22/23,Ankle problems,2022-07-18,2022-08-01,15,1.0
429414,369567,22/23,Cruciate ligament tear,2022-09-04,2023-06-05,275,43.0
429414,369567,23/24,Cruciate ligament tear,2024-02-19,2025-04-30,437,68.0
429414,369567,24/25,Fitness,2025-05-01,2025-06-17,48,6.0
429414,369567,25/26,unknown injury,2025-10-18,2025-10-24,7,1.0
430871,517894,19/20,Ill,2020-01-19,2020-01-22,4,1.0
430871,517894,19/20,Quarantine,2020-03-17,2020-03-31,15,
430871,517894,19/20,concussion,2020-05-28,2020-06-10,14,2.0
430871,517894,20/21,Groin problems,2021-01-09,2021-01-14,6,1.0
430871,517894,20/21,Hamstring injury,2021-02-28,2021-03-15,16,2.0
430871,517894,20/21,Ankle injury,2021-05-10,2021-06-13,35,6.0
430871,517894,21/22,Muscle injury,2021-10-01,2021-10-18,18,4.0
430871,517894,21/22,Knee injury,2022-02-17,2022-03-31,43,9.0
430871,517894,22/23,Muscle injury,2022-09-02,2022-09-09,8,2.0
430871,517894,22/23,Ankle injury,2023-02-25,2023-03-03,7,1.0
430871,517894,23/24,Hamstring injury,2024-02-11,2024-03-30,49,8.0
430871,517894,23/24,Calf injury,2024-04-14,2024-04-22,9,1.0
430871,517894,25/26,Hamstring injury,2025-08-30,2025-09-18,20,3.0
430871,517894,25/26,Knock,2025-11-21,2025-12-04,14,2.0
430871,517894,25/26,Hip flexor problems,2026-04-19,2026-04-30,12,1.0
430992,551001,23/24,Groin problems,2024-03-12,2024-04-14,34,4.0
430992,551001,25/26,Muscle injury,2025-07-26,2025-11-09,107,17.0
430992,551001,25/26,Hamstring injury,2025-11-12,,303,24.0
431248,345911,19/20,Ankle injury,2019-09-15,2019-10-25,41,7.0
431248,345911,19/20,Ill,2020-02-20,2020-03-01,11,2.0
431248,345911,20/21,Corona virus,2020-09-18,2020-09-23,6,1.0
431248,345911,20/21,Metatarsal fracture,2021-04-18,2021-06-14,58,9.0
431248,345911,21/22,muscular problems,2021-07-29,2021-10-28,92,17.0
431248,345911,21/22,muscular problems,2022-02-11,2022-02-22,12,2.0
431248,345911,21/22,Edema in the knee,2022-06-02,2022-06-13,12,3.0
431248,345911,22/23,Back problems,2022-07-01,2022-09-30,92,13.0
431248,345911,22/23,Muscle strain,2022-10-10,2023-01-13,96,8.0
431248,345911,23/24,Rest,2023-09-26,2023-09-28,3,1.0
431248,345911,23/24,Calf injury,2023-10-16,2023-11-23,39,9.0
431248,345911,24/25,Foot injury,2024-11-07,2024-11-20,14,3.0
431248,345911,24/25,Groin injury,2025-01-20,2025-02-01,13,2.0
431248,345911,25/26,Neck injury,2026-04-18,2026-05-04,17,2.0
431639,411537,21/22,Abdominal problems,2021-09-17,2021-10-10,24,4.0
431639,411537,25/26,Knock,2025-12-28,2026-01-26,30,6.0
431639,411537,25/26,Calf stiffness,2026-02-28,2026-03-06,7,1.0
431774,562254,18/19,Hip injury,2018-12-05,2019-01-03,30,7.0
431774,562254,18/19,Hip injury,2019-01-06,2019-02-06,32,5.0
431774,562254,18/19,Hip injury,2019-03-28,2019-04-28,32,5.0
431774,562254,20/21,Hamstring injury,2020-11-01,2020-11-15,15,4.0
431774,562254,21/22,Knee injury,2022-03-19,2023-07-28,497,62.0
431960,439351,20/21,Ankle injury,2021-02-11,2021-02-21,11,1.0
431960,439351,21/22,unknown injury,2021-11-03,2021-11-24,22,4.0
431960,439351,24/25,Hip injury,2024-11-07,2024-11-15,9,1.0
431960,439351,25/26,Ankle problems,2025-09-20,2025-09-27,8,1.0
431960,439351,25/26,Hip problems,2025-11-26,2025-12-13,18,4.0
431960,439351,25/26,Ill,2025-12-17,2025-12-19,3,1.0
431960,439351,25/26,Ill,2026-05-21,2026-05-23,3,1.0
432160,533916,18/19,Cruciate ligament tear,2018-10-21,2019-08-29,313,39.0
432160,533916,20/21,Knee injury,2020-09-10,2020-09-14,5,1.0
432160,533916,20/21,Knee injury,2020-09-23,2020-10-29,37,7.0
432160,533916,20/21,Knee surgery,2020-10-30,2021-03-30,152,33.0
432160,533916,21/22,Shoulder injury,2021-10-10,2021-11-18,40,5.0
432160,533916,23/24,Shoulder injury,2023-08-25,2023-11-11,79,11.0
432160,533916,24/25,Hamstring injury,2024-09-04,2024-10-04,31,4.0
432160,533916,24/25,Calf injury,2024-12-06,2025-02-12,69,13.0
432160,533916,25/26,Cruciate ligament tear,2025-08-30,,377,59.0
432422,397033,19/20,muscular problems,2020-02-10,2020-02-19,10,1.0
432422,397033,19/20,muscular problems,2020-03-08,2020-03-24,17,1.0
432422,397033,20/21,Adductor injury,2020-12-20,2020-12-22,3,
432422,397033,20/21,Shin bruise,2021-01-09,2021-01-11,3,
432422,397033,20/21,unknown injury,2021-01-26,2021-01-27,2,1.0
432422,397033,20/21,Bursitis,2021-02-05,2021-02-09,5,1.0
432422,397033,20/21,Contracture,2021-03-03,2021-03-07,5,
432422,397033,20/21,Knee injury,2021-05-10,2021-05-16,7,1.0
432422,397033,21/22,Fever,2022-03-17,2022-03-19,3,
432422,397033,22/23,unknown injury,2022-08-06,2022-08-18,13,1.0
432422,397033,22/23,Muscle fatigue,2022-09-22,2022-09-28,7,4.0
432422,397033,22/23,Rest,2022-11-17,2022-11-25,9,2.0
432422,397033,25/26,Virus,2026-03-11,2026-03-15,5,1.0
432422,397033,25/26,Groin injury,2026-03-18,2026-03-25,8,1.0
432422,397033,25/26,Thigh problems,2026-05-18,2026-06-01,15,1.0
432705,380072,15/16,Broken leg,2015-07-14,2015-10-19,98,13.0
432711,581669,22/23,Hamstring injury,2023-05-24,2023-06-30,38,1.0
432711,581669,25/26,Dead leg,2026-04-06,2026-06-30,86,6.0
432720,566799,24/25,Ill,2024-08-16,2024-08-18,3,1.0
432830,469050,20/21,Metacarpal fracture,2020-08-28,2020-09-19,23,2.0
432830,469050,20/21,Metacarpal fracture,2020-09-21,2020-10-14,24,2.0
432830,469050,20/21,Hamstring injury,2020-10-25,2020-11-15,22,3.0
432830,469050,23/24,Injury to the ankle,2023-11-18,2023-12-15,28,5.0
432830,469050,23/24,unknown injury,2024-05-17,2024-06-26,41,3.0
432931,528888,21/22,unknown injury,2021-09-10,2021-12-06,88,19.0
432931,528888,23/24,Knock,2023-11-23,2023-12-30,38,8.0
432931,528888,24/25,Muscle injury,2024-08-02,2024-09-06,36,6.0
432931,528888,24/25,Ankle ligament tear,2024-11-26,2025-04-26,152,32.0
432987,486604,19/20,Elbow injury,2019-07-16,2019-12-31,169,20.0
432987,486604,23/24,muscular problems,2024-02-24,2024-03-02,8,1.0
432987,486604,25/26,unknown injury,2025-10-06,2025-10-17,12,
432987,486604,25/26,Knee injury,2026-02-20,2026-10-01,224,17.0
432990,554251,19/20,Bone bruise,2019-07-22,2019-08-01,11,
432990,554251,21/22,Knee problems,2021-08-05,2021-09-26,53,7.0
432990,554251,21/22,Hip flexor problems,2021-10-10,2021-12-13,65,13.0
432990,554251,24/25,Groin injury,2025-04-06,2025-04-28,23,5.0
432990,554251,25/26,Hamstring injury,2025-12-13,2026-02-06,56,6.0
432990,554251,26/27,concussion,2026-08-22,2026-09-01,11,1.0
433019,3580,08/09,Ankle injury,2008-08-17,2008-08-23,7,1.0
433019,3580,10/11,Achilles tendon irritation,2010-08-08,2010-08-12,5,1.0
433019,3580,11/12,Ankle injury,2011-10-26,2011-11-14,20,3.0
433019,3580,16/17,Calf strain,2017-02-20,2017-05-08,78,9.0
433019,3580,17/18,Calf injury,2017-09-30,2017-11-09,41,7.0
433019,3580,17/18,Calf problems,2017-12-10,2017-12-21,12,1.0
433019,3580,18/19,Calf strain,2018-08-18,2018-08-27,10,1.0
433036,460939,21/22,unknown injury,2022-01-21,2022-02-01,12,1.0
433138,463751,25/26,Achilles tendon rupture,2026-05-09,2026-12-31,237,10.0
433154,584769,19/20,Hamstring injury,2019-09-01,2019-09-13,13,
433154,584769,19/20,Hamstring strain,2019-09-26,2019-09-27,2,
433154,584769,19/20,Knock,2020-01-02,2020-01-10,9,1.0
433154,584769,20/21,Groin injury,2020-12-22,2021-01-11,21,3.0
433154,584769,23/24,Ankle injury,2023-07-29,2023-09-01,35,4.0
433154,584769,24/25,Knee problems,2024-11-03,2024-11-17,15,1.0
433154,584769,24/25,Knee injury,2024-12-13,2025-04-02,111,17.0
433312,414908,21/22,Muscle injury,2021-10-15,2021-11-30,47,8.0
433312,414908,22/23,strain,2022-10-16,2022-11-03,19,2.0
433312,414908,23/24,Broken nose bone,2023-10-29,2023-11-10,13,1.0
433312,414908,23/24,Ankle sprain,2023-11-27,2023-12-27,31,4.0
433312,414908,25/26,Hamstring injury,2025-12-03,2026-01-16,45,11.0
433590,531957,24/25,Ankle injury,2023-12-07,2023-12-27,21,5.0
433590,531957,25/26,Hamstring injury,2026-04-12,2026-05-10,29,5.0
433952,518644,20/21,Muscle injury,2021-04-24,2021-04-29,6,1.0
433952,518644,21/22,Hamstring injury,2021-10-09,2021-11-13,36,6.0
433952,518644,21/22,unknown injury,2022-03-25,2022-04-04,11,2.0
433952,518644,21/22,Muscle injury,2022-04-12,2022-04-15,4,
433952,518644,21/22,Muscle injury,2022-05-12,2022-05-17,6,1.0
433952,518644,24/25,Ankle injury,2024-10-22,2024-11-23,33,4.0
433952,518644,25/26,Muscle injury,2025-10-14,2025-12-04,52,7.0
433979,533662,24/25,Calf injury,2024-02-14,2024-04-05,52,6.0
433979,533662,24/25,Adductor injury,2025-01-26,2025-02-07,13,1.0
434024,429563,20/21,Quarantine,2020-10-15,2020-10-21,7,1.0
434024,429563,24/25,Shin injury,2024-10-20,2024-11-27,39,5.0
434024,429563,24/25,Shin injury,2024-11-30,2024-12-11,12,2.0
434024,429563,24/25,unknown injury,2025-01-06,2026-06-15,526,50.0
434024,429563,26/27,Muscle injury,2026-08-01,2026-08-31,31,3.0
434043,609887,23/24,Torn thigh muscle,2024-01-08,2024-05-01,115,27.0
434043,609887,25/26,Shin injury,2025-07-26,2025-09-15,52,11.0
434044,621997,20/21,Quarantine,2020-10-08,2020-10-22,15,1.0
434399,240692,21/22,Ill,2021-11-19,2021-11-21,3,1.0
434399,240692,22/23,Cruciate ligament tear,2023-02-25,2023-11-25,274,40.0
434399,240692,25/26,Knee injury,2026-02-20,2026-03-20,29,5.0
434662,465606,20/21,Corona virus,2021-02-08,2021-02-21,14,3.0
434662,465606,21/22,unknown injury,2021-09-19,2021-09-23,5,1.0
434662,465606,23/24,unknown injury,2024-05-17,2024-05-22,6,1.0
434662,465606,25/26,unknown injury,2025-10-04,2025-11-20,48,6.0
434662,465606,25/26,Fitness,2025-11-20,2025-11-24,5,1.0
434752,371851,18/19,laceration wound,2018-08-25,2018-08-31,7,
434752,371851,18/19,Muscle fatigue,2018-10-13,2018-10-24,12,2.0
434752,371851,19/20,Ankle sprain,2019-09-01,2019-09-19,19,2.0
434752,371851,20/21,muscular problems,2021-05-20,2021-05-31,12,1.0
434752,371851,21/22,concussion,2021-09-20,2021-09-23,4,
434752,371851,22/23,Ankle sprain,2022-09-04,2022-09-15,12,1.0
434752,371851,23/24,Scaphoid fracture,2023-11-29,2024-03-10,103,15.0
434752,371851,24/25,Muscle fatigue,2024-12-22,2024-12-26,5,1.0
434752,371851,24/25,unknown injury,2025-05-16,2025-05-22,7,1.0
434752,371851,25/26,Muscle injury,2026-01-12,2026-02-04,24,3.0
435973,467623,19/20,Ankle injury,2020-02-20,2020-03-02,12,1.0
435973,467623,20/21,Knock,2020-10-15,2020-11-05,22,3.0
435973,467623,20/21,Lumbar vertebra problems,2020-11-09,2020-11-16,8,1.0
435973,467623,20/21,Corona virus,2020-12-17,2021-02-01,47,5.0
435973,467623,22/23,Knock,2022-09-22,2022-09-30,9,3.0
435973,467623,23/24,Depression,2023-11-09,2023-12-10,32,7.0
435973,467623,23/24,Muscle injury,2024-02-05,2024-03-10,35,6.0
435973,467623,24/25,Knee injury,2024-10-16,2024-12-22,68,15.0
435973,467623,24/25,Shoulder injury,2025-04-08,2025-04-27,20,4.0
435973,467623,25/26,muscular problems,2025-10-16,2025-10-20,5,1.0
435973,467623,25/26,Ill,2025-10-31,2025-11-03,4,1.0
435973,467623,25/26,Ill,2026-02-20,2026-02-23,4,1.0
435997,346890,22/23,Foot bruise,2023-04-01,2023-04-08,8,1.0
435997,346890,22/23,Metatarsal fracture,2023-04-16,2023-07-22,98,9.0
435997,346890,23/24,Head injury,2023-10-10,2023-10-19,10,1.0
435997,346890,23/24,Muscle fatigue,2023-10-24,2023-10-29,6,1.0
435997,346890,23/24,Hamstring muscle injury,2023-11-21,2023-12-13,23,4.0
435997,346890,23/24,unknown injury,2023-12-17,2024-01-11,26,5.0
435997,346890,24/25,muscular problems,2024-09-26,2024-10-02,7,1.0
435997,346890,24/25,Fever,2024-11-29,2024-12-02,4,1.0
435997,346890,24/25,Lumbago,2024-12-09,2024-12-14,6,1.0
435997,346890,24/25,Calf muscle tear,2024-12-17,2025-01-21,36,7.0
435997,346890,24/25,muscular problems,2025-03-25,2025-03-29,5,1.0
435997,346890,24/25,Muscle fatigue,2025-05-17,2025-06-15,30,3.0
435997,346890,25/26,Adductor pain,2025-10-16,2025-10-20,5,1.0
435997,346890,25/26,Hamstring injury,2026-02-16,2026-03-16,29,5.0
435997,346890,25/26,Calf injury,2026-05-22,2026-05-28,7,1.0
436234,537382,20/21,influenza,2020-12-28,2020-12-31,4,1.0
436234,537382,21/22,Hamstring injury,2021-10-25,2021-11-18,25,7.0
436234,537382,21/22,Corona virus,2021-12-06,2021-12-23,18,3.0
436234,537382,21/22,Hip injury,2022-04-04,2022-04-14,11,1.0
436234,537382,22/23,Knock,2022-08-29,2022-09-12,15,2.0
436234,537382,23/24,Inflammation of pubic bone,2023-08-02,2023-10-05,65,10.0
436234,537382,24/25,Ankle sprain,2024-10-07,2024-10-28,22,5.0
436234,537382,24/25,Outer ligament tear,2025-03-11,2025-09-01,175,15.0
436416,481675,20/21,Knee injury,2021-04-10,2021-05-24,45,4.0
436416,481675,23/24,Fever,2024-02-22,2024-02-26,5,1.0
436680,486144,24/25,Ankle injury,2024-07-23,2024-12-09,140,18.0
436680,486144,26/27,Cruciate ligament injury,2026-09-02,2027-06-30,302,1.0
437468,366930,22/23,Pubic bone bruise,2022-07-01,2022-08-03,34,2.0
437468,366930,23/24,Knock,2023-11-03,2023-11-13,11,3.0
437495,542586,20/21,Ill,2021-01-03,2021-01-25,23,2.0
437499,434224,20/21,Corona virus,2020-12-22,2020-12-31,10,1.0
437499,434224,21/22,muscular problems,2022-04-17,2022-04-23,7,1.0
437499,434224,22/23,Shoulder injury,2023-05-01,2023-07-10,71,4.0
437505,494237,19/20,Knock,2019-01-15,2019-04-05,81,25.0
437505,494237,21/22,Corona virus,2021-07-28,2021-08-09,13,2.0
437505,494237,22/23,Shoulder injury,2022-08-28,2022-09-17,21,4.0
437505,494237,22/23,Ankle injury,2023-01-30,2023-04-12,73,8.0
437730,583255,20/21,Knee surgery,2021-05-07,2021-08-18,104,5.0
437730,583255,21/22,Knee problems,2021-09-24,2021-11-08,46,9.0
437730,583255,21/22,Knee problems,2022-03-21,2022-04-03,14,1.0
437730,583255,23/24,Calf problems,2024-04-10,2024-04-19,10,1.0
437730,583255,25/26,Ill,2025-11-21,2025-11-24,4,1.0
437738,338629,16/17,Back injury,2016-09-08,2017-01-09,124,
437738,338629,18/19,Ankle injury,2018-08-27,2018-09-20,25,2.0
437738,338629,18/19,concussion,2018-11-08,2018-11-26,19,2.0
437738,338629,18/19,surgery,2019-02-07,2019-03-18,40,6.0
437738,338629,19/20,muscular problems,2020-03-05,2020-03-12,8,2.0
437738,338629,20/21,Back problems,2021-01-28,2021-04-08,71,13.0
437738,338629,21/22,Bruised back,2022-04-28,2022-05-12,15,2.0
437738,338629,23/24,Thigh problems,2023-11-26,2023-12-06,11,2.0
437738,338629,24/25,flu,2024-10-26,2024-11-05,11,3.0
437738,338629,24/25,Muscle injury,2024-11-27,2025-01-07,42,5.0
437738,338629,24/25,Bone edema,2025-02-26,2025-03-25,28,4.0
437738,338629,24/25,Foot injury,2025-04-04,2025-05-14,41,6.0
437742,381967,18/19,Cruciate ligament tear,2018-12-17,2019-08-17,244,24.0
437742,381967,20/21,Adductor pain,2021-01-10,2021-01-25,16,3.0
437742,381967,21/22,Corona virus,2021-12-17,2021-12-24,8,2.0
437742,381967,23/24,Hamstring injury,2023-09-26,2023-12-04,70,14.0
437742,381967,23/24,Hamstring strain,2024-03-01,2024-04-15,46,10.0
437742,381967,24/25,Hamstring injury,2024-07-30,2024-08-19,21,1.0
437742,381967,24/25,Hamstring injury,2024-09-06,2024-09-30,25,6.0
437742,381967,24/25,Hamstring injury,2025-02-06,2025-03-05,28,4.0
437742,381967,24/25,Hamstring injury,2025-04-22,2025-05-11,20,3.0
437742,381967,25/26,Rest,2025-10-28,2025-10-29,2,1.0
437742,381967,25/26,Knock,2025-12-02,2025-12-05,4,1.0
437742,381967,25/26,Calf problems,2026-01-13,2026-01-21,9,1.0
437742,381967,25/26,Torn lateral ankle ligament,2026-02-08,2026-02-27,20,2.0
437742,381967,25/26,Thigh problems,2026-04-10,2026-04-20,11,2.0
437742,381967,26/27,Back problems,2026-09-05,2026-09-09,5,1.0
437748,381963,19/20,Bruised ribs,2020-02-27,2020-03-04,7,1.0
437748,381963,23/24,Hamstring muscle injury,2023-08-10,2023-09-17,39,6.0
437748,381963,24/25,unknown injury,2025-02-01,2025-04-01,60,12.0
437748,381963,25/26,Ankle injury,2026-01-02,2026-04-02,91,14.0
437753,536507,22/23,Knee injury,2022-11-03,2023-08-01,272,31.0
437753,536507,23/24,unknown injury,2024-05-01,2024-05-31,31,6.0
437753,536507,25/26,Muscle injury,2025-11-27,2025-12-01,5,1.0
437757,536508,20/21,Ankle injury,2020-09-13,2020-10-04,22,4.0
437757,536508,20/21,Ankle injury,2020-10-19,2020-10-26,8,2.0
437757,536508,21/22,unknown injury,2021-09-23,2021-10-16,24,3.0
437757,536508,22/23,Calf injury,2023-04-05,2023-05-02,28,4.0
437757,536508,25/26,Rest,2026-04-09,2026-04-11,3,1.0
437858,487469,19/20,Muscle injury,2020-02-21,2020-03-16,25,4.0
437858,487469,21/22,Corona virus,2022-05-28,2022-06-06,10,2.0
437858,487469,24/25,Injury to the ankle,2024-09-06,2024-09-17,12,2.0
437858,487469,24/25,Ankle injury,2024-09-25,2024-10-02,8,1.0
437858,487469,25/26,Knock,2025-09-28,2025-09-30,3,
437858,487469,25/26,Heel injury,2026-04-20,2026-04-26,7,2.0
438234,445939,21/22,Foot injury,2021-10-21,2021-11-23,34,7.0
438234,445939,21/22,Corona virus,2022-02-11,2022-02-16,6,1.0
438234,445939,21/22,muscular problems,2022-04-23,2022-04-28,6,1.0
438234,445939,23/24,Ill,2023-12-12,2023-12-16,5,1.0
438234,445939,23/24,Ill,2024-01-29,2024-02-08,11,1.0
438234,445939,24/25,Rest,2024-11-15,2024-11-15,1,
438234,445939,25/26,Knee injury,2025-09-10,2025-10-13,34,9.0
438277,361260,18/19,minor knock,2018-11-12,2018-11-22,11,
438277,361260,18/19,Broken nose bone,2019-05-27,2019-06-13,18,4.0
438277,361260,19/20,Foot injury,2019-07-04,2019-08-26,54,3.0
438277,361260,19/20,Back problems,2020-01-23,2020-01-23,1,
438277,361260,19/20,Ill,2020-01-27,2020-01-30,4,
438277,361260,19/20,bruise,2020-02-10,2020-02-13,4,
438277,361260,19/20,Vertebral injury,2020-03-02,2020-05-21,81,3.0
438277,361260,20/21,Groin problems,2020-11-30,2020-12-03,4,
438277,361260,20/21,Muscle injury,2021-05-03,2021-05-27,25,5.0
438277,361260,21/22,influenza,2021-11-04,2021-11-29,26,5.0
438277,361260,21/22,Hamstring injury,2022-03-30,2022-05-23,55,9.0
438277,361260,23/24,Ill,2023-09-01,2023-09-03,3,1.0
438277,361260,23/24,Shoulder injury,2023-10-07,2023-10-30,24,4.0
438277,361260,23/24,Cruciate ligament tear,2024-06-05,2025-08-25,447,63.0
438277,361260,25/26,Fitness,2025-09-01,2025-10-06,36,6.0
438464,543387,19/20,Fitness,2019-07-25,2019-08-12,19,3.0
438464,543387,20/21,Muscle injury,2021-04-23,2021-04-29,7,1.0
438464,543387,23/24,Dead leg,2023-10-06,2023-10-18,13,3.0
438464,543387,23/24,Achilles tendon rupture,2023-11-26,2024-05-30,187,27.0
438464,543387,24/25,Toe injury,2024-09-15,2024-10-28,44,6.0
438464,543387,24/25,Knee surgery,2025-01-24,2026-03-01,402,63.0
438464,543387,25/26,Muscle injury,2026-04-02,2026-04-16,15,2.0
439135,581330,22/23,Hamstring injury,2023-01-15,2023-01-26,12,2.0
439135,581330,24/25,concussion,2024-08-17,2024-08-28,12,2.0
439135,581330,24/25,Hamstring injury,2024-12-14,2025-01-15,33,6.0
439135,581330,24/25,Fitness,2025-01-20,2025-01-22,3,1.0
439509,451677,21/22,Calf injury,2021-08-25,2021-09-06,13,3.0
439509,451677,22/23,unknown injury,2022-09-14,2022-09-25,12,3.0
439509,451677,22/23,Ligament injury,2022-10-10,2023-01-08,91,8.0
439509,451677,25/26,Ill,2025-11-21,2025-11-24,4,1.0
439509,451677,25/26,Ill,2025-12-19,2025-12-23,5,1.0
439509,451677,25/26,Back injury,2026-01-16,2026-01-26,11,2.0
439509,451677,25/26,Ill,2026-02-07,2026-02-11,5,1.0
439510,609883,24/25,Hamstring injury,2024-10-01,2025-01-31,123,25.0
440089,540941,20/21,Fever,2021-03-03,2021-03-07,5,1.0
440089,540941,21/22,Thigh problems,2021-10-12,2022-04-15,186,31.0
440089,540941,23/24,Adductor pain,2023-08-26,2023-09-27,33,7.0
440089,540941,23/24,Knee surgery,2023-09-29,2023-12-05,68,12.0
440089,540941,25/26,Ill,2025-09-12,2025-09-15,4,1.0
440089,540941,25/26,Knee injury,2026-03-17,2026-03-24,8,1.0
440120,561452,24/25,Cruciate ligament tear,2024-10-22,2025-05-31,222,38.0
440123,580030,23/24,Knee injury,2024-01-18,2024-06-30,165,22.0
440148,618494,24/25,Shoulder injury,2025-02-07,2025-04-10,63,14.0
440148,618494,25/26,Ill,2026-01-31,2026-02-02,3,1.0
440148,618494,25/26,Pubalgia,2026-05-16,2026-06-30,46,1.0
440241,520651,21/22,Knee injury,2022-01-14,2022-06-30,168,24.0
440241,520651,24/25,Ankle injury,2024-10-19,2024-11-09,22,2.0
440854,425918,21/22,unknown injury,2021-10-08,2021-10-30,23,4.0
440854,425918,25/26,Muscle injury,2026-02-10,2026-02-23,14,2.0
440955,366729,18/19,Back injury,2018-10-06,2018-11-14,40,8.0
440955,366729,18/19,unknown injury,2019-03-21,2019-04-01,12,
440955,366729,19/20,unknown injury,2019-09-04,2019-09-09,6,1.0
440955,366729,19/20,Corona virus,2020-08-06,2020-08-19,14,
440955,366729,20/21,Broken collarbone,2020-11-18,2021-01-29,73,7.0
440955,366729,23/24,Adductor pain,2023-08-12,2023-08-24,13,2.0
440955,366729,23/24,Groin problems,2023-11-28,2023-12-08,11,2.0
440955,366729,23/24,Calf injury,2024-03-15,2024-04-04,21,3.0
440993,623570,24/25,Knee injury,2025-02-12,2025-04-02,50,7.0
441024,559130,22/23,Hamstring injury,2023-02-15,2023-03-17,31,2.0
441024,559130,23/24,Hamstring injury,2023-11-25,2024-01-15,52,11.0
441024,559130,23/24,Muscle injury,2024-01-30,2024-05-06,98,17.0
441024,559130,25/26,Thigh problems,2025-09-23,2025-12-01,70,14.0
441164,553875,18/19,Muscle injury,2019-06-10,2019-07-11,32,5.0
441164,553875,19/20,Muscle injury,2019-10-03,2019-10-17,15,3.0
441164,553875,20/21,Ill,2020-06-18,2020-07-20,33,9.0
441164,553875,20/21,minor knock,2021-03-04,2021-03-11,8,1.0
441164,553875,20/21,muscular problems,2021-05-03,2021-05-10,8,1.0
441164,553875,20/21,Muscle injury,2021-05-13,2021-05-31,19,2.0
441164,553875,21/22,Knee bruise,2021-07-15,2021-08-09,26,2.0
441164,553875,21/22,Muscle injury,2021-11-04,2021-11-15,12,3.0
441164,553875,21/22,Muscle injury,2021-12-13,2022-01-27,46,9.0
441164,553875,21/22,minor knock,2022-03-17,2022-03-31,15,3.0
441164,553875,22/23,Knock,2022-09-22,2022-10-09,18,5.0
441164,553875,23/24,strain,2024-02-16,2024-03-05,19,2.0
441164,553875,25/26,Hamstring injury,2026-01-25,2026-02-28,35,5.0
441191,503981,21/22,Knee problems,2022-01-06,2022-02-03,29,4.0
441191,503981,21/22,Cruciate ligament tear,2022-04-25,2023-04-13,354,51.0
441191,503981,23/24,Ill,2024-01-12,2024-01-20,9,1.0
441191,503981,23/24,Ankle injury,2024-03-11,2024-04-12,33,5.0
441191,503981,23/24,Ankle injury,2024-05-14,2024-05-27,14,2.0
441191,503981,24/25,Ill,2024-12-24,2024-12-29,6,1.0
441191,503981,25/26,Knee injury,2025-09-28,2025-11-21,55,13.0
441191,503981,25/26,Knee injury,2025-12-18,2026-01-01,15,3.0
441191,503981,25/26,Hamstring injury,2026-01-11,2026-03-06,55,15.0
441191,503981,25/26,Thigh problems,2026-04-18,2026-06-01,45,5.0
441191,503981,25/26,Knee injury,2026-06-16,,87,3.0
441192,568005,21/22,Hamstring injury,2021-12-02,2022-03-10,99,25.0
441192,568005,21/22,Hamstring injury,2022-04-26,2022-05-24,29,4.0
441192,568005,22/23,Knee injury,2022-08-14,2022-08-31,18,4.0
441192,568005,22/23,Metatarsal fracture,2023-03-25,2023-06-01,69,15.0
441192,568005,22/23,Muscle injury,2023-10-01,2023-11-01,32,7.0
441192,568005,25/26,unknown injury,2025-09-20,2025-09-25,6,1.0
441192,568005,25/26,muscular problems,2025-12-12,2025-12-18,7,1.0
441240,555076,20/21,Groin injury,2021-04-16,2021-04-22,7,1.0
441240,555076,21/22,Groin injury,2022-01-23,2022-02-07,16,2.0
441240,555076,21/22,Dead leg,2022-03-18,2022-04-01,15,1.0
441240,555076,22/23,unknown injury,2022-08-01,2022-08-15,15,1.0
441240,555076,22/23,Dead leg,2022-09-30,2022-10-08,9,2.0
441240,555076,22/23,Knee problems,2023-04-12,2023-04-20,9,1.0
441240,555076,23/24,Ill,2024-02-16,2024-02-23,8,1.0
441240,555076,23/24,Dead leg,2024-04-20,2024-06-03,45,4.0
441240,555076,23/24,Injury to the ankle,2024-05-11,2024-05-20,10,1.0
441240,555076,24/25,Knock,2024-09-13,2024-09-19,7,1.0
441240,555076,24/25,Injury to the ankle,2024-11-21,2024-11-25,5,1.0
441240,555076,24/25,Injury to the ankle,2024-12-06,2024-12-14,9,2.0
441240,555076,24/25,Knee injury,2025-04-03,2025-04-16,14,2.0
441240,555076,25/26,Injury to the ankle,2026-02-16,2026-03-09,22,3.0
441240,555076,25/26,Knock,2026-05-01,2026-05-20,20,3.0
441264,473169,20/21,unknown injury,2021-03-02,2021-03-10,9,3.0
441264,473169,20/21,Thigh problems,2021-04-09,2021-04-14,6,2.0
441264,473169,21/22,Muscle injury,2021-10-09,2021-11-04,27,7.0
441264,473169,21/22,Knee medial ligament tear,2022-01-23,2022-03-07,44,8.0
441264,473169,22/23,Shoulder injury,2023-01-09,2023-01-13,5,1.0
441264,473169,23/24,unknown injury,2023-09-04,2023-09-15,12,2.0
441264,473169,23/24,muscular problems,2023-11-13,2023-11-29,17,3.0
441264,473169,23/24,Hamstring injury,2024-03-17,2024-04-06,21,4.0
441264,473169,23/24,Hamstring injury,2024-06-12,2024-06-20,9,1.0
441264,473169,24/25,Fitness,2024-07-29,2024-08-05,8,1.0
441264,473169,24/25,unknown injury,2024-09-18,2024-09-21,4,1.0
441264,473169,24/25,Head injury,2024-11-28,2024-12-03,6,1.0
441264,473169,24/25,Ill,2025-02-19,2025-02-22,4,1.0
441264,473169,25/26,Ankle injury,2025-08-03,2025-08-23,21,2.0
441264,473169,25/26,Groin injury,2026-02-23,2026-03-11,17,3.0
441266,478573,20/21,Corona virus,2020-09-19,2020-10-02,14,2.0
441266,478573,21/22,Corona virus,2022-02-04,2022-02-12,9,2.0
441266,478573,21/22,Ankle injury,2022-05-04,2022-06-30,58,10.0
441266,478573,22/23,Knee bruise,2023-02-02,2023-02-12,11,2.0
441266,478573,23/24,Ankle injury,2024-02-26,2024-03-15,19,5.0
441266,478573,24/25,unknown injury,2025-03-16,2025-04-01,17,2.0
441266,478573,25/26,Ankle problems,2025-10-20,2025-10-29,10,2.0
441302,485585,21/22,Hamstring injury,2022-01-04,2022-02-03,31,4.0
441302,485585,22/23,Cut,2022-10-18,2022-10-23,6,2.0
441302,485585,23/24,Rest,2024-05-03,2024-05-05,3,1.0
441302,485585,24/25,flu,2025-06-05,2025-06-08,4,2.0
441428,632349,25/26,Patellar tendon irritation,2025-10-10,2025-10-23,14,3.0
441428,632349,25/26,Thigh problems,2026-03-22,2026-04-14,24,4.0
442229,401604,20/21,Corona virus,2020-11-02,2020-11-17,16,4.0
442229,401604,21/22,Outer ligament problems,2021-11-01,2021-12-08,38,11.0
442229,401604,21/22,muscular problems,2022-01-20,2022-01-27,8,1.0
442229,401604,22/23,muscular problems,2023-02-04,2023-02-21,18,3.0
442229,401604,23/24,unknown injury,2024-04-22,2024-06-01,41,4.0
442229,401604,24/25,Ankle injury,2024-09-16,2024-10-13,28,3.0
442229,401604,24/25,Torn ankle ligaments,2024-11-06,2024-12-20,45,6.0
442229,401604,25/26,Ankle injury,2025-08-06,2025-09-14,40,5.0
442335,486477,22/23,Calf injury,2022-11-13,2023-06-01,201,31.0
442335,486477,23/24,Calf injury,2024-01-10,2024-02-11,33,15.0
443211,543164,20/21,Hamstring injury,2020-11-01,2020-11-15,15,1.0
443211,543164,20/21,Heel problems,2020-12-05,2020-12-08,4,1.0
443211,543164,21/22,Ill,2021-08-05,2021-08-09,5,1.0
443211,543164,21/22,Arch problems,2021-08-16,2021-08-20,5,1.0
443211,543164,21/22,Arch problems,2021-08-17,2021-08-18,2,1.0
443211,543164,21/22,Ankle problems,2021-10-02,2021-10-24,23,6.0
443211,543164,21/22,Ankle problems,2021-10-24,2021-10-26,3,1.0
443211,543164,21/22,Ankle injury,2021-11-02,2022-01-08,68,8.0
443211,543164,21/22,Arch problems,2022-02-10,2022-02-14,5,1.0
443261,559794,23/24,Ankle injury,2024-02-17,2024-03-31,44,6.0
443296,568535,22/23,Ankle injury,2022-12-09,2023-01-15,38,8.0
443296,568535,23/24,Torn ankle ligaments,2023-11-06,2023-11-22,17,1.0
443296,568535,25/26,Knee injury,2026-01-08,2026-05-21,134,17.0
443661,566723,20/21,Rest,2020-09-14,2020-09-16,3,1.0
443661,566723,21/22,Inflammation of the sole of the foot,2022-04-01,2022-04-13,13,2.0
443661,566723,22/23,Muscle tear,2023-06-26,2023-11-08,136,13.0
443661,566723,23/24,Hamstring injury,2024-02-03,2024-04-03,61,7.0
443967,374139,17/18,Ligament injury,2018-05-06,2018-06-06,32,2.0
443967,374139,18/19,Hamstring injury,2018-12-17,2019-02-02,48,9.0
443967,374139,18/19,Muscle injury,2019-02-15,2019-04-06,51,11.0
443967,374139,19/20,Knee injury,2019-08-29,2019-09-10,13,1.0
443967,374139,19/20,Muscle injury,2019-10-01,2019-10-18,18,2.0
443967,374139,19/20,Hip problems,2020-07-04,2020-07-10,7,2.0
443967,374139,20/21,Muscle injury,2020-09-30,2020-10-16,17,2.0
443967,374139,21/22,Hamstring strain,2022-01-16,2022-02-14,30,3.0
443967,374139,21/22,Collateral ligament injury,2022-03-11,2022-04-11,32,4.0
443967,374139,22/23,Knee injury,2022-07-08,2022-09-12,67,7.0
443967,374139,23/24,Knee collateral ligament tear,2023-08-08,2023-09-06,30,6.0
443967,374139,25/26,Hamstring injury,2025-10-30,2025-11-15,17,4.0
443967,374139,25/26,Hamstring injury,2025-12-06,2026-01-01,27,4.0
443967,374139,25/26,Hamstring injury,2026-01-10,2026-02-05,27,6.0
443967,374139,25/26,Muscle injury,2026-04-01,2026-05-01,31,6.0
444102,711337,20/21,Muscle fatigue,2020-09-25,2020-10-04,10,2.0
444102,711337,20/21,Corona virus,2021-01-17,2021-01-27,11,2.0
444102,711337,22/23,unknown injury,2022-12-22,2023-01-30,40,7.0
444102,711337,22/23,unknown injury,2023-02-10,2023-02-20,11,2.0
444102,711337,22/23,Muscle injury,2023-02-23,2023-03-13,19,3.0
444102,711337,22/23,unknown injury,2023-03-30,2023-04-12,14,1.0
444102,711337,23/24,Muscle injury,2023-08-06,2023-09-01,27,4.0
444102,711337,23/24,Ankle injury,2023-09-16,2023-10-03,18,3.0
444102,711337,24/25,Broken foot,2025-01-04,2025-02-20,48,7.0
444102,711337,25/26,Calf problems,2025-10-17,2025-10-31,15,2.0
444463,475411,19/20,Knee injury,2019-08-10,2019-10-05,57,10.0
444463,475411,19/20,Knee injury,2019-11-08,2019-11-27,20,2.0
444463,475411,20/21,Knee injury,2020-11-09,2020-11-21,13,2.0
444463,475411,20/21,Knee injury,2020-12-27,2021-01-02,7,1.0
444463,475411,20/21,Hamstring strain,2021-02-03,2021-03-01,27,8.0
444463,475411,21/22,Broken fibula,2021-08-04,2022-03-15,224,47.0
444463,475411,22/23,Knee injury,2022-10-06,2022-12-16,72,11.0
444463,475411,22/23,Knee injury,2022-12-20,2023-02-13,56,9.0
444463,475411,23/24,Cruciate ligament tear,2023-07-17,2024-06-30,350,64.0
444463,475411,24/25,Hamstring injury,2024-12-01,2025-02-24,86,17.0
444463,475411,24/25,surgery,2025-04-01,2025-07-01,92,18.0
444463,475411,25/26,concussion,2025-09-24,2025-10-20,27,4.0
444463,475411,25/26,Rest,2025-11-21,2025-11-23,3,1.0
444463,475411,25/26,Rest,2025-12-02,2025-12-04,3,1.0
444463,475411,25/26,Fever,2025-12-31,2026-01-06,7,1.0
444765,541231,18/19,Groin injury,2018-09-24,2018-10-04,11,2.0
444765,541231,18/19,Groin strain,2018-10-22,2018-10-29,8,
444765,541231,18/19,Ill,2018-12-20,2019-01-28,40,2.0
444765,541231,22/23,Torn ankle ligaments,2022-10-03,2023-03-01,150,15.0
444765,541231,22/23,Foot injury,2023-03-09,2023-04-17,40,7.0
444765,541231,22/23,Torn muscle bundle,2023-06-16,2023-08-11,57,
444765,541231,24/25,Groin problems,2024-12-16,2024-12-28,13,3.0
444765,541231,24/25,Knee problems,2025-02-15,2025-03-15,29,3.0
444765,541231,25/26,Knock,2025-12-21,2025-12-31,11,1.0
444765,541231,26/27,Groin injury,2026-07-31,2026-10-06,68,4.0
444880,565821,22/23,unknown injury,2022-08-10,2022-09-07,29,4.0
444880,565821,22/23,unknown injury,2022-10-20,2022-11-30,42,4.0
444880,565821,22/23,unknown injury,2023-01-26,2023-02-28,34,6.0
444880,565821,23/24,Knee injury,2023-08-19,2023-10-28,71,9.0
445044,431755,19/20,Left hip flexor problems,2020-01-27,2020-02-07,12,1.0
445044,431755,19/20,Adductor pain,2020-02-11,2020-02-20,10,1.0
445044,431755,20/21,Corona virus,2021-06-08,2021-06-15,8,1.0
445044,431755,21/22,surgery,2021-12-07,2021-12-15,9,2.0
445044,431755,22/23,Thigh problems,2022-09-29,2022-11-05,38,10.0
445044,431755,23/24,Ill,2024-01-10,2024-01-16,7,2.0
445044,431755,24/25,Foot injury,2025-03-03,2025-04-10,39,6.0
445044,431755,25/26,Knee surgery,2025-05-12,2026-09-06,483,59.0
445122,420243,21/22,Abdominal problems,2021-09-20,2021-09-24,5,1.0
445122,420243,21/22,Knock,2021-11-08,2021-11-20,13,2.0
445122,420243,21/22,Knock,2022-02-25,2022-03-10,14,2.0
445122,420243,21/22,Knock,2022-03-23,2022-04-01,10,2.0
445122,420243,22/23,Knock,2022-07-15,2022-07-22,8,
445122,420243,22/23,Ill,2023-01-11,2023-01-13,3,1.0
445122,420243,23/24,Cruciate ligament tear,2023-08-13,2024-04-21,253,53.0
445122,420243,24/25,Knock,2024-09-22,2024-09-28,7,1.0
445122,420243,24/25,Muscle injury,2024-10-01,2024-10-25,25,5.0
445122,420243,24/25,Hamstring muscle injury,2025-01-02,2025-01-07,6,1.0
445122,420243,24/25,Ill,2025-03-19,2025-03-24,6,2.0
445122,420243,24/25,unknown injury,2025-05-02,2025-05-05,4,1.0
445122,420243,25/26,Ankle injury,2025-12-24,2025-12-28,5,1.0
445122,420243,25/26,Ankle injury,2026-03-14,2026-05-04,52,10.0
445122,420243,25/26,Groin injury,2026-06-01,,102,5.0
445548,567597,23/24,Ill,2023-09-01,2023-09-18,18,2.0
445548,567597,23/24,Ill,2023-11-03,2024-01-10,69,11.0
445550,566888,20/21,Quarantine,2020-10-08,2020-10-22,15,
446008,413039,19/20,Corona virus,2020-06-19,2020-06-25,7,1.0
446008,413039,21/22,Calf injury,2021-12-27,2022-01-06,11,2.0
446008,413039,23/24,Ankle injury,2023-12-07,2024-03-12,97,19.0
446189,550829,23/24,muscular problems,2024-03-09,2024-03-11,3,1.0
446189,550829,25/26,Muscle injury,2026-02-06,2026-02-15,10,2.0
446281,570864,22/23,Ankle injury,2023-03-27,2023-05-30,65,8.0
446281,570864,24/25,Back injury,2024-07-01,2025-10-08,465,47.0
447093,465294,23/24,Knee injury,2023-09-22,2024-04-08,200,27.0
447715,50057,19/20,Stress reaction of the bone,2019-12-05,2019-12-14,10,2.0
447715,50057,19/20,unknown injury,2020-06-06,2020-06-15,10,1.0
447715,50057,19/20,Quarantine,2020-10-05,2020-10-10,6,1.0
447715,50057,20/21,Muscle injury,2020-10-12,2020-10-19,8,1.0
447715,50057,20/21,Muscle injury,2020-11-05,2020-11-22,18,5.0
447715,50057,20/21,muscular problems,2021-02-01,2021-02-16,16,4.0
447715,50057,20/21,Thigh problems,2021-03-11,2021-04-02,23,5.0
447715,50057,21/22,muscular problems,2021-08-24,2021-09-10,18,4.0
447715,50057,21/22,muscular problems,2021-09-28,2021-10-16,19,2.0
447715,50057,21/22,Muscle fatigue,2021-10-29,2021-11-02,5,1.0
447715,50057,21/22,muscular problems,2021-11-19,2022-01-02,45,9.0
447715,50057,21/22,Corona virus,2022-01-10,2022-01-21,12,3.0
447715,50057,23/24,Knee injury,2023-09-19,2023-12-01,74,17.0
447715,50057,24/25,Hamstring injury,2024-09-11,2025-02-03,146,27.0
447715,50057,24/25,Hamstring injury,2025-03-11,2025-06-01,83,9.0
447880,576121,23/24,Shoulder injury,2023-11-21,2023-12-31,41,5.0
447880,576121,23/24,Hamstring injury,2024-04-06,2024-05-06,31,5.0
447880,576121,24/25,Calf injury,2025-02-16,2025-06-30,135,11.0
447932,633530,21/22,Ankle injury,2021-11-01,2021-12-14,44,9.0
447932,633530,21/22,Hamstring injury,2022-04-13,2022-04-27,15,4.0
447932,633530,23/24,bruise,2023-12-16,2024-01-09,25,4.0
447932,633530,24/25,Calf problems,2025-03-28,2025-04-26,30,4.0
447932,633530,25/26,muscular problems,2025-12-09,2026-01-09,32,8.0
447932,633530,25/26,Hamstring muscle injury,2026-03-06,2026-05-06,62,10.0
448047,648195,23/24,unknown injury,2023-12-19,2023-12-29,11,2.0
448047,648195,23/24,unknown injury,2024-04-13,2024-04-18,6,1.0
448047,648195,23/24,Groin surgery,2024-04-25,2024-05-31,37,6.0
448047,648195,24/25,Ill,2024-09-13,2024-09-15,3,1.0
448047,648195,24/25,Knock,2025-01-16,2025-01-23,8,1.0
448047,648195,25/26,Knee problems,2025-10-14,2025-10-20,7,2.0
448047,648195,25/26,Knee problems,2025-11-09,2025-11-21,13,1.0
448104,659813,21/22,Muscle injury,2021-12-18,2022-01-05,19,1.0
448104,659813,21/22,Corona virus,2021-12-29,2022-01-04,7,
448104,659813,22/23,Foot injury,2023-06-19,2023-07-19,31,1.0
448104,659813,25/26,Groin problems,2025-09-19,2025-10-20,32,8.0
448104,659813,25/26,Groin injury,2026-01-09,2026-01-24,16,4.0
448104,659813,25/26,Muscle injury,2026-03-28,2026-04-09,13,3.0
448482,703474,23/24,Knee injury,2024-01-28,2024-05-31,125,19.0
448496,580809,26/27,Hip injury,2026-02-21,2027-01-01,315,21.0
449027,502676,21/22,Tonsillitis,2022-03-04,2022-03-09,6,1.0
449027,502676,24/25,Leg injury,2024-12-10,2024-12-31,22,3.0
449027,502676,25/26,Knee injury,2026-04-20,2026-05-06,17,2.0
449429,693095,24/25,Muscle injury,2024-10-14,2024-12-17,65,8.0
449434,583189,25/26,Knock,2025-12-20,2026-01-14,26,5.0
449871,485706,20/21,Adductor pain,2021-01-02,2021-01-13,12,2.0
449871,485706,20/21,Groin problems,2021-05-17,2021-05-24,8,1.0
449871,485706,22/23,Leg injury,2023-04-14,2023-04-24,11,2.0
449871,485706,23/24,Calf injury,2023-11-11,2023-12-08,28,5.0
449871,485706,24/25,Hamstring injury,2024-10-02,2024-10-17,16,3.0
449871,485706,24/25,Foot injury,2024-11-22,2024-12-05,14,4.0
449871,485706,24/25,Hamstring injury,2025-01-19,2025-01-31,13,3.0
449871,485706,24/25,Hamstring injury,2025-02-03,2025-03-10,36,8.0
449871,485706,25/26,Hamstring injury,2025-08-24,2025-10-05,43,9.0
449871,485706,25/26,Muscle injury,2025-11-15,2025-11-27,13,2.0
449871,485706,25/26,Hamstring injury,2025-12-31,2026-01-19,20,4.0
449871,485706,25/26,Knee problems,2026-04-24,2026-04-27,4,1.0
449871,485706,25/26,Calf problems,2026-04-30,2026-05-18,19,4.0
449871,485706,26/27,Cruciate ligament tear,2026-07-07,,66,6.0
449926,466802,20/21,Virus,2020-12-14,2021-01-19,37,10.0
449926,466802,21/22,surgery,2021-08-03,2022-01-21,172,19.0
449926,466802,22/23,muscular problems,2022-09-10,2022-11-11,63,11.0
449926,466802,23/24,Ankle problems,2024-02-26,2024-03-07,11,2.0
449926,466802,24/25,Hamstring injury,2024-11-04,2025-01-28,86,11.0
449926,466802,24/25,Adductor injury,2025-02-22,2025-03-07,14,1.0
449926,466802,24/25,Hamstring injury,2025-04-24,2025-05-16,23,3.0
449926,466802,25/26,Groin problems,2026-03-07,2026-04-01,26,3.0
449926,466802,25/26,Muscle injury,2026-05-08,2026-08-05,90,3.0
449926,466802,26/27,Muscle fatigue,2026-08-31,2026-09-05,6,1.0
449926,466802,26/27,unknown injury,2026-09-03,,8,1.0
449988,505653,21/22,Corona virus,2021-12-18,2021-12-31,14,1.0
449988,505653,24/25,Knee injury,2025-02-08,2025-02-25,18,3.0
449988,505653,24/25,Adductor injury,2025-04-22,2025-09-22,154,13.0
450070,474701,18/19,unknown injury,2019-01-31,2019-02-07,8,1.0
450070,474701,21/22,Ankle injury,2022-04-23,2022-06-30,69,9.0
450070,474701,22/23,unknown injury,2023-01-13,2023-01-30,18,4.0
450070,474701,23/24,Groin strain,2023-08-08,2023-08-30,23,3.0
450070,474701,24/25,Hamstring injury,2025-01-10,2025-09-13,247,21.0
450070,474701,25/26,Knock,2025-11-21,2025-12-05,15,3.0
450070,474701,25/26,Calf injury,2026-03-09,2026-04-07,30,3.0
450072,412937,18/19,Cruciate ligament tear,2018-05-12,2019-03-14,307,21.0
450072,412937,21/22,Cruciate ligament tear,2021-08-11,2022-06-24,318,37.0
450072,412937,23/24,unknown injury,2023-12-01,2023-12-05,5,1.0
450072,412937,25/26,flu,2025-09-29,2025-10-02,4,
450434,339314,17/18,Shin injury,2017-08-04,2017-11-08,97,14.0
450434,339314,23/24,Torn lateral knee ligament,2023-08-09,2023-09-11,34,4.0
450434,339314,23/24,Torn muscle fiber,2024-02-18,2024-03-01,13,1.0
450434,339314,24/25,Hamstring strain,2024-11-07,2024-11-20,14,3.0
450434,339314,24/25,Torn muscle fiber,2024-11-20,2024-12-17,28,7.0
450434,339314,24/25,Fitness,2024-12-17,2024-12-23,7,1.0
450434,339314,24/25,Stomach problems,2025-04-04,2025-04-08,5,1.0
450434,339314,25/26,Inner knee ligament tear,2025-08-31,2025-10-08,39,8.0
450527,563963,19/20,Muscle injury,2020-07-06,2020-12-06,154,15.0
450527,563963,20/21,Hamstring injury,2020-07-07,2020-07-27,21,4.0
450527,563963,20/21,Knock,2020-09-11,2020-09-25,15,3.0
450527,563963,20/21,Hamstring injury,2020-12-30,2021-02-05,38,7.0
450527,563963,21/22,Thigh problems,2022-02-26,2022-03-06,9,2.0
450527,563963,22/23,Knock,2023-02-14,2023-03-02,17,3.0
450527,563963,22/23,Hip injury,2023-03-20,2023-06-30,103,13.0
450527,563963,23/24,Adductor injury,2023-08-01,2023-11-30,122,19.0
450527,563963,23/24,Hamstring injury,2024-02-29,2024-03-25,26,4.0
450527,563963,24/25,Hamstring injury,2024-10-16,2024-11-06,22,5.0
450527,563963,25/26,Cruciate ligament tear,2026-01-05,,249,28.0
450539,587002,24/25,Back injury,2025-03-04,2025-07-25,144,11.0
450541,586986,25/26,Ill,2025-11-19,2025-11-26,8,1.0
450541,586986,25/26,Syndesmotic ligament tear,2026-03-18,2026-06-30,105,11.0
450542,586834,23/24,Hamstring injury,2023-11-02,2024-04-15,166,24.0
450542,586834,24/25,Muscle injury,2024-12-25,2025-01-22,29,7.0
450544,581674,21/22,Ankle injury,2021-10-25,2021-11-15,22,4.0
450544,581674,22/23,Ankle injury,2022-08-16,2022-09-05,21,4.0
450544,581674,22/23,Ill,2022-10-30,2022-11-04,6,1.0
450544,581674,24/25,Virus,2025-01-12,2025-01-26,15,2.0
450544,581674,24/25,Knee bruise,2025-02-13,2025-02-19,7,1.0
451302,336077,18/19,cold,2019-05-13,2019-05-21,9,1.0
451302,336077,19/20,Pubalgia,2020-03-12,2020-04-06,26,1.0
451302,336077,20/21,Scaphoid fracture,2021-04-16,2021-05-13,28,6.0
451302,336077,21/22,Shoulder injury,2021-10-30,2022-02-09,103,20.0
451302,336077,22/23,Knee injury,2022-07-27,2022-08-04,9,
451302,336077,22/23,Hip problems,2022-12-03,2022-12-17,15,
451302,336077,22/23,Fitness,2022-12-17,2022-12-21,5,1.0
451302,336077,22/23,Hip problems,2023-04-14,2023-06-20,68,15.0
451302,336077,23/24,Groin problems,2024-03-15,2024-04-05,22,5.0
451302,336077,24/25,unknown injury,2025-02-03,2025-03-31,57,11.0
451340,504849,21/22,Ankle sprain,2022-01-11,2022-02-17,38,8.0
451340,504849,23/24,unknown injury,2023-11-15,2023-11-29,15,3.0
451340,504849,23/24,Ankle injury,2023-12-22,2024-01-25,35,8.0
451340,504849,23/24,Back injury,2024-02-23,2024-06-30,129,20.0
451340,504849,24/25,Heel problems,2025-04-07,2025-04-18,12,1.0
451340,504849,24/25,Heel problems,2025-05-02,2025-05-09,8,1.0
451340,504849,25/26,Foot injury,2025-10-02,2025-12-08,68,14.0
451340,504849,25/26,Ill,2025-12-26,2025-12-28,3,1.0
451340,504849,25/26,Ankle injury,2026-03-13,2026-03-20,8,1.0
451340,504849,25/26,Hamstring injury,2026-05-10,,124,7.0
451432,498237,20/21,Corona virus,2020-12-27,2021-01-06,11,2.0
451432,498237,20/21,Broken ankle,2021-02-11,2022-01-28,352,51.0
451432,498237,24/25,Knock,2024-11-25,2024-12-11,17,4.0
454667,468066,20/21,Corona virus,2020-11-23,2020-12-07,15,4.0
454667,468066,21/22,unknown injury,2021-07-01,2021-09-01,63,11.0
454667,468066,21/22,Thigh problems,2022-02-05,2022-02-28,24,4.0
454667,468066,21/22,Injury to the ankle,2022-03-07,2022-03-21,15,2.0
454667,468066,21/22,Hamstring injury,2022-04-23,2022-05-30,38,4.0
454667,468066,23/24,Muscle fatigue,2023-09-20,2023-09-23,4,1.0
454667,468066,23/24,Knee bruise,2023-12-09,2023-12-11,3,
454667,468066,23/24,Thigh problems,2024-01-13,2024-01-16,4,
454667,468066,23/24,Hamstring strain,2024-02-26,2024-03-11,15,3.0
454667,468066,24/25,Knee injury,2024-09-25,2024-10-19,25,2.0
455084,596446,23/24,Ankle problems,2023-09-17,2023-09-22,6,1.0
455084,596446,24/25,Knock,2025-02-14,2025-02-17,4,1.0
455084,596446,24/25,Thigh problems,2025-03-31,2025-04-04,5,1.0
455084,596446,25/26,Knock,2026-02-22,2026-02-26,5,1.0
456350,585550,23/24,Achilles tendon rupture,2024-04-16,2025-01-01,261,39.0
456350,585550,24/25,Meniscus injury,2025-04-11,2025-06-30,81,10.0
456350,585550,25/26,Thigh problems,2026-01-20,2026-04-01,72,13.0
456350,585550,25/26,unknown injury,2026-04-23,2026-06-30,69,2.0
456512,365108,19/20,unknown injury,2020-01-22,2020-02-05,15,2.0
456512,365108,19/20,unknown injury,2020-06-17,2020-06-29,13,3.0
456512,365108,20/21,Corona virus,2020-11-10,2020-11-18,9,2.0
456512,365108,22/23,unknown injury,2023-01-19,2023-02-02,15,3.0
456512,365108,22/23,unknown injury,2023-05-18,2023-05-23,6,1.0
456512,365108,23/24,Hamstring injury,2023-12-27,2024-02-05,41,6.0
456512,365108,24/25,Hamstring muscle injury,2024-08-28,2024-09-12,16,3.0
456512,365108,24/25,Muscle fatigue,2024-10-17,2024-10-21,5,1.0
456512,365108,24/25,muscular problems,2024-11-11,2024-11-25,15,3.0
456512,365108,24/25,Bruise on ankle,2024-12-16,2024-12-23,8,1.0
456512,365108,24/25,Hamstring injury,2025-04-26,2025-05-13,18,3.0
456512,365108,25/26,Knock,2025-12-15,2026-01-07,24,5.0
456512,365108,25/26,unknown injury,2026-03-10,2026-03-14,5,1.0
456512,365108,25/26,unknown injury,2026-04-25,2026-05-19,25,4.0
456966,610665,23/24,Hamstring injury,2023-10-30,2024-01-20,83,14.0
458249,435648,20/21,Quarantine,2020-11-05,2020-11-13,9,1.0
458249,435648,20/21,Quarantine,2020-12-06,2020-12-17,12,3.0
458249,435648,20/21,Lumbago,2021-02-25,2021-03-14,18,3.0
458249,435648,20/21,Inner ligament injury,2021-04-02,2021-06-13,73,12.0
458249,435648,22/23,inflammation,2022-12-08,2023-01-17,41,3.0
458249,435648,22/23,Adductor injury,2023-02-08,2023-02-28,21,3.0
458249,435648,22/23,Ankle injury,2023-03-27,2023-03-30,4,
458249,435648,23/24,Hamstring muscle injury,2024-03-09,2024-03-31,23,1.0
458249,435648,23/24,Hamstring injury,2024-05-11,2024-06-05,26,2.0
458249,435648,24/25,Thigh problems,2025-04-14,2025-06-01,49,9.0
458249,435648,25/26,Knock,2026-01-16,2026-01-30,15,2.0
458297,538994,24/25,Calf injury,2025-02-27,2025-03-05,7,1.0
460028,614258,21/22,Ankle injury,2021-09-26,2021-10-13,18,4.0
460028,614258,21/22,Knee injury,2022-01-07,2022-02-20,45,9.0
460028,614258,22/23,Torn muscle bundle,2023-01-20,2023-02-25,37,10.0
460028,614258,23/24,Shoulder injury,2023-11-14,2023-11-20,7,1.0
460028,614258,23/24,Hamstring injury,2024-01-26,2024-02-11,17,4.0
460028,614258,23/24,Toe injury,2024-03-07,2024-05-05,60,12.0
460028,614258,24/25,Knock,2025-01-16,2025-01-23,8,1.0
460028,614258,25/26,Cruciate ligament tear,2025-08-07,2026-04-24,261,
460842,543499,20/21,Knock,2020-10-02,2020-10-09,8,1.0
460842,543499,20/21,Meniscus injury,2020-10-22,2021-01-09,80,17.0
460842,543499,20/21,Fitness,2021-01-14,2021-02-09,27,6.0
460842,543499,21/22,Ankle injury,2021-07-16,2021-09-16,63,8.0
460842,543499,21/22,Rib fracture,2021-11-15,2022-02-06,84,26.0
460842,543499,22/23,Ill,2023-01-07,2023-01-13,7,2.0
460842,543499,22/23,Hamstring injury,2023-04-07,2023-05-05,29,4.0
460842,543499,23/24,minor knock,2023-07-24,2023-08-05,13,
460842,543499,25/26,unknown injury,2025-11-03,2025-11-21,19,2.0
460842,543499,25/26,Hamstring injury,2026-01-04,2026-06-29,177,23.0
461023,610649,21/22,Back injury,2022-02-15,2022-04-20,65,12.0
461023,610649,22/23,Knee injury,2022-09-24,2022-10-14,21,2.0
461023,610649,23/24,Knock,2023-10-26,2023-11-08,14,3.0
461023,610649,23/24,Knock,2023-12-02,2023-12-31,30,5.0
461023,610649,23/24,minor knock,2024-01-25,2024-02-02,9,2.0
461023,610649,23/24,Knock,2024-04-09,2024-05-16,38,5.0
461023,610649,24/25,minor knock,2024-10-16,2024-11-01,17,3.0
461025,638964,25/26,Wrist injury,2026-03-13,2026-04-01,20,2.0
461188,612517,23/24,unknown injury,2024-02-13,2024-02-25,13,2.0
461188,612517,24/25,Hamstring injury,2025-02-20,2025-09-01,194,17.0
461188,612517,25/26,unknown injury,2025-10-17,2025-12-15,60,9.0
461199,696181,23/24,Ankle injury,2023-09-13,2023-10-18,36,4.0
461199,696181,25/26,Hamstring injury,2025-07-14,2025-11-21,131,12.0
461199,696181,25/26,Hamstring injury,2026-04-10,2026-06-15,67,7.0
461358,576024,22/23,Ill,2022-03-04,2022-03-06,3,1.0
461358,576024,25/26,Inner ligament injury,2025-09-14,2025-09-20,7,1.0
461358,576024,25/26,Ankle problems,2026-04-30,2026-05-04,5,1.0
461358,576024,25/26,Ankle sprain,2026-05-06,2026-05-31,26,4.0
461416,669366,23/24,Back injury,2023-09-18,2023-11-05,49,10.0
461421,627248,24/25,Calf injury,2025-03-02,2025-06-30,121,11.0
461446,663225,20/21,Ankle injury,2021-04-03,2021-10-04,185,25.0
461446,663225,22/23,Hip flexor problems,2023-02-11,2023-07-06,146,15.0
461446,663225,24/25,Hamstring injury,2024-11-03,2025-02-10,100,19.0
461446,663225,25/26,Hamstring injury,2026-02-17,2026-05-31,104,20.0
461508,626291,22/23,concussion,2022-09-20,2022-12-09,81,12.0
461533,655880,22/23,Adductor injury,2023-02-14,2023-05-07,83,15.0
461533,655880,25/26,unknown injury,2026-02-20,2026-05-13,83,15.0
461533,655880,26/27,unknown injury,2026-06-19,2026-08-26,69,9.0
461548,686845,23/24,unknown injury,2023-08-01,2023-08-22,22,2.0
461548,686845,23/24,unknown injury,2023-09-20,2023-11-07,49,9.0
461548,686845,23/24,Ill,2024-01-19,2024-01-23,5,1.0
461548,686845,24/25,unknown injury,2024-09-20,2024-10-19,30,5.0
461548,686845,24/25,Knee surgery,2025-04-11,2025-08-22,134,15.0
461548,686845,25/26,Fever,2025-12-13,2025-12-16,4,1.0
461587,621193,23/24,unknown injury,2023-10-01,2023-10-27,27,4.0
461587,621193,23/24,unknown injury,2024-03-01,2024-04-13,44,9.0
461587,621193,24/25,unknown injury,2024-12-21,2025-01-10,21,4.0
461587,621193,24/25,unknown injury,2025-01-02,2025-03-14,72,5.0
461682,631996,23/24,Longitudinal tendon tear,2024-02-12,2024-03-15,33,6.0
461682,631996,24/25,unknown injury,2025-02-02,2025-02-22,21,4.0
461682,631996,24/25,unknown injury,2025-04-26,2025-05-27,32,4.0
461682,631996,24/25,unknown injury,2025-06-07,2025-06-12,6,2.0
461682,631996,25/26,Rest,2025-09-12,2025-09-14,3,1.0
461682,631996,25/26,Cruciate ligament tear,2026-02-05,,218,19.0
462116,605184,18/19,Muscle injury,2019-05-05,2019-05-11,7,1.0
462116,605184,19/20,Leg injury,2019-08-16,2019-08-31,16,2.0
462116,605184,19/20,Ankle sprain,2019-11-09,2019-12-01,23,2.0
462116,605184,19/20,pinched nerve,2019-12-14,2020-01-09,27,4.0
462116,605184,19/20,Ankle problems,2020-05-17,2020-05-26,10,1.0
462116,605184,19/20,Groin injury,2020-06-07,2020-09-07,93,13.0
462116,605184,20/21,Corona virus,2020-08-14,2020-09-09,27,1.0
462116,605184,20/21,Fitness,2020-09-10,2020-10-05,26,3.0
462116,605184,20/21,Achilles tendon problems,2020-10-21,2020-11-10,21,6.0
462116,605184,23/24,Knock,2023-08-18,2023-08-22,5,1.0
462116,605184,23/24,Thigh problems,2023-11-25,2023-11-28,4,1.0
462116,605184,24/25,unknown injury,2025-01-05,2025-02-10,37,5.0
462116,605184,25/26,Groin problems,2026-01-01,2026-01-05,5,1.0
462116,605184,25/26,Calf injury,2026-03-21,2026-04-09,20,2.0
462387,610581,19/20,unknown injury,2020-01-01,2020-01-31,31,6.0
462387,610581,24/25,Groin problems,2025-02-23,2025-02-26,4,1.0
462387,610581,25/26,Calf injury,2025-08-16,2025-10-30,76,17.0
462424,495666,18/19,Hamstring injury,2019-05-23,2019-09-28,129,9.0
462424,495666,19/20,Metatarsal fracture,2019-11-04,2020-01-20,78,15.0
462424,495666,22/23,Back injury,2023-03-16,2023-06-20,97,15.0
462424,495666,23/24,Toe injury,2023-10-09,2023-10-19,11,2.0
462424,495666,24/25,Hamstring injury,2025-01-17,2025-01-24,8,2.0
462424,495666,25/26,Ankle injury,2025-08-31,2025-09-15,16,3.0
462424,495666,25/26,Knock,2025-11-29,2025-12-13,15,4.0
462424,495666,25/26,Ill,2026-02-09,2026-02-14,6,1.0
462424,495666,25/26,Ankle sprain,2026-03-02,2026-03-09,8,2.0
462424,495666,25/26,Ankle injury,2026-03-23,2026-04-01,10,2.0
462424,495666,26/27,Back injury,2026-07-19,,54,5.0
462491,670861,24/25,Back injury,2024-10-15,2025-03-07,144,30.0
462491,670861,25/26,Back injury,2025-03-16,2025-12-31,291,21.0
462635,503980,25/26,Leg injury,2025-12-07,2026-01-18,43,8.0
462635,503980,26/27,Ankle injury,2026-08-15,,28,4.0
462831,596821,23/24,Calf strain,2022-09-26,2022-10-18,23,4.0
462831,596821,22/23,Shin injury,2022-12-27,2023-02-15,51,8.0
462831,596821,23/24,Cruciate ligament tear,2023-09-02,2024-05-13,255,31.0
462831,596821,24/25,Bone edema,2024-10-28,2024-12-16,50,7.0
462831,596821,24/25,Ill,2025-04-08,2025-04-14,7,1.0
463034,610849,23/24,Knee injury,2024-01-11,2024-04-11,92,18.0
463034,610849,25/26,Hamstring injury,2025-08-31,2025-10-28,59,10.0
463034,610849,25/26,Shoulder injury,2025-12-06,2025-12-25,20,4.0
463034,610849,25/26,Ill,2026-01-13,2026-01-16,4,1.0
463067,538977,20/21,Quarantine,2021-02-01,2021-02-10,10,1.0
463067,538977,21/22,Shoulder injury,2022-05-08,2022-06-26,50,4.0
463067,538977,24/25,Foot injury,2025-03-30,2025-05-25,57,8.0
463067,538977,25/26,Muscle injury,2025-08-22,2025-08-25,4,1.0
463067,538977,25/26,Head injury,2025-12-01,2025-12-05,5,1.0
463067,538977,26/27,Foot injury,2026-08-23,,20,3.0
463210,747951,25/26,Hamstring injury,2025-10-25,2026-01-18,86,18.0
463212,742451,23/24,Knock,2023-10-28,2023-11-04,8,2.0
463212,742451,24/25,Ankle injury,2025-01-24,2025-01-31,8,1.0
463212,742451,25/26,Ankle injury,2026-01-14,2026-01-18,5,1.0
463212,742451,25/26,Ankle injury,2026-02-15,2026-02-19,5,1.0
463748,493513,18/19,Broken hand,2019-01-10,2019-03-31,81,9.0
463748,493513,21/22,Finger injury,2022-02-23,2022-05-14,81,9.0
463748,493513,24/25,Shoulder injury,2025-03-22,2025-05-01,41,5.0
463748,493513,25/26,Thumb injury,2026-03-20,2026-05-31,73,10.0
463748,493513,26/27,muscular problems,2026-08-14,2026-08-26,13,1.0
463903,513245,21/22,Thigh problems,2021-12-06,2021-12-10,5,1.0
463903,513245,21/22,Hamstring injury,2022-04-28,2022-05-16,19,4.0
463903,513245,22/23,cold,2022-09-15,2022-09-22,8,1.0
463903,513245,22/23,Thigh problems,2023-02-05,2023-02-11,7,1.0
463903,513245,22/23,Ankle injury,2023-03-08,2023-04-24,48,10.0
463903,513245,23/24,Shin injury,2023-11-21,2023-12-01,11,2.0
463903,513245,23/24,Lumbago,2023-12-22,2023-12-25,4,1.0
463903,513245,23/24,Lumbago,2024-04-05,2024-04-08,4,1.0
463903,513245,23/24,Lumbago,2024-05-13,2024-05-15,3,
463903,513245,24/25,Groin surgery,2025-03-16,2025-08-14,152,11.0
463903,513245,25/26,Fitness,2025-08-15,2025-09-01,18,3.0
463903,513245,25/26,Adductor injury,2025-09-19,2025-11-24,67,13.0
463903,513245,25/26,Fitness,2025-11-25,2025-12-15,21,3.0
463903,513245,25/26,Knock,2026-01-02,2026-01-15,14,2.0
463903,513245,25/26,Ill,2026-02-13,2026-02-23,11,2.0
463912,421873,23/24,Ankle sprain,2023-08-26,2023-10-06,42,6.0
463912,421873,24/25,Muscle strain,2025-05-18,2025-05-26,9,1.0
463936,670882,20/21,Fitness,2020-09-24,2020-10-05,12,2.0
463936,670882,21/22,Torn ankle ligaments,2021-07-22,2021-11-22,124,13.0
463936,670882,21/22,Shoulder injury,2022-02-14,2022-02-28,15,1.0
463936,670882,22/23,Shoulder injury,2022-09-03,2022-11-28,87,17.0
463936,670882,22/23,Shoulder injury,2023-03-16,2023-03-31,16,1.0
463936,670882,22/23,Shoulder injury,2023-05-07,2023-08-18,104,5.0
463936,670882,24/25,Knock,2024-11-14,2024-11-18,5,1.0
463936,670882,24/25,Ill,2025-06-24,2025-06-26,3,2.0
463936,670882,25/26,Shoulder injury,2025-12-19,2025-12-24,6,1.0
463936,670882,25/26,Ill,2026-01-13,2026-01-18,6,2.0
463936,670882,25/26,Hamstring injury,2026-02-01,2026-03-31,59,12.0
463936,670882,25/26,Hamstring injury,2026-04-03,2026-06-29,88,10.0
463981,611793,21/22,Knee injury,2021-11-10,2022-05-02,174,27.0
463981,611793,22/23,concussion,2023-01-22,2023-01-30,9,1.0
463981,611793,23/24,Ankle injury,2024-01-25,2024-03-11,47,8.0
463981,611793,24/25,Hamstring injury,2025-01-17,2025-02-20,35,5.0
465247,503883,23/24,Knock,2023-08-04,2023-08-15,12,2.0
465351,601883,20/21,Corona virus,2021-03-17,2021-03-29,13,1.0
465351,601883,22/23,Shoulder injury,2022-11-04,2022-11-12,9,2.0
465351,601883,23/24,Muscle injury,2023-11-14,2023-12-04,21,5.0
465351,601883,24/25,unknown injury,2024-11-10,2024-11-19,10,2.0
465351,601883,24/25,unknown injury,2024-12-20,2025-01-02,14,3.0
465351,601883,25/26,Ill,2026-01-16,2026-01-19,4,1.0
465390,626888,25/26,Ankle problems,2025-09-12,2025-09-22,11,2.0
465527,607224,21/22,Corona virus,2022-01-06,2022-01-08,3,
465527,607224,25/26,Hamstring injury,2026-03-21,2026-04-30,41,5.0
465551,566043,21/22,unknown injury,2022-01-13,2022-01-20,8,1.0
465551,566043,23/24,Hamstring injury,2023-07-19,2023-10-18,92,12.0
465551,566043,23/24,Torn muscle fiber,2023-11-06,2024-01-15,71,8.0
465551,566043,24/25,Hamstring injury,2025-03-05,2025-06-30,118,11.0
465572,405686,16/17,Knock,2017-04-24,2017-11-13,204,16.0
465572,405686,21/22,Calf problems,2022-03-19,2022-04-26,39,5.0
465572,405686,22/23,Hamstring injury,2023-02-05,2023-03-01,25,5.0
465572,405686,24/25,Cruciate ligament tear,2024-09-22,2025-08-24,337,39.0
465572,405686,25/26,Knee injury,2025-10-03,2025-10-20,18,2.0
465572,405686,25/26,Shoulder injury,2025-12-12,2026-03-07,86,9.0
465607,466810,20/21,Meniscus tear,2020-11-08,2021-09-09,306,64.0
465607,466810,21/22,Fitness,2021-09-10,2021-09-24,15,3.0
465607,466810,21/22,Knee problems,2021-10-27,2021-11-01,6,2.0
465607,466810,21/22,Hamstring injury,2021-11-07,2022-01-11,66,13.0
465607,466810,21/22,Hamstring injury,2022-01-21,2022-03-28,67,13.0
465607,466810,21/22,Fitness,2022-03-29,2022-04-29,32,8.0
465607,466810,22/23,Knee bruise,2023-02-24,2023-03-02,7,1.0
465607,466810,23/24,Calf injury,2023-11-25,2024-02-02,70,13.0
465607,466810,24/25,Foot injury,2024-07-24,2024-09-16,55,5.0
465607,466810,24/25,Muscle injury,2024-11-13,2024-12-11,29,5.0
465607,466810,24/25,Ill,2025-03-01,2025-03-03,3,1.0
465607,466810,25/26,Ill,2025-11-03,2025-11-07,5,1.0
465607,466810,25/26,Hamstring injury,2025-12-03,2026-01-11,40,6.0
465607,466810,25/26,Calf problems,2026-01-31,2026-02-11,12,2.0
465607,466810,26/27,Calf injury,2026-08-14,,29,5.0
465642,521964,20/21,Quarantine,2021-05-11,2021-05-23,13,3.0
465642,521964,21/22,Thigh problems,2021-08-02,2021-08-12,11,1.0
465642,521964,21/22,Knee problems,2022-03-20,2022-03-29,10,1.0
465642,521964,23/24,Hamstring muscle injury,2023-11-28,2024-02-14,79,14.0
465642,521964,23/24,Heel spur,2024-04-05,2024-04-10,6,1.0
465642,521964,24/25,Ankle sprain,2024-08-30,2024-09-20,22,5.0
465642,521964,24/25,Hamstring muscle injury,2025-01-14,2025-01-27,14,3.0
465680,585959,20/21,Knee injury,2021-03-18,2021-03-29,12,3.0
465680,585959,21/22,angina,2022-01-20,2022-01-24,5,1.0
465680,585959,22/23,Muscle tear,2022-08-22,2022-09-16,26,6.0
465680,585959,22/23,Dead leg,2023-01-16,2023-02-03,19,3.0
465680,585959,23/24,Hamstring injury,2023-09-12,2023-09-29,18,3.0
465680,585959,25/26,Shoulder injury,2026-02-14,2026-02-20,7,
465694,466805,21/22,Knock,2021-09-18,2021-09-22,5,1.0
465694,466805,21/22,Adductor injury,2021-11-07,2021-11-19,13,2.0
465694,466805,21/22,influenza,2022-03-24,2022-04-01,9,1.0
465694,466805,21/22,Broken toe,2022-04-29,2022-05-29,31,5.0
465694,466805,22/23,Metatarsal fracture,2023-01-01,2023-03-01,60,12.0
465694,466805,22/23,Ankle injury,2023-04-10,2023-04-20,11,1.0
465694,466805,24/25,Knock,2025-02-08,2025-02-10,3,
465694,466805,25/26,Knock,2026-01-02,2026-01-05,4,1.0
465694,466805,25/26,Knock,2026-01-11,2026-01-27,17,4.0
465702,538998,20/21,Corona virus,2021-02-04,2021-02-18,15,4.0
465702,538998,21/22,Cruciate ligament injury,2022-04-11,2023-01-16,281,34.0
465702,538998,23/24,Knee injury,2023-09-01,2023-12-17,108,18.0
465730,429915,20/21,Meniscus injury,2020-08-13,2020-08-26,14,2.0
465730,429915,20/21,Ankle injury,2021-04-11,2021-04-22,12,3.0
465730,429915,23/24,Whiplash,2024-02-04,2024-02-09,6,1.0
465730,429915,24/25,Hamstring injury,2024-09-07,2024-09-11,5,1.0
465730,429915,24/25,Achilles tendon problems,2024-12-19,2024-12-31,13,2.0
465730,429915,25/26,Muscle injury,2025-09-19,2025-09-22,4,1.0
465730,429915,25/26,Ill,2026-01-09,2026-01-21,13,2.0
466052,607223,21/22,Metatarsal fracture,2022-02-09,2022-05-09,90,19.0
466052,607223,23/24,Muscle injury,2024-04-01,2024-04-02,2,
466052,607223,25/26,Thigh problems,2025-08-30,2025-10-03,35,9.0
466075,502821,21/22,unknown injury,2022-05-06,2022-06-03,29,3.0
466075,502821,22/23,Torn muscle fiber,2022-09-01,2022-10-05,35,8.0
466075,502821,22/23,muscular problems,2023-02-19,2023-02-23,5,
466075,502821,22/23,unknown injury,2023-04-11,2023-04-18,8,2.0
466075,502821,22/23,unknown injury,2023-05-04,2023-05-08,5,1.0
466075,502821,23/24,Knock,2024-02-11,2024-02-14,4,
466075,502821,24/25,Calf problems,2024-09-07,2024-09-18,12,2.0
466075,502821,24/25,Knee injury,2024-10-22,2024-11-21,31,7.0
466075,502821,24/25,Knee injury,2024-12-03,2024-12-17,15,4.0
466075,502821,24/25,Muscle injury,2025-01-11,2025-01-21,11,3.0
466075,502821,24/25,Knee injury,2025-03-21,2025-05-06,47,10.0
466075,502821,24/25,Knee bruise,2025-05-24,2025-07-21,59,3.0
466075,502821,25/26,Hip problems,2025-11-10,2025-11-20,11,2.0
466075,502821,25/26,Muscle injury,2025-12-26,2026-01-26,32,9.0
466075,502821,25/26,Knock,2026-04-08,2026-04-27,20,4.0
466117,538971,19/20,Calf injury,2020-08-10,2020-08-27,18,
466117,538971,21/22,Calf injury,2021-07-19,2021-09-06,50,4.0
466117,538971,21/22,Fitness,2021-09-06,2021-09-23,18,2.0
466117,538971,21/22,Achilles tendon problems,2021-11-01,2021-12-04,34,8.0
466117,538971,21/22,Corona virus,2021-12-30,2022-01-10,12,1.0
466117,538971,21/22,Broken toe,2022-03-13,2022-07-01,111,8.0
466117,538971,22/23,Ankle injury,2022-10-16,2022-10-18,3,
466117,538971,22/23,Ankle injury,2023-03-20,2023-05-12,54,7.0
466404,621993,22/23,Ankle injury,2022-10-17,2022-11-17,32,7.0
466404,621993,24/25,unknown injury,2024-10-24,2024-12-31,69,13.0
466404,621993,24/25,Achilles tendon contusion,2025-02-17,2025-04-04,47,7.0
466404,621993,25/26,Calf injury,2025-08-25,2025-09-17,24,3.0
466404,621993,25/26,Calf injury,2026-01-03,2026-01-25,23,3.0
466404,621993,25/26,unknown injury,2026-05-25,2026-06-30,37,
466525,344069,17/18,Meniscus tear,2018-04-16,2018-06-28,74,9.0
466525,344069,18/19,Fitness,2018-07-02,2018-09-27,88,12.0
466525,344069,22/23,Hip problems,2022-09-08,2022-09-15,8,1.0
466525,344069,22/23,Knock,2022-10-10,2022-10-13,4,
466525,344069,22/23,Ill,2023-02-23,2023-02-28,6,1.0
466525,344069,22/23,Stomach flu,2023-05-05,2023-05-12,8,1.0
466525,344069,24/25,Stomach flu,2025-01-15,2025-01-17,3,1.0
466525,344069,24/25,Knock,2025-01-30,2025-02-15,17,3.0
466525,344069,25/26,Head injury,2025-11-22,2025-12-04,13,1.0
466525,344069,25/26,Muscle injury,2026-01-16,2026-01-19,4,1.0
466525,344069,25/26,Hip injury,2026-02-01,2026-02-16,16,3.0
466525,344069,25/26,Ankle injury,2026-04-05,2026-04-24,20,3.0
466525,344069,25/26,Ankle injury,2026-05-22,2026-06-01,11,1.0
467169,602105,20/21,Knock,2020-10-20,2020-10-23,4,1.0
467169,602105,20/21,muscular problems,2020-11-09,2020-11-24,16,3.0
467169,602105,20/21,Knock,2021-03-19,2021-04-03,16,1.0
467169,602105,21/22,unknown injury,2021-11-23,2021-12-01,9,2.0
467169,602105,21/22,Ankle injury,2022-03-30,2022-07-22,115,10.0
467169,602105,22/23,unknown injury,2022-10-28,2022-11-23,27,5.0
467169,602105,22/23,Leg injury,2023-02-05,2023-02-20,16,4.0
467189,400536,21/22,Foot injury,2021-10-10,2021-11-01,23,6.0
467189,400536,22/23,Tendon tear,2022-08-18,2022-09-16,30,4.0
467189,400536,23/24,Hamstring injury,2023-08-08,2023-08-18,11,2.0
467189,400536,24/25,Groin injury,2024-12-15,2025-01-30,47,8.0
467189,400536,24/25,Groin injury,2025-04-28,2025-07-14,78,6.0
467311,624948,25/26,unknown injury,2025-08-25,2025-08-25,1,
467779,415381,20/21,Ankle injury,2020-09-11,2020-09-29,19,2.0
467779,415381,22/23,Syndesmotic ligament tear,2022-07-09,2022-09-02,56,4.0
467779,415381,22/23,Knock,2022-12-15,2022-12-27,13,
467779,415381,23/24,Ill,2023-11-03,2023-11-05,3,1.0
467779,415381,23/24,Thigh problems,2024-04-17,2024-06-17,62,8.0
467779,415381,24/25,unknown injury,2024-08-24,2024-09-16,24,6.0
467779,415381,24/25,Thigh problems,2024-12-21,2025-01-19,30,6.0
467779,415381,24/25,Leg injury,2024-12-22,2025-02-10,51,9.0
467779,415381,25/26,Knee problems,2025-08-29,2025-09-15,18,4.0
467779,415381,25/26,Toe injury,2025-12-29,2026-02-13,47,9.0
467779,415381,26/27,Knee injury,2026-08-30,,13,1.0
468243,733494,24/25,Knee injury,2024-12-27,2025-02-06,42,8.0
468243,733494,24/25,Bone inflammation,2025-02-07,2025-06-30,144,20.0
469130,572265,20/21,Knee problems,2021-04-08,2021-05-07,30,5.0
469130,572265,20/21,Meniscus injury,2021-05-10,2021-07-03,55,3.0
469130,572265,23/24,Hamstring injury,2024-03-23,2024-04-10,19,1.0
469130,572265,24/25,Calf problems,2025-04-19,2025-05-08,20,3.0
469130,572265,25/26,influenza,2026-01-03,2026-01-06,4,1.0
469142,576314,23/24,Hamstring injury,2024-04-26,2024-05-26,31,5.0
469142,576314,24/25,Groin injury,2024-09-23,2024-10-16,24,4.0
469142,576314,24/25,Head injury,2025-04-19,2025-05-03,15,1.0
469142,576314,25/26,Ill,2025-12-19,2025-12-22,4,1.0
469142,576314,25/26,Thigh problems,2026-02-06,2026-02-10,5,1.0
469247,581672,21/22,Hand injury,2022-04-01,2022-04-12,12,3.0
469247,581672,22/23,Bruise on ankle,2022-10-30,2022-12-31,63,16.0
469247,581672,24/25,Internal ligament strain,2024-10-17,2024-10-21,5,1.0
469272,607226,23/24,Calf injury,2023-11-21,2023-12-02,12,2.0
470255,671074,23/24,Ankle ligament tear,2024-02-20,2024-04-02,43,9.0
470294,663264,23/24,Groin surgery,2024-03-27,2024-06-30,96,13.0
470294,663264,25/26,Groin injury,2026-01-13,,242,27.0
470296,719681,24/25,Ankle injury,2024-08-01,2025-02-01,185,8.0
470313,455661,20/21,Virus,2020-12-31,2021-02-01,33,6.0
470313,455661,20/21,Outer ligament tear,2021-04-01,2021-05-31,61,10.0
470313,455661,21/22,Back problems,2021-07-08,2021-07-20,13,
470313,455661,21/22,Foot surgery,2021-10-07,2021-12-31,86,13.0
470313,455661,23/24,Back problems,2023-08-17,2023-08-21,5,1.0
470313,455661,24/25,Ill,2025-02-03,2025-02-06,4,1.0
470313,455661,25/26,Ill,2026-03-01,2026-03-06,6,1.0
470315,524285,19/20,Broken foot,2020-06-01,2020-09-01,93,5.0
470315,524285,20/21,Metatarsal fracture,2021-03-25,2021-06-30,98,8.0
470315,524285,21/22,muscular problems,2022-03-19,2022-04-12,25,4.0
470315,524285,22/23,Corona virus,2022-07-05,2022-07-18,14,
470315,524285,22/23,Thigh problems,2023-02-18,2023-02-23,6,1.0
470315,524285,23/24,Thigh problems,2023-08-21,2023-09-17,28,4.0
470315,524285,23/24,Ill,2023-11-16,2023-11-18,3,1.0
470315,524285,23/24,Ill,2024-02-19,2024-02-26,8,1.0
470315,524285,24/25,Foot injury,2024-10-18,2024-12-09,53,8.0
471471,635336,20/21,Knee problems,2021-01-22,2021-01-28,7,1.0
471471,635336,21/22,Knee injury,2022-05-07,2022-09-30,147,20.0
471471,635336,22/23,Ankle injury,2022-10-19,2022-10-19,1,
471798,656316,23/24,minor knock,2024-04-03,2024-04-10,8,1.0
471798,656316,24/25,Finger injury,2024-11-08,2025-02-03,88,16.0
471848,638649,24/25,unknown injury,2024-08-13,2024-09-10,29,4.0
471848,638649,24/25,Calf injury,2024-12-09,2025-01-16,39,8.0
471848,638649,24/25,Calf strain,2025-01-22,2025-02-28,38,6.0
471848,638649,26/27,Knee injury,2026-08-26,,17,4.0
472464,640026,24/25,Ill,2025-01-10,2025-01-17,8,1.0
472464,640026,25/26,Knee injury,2026-03-17,2026-07-31,137,9.0
472713,591949,19/20,Knock,2019-12-02,2019-12-13,12,2.0
472713,591949,19/20,Knee injury,2020-01-18,2020-02-14,28,6.0
472713,591949,20/21,unknown injury,2020-11-07,2020-11-22,16,1.0
472713,591949,20/21,Corona virus,2020-12-13,2021-01-01,20,4.0
472713,591949,20/21,Shoulder injury,2021-02-28,2021-03-13,14,2.0
472713,591949,20/21,surgery,2021-04-03,2021-06-07,66,10.0
472713,591949,21/22,Corona virus,2022-01-01,2022-01-13,13,1.0
472713,591949,22/23,Ankle injury,2022-10-10,2022-12-31,83,10.0
472713,591949,23/24,Hamstring injury,2023-11-02,2025-02-17,474,75.0
472713,591949,24/25,Fitness,2025-02-17,2025-05-16,89,13.0
472713,591949,25/26,Knock,2025-10-09,2025-11-03,26,5.0
472713,591949,25/26,Rest,2025-12-02,2025-12-04,3,1.0
472713,591949,25/26,Hamstring injury,2026-02-22,2026-04-13,51,8.0
472739,646353,24/25,Ankle injury,2024-10-18,2025-01-18,93,17.0
472769,743413,23/24,surgery,2023-08-01,2024-01-16,169,14.0
472769,743413,25/26,Ankle injury,2026-03-01,2026-03-06,6,1.0
473341,461833,21/22,unknown injury,2021-08-28,2021-09-05,9,1.0
473341,461833,22/23,Foot injury,2022-11-16,2022-12-09,24,1.0
473341,461833,22/23,Ankle problems,2023-04-22,2023-05-06,15,2.0
473342,592474,20/21,Quarantine,2020-10-08,2020-10-22,15,
474120,660867,20/21,Facial injury,2021-05-21,2021-06-20,31,2.0
474120,660867,21/22,Facial injury,2022-05-08,2022-08-29,114,19.0
474120,660867,23/24,Meniscus tear,2023-08-22,2024-02-21,184,38.0
474120,660867,24/25,Knee injury,2025-02-16,2025-03-06,19,3.0
474120,660867,25/26,Knee injury,2025-07-16,2025-08-31,47,3.0
474803,732120,23/24,Mononucleation,2024-02-06,2024-03-11,35,7.0
474803,732120,24/25,unknown injury,2024-09-28,2024-11-22,56,13.0
475123,641458,24/25,Hamstring injury,2025-02-10,2025-03-31,50,6.0
476344,649317,23/24,unknown injury,2023-08-11,2023-08-13,3,1.0
476344,649317,23/24,infection,2023-10-21,2023-10-23,3,1.0
476344,649317,23/24,infection,2023-10-28,2023-11-06,10,2.0
476344,649317,23/24,Hamstring injury,2024-01-25,2024-03-08,44,9.0
476344,649317,25/26,Bone inflammation,2025-08-27,2025-10-20,55,9.0
476344,649317,25/26,Thigh problems,2026-01-28,2026-02-06,10,3.0
476369,649452,20/21,Hamstring injury,2021-02-14,2021-03-16,31,4.0
476369,649452,22/23,Ankle sprain,2023-01-19,2023-01-23,5,1.0
476369,649452,24/25,Arm injury,2025-05-02,2025-05-06,5,1.0
476502,649020,19/20,Knock,2020-01-26,2020-02-10,16,4.0
476502,649020,20/21,Knee injury,2020-08-04,2020-12-01,120,11.0
476502,649020,21/22,Dead leg,2022-03-07,2022-04-08,33,3.0
476502,649020,22/23,Groin injury,2023-01-04,2023-05-20,137,26.0
476502,649020,23/24,Ill,2023-12-18,2023-12-29,12,2.0
476502,649020,24/25,Meniscus injury,2024-08-28,2025-01-27,153,23.0
476502,649020,24/25,Ill,2025-01-28,2025-02-17,21,2.0
476502,649020,25/26,Ill,2025-10-24,2025-10-30,7,2.0
476502,649020,25/26,Ill,2026-01-16,2026-01-23,8,1.0
476502,649020,25/26,Injury to the ankle,2026-02-02,2026-02-16,15,2.0
476502,649020,25/26,Calf injury,2026-03-08,2026-07-06,121,8.0
476887,540664,24/25,Knee injury,2025-01-20,2025-02-12,24,4.0
476887,540664,25/26,Hamstring injury,2025-10-17,2025-12-03,48,9.0
476888,557612,21/22,Virus,2021-12-21,2022-01-07,18,2.0
476888,557612,24/25,Injury to the ankle,2025-01-06,2025-01-18,13,2.0
476938,490224,21/22,Back injury,2021-11-15,2022-02-21,99,14.0
476938,490224,24/25,Calf problems,2025-02-22,2025-03-15,22,3.0
477064,701057,25/26,Ankle injury,2026-02-27,2026-03-16,18,5.0
477386,467563,19/20,Shoulder injury,2019-09-03,2019-09-15,13,
477386,467563,21/22,Corona virus,2022-03-21,2022-03-28,8,1.0
477386,467563,22/23,Shoulder injury,2022-10-16,2022-11-01,17,3.0
477386,467563,22/23,Knee problems,2023-01-04,2023-02-12,40,8.0
477386,467563,22/23,Shoulder injury,2023-03-19,2023-04-07,20,1.0
477386,467563,22/23,unknown injury,2023-04-26,2023-04-29,4,1.0
477386,467563,22/23,Hamstring muscle injury,2023-05-08,2023-05-31,24,3.0
477386,467563,23/24,Dental surgery,2023-09-21,2023-09-25,5,1.0
477386,467563,23/24,Shoulder injury,2023-10-20,2024-02-08,112,18.0
477386,467563,25/26,Muscle fatigue,2025-10-16,2025-10-23,8,1.0
477386,467563,25/26,muscular problems,2026-01-13,2026-02-13,32,5.0
477386,467563,25/26,Hamstring muscle injury,2026-03-01,2026-04-13,44,5.0
477386,467563,25/26,Shoulder injury,2026-04-26,2026-05-12,17,2.0
477386,467563,26/27,Muscle injury,2026-09-13,,4,
477424,475959,20/21,Muscle injury,2021-03-08,2021-03-29,22,6.0
477424,475959,20/21,Muscle injury,2021-05-13,2021-06-17,36,1.0
477424,475959,21/22,Knee problems,2022-05-05,2022-05-12,8,1.0
477424,475959,22/23,Thigh problems,2023-05-06,2023-05-13,8,1.0
477424,475959,22/23,Groin problems,2023-06-11,2023-07-07,27,2.0
477424,475959,23/24,Ankle ligament tear,2024-02-11,2024-03-04,23,5.0
477424,475959,25/26,unknown injury,2025-08-01,2025-09-01,32,3.0
477424,475959,25/26,Broken tibia,2026-01-04,2026-05-01,118,27.0
477547,661208,23/24,unknown injury,2023-11-21,2023-12-06,16,3.0
477547,661208,25/26,Achilles tendon surgery,2025-06-02,2025-11-21,173,12.0
477547,661208,26/27,Patellar tendon tear,2026-08-16,2027-05-01,259,3.0
477555,661207,24/25,Broken leg,2024-08-14,2025-03-01,200,48.0
477555,661207,24/25,Fitness,2025-03-01,2025-03-30,30,5.0
477555,661207,25/26,Hamstring injury,2025-12-17,2026-02-06,52,12.0
477580,659089,20/21,unknown injury,2021-02-12,2021-02-17,6,1.0
477580,659089,21/22,Corona virus,2022-01-16,2022-01-28,13,
477580,659089,22/23,Ankle injury,2023-02-10,2023-03-31,50,7.0
477580,659089,25/26,Ill,2025-12-05,2025-12-07,3,1.0
477717,842341,21/22,Muscle injury,2021-11-22,2022-02-21,92,14.0
477717,842341,25/26,Knock,2025-12-19,2025-12-29,11,2.0
477717,842341,25/26,Knock,2026-01-02,2026-01-06,5,1.0
477717,842341,26/27,Thigh problems,2026-08-12,2026-08-24,13,1.0
477733,622236,24/25,Cruciate ligament tear,2024-09-18,2024-10-18,31,3.0
478028,668265,21/22,Knee problems,2021-10-01,2021-10-24,24,3.0
478028,668265,23/24,Torn knee ligaments,2023-07-17,2024-10-14,456,41.0
478028,668265,24/25,Muscle injury,2024-11-09,2024-12-10,32,3.0
478028,668265,25/26,Thigh problems,2025-11-03,2025-11-19,17,2.0
478028,668265,25/26,Hamstring injury,2026-03-16,2026-04-10,26,4.0
478028,668265,26/27,Ankle injury,2026-07-21,,53,12.0
478912,659459,23/24,flu,2023-04-25,2023-04-27,3,1.0
478912,659459,23/24,Knee injury,2023-08-21,2023-10-06,47,7.0
478912,659459,23/24,Knee injury,2023-10-09,2023-12-31,84,14.0
478912,659459,23/24,Fitness,2024-01-01,2024-01-08,8,1.0
478912,659459,23/24,Ankle injury,2024-02-13,2024-03-10,27,4.0
478912,659459,23/24,Knock,2024-03-25,2024-04-02,9,1.0
478912,659459,23/24,unknown injury,2024-04-25,2024-05-18,24,5.0
478912,659459,24/25,Ill,2024-10-02,2024-10-04,3,1.0
478912,659459,24/25,Ill,2024-12-20,2024-12-31,12,3.0
478912,659459,24/25,Knee problems,2025-02-07,2025-02-10,4,1.0
478912,659459,24/25,Knee problems,2025-02-12,2025-02-16,5,1.0
478912,659459,24/25,muscular problems,2025-03-03,2025-03-10,8,2.0
478912,659459,24/25,minor knock,2025-04-14,2025-04-18,5,1.0
478912,659459,24/25,Ill,2025-06-30,2025-07-03,4,
478912,659459,25/26,muscular problems,2026-02-27,2026-03-11,13,2.0
478969,392179,23/24,Knee injury,2023-08-30,2023-11-18,81,17.0
478969,392179,23/24,Hamstring injury,2024-06-05,2024-12-05,184,26.0
479641,667925,25/26,Hamstring injury,2026-02-14,,210,23.0
480216,431475,21/22,Cruciate ligament tear,2022-01-24,2022-07-24,182,18.0
481405,462832,17/18,Knee injury,2018-03-04,2018-06-10,99,10.0
481405,462832,23/24,Finger injury,2023-09-22,2023-09-25,4,1.0
481405,462832,23/24,Ill,2023-10-20,2023-10-22,3,1.0
481405,462832,23/24,Shoulder injury,2024-04-20,2024-04-27,8,2.0
481405,462832,23/24,Shoulder injury,2024-05-11,2024-06-30,51,2.0
481405,462832,24/25,Ill,2024-09-17,2024-09-26,10,3.0
481405,462832,24/25,Stomach flu,2024-11-04,2024-11-09,6,1.0
481405,462832,24/25,Ill,2025-01-28,2025-01-30,3,1.0
481405,462832,24/25,Calf problems,2025-06-26,2025-07-22,27,1.0
481405,462832,25/26,Hamstring injury,2025-09-28,2025-11-08,42,8.0
481405,462832,25/26,Calf injury,2026-05-02,2026-05-31,30,3.0
481405,462832,26/27,Knee injury,2026-08-04,2026-08-12,9,2.0
481510,564529,21/22,unknown injury,2022-04-01,2022-06-30,91,11.0
481510,564529,22/23,Ankle injury,2023-03-01,2023-03-25,25,4.0
481510,564529,23/24,Hamstring injury,2023-10-02,2023-10-19,18,3.0
481510,564529,24/25,Groin problems,2024-10-20,2024-10-28,9,1.0
481510,564529,24/25,Ill,2025-01-01,2025-01-10,10,1.0
481510,564529,24/25,Knock,2025-02-03,2025-02-10,8,1.0
481510,564529,25/26,Knee injury,2025-11-11,2025-11-19,9,
481510,564529,25/26,Knee surgery,2025-11-20,2026-02-05,78,16.0
481510,564529,25/26,Knee injury,2026-02-22,2026-06-30,129,13.0
481624,665390,21/22,Knee injury,2022-03-11,2022-04-10,31,6.0
481624,665390,22/23,Groin injury,2022-11-06,2022-12-12,37,3.0
481624,665390,22/23,Knee problems,2023-04-16,2023-04-20,5,1.0
481624,665390,23/24,Thigh problems,2023-11-01,2023-11-09,9,1.0
481624,665390,23/24,Knee injury,2023-12-09,2024-01-21,44,10.0
481624,665390,23/24,Knee injury,2023-12-13,2024-02-03,53,10.0
481624,665390,24/25,Knock,2024-08-30,2024-09-29,31,6.0
481624,665390,24/25,Knock,2025-01-03,2025-01-15,13,2.0
481624,665390,24/25,Knee injury,2025-04-14,2025-06-16,64,6.0
481624,665390,25/26,Knee injury,2026-01-18,2026-03-11,53,11.0
481624,665390,26/27,Ankle injury,2026-08-17,,26,4.0
481626,539807,23/24,unknown injury,2023-12-13,2023-12-31,19,1.0
481655,423440,20/21,Muscle injury,2020-09-04,2020-09-25,22,2.0
481655,423440,21/22,Hip injury,2021-10-22,2021-10-27,6,1.0
481655,423440,21/22,Hamstring injury,2022-01-20,2022-02-01,13,1.0
481655,423440,22/23,Adductor injury,2022-07-16,2022-07-25,10,
481655,423440,23/24,Hip injury,2024-01-16,2024-01-22,7,2.0
481655,423440,23/24,Hamstring injury,2024-05-01,2024-06-03,34,5.0
482442,568693,21/22,Corona virus,2022-01-05,2022-01-12,8,2.0
482442,568693,23/24,Knock,2023-11-22,2023-12-07,16,2.0
482442,568693,24/25,Knock,2025-01-21,2025-01-26,6,1.0
482442,568693,25/26,Shoulder injury,2026-04-13,2026-05-01,19,2.0
482442,568693,26/27,unknown injury,2026-09-01,,11,1.0
482609,620322,22/23,Knock,2022-09-27,2022-10-05,9,1.0
482609,620322,22/23,Strain in the thigh and gluteal muscles,2022-12-22,2023-01-08,18,3.0
482609,620322,22/23,Strain in the thigh and gluteal muscles,2023-01-15,2023-01-30,16,1.0
482609,620322,22/23,Hamstring injury,2023-02-09,2023-04-17,68,13.0
482609,620322,23/24,Knee injury,2023-11-14,2023-12-14,31,8.0
482609,620322,23/24,Muscle injury,2024-01-20,2024-01-28,9,2.0
482609,620322,23/24,Hamstring injury,2024-03-31,2024-04-02,3,
482609,620322,23/24,Rest,2024-04-07,2024-04-08,2,1.0
482609,620322,23/24,unknown injury,2024-04-22,2024-05-05,14,3.0
482609,620322,24/25,Muscle injury,2024-09-01,2024-09-22,22,6.0
482609,620322,24/25,Ill,2024-11-22,2024-11-29,8,2.0
482609,620322,24/25,Injury to the ankle,2025-03-07,2025-03-15,9,2.0
482609,620322,24/25,Muscle injury,2025-04-20,2025-04-28,9,1.0
482609,620322,25/26,Ill,2026-01-09,2026-01-18,10,3.0
482609,620322,25/26,Ill,2026-03-15,2026-03-19,5,1.0
482769,668547,22/23,Pneumothorax,2022-08-23,2022-10-14,53,18.0
482769,668547,24/25,unknown injury,2024-10-30,2025-01-13,76,10.0
482769,668547,25/26,Nose injury,2026-05-03,2026-05-08,6,
483081,667121,24/25,Hip injury,2025-02-14,2025-03-08,23,4.0
483081,667121,25/26,Groin injury,2025-10-29,2026-01-09,73,12.0
483364,543726,24/25,Torn thigh muscle,2025-03-19,2025-06-01,75,9.0
483365,672381,23/24,Hamstring injury,2024-02-12,2024-04-10,59,13.0
483365,672381,25/26,Hamstring muscle injury,2025-11-10,2025-11-30,21,2.0
483365,672381,25/26,Hamstring strain,2026-04-26,2026-05-01,6,
483391,535927,23/24,unknown injury,2024-02-15,2024-03-06,21,4.0
483391,535927,24/25,Cruciate ligament injury,2025-02-09,,580,73.0
484420,633992,23/24,Dead leg,2023-03-26,2023-04-20,26,3.0
484420,633992,23/24,Shoulder injury,2023-09-25,2023-10-02,8,1.0
484420,633992,23/24,Hamstring injury,2024-02-07,2024-03-25,48,9.0
484420,633992,24/25,Collateral ligament injury,2024-08-26,2024-10-04,40,6.0
484420,633992,25/26,unknown injury,2026-03-13,2026-03-20,8,1.0
484658,554284,19/20,traffic accident,2020-01-10,2020-06-22,165,11.0
484658,554284,21/22,muscular problems,2021-08-27,2021-09-09,14,4.0
484658,554284,21/22,unknown injury,2022-01-26,2022-02-18,24,4.0
484658,554284,22/23,Ill,2023-01-19,2023-01-23,5,1.0
484658,554284,22/23,Ill,2023-02-10,2023-02-14,5,1.0
484658,554284,23/24,Ill,2023-12-01,2023-12-04,4,1.0
484658,554284,23/24,unknown injury,2024-01-17,2024-01-31,15,2.0
484658,554284,23/24,Ill,2024-03-27,2024-04-01,6,1.0
484658,554284,24/25,unknown injury,2024-11-01,2024-11-15,15,1.0
484658,554284,24/25,unknown injury,2024-11-27,2024-12-16,20,4.0
484658,554284,24/25,Fitness,2024-12-16,2024-12-19,4,1.0
484658,554284,24/25,influenza,2025-03-02,2025-03-04,3,1.0
484658,554284,24/25,Injury to the ankle,2025-05-29,2025-06-01,4,1.0
484658,554284,25/26,Metacarpal fracture,2026-01-09,2026-01-28,20,3.0
485047,673492,19/20,Muscle injury,2020-01-06,2020-01-23,18,5.0
485047,673492,22/23,Ankle sprain,2022-08-29,2022-10-20,53,10.0
485337,500689,25/26,Knee problems,2025-08-03,2025-08-10,8,1.0
485337,500689,25/26,muscular problems,2025-12-05,2025-12-08,4,1.0
485337,500689,25/26,Knee injury,2026-04-09,2026-05-17,39,9.0
485711,627442,21/22,Torn muscle fiber,2021-10-17,2021-11-01,16,4.0
485711,627442,21/22,Thigh problems,2021-11-05,2021-11-19,15,3.0
485711,627442,21/22,Torn muscle fiber,2022-02-06,2022-03-07,30,5.0
485711,627442,25/26,Knee injury,2025-11-08,2025-12-10,33,4.0
485711,627442,25/26,Shin injury,2026-05-15,2026-08-01,79,2.0
486385,595809,21/22,Muscle injury,2022-04-10,2022-05-25,46,8.0
486385,595809,22/23,flu,2023-04-16,2023-04-20,5,1.0
486385,595809,22/23,Lumbago,2023-04-27,2023-05-20,24,4.0
486385,595809,23/24,Knee injury,2023-11-23,2023-11-28,6,1.0
486385,595809,25/26,concussion,2026-04-19,2026-04-30,12,1.0
486520,381753,20/21,Ankle injury,2021-03-15,2021-04-08,25,3.0
486520,381753,23/24,Ankle injury,2024-03-25,2024-04-03,10,2.0
486520,381753,24/25,Knee surgery,2024-10-01,2025-01-12,104,22.0
486520,381753,25/26,Meniscus injury,2026-04-21,2026-05-21,31,5.0
486520,381753,25/26,Knee injury,2026-05-22,2026-09-14,116,6.0
486672,687626,20/21,Torn muscle fiber,2020-11-18,2020-12-09,22,6.0
486672,687626,21/22,Ill,2022-04-01,2022-04-06,6,1.0
486672,687626,23/24,Knock,2023-09-14,2023-09-20,7,1.0
486672,687626,23/24,Fever,2023-12-23,2023-12-25,3,1.0
486672,687626,26/27,Knock,2026-08-22,2026-08-29,8,2.0
486672,687626,26/27,unknown injury,2026-08-30,,13,2.0
486870,542690,20/21,unknown injury,2020-11-09,2020-12-10,32,4.0
486870,542690,23/24,Achilles tendon irritation,2024-01-19,2024-08-01,196,18.0
486870,542690,24/25,Groin injury,2024-09-10,2024-09-26,17,3.0
486870,542690,24/25,unknown injury,2024-11-27,2024-12-10,14,2.0
486870,542690,25/26,Knock,2025-08-01,2025-08-19,19,5.0
486870,542690,25/26,Muscle injury,2026-02-28,2026-06-30,123,12.0
486870,542690,26/27,Knock,2026-08-05,2026-08-23,19,2.0
486870,542690,26/27,unknown injury,2026-09-03,,9,1.0
487053,556385,21/22,muscular problems,2022-02-13,2022-02-20,8,
487053,556385,21/22,Calf problems,2022-04-10,2022-04-15,6,
487053,556385,21/22,unknown injury,2022-06-02,2022-06-15,14,3.0
487053,556385,22/23,Muscle injury,2022-11-04,2023-01-01,59,4.0
487053,556385,22/23,unknown injury,2023-05-04,2023-05-07,4,
487053,556385,23/24,Muscle injury,2023-10-23,2023-11-04,13,1.0
487053,556385,23/24,Knee injury,2024-02-11,2024-02-26,16,1.0
487053,556385,23/24,Hamstring injury,2024-04-20,2024-08-05,108,12.0
487053,556385,24/25,Hamstring injury,2024-09-29,2024-09-30,2,
487053,556385,24/25,Hamstring injury,2024-12-29,2025-02-10,44,11.0
487053,556385,25/26,Knee injury,2025-07-20,2025-08-30,42,3.0
487053,556385,25/26,Knee injury,2025-10-18,2025-10-31,14,4.0
487053,556385,25/26,Hamstring injury,2025-12-03,2026-01-02,31,6.0
487053,556385,25/26,Hamstring injury,2026-02-07,2026-03-16,38,6.0
487053,556385,25/26,Muscle injury,2026-04-20,2026-04-30,11,1.0
487117,648046,22/23,Ankle injury,2023-04-15,2023-05-05,21,4.0
487117,648046,23/24,Knee injury,2023-09-05,2023-09-23,19,3.0
487117,648046,23/24,Cruciate ligament tear,2024-04-01,2024-08-25,147,13.0
487117,648046,24/25,Ankle problems,2024-12-25,2025-01-31,38,7.0
487117,648046,25/26,Ankle sprain,2025-10-30,2025-11-20,22,3.0
487117,648046,25/26,bruise,2026-01-11,2026-01-20,10,2.0
487117,648046,25/26,Ankle problems,2026-01-18,,236,25.0
487702,745461,23/24,Knee injury,2023-12-06,2024-06-17,195,31.0
487702,745461,24/25,unknown injury,2024-08-23,2024-08-30,8,2.0
487818,670840,25/26,Leg injury,2026-03-28,,168,9.0
487828,670845,21/22,Knee problems,2021-08-16,2021-10-12,58,5.0
487828,670845,24/25,muscular problems,2024-08-01,2024-08-21,21,2.0
487828,670845,24/25,unknown injury,2024-11-01,2024-11-18,18,2.0
487828,670845,24/25,unknown injury,2025-02-19,2025-02-28,10,1.0
487828,670845,24/25,unknown injury,2025-05-14,2026-02-03,266,25.0
487835,670846,22/23,Torn knee ligaments,2023-01-14,2023-05-15,122,17.0
487835,670846,25/26,Hamstring injury,2025-09-14,2025-12-08,86,14.0
487838,670858,24/25,Ankle surgery,2025-02-27,2025-08-02,157,25.0
487838,670858,25/26,Hamstring injury,2025-10-01,2025-11-02,33,9.0
487968,620598,23/24,Muscle injury,2024-02-08,2024-09-23,229,33.0
487968,620598,24/25,Ill,2024-09-25,2024-10-07,13,3.0
487968,620598,24/25,Fever,2024-11-19,2024-12-08,20,8.0
487968,620598,24/25,Strain in the thigh and gluteal muscles,2025-02-02,2025-03-03,30,5.0
487968,620598,24/25,Fitness,2025-03-04,2025-03-09,6,1.0
487968,620598,24/25,Knock,2025-05-08,2025-05-19,12,2.0
487968,620598,24/25,Fitness,2025-05-20,2025-05-25,6,1.0
487968,620598,25/26,muscular problems,2025-08-20,2025-09-09,21,3.0
487968,620598,25/26,Fitness,2025-09-10,2025-09-15,6,1.0
487968,620598,25/26,Ill,2026-01-03,2026-01-15,13,2.0
487968,620598,25/26,Knee problems,2026-04-10,2026-05-10,31,6.0
488213,683571,22/23,Meniscus tear,2023-02-25,2023-04-18,53,6.0
488213,683571,23/24,concussion,2023-12-03,2023-12-09,7,1.0
488404,676318,20/21,Muscle injury,2020-08-21,2020-08-26,6,1.0
488404,676318,20/21,Corona virus,2021-01-07,2021-01-25,19,5.0
488404,676318,20/21,Muscle injury,2021-04-07,2021-04-14,8,1.0
488404,676318,20/21,muscular problems,2021-04-22,2021-05-06,15,2.0
488404,676318,21/22,Corona virus,2022-01-01,2022-01-07,7,1.0
488404,676318,21/22,Ankle injury,2022-02-03,2022-02-11,9,1.0
488404,676318,22/23,Ankle injury,2022-07-30,2022-08-31,33,4.0
488404,676318,24/25,Ill,2024-12-10,2024-12-14,5,1.0
488404,676318,24/25,unknown injury,2024-12-17,2024-12-30,14,2.0
488404,676318,24/25,Hamstring strain,2025-02-05,2025-03-07,31,7.0
488404,676318,25/26,Calf injury,2025-09-05,2025-11-07,64,16.0
488404,676318,25/26,Muscle strain,2025-11-20,2026-01-05,47,9.0
488404,676318,25/26,unknown injury,2026-01-27,2026-02-23,28,8.0
488404,676318,25/26,Rest,2026-03-14,2026-03-16,3,1.0
488404,676318,25/26,Adductor injury,2026-05-08,2026-05-20,13,3.0
488439,592975,24/25,flu,2025-01-05,2025-01-08,4,1.0
488439,592975,25/26,Virus,2026-03-17,2026-03-30,14,1.0
488464,746833,21/22,Leg injury,2022-04-25,2022-05-01,7,1.0
488464,746833,21/22,Ankle injury,2022-05-09,2022-06-15,38,4.0
488464,746833,24/25,Knee problems,2024-09-14,2024-10-28,45,6.0
488464,746833,24/25,Shoulder injury,2024-11-25,2025-01-30,67,9.0
488464,746833,25/26,Adductor injury,2025-08-01,2025-08-31,31,5.0
488464,746833,25/26,Adductor injury,2025-10-20,2026-08-10,295,44.0
489571,696849,21/22,Elbow injury,2021-12-11,2022-01-16,37,4.0
489571,696849,22/23,Back injury,2022-12-23,2022-12-29,7,1.0
489571,696849,25/26,unknown injury,2026-04-07,2026-12-31,269,7.0
489580,633652,21/22,Hamstring injury,2021-10-23,2021-12-20,59,10.0
489580,633652,21/22,Ill,2022-02-24,2022-03-03,8,2.0
489580,633652,22/23,Knee surgery,2023-02-16,2023-11-06,264,53.0
489580,633652,23/24,Ill,2023-12-08,2023-12-22,15,3.0
489639,565093,22/23,Virus,2023-03-23,2023-03-25,3,
489639,565093,25/26,Hip injury,2026-06-09,2026-06-13,5,
489706,747009,25/26,Ankle injury,2026-01-30,2026-02-10,12,2.0
489888,532776,21/22,Tendon rupture,2022-03-24,2022-08-08,138,13.0
489888,532776,22/23,Broken collarbone,2022-08-15,2022-09-26,43,8.0
489888,532776,24/25,Broken fibula,2024-10-24,2025-01-30,99,21.0
489888,532776,24/25,Fitness,2025-01-30,2025-02-06,8,2.0
490094,696589,24/25,Injury to the ankle,2024-10-18,2025-01-31,106,16.0
490094,696589,25/26,unknown injury,2026-01-09,2026-01-27,19,3.0
490145,670883,24/25,Groin surgery,2025-04-03,2025-06-30,89,13.0
490145,670883,25/26,Groin injury,2025-07-27,2025-11-04,101,7.0
490146,696346,20/21,Ankle surgery,2020-10-14,2021-03-05,143,15.0
490146,696346,21/22,Knee surgery,2021-11-19,2021-12-20,32,8.0
490146,696346,21/22,Fitness,2021-12-21,2022-01-09,20,1.0
490161,696764,25/26,Foot injury,2025-12-13,2026-03-23,101,14.0
490503,680806,21/22,Knee injury,2021-11-01,2022-02-21,113,35.0
490503,680806,23/24,Ankle injury,2024-01-01,2024-02-02,33,4.0
490503,680806,24/25,Ankle injury,2024-11-28,2024-12-12,15,3.0
490503,680806,24/25,Hip injury,2025-01-16,2025-02-11,27,7.0
490503,680806,24/25,Hip injury,2025-02-16,2025-02-27,12,2.0
490503,680806,24/25,minor knock,2025-05-09,2025-05-29,21,3.0
490503,680806,25/26,Ankle injury,2025-10-28,2025-12-23,57,10.0
490721,698678,21/22,unknown injury,2021-08-01,2021-08-14,14,
490721,698678,22/23,Hamstring injury,2023-03-02,2023-03-25,24,3.0
490721,698678,24/25,Muscle injury,2024-08-24,2024-09-27,35,6.0
490721,698678,24/25,unknown injury,2024-11-22,2024-12-10,19,4.0
490721,698678,24/25,Rest,2024-12-16,2024-12-18,3,1.0
490721,698678,24/25,unknown injury,2025-03-16,2025-04-04,20,4.0
490881,654253,24/25,Knock,2025-02-10,2025-03-03,22,4.0
490881,654253,24/25,Leg injury,2025-04-04,2025-05-16,43,10.0
490881,654253,25/26,Calf injury,2025-11-26,2026-01-26,62,12.0
491011,655006,24/25,Knee injury,2025-01-13,2025-01-24,12,2.0
491011,655006,24/25,Leg injury,2025-05-04,2025-05-08,5,
491011,655006,24/25,Injury to the ankle,2025-05-11,2025-05-16,6,
491011,655006,25/26,Dead leg,2025-08-15,2025-08-23,9,2.0
491011,655006,25/26,Adductor pain,2026-02-28,2026-04-06,38,9.0
491012,670688,24/25,Foot injury,2024-08-03,2024-11-28,118,19.0
491012,670688,24/25,Hamstring injury,2025-01-05,2025-02-26,53,9.0
491012,670688,26/27,Cruciate ligament tear,2026-08-09,,34,8.0
491279,557459,20/21,Foot injury,2020-09-03,2020-10-26,54,8.0
491279,557459,20/21,Ill,2021-01-29,2021-02-22,25,2.0
491279,557459,20/21,Rest,2021-05-11,2021-05-13,3,1.0
491279,557459,21/22,Knee injury,2021-08-05,2021-08-18,14,1.0
491279,557459,21/22,Ill,2021-08-19,2021-08-31,13,2.0
491279,557459,21/22,Hamstring injury,2022-02-07,2022-04-24,77,12.0
491279,557459,23/24,Hamstring injury,2023-11-06,2024-01-01,57,11.0
491279,557459,23/24,Hamstring injury,2024-03-10,2024-03-28,19,3.0
491279,557459,24/25,Knee injury,2024-08-29,2024-09-09,12,2.0
491279,557459,24/25,Hamstring injury,2024-10-30,2024-12-07,39,9.0
491279,557459,24/25,Hamstring injury,2024-12-08,2025-01-27,51,13.0
491279,557459,24/25,Thigh problems,2025-02-02,2025-03-05,32,6.0
491279,557459,25/26,Knock,2026-01-25,2026-01-31,7,1.0
491287,671915,19/20,unknown injury,2020-01-22,2020-02-08,18,3.0
491287,671915,20/21,Muscle injury,2021-03-04,2021-03-12,9,2.0
491287,671915,20/21,Partial damage to the cruciate ligament,2021-05-23,2022-02-15,269,34.0
491287,671915,21/22,unknown injury,2022-03-14,2022-03-19,6,1.0
491287,671915,21/22,influenza,2022-04-20,2022-04-30,11,1.0
491287,671915,24/25,Ankle problems,2025-01-19,2025-01-30,12,1.0
491287,671915,25/26,Shoulder injury,2026-01-01,2026-01-13,13,2.0
491287,671915,25/26,unknown injury,2026-03-13,2026-03-20,8,1.0
491460,700461,23/24,Ligament injury,2023-11-04,2024-02-04,93,11.0
491501,845289,25/26,Knee injury,2025-09-26,2025-10-03,8,2.0
491501,845289,25/26,unknown injury,2025-11-29,2026-04-25,148,20.0
491598,703626,26/27,unknown injury,2026-08-03,,40,5.0
491785,581675,24/25,Back injury,2025-02-03,2025-06-30,148,16.0
491785,581675,25/26,unknown injury,2025-11-10,2025-12-27,48,8.0
491970,712117,24/25,Thigh problems,2025-02-21,2025-03-15,23,3.0
491970,712117,25/26,Hamstring injury,2026-04-12,2026-05-01,20,3.0
492066,559801,21/22,unknown injury,2021-11-21,2022-01-03,44,10.0
492066,559801,23/24,Knee surgery,2023-12-23,2024-06-30,191,24.0
492066,559801,24/25,Knee surgery,2024-07-01,2025-06-30,365,51.0
492368,449597,19/20,unknown injury,2020-01-22,2020-02-19,29,4.0
492368,449597,19/20,Ill,2020-02-19,2020-02-29,11,1.0
492368,449597,20/21,unknown injury,2020-09-17,2020-12-04,79,9.0
492368,449597,20/21,unknown injury,2021-03-01,2021-04-28,59,9.0
492368,449597,21/22,unknown injury,2021-10-13,2021-10-20,8,1.0
492368,449597,21/22,unknown injury,2021-11-24,2021-12-16,23,3.0
492368,449597,21/22,unknown injury,2022-03-31,2022-04-06,7,1.0
492368,449597,22/23,unknown injury,2023-01-26,2023-02-09,15,2.0
492368,449597,24/25,Hip problems,2024-08-21,2024-08-23,3,1.0
492368,449597,25/26,Foot injury,2025-10-12,2025-10-28,17,3.0
492368,449597,25/26,concussion,2026-01-25,2026-01-30,6,1.0
492368,449597,26/27,unknown injury,2026-08-19,2026-08-26,8,1.0
492373,597659,21/22,Shoulder injury,2021-12-18,2022-02-18,63,7.0
492373,597659,22/23,Fracture of the eye socket,2023-04-05,2023-05-10,36,7.0
492373,597659,25/26,Hamstring injury,2026-03-05,2026-04-06,33,4.0
492776,712099,24/25,unknown injury,2024-12-05,2025-01-17,44,2.0
492777,624258,23/24,Back injury,2023-07-25,2023-11-29,128,25.0
492777,624258,23/24,Ankle injury,2024-04-14,2024-05-05,22,4.0
492777,624258,24/25,unknown injury,2024-10-18,2024-10-28,11,3.0
492777,624258,24/25,Hamstring injury,2024-11-27,2025-01-03,38,8.0
492777,624258,24/25,Muscle injury,2025-02-19,2025-04-03,44,9.0
492777,624258,24/25,minor knock,2025-04-22,2025-05-01,10,1.0
492777,624258,25/26,Hamstring injury,2025-07-31,2025-08-25,26,2.0
492777,624258,25/26,Muscle injury,2025-11-21,2025-12-06,16,4.0
492777,624258,25/26,Knee surgery,2026-01-09,,245,31.0
492779,706947,24/25,Muscle injury,2024-09-07,2024-09-30,24,4.0
492779,706947,24/25,Cruciate ligament tear,2025-01-28,2025-10-27,273,27.0
492831,548729,19/20,unknown injury,2020-07-14,2020-09-17,66,6.0
492831,548729,21/22,unknown injury,2022-05-17,2022-05-20,4,1.0
492831,548729,22/23,unknown injury,2022-09-09,2022-09-21,13,3.0
492831,548729,24/25,flu,2025-03-03,2025-03-06,4,1.0
492831,548729,24/25,muscular problems,2025-03-17,2025-03-24,8,1.0
492831,548729,24/25,unknown injury,2025-05-05,2025-05-31,27,3.0
492831,548729,25/26,Cruciate ligament tear,2025-07-14,2026-04-30,291,46.0
492859,627626,20/21,unknown injury,2021-02-18,2021-02-25,8,1.0
492859,627626,23/24,Ankle injury,2023-09-20,2023-10-20,31,5.0
492859,627626,25/26,Calf injury,2025-09-19,2025-11-17,60,7.0
493105,811779,22/23,Ankle injury,2023-03-13,2023-05-05,54,12.0
493105,811779,25/26,Muscle injury,2026-05-03,2026-05-15,13,2.0
493125,568559,20/21,Corona virus,2020-10-15,2020-11-06,23,6.0
493125,568559,20/21,Muscle fatigue,2020-11-21,2020-11-27,7,3.0
493125,568559,24/25,Cruciate ligament tear,2025-01-30,2025-12-15,320,59.0
493125,568559,25/26,unknown injury,2026-03-02,2026-03-08,7,1.0
493250,536835,21/22,Thigh problems,2021-08-28,2021-10-08,42,10.0
493250,536835,21/22,unknown injury,2022-03-02,2022-03-09,8,2.0
493250,536835,23/24,Knee injury,2023-08-03,2023-12-07,127,27.0
493250,536835,23/24,Fitness,2023-12-08,2023-12-29,22,5.0
493250,536835,24/25,Ankle injury,2025-02-14,2025-04-28,74,17.0
493250,536835,26/27,Knock,2026-08-20,,23,4.0
493347,606576,25/26,Shoulder injury,2025-07-27,2025-08-07,12,
493362,566931,24/25,Ankle injury,2024-10-24,2025-01-01,70,15.0
493362,566931,25/26,Cruciate ligament tear,2026-04-25,2027-02-20,302,8.0
493837,535479,23/24,Knee surgery,2023-07-25,2023-12-08,137,20.0
493837,535479,26/27,Ankle injury,2025-08-01,2026-01-05,158,36.0
493928,668495,25/26,Cruciate ligament tear,2026-06-01,,103,10.0
493934,711247,21/22,Broken ankle,2021-11-05,2022-03-14,130,23.0
493934,711247,22/23,muscular problems,2022-09-05,2022-09-09,5,
493934,711247,22/23,Torn muscle fiber,2023-01-15,2023-03-01,46,10.0
493934,711247,22/23,Muscle strain,2023-03-08,2023-03-17,10,1.0
493934,711247,23/24,Hamstring injury,2024-01-02,2024-05-15,135,24.0
493934,711247,24/25,Muscle injury,2025-01-21,2025-03-26,65,10.0
493934,711247,24/25,Muscle injury,2025-04-05,2025-05-26,52,6.0
493934,711247,25/26,Hamstring injury,2025-11-22,2025-12-30,39,8.0
493934,711247,25/26,Muscle injury,2026-02-23,2026-03-31,37,6.0
494307,843595,25/26,Knock,2026-02-15,2026-03-05,19,3.0
494521,654539,20/21,Corona virus,2020-09-25,2020-10-09,15,2.0
494521,654539,20/21,Adductor injury,2021-05-01,2021-05-12,12,2.0
494521,654539,22/23,Injury to the ankle,2023-03-20,2023-06-15,88,10.0
494521,654539,23/24,Hamstring injury,2024-04-10,2024-04-25,16,2.0
494543,864496,23/24,Patellar tendon rupture,2023-11-26,2024-06-30,218,32.0
494543,864496,24/25,Shoulder injury,2024-09-25,2024-10-07,13,3.0
494595,598577,20/21,Adductor pain,2021-04-12,2021-04-19,8,1.0
494595,598577,21/22,Adductor pain,2021-08-05,2021-08-19,15,2.0
494595,598577,21/22,Hip flexor problems,2021-11-04,2021-11-18,15,3.0
494595,598577,21/22,Cruciate ligament tear,2022-03-14,2022-12-04,266,43.0
494595,598577,22/23,muscular problems,2023-03-10,2023-03-14,5,1.0
494595,598577,22/23,Rest,2023-03-11,2023-03-13,3,1.0
494595,598577,22/23,Stomach flu,2023-04-22,2023-04-26,5,1.0
494595,598577,23/24,muscular problems,2023-11-29,2023-12-01,3,1.0
494595,598577,23/24,bruise,2024-05-04,2024-05-08,5,1.0
494595,598577,23/24,bruise,2024-05-10,2024-05-16,7,1.0
494595,598577,24/25,Capsular injury,2024-10-15,2024-10-17,3,
494595,598577,24/25,Inner ligament injury,2025-03-09,2025-04-07,30,7.0
494595,598577,25/26,muscular problems,2025-11-21,2025-11-28,8,2.0
494595,598577,25/26,Back problems,2026-02-21,2026-03-04,12,3.0
494595,598577,25/26,Stomach problems,2026-05-07,2026-05-10,4,1.0
494960,514285,20/21,Knock,2020-08-28,2020-11-01,66,8.0
494960,514285,20/21,Cruciate ligament tear,2021-02-09,2022-02-18,375,13.0
494960,514285,21/22,Knock,2022-04-01,2022-04-15,15,2.0
494960,514285,22/23,Hamstring injury,2022-07-30,2022-08-06,8,
494960,514285,22/23,Ill,2022-09-26,2022-10-05,10,1.0
494960,514285,22/23,Ill,2023-02-04,2023-02-07,4,1.0
494960,514285,22/23,Ill,2023-03-15,2023-03-17,3,1.0
494960,514285,23/24,concussion,2023-12-03,2023-12-12,10,1.0
494960,514285,23/24,flu,2024-02-28,2024-03-02,4,1.0
494960,514285,23/24,minor knock,2024-03-19,2024-03-29,11,2.0
494960,514285,23/24,Knee surgery,2024-03-31,2025-01-31,307,52.0
494960,514285,24/25,Rest,2025-02-04,2025-02-06,3,1.0
494960,514285,25/26,Ill,2025-11-13,2025-11-19,7,
495161,617018,21/22,unknown injury,2021-10-22,2021-11-03,13,1.0
495161,617018,23/24,Knock,2023-12-01,2023-12-05,5,1.0
495161,617018,23/24,Knock,2024-02-05,2024-02-20,16,2.0
495161,617018,23/24,Knock,2024-05-15,2024-05-20,6,1.0
495161,617018,24/25,unknown injury,2025-02-01,2025-02-17,17,4.0
495542,591193,20/21,Hamstring injury,2021-01-20,2021-02-03,15,5.0
495542,591193,24/25,allergic reaction,2024-10-25,2024-10-29,5,1.0
495542,591193,25/26,Hamstring injury,2025-10-21,2025-11-03,14,3.0
495542,591193,25/26,flu,2026-01-02,2026-01-08,7,2.0
496179,728734,22/23,Hamstring injury,2022-08-11,2022-09-25,46,6.0
496179,728734,24/25,Hamstring injury,2025-02-09,2025-03-06,26,3.0
496208,719673,22/23,concussion,2023-03-14,2023-03-30,17,5.0
496208,719673,23/24,Meniscus tear,2023-12-17,2024-06-30,197,34.0
496208,719673,24/25,Hamstring injury,2025-02-02,2025-05-31,119,19.0
496208,719673,25/26,Hamstring injury,2025-11-18,2026-03-06,109,19.0
496221,744149,24/25,Groin surgery,2024-11-01,2025-02-01,93,20.0
496221,744149,24/25,Ankle injury,2025-05-06,2025-05-12,7,1.0
496221,744149,25/26,Ill,2025-10-27,2025-11-03,8,2.0
496221,744149,25/26,Groin problems,2026-04-17,2026-04-24,8,1.0
496283,895074,24/25,Thigh problems,2024-08-10,2024-12-31,144,27.0
496283,895074,25/26,unknown injury,2026-02-09,2026-03-10,30,5.0
496283,895074,25/26,Fitness,2026-03-10,2026-03-15,6,1.0
496661,866655,24/25,Ankle injury,2025-01-18,2025-01-30,13,2.0
496661,866655,24/25,unknown injury,2025-05-19,2025-07-09,52,7.0
496661,866655,25/26,Rest,2025-08-01,2025-08-15,15,2.0
497605,724785,24/25,Hamstring injury,2024-09-19,2025-04-01,195,33.0
497606,724783,24/25,concussion,2024-09-11,2024-09-19,9,1.0
497606,724783,24/25,Torn thigh muscle,2024-10-02,2024-12-21,81,18.0
497894,610442,22/23,Adductor pain,2023-05-03,2023-05-12,10,1.0
497894,610442,23/24,Back injury,2023-08-01,2023-08-31,31,3.0
497894,610442,23/24,Hamstring strain,2023-11-11,2023-11-27,17,3.0
497894,610442,23/24,Ill,2023-12-29,2024-01-01,4,1.0
497894,610442,23/24,Muscle injury,2024-02-23,2024-03-08,15,3.0
497894,610442,24/25,Hamstring injury,2024-07-28,2024-09-16,51,7.0
497894,610442,25/26,Muscle fatigue,2025-10-17,2025-10-27,11,3.0
497894,610442,25/26,Ill,2025-11-14,2025-11-16,3,1.0
497894,610442,25/26,Intestinal virus,2026-04-05,2026-04-08,4,1.0
498016,646991,22/23,Inguinal hernia,2023-01-01,2023-05-25,145,20.0
498016,646991,24/25,unknown injury,2024-09-09,2024-09-27,19,3.0
498016,646991,25/26,Hamstring injury,2026-03-01,2026-04-01,32,4.0
498046,559330,20/21,fatigue fracture,2020-09-20,2021-06-30,284,25.0
498046,559330,22/23,Knock,2022-08-22,2023-02-06,169,27.0
499169,890721,24/25,Knock,2024-11-20,2024-12-06,17,3.0
499175,890719,24/25,Muscle injury,2025-01-04,2025-01-21,18,4.0
499300,938146,22/23,Knee injury,2022-08-05,2022-09-05,32,4.0
499300,938146,22/23,Adductor injury,2023-02-13,2023-07-01,139,9.0
499309,938158,23/24,cold,2024-01-29,2024-02-02,5,1.0
499309,938158,23/24,muscular problems,2024-02-05,2024-02-08,4,
499309,938158,24/25,Hamstring injury,2025-02-03,2025-05-12,99,19.0
499604,1012564,25/26,Hamstring injury,2025-10-21,2025-11-01,12,1.0
499721,1011147,24/25,Virus,2024-11-06,2025-01-07,63,22.0
499721,1011147,25/26,Muscle injury,2025-11-21,2025-12-07,17,4.0
499724,933900,25/26,Leg injury,2025-10-25,2025-10-28,4,1.0
500016,729264,20/21,Corona virus,2021-03-10,2021-03-27,18,1.0
500016,729264,21/22,Hip injury,2021-08-08,2021-09-10,34,5.0
500016,729264,22/23,Ligament stretching,2023-02-12,2023-03-04,21,3.0
500016,729264,22/23,Injury to the ankle,2023-03-13,2023-06-29,109,22.0
500016,729264,23/24,Inner ankle ligament tear,2024-04-30,2024-05-12,13,3.0
500016,729264,24/25,Hamstring injury,2024-11-04,2025-01-01,59,7.0
500016,729264,25/26,Ankle injury,2025-08-24,2025-10-17,55,8.0
500040,646750,25/26,Ankle injury,2025-12-04,2026-01-12,40,10.0
500040,646750,26/27,Hamstring injury,2026-08-31,,12,2.0
500151,708072,21/22,Knee surgery,2022-06-18,2022-11-09,145,14.0
500151,708072,23/24,muscular problems,2023-08-31,2023-09-18,19,2.0
500151,708072,24/25,Foot injury,2024-09-22,2024-09-26,5,
500151,708072,24/25,Adductor pain,2024-11-27,2024-12-06,10,1.0
500151,708072,24/25,Thigh problems,2025-02-20,2025-03-11,20,4.0
500151,708072,24/25,Injury to the ankle,2025-06-26,2025-09-01,68,3.0
500151,708072,25/26,Ankle injury,2025-09-15,2025-09-29,15,2.0
500151,708072,25/26,Knee injury,2026-01-31,2026-10-11,254,27.0
500267,730581,20/21,Ankle sprain,2021-01-10,2021-01-25,16,3.0
500267,730581,20/21,Corona virus,2021-04-08,2021-04-16,9,1.0
500267,730581,21/22,Adductor pain,2022-02-18,2022-05-12,84,15.0
500267,730581,22/23,Torn thigh muscle,2023-02-17,2023-03-08,20,4.0
500267,730581,23/24,Muscle injury,2023-11-27,2024-01-02,37,8.0
500267,730581,23/24,Muscle injury,2024-03-14,2024-03-20,7,1.0
500267,730581,24/25,Hamstring muscle injury,2024-09-06,2024-09-18,13,1.0
500267,730581,24/25,Muscle injury,2024-10-26,2024-11-11,17,3.0
500267,730581,25/26,Muscle injury,2025-07-27,2025-08-25,30,2.0
500267,730581,25/26,Hamstring injury,2026-02-22,2026-04-01,39,8.0
500696,957224,26/27,Leg injury,2026-07-21,2026-08-21,32,8.0
501284,734425,24/25,Broken leg,2024-07-11,2024-09-23,75,8.0
501468,724529,23/24,Knock,2024-05-04,2024-06-30,58,3.0
501468,724529,24/25,Knee injury,2024-08-03,2024-09-11,40,8.0
501468,724529,24/25,unknown injury,2024-10-04,2024-11-06,34,6.0
501468,724529,26/27,Hamstring injury,2026-08-26,,17,2.0
501770,714458,24/25,unknown injury,2024-11-05,2025-03-08,124,25.0
501770,714458,26/27,Cruciate ligament tear,2026-08-02,,41,7.0
501837,716276,21/22,Hamstring injury,2021-08-01,2021-08-14,14,
501837,716276,21/22,Hamstring injury,2021-09-22,2022-02-25,157,22.0
501837,716276,23/24,Leg injury,2023-08-20,2023-09-01,13,4.0
501837,716276,24/25,Cruciate ligament tear,2024-09-21,2025-08-16,330,44.0
502222,745191,22/23,Knock,2023-03-10,2023-03-15,6,1.0
502222,745191,22/23,Hamstring strain,2023-04-14,2023-04-26,13,2.0
502222,745191,23/24,Knock,2023-10-18,2023-11-09,23,4.0
502222,745191,23/24,Torn muscle bundle,2024-04-05,2024-04-23,19,3.0
502222,745191,25/26,Muscle injury,2025-08-18,2025-08-24,7,1.0
502222,745191,25/26,Hamstring injury,2025-10-06,2025-10-14,9,2.0
502222,745191,25/26,Injury to the ankle,2026-05-17,2026-05-27,11,2.0
502222,745191,26/27,Hamstring injury,2026-08-18,,25,7.0
502500,739443,20/21,Corona virus,2021-01-16,2021-01-24,9,2.0
502500,739443,23/24,Overstretching,2024-03-01,2024-03-13,13,3.0
502500,739443,23/24,Knee injury,2024-05-13,2024-06-30,49,2.0
502500,739443,24/25,Meniscus injury,2024-07-21,2024-11-23,126,14.0
502500,739443,24/25,Knee injury,2024-12-07,2025-05-02,147,21.0
502697,748319,21/22,Torn muscle bundle,2022-06-09,2022-07-06,28,5.0
502697,748319,23/24,Hamstring muscle injury,2024-03-06,2024-04-01,27,3.0
502697,748319,25/26,Knock,2025-12-29,2026-01-19,22,5.0
502697,748319,25/26,Knock,2026-02-22,2026-04-17,55,6.0
502988,862109,24/25,unknown injury,2025-02-15,2025-03-21,35,6.0
502988,862109,25/26,Knee injury,2025-07-27,2025-08-15,20,3.0
503139,855256,23/24,Knee injury,2023-08-01,2023-10-08,69,12.0
503139,855256,24/25,Meniscus tear,2024-10-19,2025-02-10,115,20.0
503301,741238,24/25,Ill,2024-10-25,2024-10-29,5,1.0
503301,741238,24/25,Groin problems,2025-01-04,2025-01-15,12,2.0
503301,741238,24/25,Knee injury,2025-02-26,2025-03-05,8,1.0
503301,741238,24/25,Thigh problems,2025-03-28,2025-04-18,22,3.0
503714,711999,21/22,Injury to the ankle,2022-01-24,2022-03-13,49,12.0
503714,711999,23/24,Hamstring injury,2023-12-04,2023-12-23,20,4.0
503714,711999,23/24,Hamstring injury,2023-12-25,2024-05-06,134,26.0
503724,711969,21/22,Injury to the ankle,2022-02-16,2022-03-03,16,2.0
503724,711969,22/23,Dead leg,2022-08-06,2022-08-14,9,2.0
503724,711969,22/23,Hip injury,2022-12-22,2023-01-19,29,3.0
503724,711969,22/23,Cruciate ligament injury,2023-01-21,2023-03-31,70,11.0
503724,711969,25/26,Shoulder injury,2025-10-31,2025-11-04,5,1.0
503724,711969,25/26,Shoulder injury,2025-12-18,2025-12-31,14,1.0
503724,711969,25/26,Shoulder injury,2026-06-03,2026-09-02,92,2.0
503724,711969,26/27,Fitness,2026-09-03,,9,2.0
504198,546712,23/24,Hamstring injury,2023-08-16,2023-08-28,13,2.0
504598,747153,23/24,Shoulder injury,2024-06-05,2024-11-28,177,19.0
504750,678641,24/25,concussion,2024-12-14,2024-12-20,7,2.0
504750,678641,25/26,Ill,2025-09-07,2025-09-10,4,1.0
504751,745846,23/24,Knee injury,2023-10-16,2023-11-27,43,10.0
504783,746695,21/22,Back injury,2022-02-19,2022-05-04,75,15.0
504783,746695,22/23,Knee problems,2022-09-29,2022-10-10,12,2.0
504783,746695,22/23,Injury to the ankle,2022-11-02,2022-11-07,6,2.0
504783,746695,23/24,Muscle injury,2023-08-01,2023-09-02,33,5.0
504783,746695,23/24,unknown injury,2023-11-29,2024-02-05,69,17.0
504783,746695,24/25,Ankle injury,2024-07-29,2024-10-16,80,13.0
504783,746695,24/25,Hamstring injury,2025-01-24,2025-01-31,8,1.0
504783,746695,25/26,muscular problems,2025-12-04,2025-12-19,16,3.0
504783,746695,25/26,Foot bruise,2026-04-10,2026-04-21,12,2.0
504783,746695,26/27,Inner ligament injury,2026-08-09,2026-10-01,54,5.0
505187,622380,25/26,Fever,2026-02-03,2026-02-05,3,1.0
505187,622380,26/27,Muscle fatigue,2026-08-28,2026-09-08,12,3.0
508395,717411,22/23,unknown injury,2023-03-15,2023-04-06,23,6.0
508395,717411,22/23,unknown injury,2023-06-01,2023-06-29,29,5.0
508395,717411,25/26,Knock,2025-10-08,2025-10-12,5,1.0
508479,585323,25/26,unknown injury,2026-01-21,2026-02-22,33,7.0
508479,585323,25/26,Groin problems,2026-03-13,2026-03-15,3,1.0
508479,585323,25/26,Groin surgery,2026-03-16,2026-05-01,47,9.0
509291,800176,23/24,Knee injury,2024-04-26,2024-07-03,69,19.0
509291,800176,25/26,Calf injury,2026-02-05,2026-02-12,8,2.0
509416,667287,23/24,Hamstring injury,2024-04-04,2024-04-18,15,3.0
509416,667287,24/25,Ill,2024-09-21,2024-09-23,3,1.0
509416,667287,24/25,Muscle injury,2025-01-31,2025-02-07,8,1.0
509416,667287,25/26,Muscle injury,2025-12-01,2025-12-08,8,2.0
509416,667287,25/26,Shoulder injury,2026-02-06,2026-03-02,25,5.0
510328,801005,23/24,Knee surgery,2024-01-07,2025-01-16,376,31.0
510663,709726,21/22,Hamstring injury,2022-02-23,2022-05-02,69,12.0
510663,709726,23/24,muscular problems,2024-04-04,2024-04-11,8,1.0
510663,709726,24/25,Knock,2024-09-27,2024-10-01,5,1.0
510663,709726,24/25,Inner ligament stretch of the knee,2024-11-13,2024-11-22,10,2.0
510663,709726,25/26,Thigh problems,2026-01-03,2026-01-11,9,2.0
510663,709726,25/26,Achilles tendon rupture,2026-04-15,2026-12-31,261,10.0
511499,801734,22/23,Capsular injury,2022-09-01,2022-09-05,5,1.0
511499,801734,22/23,Torn muscle fiber,2023-03-30,2023-04-10,12,3.0
511499,801734,24/25,Shoulder injury,2024-10-07,2024-10-13,7,1.0
511499,801734,24/25,Knock,2024-11-20,2024-11-24,5,1.0
511499,801734,24/25,Ill,2024-12-06,2024-12-09,4,1.0
511504,539810,19/20,unknown injury,2019-10-30,2019-11-06,8,1.0
511504,539810,25/26,unknown injury,2026-02-13,2026-03-23,39,6.0
513046,808509,20/21,Corona virus,2020-11-20,2020-11-28,9,1.0
513046,808509,23/24,unknown injury,2023-09-02,2023-11-04,64,6.0
513046,808509,23/24,Ill,2023-12-01,2023-12-04,4,1.0
513046,808509,24/25,Broken ankle,2024-08-17,2025-01-10,147,20.0
513046,808509,24/25,Fitness,2025-01-01,2025-01-10,10,1.0
513046,808509,25/26,Fitness,2025-07-19,2025-08-02,15,3.0
513046,808509,25/26,Hamstring injury,2025-09-18,2025-10-25,38,7.0
513046,808509,25/26,Hamstring injury,2025-11-23,2026-01-20,59,5.0
513046,808509,25/26,Hamstring injury,2026-02-16,2026-02-24,9,2.0
513046,808509,26/27,muscular problems,2026-08-23,2026-08-29,7,1.0
513418,473050,20/21,Torn lateral ankle ligament,2021-01-04,2021-02-15,43,12.0
513418,473050,20/21,Broken jaw,2021-03-01,2021-04-05,36,10.0
513418,473050,21/22,Abdominal muscle strain,2022-03-10,2022-09-11,186,22.0
513418,473050,23/24,Adductor injury,2023-09-23,2024-04-10,201,36.0
513433,700106,22/23,unknown injury,2023-03-04,2023-04-01,29,3.0
513433,700106,24/25,Muscle injury,2023-09-15,2023-09-17,3,1.0
513433,700106,23/24,open wound,2023-11-02,2023-11-08,7,1.0
513433,700106,23/24,Hip flexor problems,2024-01-27,2024-02-07,12,1.0
513433,700106,23/24,muscular problems,2024-05-04,2024-05-07,4,1.0
513433,700106,23/24,muscular problems,2024-06-05,2024-06-20,16,
513433,700106,24/25,Knock,2024-08-12,2024-09-14,34,6.0
513433,700106,24/25,unknown injury,2025-01-15,2025-01-24,10,2.0
513433,700106,25/26,Knee problems,2025-10-06,2025-11-20,46,9.0
513433,700106,25/26,Muscle injury,2026-01-23,2026-01-26,4,1.0
513433,700106,25/26,Adductor pain,2026-03-31,2026-04-10,11,2.0
513433,700106,26/27,Ankle injury,2026-08-30,2026-09-09,11,1.0
513466,608832,20/21,Quarantine,2021-02-01,2021-02-10,10,1.0
513466,608832,22/23,unknown injury,2022-07-06,2022-07-18,13,
513466,608832,22/23,Back problems,2022-11-04,2022-11-14,11,6.0
513466,608832,23/24,laceration wound,2023-11-22,2023-11-29,8,1.0
513466,608832,23/24,Torn muscle fiber,2024-04-22,2024-07-15,85,4.0
513466,608832,24/25,Syndesmosis ligament tear,2024-09-15,2024-11-21,68,12.0
513466,608832,24/25,Heel problems,2025-03-07,2025-04-10,35,6.0
513466,608832,24/25,Fitness,2025-04-10,2025-04-14,5,1.0
513466,608832,25/26,Hip injury,2025-09-19,2025-10-06,18,4.0
513466,608832,25/26,Inguinal hernia,2025-11-17,2025-12-20,34,5.0
513789,427691,21/22,Ankle injury,2021-07-29,2021-09-13,47,2.0
513789,427691,22/23,Cruciate ligament tear,2022-08-03,2024-01-09,525,74.0
513789,427691,24/25,unknown injury,2024-09-28,2025-01-10,105,16.0
513789,427691,25/26,unknown injury,2025-09-22,2025-10-17,26,5.0
513836,724530,24/25,unknown injury,2024-09-20,2025-01-01,104,8.0
513836,724530,24/25,unknown injury,2025-04-25,2025-05-28,34,5.0
514254,996897,23/24,Muscle injury,2023-09-09,2023-10-10,32,8.0
514254,996897,23/24,Ankle injury,2024-04-22,2024-06-29,69,16.0
514254,996897,25/26,Muscle injury,2026-01-28,2026-02-06,10,1.0
514254,996897,25/26,Knee injury,2026-04-18,2026-05-16,29,3.0
514280,790992,24/25,Ankle injury,2025-02-07,2025-03-27,49,8.0
514284,814524,25/26,Knee injury,2026-02-08,2026-05-10,92,18.0
514356,628451,22/23,Hamstring injury,2022-08-30,2022-10-24,56,7.0
514356,628451,23/24,Muscle tear,2023-09-08,2023-09-14,7,
514356,628451,23/24,Ankle injury,2023-09-17,2023-11-12,57,9.0
514356,628451,23/24,Fitness,2023-11-13,2023-12-18,36,5.0
514356,628451,23/24,Hamstring injury,2023-12-28,2024-06-30,186,28.0
514356,628451,24/25,Hamstring injury,2024-08-23,2024-09-15,24,4.0
514356,628451,24/25,Hamstring injury,2024-12-09,2025-01-07,30,7.0
514356,628451,24/25,Hamstring injury,2025-01-16,2025-03-07,51,8.0
514356,628451,24/25,Thigh problems,2025-03-17,2025-04-18,33,5.0
514356,628451,24/25,Muscle strain,2025-06-29,2025-09-24,88,9.0
514356,628451,25/26,Muscle strain,2025-11-05,2026-01-16,73,16.0
514356,628451,25/26,Fitness,2026-01-16,2026-02-09,25,7.0
514356,628451,25/26,Muscle injury,2026-05-12,2026-06-01,21,3.0
514362,813142,21/22,Head injury,2021-11-20,2021-12-13,24,2.0
514613,827440,26/27,Torn muscle fiber,2026-08-23,2026-10-04,43,3.0
515024,817612,24/25,Ankle injury,2024-08-31,2024-10-25,56,12.0
515024,817612,25/26,Ankle injury,2025-08-01,2025-08-25,25,4.0
515496,814848,23/24,Ankle injury,2023-11-24,2023-12-06,13,3.0
515501,811778,22/23,Ankle injury,2022-08-09,2022-08-29,21,5.0
515501,811778,25/26,Calf problems,2026-03-09,2026-03-16,8,2.0
515504,726859,21/22,Ankle injury,2021-11-05,2022-01-05,62,4.0
515571,646738,22/23,Hamstring injury,2022-11-07,2024-03-11,491,87.0
515571,646738,23/24,Fitness,2024-03-12,2024-06-30,111,13.0
515571,646738,24/25,Fitness,2025-02-17,2025-04-28,71,11.0
515621,689637,24/25,Knee injury,2024-08-28,2024-12-09,104,21.0
515621,689637,24/25,Cruciate ligament tear,2025-01-24,2025-12-15,326,69.0
515621,689637,25/26,Fitness,2025-12-15,2026-01-10,27,14.0
515621,689637,26/27,Knee surgery,2026-08-22,,21,3.0
516211,776798,20/21,Groin injury,2021-04-09,2021-05-07,29,7.0
516211,776798,21/22,Fitness,2021-07-12,2021-07-28,17,1.0
516211,776798,21/22,Ankle injury,2021-09-24,2021-10-29,36,8.0
516211,776798,21/22,Back injury,2021-11-02,2021-12-04,33,7.0
516211,776798,21/22,Groin injury,2021-12-10,2022-03-18,99,33.0
516211,776798,23/24,Hamstring injury,2024-01-23,2024-03-28,66,17.0
516211,776798,23/24,Hamstring injury,2024-04-21,2024-05-15,25,4.0
516211,776798,24/25,Hamstring injury,2024-10-18,2024-10-22,5,1.0
516211,776798,24/25,Hamstring injury,2024-10-23,2024-11-07,16,3.0
516211,776798,24/25,Adductor pain,2025-03-10,2025-03-17,8,1.0
516895,820374,23/24,Ankle injury,2023-07-27,2023-10-22,88,17.0
516895,820374,24/25,Muscle injury,2024-10-17,2024-11-11,26,7.0
516895,820374,24/25,Muscle injury,2025-02-10,2025-04-07,57,12.0
516895,820374,25/26,Knock,2025-11-07,2025-11-10,4,1.0
516895,820374,25/26,Calf injury,2025-12-16,2026-01-06,22,4.0
516895,820374,25/26,Knock,2026-04-10,2026-04-15,6,1.0
516939,683895,22/23,Dead leg,2023-02-13,2023-03-20,36,4.0
516939,683895,24/25,Muscle fatigue,2025-02-17,2025-03-03,15,3.0
517052,776890,20/21,Muscle fiber tear,2020-08-01,2020-10-09,70,
517052,776890,20/21,Fitness,2020-10-09,2020-10-11,3,1.0
517052,776890,20/21,Thigh problems,2020-10-25,2020-11-01,8,2.0
517052,776890,22/23,Hip problems,2023-01-07,2023-03-04,57,15.0
517052,776890,23/24,Ankle injury,2024-06-06,2024-07-31,56,1.0
517052,776890,24/25,Hamstring injury,2025-02-03,2025-04-01,58,10.0
517995,796303,24/25,fatigue fracture,2025-01-26,2025-05-15,110,20.0
518199,678402,21/22,Foot injury,2022-03-17,2022-04-11,26,1.0
518466,780630,23/24,unknown injury,2024-04-20,2024-07-20,92,4.0
518466,780630,25/26,Hamstring injury,2025-07-31,2026-03-01,214,37.0
518620,743598,23/24,Pubalgia,2024-03-02,2024-06-30,121,11.0
519324,878150,24/25,Ankle injury,2024-10-10,2024-11-26,48,10.0
519324,878150,25/26,Torn knee ligaments,2026-01-25,2026-04-03,69,11.0
519328,796298,25/26,Back injury,2024-09-15,2025-01-17,125,21.0
519328,796298,24/25,Hamstring injury,2025-01-26,2026-01-30,370,35.0
519634,617755,20/21,Corona virus,2021-04-18,2021-05-11,24,
519634,617755,21/22,unknown injury,2021-08-20,2021-09-30,42,6.0
519634,617755,23/24,Knee surgery,2024-03-27,2024-12-31,280,33.0
519634,617755,25/26,Hamstring injury,2025-09-20,2025-09-29,10,2.0
519634,617755,25/26,Ill,2026-01-02,2026-01-26,25,4.0
519634,617755,25/26,Knee injury,2026-01-27,2026-05-10,104,14.0
519895,541628,20/21,unknown injury,2021-05-05,2021-05-10,6,1.0
519895,541628,21/22,Foot bruise,2022-01-28,2022-03-07,39,4.0
520295,787232,24/25,Knee injury,2024-12-07,2025-05-29,174,31.0
523705,848509,23/24,Neck injury,2023-07-08,2023-09-25,80,8.0
523957,852024,21/22,Lower leg fracture,2022-03-06,2022-10-06,215,25.0
523957,852024,24/25,Wrist fracture,2025-03-17,2025-03-26,10,2.0
523957,852024,25/26,Tendonitis,2025-08-28,2025-09-30,34,7.0
524070,694901,24/25,Virus,2025-03-29,2025-04-02,5,1.0
524070,694901,24/25,Ankle injury,2025-04-21,2025-05-05,15,2.0
524180,277723,19/20,Knee problems,2019-09-27,2019-10-27,31,4.0
530335,817665,21/22,Corona virus,2021-07-20,2021-07-30,11,
530335,817665,24/25,unknown injury,2025-01-31,2025-03-01,30,5.0
530335,817665,25/26,muscular problems,2025-11-27,2025-12-15,19,3.0
530335,817665,25/26,Calf injury,2026-02-07,2026-03-06,28,5.0
530873,614700,22/23,Knee injury,2022-09-02,2022-12-26,116,17.0
531076,746753,26/27,Partial tear of the plantar fascia,2026-08-13,2026-10-10,59,5.0
531170,862297,21/22,Ankle injury,2021-07-30,2021-09-11,44,9.0
531442,864121,24/25,Cruciate ligament surgery,2024-11-15,2025-08-01,260,34.0
531442,864121,25/26,Knock,2026-02-12,2026-02-23,12,2.0
531442,864121,25/26,Shin injury,2026-04-25,2026-05-25,31,2.0
531989,865993,24/25,Hamstring injury,2024-09-15,2025-01-24,132,24.0
531989,865993,24/25,Torn thigh muscle,2025-02-23,2025-05-31,98,12.0
531989,865993,24/25,minor knock,2025-03-13,2025-03-15,3,1.0
531989,865993,25/26,Thigh problems,2025-11-09,2026-01-09,62,11.0
531993,814820,25/26,Ill,2026-04-10,2026-04-20,11,2.0
532372,874066,24/25,Cruciate ligament tear,2024-11-11,2025-12-04,389,54.0
532377,874043,25/26,Hamstring injury,2026-02-25,2026-05-20,85,12.0
532528,867700,25/26,Hamstring injury,2025-11-14,2026-01-18,66,11.0
532529,867688,23/24,Broken foot,2024-02-04,2024-08-02,181,18.0
532529,867688,24/25,Knee injury,2024-11-09,2025-01-24,77,14.0
532529,867688,25/26,Knock,2025-08-14,2025-08-24,11,1.0
532529,867688,25/26,Ligament injury,2025-09-13,2025-11-21,70,13.0
532529,867688,25/26,Ill,2026-01-30,2026-02-01,3,1.0
532529,867688,26/27,unknown injury,2026-08-26,,17,3.0
532534,867711,22/23,Cruciate ligament tear,2022-12-21,2023-09-01,255,46.0
532534,867711,25/26,Foot injury,2025-09-25,2025-12-31,98,18.0
532605,743600,25/26,unknown injury,2025-09-28,2025-10-13,16,3.0
533463,823231,21/22,Adductor injury,2021-08-20,2021-09-22,34,4.0
533463,823231,21/22,Corona virus,2022-01-08,2022-01-15,8,2.0
533463,823231,23/24,Injury to the ankle,2023-08-06,2023-09-25,51,7.0
533463,823231,23/24,Knock,2024-01-01,2024-01-22,22,5.0
533463,823231,24/25,Injury to the ankle,2024-09-07,2024-09-20,14,2.0
533463,823231,24/25,unknown injury,2024-11-01,2024-11-11,11,2.0
533463,823231,24/25,Adductor pain,2025-05-05,2025-08-18,106,12.0
535262,878160,24/25,unknown injury,2024-10-05,2024-12-27,84,14.0
535264,871837,24/25,unknown injury,2025-03-02,2025-03-06,5,1.0
535264,871837,25/26,Ankle injury,2026-02-25,2026-04-22,57,11.0
535301,973085,24/25,Muscle injury,2025-01-31,2025-02-07,8,1.0
535301,973085,25/26,minor knock,2026-03-10,2026-03-18,9,1.0
535301,973085,26/27,Ankle injury,2026-08-06,2026-09-17,43,5.0
535339,594276,18/19,unknown injury,2018-11-25,2018-12-02,8,1.0
535339,594276,25/26,unknown injury,2025-10-25,2025-11-05,12,1.0
535339,594276,25/26,unknown injury,2025-11-30,2025-12-13,14,2.0
535339,594276,25/26,Fitness,2025-12-12,2025-12-15,4,1.0
535339,594276,25/26,unknown injury,2026-01-03,2026-01-14,12,1.0
535339,594276,25/26,flu,2026-02-05,2026-02-10,6,1.0
535339,594276,25/26,unknown injury,2026-05-09,2026-05-17,9,1.0
535818,658536,22/23,Hip injury,2023-01-12,2023-01-16,5,1.0
535818,658536,23/24,Hamstring injury,2023-12-27,2024-01-20,25,5.0
535818,658536,24/25,unknown injury,2024-09-26,2024-10-14,19,3.0
535818,658536,25/26,Muscle strain,2025-10-22,2025-10-27,6,1.0
535818,658536,26/27,Ankle injury,2026-09-03,2026-09-28,26,1.0
535928,864799,21/22,Back injury,2022-01-23,2022-06-30,159,14.0
535928,864799,22/23,Adductor injury,2023-03-13,2023-05-31,80,13.0
535928,864799,23/24,Calf injury,2023-09-29,2024-04-08,193,47.0
535928,864799,24/25,Stomach flu,2024-11-04,2024-11-09,6,1.0
535928,864799,25/26,surgery,2025-05-14,,486,63.0
536109,922563,25/26,Broken collarbone,2025-10-24,2025-12-26,64,6.0
536109,922563,25/26,Knock,2026-03-09,2026-03-20,12,1.0
536241,922695,25/26,unknown injury,2025-11-15,2025-12-31,47,8.0
536661,903611,22/23,Muscle fatigue,2022-08-09,2022-08-12,4,1.0
536661,903611,25/26,Muscle injury,2026-03-13,2026-05-03,52,8.0
536694,743597,23/24,Back injury,2023-08-05,2023-10-20,77,10.0
536694,743597,24/25,Rib fracture,2024-03-09,2025-02-26,355,44.0
536694,743597,25/26,Adductor tear,2025-07-13,2025-08-29,48,5.0
536694,743597,25/26,Ankle sprain,2025-09-28,2025-10-04,7,1.0
536908,888493,23/24,Knee injury,2024-01-01,2024-02-06,37,5.0
536908,888493,25/26,Shoulder injury,2025-09-15,2025-09-18,4,
536916,983989,22/23,Cervical spine injury,2023-01-22,2023-02-01,11,1.0
536916,983989,24/25,Head injury,2025-05-02,2025-05-05,4,1.0
537043,626888,25/26,Ankle problems,2025-09-12,2025-09-22,11,2.0
538182,890718,22/23,unknown injury,2022-09-30,2022-10-31,32,3.0
538206,385412,25/26,Shoulder injury,2025-10-05,2026-05-05,213,38.0
538207,609556,25/26,Ankle injury,2025-11-03,2026-01-19,78,18.0
538207,609556,26/27,Foot injury,2026-08-23,,20,4.0
541462,994604,22/23,concussion,2023-03-23,2023-04-06,15,2.0
541462,994604,25/26,Muscle injury,2025-11-07,,309,36.0
543158,849410,21/22,Corona virus,2021-08-16,2021-08-26,11,2.0
543158,849410,23/24,Adductor pain,2023-08-24,2023-08-29,6,1.0
543158,849410,24/25,Groin injury,2025-01-10,2025-01-19,10,2.0
543158,849410,24/25,Hamstring injury,2025-01-22,2025-02-10,20,3.0
543158,849410,25/26,Ill,2025-12-06,2025-12-10,5,1.0
543158,849410,25/26,Ankle injury,2026-04-17,2026-05-04,18,5.0
543295,683620,21/22,minor knock,2021-08-21,2021-08-25,5,1.0
543295,683620,21/22,unknown injury,2021-09-10,2021-09-17,8,1.0
543295,683620,22/23,unknown injury,2023-05-19,2023-06-30,43,3.0
543295,683620,23/24,unknown injury,2023-08-23,2023-09-10,19,2.0
543295,683620,23/24,unknown injury,2024-03-13,2024-04-06,25,3.0
543295,683620,23/24,unknown injury,2024-05-04,2024-06-01,29,3.0
543295,683620,24/25,minor knock,2024-08-24,2024-08-30,7,1.0
543295,683620,24/25,Ill,2024-10-13,2024-10-17,5,1.0
543295,683620,24/25,Knee injury,2024-11-01,2024-11-21,21,5.0
543295,683620,24/25,unknown injury,2025-02-28,2025-03-26,27,6.0
543295,683620,25/26,Cruciate ligament tear,2025-10-14,2026-09-11,333,40.0
544877,730861,23/24,Knock,2023-12-20,2024-01-22,34,5.0
547027,876631,21/22,Knock,2022-05-16,2022-06-30,46,2.0
547027,876631,22/23,Calf injury,2023-02-06,2023-03-04,27,3.0
547027,876631,23/24,Groin injury,2023-10-21,2023-11-04,15,1.0
547027,876631,23/24,Achilles tendon contusion,2024-02-26,2024-03-02,6,
547027,876631,23/24,Facial injury,2024-04-14,2024-04-20,7,
547027,876631,23/24,Ankle sprain,2024-06-11,2024-07-02,22,
547027,876631,24/25,Injury to the ankle,2025-03-03,2025-04-04,33,5.0
547027,876631,25/26,Groin surgery,2025-09-15,2025-12-12,89,15.0
547027,876631,26/27,Hamstring injury,2026-08-31,2026-10-16,47,2.0
547410,937840,25/26,unknown injury,2026-01-21,2026-02-25,36,6.0
547668,907219,26/27,unknown injury,2026-07-17,,57,7.0
547676,911424,26/27,Metatarsal fracture,2026-08-28,2026-12-31,126,2.0
547686,921995,25/26,Injury to abdominal muscles,2025-11-20,2025-12-03,14,3.0
547686,921995,25/26,minor knock,2026-03-11,2026-03-22,12,1.0
547686,921995,25/26,minor knock,2026-03-31,2026-04-14,15,2.0
547686,921995,25/26,minor knock,2026-05-20,2026-05-31,12,1.0
547693,922472,26/27,Knee injury,2026-08-16,,27,7.0
547701,922693,25/26,Calf injury,2025-10-28,2025-11-21,25,6.0
547716,922764,24/25,Ankle injury,2024-12-17,2025-03-03,77,8.0
547719,922769,23/24,Fever,2023-10-16,2023-11-01,17,4.0
547719,922769,23/24,Back injury,2024-03-25,2024-05-20,57,10.0
547719,922769,24/25,Metatarsal fracture,2024-07-02,2024-10-17,108,15.0
547719,922769,25/26,Dead leg,2026-02-06,2026-04-05,59,13.0
547719,922769,25/26,Broken fibula,2026-05-05,2026-07-13,70,3.0
548308,859951,23/24,Ankle injury,2023-11-24,2023-12-21,28,7.0
549014,913214,24/25,Muscle injury,2024-08-09,2025-05-31,296,40.0
549014,913214,25/26,Ill,2025-11-24,2025-11-26,3,1.0
549014,913214,25/26,Ill,2026-01-25,2026-01-27,3,1.0
549014,913214,25/26,Groin injury,2026-02-07,2026-03-09,31,3.0
549067,933017,25/26,concussion,2026-05-04,2026-05-16,13,2.0
549068,926135,24/25,Hamstring injury,2024-08-30,2024-10-31,63,10.0
549068,926135,24/25,Hamstring injury,2024-09-01,2025-03-10,191,27.0
549068,926135,24/25,surgery,2025-03-18,2025-06-01,76,5.0
549074,933018,24/25,Knee injury,2024-12-11,2025-03-01,81,16.0
549074,933018,25/26,unknown injury,2025-08-15,2025-09-02,19,3.0
549074,933018,25/26,Muscle injury,2025-11-07,2025-12-01,25,3.0
549074,933018,25/26,Fitness,2025-12-01,2025-12-15,15,3.0
549329,927768,22/23,muscular problems,2023-05-12,2023-05-16,5,1.0
549344,741267,22/23,Knock,2022-06-24,2022-07-17,24,3.0
549912,743384,22/23,Torn knee ligaments,2023-06-30,2024-02-13,229,41.0
549912,743384,24/25,Rest,2025-02-07,2025-02-09,3,1.0
549912,743384,24/25,Adductor pain,2025-03-14,2025-03-20,7,1.0
549912,743384,24/25,minor knock,2025-05-09,2025-05-31,23,3.0
549912,743384,25/26,Muscle injury,2026-05-21,2026-05-31,11,2.0
549912,743384,25/26,Fitness,2026-06-01,2026-06-03,3,1.0
549939,834397,24/25,Ankle sprain,2024-11-09,2024-11-14,6,1.0
549939,834397,26/27,bruise,2025-08-22,2025-08-25,4,1.0
550090,660860,21/22,Ankle sprain,2022-04-03,2022-05-13,41,6.0
550090,660860,22/23,Leg injury,2022-09-23,2022-12-15,84,8.0
550090,660860,22/23,Knee injury,2023-03-19,2023-04-07,20,1.0
550090,660860,24/25,Ankle sprain,2024-11-20,2024-11-27,8,1.0
550141,723835,24/25,Thigh problems,2024-04-01,2025-01-31,306,34.0
550141,723835,25/26,muscular problems,2025-08-31,2025-11-10,72,13.0
550141,723835,25/26,Inguinal hernia,2026-05-02,2026-05-30,29,5.0
550839,743498,24/25,Hamstring injury,2024-09-18,2024-10-23,36,8.0
550839,743498,24/25,Hamstring injury,2024-10-27,2025-02-13,110,29.0
550839,743498,25/26,Cruciate ligament tear,2026-02-10,2026-11-28,292,18.0
550864,923831,23/24,Adductor pain,2023-10-24,2023-10-27,4,1.0
550864,923831,24/25,Ankle injury,2024-07-29,2024-12-01,126,26.0
550864,923831,24/25,Ill,2025-02-14,2025-02-17,4,1.0
550864,923831,24/25,Foot injury,2025-03-09,2025-04-01,24,4.0
550864,923831,24/25,Foot injury,2025-05-11,2025-05-19,9,1.0
550864,923831,25/26,Knock,2026-04-17,2026-04-30,14,1.0
551206,706889,25/26,Ill,2026-02-19,2026-02-26,8,2.0
551210,904802,25/26,unknown injury,2025-12-20,2025-12-31,12,2.0
551221,848753,22/23,Wrist fracture,2022-10-03,2022-12-02,61,13.0
551230,805714,23/24,Ankle sprain,2024-04-01,2024-05-13,43,6.0
551230,805714,23/24,unknown injury,2024-05-20,2024-06-05,17,1.0
551230,805714,24/25,Muscle injury,2025-02-19,2025-03-07,17,3.0
551232,726701,24/25,unknown injury,2024-08-14,2024-08-21,8,1.0
552425,745851,25/26,Hamstring injury,2025-12-08,2026-01-15,39,7.0
554194,942497,25/26,Muscle injury,2026-01-19,2026-02-19,32,4.0
554605,890290,21/22,Knock,2021-10-09,2021-10-18,10,2.0
554605,890290,22/23,Foot bruise,2023-03-10,2023-03-14,5,1.0
554605,890290,23/24,Adductor pain,2024-01-23,2024-01-28,6,
554605,890290,25/26,Calf problems,2025-10-08,2025-10-23,16,4.0
554605,890290,25/26,Calf problems,2025-11-10,2025-11-20,11,2.0
554605,890290,25/26,muscular problems,2025-11-25,2025-12-12,18,5.0
554605,890290,25/26,strain,2026-01-03,2026-01-07,5,1.0
554605,890290,25/26,Muscle tear,2026-02-20,2026-03-02,11,2.0
554605,890290,25/26,Virus,2026-05-10,2026-05-15,6,1.0
559963,954125,23/24,unknown injury,2023-10-01,2023-12-07,68,7.0
560248,955253,23/24,Meniscus damage,2023-10-26,2024-11-25,397,47.0
560262,955357,24/25,Dead leg,2024-10-26,2024-11-18,24,4.0
560262,955357,26/27,Foot injury,2026-07-29,,45,4.0
560441,891353,23/24,Muscle injury,2024-01-13,2024-02-02,21,4.0
560441,891353,23/24,Muscle injury,2024-02-05,2024-04-13,69,13.0
560441,891353,24/25,Shoulder injury,2024-08-22,2024-08-30,9,1.0
560441,891353,24/25,Hamstring injury,2024-09-04,2024-10-04,31,5.0
560441,891353,24/25,Muscle fatigue,2025-05-19,2025-06-14,27,3.0
560441,891353,25/26,Ankle sprain,2025-08-04,2025-09-13,41,9.0
560441,891353,25/26,muscular problems,2026-03-23,2026-04-03,12,1.0
560441,891353,25/26,muscular problems,2026-04-27,2026-05-22,26,7.0
560441,891353,26/27,muscular problems,2026-08-28,,15,4.0
560552,900195,25/26,Metatarsal bruise,2026-02-23,2026-05-08,75,9.0
564406,967346,23/24,Torn muscle bundle,2023-08-01,2023-11-05,97,16.0
564406,967346,24/25,Muscle injury,2024-09-23,2024-10-28,36,6.0
564510,967948,22/23,Ill,2023-01-17,2023-01-19,3,1.0
564510,967948,23/24,unknown injury,2024-04-27,2024-05-20,24,4.0
564510,967948,24/25,Muscle tear,2024-09-13,2024-10-24,42,5.0
564940,745181,23/24,Knee injury,2023-10-24,2023-11-01,9,1.0
564940,745181,24/25,Facial fracture,2025-02-12,2025-03-31,48,9.0
565297,834742,25/26,Cruciate ligament tear,2026-04-08,2027-02-01,300,13.0
566164,911736,22/23,unknown injury,2023-03-01,2023-05-01,62,6.0
566164,911736,22/23,Ill,2023-08-05,2023-08-07,3,1.0
566164,911736,23/24,Ill,2024-05-23,2024-05-30,8,1.0
566164,911736,24/25,Ill,2024-08-28,2024-09-03,7,1.0
566164,911736,24/25,Ill,2025-05-26,2025-06-04,10,2.0
566164,911736,26/27,Hamstring injury,2026-08-23,,20,2.0
570241,709767,21/22,Ankle injury,2022-09-10,2022-12-31,113,7.0
570241,709767,24/25,Knock,2025-02-01,2025-02-16,16,2.0
570241,709767,25/26,strain,2025-10-23,2025-10-31,9,2.0
570241,709767,25/26,Torn muscle fiber,2025-11-06,2025-12-08,33,5.0
570241,709767,25/26,Torn thigh muscle,2025-12-09,2026-02-09,63,12.0
570526,866246,23/24,surgery,2023-08-13,2023-09-13,32,5.0
570526,866246,24/25,Ankle injury,2025-04-30,2025-06-09,41,8.0
570526,866246,25/26,concussion,2025-11-01,2025-11-21,21,4.0
570526,866246,25/26,Groin injury,2025-12-28,2026-01-03,7,1.0
570526,866246,25/26,Ankle sprain,2026-01-21,2026-03-16,55,10.0
572702,1004203,24/25,Knee bruise,2025-01-20,2025-02-18,30,4.0
573062,992686,23/24,Ankle injury,2023-12-02,2023-12-27,26,5.0
574398,943560,25/26,Hamstring injury,2025-09-10,2025-12-15,97,16.0
574398,943560,25/26,Hamstring injury,2026-01-12,2026-05-15,124,22.0
574458,910905,23/24,Pubalgia,2024-02-22,2024-03-13,21,3.0
574458,910905,23/24,minor knock,2024-04-04,2024-04-10,7,1.0
574458,910905,24/25,Dead leg,2024-10-06,2024-10-17,12,3.0
574458,910905,24/25,Muscle injury,2024-11-08,2024-11-22,15,3.0
574458,910905,25/26,Dead leg,2025-09-30,2025-10-24,25,4.0
574458,910905,25/26,Ill,2025-11-01,2025-11-07,7,2.0
575204,994536,24/25,Muscle injury,2024-11-23,2024-12-08,16,2.0
575204,994536,24/25,Muscle injury,2025-06-24,2025-07-24,31,2.0
575204,994536,25/26,Ankle injury,2025-07-21,2025-08-23,34,1.0
575458,984096,22/23,Cruciate ligament injury,2023-01-12,2023-10-07,269,
575458,984096,24/25,Injury to the ankle,2025-04-21,2025-04-25,5,1.0
575458,984096,25/26,Foot injury,2026-03-12,2026-04-13,33,5.0
575458,984096,25/26,Shoulder injury,2026-04-24,2026-05-03,10,1.0
575476,1005649,24/25,Adductor pain,2024-12-28,2025-01-05,9,1.0
575476,1005649,25/26,Back injury,2025-09-13,2025-09-29,17,4.0
575476,1005649,25/26,Hamstring injury,2026-04-19,2026-06-01,44,6.0
575901,1009658,23/24,Muscle strain,2024-05-17,2024-05-31,15,3.0
575901,1009658,24/25,Adductor pain,2024-08-06,2024-08-12,7,1.0
575901,1009658,25/26,Hamstring injury,2026-01-11,2026-04-06,86,10.0
575901,1009658,25/26,Hamstring injury,2026-04-10,2026-06-15,67,7.0
576628,926309,23/24,Torn thigh muscle,2023-10-29,2024-04-07,162,15.0
576628,926309,25/26,Calf injury,2026-02-03,2026-03-06,32,8.0
576756,765972,25/26,Foot injury,2025-09-25,2026-05-31,249,35.0
577016,1004708,25/26,Ill,2025-09-19,2025-09-24,6,2.0
577114,991800,23/24,Thigh problems,2023-08-16,2023-09-23,39,6.0
577114,991800,25/26,Broken collarbone,2025-08-17,2025-09-12,27,3.0
577114,991800,25/26,Ankle sprain,2026-03-15,2026-04-21,38,7.0
577725,1011131,25/26,Knee problems,2025-12-28,2026-01-16,20,4.0
577974,1011738,25/26,Hamstring injury,2026-01-30,2026-05-03,94,19.0
578153,763079,25/26,Ankle injury,2025-09-21,2025-11-12,53,11.0
578153,763079,25/26,Knock,2026-05-06,2026-05-11,6,1.0
578545,848682,23/24,Knee injury,2024-02-07,2024-05-15,99,18.0
578545,848682,25/26,Knee injury,2025-09-24,2025-11-17,55,11.0
578545,848682,25/26,Back problems,2026-02-19,2026-03-23,33,5.0
587178,1043003,22/23,Groin strain,2023-03-05,2023-03-07,3,1.0
587178,1043003,24/25,Injury to the ankle,2025-01-13,2025-01-27,15,1.0
589507,1043634,25/26,Cruciate ligament tear,2025-01-20,2026-07-01,528,65.0
590012,1047261,25/26,Back injury,2025-07-14,,425,30.0
590014,1047257,25/26,Adductor pain,2025-11-03,2025-12-01,29,6.0
590014,1047257,25/26,Muscle injury,2025-12-17,2026-02-01,47,10.0
591357,874538,23/24,Ankle surgery,2023-12-23,2024-06-30,191,22.0
591357,874538,24/25,Achilles tendon problems,2025-01-10,2025-01-22,13,3.0
591357,874538,24/25,Hamstring injury,2025-04-03,2025-07-25,114,7.0
592031,1012534,23/24,Hamstring injury,2023-10-21,2023-11-24,35,7.0
592031,1012534,24/25,Muscle injury,2024-10-15,2024-11-11,28,5.0
592031,1012534,25/26,Hamstring injury,2026-01-01,2026-01-09,9,2.0
592031,1012534,26/27,Foot injury,2026-08-14,,29,5.0
592436,1053908,25/26,unknown injury,2025-10-27,2025-12-05,40,10.0
592661,732529,23/24,Leg injury,2023-09-21,2023-10-15,25,4.0
592661,732529,26/27,Ankle injury,2026-08-08,,35,7.0
593001,1060740,24/25,Cruciate ligament tear,2024-07-27,2025-06-01,310,43.0
593001,1060740,25/26,Meniscus injury,2026-02-06,2026-04-12,66,10.0
593174,1011936,25/26,Groin problems,2026-04-10,2026-05-01,22,2.0
596777,926952,23/24,unknown injury,2023-12-16,2023-12-20,5,1.0
596777,926952,25/26,Hamstring injury,2026-01-25,2026-04-26,92,12.0
601975,717411,22/23,unknown injury,2023-03-15,2023-04-06,23,6.0
601975,717411,22/23,unknown injury,2023-06-01,2023-06-29,29,5.0
601975,717411,25/26,Knock,2025-10-08,2025-10-12,5,1.0
606745,1078163,24/25,Foot injury,2025-03-16,2025-05-16,62,10.0
606798,1063329,23/24,Bone edema,2023-09-19,2024-01-12,116,17.0
606798,1063329,25/26,Muscle injury,2025-07-20,2025-12-01,135,17.0
606798,1063329,25/26,Thigh problems,2026-01-23,2026-02-12,21,5.0
606798,1063329,25/26,Thigh problems,2026-02-26,2026-03-09,12,2.0
606921,967319,24/25,Ill,2025-04-11,2025-04-15,5,1.0
607464,823486,23/24,sprain,2023-10-26,2023-11-29,35,7.0
607464,823486,24/25,Knee problems,2025-03-07,2025-04-02,27,4.0
607464,823486,25/26,Knock,2026-02-20,2026-02-23,4,1.0
608060,1088817,24/25,unknown injury,2024-10-13,2024-10-22,10,1.0
608181,950091,23/24,Ill,2024-01-02,2024-01-05,4,1.0
608181,950091,24/25,Rest,2024-11-12,2024-11-20,9,1.0
608181,950091,24/25,muscular problems,2025-03-19,2025-08-11,146,11.0
608181,950091,25/26,Cruciate ligament tear,2025-12-03,,283,31.0
609640,1010854,24/25,Calf injury,2024-12-15,2025-01-11,28,2.0
609640,1010854,25/26,Dead leg,2025-08-14,2025-08-23,10,2.0
609640,1010854,25/26,Injury to the ankle,2026-01-11,2026-01-26,16,2.0
610799,892160,22/23,Muscle injury,2023-04-16,2023-05-15,30,5.0
610799,892160,25/26,Knee bruise,2026-04-08,2026-04-29,22,3.0
611011,1088818,23/24,Mononucleation,2024-03-02,2024-03-13,12,2.0
611134,1052439,25/26,Fitness,2026-01-30,2026-02-10,12,2.0
612534,1071138,25/26,Knee injury,2025-11-20,,296,30.0
612855,1110406,24/25,minor knock,2024-10-07,2024-10-17,11,2.0
612855,1110406,24/25,Thigh problems,2024-11-06,2024-12-06,31,6.0
613232,39033,11/12,Achilles tendon rupture,2011-09-21,2011-12-01,72,14.0
613804,1111589,24/25,Broken leg,2025-03-09,2025-04-07,30,5.0
613804,1111589,24/25,Ankle injury,2025-04-08,2025-04-23,16,2.0
616077,1187629,25/26,Ankle injury,2025-12-10,2026-02-26,79,27.0
616221,1086258,23/24,Thigh problems,2024-02-11,2024-06-30,141,24.0
616221,1086258,24/25,Injury to the ankle,2025-01-30,2025-05-11,102,17.0
616222,1005575,24/25,Muscle injury,2024-08-22,2024-09-14,24,2.0
618873,1133978,25/26,Fracture of the eye socket,2025-08-13,2025-11-01,81,13.0
618873,1133978,25/26,unknown injury,2026-04-01,2026-06-19,80,7.0
619734,1135611,25/26,concussion,2026-05-04,2026-05-31,28,2.0
620487,989112,22/23,Hip injury,2022-10-03,2022-10-24,22,3.0
620487,989112,24/25,Muscle injury,2025-03-19,2025-04-08,21,6.0
620487,989112,25/26,Knee injury,2025-12-03,2026-01-05,34,6.0
622536,1144158,25/26,Calf injury,2025-10-28,2025-11-10,14,2.0
622758,1145504,23/24,Muscle tear,2024-04-14,2024-06-03,51,11.0
622758,1145504,23/24,Hamstring injury,2024-06-15,2024-08-11,58,8.0
622758,1145504,24/25,Hamstring injury,2024-11-11,2024-12-18,38,6.0
622758,1145504,24/25,Hamstring injury,2025-02-20,2025-05-12,82,17.0
622758,1145504,25/26,Muscle injury,2025-09-12,2025-10-19,38,7.0
622758,1145504,25/26,Hamstring injury,2025-12-11,2026-01-18,39,5.0
622758,1145504,25/26,Dead leg,2026-01-25,2026-02-11,18,4.0
622758,1145504,25/26,Hamstring injury,2026-02-26,2026-04-01,35,7.0
622758,1145504,25/26,Hamstring injury,2026-04-08,2026-05-31,54,11.0
622758,1145504,26/27,Hamstring injury,2026-08-09,2026-08-10,2,
626464,1086375,24/25,Back injury,2024-08-28,2025-03-19,204,32.0
626464,1086375,24/25,Fitness,2025-03-19,2025-04-09,22,2.0
626464,1086375,25/26,Hamstring injury,2025-07-28,2025-10-06,71,9.0
628204,1141628,23/24,Tendon rupture,2024-01-16,2024-05-12,118,21.0
631786,1069512,23/24,Ankle injury,2024-04-13,2024-08-17,127,9.0
631786,1069512,24/25,Fitness,2024-08-18,2024-08-25,8,1.0
631786,1069512,25/26,cold,2025-12-08,2025-12-14,7,2.0
631786,1069512,25/26,Knee problems,2026-05-20,2026-05-25,6,1.0
647681,1086619,24/25,Outer ligament problems,2025-05-18,2025-06-30,44,1.0
647681,1086619,25/26,Cruciate ligament tear,2025-09-24,2026-10-31,403,53.0
647850,1060087,23/24,unknown injury,2023-07-03,2023-07-23,21,
647850,1060087,24/25,Rest,2024-11-12,2024-11-20,9,1.0
647850,1060087,24/25,Rest,2025-02-25,2025-02-27,3,1.0
647850,1060087,24/25,Muscle injury,2025-03-08,2025-03-26,19,4.0
647850,1060087,24/25,Muscle injury,2025-04-03,2025-05-18,46,6.0
647850,1060087,25/26,Muscle injury,2026-01-06,2026-01-08,3,1.0
649208,1245948,25/26,Ill,2025-10-27,2025-11-02,7,1.0
649208,1245948,25/26,Muscle injury,2025-12-05,2025-12-15,11,3.0
649208,1245948,25/26,minor knock,2026-02-08,2026-02-12,5,1.0
649208,1245948,25/26,minor knock,2026-03-05,2026-03-09,5,1.0
660392,1124005,26/27,Knee injury,2026-08-08,2027-06-30,327,6.0
687076,1328146,24/25,Knock,2024-12-09,2024-12-22,14,3.0
699989,1322090,25/26,Ankle injury,2025-12-15,2026-04-30,137,19.0
